CREATE DATABASE IF NOT EXISTS ecommerce;
USE ecommerce;

CREATE TABLE IF NOT EXISTS Alamat (
    id_alamat INT PRIMARY KEY,
    provinsi VARCHAR(255),
    kota VARCHAR(255),
    jalan VARCHAR(255)
);

CREATE TABLE IF NOT EXISTS Pengguna (
    id_pengguna INT PRIMARY KEY,
    email VARCHAR(255) UNIQUE,
    password VARCHAR(255),
    nama_lengkap VARCHAR(255),
    tgl_lahir DATE,
    no_telp VARCHAR(20),
    foto_profil VARCHAR(255),
    is_penjual BOOLEAN
);

CREATE TABLE IF NOT EXISTS Penjual (
    id_penjual INT PRIMARY KEY,
    id_pengguna INT,
    ktp VARCHAR(255),
    foto_diri VARCHAR(255),
    is_verified BOOLEAN,
    FOREIGN KEY (id_pengguna) REFERENCES Pengguna(id_pengguna)
);

CREATE TABLE IF NOT EXISTS Pembeli (
    id_pembeli INT PRIMARY KEY,
    id_pengguna INT,
    FOREIGN KEY (id_pengguna) REFERENCES Pengguna(id_pengguna)
);

CREATE TABLE IF NOT EXISTS AlamatPembeli (
    id_alamat_pembeli INT PRIMARY KEY, -- New surrogate PK
    id_pembeli INT,
    id_alamat INT,
    FOREIGN KEY (id_pembeli) REFERENCES Pembeli(id_pembeli),
    FOREIGN KEY (id_alamat) REFERENCES Alamat(id_alamat)
);

CREATE TABLE IF NOT EXISTS AlamatDefault (
    id_alamat_pembeli INT NOT NULL,
    is_default BOOLEAN DEFAULT TRUE,
    FOREIGN KEY (id_alamat_pembeli) REFERENCES AlamatPembeli(id_alamat_pembeli)
);

CREATE TABLE IF NOT EXISTS Keranjang (
    id_keranjang INT PRIMARY KEY,
    id_pembeli INT,
    FOREIGN KEY (id_pembeli) REFERENCES Pembeli(id_pembeli)
);

CREATE TABLE IF NOT EXISTS Produk (
    id_produk INT PRIMARY KEY,
    id_penjual INT,
    nama VARCHAR(255),
    deskripsi TEXT,
    FOREIGN KEY (id_penjual) REFERENCES Penjual(id_penjual)
);

CREATE TABLE IF NOT EXISTS VarianProduk (
    sku VARCHAR(50) PRIMARY KEY,
    id_produk INT, -- Added FK to Produk
    harga DECIMAL(10, 2),
    stok INT,
    FOREIGN KEY (id_produk) REFERENCES Produk(id_produk)
);

CREATE TABLE IF NOT EXISTS AtributVarian (
    atribut_varian VARCHAR(50) PRIMARY KEY,
    nama VARCHAR(100)
);

CREATE TABLE IF NOT EXISTS ProdukVarianAtribut (
    id_produk INT,
    atribut_varian VARCHAR(50),
    sku VARCHAR(50),
    nilai VARCHAR(100),
    PRIMARY KEY (id_produk, atribut_varian, sku),
    FOREIGN KEY (id_produk) REFERENCES Produk(id_produk),
    FOREIGN KEY (atribut_varian) REFERENCES AtributVarian(atribut_varian),
    FOREIGN KEY (sku) REFERENCES VarianProduk(sku)
);

CREATE TABLE IF NOT EXISTS Gambar (
    id_gambar INT PRIMARY KEY,
    gambar VARCHAR(255)
);

CREATE TABLE IF NOT EXISTS GambarProduk (
    id_produk INT,
    id_gambar INT,
    PRIMARY KEY (id_produk, id_gambar),
    FOREIGN KEY (id_produk) REFERENCES Produk(id_produk),
    FOREIGN KEY (id_gambar) REFERENCES Gambar(id_gambar)
);

CREATE TABLE IF NOT EXISTS Tag (
    id_tag INT PRIMARY KEY,
    nama VARCHAR(50)
);

CREATE TABLE IF NOT EXISTS TagProduk (
    id_produk INT,
    id_tag INT,
    PRIMARY KEY (id_produk, id_tag),
    FOREIGN KEY (id_produk) REFERENCES Produk(id_produk),
    FOREIGN KEY (id_tag) REFERENCES Tag(id_tag)
);

CREATE TABLE IF NOT EXISTS BarangKeranjang (
    id_keranjang INT,
    sku VARCHAR(50),
    kuantitas INT,
    PRIMARY KEY (id_keranjang, sku),
    FOREIGN KEY (id_keranjang) REFERENCES Keranjang(id_keranjang),
    FOREIGN KEY (sku) REFERENCES VarianProduk(sku)
);

CREATE TABLE IF NOT EXISTS Pesanan (
    id_pesanan INT PRIMARY KEY,
    id_pembeli INT,
    id_alamat_pembeli INT, -- Added FK to AlamatPembeli
    metode_pembayaran VARCHAR(50),
    metode_pengiriman VARCHAR(50),
    catatan TEXT,
    status_pesanan VARCHAR(50),
    waktu_pemesanan TIMESTAMP,
    FOREIGN KEY (id_pembeli) REFERENCES Pembeli(id_pembeli),
    FOREIGN KEY (id_alamat_pembeli) REFERENCES AlamatPembeli(id_alamat_pembeli)
);

CREATE TABLE IF NOT EXISTS BarangPesanan (
    id_pesanan INT,
    sku VARCHAR(50),
    kuantitas INT,
    PRIMARY KEY (id_pesanan, sku),
    FOREIGN KEY (id_pesanan) REFERENCES Pesanan(id_pesanan),
    FOREIGN KEY (sku) REFERENCES VarianProduk(sku)
);

CREATE TABLE IF NOT EXISTS Wishlist (
    id_pembeli INT,
    id_produk INT,
    PRIMARY KEY (id_pembeli, id_produk),
    FOREIGN KEY (id_pembeli) REFERENCES Pembeli(id_pembeli),
    FOREIGN KEY (id_produk) REFERENCES Produk(id_produk)
);

CREATE TABLE IF NOT EXISTS Ulasan (
    id_produk INT,
    id_pembeli INT,
    komentar TEXT,
    penilaian INT,
    PRIMARY KEY (id_produk, id_pembeli),
    FOREIGN KEY (id_produk) REFERENCES Produk(id_produk),
    FOREIGN KEY (id_pembeli) REFERENCES Pembeli(id_pembeli)
);

CREATE TABLE IF NOT EXISTS Teman (
    id_diikuti INT,
    id_mengikuti INT,
    PRIMARY KEY (id_diikuti, id_mengikuti),
    FOREIGN KEY (id_diikuti) REFERENCES Pengguna(id_pengguna),
    FOREIGN KEY (id_mengikuti) REFERENCES Pengguna(id_pengguna)
);

-- SEEDER DATA

-- Alamat
INSERT IGNORE INTO Alamat (id_alamat, provinsi, kota, jalan) VALUES (1, 'Kalimantan Timur', 'Tidore Kepulauan', 'Gang Sentot Alibasa No. 3');
INSERT IGNORE INTO Alamat (id_alamat, provinsi, kota, jalan) VALUES (2, 'Nusa Tenggara Timur', 'Tanjungpinang', 'Gg. Monginsidi No. 818');
INSERT IGNORE INTO Alamat (id_alamat, provinsi, kota, jalan) VALUES (3, 'Sulawesi Selatan', 'Pariaman', 'Gang Sentot Alibasa No. 192');
INSERT IGNORE INTO Alamat (id_alamat, provinsi, kota, jalan) VALUES (4, 'Jawa Tengah', 'Singkawang', 'Gang Laswi No. 35');
INSERT IGNORE INTO Alamat (id_alamat, provinsi, kota, jalan) VALUES (5, 'DI Yogyakarta', 'Kota Administrasi Jakarta Timur', 'Gg. Dipenogoro No. 5');
INSERT IGNORE INTO Alamat (id_alamat, provinsi, kota, jalan) VALUES (6, 'DI Yogyakarta', 'Mataram', 'Jalan M.H Thamrin No. 1');
INSERT IGNORE INTO Alamat (id_alamat, provinsi, kota, jalan) VALUES (7, 'Sulawesi Utara', 'Medan', 'Gang Ir. H. Djuanda No. 818');
INSERT IGNORE INTO Alamat (id_alamat, provinsi, kota, jalan) VALUES (8, 'Sulawesi Barat', 'Lubuklinggau', 'Gg. Wonoayu No. 44');
INSERT IGNORE INTO Alamat (id_alamat, provinsi, kota, jalan) VALUES (9, 'Bali', 'Probolinggo', 'Gang Kebonjati No. 8');
INSERT IGNORE INTO Alamat (id_alamat, provinsi, kota, jalan) VALUES (10, 'Aceh', 'Padang', 'Jl. K.H. Wahid Hasyim No. 82');
INSERT IGNORE INTO Alamat (id_alamat, provinsi, kota, jalan) VALUES (11, 'Kalimantan Timur', 'Pariaman', 'Jalan Ir. H. Djuanda No. 99');
INSERT IGNORE INTO Alamat (id_alamat, provinsi, kota, jalan) VALUES (12, 'Sumatera Utara', 'Cimahi', 'Jalan Kiaracondong No. 06');
INSERT IGNORE INTO Alamat (id_alamat, provinsi, kota, jalan) VALUES (13, 'DI Yogyakarta', 'Pariaman', 'Jalan Ir. H. Djuanda No. 02');
INSERT IGNORE INTO Alamat (id_alamat, provinsi, kota, jalan) VALUES (14, 'Kalimantan Barat', 'Pagaralam', 'Jl. HOS. Cokroaminoto No. 85');
INSERT IGNORE INTO Alamat (id_alamat, provinsi, kota, jalan) VALUES (15, 'Kalimantan Barat', 'Jambi', 'Jalan Gardujati No. 87');
INSERT IGNORE INTO Alamat (id_alamat, provinsi, kota, jalan) VALUES (16, 'Jawa Barat', 'Sabang', 'Jl. Merdeka No. 7');
INSERT IGNORE INTO Alamat (id_alamat, provinsi, kota, jalan) VALUES (17, 'Kalimantan Timur', 'Magelang', 'Gang Rajawali Timur No. 033');
INSERT IGNORE INTO Alamat (id_alamat, provinsi, kota, jalan) VALUES (18, 'Sulawesi Barat', 'Ternate', 'Gg. Wonoayu No. 9');
INSERT IGNORE INTO Alamat (id_alamat, provinsi, kota, jalan) VALUES (19, 'Sulawesi Tenggara', 'Sibolga', 'Gg. Gardujati No. 7');
INSERT IGNORE INTO Alamat (id_alamat, provinsi, kota, jalan) VALUES (20, 'Sulawesi Tengah', 'Magelang', 'Gang W.R. Supratman No. 8');
INSERT IGNORE INTO Alamat (id_alamat, provinsi, kota, jalan) VALUES (21, 'Kalimantan Selatan', 'Lhokseumawe', 'Jl. Kiaracondong No. 003');
INSERT IGNORE INTO Alamat (id_alamat, provinsi, kota, jalan) VALUES (22, 'Kalimantan Selatan', 'Padang Sidempuan', 'Jl. Raya Setiabudhi No. 103');
INSERT IGNORE INTO Alamat (id_alamat, provinsi, kota, jalan) VALUES (23, 'Sumatera Utara', 'Sawahlunto', 'Jalan Dr. Djunjunan No. 19');
INSERT IGNORE INTO Alamat (id_alamat, provinsi, kota, jalan) VALUES (24, 'Kalimantan Timur', 'Kota Administrasi Jakarta Selatan', 'Jalan Pacuan Kuda No. 9');
INSERT IGNORE INTO Alamat (id_alamat, provinsi, kota, jalan) VALUES (25, 'Gorontalo', 'Singkawang', 'Gg. Jend. A. Yani No. 920');
INSERT IGNORE INTO Alamat (id_alamat, provinsi, kota, jalan) VALUES (26, 'Sulawesi Tengah', 'Parepare', 'Jalan Sadang Serang No. 86');
INSERT IGNORE INTO Alamat (id_alamat, provinsi, kota, jalan) VALUES (27, 'Jambi', 'Meulaboh', 'Gang Moch. Ramdan No. 601');
INSERT IGNORE INTO Alamat (id_alamat, provinsi, kota, jalan) VALUES (28, 'Jawa Timur', 'Cimahi', 'Jl. Pasteur No. 7');
INSERT IGNORE INTO Alamat (id_alamat, provinsi, kota, jalan) VALUES (29, 'Sulawesi Selatan', 'Kota Administrasi Jakarta Utara', 'Jl. Merdeka No. 90');
INSERT IGNORE INTO Alamat (id_alamat, provinsi, kota, jalan) VALUES (30, 'Aceh', 'Bandar Lampung', 'Jalan PHH. Mustofa No. 1');
INSERT IGNORE INTO Alamat (id_alamat, provinsi, kota, jalan) VALUES (31, 'Lampung', 'Kupang', 'Jl. Merdeka No. 0');
INSERT IGNORE INTO Alamat (id_alamat, provinsi, kota, jalan) VALUES (32, 'Sulawesi Selatan', 'Makassar', 'Gang Gedebage Selatan No. 461');
INSERT IGNORE INTO Alamat (id_alamat, provinsi, kota, jalan) VALUES (33, 'Sulawesi Tengah', 'Surabaya', 'Jl. BKR No. 07');
INSERT IGNORE INTO Alamat (id_alamat, provinsi, kota, jalan) VALUES (34, 'DKI Jakarta', 'Cirebon', 'Gang Cihampelas No. 4');
INSERT IGNORE INTO Alamat (id_alamat, provinsi, kota, jalan) VALUES (35, 'Sulawesi Tengah', 'Pematangsiantar', 'Gg. Rajawali Timur No. 131');
INSERT IGNORE INTO Alamat (id_alamat, provinsi, kota, jalan) VALUES (36, 'Kalimantan Selatan', 'Sorong', 'Jalan Peta No. 971');
INSERT IGNORE INTO Alamat (id_alamat, provinsi, kota, jalan) VALUES (37, 'DKI Jakarta', 'Cimahi', 'Gg. Asia Afrika No. 65');
INSERT IGNORE INTO Alamat (id_alamat, provinsi, kota, jalan) VALUES (38, 'Jawa Timur', 'Cimahi', 'Gang Abdul Muis No. 29');
INSERT IGNORE INTO Alamat (id_alamat, provinsi, kota, jalan) VALUES (39, 'Banten', 'Lhokseumawe', 'Jalan Ronggowarsito No. 46');
INSERT IGNORE INTO Alamat (id_alamat, provinsi, kota, jalan) VALUES (40, 'Jambi', 'Mataram', 'Gg. Sukajadi No. 725');
INSERT IGNORE INTO Alamat (id_alamat, provinsi, kota, jalan) VALUES (41, 'Kalimantan Selatan', 'Tarakan', 'Gang Wonoayu No. 309');
INSERT IGNORE INTO Alamat (id_alamat, provinsi, kota, jalan) VALUES (42, 'Kepulauan Bangka Belitung', 'Surakarta', 'Jl. Gardujati No. 6');
INSERT IGNORE INTO Alamat (id_alamat, provinsi, kota, jalan) VALUES (43, 'Kalimantan Tengah', 'Batu', 'Gg. Jayawijaya No. 9');
INSERT IGNORE INTO Alamat (id_alamat, provinsi, kota, jalan) VALUES (44, 'Sumatera Selatan', 'Sawahlunto', 'Gang R.E Martadinata No. 9');
INSERT IGNORE INTO Alamat (id_alamat, provinsi, kota, jalan) VALUES (45, 'Jambi', 'Dumai', 'Jalan Medokan Ayu No. 16');
INSERT IGNORE INTO Alamat (id_alamat, provinsi, kota, jalan) VALUES (46, 'Kalimantan Utara', 'Magelang', 'Jalan Kendalsari No. 133');
INSERT IGNORE INTO Alamat (id_alamat, provinsi, kota, jalan) VALUES (47, 'Papua', 'Bengkulu', 'Jl. Joyoboyo No. 85');
INSERT IGNORE INTO Alamat (id_alamat, provinsi, kota, jalan) VALUES (48, 'Kalimantan Utara', 'Surabaya', 'Jalan Medokan Ayu No. 54');
INSERT IGNORE INTO Alamat (id_alamat, provinsi, kota, jalan) VALUES (49, 'Sumatera Utara', 'Payakumbuh', 'Jalan Ciwastra No. 67');
INSERT IGNORE INTO Alamat (id_alamat, provinsi, kota, jalan) VALUES (50, 'Kalimantan Timur', 'Tomohon', 'Jl. Yos Sudarso No. 735');
INSERT IGNORE INTO Alamat (id_alamat, provinsi, kota, jalan) VALUES (51, 'Banten', 'Kota Administrasi Jakarta Utara', 'Gang Medokan Ayu No. 68');
INSERT IGNORE INTO Alamat (id_alamat, provinsi, kota, jalan) VALUES (52, 'Kalimantan Barat', 'Kupang', 'Gg. Merdeka No. 97');
INSERT IGNORE INTO Alamat (id_alamat, provinsi, kota, jalan) VALUES (53, 'Kalimantan Utara', 'Jambi', 'Gg. Lembong No. 3');
INSERT IGNORE INTO Alamat (id_alamat, provinsi, kota, jalan) VALUES (54, 'DKI Jakarta', 'Batam', 'Gg. Rajiman No. 713');
INSERT IGNORE INTO Alamat (id_alamat, provinsi, kota, jalan) VALUES (55, 'Sumatera Selatan', 'Bontang', 'Jalan Tebet Barat Dalam No. 977');
INSERT IGNORE INTO Alamat (id_alamat, provinsi, kota, jalan) VALUES (56, 'Jawa Timur', 'Palu', 'Gg. Gegerkalong Hilir No. 8');
INSERT IGNORE INTO Alamat (id_alamat, provinsi, kota, jalan) VALUES (57, 'Sulawesi Barat', 'Ambon', 'Gang Ahmad Yani No. 9');
INSERT IGNORE INTO Alamat (id_alamat, provinsi, kota, jalan) VALUES (58, 'DI Yogyakarta', 'Sabang', 'Gang Veteran No. 390');
INSERT IGNORE INTO Alamat (id_alamat, provinsi, kota, jalan) VALUES (59, 'Kalimantan Timur', 'Kota Administrasi Jakarta Selatan', 'Gg. Gedebage Selatan No. 7');
INSERT IGNORE INTO Alamat (id_alamat, provinsi, kota, jalan) VALUES (60, 'Sulawesi Tengah', 'Mataram', 'Gang Kapten Muslihat No. 882');
INSERT IGNORE INTO Alamat (id_alamat, provinsi, kota, jalan) VALUES (61, 'Maluku', 'Manado', 'Jalan Rungkut Industri No. 0');
INSERT IGNORE INTO Alamat (id_alamat, provinsi, kota, jalan) VALUES (62, 'Sulawesi Tenggara', 'Kediri', 'Gg. Suniaraja No. 221');
INSERT IGNORE INTO Alamat (id_alamat, provinsi, kota, jalan) VALUES (63, 'Papua Barat', 'Semarang', 'Gg. Ronggowarsito No. 5');
INSERT IGNORE INTO Alamat (id_alamat, provinsi, kota, jalan) VALUES (64, 'Papua', 'Mojokerto', 'Jl. Ciwastra No. 2');
INSERT IGNORE INTO Alamat (id_alamat, provinsi, kota, jalan) VALUES (65, 'Bali', 'Bandung', 'Gg. Dipatiukur No. 373');
INSERT IGNORE INTO Alamat (id_alamat, provinsi, kota, jalan) VALUES (66, 'Jawa Tengah', 'Solok', 'Gang Joyoboyo No. 278');
INSERT IGNORE INTO Alamat (id_alamat, provinsi, kota, jalan) VALUES (67, 'Kalimantan Utara', 'Padang', 'Gang Setiabudhi No. 52');
INSERT IGNORE INTO Alamat (id_alamat, provinsi, kota, jalan) VALUES (68, 'Sulawesi Selatan', 'Langsa', 'Jalan Pacuan Kuda No. 8');
INSERT IGNORE INTO Alamat (id_alamat, provinsi, kota, jalan) VALUES (69, 'Maluku', 'Tomohon', 'Gang Waringin No. 3');
INSERT IGNORE INTO Alamat (id_alamat, provinsi, kota, jalan) VALUES (70, 'Sumatera Selatan', 'Banjar', 'Gg. Sukajadi No. 729');
INSERT IGNORE INTO Alamat (id_alamat, provinsi, kota, jalan) VALUES (71, 'Nusa Tenggara Timur', 'Sibolga', 'Jl. Kebonjati No. 968');
INSERT IGNORE INTO Alamat (id_alamat, provinsi, kota, jalan) VALUES (72, 'Sumatera Utara', 'Bengkulu', 'Jalan Ciwastra No. 5');
INSERT IGNORE INTO Alamat (id_alamat, provinsi, kota, jalan) VALUES (73, 'Lampung', 'Mojokerto', 'Gang R.E Martadinata No. 9');
INSERT IGNORE INTO Alamat (id_alamat, provinsi, kota, jalan) VALUES (74, 'Aceh', 'Mataram', 'Jl. Kiaracondong No. 56');
INSERT IGNORE INTO Alamat (id_alamat, provinsi, kota, jalan) VALUES (75, 'Banten', 'Kota Administrasi Jakarta Timur', 'Gang Cempaka No. 253');
INSERT IGNORE INTO Alamat (id_alamat, provinsi, kota, jalan) VALUES (76, 'Riau', 'Palu', 'Jl. Sentot Alibasa No. 79');
INSERT IGNORE INTO Alamat (id_alamat, provinsi, kota, jalan) VALUES (77, 'DKI Jakarta', 'Meulaboh', 'Jalan Abdul Muis No. 7');
INSERT IGNORE INTO Alamat (id_alamat, provinsi, kota, jalan) VALUES (78, 'Lampung', 'Sungai Penuh', 'Gang Lembong No. 21');
INSERT IGNORE INTO Alamat (id_alamat, provinsi, kota, jalan) VALUES (79, 'Banten', 'Ambon', 'Gang M.H Thamrin No. 1');
INSERT IGNORE INTO Alamat (id_alamat, provinsi, kota, jalan) VALUES (80, 'Lampung', 'Tarakan', 'Jalan Soekarno Hatta No. 703');
INSERT IGNORE INTO Alamat (id_alamat, provinsi, kota, jalan) VALUES (81, 'Banten', 'Mojokerto', 'Gg. KH Amin Jasuta No. 42');
INSERT IGNORE INTO Alamat (id_alamat, provinsi, kota, jalan) VALUES (82, 'Jawa Tengah', 'Lhokseumawe', 'Jalan Ahmad Dahlan No. 11');
INSERT IGNORE INTO Alamat (id_alamat, provinsi, kota, jalan) VALUES (83, 'Papua Barat', 'Kota Administrasi Jakarta Pusat', 'Jalan Pelajar Pejuang No. 17');
INSERT IGNORE INTO Alamat (id_alamat, provinsi, kota, jalan) VALUES (84, 'Maluku Utara', 'Tebingtinggi', 'Jl. Gegerkalong Hilir No. 933');
INSERT IGNORE INTO Alamat (id_alamat, provinsi, kota, jalan) VALUES (85, 'Aceh', 'Pontianak', 'Gg. H.J Maemunah No. 560');
INSERT IGNORE INTO Alamat (id_alamat, provinsi, kota, jalan) VALUES (86, 'Lampung', 'Kota Administrasi Jakarta Selatan', 'Jl. Cikutra Timur No. 447');
INSERT IGNORE INTO Alamat (id_alamat, provinsi, kota, jalan) VALUES (87, 'Jambi', 'Lhokseumawe', 'Jl. Jakarta No. 98');
INSERT IGNORE INTO Alamat (id_alamat, provinsi, kota, jalan) VALUES (88, 'DKI Jakarta', 'Makassar', 'Gg. Kendalsari No. 1');
INSERT IGNORE INTO Alamat (id_alamat, provinsi, kota, jalan) VALUES (89, 'Kalimantan Selatan', 'Kota Administrasi Jakarta Selatan', 'Jl. Pasir Koja No. 444');
INSERT IGNORE INTO Alamat (id_alamat, provinsi, kota, jalan) VALUES (90, 'Sumatera Selatan', 'Sorong', 'Gg. Waringin No. 936');
INSERT IGNORE INTO Alamat (id_alamat, provinsi, kota, jalan) VALUES (91, 'Sulawesi Tengah', 'Sungai Penuh', 'Gang Jakarta No. 65');
INSERT IGNORE INTO Alamat (id_alamat, provinsi, kota, jalan) VALUES (92, 'Sulawesi Utara', 'Kota Administrasi Jakarta Barat', 'Jl. Lembong No. 12');
INSERT IGNORE INTO Alamat (id_alamat, provinsi, kota, jalan) VALUES (93, 'Sulawesi Tenggara', 'Parepare', 'Jl. Suniaraja No. 65');
INSERT IGNORE INTO Alamat (id_alamat, provinsi, kota, jalan) VALUES (94, 'Maluku', 'Surakarta', 'Gg. Cikutra Barat No. 8');
INSERT IGNORE INTO Alamat (id_alamat, provinsi, kota, jalan) VALUES (95, 'Maluku', 'Kota Administrasi Jakarta Utara', 'Gg. Asia Afrika No. 13');
INSERT IGNORE INTO Alamat (id_alamat, provinsi, kota, jalan) VALUES (96, 'Maluku', 'Bukittinggi', 'Jalan K.H. Wahid Hasyim No. 23');
INSERT IGNORE INTO Alamat (id_alamat, provinsi, kota, jalan) VALUES (97, 'Maluku', 'Banjarmasin', 'Gg. Ronggowarsito No. 35');
INSERT IGNORE INTO Alamat (id_alamat, provinsi, kota, jalan) VALUES (98, 'Aceh', 'Madiun', 'Jl. Gegerkalong Hilir No. 1');
INSERT IGNORE INTO Alamat (id_alamat, provinsi, kota, jalan) VALUES (99, 'Jawa Timur', 'Magelang', 'Jl. Raya Ujungberung No. 62');
INSERT IGNORE INTO Alamat (id_alamat, provinsi, kota, jalan) VALUES (100, 'Nusa Tenggara Timur', 'Lhokseumawe', 'Gg. Jend. A. Yani No. 2');

-- Pengguna
INSERT IGNORE INTO Pengguna (id_pengguna, email, password, nama_lengkap, tgl_lahir, no_telp, foto_profil, is_penjual) VALUES (1, 'kwaluyo@example.net', '%*%^L!iE*0Fv', 'Tantri Lailasari', '1989-09-10', '+62-0769-566-4598', 'profil/user1.jpg', TRUE);
INSERT IGNORE INTO Pengguna (id_pengguna, email, password, nama_lengkap, tgl_lahir, no_telp, foto_profil, is_penjual) VALUES (2, 'omar77@example.net', 'q$QYTVR*gj(8', 'drg. Kairav Nainggolan, S.Pt', '1995-10-15', '+62 (271) 089-8900', 'profil/user2.jpg', TRUE);
INSERT IGNORE INTO Pengguna (id_pengguna, email, password, nama_lengkap, tgl_lahir, no_telp, foto_profil, is_penjual) VALUES (3, 'kmandala@example.org', '%Fb7NM*hZanE', 'KH. Rosman Nababan, M.TI.', '1986-06-13', '+62 (062) 744-2743', 'profil/user3.jpg', TRUE);
INSERT IGNORE INTO Pengguna (id_pengguna, email, password, nama_lengkap, tgl_lahir, no_telp, foto_profil, is_penjual) VALUES (4, 'pranowocakrawangsa@example.com', 'lA5TI@wLF#&R', 'Dariati Puspita', '1976-07-28', '+62-029-184-3646', 'profil/user4.jpg', TRUE);
INSERT IGNORE INTO Pengguna (id_pengguna, email, password, nama_lengkap, tgl_lahir, no_telp, foto_profil, is_penjual) VALUES (5, 'prabowokalim@example.net', '*f!pZh&sMB6$', 'Salsabila Mahendra, S.E.', '2002-06-23', '+62 (32) 752-8788', 'profil/user5.jpg', TRUE);
INSERT IGNORE INTO Pengguna (id_pengguna, email, password, nama_lengkap, tgl_lahir, no_telp, foto_profil, is_penjual) VALUES (6, 'puspitakarsa@example.net', '6!9K!bf4%xIZ', 'Samiah Marbun, M.Ak', '1996-12-16', '+62 (092) 559-2981', 'profil/user6.jpg', TRUE);
INSERT IGNORE INTO Pengguna (id_pengguna, email, password, nama_lengkap, tgl_lahir, no_telp, foto_profil, is_penjual) VALUES (7, 'ade46@example.net', 'iq$0yyKxgyIj', 'Nasab Waskita', '1979-12-29', '+62-0690-877-1977', 'profil/user7.jpg', TRUE);
INSERT IGNORE INTO Pengguna (id_pengguna, email, password, nama_lengkap, tgl_lahir, no_telp, foto_profil, is_penjual) VALUES (8, 'psaptono@example.net', '$!yoU@Chi&v6', 'Clara Hutapea', '1975-07-16', '+62 (15) 785 4260', 'profil/user8.jpg', TRUE);
INSERT IGNORE INTO Pengguna (id_pengguna, email, password, nama_lengkap, tgl_lahir, no_telp, foto_profil, is_penjual) VALUES (9, 'karma55@example.org', '1(F8@9hu#J3J', 'R. Mumpuni Megantara, S.I.Kom', '1986-11-24', '+62-019-013-6564', 'profil/user9.jpg', TRUE);
INSERT IGNORE INTO Pengguna (id_pengguna, email, password, nama_lengkap, tgl_lahir, no_telp, foto_profil, is_penjual) VALUES (10, 'titi71@example.net', 'pq%EMdoe%K7%', 'Amalia Nuraini, S.Gz', '1976-08-02', '(0455) 097 1971', 'profil/user10.jpg', TRUE);
INSERT IGNORE INTO Pengguna (id_pengguna, email, password, nama_lengkap, tgl_lahir, no_telp, foto_profil, is_penjual) VALUES (11, 'warsitapratama@example.com', ')3DR6q9dDh%O', 'Tugiman Hutasoit', '1990-03-13', '+62 (21) 203 8489', 'profil/user11.jpg', TRUE);
INSERT IGNORE INTO Pengguna (id_pengguna, email, password, nama_lengkap, tgl_lahir, no_telp, foto_profil, is_penjual) VALUES (12, 'bagus10@example.com', '$7ZrKDu#!t@0', 'drg. Suci Gunawan', '1992-11-10', '+62-549-518-0716', 'profil/user12.jpg', TRUE);
INSERT IGNORE INTO Pengguna (id_pengguna, email, password, nama_lengkap, tgl_lahir, no_telp, foto_profil, is_penjual) VALUES (13, 'puspasaricahyadi@example.com', '!CK^mUhsa^3(', 'Elma Safitri, M.Farm', '1972-09-04', '+62-061-943-2700', 'profil/user13.jpg', TRUE);
INSERT IGNORE INTO Pengguna (id_pengguna, email, password, nama_lengkap, tgl_lahir, no_telp, foto_profil, is_penjual) VALUES (14, 'umaya28@example.com', 'dfR)rBefu*4V', 'Hartana Siregar', '1992-03-08', '+62 (060) 159-7980', 'profil/user14.jpg', TRUE);
INSERT IGNORE INTO Pengguna (id_pengguna, email, password, nama_lengkap, tgl_lahir, no_telp, foto_profil, is_penjual) VALUES (15, 'saadatsimbolon@example.org', ')90y5nhitP84', 'Nabila Zulaika', '1990-05-21', '+62-048-635-2772', 'profil/user15.jpg', TRUE);
INSERT IGNORE INTO Pengguna (id_pengguna, email, password, nama_lengkap, tgl_lahir, no_telp, foto_profil, is_penjual) VALUES (16, 'darmajirajasa@example.org', 'pQ)pMKykbJ94', 'Fitriani Safitri', '1994-05-20', '+62 (532) 285 6539', 'profil/user16.jpg', TRUE);
INSERT IGNORE INTO Pengguna (id_pengguna, email, password, nama_lengkap, tgl_lahir, no_telp, foto_profil, is_penjual) VALUES (17, 'opanwidodo@example.com', 'oaA1UwRd#X)%', 'KH. Eman Aryani, M.M.', '2000-08-26', '(0575) 659-2625', 'profil/user17.jpg', TRUE);
INSERT IGNORE INTO Pengguna (id_pengguna, email, password, nama_lengkap, tgl_lahir, no_telp, foto_profil, is_penjual) VALUES (18, 'talia52@example.net', '#t(VEmPb1*6!', 'Siska Lailasari', '1985-06-10', '+62 (72) 680-7555', 'profil/user18.jpg', TRUE);
INSERT IGNORE INTO Pengguna (id_pengguna, email, password, nama_lengkap, tgl_lahir, no_telp, foto_profil, is_penjual) VALUES (19, 'kartasuryono@example.org', '*3C5hEiE$9ID', 'Salimah Jailani, M.Farm', '1996-05-31', '+62-141-942-2980', 'profil/user19.jpg', TRUE);
INSERT IGNORE INTO Pengguna (id_pengguna, email, password, nama_lengkap, tgl_lahir, no_telp, foto_profil, is_penjual) VALUES (20, 'harimurti64@example.net', '&b8Vzrpvs2vr', 'Hamima Saputra', '1965-06-12', '(070) 379-4689', 'profil/user20.jpg', TRUE);
INSERT IGNORE INTO Pengguna (id_pengguna, email, password, nama_lengkap, tgl_lahir, no_telp, foto_profil, is_penjual) VALUES (21, 'yolandabalijan@example.org', '_Wh(DgkZ5NHL', 'Nabila Lailasari', '1990-02-11', '(015) 955 1426', 'profil/user21.jpg', TRUE);
INSERT IGNORE INTO Pengguna (id_pengguna, email, password, nama_lengkap, tgl_lahir, no_telp, foto_profil, is_penjual) VALUES (22, 'jaiman64@example.net', '0At0EMLvd)qA', 'Tantri Ramadan', '1998-06-16', '(0384) 561 1107', 'profil/user22.jpg', TRUE);
INSERT IGNORE INTO Pengguna (id_pengguna, email, password, nama_lengkap, tgl_lahir, no_telp, foto_profil, is_penjual) VALUES (23, 'irfan91@example.net', 'o9A1jdH+*bj)', 'R.A. Wani Maulana, S.Ked', '2000-06-09', '+62 (65) 066-2863', 'profil/user23.jpg', TRUE);
INSERT IGNORE INTO Pengguna (id_pengguna, email, password, nama_lengkap, tgl_lahir, no_telp, foto_profil, is_penjual) VALUES (24, 'jefrizulkarnain@example.org', 'Uc8ZS$8a*&TO', 'Tgk. Rafi Andriani, S.T.', '1987-07-24', '+62 (0723) 996 9685', 'profil/user24.jpg', TRUE);
INSERT IGNORE INTO Pengguna (id_pengguna, email, password, nama_lengkap, tgl_lahir, no_telp, foto_profil, is_penjual) VALUES (25, 'rahmi05@example.com', '2PeFE+Sp&4Xb', 'Sadina Puspasari', '1983-04-11', '+62 (320) 099 0180', 'profil/user25.jpg', TRUE);
INSERT IGNORE INTO Pengguna (id_pengguna, email, password, nama_lengkap, tgl_lahir, no_telp, foto_profil, is_penjual) VALUES (26, 'himawanhassanah@example.org', '#h4BN2sC247J', 'Warta Narpati', '1983-08-13', '+62-0466-012-6583', 'profil/user26.jpg', TRUE);
INSERT IGNORE INTO Pengguna (id_pengguna, email, password, nama_lengkap, tgl_lahir, no_telp, foto_profil, is_penjual) VALUES (27, 'cinta12@example.net', 'nEJo1oop(4Np', 'Karja Melani, S.Farm', '1967-03-13', '+62 (0839) 576 1871', 'profil/user27.jpg', TRUE);
INSERT IGNORE INTO Pengguna (id_pengguna, email, password, nama_lengkap, tgl_lahir, no_telp, foto_profil, is_penjual) VALUES (28, 'bagyasihombing@example.net', '$%FzxmxBF$21', 'Siska Palastri, M.Ak', '1992-04-27', '+62 (085) 467 3827', 'profil/user28.jpg', TRUE);
INSERT IGNORE INTO Pengguna (id_pengguna, email, password, nama_lengkap, tgl_lahir, no_telp, foto_profil, is_penjual) VALUES (29, 'artantotamba@example.org', 'F!TXGzy_+8h*', 'Ani Kuswoyo', '1975-05-19', '(0333) 640 5698', 'profil/user29.jpg', TRUE);
INSERT IGNORE INTO Pengguna (id_pengguna, email, password, nama_lengkap, tgl_lahir, no_telp, foto_profil, is_penjual) VALUES (30, 'adriansyaharta@example.org', 'FqqQR)vi(0#G', 'dr. Alika Pratama, S.Psi', '1989-01-23', '(0131) 596-1175', 'profil/user30.jpg', TRUE);
INSERT IGNORE INTO Pengguna (id_pengguna, email, password, nama_lengkap, tgl_lahir, no_telp, foto_profil, is_penjual) VALUES (31, 'tari41@example.org', '^zKU3kHaXA!y', 'dr. Yuliana Anggraini', '2005-05-20', '+62-091-882-5664', 'profil/user31.jpg', TRUE);
INSERT IGNORE INTO Pengguna (id_pengguna, email, password, nama_lengkap, tgl_lahir, no_telp, foto_profil, is_penjual) VALUES (32, 'noviardianto@example.com', '(9GgM@er@O36', 'Oni Andriani', '1980-10-13', '+62 (85) 616 3529', 'profil/user32.jpg', TRUE);
INSERT IGNORE INTO Pengguna (id_pengguna, email, password, nama_lengkap, tgl_lahir, no_telp, foto_profil, is_penjual) VALUES (33, 'emongkuswoyo@example.net', '1@37I_*yQO94', 'Dr. Ciaobella Natsir, S.Kom', '1998-06-20', '+62 (086) 718-0641', 'profil/user33.jpg', TRUE);
INSERT IGNORE INTO Pengguna (id_pengguna, email, password, nama_lengkap, tgl_lahir, no_telp, foto_profil, is_penjual) VALUES (34, 'bmustofa@example.org', '4&tIWHfv!zl0', 'Ir. Pangeran Situmorang, S.H.', '2005-01-28', '+62 (36) 778 3224', 'profil/user34.jpg', TRUE);
INSERT IGNORE INTO Pengguna (id_pengguna, email, password, nama_lengkap, tgl_lahir, no_telp, foto_profil, is_penjual) VALUES (35, 'butami@example.net', '$3VwbVUu6h*l', 'Kasiyah Permadi, S.T.', '1980-07-18', '+62-060-828-7275', 'profil/user35.jpg', TRUE);
INSERT IGNORE INTO Pengguna (id_pengguna, email, password, nama_lengkap, tgl_lahir, no_telp, foto_profil, is_penjual) VALUES (36, 'gangsarmahendra@example.org', '@X*QWxLbp4Id', 'Zulfa Yulianti', '1985-05-17', '+62-005-618-9882', 'profil/user36.jpg', TRUE);
INSERT IGNORE INTO Pengguna (id_pengguna, email, password, nama_lengkap, tgl_lahir, no_telp, foto_profil, is_penjual) VALUES (37, 'wulannugroho@example.net', 'H^v0Qc^nEsze', 'Dr. Heru Hassanah, M.Ak', '1998-01-03', '+62 (40) 156 7620', 'profil/user37.jpg', TRUE);
INSERT IGNORE INTO Pengguna (id_pengguna, email, password, nama_lengkap, tgl_lahir, no_telp, foto_profil, is_penjual) VALUES (38, 'qnajmudin@example.net', 'P!Y5v(Zxzq_m', 'Kenzie Pratama', '1976-06-04', '(014) 026 2962', 'profil/user38.jpg', TRUE);
INSERT IGNORE INTO Pengguna (id_pengguna, email, password, nama_lengkap, tgl_lahir, no_telp, foto_profil, is_penjual) VALUES (39, 'maimunah26@example.net', '2fJo7PLi#mMC', 'Heru Mansur', '1982-05-17', '+62 (040) 114 2313', 'profil/user39.jpg', TRUE);
INSERT IGNORE INTO Pengguna (id_pengguna, email, password, nama_lengkap, tgl_lahir, no_telp, foto_profil, is_penjual) VALUES (40, 'hariyahnalar@example.org', 'Z&YrPCftn25S', 'Ciaobella Dongoran', '1999-08-01', '+62-0931-318-3867', 'profil/user40.jpg', TRUE);
INSERT IGNORE INTO Pengguna (id_pengguna, email, password, nama_lengkap, tgl_lahir, no_telp, foto_profil, is_penjual) VALUES (41, 'hasna41@example.org', '*5x)EEog1U%p', 'Kemal Laksmiwati', '1981-04-03', '+62 (615) 727 9932', 'profil/user41.jpg', TRUE);
INSERT IGNORE INTO Pengguna (id_pengguna, email, password, nama_lengkap, tgl_lahir, no_telp, foto_profil, is_penjual) VALUES (42, 'victoria31@example.net', '+5G^Hxmv5^C%', 'Enteng Waskita', '1992-06-25', '+62 (55) 849 2246', 'profil/user42.jpg', TRUE);
INSERT IGNORE INTO Pengguna (id_pengguna, email, password, nama_lengkap, tgl_lahir, no_telp, foto_profil, is_penjual) VALUES (43, 'irwan28@example.com', '30ndeDDw(nIO', 'Enteng Susanti', '1991-06-02', '+62 (0547) 691 1755', 'profil/user43.jpg', TRUE);
INSERT IGNORE INTO Pengguna (id_pengguna, email, password, nama_lengkap, tgl_lahir, no_telp, foto_profil, is_penjual) VALUES (44, 'lhasanah@example.org', '(y9AldV4uGSn', 'Cut Yani Handayani, S.I.Kom', '2000-01-28', '+62 (0298) 582 2977', 'profil/user44.jpg', TRUE);
INSERT IGNORE INTO Pengguna (id_pengguna, email, password, nama_lengkap, tgl_lahir, no_telp, foto_profil, is_penjual) VALUES (45, 'amanullang@example.net', ')g2YZFnk@@6@', 'Victoria Yolanda', '1965-07-12', '+62 (090) 886 0902', 'profil/user45.jpg', TRUE);
INSERT IGNORE INTO Pengguna (id_pengguna, email, password, nama_lengkap, tgl_lahir, no_telp, foto_profil, is_penjual) VALUES (46, 'pranawa36@example.net', 'c!r##g#k!d3D', 'Yahya Namaga', '1990-04-06', '+62 (0443) 513-0895', 'profil/user46.jpg', TRUE);
INSERT IGNORE INTO Pengguna (id_pengguna, email, password, nama_lengkap, tgl_lahir, no_telp, foto_profil, is_penjual) VALUES (47, 'yfarida@example.com', 'Uxtz2O*ni@81', 'Darmaji Ramadan', '1991-04-19', '+62-860-273-2535', 'profil/user47.jpg', TRUE);
INSERT IGNORE INTO Pengguna (id_pengguna, email, password, nama_lengkap, tgl_lahir, no_telp, foto_profil, is_penjual) VALUES (48, 'jaga25@example.com', 'I@6mxfUc+NVG', 'Ade Prasasta', '1983-11-09', '081 028 3955', 'profil/user48.jpg', TRUE);
INSERT IGNORE INTO Pengguna (id_pengguna, email, password, nama_lengkap, tgl_lahir, no_telp, foto_profil, is_penjual) VALUES (49, 'prakasayani@example.com', 'B)5H1hZmiymB', 'Hj. Putri Kurniawan, S.Gz', '1968-08-06', '+62-072-318-0921', 'profil/user49.jpg', TRUE);
INSERT IGNORE INTO Pengguna (id_pengguna, email, password, nama_lengkap, tgl_lahir, no_telp, foto_profil, is_penjual) VALUES (50, 'jelitagunawan@example.com', '^9rVyObDE(TR', 'Imam Simbolon', '2001-01-04', '+62 (005) 639-3398', 'profil/user50.jpg', TRUE);
INSERT IGNORE INTO Pengguna (id_pengguna, email, password, nama_lengkap, tgl_lahir, no_telp, foto_profil, is_penjual) VALUES (51, 'naradi38@example.net', '@&dD+5KiLixC', 'Rachel Latupono, S.T.', '1972-03-07', '+62-388-781-5057', 'profil/user51.jpg', FALSE);
INSERT IGNORE INTO Pengguna (id_pengguna, email, password, nama_lengkap, tgl_lahir, no_telp, foto_profil, is_penjual) VALUES (52, 'lasmono15@example.com', 'd51WjGIp!22x', 'Sakura Januar, M.Ak', '1983-01-14', '+62 (0261) 452-8058', 'profil/user52.jpg', FALSE);
INSERT IGNORE INTO Pengguna (id_pengguna, email, password, nama_lengkap, tgl_lahir, no_telp, foto_profil, is_penjual) VALUES (53, 'wibisonomurti@example.com', '!6TMlIlbcbT1', 'Candrakanta Novitasari', '2002-12-04', '+62-09-172-6966', 'profil/user53.jpg', FALSE);
INSERT IGNORE INTO Pengguna (id_pengguna, email, password, nama_lengkap, tgl_lahir, no_telp, foto_profil, is_penjual) VALUES (54, 'omar18@example.org', '*7rao3_q&05D', 'Candra Halimah', '1977-07-01', '+62-547-967-8113', 'profil/user54.jpg', FALSE);
INSERT IGNORE INTO Pengguna (id_pengguna, email, password, nama_lengkap, tgl_lahir, no_telp, foto_profil, is_penjual) VALUES (55, 'kartikayuliarti@example.org', '0d_($1EpxlYp', 'Hj. Wani Prasasta', '1959-10-18', '(0214) 887-9281', 'profil/user55.jpg', FALSE);
INSERT IGNORE INTO Pengguna (id_pengguna, email, password, nama_lengkap, tgl_lahir, no_telp, foto_profil, is_penjual) VALUES (56, 'pujianggriawan@example.org', '#4opD@Famw+B', 'KH. Galur Mansur, S.Pd', '1990-08-06', '+62 (97) 569-2319', 'profil/user56.jpg', FALSE);
INSERT IGNORE INTO Pengguna (id_pengguna, email, password, nama_lengkap, tgl_lahir, no_telp, foto_profil, is_penjual) VALUES (57, 'lwastuti@example.org', 'M8RNLt%8%#@M', 'Umay Sitorus', '1996-07-08', '+62 (07) 266 6258', 'profil/user57.jpg', FALSE);
INSERT IGNORE INTO Pengguna (id_pengguna, email, password, nama_lengkap, tgl_lahir, no_telp, foto_profil, is_penjual) VALUES (58, 'jaka32@example.com', 'BaxBc1Cx(3#%', 'Maya Puspasari', '2006-04-17', '(058) 796-6538', 'profil/user58.jpg', FALSE);
INSERT IGNORE INTO Pengguna (id_pengguna, email, password, nama_lengkap, tgl_lahir, no_telp, foto_profil, is_penjual) VALUES (59, 'vivihastuti@example.com', 'ekR_Lfa6K)j1', 'Fitriani Suwarno', '1997-01-22', '(058) 267 0573', 'profil/user59.jpg', FALSE);
INSERT IGNORE INTO Pengguna (id_pengguna, email, password, nama_lengkap, tgl_lahir, no_telp, foto_profil, is_penjual) VALUES (60, 'raisausada@example.com', '%1oLdhwx930T', 'Kamidin Prasetya', '1967-02-20', '(0728) 028 5870', 'profil/user60.jpg', FALSE);
INSERT IGNORE INTO Pengguna (id_pengguna, email, password, nama_lengkap, tgl_lahir, no_telp, foto_profil, is_penjual) VALUES (61, 'kacunggunawan@example.com', 'z@f(IIbkD$3r', 'Paris Jailani', '1986-02-16', '+62 (40) 184-6362', 'profil/user61.jpg', FALSE);
INSERT IGNORE INTO Pengguna (id_pengguna, email, password, nama_lengkap, tgl_lahir, no_telp, foto_profil, is_penjual) VALUES (62, 'uchitamanullang@example.org', ')0*qd#Ns^cwD', 'Cakrabuana Saputra', '1999-01-20', '+62-0603-890-6142', 'profil/user62.jpg', FALSE);
INSERT IGNORE INTO Pengguna (id_pengguna, email, password, nama_lengkap, tgl_lahir, no_telp, foto_profil, is_penjual) VALUES (63, 'hafshah87@example.com', 'YxDemsDqU#4i', 'Garan Gunawan', '1976-06-21', '+62 (224) 607-6507', 'profil/user63.jpg', FALSE);
INSERT IGNORE INTO Pengguna (id_pengguna, email, password, nama_lengkap, tgl_lahir, no_telp, foto_profil, is_penjual) VALUES (64, 'nabila24@example.org', 'X2CZ0$hL@UA_', 'Langgeng Tarihoran', '1969-12-21', '+62 (006) 462 6330', 'profil/user64.jpg', FALSE);
INSERT IGNORE INTO Pengguna (id_pengguna, email, password, nama_lengkap, tgl_lahir, no_telp, foto_profil, is_penjual) VALUES (65, 'zpermata@example.com', 'osGw(3t*%8IF', 'dr. Julia Pratiwi, S.Gz', '2007-10-30', '+62-876-631-9520', 'profil/user65.jpg', FALSE);
INSERT IGNORE INTO Pengguna (id_pengguna, email, password, nama_lengkap, tgl_lahir, no_telp, foto_profil, is_penjual) VALUES (66, 'azaleapradana@example.com', '&C!oVknlWD00', 'Yani Lestari', '2001-03-11', '0874051056', 'profil/user66.jpg', FALSE);
INSERT IGNORE INTO Pengguna (id_pengguna, email, password, nama_lengkap, tgl_lahir, no_telp, foto_profil, is_penjual) VALUES (67, 'mulyanitedi@example.net', '5wQ0A&+cD2+y', 'R.M. Cemeti Permata, S.H.', '2000-04-02', '+62 (058) 419-4283', 'profil/user67.jpg', FALSE);
INSERT IGNORE INTO Pengguna (id_pengguna, email, password, nama_lengkap, tgl_lahir, no_telp, foto_profil, is_penjual) VALUES (68, 'hastutidaliman@example.net', '^VDLiu25*3UW', 'Diah Mardhiyah', '1987-12-25', '+62 (92) 669 6691', 'profil/user68.jpg', FALSE);
INSERT IGNORE INTO Pengguna (id_pengguna, email, password, nama_lengkap, tgl_lahir, no_telp, foto_profil, is_penjual) VALUES (69, 'vanesa75@example.com', ')Dp(JYf9X2d6', 'Yahya Agustina', '1969-10-03', '+62-634-868-0427', 'profil/user69.jpg', FALSE);
INSERT IGNORE INTO Pengguna (id_pengguna, email, password, nama_lengkap, tgl_lahir, no_telp, foto_profil, is_penjual) VALUES (70, 'caket10@example.net', '*pwRVoo*5850', 'Padmi Saragih', '1968-12-11', '+62 (49) 645 1831', 'profil/user70.jpg', FALSE);
INSERT IGNORE INTO Pengguna (id_pengguna, email, password, nama_lengkap, tgl_lahir, no_telp, foto_profil, is_penjual) VALUES (71, 'nainggolanpandu@example.org', 'A2y$%djnv^NJ', 'Cengkal Adriansyah', '1994-08-30', '+62 (031) 666-6022', 'profil/user71.jpg', FALSE);
INSERT IGNORE INTO Pengguna (id_pengguna, email, password, nama_lengkap, tgl_lahir, no_telp, foto_profil, is_penjual) VALUES (72, 'widodoanita@example.org', '(ghI8tciZl4Q', 'Empluk Palastri', '1976-11-20', '+62 (77) 278-7255', 'profil/user72.jpg', FALSE);
INSERT IGNORE INTO Pengguna (id_pengguna, email, password, nama_lengkap, tgl_lahir, no_telp, foto_profil, is_penjual) VALUES (73, 'lwidiastuti@example.net', '%0WOW3GgVejX', 'Ir. Ajeng Sinaga', '1979-04-28', '+62 (0241) 898-3045', 'profil/user73.jpg', FALSE);
INSERT IGNORE INTO Pengguna (id_pengguna, email, password, nama_lengkap, tgl_lahir, no_telp, foto_profil, is_penjual) VALUES (74, 'hamzahsiregar@example.org', ')pl1o@TF08IH', 'Kunthara Saragih', '1987-03-16', '0869027304', 'profil/user74.jpg', FALSE);
INSERT IGNORE INTO Pengguna (id_pengguna, email, password, nama_lengkap, tgl_lahir, no_telp, foto_profil, is_penjual) VALUES (75, 'tsaptono@example.org', 't#7+BDmSI!8q', 'Citra Aryani', '1973-12-30', '+62 (0097) 781-3776', 'profil/user75.jpg', FALSE);
INSERT IGNORE INTO Pengguna (id_pengguna, email, password, nama_lengkap, tgl_lahir, no_telp, foto_profil, is_penjual) VALUES (76, 'muhammad73@example.org', '(T8g2Lvfh0UA', 'H. Jumari Yolanda, S.Ked', '1971-07-04', '+62 (025) 726-4173', 'profil/user76.jpg', FALSE);
INSERT IGNORE INTO Pengguna (id_pengguna, email, password, nama_lengkap, tgl_lahir, no_telp, foto_profil, is_penjual) VALUES (77, 'lilipudjiastuti@example.net', '((Uj7ipB#7En', 'Silvia Palastri', '1970-12-22', '+62 (009) 228 3821', 'profil/user77.jpg', FALSE);
INSERT IGNORE INTO Pengguna (id_pengguna, email, password, nama_lengkap, tgl_lahir, no_telp, foto_profil, is_penjual) VALUES (78, 'gastizulkarnain@example.com', '@Rkt!lsy0@Xs', 'T. Maryanto Aryani, S.Gz', '2000-08-27', '+62 (359) 634 4232', 'profil/user78.jpg', FALSE);
INSERT IGNORE INTO Pengguna (id_pengguna, email, password, nama_lengkap, tgl_lahir, no_telp, foto_profil, is_penjual) VALUES (79, 'patriciasantoso@example.org', 'z0kw5JSr8_88', 'Teddy Dabukke', '2007-06-20', '(0596) 228 7606', 'profil/user79.jpg', FALSE);
INSERT IGNORE INTO Pengguna (id_pengguna, email, password, nama_lengkap, tgl_lahir, no_telp, foto_profil, is_penjual) VALUES (80, 'langgengsuwarno@example.org', 'o&@^AHFt%g7U', 'Lidya Dongoran', '1988-12-13', '+62 (0559) 486-5644', 'profil/user80.jpg', FALSE);
INSERT IGNORE INTO Pengguna (id_pengguna, email, password, nama_lengkap, tgl_lahir, no_telp, foto_profil, is_penjual) VALUES (81, 'sihombingnaradi@example.com', 'er@TF3u%vK6z', 'Zizi Fujiati', '1963-11-07', '080 595 8226', 'profil/user81.jpg', FALSE);
INSERT IGNORE INTO Pengguna (id_pengguna, email, password, nama_lengkap, tgl_lahir, no_telp, foto_profil, is_penjual) VALUES (82, 'mahendrarahayu@example.net', 'nF9kIfIuB_S(', 'Panca Permata', '1980-10-01', '+62-0307-063-9648', 'profil/user82.jpg', FALSE);
INSERT IGNORE INTO Pengguna (id_pengguna, email, password, nama_lengkap, tgl_lahir, no_telp, foto_profil, is_penjual) VALUES (83, 'zwasita@example.com', 'HR(sy*(6%3Fk', 'T. Umar Hassanah, S.Farm', '1962-07-07', '+62-60-172-8512', 'profil/user83.jpg', FALSE);
INSERT IGNORE INTO Pengguna (id_pengguna, email, password, nama_lengkap, tgl_lahir, no_telp, foto_profil, is_penjual) VALUES (84, 'inakurniawan@example.com', 'f*DbUQtC$o6D', 'Kenes Wulandari', '2001-11-02', '+62 (0278) 726-9444', 'profil/user84.jpg', FALSE);
INSERT IGNORE INTO Pengguna (id_pengguna, email, password, nama_lengkap, tgl_lahir, no_telp, foto_profil, is_penjual) VALUES (85, 'marsitoanggriawan@example.net', '#w7RRxRhk$lU', 'Drs. Intan Narpati', '1985-05-20', '+62-70-772-5045', 'profil/user85.jpg', FALSE);
INSERT IGNORE INTO Pengguna (id_pengguna, email, password, nama_lengkap, tgl_lahir, no_telp, foto_profil, is_penjual) VALUES (86, 'kusumamandasari@example.net', '(5XLKxcZ8sjH', 'Ayu Hidayanto', '1956-10-25', '+62 (0471) 310 2296', 'profil/user86.jpg', FALSE);
INSERT IGNORE INTO Pengguna (id_pengguna, email, password, nama_lengkap, tgl_lahir, no_telp, foto_profil, is_penjual) VALUES (87, 'pangeranzulaika@example.net', '7f5KD3A5*mN5', 'Puti Hafshah Salahudin, M.Farm', '1989-11-16', '+62 (034) 012-1140', 'profil/user87.jpg', FALSE);
INSERT IGNORE INTO Pengguna (id_pengguna, email, password, nama_lengkap, tgl_lahir, no_telp, foto_profil, is_penjual) VALUES (88, 'marsudi14@example.com', 'E74umMp@@+Aw', 'Daru Rahimah, S.E.I', '2002-08-18', '+62-316-568-7296', 'profil/user88.jpg', FALSE);
INSERT IGNORE INTO Pengguna (id_pengguna, email, password, nama_lengkap, tgl_lahir, no_telp, foto_profil, is_penjual) VALUES (89, 'najamhastuti@example.com', 'B^i!1NgfNrdu', 'Sadina Kusmawati, S.T.', '1963-10-13', '+62-181-607-1828', 'profil/user89.jpg', FALSE);
INSERT IGNORE INTO Pengguna (id_pengguna, email, password, nama_lengkap, tgl_lahir, no_telp, foto_profil, is_penjual) VALUES (90, 'lkuswandari@example.net', 'J0)7Q)JbmN%T', 'Tgk. Novi Hakim, M.Farm', '1986-06-24', '+62 (60) 608 9765', 'profil/user90.jpg', FALSE);
INSERT IGNORE INTO Pengguna (id_pengguna, email, password, nama_lengkap, tgl_lahir, no_telp, foto_profil, is_penjual) VALUES (91, 'hpurnawati@example.org', 'Nu2)IbOk%LV8', 'Cakrawangsa Maulana', '1972-01-03', '(0841) 467 9932', 'profil/user91.jpg', FALSE);
INSERT IGNORE INTO Pengguna (id_pengguna, email, password, nama_lengkap, tgl_lahir, no_telp, foto_profil, is_penjual) VALUES (92, 'kamidinprasetya@example.net', '+mf5FCEt+itL', 'Cindy Firgantoro', '1960-07-14', '0853556073', 'profil/user92.jpg', FALSE);
INSERT IGNORE INTO Pengguna (id_pengguna, email, password, nama_lengkap, tgl_lahir, no_telp, foto_profil, is_penjual) VALUES (93, 'widodolatika@example.org', '!CDrsPcf@04X', 'Adhiarja Sudiati', '1968-10-08', '(002) 058-2361', 'profil/user93.jpg', FALSE);
INSERT IGNORE INTO Pengguna (id_pengguna, email, password, nama_lengkap, tgl_lahir, no_telp, foto_profil, is_penjual) VALUES (94, 'tarihoranusman@example.net', 'xiP5Ma1^+#Ob', 'Kamidin Hutasoit, S.E.I', '1975-07-29', '+62 (028) 593-2406', 'profil/user94.jpg', FALSE);
INSERT IGNORE INTO Pengguna (id_pengguna, email, password, nama_lengkap, tgl_lahir, no_telp, foto_profil, is_penjual) VALUES (95, 'nataliapurwanti@example.org', 'p5qLBy2m^tRQ', 'Juli Laksita', '1983-08-02', '(0493) 921 4586', 'profil/user95.jpg', FALSE);
INSERT IGNORE INTO Pengguna (id_pengguna, email, password, nama_lengkap, tgl_lahir, no_telp, foto_profil, is_penjual) VALUES (96, 'snatsir@example.net', '&k6QmGb+9@UF', 'Mumpuni Purwanti', '2009-09-18', '(091) 864-9820', 'profil/user96.jpg', FALSE);
INSERT IGNORE INTO Pengguna (id_pengguna, email, password, nama_lengkap, tgl_lahir, no_telp, foto_profil, is_penjual) VALUES (97, 'prasastaumay@example.com', '&D27)msx63CZ', 'Violet Latupono, M.Pd', '1999-07-28', '+62-0556-020-4397', 'profil/user97.jpg', FALSE);
INSERT IGNORE INTO Pengguna (id_pengguna, email, password, nama_lengkap, tgl_lahir, no_telp, foto_profil, is_penjual) VALUES (98, 'lrahmawati@example.com', 'D(UUOhnp)a1&', 'Tgk. Kawaya Firmansyah, M.M.', '1955-07-27', '+62-09-817-4751', 'profil/user98.jpg', FALSE);
INSERT IGNORE INTO Pengguna (id_pengguna, email, password, nama_lengkap, tgl_lahir, no_telp, foto_profil, is_penjual) VALUES (99, 'wanipurnawati@example.org', 'yl2k1GLqo__M', 'Karta Damanik, S.Kom', '1956-06-13', '+62-043-613-4824', 'profil/user99.jpg', FALSE);
INSERT IGNORE INTO Pengguna (id_pengguna, email, password, nama_lengkap, tgl_lahir, no_telp, foto_profil, is_penjual) VALUES (100, 'sabrinawaskita@example.org', '&@rYSEcQc3eN', 'Perkasa Pertiwi', '1997-03-19', '+62 (50) 247-7679', 'profil/user100.jpg', FALSE);
INSERT IGNORE INTO Pengguna (id_pengguna, email, password, nama_lengkap, tgl_lahir, no_telp, foto_profil, is_penjual) VALUES (101, 'vero00@example.net', 'kw6Wwnqvd)Rs', 'Kunthara Jailani', '1983-12-29', '+62 (102) 620 2561', 'profil/user101.jpg', FALSE);
INSERT IGNORE INTO Pengguna (id_pengguna, email, password, nama_lengkap, tgl_lahir, no_telp, foto_profil, is_penjual) VALUES (102, 'sihombingkezia@example.org', 'wd5nQvQvj*FC', 'Ir. Jaswadi Sihotang', '1990-08-20', '+62 (033) 965 1889', 'profil/user102.jpg', FALSE);
INSERT IGNORE INTO Pengguna (id_pengguna, email, password, nama_lengkap, tgl_lahir, no_telp, foto_profil, is_penjual) VALUES (103, 'gsamosir@example.net', 'o1^_I#G15#Pk', 'Vera Novitasari', '1974-10-25', '+62-38-373-7289', 'profil/user103.jpg', FALSE);
INSERT IGNORE INTO Pengguna (id_pengguna, email, password, nama_lengkap, tgl_lahir, no_telp, foto_profil, is_penjual) VALUES (104, 'ichathamrin@example.net', '!VLcnfy^5#Xt', 'Ifa Uwais', '2006-01-15', '085 811 8367', 'profil/user104.jpg', FALSE);
INSERT IGNORE INTO Pengguna (id_pengguna, email, password, nama_lengkap, tgl_lahir, no_telp, foto_profil, is_penjual) VALUES (105, 'januarrizki@example.org', 'V@JKD7ht6uE1', 'Drajat Winarno', '1998-03-14', '(065) 334 6424', 'profil/user105.jpg', FALSE);
INSERT IGNORE INTO Pengguna (id_pengguna, email, password, nama_lengkap, tgl_lahir, no_telp, foto_profil, is_penjual) VALUES (106, 'hasanahharja@example.org', 'n9*LLNm)@nB5', 'Taufik Rahayu', '1972-11-15', '(0750) 077 5773', 'profil/user106.jpg', FALSE);
INSERT IGNORE INTO Pengguna (id_pengguna, email, password, nama_lengkap, tgl_lahir, no_telp, foto_profil, is_penjual) VALUES (107, 'wijayaendah@example.com', '_1hZpd*tYdR_', 'Putu Lestari', '2008-03-16', '+62 (102) 004 3378', 'profil/user107.jpg', FALSE);
INSERT IGNORE INTO Pengguna (id_pengguna, email, password, nama_lengkap, tgl_lahir, no_telp, foto_profil, is_penjual) VALUES (108, 'puspitaanggabaya@example.org', 'j2EJ5#E_^4*S', 'Ina Nugroho', '1971-04-09', '+62-007-681-6066', 'profil/user108.jpg', FALSE);
INSERT IGNORE INTO Pengguna (id_pengguna, email, password, nama_lengkap, tgl_lahir, no_telp, foto_profil, is_penjual) VALUES (109, 'asaragih@example.org', '@d0h#W!dHZn8', 'Ir. Sari Firmansyah', '1957-04-21', '085 551 9281', 'profil/user109.jpg', FALSE);
INSERT IGNORE INTO Pengguna (id_pengguna, email, password, nama_lengkap, tgl_lahir, no_telp, foto_profil, is_penjual) VALUES (110, 'nilamlestari@example.net', '(o&0#sBuJ9EY', 'Wani Laksita, S.IP', '2005-08-15', '+62-526-103-0109', 'profil/user110.jpg', FALSE);

-- Penjual
INSERT IGNORE INTO Penjual (id_penjual, id_pengguna, ktp, foto_diri, is_verified) VALUES ({penjual_id_counter}, {p_id_pengguna}, '{ktp_val}', '{foto_diri}', {is_verified});
INSERT IGNORE INTO Penjual (id_penjual, id_pengguna, ktp, foto_diri, is_verified) VALUES ({penjual_id_counter}, {p_id_pengguna}, '{ktp_val}', '{foto_diri}', {is_verified});
INSERT IGNORE INTO Penjual (id_penjual, id_pengguna, ktp, foto_diri, is_verified) VALUES ({penjual_id_counter}, {p_id_pengguna}, '{ktp_val}', '{foto_diri}', {is_verified});
INSERT IGNORE INTO Penjual (id_penjual, id_pengguna, ktp, foto_diri, is_verified) VALUES ({penjual_id_counter}, {p_id_pengguna}, '{ktp_val}', '{foto_diri}', {is_verified});
INSERT IGNORE INTO Penjual (id_penjual, id_pengguna, ktp, foto_diri, is_verified) VALUES ({penjual_id_counter}, {p_id_pengguna}, '{ktp_val}', '{foto_diri}', {is_verified});
INSERT IGNORE INTO Penjual (id_penjual, id_pengguna, ktp, foto_diri, is_verified) VALUES ({penjual_id_counter}, {p_id_pengguna}, '{ktp_val}', '{foto_diri}', {is_verified});
INSERT IGNORE INTO Penjual (id_penjual, id_pengguna, ktp, foto_diri, is_verified) VALUES ({penjual_id_counter}, {p_id_pengguna}, '{ktp_val}', '{foto_diri}', {is_verified});
INSERT IGNORE INTO Penjual (id_penjual, id_pengguna, ktp, foto_diri, is_verified) VALUES ({penjual_id_counter}, {p_id_pengguna}, '{ktp_val}', '{foto_diri}', {is_verified});
INSERT IGNORE INTO Penjual (id_penjual, id_pengguna, ktp, foto_diri, is_verified) VALUES ({penjual_id_counter}, {p_id_pengguna}, '{ktp_val}', '{foto_diri}', {is_verified});
INSERT IGNORE INTO Penjual (id_penjual, id_pengguna, ktp, foto_diri, is_verified) VALUES ({penjual_id_counter}, {p_id_pengguna}, '{ktp_val}', '{foto_diri}', {is_verified});
INSERT IGNORE INTO Penjual (id_penjual, id_pengguna, ktp, foto_diri, is_verified) VALUES ({penjual_id_counter}, {p_id_pengguna}, '{ktp_val}', '{foto_diri}', {is_verified});
INSERT IGNORE INTO Penjual (id_penjual, id_pengguna, ktp, foto_diri, is_verified) VALUES ({penjual_id_counter}, {p_id_pengguna}, '{ktp_val}', '{foto_diri}', {is_verified});
INSERT IGNORE INTO Penjual (id_penjual, id_pengguna, ktp, foto_diri, is_verified) VALUES ({penjual_id_counter}, {p_id_pengguna}, '{ktp_val}', '{foto_diri}', {is_verified});
INSERT IGNORE INTO Penjual (id_penjual, id_pengguna, ktp, foto_diri, is_verified) VALUES ({penjual_id_counter}, {p_id_pengguna}, '{ktp_val}', '{foto_diri}', {is_verified});
INSERT IGNORE INTO Penjual (id_penjual, id_pengguna, ktp, foto_diri, is_verified) VALUES ({penjual_id_counter}, {p_id_pengguna}, '{ktp_val}', '{foto_diri}', {is_verified});
INSERT IGNORE INTO Penjual (id_penjual, id_pengguna, ktp, foto_diri, is_verified) VALUES ({penjual_id_counter}, {p_id_pengguna}, '{ktp_val}', '{foto_diri}', {is_verified});
INSERT IGNORE INTO Penjual (id_penjual, id_pengguna, ktp, foto_diri, is_verified) VALUES ({penjual_id_counter}, {p_id_pengguna}, '{ktp_val}', '{foto_diri}', {is_verified});
INSERT IGNORE INTO Penjual (id_penjual, id_pengguna, ktp, foto_diri, is_verified) VALUES ({penjual_id_counter}, {p_id_pengguna}, '{ktp_val}', '{foto_diri}', {is_verified});
INSERT IGNORE INTO Penjual (id_penjual, id_pengguna, ktp, foto_diri, is_verified) VALUES ({penjual_id_counter}, {p_id_pengguna}, '{ktp_val}', '{foto_diri}', {is_verified});
INSERT IGNORE INTO Penjual (id_penjual, id_pengguna, ktp, foto_diri, is_verified) VALUES ({penjual_id_counter}, {p_id_pengguna}, '{ktp_val}', '{foto_diri}', {is_verified});
INSERT IGNORE INTO Penjual (id_penjual, id_pengguna, ktp, foto_diri, is_verified) VALUES ({penjual_id_counter}, {p_id_pengguna}, '{ktp_val}', '{foto_diri}', {is_verified});
INSERT IGNORE INTO Penjual (id_penjual, id_pengguna, ktp, foto_diri, is_verified) VALUES ({penjual_id_counter}, {p_id_pengguna}, '{ktp_val}', '{foto_diri}', {is_verified});
INSERT IGNORE INTO Penjual (id_penjual, id_pengguna, ktp, foto_diri, is_verified) VALUES ({penjual_id_counter}, {p_id_pengguna}, '{ktp_val}', '{foto_diri}', {is_verified});
INSERT IGNORE INTO Penjual (id_penjual, id_pengguna, ktp, foto_diri, is_verified) VALUES ({penjual_id_counter}, {p_id_pengguna}, '{ktp_val}', '{foto_diri}', {is_verified});
INSERT IGNORE INTO Penjual (id_penjual, id_pengguna, ktp, foto_diri, is_verified) VALUES ({penjual_id_counter}, {p_id_pengguna}, '{ktp_val}', '{foto_diri}', {is_verified});
INSERT IGNORE INTO Penjual (id_penjual, id_pengguna, ktp, foto_diri, is_verified) VALUES ({penjual_id_counter}, {p_id_pengguna}, '{ktp_val}', '{foto_diri}', {is_verified});
INSERT IGNORE INTO Penjual (id_penjual, id_pengguna, ktp, foto_diri, is_verified) VALUES ({penjual_id_counter}, {p_id_pengguna}, '{ktp_val}', '{foto_diri}', {is_verified});
INSERT IGNORE INTO Penjual (id_penjual, id_pengguna, ktp, foto_diri, is_verified) VALUES ({penjual_id_counter}, {p_id_pengguna}, '{ktp_val}', '{foto_diri}', {is_verified});
INSERT IGNORE INTO Penjual (id_penjual, id_pengguna, ktp, foto_diri, is_verified) VALUES ({penjual_id_counter}, {p_id_pengguna}, '{ktp_val}', '{foto_diri}', {is_verified});
INSERT IGNORE INTO Penjual (id_penjual, id_pengguna, ktp, foto_diri, is_verified) VALUES ({penjual_id_counter}, {p_id_pengguna}, '{ktp_val}', '{foto_diri}', {is_verified});
INSERT IGNORE INTO Penjual (id_penjual, id_pengguna, ktp, foto_diri, is_verified) VALUES ({penjual_id_counter}, {p_id_pengguna}, '{ktp_val}', '{foto_diri}', {is_verified});
INSERT IGNORE INTO Penjual (id_penjual, id_pengguna, ktp, foto_diri, is_verified) VALUES ({penjual_id_counter}, {p_id_pengguna}, '{ktp_val}', '{foto_diri}', {is_verified});
INSERT IGNORE INTO Penjual (id_penjual, id_pengguna, ktp, foto_diri, is_verified) VALUES ({penjual_id_counter}, {p_id_pengguna}, '{ktp_val}', '{foto_diri}', {is_verified});
INSERT IGNORE INTO Penjual (id_penjual, id_pengguna, ktp, foto_diri, is_verified) VALUES ({penjual_id_counter}, {p_id_pengguna}, '{ktp_val}', '{foto_diri}', {is_verified});
INSERT IGNORE INTO Penjual (id_penjual, id_pengguna, ktp, foto_diri, is_verified) VALUES ({penjual_id_counter}, {p_id_pengguna}, '{ktp_val}', '{foto_diri}', {is_verified});
INSERT IGNORE INTO Penjual (id_penjual, id_pengguna, ktp, foto_diri, is_verified) VALUES ({penjual_id_counter}, {p_id_pengguna}, '{ktp_val}', '{foto_diri}', {is_verified});
INSERT IGNORE INTO Penjual (id_penjual, id_pengguna, ktp, foto_diri, is_verified) VALUES ({penjual_id_counter}, {p_id_pengguna}, '{ktp_val}', '{foto_diri}', {is_verified});
INSERT IGNORE INTO Penjual (id_penjual, id_pengguna, ktp, foto_diri, is_verified) VALUES ({penjual_id_counter}, {p_id_pengguna}, '{ktp_val}', '{foto_diri}', {is_verified});
INSERT IGNORE INTO Penjual (id_penjual, id_pengguna, ktp, foto_diri, is_verified) VALUES ({penjual_id_counter}, {p_id_pengguna}, '{ktp_val}', '{foto_diri}', {is_verified});
INSERT IGNORE INTO Penjual (id_penjual, id_pengguna, ktp, foto_diri, is_verified) VALUES ({penjual_id_counter}, {p_id_pengguna}, '{ktp_val}', '{foto_diri}', {is_verified});
INSERT IGNORE INTO Penjual (id_penjual, id_pengguna, ktp, foto_diri, is_verified) VALUES ({penjual_id_counter}, {p_id_pengguna}, '{ktp_val}', '{foto_diri}', {is_verified});
INSERT IGNORE INTO Penjual (id_penjual, id_pengguna, ktp, foto_diri, is_verified) VALUES ({penjual_id_counter}, {p_id_pengguna}, '{ktp_val}', '{foto_diri}', {is_verified});
INSERT IGNORE INTO Penjual (id_penjual, id_pengguna, ktp, foto_diri, is_verified) VALUES ({penjual_id_counter}, {p_id_pengguna}, '{ktp_val}', '{foto_diri}', {is_verified});
INSERT IGNORE INTO Penjual (id_penjual, id_pengguna, ktp, foto_diri, is_verified) VALUES ({penjual_id_counter}, {p_id_pengguna}, '{ktp_val}', '{foto_diri}', {is_verified});
INSERT IGNORE INTO Penjual (id_penjual, id_pengguna, ktp, foto_diri, is_verified) VALUES ({penjual_id_counter}, {p_id_pengguna}, '{ktp_val}', '{foto_diri}', {is_verified});
INSERT IGNORE INTO Penjual (id_penjual, id_pengguna, ktp, foto_diri, is_verified) VALUES ({penjual_id_counter}, {p_id_pengguna}, '{ktp_val}', '{foto_diri}', {is_verified});
INSERT IGNORE INTO Penjual (id_penjual, id_pengguna, ktp, foto_diri, is_verified) VALUES ({penjual_id_counter}, {p_id_pengguna}, '{ktp_val}', '{foto_diri}', {is_verified});
INSERT IGNORE INTO Penjual (id_penjual, id_pengguna, ktp, foto_diri, is_verified) VALUES ({penjual_id_counter}, {p_id_pengguna}, '{ktp_val}', '{foto_diri}', {is_verified});
INSERT IGNORE INTO Penjual (id_penjual, id_pengguna, ktp, foto_diri, is_verified) VALUES ({penjual_id_counter}, {p_id_pengguna}, '{ktp_val}', '{foto_diri}', {is_verified});
INSERT IGNORE INTO Penjual (id_penjual, id_pengguna, ktp, foto_diri, is_verified) VALUES ({penjual_id_counter}, {p_id_pengguna}, '{ktp_val}', '{foto_diri}', {is_verified});

-- Pembeli
INSERT IGNORE INTO Pembeli (id_pembeli, id_pengguna) VALUES (1, 51);
INSERT IGNORE INTO Pembeli (id_pembeli, id_pengguna) VALUES (2, 52);
INSERT IGNORE INTO Pembeli (id_pembeli, id_pengguna) VALUES (3, 53);
INSERT IGNORE INTO Pembeli (id_pembeli, id_pengguna) VALUES (4, 54);
INSERT IGNORE INTO Pembeli (id_pembeli, id_pengguna) VALUES (5, 55);
INSERT IGNORE INTO Pembeli (id_pembeli, id_pengguna) VALUES (6, 56);
INSERT IGNORE INTO Pembeli (id_pembeli, id_pengguna) VALUES (7, 57);
INSERT IGNORE INTO Pembeli (id_pembeli, id_pengguna) VALUES (8, 58);
INSERT IGNORE INTO Pembeli (id_pembeli, id_pengguna) VALUES (9, 59);
INSERT IGNORE INTO Pembeli (id_pembeli, id_pengguna) VALUES (10, 60);
INSERT IGNORE INTO Pembeli (id_pembeli, id_pengguna) VALUES (11, 61);
INSERT IGNORE INTO Pembeli (id_pembeli, id_pengguna) VALUES (12, 62);
INSERT IGNORE INTO Pembeli (id_pembeli, id_pengguna) VALUES (13, 63);
INSERT IGNORE INTO Pembeli (id_pembeli, id_pengguna) VALUES (14, 64);
INSERT IGNORE INTO Pembeli (id_pembeli, id_pengguna) VALUES (15, 65);
INSERT IGNORE INTO Pembeli (id_pembeli, id_pengguna) VALUES (16, 66);
INSERT IGNORE INTO Pembeli (id_pembeli, id_pengguna) VALUES (17, 67);
INSERT IGNORE INTO Pembeli (id_pembeli, id_pengguna) VALUES (18, 68);
INSERT IGNORE INTO Pembeli (id_pembeli, id_pengguna) VALUES (19, 69);
INSERT IGNORE INTO Pembeli (id_pembeli, id_pengguna) VALUES (20, 70);
INSERT IGNORE INTO Pembeli (id_pembeli, id_pengguna) VALUES (21, 71);
INSERT IGNORE INTO Pembeli (id_pembeli, id_pengguna) VALUES (22, 72);
INSERT IGNORE INTO Pembeli (id_pembeli, id_pengguna) VALUES (23, 73);
INSERT IGNORE INTO Pembeli (id_pembeli, id_pengguna) VALUES (24, 74);
INSERT IGNORE INTO Pembeli (id_pembeli, id_pengguna) VALUES (25, 75);
INSERT IGNORE INTO Pembeli (id_pembeli, id_pengguna) VALUES (26, 76);
INSERT IGNORE INTO Pembeli (id_pembeli, id_pengguna) VALUES (27, 77);
INSERT IGNORE INTO Pembeli (id_pembeli, id_pengguna) VALUES (28, 78);
INSERT IGNORE INTO Pembeli (id_pembeli, id_pengguna) VALUES (29, 79);
INSERT IGNORE INTO Pembeli (id_pembeli, id_pengguna) VALUES (30, 80);
INSERT IGNORE INTO Pembeli (id_pembeli, id_pengguna) VALUES (31, 81);
INSERT IGNORE INTO Pembeli (id_pembeli, id_pengguna) VALUES (32, 82);
INSERT IGNORE INTO Pembeli (id_pembeli, id_pengguna) VALUES (33, 83);
INSERT IGNORE INTO Pembeli (id_pembeli, id_pengguna) VALUES (34, 84);
INSERT IGNORE INTO Pembeli (id_pembeli, id_pengguna) VALUES (35, 85);
INSERT IGNORE INTO Pembeli (id_pembeli, id_pengguna) VALUES (36, 86);
INSERT IGNORE INTO Pembeli (id_pembeli, id_pengguna) VALUES (37, 87);
INSERT IGNORE INTO Pembeli (id_pembeli, id_pengguna) VALUES (38, 88);
INSERT IGNORE INTO Pembeli (id_pembeli, id_pengguna) VALUES (39, 89);
INSERT IGNORE INTO Pembeli (id_pembeli, id_pengguna) VALUES (40, 90);
INSERT IGNORE INTO Pembeli (id_pembeli, id_pengguna) VALUES (41, 91);
INSERT IGNORE INTO Pembeli (id_pembeli, id_pengguna) VALUES (42, 92);
INSERT IGNORE INTO Pembeli (id_pembeli, id_pengguna) VALUES (43, 93);
INSERT IGNORE INTO Pembeli (id_pembeli, id_pengguna) VALUES (44, 94);
INSERT IGNORE INTO Pembeli (id_pembeli, id_pengguna) VALUES (45, 95);
INSERT IGNORE INTO Pembeli (id_pembeli, id_pengguna) VALUES (46, 96);
INSERT IGNORE INTO Pembeli (id_pembeli, id_pengguna) VALUES (47, 97);
INSERT IGNORE INTO Pembeli (id_pembeli, id_pengguna) VALUES (48, 98);
INSERT IGNORE INTO Pembeli (id_pembeli, id_pengguna) VALUES (49, 99);
INSERT IGNORE INTO Pembeli (id_pembeli, id_pengguna) VALUES (50, 100);
INSERT IGNORE INTO Pembeli (id_pembeli, id_pengguna) VALUES (51, 101);
INSERT IGNORE INTO Pembeli (id_pembeli, id_pengguna) VALUES (52, 102);
INSERT IGNORE INTO Pembeli (id_pembeli, id_pengguna) VALUES (53, 103);
INSERT IGNORE INTO Pembeli (id_pembeli, id_pengguna) VALUES (54, 104);
INSERT IGNORE INTO Pembeli (id_pembeli, id_pengguna) VALUES (55, 105);
INSERT IGNORE INTO Pembeli (id_pembeli, id_pengguna) VALUES (56, 106);
INSERT IGNORE INTO Pembeli (id_pembeli, id_pengguna) VALUES (57, 107);
INSERT IGNORE INTO Pembeli (id_pembeli, id_pengguna) VALUES (58, 108);
INSERT IGNORE INTO Pembeli (id_pembeli, id_pengguna) VALUES (59, 109);
INSERT IGNORE INTO Pembeli (id_pembeli, id_pengguna) VALUES (60, 110);

-- AlamatPembeli
INSERT IGNORE INTO AlamatPembeli (id_alamat_pembeli, id_pembeli, id_alamat) VALUES (1, 1, 71);
INSERT IGNORE INTO AlamatPembeli (id_alamat_pembeli, id_pembeli, id_alamat) VALUES (2, 1, 85);
INSERT IGNORE INTO AlamatPembeli (id_alamat_pembeli, id_pembeli, id_alamat) VALUES (3, 2, 69);
INSERT IGNORE INTO AlamatPembeli (id_alamat_pembeli, id_pembeli, id_alamat) VALUES (4, 2, 87);
INSERT IGNORE INTO AlamatPembeli (id_alamat_pembeli, id_pembeli, id_alamat) VALUES (5, 2, 14);
INSERT IGNORE INTO AlamatPembeli (id_alamat_pembeli, id_pembeli, id_alamat) VALUES (6, 3, 97);
INSERT IGNORE INTO AlamatPembeli (id_alamat_pembeli, id_pembeli, id_alamat) VALUES (7, 3, 19);
INSERT IGNORE INTO AlamatPembeli (id_alamat_pembeli, id_pembeli, id_alamat) VALUES (8, 3, 100);
INSERT IGNORE INTO AlamatPembeli (id_alamat_pembeli, id_pembeli, id_alamat) VALUES (9, 4, 60);
INSERT IGNORE INTO AlamatPembeli (id_alamat_pembeli, id_pembeli, id_alamat) VALUES (10, 4, 8);
INSERT IGNORE INTO AlamatPembeli (id_alamat_pembeli, id_pembeli, id_alamat) VALUES (11, 5, 46);
INSERT IGNORE INTO AlamatPembeli (id_alamat_pembeli, id_pembeli, id_alamat) VALUES (12, 5, 81);
INSERT IGNORE INTO AlamatPembeli (id_alamat_pembeli, id_pembeli, id_alamat) VALUES (13, 6, 47);
INSERT IGNORE INTO AlamatPembeli (id_alamat_pembeli, id_pembeli, id_alamat) VALUES (14, 6, 74);
INSERT IGNORE INTO AlamatPembeli (id_alamat_pembeli, id_pembeli, id_alamat) VALUES (15, 6, 14);
INSERT IGNORE INTO AlamatPembeli (id_alamat_pembeli, id_pembeli, id_alamat) VALUES (16, 7, 66);
INSERT IGNORE INTO AlamatPembeli (id_alamat_pembeli, id_pembeli, id_alamat) VALUES (17, 8, 56);
INSERT IGNORE INTO AlamatPembeli (id_alamat_pembeli, id_pembeli, id_alamat) VALUES (18, 9, 60);
INSERT IGNORE INTO AlamatPembeli (id_alamat_pembeli, id_pembeli, id_alamat) VALUES (19, 10, 91);
INSERT IGNORE INTO AlamatPembeli (id_alamat_pembeli, id_pembeli, id_alamat) VALUES (20, 10, 66);
INSERT IGNORE INTO AlamatPembeli (id_alamat_pembeli, id_pembeli, id_alamat) VALUES (21, 10, 50);
INSERT IGNORE INTO AlamatPembeli (id_alamat_pembeli, id_pembeli, id_alamat) VALUES (22, 11, 87);
INSERT IGNORE INTO AlamatPembeli (id_alamat_pembeli, id_pembeli, id_alamat) VALUES (23, 12, 99);
INSERT IGNORE INTO AlamatPembeli (id_alamat_pembeli, id_pembeli, id_alamat) VALUES (24, 12, 20);
INSERT IGNORE INTO AlamatPembeli (id_alamat_pembeli, id_pembeli, id_alamat) VALUES (25, 12, 85);
INSERT IGNORE INTO AlamatPembeli (id_alamat_pembeli, id_pembeli, id_alamat) VALUES (26, 13, 33);
INSERT IGNORE INTO AlamatPembeli (id_alamat_pembeli, id_pembeli, id_alamat) VALUES (27, 13, 27);
INSERT IGNORE INTO AlamatPembeli (id_alamat_pembeli, id_pembeli, id_alamat) VALUES (28, 14, 82);
INSERT IGNORE INTO AlamatPembeli (id_alamat_pembeli, id_pembeli, id_alamat) VALUES (29, 14, 77);
INSERT IGNORE INTO AlamatPembeli (id_alamat_pembeli, id_pembeli, id_alamat) VALUES (30, 15, 64);
INSERT IGNORE INTO AlamatPembeli (id_alamat_pembeli, id_pembeli, id_alamat) VALUES (31, 15, 82);
INSERT IGNORE INTO AlamatPembeli (id_alamat_pembeli, id_pembeli, id_alamat) VALUES (32, 16, 54);
INSERT IGNORE INTO AlamatPembeli (id_alamat_pembeli, id_pembeli, id_alamat) VALUES (33, 16, 69);
INSERT IGNORE INTO AlamatPembeli (id_alamat_pembeli, id_pembeli, id_alamat) VALUES (34, 16, 52);
INSERT IGNORE INTO AlamatPembeli (id_alamat_pembeli, id_pembeli, id_alamat) VALUES (35, 17, 13);
INSERT IGNORE INTO AlamatPembeli (id_alamat_pembeli, id_pembeli, id_alamat) VALUES (36, 18, 39);
INSERT IGNORE INTO AlamatPembeli (id_alamat_pembeli, id_pembeli, id_alamat) VALUES (37, 18, 2);
INSERT IGNORE INTO AlamatPembeli (id_alamat_pembeli, id_pembeli, id_alamat) VALUES (38, 18, 83);
INSERT IGNORE INTO AlamatPembeli (id_alamat_pembeli, id_pembeli, id_alamat) VALUES (39, 19, 59);
INSERT IGNORE INTO AlamatPembeli (id_alamat_pembeli, id_pembeli, id_alamat) VALUES (40, 19, 43);
INSERT IGNORE INTO AlamatPembeli (id_alamat_pembeli, id_pembeli, id_alamat) VALUES (41, 19, 29);
INSERT IGNORE INTO AlamatPembeli (id_alamat_pembeli, id_pembeli, id_alamat) VALUES (42, 20, 44);
INSERT IGNORE INTO AlamatPembeli (id_alamat_pembeli, id_pembeli, id_alamat) VALUES (43, 20, 51);
INSERT IGNORE INTO AlamatPembeli (id_alamat_pembeli, id_pembeli, id_alamat) VALUES (44, 20, 13);
INSERT IGNORE INTO AlamatPembeli (id_alamat_pembeli, id_pembeli, id_alamat) VALUES (45, 21, 11);
INSERT IGNORE INTO AlamatPembeli (id_alamat_pembeli, id_pembeli, id_alamat) VALUES (46, 22, 76);
INSERT IGNORE INTO AlamatPembeli (id_alamat_pembeli, id_pembeli, id_alamat) VALUES (47, 22, 49);
INSERT IGNORE INTO AlamatPembeli (id_alamat_pembeli, id_pembeli, id_alamat) VALUES (48, 22, 67);
INSERT IGNORE INTO AlamatPembeli (id_alamat_pembeli, id_pembeli, id_alamat) VALUES (49, 23, 97);
INSERT IGNORE INTO AlamatPembeli (id_alamat_pembeli, id_pembeli, id_alamat) VALUES (50, 23, 35);
INSERT IGNORE INTO AlamatPembeli (id_alamat_pembeli, id_pembeli, id_alamat) VALUES (51, 24, 25);
INSERT IGNORE INTO AlamatPembeli (id_alamat_pembeli, id_pembeli, id_alamat) VALUES (52, 24, 9);
INSERT IGNORE INTO AlamatPembeli (id_alamat_pembeli, id_pembeli, id_alamat) VALUES (53, 25, 9);
INSERT IGNORE INTO AlamatPembeli (id_alamat_pembeli, id_pembeli, id_alamat) VALUES (54, 26, 72);
INSERT IGNORE INTO AlamatPembeli (id_alamat_pembeli, id_pembeli, id_alamat) VALUES (55, 26, 49);
INSERT IGNORE INTO AlamatPembeli (id_alamat_pembeli, id_pembeli, id_alamat) VALUES (56, 27, 73);
INSERT IGNORE INTO AlamatPembeli (id_alamat_pembeli, id_pembeli, id_alamat) VALUES (57, 28, 64);
INSERT IGNORE INTO AlamatPembeli (id_alamat_pembeli, id_pembeli, id_alamat) VALUES (58, 28, 80);
INSERT IGNORE INTO AlamatPembeli (id_alamat_pembeli, id_pembeli, id_alamat) VALUES (59, 28, 26);
INSERT IGNORE INTO AlamatPembeli (id_alamat_pembeli, id_pembeli, id_alamat) VALUES (60, 29, 29);
INSERT IGNORE INTO AlamatPembeli (id_alamat_pembeli, id_pembeli, id_alamat) VALUES (61, 29, 90);
INSERT IGNORE INTO AlamatPembeli (id_alamat_pembeli, id_pembeli, id_alamat) VALUES (62, 30, 19);
INSERT IGNORE INTO AlamatPembeli (id_alamat_pembeli, id_pembeli, id_alamat) VALUES (63, 31, 27);
INSERT IGNORE INTO AlamatPembeli (id_alamat_pembeli, id_pembeli, id_alamat) VALUES (64, 31, 98);
INSERT IGNORE INTO AlamatPembeli (id_alamat_pembeli, id_pembeli, id_alamat) VALUES (65, 32, 27);
INSERT IGNORE INTO AlamatPembeli (id_alamat_pembeli, id_pembeli, id_alamat) VALUES (66, 33, 64);
INSERT IGNORE INTO AlamatPembeli (id_alamat_pembeli, id_pembeli, id_alamat) VALUES (67, 34, 56);
INSERT IGNORE INTO AlamatPembeli (id_alamat_pembeli, id_pembeli, id_alamat) VALUES (68, 34, 87);
INSERT IGNORE INTO AlamatPembeli (id_alamat_pembeli, id_pembeli, id_alamat) VALUES (69, 34, 80);
INSERT IGNORE INTO AlamatPembeli (id_alamat_pembeli, id_pembeli, id_alamat) VALUES (70, 35, 12);
INSERT IGNORE INTO AlamatPembeli (id_alamat_pembeli, id_pembeli, id_alamat) VALUES (71, 36, 42);
INSERT IGNORE INTO AlamatPembeli (id_alamat_pembeli, id_pembeli, id_alamat) VALUES (72, 37, 18);
INSERT IGNORE INTO AlamatPembeli (id_alamat_pembeli, id_pembeli, id_alamat) VALUES (73, 38, 45);
INSERT IGNORE INTO AlamatPembeli (id_alamat_pembeli, id_pembeli, id_alamat) VALUES (74, 38, 95);
INSERT IGNORE INTO AlamatPembeli (id_alamat_pembeli, id_pembeli, id_alamat) VALUES (75, 39, 13);
INSERT IGNORE INTO AlamatPembeli (id_alamat_pembeli, id_pembeli, id_alamat) VALUES (76, 39, 40);
INSERT IGNORE INTO AlamatPembeli (id_alamat_pembeli, id_pembeli, id_alamat) VALUES (77, 40, 49);
INSERT IGNORE INTO AlamatPembeli (id_alamat_pembeli, id_pembeli, id_alamat) VALUES (78, 40, 27);
INSERT IGNORE INTO AlamatPembeli (id_alamat_pembeli, id_pembeli, id_alamat) VALUES (79, 40, 20);
INSERT IGNORE INTO AlamatPembeli (id_alamat_pembeli, id_pembeli, id_alamat) VALUES (80, 41, 48);
INSERT IGNORE INTO AlamatPembeli (id_alamat_pembeli, id_pembeli, id_alamat) VALUES (81, 41, 87);
INSERT IGNORE INTO AlamatPembeli (id_alamat_pembeli, id_pembeli, id_alamat) VALUES (82, 41, 67);
INSERT IGNORE INTO AlamatPembeli (id_alamat_pembeli, id_pembeli, id_alamat) VALUES (83, 42, 48);
INSERT IGNORE INTO AlamatPembeli (id_alamat_pembeli, id_pembeli, id_alamat) VALUES (84, 42, 79);
INSERT IGNORE INTO AlamatPembeli (id_alamat_pembeli, id_pembeli, id_alamat) VALUES (85, 42, 85);
INSERT IGNORE INTO AlamatPembeli (id_alamat_pembeli, id_pembeli, id_alamat) VALUES (86, 43, 19);
INSERT IGNORE INTO AlamatPembeli (id_alamat_pembeli, id_pembeli, id_alamat) VALUES (87, 43, 8);
INSERT IGNORE INTO AlamatPembeli (id_alamat_pembeli, id_pembeli, id_alamat) VALUES (88, 44, 16);
INSERT IGNORE INTO AlamatPembeli (id_alamat_pembeli, id_pembeli, id_alamat) VALUES (89, 45, 7);
INSERT IGNORE INTO AlamatPembeli (id_alamat_pembeli, id_pembeli, id_alamat) VALUES (90, 45, 84);
INSERT IGNORE INTO AlamatPembeli (id_alamat_pembeli, id_pembeli, id_alamat) VALUES (91, 45, 23);
INSERT IGNORE INTO AlamatPembeli (id_alamat_pembeli, id_pembeli, id_alamat) VALUES (92, 46, 72);
INSERT IGNORE INTO AlamatPembeli (id_alamat_pembeli, id_pembeli, id_alamat) VALUES (93, 47, 23);
INSERT IGNORE INTO AlamatPembeli (id_alamat_pembeli, id_pembeli, id_alamat) VALUES (94, 48, 88);
INSERT IGNORE INTO AlamatPembeli (id_alamat_pembeli, id_pembeli, id_alamat) VALUES (95, 49, 59);
INSERT IGNORE INTO AlamatPembeli (id_alamat_pembeli, id_pembeli, id_alamat) VALUES (96, 49, 75);
INSERT IGNORE INTO AlamatPembeli (id_alamat_pembeli, id_pembeli, id_alamat) VALUES (97, 49, 58);
INSERT IGNORE INTO AlamatPembeli (id_alamat_pembeli, id_pembeli, id_alamat) VALUES (98, 50, 16);
INSERT IGNORE INTO AlamatPembeli (id_alamat_pembeli, id_pembeli, id_alamat) VALUES (99, 50, 22);
INSERT IGNORE INTO AlamatPembeli (id_alamat_pembeli, id_pembeli, id_alamat) VALUES (100, 50, 84);
INSERT IGNORE INTO AlamatPembeli (id_alamat_pembeli, id_pembeli, id_alamat) VALUES (101, 51, 31);
INSERT IGNORE INTO AlamatPembeli (id_alamat_pembeli, id_pembeli, id_alamat) VALUES (102, 52, 78);
INSERT IGNORE INTO AlamatPembeli (id_alamat_pembeli, id_pembeli, id_alamat) VALUES (103, 52, 97);
INSERT IGNORE INTO AlamatPembeli (id_alamat_pembeli, id_pembeli, id_alamat) VALUES (104, 52, 95);
INSERT IGNORE INTO AlamatPembeli (id_alamat_pembeli, id_pembeli, id_alamat) VALUES (105, 53, 89);
INSERT IGNORE INTO AlamatPembeli (id_alamat_pembeli, id_pembeli, id_alamat) VALUES (106, 54, 67);
INSERT IGNORE INTO AlamatPembeli (id_alamat_pembeli, id_pembeli, id_alamat) VALUES (107, 54, 68);
INSERT IGNORE INTO AlamatPembeli (id_alamat_pembeli, id_pembeli, id_alamat) VALUES (108, 55, 49);
INSERT IGNORE INTO AlamatPembeli (id_alamat_pembeli, id_pembeli, id_alamat) VALUES (109, 55, 48);
INSERT IGNORE INTO AlamatPembeli (id_alamat_pembeli, id_pembeli, id_alamat) VALUES (110, 55, 73);
INSERT IGNORE INTO AlamatPembeli (id_alamat_pembeli, id_pembeli, id_alamat) VALUES (111, 56, 48);
INSERT IGNORE INTO AlamatPembeli (id_alamat_pembeli, id_pembeli, id_alamat) VALUES (112, 56, 26);
INSERT IGNORE INTO AlamatPembeli (id_alamat_pembeli, id_pembeli, id_alamat) VALUES (113, 56, 84);
INSERT IGNORE INTO AlamatPembeli (id_alamat_pembeli, id_pembeli, id_alamat) VALUES (114, 57, 78);
INSERT IGNORE INTO AlamatPembeli (id_alamat_pembeli, id_pembeli, id_alamat) VALUES (115, 57, 9);
INSERT IGNORE INTO AlamatPembeli (id_alamat_pembeli, id_pembeli, id_alamat) VALUES (116, 57, 43);
INSERT IGNORE INTO AlamatPembeli (id_alamat_pembeli, id_pembeli, id_alamat) VALUES (117, 58, 25);
INSERT IGNORE INTO AlamatPembeli (id_alamat_pembeli, id_pembeli, id_alamat) VALUES (118, 59, 72);
INSERT IGNORE INTO AlamatPembeli (id_alamat_pembeli, id_pembeli, id_alamat) VALUES (119, 59, 96);
INSERT IGNORE INTO AlamatPembeli (id_alamat_pembeli, id_pembeli, id_alamat) VALUES (120, 59, 14);
INSERT IGNORE INTO AlamatPembeli (id_alamat_pembeli, id_pembeli, id_alamat) VALUES (121, 60, 45);
INSERT IGNORE INTO AlamatPembeli (id_alamat_pembeli, id_pembeli, id_alamat) VALUES (122, 60, 96);
INSERT IGNORE INTO AlamatPembeli (id_alamat_pembeli, id_pembeli, id_alamat) VALUES (123, 60, 31);

-- AlamatDefault
INSERT IGNORE INTO AlamatDefault (id_alamat_pembeli, is_default) VALUES (1, TRUE);
INSERT IGNORE INTO AlamatDefault (id_alamat_pembeli, is_default) VALUES (5, TRUE);
INSERT IGNORE INTO AlamatDefault (id_alamat_pembeli, is_default) VALUES (8, TRUE);
INSERT IGNORE INTO AlamatDefault (id_alamat_pembeli, is_default) VALUES (10, TRUE);
INSERT IGNORE INTO AlamatDefault (id_alamat_pembeli, is_default) VALUES (11, TRUE);
INSERT IGNORE INTO AlamatDefault (id_alamat_pembeli, is_default) VALUES (14, TRUE);
INSERT IGNORE INTO AlamatDefault (id_alamat_pembeli, is_default) VALUES (16, TRUE);
INSERT IGNORE INTO AlamatDefault (id_alamat_pembeli, is_default) VALUES (17, TRUE);
INSERT IGNORE INTO AlamatDefault (id_alamat_pembeli, is_default) VALUES (18, TRUE);
INSERT IGNORE INTO AlamatDefault (id_alamat_pembeli, is_default) VALUES (21, TRUE);
INSERT IGNORE INTO AlamatDefault (id_alamat_pembeli, is_default) VALUES (22, TRUE);
INSERT IGNORE INTO AlamatDefault (id_alamat_pembeli, is_default) VALUES (25, TRUE);
INSERT IGNORE INTO AlamatDefault (id_alamat_pembeli, is_default) VALUES (27, TRUE);
INSERT IGNORE INTO AlamatDefault (id_alamat_pembeli, is_default) VALUES (29, TRUE);
INSERT IGNORE INTO AlamatDefault (id_alamat_pembeli, is_default) VALUES (30, TRUE);
INSERT IGNORE INTO AlamatDefault (id_alamat_pembeli, is_default) VALUES (32, TRUE);
INSERT IGNORE INTO AlamatDefault (id_alamat_pembeli, is_default) VALUES (35, TRUE);
INSERT IGNORE INTO AlamatDefault (id_alamat_pembeli, is_default) VALUES (36, TRUE);
INSERT IGNORE INTO AlamatDefault (id_alamat_pembeli, is_default) VALUES (40, TRUE);
INSERT IGNORE INTO AlamatDefault (id_alamat_pembeli, is_default) VALUES (44, TRUE);
INSERT IGNORE INTO AlamatDefault (id_alamat_pembeli, is_default) VALUES (45, TRUE);
INSERT IGNORE INTO AlamatDefault (id_alamat_pembeli, is_default) VALUES (46, TRUE);
INSERT IGNORE INTO AlamatDefault (id_alamat_pembeli, is_default) VALUES (49, TRUE);
INSERT IGNORE INTO AlamatDefault (id_alamat_pembeli, is_default) VALUES (51, TRUE);
INSERT IGNORE INTO AlamatDefault (id_alamat_pembeli, is_default) VALUES (53, TRUE);
INSERT IGNORE INTO AlamatDefault (id_alamat_pembeli, is_default) VALUES (55, TRUE);
INSERT IGNORE INTO AlamatDefault (id_alamat_pembeli, is_default) VALUES (56, TRUE);
INSERT IGNORE INTO AlamatDefault (id_alamat_pembeli, is_default) VALUES (57, TRUE);
INSERT IGNORE INTO AlamatDefault (id_alamat_pembeli, is_default) VALUES (60, TRUE);
INSERT IGNORE INTO AlamatDefault (id_alamat_pembeli, is_default) VALUES (62, TRUE);
INSERT IGNORE INTO AlamatDefault (id_alamat_pembeli, is_default) VALUES (64, TRUE);
INSERT IGNORE INTO AlamatDefault (id_alamat_pembeli, is_default) VALUES (65, TRUE);
INSERT IGNORE INTO AlamatDefault (id_alamat_pembeli, is_default) VALUES (66, TRUE);
INSERT IGNORE INTO AlamatDefault (id_alamat_pembeli, is_default) VALUES (67, TRUE);
INSERT IGNORE INTO AlamatDefault (id_alamat_pembeli, is_default) VALUES (70, TRUE);
INSERT IGNORE INTO AlamatDefault (id_alamat_pembeli, is_default) VALUES (71, TRUE);
INSERT IGNORE INTO AlamatDefault (id_alamat_pembeli, is_default) VALUES (72, TRUE);
INSERT IGNORE INTO AlamatDefault (id_alamat_pembeli, is_default) VALUES (74, TRUE);
INSERT IGNORE INTO AlamatDefault (id_alamat_pembeli, is_default) VALUES (76, TRUE);
INSERT IGNORE INTO AlamatDefault (id_alamat_pembeli, is_default) VALUES (77, TRUE);
INSERT IGNORE INTO AlamatDefault (id_alamat_pembeli, is_default) VALUES (81, TRUE);
INSERT IGNORE INTO AlamatDefault (id_alamat_pembeli, is_default) VALUES (83, TRUE);
INSERT IGNORE INTO AlamatDefault (id_alamat_pembeli, is_default) VALUES (86, TRUE);
INSERT IGNORE INTO AlamatDefault (id_alamat_pembeli, is_default) VALUES (88, TRUE);
INSERT IGNORE INTO AlamatDefault (id_alamat_pembeli, is_default) VALUES (89, TRUE);
INSERT IGNORE INTO AlamatDefault (id_alamat_pembeli, is_default) VALUES (92, TRUE);
INSERT IGNORE INTO AlamatDefault (id_alamat_pembeli, is_default) VALUES (93, TRUE);
INSERT IGNORE INTO AlamatDefault (id_alamat_pembeli, is_default) VALUES (94, TRUE);
INSERT IGNORE INTO AlamatDefault (id_alamat_pembeli, is_default) VALUES (96, TRUE);
INSERT IGNORE INTO AlamatDefault (id_alamat_pembeli, is_default) VALUES (99, TRUE);
INSERT IGNORE INTO AlamatDefault (id_alamat_pembeli, is_default) VALUES (101, TRUE);
INSERT IGNORE INTO AlamatDefault (id_alamat_pembeli, is_default) VALUES (103, TRUE);
INSERT IGNORE INTO AlamatDefault (id_alamat_pembeli, is_default) VALUES (105, TRUE);
INSERT IGNORE INTO AlamatDefault (id_alamat_pembeli, is_default) VALUES (106, TRUE);
INSERT IGNORE INTO AlamatDefault (id_alamat_pembeli, is_default) VALUES (109, TRUE);
INSERT IGNORE INTO AlamatDefault (id_alamat_pembeli, is_default) VALUES (112, TRUE);
INSERT IGNORE INTO AlamatDefault (id_alamat_pembeli, is_default) VALUES (114, TRUE);
INSERT IGNORE INTO AlamatDefault (id_alamat_pembeli, is_default) VALUES (117, TRUE);
INSERT IGNORE INTO AlamatDefault (id_alamat_pembeli, is_default) VALUES (119, TRUE);
INSERT IGNORE INTO AlamatDefault (id_alamat_pembeli, is_default) VALUES (121, TRUE);

-- Keranjang
INSERT IGNORE INTO Keranjang (id_keranjang, id_pembeli) VALUES (1, 1);
INSERT IGNORE INTO Keranjang (id_keranjang, id_pembeli) VALUES (2, 2);
INSERT IGNORE INTO Keranjang (id_keranjang, id_pembeli) VALUES (3, 3);
INSERT IGNORE INTO Keranjang (id_keranjang, id_pembeli) VALUES (4, 4);
INSERT IGNORE INTO Keranjang (id_keranjang, id_pembeli) VALUES (5, 5);
INSERT IGNORE INTO Keranjang (id_keranjang, id_pembeli) VALUES (6, 6);
INSERT IGNORE INTO Keranjang (id_keranjang, id_pembeli) VALUES (7, 7);
INSERT IGNORE INTO Keranjang (id_keranjang, id_pembeli) VALUES (8, 8);
INSERT IGNORE INTO Keranjang (id_keranjang, id_pembeli) VALUES (9, 9);
INSERT IGNORE INTO Keranjang (id_keranjang, id_pembeli) VALUES (10, 10);
INSERT IGNORE INTO Keranjang (id_keranjang, id_pembeli) VALUES (11, 11);
INSERT IGNORE INTO Keranjang (id_keranjang, id_pembeli) VALUES (12, 12);
INSERT IGNORE INTO Keranjang (id_keranjang, id_pembeli) VALUES (13, 13);
INSERT IGNORE INTO Keranjang (id_keranjang, id_pembeli) VALUES (14, 14);
INSERT IGNORE INTO Keranjang (id_keranjang, id_pembeli) VALUES (15, 15);
INSERT IGNORE INTO Keranjang (id_keranjang, id_pembeli) VALUES (16, 16);
INSERT IGNORE INTO Keranjang (id_keranjang, id_pembeli) VALUES (17, 17);
INSERT IGNORE INTO Keranjang (id_keranjang, id_pembeli) VALUES (18, 18);
INSERT IGNORE INTO Keranjang (id_keranjang, id_pembeli) VALUES (19, 19);
INSERT IGNORE INTO Keranjang (id_keranjang, id_pembeli) VALUES (20, 20);
INSERT IGNORE INTO Keranjang (id_keranjang, id_pembeli) VALUES (21, 21);
INSERT IGNORE INTO Keranjang (id_keranjang, id_pembeli) VALUES (22, 22);
INSERT IGNORE INTO Keranjang (id_keranjang, id_pembeli) VALUES (23, 23);
INSERT IGNORE INTO Keranjang (id_keranjang, id_pembeli) VALUES (24, 24);
INSERT IGNORE INTO Keranjang (id_keranjang, id_pembeli) VALUES (25, 25);
INSERT IGNORE INTO Keranjang (id_keranjang, id_pembeli) VALUES (26, 26);
INSERT IGNORE INTO Keranjang (id_keranjang, id_pembeli) VALUES (27, 27);
INSERT IGNORE INTO Keranjang (id_keranjang, id_pembeli) VALUES (28, 28);
INSERT IGNORE INTO Keranjang (id_keranjang, id_pembeli) VALUES (29, 29);
INSERT IGNORE INTO Keranjang (id_keranjang, id_pembeli) VALUES (30, 30);
INSERT IGNORE INTO Keranjang (id_keranjang, id_pembeli) VALUES (31, 31);
INSERT IGNORE INTO Keranjang (id_keranjang, id_pembeli) VALUES (32, 32);
INSERT IGNORE INTO Keranjang (id_keranjang, id_pembeli) VALUES (33, 33);
INSERT IGNORE INTO Keranjang (id_keranjang, id_pembeli) VALUES (34, 34);
INSERT IGNORE INTO Keranjang (id_keranjang, id_pembeli) VALUES (35, 35);
INSERT IGNORE INTO Keranjang (id_keranjang, id_pembeli) VALUES (36, 36);
INSERT IGNORE INTO Keranjang (id_keranjang, id_pembeli) VALUES (37, 37);
INSERT IGNORE INTO Keranjang (id_keranjang, id_pembeli) VALUES (38, 38);
INSERT IGNORE INTO Keranjang (id_keranjang, id_pembeli) VALUES (39, 39);
INSERT IGNORE INTO Keranjang (id_keranjang, id_pembeli) VALUES (40, 40);
INSERT IGNORE INTO Keranjang (id_keranjang, id_pembeli) VALUES (41, 41);
INSERT IGNORE INTO Keranjang (id_keranjang, id_pembeli) VALUES (42, 42);
INSERT IGNORE INTO Keranjang (id_keranjang, id_pembeli) VALUES (43, 43);
INSERT IGNORE INTO Keranjang (id_keranjang, id_pembeli) VALUES (44, 44);
INSERT IGNORE INTO Keranjang (id_keranjang, id_pembeli) VALUES (45, 45);
INSERT IGNORE INTO Keranjang (id_keranjang, id_pembeli) VALUES (46, 46);
INSERT IGNORE INTO Keranjang (id_keranjang, id_pembeli) VALUES (47, 47);
INSERT IGNORE INTO Keranjang (id_keranjang, id_pembeli) VALUES (48, 48);
INSERT IGNORE INTO Keranjang (id_keranjang, id_pembeli) VALUES (49, 49);
INSERT IGNORE INTO Keranjang (id_keranjang, id_pembeli) VALUES (50, 50);
INSERT IGNORE INTO Keranjang (id_keranjang, id_pembeli) VALUES (51, 51);
INSERT IGNORE INTO Keranjang (id_keranjang, id_pembeli) VALUES (52, 52);
INSERT IGNORE INTO Keranjang (id_keranjang, id_pembeli) VALUES (53, 53);
INSERT IGNORE INTO Keranjang (id_keranjang, id_pembeli) VALUES (54, 54);
INSERT IGNORE INTO Keranjang (id_keranjang, id_pembeli) VALUES (55, 55);
INSERT IGNORE INTO Keranjang (id_keranjang, id_pembeli) VALUES (56, 56);
INSERT IGNORE INTO Keranjang (id_keranjang, id_pembeli) VALUES (57, 57);
INSERT IGNORE INTO Keranjang (id_keranjang, id_pembeli) VALUES (58, 58);
INSERT IGNORE INTO Keranjang (id_keranjang, id_pembeli) VALUES (59, 59);
INSERT IGNORE INTO Keranjang (id_keranjang, id_pembeli) VALUES (60, 60);

-- AtributVarian
INSERT IGNORE INTO AtributVarian (atribut_varian, nama) VALUES ('WARNA', 'Warna');
INSERT IGNORE INTO AtributVarian (atribut_varian, nama) VALUES ('UKURAN', 'Ukuran');
INSERT IGNORE INTO AtributVarian (atribut_varian, nama) VALUES ('MATERIAL', 'Material');
INSERT IGNORE INTO AtributVarian (atribut_varian, nama) VALUES ('RAM', 'RAM');
INSERT IGNORE INTO AtributVarian (atribut_varian, nama) VALUES ('STORAGE_INTERNAL', 'Penyimpanan Internal');
INSERT IGNORE INTO AtributVarian (atribut_varian, nama) VALUES ('JENIS_KAIN', 'Jenis Kain');
INSERT IGNORE INTO AtributVarian (atribut_varian, nama) VALUES ('RESOLUSI_LAYAR', 'Resolusi Layar');

-- Produk, VarianProduk, ProdukVarianAtribut
INSERT IGNORE INTO Produk (id_produk, id_penjual, nama, deskripsi) VALUES (1, 23, 'Mesh Innovative Functionalities Modern', 'Assumenda fugit ea modi dolore incidunt vitae inventore.');
INSERT IGNORE INTO VarianProduk (sku, id_produk, harga, stok) VALUES ('SKU000001', 1, 366736.32, 117);
INSERT IGNORE INTO ProdukVarianAtribut (id_produk, atribut_varian, sku, nilai) VALUES (1, 'RESOLUSI_LAYAR', 'SKU000001', 'FHD');
INSERT IGNORE INTO ProdukVarianAtribut (id_produk, atribut_varian, sku, nilai) VALUES (1, 'STORAGE_INTERNAL', 'SKU000001', '64GB');
INSERT IGNORE INTO Produk (id_produk, id_penjual, nama, deskripsi) VALUES (2, 31, 'Revolutionize Distributed Roi Premium', 'Reprehenderit est et sit culpa nostrum delectus. Tempore tempora laborum assumenda ea.');
INSERT IGNORE INTO VarianProduk (sku, id_produk, harga, stok) VALUES ('SKU000002', 2, 304566.38, 90);
INSERT IGNORE INTO ProdukVarianAtribut (id_produk, atribut_varian, sku, nilai) VALUES (2, 'RESOLUSI_LAYAR', 'SKU000002', 'QHD');
INSERT IGNORE INTO VarianProduk (sku, id_produk, harga, stok) VALUES ('SKU000003', 2, 2938563.52, 132);
INSERT IGNORE INTO ProdukVarianAtribut (id_produk, atribut_varian, sku, nilai) VALUES (2, 'JENIS_KAIN', 'SKU000003', 'Rayon');
INSERT IGNORE INTO ProdukVarianAtribut (id_produk, atribut_varian, sku, nilai) VALUES (2, 'WARNA', 'SKU000003', 'Putih');
INSERT IGNORE INTO ProdukVarianAtribut (id_produk, atribut_varian, sku, nilai) VALUES (2, 'RAM', 'SKU000003', '12GB');
INSERT IGNORE INTO Produk (id_produk, id_penjual, nama, deskripsi) VALUES (3, 42, 'Maximize Back-End Mindshare Edisi Terbatas', 'Exercitationem exercitationem exercitationem laborum atque vel numquam consequatur. Ab minus iure quod illo. Libero eius libero aperiam quo impedit facere. Voluptates nesciunt dignissimos quos quisquam quaerat.');
INSERT IGNORE INTO VarianProduk (sku, id_produk, harga, stok) VALUES ('SKU000004', 3, 725086.36, 122);
INSERT IGNORE INTO ProdukVarianAtribut (id_produk, atribut_varian, sku, nilai) VALUES (3, 'JENIS_KAIN', 'SKU000004', 'Rayon');
INSERT IGNORE INTO ProdukVarianAtribut (id_produk, atribut_varian, sku, nilai) VALUES (3, 'RAM', 'SKU000004', '32GB');
INSERT IGNORE INTO Produk (id_produk, id_penjual, nama, deskripsi) VALUES (4, 37, 'Orchestrate 24/7 Bandwidth Modern', 'Saepe ratione perferendis neque qui assumenda quos. Laborum cupiditate perferendis perferendis nostrum explicabo. Quo consequuntur id dolorem maiores porro. Atque velit expedita voluptatum. Error hic laboriosam fugiat exercitationem commodi.');
INSERT IGNORE INTO VarianProduk (sku, id_produk, harga, stok) VALUES ('SKU000005', 4, 1630815.99, 45);
INSERT IGNORE INTO ProdukVarianAtribut (id_produk, atribut_varian, sku, nilai) VALUES (4, 'RAM', 'SKU000005', '32GB');
INSERT IGNORE INTO ProdukVarianAtribut (id_produk, atribut_varian, sku, nilai) VALUES (4, 'MATERIAL', 'SKU000005', 'Plastik ABS Food Grade');
INSERT IGNORE INTO ProdukVarianAtribut (id_produk, atribut_varian, sku, nilai) VALUES (4, 'JENIS_KAIN', 'SKU000005', 'Flanel');
INSERT IGNORE INTO VarianProduk (sku, id_produk, harga, stok) VALUES ('SKU000006', 4, 2789548.62, 10);
INSERT IGNORE INTO ProdukVarianAtribut (id_produk, atribut_varian, sku, nilai) VALUES (4, 'UKURAN', 'SKU000006', '40');
INSERT IGNORE INTO ProdukVarianAtribut (id_produk, atribut_varian, sku, nilai) VALUES (4, 'WARNA', 'SKU000006', 'Magenta');
INSERT IGNORE INTO VarianProduk (sku, id_produk, harga, stok) VALUES ('SKU000007', 4, 1832152.99, 120);
INSERT IGNORE INTO ProdukVarianAtribut (id_produk, atribut_varian, sku, nilai) VALUES (4, 'JENIS_KAIN', 'SKU000007', 'Denim');
INSERT IGNORE INTO ProdukVarianAtribut (id_produk, atribut_varian, sku, nilai) VALUES (4, 'STORAGE_INTERNAL', 'SKU000007', '1TB');
INSERT IGNORE INTO Produk (id_produk, id_penjual, nama, deskripsi) VALUES (5, 27, 'Synergize Extensible E-Commerce Premium', 'Iusto eligendi velit repellat odio fuga veniam. Odit ducimus sit.');
INSERT IGNORE INTO VarianProduk (sku, id_produk, harga, stok) VALUES ('SKU000008', 5, 1443823.78, 19);
INSERT IGNORE INTO ProdukVarianAtribut (id_produk, atribut_varian, sku, nilai) VALUES (5, 'RAM', 'SKU000008', '32GB');
INSERT IGNORE INTO ProdukVarianAtribut (id_produk, atribut_varian, sku, nilai) VALUES (5, 'RESOLUSI_LAYAR', 'SKU000008', 'FHD');
INSERT IGNORE INTO VarianProduk (sku, id_produk, harga, stok) VALUES ('SKU000009', 5, 850541.44, 67);
INSERT IGNORE INTO ProdukVarianAtribut (id_produk, atribut_varian, sku, nilai) VALUES (5, 'WARNA', 'SKU000009', 'Coklat tua');
INSERT IGNORE INTO Produk (id_produk, id_penjual, nama, deskripsi) VALUES (6, 47, 'Seize B2B Markets Serbaguna', 'Excepturi enim libero blanditiis qui. Ea placeat fugiat alias nihil pariatur.');
INSERT IGNORE INTO VarianProduk (sku, id_produk, harga, stok) VALUES ('SKU000010', 6, 2165244.33, 118);
INSERT IGNORE INTO ProdukVarianAtribut (id_produk, atribut_varian, sku, nilai) VALUES (6, 'STORAGE_INTERNAL', 'SKU000010', '256GB');
INSERT IGNORE INTO ProdukVarianAtribut (id_produk, atribut_varian, sku, nilai) VALUES (6, 'UKURAN', 'SKU000010', 'All Size');
INSERT IGNORE INTO ProdukVarianAtribut (id_produk, atribut_varian, sku, nilai) VALUES (6, 'JENIS_KAIN', 'SKU000010', 'Flanel');
INSERT IGNORE INTO Produk (id_produk, id_penjual, nama, deskripsi) VALUES (7, 22, 'Synthesize 24/7 Channels Premium', 'Accusamus minus perferendis excepturi adipisci commodi. Porro doloribus quod excepturi.');
INSERT IGNORE INTO VarianProduk (sku, id_produk, harga, stok) VALUES ('SKU000011', 7, 2606595.61, 42);
INSERT IGNORE INTO ProdukVarianAtribut (id_produk, atribut_varian, sku, nilai) VALUES (7, 'STORAGE_INTERNAL', 'SKU000011', '1TB');
INSERT IGNORE INTO ProdukVarianAtribut (id_produk, atribut_varian, sku, nilai) VALUES (7, 'RAM', 'SKU000011', '4GB');
INSERT IGNORE INTO ProdukVarianAtribut (id_produk, atribut_varian, sku, nilai) VALUES (7, 'RESOLUSI_LAYAR', 'SKU000011', 'FHD');
INSERT IGNORE INTO VarianProduk (sku, id_produk, harga, stok) VALUES ('SKU000012', 7, 584943.26, 85);
INSERT IGNORE INTO ProdukVarianAtribut (id_produk, atribut_varian, sku, nilai) VALUES (7, 'RAM', 'SKU000012', '32GB');
INSERT IGNORE INTO VarianProduk (sku, id_produk, harga, stok) VALUES ('SKU000013', 7, 46135.78, 31);
INSERT IGNORE INTO ProdukVarianAtribut (id_produk, atribut_varian, sku, nilai) VALUES (7, 'WARNA', 'SKU000013', 'Abu-abu');
INSERT IGNORE INTO Produk (id_produk, id_penjual, nama, deskripsi) VALUES (8, 20, 'Disintermediate Scalable Systems Edisi Terbatas', 'Quis et minus neque delectus veniam. Earum accusamus in tempore blanditiis perspiciatis numquam animi. Cum beatae suscipit porro ducimus occaecati.');
INSERT IGNORE INTO VarianProduk (sku, id_produk, harga, stok) VALUES ('SKU000014', 8, 1531703.13, 64);
INSERT IGNORE INTO ProdukVarianAtribut (id_produk, atribut_varian, sku, nilai) VALUES (8, 'RESOLUSI_LAYAR', 'SKU000014', 'QHD');
INSERT IGNORE INTO ProdukVarianAtribut (id_produk, atribut_varian, sku, nilai) VALUES (8, 'UKURAN', 'SKU000014', '39');
INSERT IGNORE INTO ProdukVarianAtribut (id_produk, atribut_varian, sku, nilai) VALUES (8, 'JENIS_KAIN', 'SKU000014', 'Rayon');
INSERT IGNORE INTO VarianProduk (sku, id_produk, harga, stok) VALUES ('SKU000015', 8, 1348635.09, 78);
INSERT IGNORE INTO ProdukVarianAtribut (id_produk, atribut_varian, sku, nilai) VALUES (8, 'JENIS_KAIN', 'SKU000015', 'Flanel');
INSERT IGNORE INTO ProdukVarianAtribut (id_produk, atribut_varian, sku, nilai) VALUES (8, 'MATERIAL', 'SKU000015', 'Kanvas Tebal');
INSERT IGNORE INTO ProdukVarianAtribut (id_produk, atribut_varian, sku, nilai) VALUES (8, 'STORAGE_INTERNAL', 'SKU000015', '128GB');
INSERT IGNORE INTO Produk (id_produk, id_penjual, nama, deskripsi) VALUES (9, 7, 'Disintermediate Plug-And-Play Channels Serbaguna', 'Molestiae atque fugit facilis dolores laudantium quidem laboriosam. Possimus voluptatibus eos perspiciatis odio. Voluptas nisi nulla culpa quod. Vitae tenetur voluptatum est rerum dicta.');
INSERT IGNORE INTO VarianProduk (sku, id_produk, harga, stok) VALUES ('SKU000016', 9, 2606688.81, 121);
INSERT IGNORE INTO ProdukVarianAtribut (id_produk, atribut_varian, sku, nilai) VALUES (9, 'JENIS_KAIN', 'SKU000016', 'Rayon');
INSERT IGNORE INTO ProdukVarianAtribut (id_produk, atribut_varian, sku, nilai) VALUES (9, 'RESOLUSI_LAYAR', 'SKU000016', 'HD');
INSERT IGNORE INTO ProdukVarianAtribut (id_produk, atribut_varian, sku, nilai) VALUES (9, 'WARNA', 'SKU000016', 'Coklat');
INSERT IGNORE INTO Produk (id_produk, id_penjual, nama, deskripsi) VALUES (10, 13, 'Aggregate E-Business Content Modern', 'Odit sed aliquid voluptates aspernatur. Voluptatibus expedita accusamus beatae eos molestias. Consectetur ullam perspiciatis fugit nobis veritatis.');
INSERT IGNORE INTO VarianProduk (sku, id_produk, harga, stok) VALUES ('SKU000017', 10, 910985.02, 38);
INSERT IGNORE INTO ProdukVarianAtribut (id_produk, atribut_varian, sku, nilai) VALUES (10, 'MATERIAL', 'SKU000017', 'Plastik ABS Food Grade');
INSERT IGNORE INTO VarianProduk (sku, id_produk, harga, stok) VALUES ('SKU000018', 10, 1755763.04, 7);
INSERT IGNORE INTO ProdukVarianAtribut (id_produk, atribut_varian, sku, nilai) VALUES (10, 'MATERIAL', 'SKU000018', 'Plastik ABS Food Grade');
INSERT IGNORE INTO VarianProduk (sku, id_produk, harga, stok) VALUES ('SKU000019', 10, 1065378.28, 63);
INSERT IGNORE INTO ProdukVarianAtribut (id_produk, atribut_varian, sku, nilai) VALUES (10, 'STORAGE_INTERNAL', 'SKU000019', '256GB');
INSERT IGNORE INTO Produk (id_produk, id_penjual, nama, deskripsi) VALUES (11, 1, 'Incubate Value-Added Initiatives Serbaguna', 'Cum iure commodi vel quos aperiam necessitatibus.');
INSERT IGNORE INTO VarianProduk (sku, id_produk, harga, stok) VALUES ('SKU000020', 11, 330005.32, 124);
INSERT IGNORE INTO ProdukVarianAtribut (id_produk, atribut_varian, sku, nilai) VALUES (11, 'RESOLUSI_LAYAR', 'SKU000020', '4K');
INSERT IGNORE INTO ProdukVarianAtribut (id_produk, atribut_varian, sku, nilai) VALUES (11, 'MATERIAL', 'SKU000020', 'Katun Combed 30s');
INSERT IGNORE INTO ProdukVarianAtribut (id_produk, atribut_varian, sku, nilai) VALUES (11, 'UKURAN', 'SKU000020', 'XL');
INSERT IGNORE INTO VarianProduk (sku, id_produk, harga, stok) VALUES ('SKU000021', 11, 990521.19, 73);
INSERT IGNORE INTO ProdukVarianAtribut (id_produk, atribut_varian, sku, nilai) VALUES (11, 'RESOLUSI_LAYAR', 'SKU000021', 'HD');
INSERT IGNORE INTO ProdukVarianAtribut (id_produk, atribut_varian, sku, nilai) VALUES (11, 'JENIS_KAIN', 'SKU000021', 'Flanel');
INSERT IGNORE INTO ProdukVarianAtribut (id_produk, atribut_varian, sku, nilai) VALUES (11, 'RAM', 'SKU000021', '32GB');
INSERT IGNORE INTO VarianProduk (sku, id_produk, harga, stok) VALUES ('SKU000022', 11, 1085120.9, 40);
INSERT IGNORE INTO ProdukVarianAtribut (id_produk, atribut_varian, sku, nilai) VALUES (11, 'STORAGE_INTERNAL', 'SKU000022', '256GB');
INSERT IGNORE INTO Produk (id_produk, id_penjual, nama, deskripsi) VALUES (12, 41, 'Visualize Innovative Web Services Serbaguna', 'Magni deserunt nihil labore doloremque eveniet. Quo earum excepturi neque.');
INSERT IGNORE INTO VarianProduk (sku, id_produk, harga, stok) VALUES ('SKU000023', 12, 800550.29, 130);
INSERT IGNORE INTO ProdukVarianAtribut (id_produk, atribut_varian, sku, nilai) VALUES (12, 'STORAGE_INTERNAL', 'SKU000023', '128GB');
INSERT IGNORE INTO VarianProduk (sku, id_produk, harga, stok) VALUES ('SKU000024', 12, 1434685.15, 90);
INSERT IGNORE INTO ProdukVarianAtribut (id_produk, atribut_varian, sku, nilai) VALUES (12, 'RESOLUSI_LAYAR', 'SKU000024', 'FHD');
INSERT IGNORE INTO Produk (id_produk, id_penjual, nama, deskripsi) VALUES (13, 42, 'Incentivize Ubiquitous Experiences Modern', 'Corrupti temporibus eveniet quod eaque. Laboriosam nulla veniam non aliquid voluptatibus. Nemo porro ducimus ex ullam inventore.');
INSERT IGNORE INTO VarianProduk (sku, id_produk, harga, stok) VALUES ('SKU000025', 13, 19617.6, 88);
INSERT IGNORE INTO ProdukVarianAtribut (id_produk, atribut_varian, sku, nilai) VALUES (13, 'MATERIAL', 'SKU000025', 'Kulit Sintetis PU');
INSERT IGNORE INTO Produk (id_produk, id_penjual, nama, deskripsi) VALUES (14, 24, 'Facilitate Compelling Initiatives Modern', 'Eaque hic cupiditate vero ullam quasi harum quisquam. Doloribus numquam necessitatibus.');
INSERT IGNORE INTO VarianProduk (sku, id_produk, harga, stok) VALUES ('SKU000026', 14, 1197368.62, 122);
INSERT IGNORE INTO ProdukVarianAtribut (id_produk, atribut_varian, sku, nilai) VALUES (14, 'JENIS_KAIN', 'SKU000026', 'Denim');
INSERT IGNORE INTO ProdukVarianAtribut (id_produk, atribut_varian, sku, nilai) VALUES (14, 'RAM', 'SKU000026', '8GB');
INSERT IGNORE INTO VarianProduk (sku, id_produk, harga, stok) VALUES ('SKU000027', 14, 1613142.82, 111);
INSERT IGNORE INTO ProdukVarianAtribut (id_produk, atribut_varian, sku, nilai) VALUES (14, 'JENIS_KAIN', 'SKU000027', 'Rayon');
INSERT IGNORE INTO ProdukVarianAtribut (id_produk, atribut_varian, sku, nilai) VALUES (14, 'UKURAN', 'SKU000027', '41');
INSERT IGNORE INTO ProdukVarianAtribut (id_produk, atribut_varian, sku, nilai) VALUES (14, 'MATERIAL', 'SKU000027', 'Plastik ABS Food Grade');
INSERT IGNORE INTO VarianProduk (sku, id_produk, harga, stok) VALUES ('SKU000028', 14, 2081668.81, 85);
INSERT IGNORE INTO ProdukVarianAtribut (id_produk, atribut_varian, sku, nilai) VALUES (14, 'RESOLUSI_LAYAR', 'SKU000028', 'HD');
INSERT IGNORE INTO ProdukVarianAtribut (id_produk, atribut_varian, sku, nilai) VALUES (14, 'STORAGE_INTERNAL', 'SKU000028', '1TB');
INSERT IGNORE INTO ProdukVarianAtribut (id_produk, atribut_varian, sku, nilai) VALUES (14, 'RAM', 'SKU000028', '16GB');
INSERT IGNORE INTO Produk (id_produk, id_penjual, nama, deskripsi) VALUES (15, 14, 'Morph Scalable Supply-Chains Premium', 'Itaque pariatur possimus et temporibus possimus. Debitis laborum accusamus fuga autem delectus eveniet. Ut itaque nostrum libero quam tempore maxime sequi. Molestiae repellat in quod amet nobis odit rerum. A beatae enim hic.');
INSERT IGNORE INTO VarianProduk (sku, id_produk, harga, stok) VALUES ('SKU000029', 15, 2075619.8, 116);
INSERT IGNORE INTO ProdukVarianAtribut (id_produk, atribut_varian, sku, nilai) VALUES (15, 'UKURAN', 'SKU000029', '38');
INSERT IGNORE INTO VarianProduk (sku, id_produk, harga, stok) VALUES ('SKU000030', 15, 2852462.5, 16);
INSERT IGNORE INTO ProdukVarianAtribut (id_produk, atribut_varian, sku, nilai) VALUES (15, 'UKURAN', 'SKU000030', '41');
INSERT IGNORE INTO ProdukVarianAtribut (id_produk, atribut_varian, sku, nilai) VALUES (15, 'RAM', 'SKU000030', '8GB');
INSERT IGNORE INTO VarianProduk (sku, id_produk, harga, stok) VALUES ('SKU000031', 15, 1481849.25, 94);
INSERT IGNORE INTO ProdukVarianAtribut (id_produk, atribut_varian, sku, nilai) VALUES (15, 'RESOLUSI_LAYAR', 'SKU000031', 'HD');
INSERT IGNORE INTO ProdukVarianAtribut (id_produk, atribut_varian, sku, nilai) VALUES (15, 'RAM', 'SKU000031', '32GB');
INSERT IGNORE INTO ProdukVarianAtribut (id_produk, atribut_varian, sku, nilai) VALUES (15, 'MATERIAL', 'SKU000031', 'Plastik ABS Food Grade');
INSERT IGNORE INTO Produk (id_produk, id_penjual, nama, deskripsi) VALUES (16, 19, 'Seize Extensible Eyeballs Modern', 'Esse quo eos ea expedita ratione iste. Autem autem doloremque recusandae tenetur placeat aliquam optio.');
INSERT IGNORE INTO VarianProduk (sku, id_produk, harga, stok) VALUES ('SKU000032', 16, 2641723.19, 73);
INSERT IGNORE INTO ProdukVarianAtribut (id_produk, atribut_varian, sku, nilai) VALUES (16, 'WARNA', 'SKU000032', 'Merah jambu');
INSERT IGNORE INTO ProdukVarianAtribut (id_produk, atribut_varian, sku, nilai) VALUES (16, 'RAM', 'SKU000032', '32GB');
INSERT IGNORE INTO VarianProduk (sku, id_produk, harga, stok) VALUES ('SKU000033', 16, 1850588.9, 143);
INSERT IGNORE INTO ProdukVarianAtribut (id_produk, atribut_varian, sku, nilai) VALUES (16, 'STORAGE_INTERNAL', 'SKU000033', '512GB');
INSERT IGNORE INTO ProdukVarianAtribut (id_produk, atribut_varian, sku, nilai) VALUES (16, 'MATERIAL', 'SKU000033', 'Polyester Blend');
INSERT IGNORE INTO Produk (id_produk, id_penjual, nama, deskripsi) VALUES (17, 25, 'Maximize Dynamic E-Commerce Premium', 'Mollitia dolorum error cupiditate. Eius commodi voluptates itaque.');
INSERT IGNORE INTO VarianProduk (sku, id_produk, harga, stok) VALUES ('SKU000034', 17, 2301692.38, 10);
INSERT IGNORE INTO ProdukVarianAtribut (id_produk, atribut_varian, sku, nilai) VALUES (17, 'MATERIAL', 'SKU000034', 'Kanvas Tebal');
INSERT IGNORE INTO ProdukVarianAtribut (id_produk, atribut_varian, sku, nilai) VALUES (17, 'RAM', 'SKU000034', '16GB');
INSERT IGNORE INTO VarianProduk (sku, id_produk, harga, stok) VALUES ('SKU000035', 17, 2217596.65, 64);
INSERT IGNORE INTO ProdukVarianAtribut (id_produk, atribut_varian, sku, nilai) VALUES (17, 'WARNA', 'SKU000035', 'Hijau muda');
INSERT IGNORE INTO ProdukVarianAtribut (id_produk, atribut_varian, sku, nilai) VALUES (17, 'MATERIAL', 'SKU000035', 'Katun Combed 30s');
INSERT IGNORE INTO Produk (id_produk, id_penjual, nama, deskripsi) VALUES (18, 16, 'Streamline Killer Systems Modern', 'Rerum doloremque nam quibusdam debitis. Earum est consequuntur omnis est. Blanditiis deserunt consequatur debitis ab.');
INSERT IGNORE INTO VarianProduk (sku, id_produk, harga, stok) VALUES ('SKU000036', 18, 659962.68, 112);
INSERT IGNORE INTO ProdukVarianAtribut (id_produk, atribut_varian, sku, nilai) VALUES (18, 'STORAGE_INTERNAL', 'SKU000036', '256GB');
INSERT IGNORE INTO Produk (id_produk, id_penjual, nama, deskripsi) VALUES (19, 38, 'Productize World-Class E-Markets Serbaguna', 'Pariatur adipisci consequatur deleniti. In optio nam a dignissimos facere officiis. Quibusdam perferendis iure architecto possimus quaerat temporibus.');
INSERT IGNORE INTO VarianProduk (sku, id_produk, harga, stok) VALUES ('SKU000037', 19, 2139120.97, 48);
INSERT IGNORE INTO ProdukVarianAtribut (id_produk, atribut_varian, sku, nilai) VALUES (19, 'JENIS_KAIN', 'SKU000037', 'Rayon');
INSERT IGNORE INTO ProdukVarianAtribut (id_produk, atribut_varian, sku, nilai) VALUES (19, 'RAM', 'SKU000037', '16GB');
INSERT IGNORE INTO VarianProduk (sku, id_produk, harga, stok) VALUES ('SKU000038', 19, 1198293.5, 60);
INSERT IGNORE INTO ProdukVarianAtribut (id_produk, atribut_varian, sku, nilai) VALUES (19, 'RAM', 'SKU000038', '8GB');
INSERT IGNORE INTO VarianProduk (sku, id_produk, harga, stok) VALUES ('SKU000039', 19, 1546264.35, 89);
INSERT IGNORE INTO ProdukVarianAtribut (id_produk, atribut_varian, sku, nilai) VALUES (19, 'WARNA', 'SKU000039', 'Nila');
INSERT IGNORE INTO ProdukVarianAtribut (id_produk, atribut_varian, sku, nilai) VALUES (19, 'UKURAN', 'SKU000039', '40');
INSERT IGNORE INTO ProdukVarianAtribut (id_produk, atribut_varian, sku, nilai) VALUES (19, 'JENIS_KAIN', 'SKU000039', 'Satin');
INSERT IGNORE INTO Produk (id_produk, id_penjual, nama, deskripsi) VALUES (20, 11, 'Engage Leading-Edge Web-Readiness Premium', 'Laboriosam accusantium hic eos tempora. Eos iure aut reiciendis temporibus inventore. Quaerat quaerat ipsa fugiat natus cum facere. Quaerat iusto quia illum quam nam laborum iusto.');
INSERT IGNORE INTO VarianProduk (sku, id_produk, harga, stok) VALUES ('SKU000040', 20, 458456.01, 9);
INSERT IGNORE INTO ProdukVarianAtribut (id_produk, atribut_varian, sku, nilai) VALUES (20, 'WARNA', 'SKU000040', 'Emas');
INSERT IGNORE INTO ProdukVarianAtribut (id_produk, atribut_varian, sku, nilai) VALUES (20, 'MATERIAL', 'SKU000040', 'Kanvas Tebal');
INSERT IGNORE INTO ProdukVarianAtribut (id_produk, atribut_varian, sku, nilai) VALUES (20, 'JENIS_KAIN', 'SKU000040', 'Rayon');
INSERT IGNORE INTO VarianProduk (sku, id_produk, harga, stok) VALUES ('SKU000041', 20, 77687.07, 57);
INSERT IGNORE INTO ProdukVarianAtribut (id_produk, atribut_varian, sku, nilai) VALUES (20, 'MATERIAL', 'SKU000041', 'Kulit Sintetis PU');
INSERT IGNORE INTO ProdukVarianAtribut (id_produk, atribut_varian, sku, nilai) VALUES (20, 'WARNA', 'SKU000041', 'Koral');
INSERT IGNORE INTO VarianProduk (sku, id_produk, harga, stok) VALUES ('SKU000042', 20, 2753897.16, 106);
INSERT IGNORE INTO ProdukVarianAtribut (id_produk, atribut_varian, sku, nilai) VALUES (20, 'MATERIAL', 'SKU000042', 'Polyester Blend');
INSERT IGNORE INTO ProdukVarianAtribut (id_produk, atribut_varian, sku, nilai) VALUES (20, 'WARNA', 'SKU000042', 'Nila');
INSERT IGNORE INTO Produk (id_produk, id_penjual, nama, deskripsi) VALUES (21, 31, 'Implement Best-Of-Breed Convergence Modern', 'Perspiciatis excepturi commodi molestiae assumenda. Sapiente inventore saepe asperiores. Dolore minima tenetur recusandae dolorum.');
INSERT IGNORE INTO VarianProduk (sku, id_produk, harga, stok) VALUES ('SKU000043', 21, 2442630.51, 146);
INSERT IGNORE INTO ProdukVarianAtribut (id_produk, atribut_varian, sku, nilai) VALUES (21, 'UKURAN', 'SKU000043', '38');
INSERT IGNORE INTO ProdukVarianAtribut (id_produk, atribut_varian, sku, nilai) VALUES (21, 'MATERIAL', 'SKU000043', 'Kanvas Tebal');
INSERT IGNORE INTO ProdukVarianAtribut (id_produk, atribut_varian, sku, nilai) VALUES (21, 'JENIS_KAIN', 'SKU000043', 'Flanel');
INSERT IGNORE INTO Produk (id_produk, id_penjual, nama, deskripsi) VALUES (22, 25, 'Streamline Back-End Users Modern', 'Tenetur reiciendis reiciendis inventore voluptate necessitatibus omnis.');
INSERT IGNORE INTO VarianProduk (sku, id_produk, harga, stok) VALUES ('SKU000044', 22, 1209139.58, 19);
INSERT IGNORE INTO ProdukVarianAtribut (id_produk, atribut_varian, sku, nilai) VALUES (22, 'RAM', 'SKU000044', '12GB');
INSERT IGNORE INTO ProdukVarianAtribut (id_produk, atribut_varian, sku, nilai) VALUES (22, 'MATERIAL', 'SKU000044', 'Kanvas Tebal');
INSERT IGNORE INTO ProdukVarianAtribut (id_produk, atribut_varian, sku, nilai) VALUES (22, 'RESOLUSI_LAYAR', 'SKU000044', 'FHD');
INSERT IGNORE INTO VarianProduk (sku, id_produk, harga, stok) VALUES ('SKU000045', 22, 160959.62, 53);
INSERT IGNORE INTO ProdukVarianAtribut (id_produk, atribut_varian, sku, nilai) VALUES (22, 'JENIS_KAIN', 'SKU000045', 'Satin');
INSERT IGNORE INTO ProdukVarianAtribut (id_produk, atribut_varian, sku, nilai) VALUES (22, 'MATERIAL', 'SKU000045', 'Katun Combed 30s');
INSERT IGNORE INTO ProdukVarianAtribut (id_produk, atribut_varian, sku, nilai) VALUES (22, 'RESOLUSI_LAYAR', 'SKU000045', 'QHD');
INSERT IGNORE INTO VarianProduk (sku, id_produk, harga, stok) VALUES ('SKU000046', 22, 1382223.21, 89);
INSERT IGNORE INTO ProdukVarianAtribut (id_produk, atribut_varian, sku, nilai) VALUES (22, 'RESOLUSI_LAYAR', 'SKU000046', 'QHD');
INSERT IGNORE INTO Produk (id_produk, id_penjual, nama, deskripsi) VALUES (23, 43, 'Facilitate Mission-Critical E-Commerce Premium', 'Molestiae harum iure facere deserunt. Itaque perspiciatis itaque. Repudiandae consequatur tempore sit atque quam repudiandae.');
INSERT IGNORE INTO VarianProduk (sku, id_produk, harga, stok) VALUES ('SKU000047', 23, 563070.45, 87);
INSERT IGNORE INTO ProdukVarianAtribut (id_produk, atribut_varian, sku, nilai) VALUES (23, 'JENIS_KAIN', 'SKU000047', 'Flanel');
INSERT IGNORE INTO ProdukVarianAtribut (id_produk, atribut_varian, sku, nilai) VALUES (23, 'WARNA', 'SKU000047', 'Merah marun');
INSERT IGNORE INTO ProdukVarianAtribut (id_produk, atribut_varian, sku, nilai) VALUES (23, 'UKURAN', 'SKU000047', 'XXL');
INSERT IGNORE INTO Produk (id_produk, id_penjual, nama, deskripsi) VALUES (24, 16, 'Generate Open-Source Web-Readiness Edisi Terbatas', 'Soluta animi inventore suscipit tempora. Ullam doloremque eaque occaecati corrupti.');
INSERT IGNORE INTO VarianProduk (sku, id_produk, harga, stok) VALUES ('SKU000048', 24, 2007912.74, 81);
INSERT IGNORE INTO ProdukVarianAtribut (id_produk, atribut_varian, sku, nilai) VALUES (24, 'MATERIAL', 'SKU000048', 'Plastik ABS Food Grade');
INSERT IGNORE INTO Produk (id_produk, id_penjual, nama, deskripsi) VALUES (25, 45, 'Empower Out-Of-The-Box E-Business Premium', 'Perferendis asperiores necessitatibus ullam.');
INSERT IGNORE INTO VarianProduk (sku, id_produk, harga, stok) VALUES ('SKU000049', 25, 2848156.01, 78);
INSERT IGNORE INTO ProdukVarianAtribut (id_produk, atribut_varian, sku, nilai) VALUES (25, 'JENIS_KAIN', 'SKU000049', 'Denim');
INSERT IGNORE INTO ProdukVarianAtribut (id_produk, atribut_varian, sku, nilai) VALUES (25, 'STORAGE_INTERNAL', 'SKU000049', '128GB');
INSERT IGNORE INTO ProdukVarianAtribut (id_produk, atribut_varian, sku, nilai) VALUES (25, 'RAM', 'SKU000049', '4GB');
INSERT IGNORE INTO VarianProduk (sku, id_produk, harga, stok) VALUES ('SKU000050', 25, 2089990.06, 6);
INSERT IGNORE INTO ProdukVarianAtribut (id_produk, atribut_varian, sku, nilai) VALUES (25, 'WARNA', 'SKU000050', 'Hijau tua');
INSERT IGNORE INTO ProdukVarianAtribut (id_produk, atribut_varian, sku, nilai) VALUES (25, 'RESOLUSI_LAYAR', 'SKU000050', '4K');
INSERT IGNORE INTO ProdukVarianAtribut (id_produk, atribut_varian, sku, nilai) VALUES (25, 'MATERIAL', 'SKU000050', 'Katun Combed 30s');
INSERT IGNORE INTO Produk (id_produk, id_penjual, nama, deskripsi) VALUES (26, 12, 'Synergize Frictionless Partnerships Serbaguna', 'Architecto illo culpa nobis. Laudantium a et perferendis deleniti ut. Placeat voluptatibus quidem occaecati sunt illo quisquam.');
INSERT IGNORE INTO VarianProduk (sku, id_produk, harga, stok) VALUES ('SKU000051', 26, 1689921.05, 117);
INSERT IGNORE INTO ProdukVarianAtribut (id_produk, atribut_varian, sku, nilai) VALUES (26, 'UKURAN', 'SKU000051', 'L');
INSERT IGNORE INTO ProdukVarianAtribut (id_produk, atribut_varian, sku, nilai) VALUES (26, 'STORAGE_INTERNAL', 'SKU000051', '128GB');
INSERT IGNORE INTO VarianProduk (sku, id_produk, harga, stok) VALUES ('SKU000052', 26, 2486873.18, 125);
INSERT IGNORE INTO ProdukVarianAtribut (id_produk, atribut_varian, sku, nilai) VALUES (26, 'MATERIAL', 'SKU000052', 'Plastik ABS Food Grade');
INSERT IGNORE INTO Produk (id_produk, id_penjual, nama, deskripsi) VALUES (27, 38, 'Deliver Open-Source Methodologies Serbaguna', 'Eligendi ipsam natus minus consequuntur maxime. Quas recusandae delectus accusantium deleniti.');
INSERT IGNORE INTO VarianProduk (sku, id_produk, harga, stok) VALUES ('SKU000053', 27, 851146.31, 30);
INSERT IGNORE INTO ProdukVarianAtribut (id_produk, atribut_varian, sku, nilai) VALUES (27, 'WARNA', 'SKU000053', 'Ungu');
INSERT IGNORE INTO ProdukVarianAtribut (id_produk, atribut_varian, sku, nilai) VALUES (27, 'MATERIAL', 'SKU000053', 'Polyester Blend');
INSERT IGNORE INTO VarianProduk (sku, id_produk, harga, stok) VALUES ('SKU000054', 27, 2779319.8, 5);
INSERT IGNORE INTO ProdukVarianAtribut (id_produk, atribut_varian, sku, nilai) VALUES (27, 'RESOLUSI_LAYAR', 'SKU000054', 'HD');
INSERT IGNORE INTO ProdukVarianAtribut (id_produk, atribut_varian, sku, nilai) VALUES (27, 'RAM', 'SKU000054', '8GB');
INSERT IGNORE INTO ProdukVarianAtribut (id_produk, atribut_varian, sku, nilai) VALUES (27, 'STORAGE_INTERNAL', 'SKU000054', '1TB');
INSERT IGNORE INTO Produk (id_produk, id_penjual, nama, deskripsi) VALUES (28, 48, 'Empower One-To-One Functionalities Serbaguna', 'Modi aliquid pariatur ut.');
INSERT IGNORE INTO VarianProduk (sku, id_produk, harga, stok) VALUES ('SKU000055', 28, 19411.05, 11);
INSERT IGNORE INTO ProdukVarianAtribut (id_produk, atribut_varian, sku, nilai) VALUES (28, 'WARNA', 'SKU000055', 'Hijau');
INSERT IGNORE INTO ProdukVarianAtribut (id_produk, atribut_varian, sku, nilai) VALUES (28, 'RAM', 'SKU000055', '12GB');
INSERT IGNORE INTO ProdukVarianAtribut (id_produk, atribut_varian, sku, nilai) VALUES (28, 'MATERIAL', 'SKU000055', 'Kanvas Tebal');
INSERT IGNORE INTO Produk (id_produk, id_penjual, nama, deskripsi) VALUES (29, 34, 'Reinvent Virtual Web Services Edisi Terbatas', 'Aspernatur molestias nemo repellendus facere incidunt earum. Adipisci modi rerum voluptatem sed accusantium ut aperiam.');
INSERT IGNORE INTO VarianProduk (sku, id_produk, harga, stok) VALUES ('SKU000056', 29, 570040.89, 137);
INSERT IGNORE INTO ProdukVarianAtribut (id_produk, atribut_varian, sku, nilai) VALUES (29, 'WARNA', 'SKU000056', 'Hijau muda');
INSERT IGNORE INTO ProdukVarianAtribut (id_produk, atribut_varian, sku, nilai) VALUES (29, 'JENIS_KAIN', 'SKU000056', 'Denim');
INSERT IGNORE INTO ProdukVarianAtribut (id_produk, atribut_varian, sku, nilai) VALUES (29, 'STORAGE_INTERNAL', 'SKU000056', '128GB');
INSERT IGNORE INTO VarianProduk (sku, id_produk, harga, stok) VALUES ('SKU000057', 29, 1093535.96, 87);
INSERT IGNORE INTO ProdukVarianAtribut (id_produk, atribut_varian, sku, nilai) VALUES (29, 'WARNA', 'SKU000057', 'Nila');
INSERT IGNORE INTO VarianProduk (sku, id_produk, harga, stok) VALUES ('SKU000058', 29, 911422.56, 3);
INSERT IGNORE INTO ProdukVarianAtribut (id_produk, atribut_varian, sku, nilai) VALUES (29, 'MATERIAL', 'SKU000058', 'Plastik ABS Food Grade');
INSERT IGNORE INTO ProdukVarianAtribut (id_produk, atribut_varian, sku, nilai) VALUES (29, 'RAM', 'SKU000058', '32GB');
INSERT IGNORE INTO ProdukVarianAtribut (id_produk, atribut_varian, sku, nilai) VALUES (29, 'RESOLUSI_LAYAR', 'SKU000058', '4K');
INSERT IGNORE INTO Produk (id_produk, id_penjual, nama, deskripsi) VALUES (30, 41, 'Strategize Strategic E-Services Serbaguna', 'Officiis minus officia. Quasi tempore ab assumenda maxime.');
INSERT IGNORE INTO VarianProduk (sku, id_produk, harga, stok) VALUES ('SKU000059', 30, 1407079.68, 140);
INSERT IGNORE INTO ProdukVarianAtribut (id_produk, atribut_varian, sku, nilai) VALUES (30, 'UKURAN', 'SKU000059', 'All Size');
INSERT IGNORE INTO VarianProduk (sku, id_produk, harga, stok) VALUES ('SKU000060', 30, 2175765.4, 102);
INSERT IGNORE INTO ProdukVarianAtribut (id_produk, atribut_varian, sku, nilai) VALUES (30, 'JENIS_KAIN', 'SKU000060', 'Denim');
INSERT IGNORE INTO Produk (id_produk, id_penjual, nama, deskripsi) VALUES (31, 16, 'Monetize Leading-Edge Methodologies Premium', 'Sapiente placeat ad similique repellendus. Eligendi dolor nobis ratione error. Praesentium laudantium velit laudantium. Tempore possimus voluptatum. Expedita ab molestiae nam.');
INSERT IGNORE INTO VarianProduk (sku, id_produk, harga, stok) VALUES ('SKU000061', 31, 2470417.85, 3);
INSERT IGNORE INTO ProdukVarianAtribut (id_produk, atribut_varian, sku, nilai) VALUES (31, 'WARNA', 'SKU000061', 'Jingga');
INSERT IGNORE INTO VarianProduk (sku, id_produk, harga, stok) VALUES ('SKU000062', 31, 1141964.88, 105);
INSERT IGNORE INTO ProdukVarianAtribut (id_produk, atribut_varian, sku, nilai) VALUES (31, 'RESOLUSI_LAYAR', 'SKU000062', '4K');
INSERT IGNORE INTO ProdukVarianAtribut (id_produk, atribut_varian, sku, nilai) VALUES (31, 'STORAGE_INTERNAL', 'SKU000062', '512GB');
INSERT IGNORE INTO ProdukVarianAtribut (id_produk, atribut_varian, sku, nilai) VALUES (31, 'JENIS_KAIN', 'SKU000062', 'Denim');
INSERT IGNORE INTO Produk (id_produk, id_penjual, nama, deskripsi) VALUES (32, 36, 'Scale Robust Schemas Premium', 'Perspiciatis rerum eius laboriosam hic similique iste. Quam non iusto voluptatem laborum accusamus nemo impedit.');
INSERT IGNORE INTO VarianProduk (sku, id_produk, harga, stok) VALUES ('SKU000063', 32, 491827.31, 107);
INSERT IGNORE INTO ProdukVarianAtribut (id_produk, atribut_varian, sku, nilai) VALUES (32, 'UKURAN', 'SKU000063', '38');
INSERT IGNORE INTO ProdukVarianAtribut (id_produk, atribut_varian, sku, nilai) VALUES (32, 'RAM', 'SKU000063', '32GB');
INSERT IGNORE INTO ProdukVarianAtribut (id_produk, atribut_varian, sku, nilai) VALUES (32, 'JENIS_KAIN', 'SKU000063', 'Flanel');
INSERT IGNORE INTO VarianProduk (sku, id_produk, harga, stok) VALUES ('SKU000064', 32, 951559.16, 34);
INSERT IGNORE INTO ProdukVarianAtribut (id_produk, atribut_varian, sku, nilai) VALUES (32, 'STORAGE_INTERNAL', 'SKU000064', '64GB');
INSERT IGNORE INTO ProdukVarianAtribut (id_produk, atribut_varian, sku, nilai) VALUES (32, 'UKURAN', 'SKU000064', 'XXL');
INSERT IGNORE INTO VarianProduk (sku, id_produk, harga, stok) VALUES ('SKU000065', 32, 1606262.7, 97);
INSERT IGNORE INTO ProdukVarianAtribut (id_produk, atribut_varian, sku, nilai) VALUES (32, 'RAM', 'SKU000065', '12GB');
INSERT IGNORE INTO ProdukVarianAtribut (id_produk, atribut_varian, sku, nilai) VALUES (32, 'UKURAN', 'SKU000065', '42');
INSERT IGNORE INTO Produk (id_produk, id_penjual, nama, deskripsi) VALUES (33, 25, 'Re-Contextualize Granular Functionalities Edisi Terbatas', 'Culpa tempora asperiores incidunt voluptatibus corrupti sed. Doloribus suscipit occaecati occaecati illo quibusdam asperiores. Occaecati hic sequi nemo velit.');
INSERT IGNORE INTO VarianProduk (sku, id_produk, harga, stok) VALUES ('SKU000066', 33, 493528.77, 86);
INSERT IGNORE INTO ProdukVarianAtribut (id_produk, atribut_varian, sku, nilai) VALUES (33, 'MATERIAL', 'SKU000066', 'Katun Combed 30s');
INSERT IGNORE INTO ProdukVarianAtribut (id_produk, atribut_varian, sku, nilai) VALUES (33, 'JENIS_KAIN', 'SKU000066', 'Satin');
INSERT IGNORE INTO ProdukVarianAtribut (id_produk, atribut_varian, sku, nilai) VALUES (33, 'UKURAN', 'SKU000066', '38');
INSERT IGNORE INTO Produk (id_produk, id_penjual, nama, deskripsi) VALUES (34, 41, 'Generate Interactive Communities Premium', 'Doloribus sint vero aliquam minima. Numquam molestias corrupti cupiditate quibusdam.');
INSERT IGNORE INTO VarianProduk (sku, id_produk, harga, stok) VALUES ('SKU000067', 34, 1752662.36, 67);
INSERT IGNORE INTO ProdukVarianAtribut (id_produk, atribut_varian, sku, nilai) VALUES (34, 'RESOLUSI_LAYAR', 'SKU000067', 'QHD');
INSERT IGNORE INTO ProdukVarianAtribut (id_produk, atribut_varian, sku, nilai) VALUES (34, 'MATERIAL', 'SKU000067', 'Plastik ABS Food Grade');
INSERT IGNORE INTO VarianProduk (sku, id_produk, harga, stok) VALUES ('SKU000068', 34, 2561598.61, 40);
INSERT IGNORE INTO ProdukVarianAtribut (id_produk, atribut_varian, sku, nilai) VALUES (34, 'UKURAN', 'SKU000068', '40');
INSERT IGNORE INTO Produk (id_produk, id_penjual, nama, deskripsi) VALUES (35, 8, 'Synthesize Magnetic Convergence Modern', 'Expedita cum quam. Alias quis quam quis culpa optio id.');
INSERT IGNORE INTO VarianProduk (sku, id_produk, harga, stok) VALUES ('SKU000069', 35, 176422.02, 33);
INSERT IGNORE INTO ProdukVarianAtribut (id_produk, atribut_varian, sku, nilai) VALUES (35, 'STORAGE_INTERNAL', 'SKU000069', '128GB');
INSERT IGNORE INTO Produk (id_produk, id_penjual, nama, deskripsi) VALUES (36, 16, 'Scale Vertical Eyeballs Modern', 'Aut sed recusandae iure eos voluptatem cumque.');
INSERT IGNORE INTO VarianProduk (sku, id_produk, harga, stok) VALUES ('SKU000070', 36, 2224259.78, 105);
INSERT IGNORE INTO ProdukVarianAtribut (id_produk, atribut_varian, sku, nilai) VALUES (36, 'JENIS_KAIN', 'SKU000070', 'Flanel');
INSERT IGNORE INTO ProdukVarianAtribut (id_produk, atribut_varian, sku, nilai) VALUES (36, 'RESOLUSI_LAYAR', 'SKU000070', 'FHD');
INSERT IGNORE INTO ProdukVarianAtribut (id_produk, atribut_varian, sku, nilai) VALUES (36, 'WARNA', 'SKU000070', 'Biru dongker');
INSERT IGNORE INTO Produk (id_produk, id_penjual, nama, deskripsi) VALUES (37, 46, 'Disintermediate Clicks-And-Mortar Schemas Modern', 'Debitis eos magni consequatur vitae reiciendis deserunt. Fugit ex quae assumenda vero beatae.');
INSERT IGNORE INTO VarianProduk (sku, id_produk, harga, stok) VALUES ('SKU000071', 37, 1645750.05, 44);
INSERT IGNORE INTO ProdukVarianAtribut (id_produk, atribut_varian, sku, nilai) VALUES (37, 'WARNA', 'SKU000071', 'Coklat');
INSERT IGNORE INTO VarianProduk (sku, id_produk, harga, stok) VALUES ('SKU000072', 37, 139568.96, 47);
INSERT IGNORE INTO ProdukVarianAtribut (id_produk, atribut_varian, sku, nilai) VALUES (37, 'MATERIAL', 'SKU000072', 'Katun Combed 30s');
INSERT IGNORE INTO ProdukVarianAtribut (id_produk, atribut_varian, sku, nilai) VALUES (37, 'RAM', 'SKU000072', '4GB');
INSERT IGNORE INTO VarianProduk (sku, id_produk, harga, stok) VALUES ('SKU000073', 37, 474950.15, 26);
INSERT IGNORE INTO ProdukVarianAtribut (id_produk, atribut_varian, sku, nilai) VALUES (37, 'STORAGE_INTERNAL', 'SKU000073', '64GB');
INSERT IGNORE INTO ProdukVarianAtribut (id_produk, atribut_varian, sku, nilai) VALUES (37, 'MATERIAL', 'SKU000073', 'Katun Combed 30s');
INSERT IGNORE INTO Produk (id_produk, id_penjual, nama, deskripsi) VALUES (38, 14, 'Envisioneer Synergistic Technologies Serbaguna', 'Cumque facere optio ducimus. Nisi fugiat itaque iure.');
INSERT IGNORE INTO VarianProduk (sku, id_produk, harga, stok) VALUES ('SKU000074', 38, 2853340.9, 90);
INSERT IGNORE INTO ProdukVarianAtribut (id_produk, atribut_varian, sku, nilai) VALUES (38, 'MATERIAL', 'SKU000074', 'Kulit Sintetis PU');
INSERT IGNORE INTO ProdukVarianAtribut (id_produk, atribut_varian, sku, nilai) VALUES (38, 'JENIS_KAIN', 'SKU000074', 'Satin');
INSERT IGNORE INTO ProdukVarianAtribut (id_produk, atribut_varian, sku, nilai) VALUES (38, 'UKURAN', 'SKU000074', 'All Size');
INSERT IGNORE INTO Produk (id_produk, id_penjual, nama, deskripsi) VALUES (39, 38, 'Enable Robust Systems Premium', 'Dolore minima aliquid hic. Magnam eos quam.');
INSERT IGNORE INTO VarianProduk (sku, id_produk, harga, stok) VALUES ('SKU000075', 39, 2851928.16, 96);
INSERT IGNORE INTO ProdukVarianAtribut (id_produk, atribut_varian, sku, nilai) VALUES (39, 'MATERIAL', 'SKU000075', 'Plastik ABS Food Grade');
INSERT IGNORE INTO ProdukVarianAtribut (id_produk, atribut_varian, sku, nilai) VALUES (39, 'RAM', 'SKU000075', '8GB');
INSERT IGNORE INTO ProdukVarianAtribut (id_produk, atribut_varian, sku, nilai) VALUES (39, 'STORAGE_INTERNAL', 'SKU000075', '1TB');
INSERT IGNORE INTO VarianProduk (sku, id_produk, harga, stok) VALUES ('SKU000076', 39, 1050013.61, 68);
INSERT IGNORE INTO ProdukVarianAtribut (id_produk, atribut_varian, sku, nilai) VALUES (39, 'RAM', 'SKU000076', '16GB');
INSERT IGNORE INTO ProdukVarianAtribut (id_produk, atribut_varian, sku, nilai) VALUES (39, 'WARNA', 'SKU000076', 'Biru muda');
INSERT IGNORE INTO ProdukVarianAtribut (id_produk, atribut_varian, sku, nilai) VALUES (39, 'JENIS_KAIN', 'SKU000076', 'Denim');
INSERT IGNORE INTO Produk (id_produk, id_penjual, nama, deskripsi) VALUES (40, 43, 'Revolutionize Viral Schemas Modern', 'Optio hic illo pariatur libero omnis. Aliquam nam libero ea iste adipisci. Totam ea nisi natus eos autem sit. Adipisci cum laudantium aut a dignissimos minima. Quis odio voluptas repellat soluta error animi sunt.');
INSERT IGNORE INTO VarianProduk (sku, id_produk, harga, stok) VALUES ('SKU000077', 40, 374892.39, 37);
INSERT IGNORE INTO ProdukVarianAtribut (id_produk, atribut_varian, sku, nilai) VALUES (40, 'RESOLUSI_LAYAR', 'SKU000077', 'FHD');
INSERT IGNORE INTO ProdukVarianAtribut (id_produk, atribut_varian, sku, nilai) VALUES (40, 'JENIS_KAIN', 'SKU000077', 'Denim');
INSERT IGNORE INTO Produk (id_produk, id_penjual, nama, deskripsi) VALUES (41, 3, 'Reinvent Proactive Interfaces Premium', 'Voluptatem est nobis doloremque. Dolor ea dicta temporibus.');
INSERT IGNORE INTO VarianProduk (sku, id_produk, harga, stok) VALUES ('SKU000078', 41, 2720417.91, 42);
INSERT IGNORE INTO ProdukVarianAtribut (id_produk, atribut_varian, sku, nilai) VALUES (41, 'UKURAN', 'SKU000078', '39');
INSERT IGNORE INTO VarianProduk (sku, id_produk, harga, stok) VALUES ('SKU000079', 41, 2194899.75, 114);
INSERT IGNORE INTO ProdukVarianAtribut (id_produk, atribut_varian, sku, nilai) VALUES (41, 'RESOLUSI_LAYAR', 'SKU000079', '4K');
INSERT IGNORE INTO ProdukVarianAtribut (id_produk, atribut_varian, sku, nilai) VALUES (41, 'UKURAN', 'SKU000079', 'All Size');
INSERT IGNORE INTO ProdukVarianAtribut (id_produk, atribut_varian, sku, nilai) VALUES (41, 'JENIS_KAIN', 'SKU000079', 'Flanel');
INSERT IGNORE INTO VarianProduk (sku, id_produk, harga, stok) VALUES ('SKU000080', 41, 2112336.21, 69);
INSERT IGNORE INTO ProdukVarianAtribut (id_produk, atribut_varian, sku, nilai) VALUES (41, 'JENIS_KAIN', 'SKU000080', 'Denim');
INSERT IGNORE INTO ProdukVarianAtribut (id_produk, atribut_varian, sku, nilai) VALUES (41, 'MATERIAL', 'SKU000080', 'Kulit Sintetis PU');
INSERT IGNORE INTO Produk (id_produk, id_penjual, nama, deskripsi) VALUES (42, 16, 'Target Seamless Technologies Premium', 'Vitae inventore dolorem nesciunt aspernatur. Quod ea et magnam non veniam vel.');
INSERT IGNORE INTO VarianProduk (sku, id_produk, harga, stok) VALUES ('SKU000081', 42, 1251196.67, 123);
INSERT IGNORE INTO ProdukVarianAtribut (id_produk, atribut_varian, sku, nilai) VALUES (42, 'UKURAN', 'SKU000081', '41');
INSERT IGNORE INTO ProdukVarianAtribut (id_produk, atribut_varian, sku, nilai) VALUES (42, 'RESOLUSI_LAYAR', 'SKU000081', '4K');
INSERT IGNORE INTO VarianProduk (sku, id_produk, harga, stok) VALUES ('SKU000082', 42, 1805231.04, 120);
INSERT IGNORE INTO ProdukVarianAtribut (id_produk, atribut_varian, sku, nilai) VALUES (42, 'MATERIAL', 'SKU000082', 'Kulit Sintetis PU');
INSERT IGNORE INTO ProdukVarianAtribut (id_produk, atribut_varian, sku, nilai) VALUES (42, 'WARNA', 'SKU000082', 'Hitam');
INSERT IGNORE INTO ProdukVarianAtribut (id_produk, atribut_varian, sku, nilai) VALUES (42, 'JENIS_KAIN', 'SKU000082', 'Denim');
INSERT IGNORE INTO Produk (id_produk, id_penjual, nama, deskripsi) VALUES (43, 12, 'Whiteboard Turn-Key Platforms Edisi Terbatas', 'Accusantium voluptatem vero ad debitis non ratione. Consequuntur officia quia aperiam doloribus fugit quas. Laudantium nobis facilis perferendis aliquam ipsum. Nostrum sapiente recusandae nostrum unde. Aliquam accusantium ducimus corporis odio quas sit.');
INSERT IGNORE INTO VarianProduk (sku, id_produk, harga, stok) VALUES ('SKU000083', 43, 2330808.31, 92);
INSERT IGNORE INTO ProdukVarianAtribut (id_produk, atribut_varian, sku, nilai) VALUES (43, 'RAM', 'SKU000083', '32GB');
INSERT IGNORE INTO ProdukVarianAtribut (id_produk, atribut_varian, sku, nilai) VALUES (43, 'JENIS_KAIN', 'SKU000083', 'Flanel');
INSERT IGNORE INTO VarianProduk (sku, id_produk, harga, stok) VALUES ('SKU000084', 43, 1529787.24, 104);
INSERT IGNORE INTO ProdukVarianAtribut (id_produk, atribut_varian, sku, nilai) VALUES (43, 'UKURAN', 'SKU000084', 'All Size');
INSERT IGNORE INTO ProdukVarianAtribut (id_produk, atribut_varian, sku, nilai) VALUES (43, 'RESOLUSI_LAYAR', 'SKU000084', '4K');
INSERT IGNORE INTO Produk (id_produk, id_penjual, nama, deskripsi) VALUES (44, 15, 'Utilize Killer Eyeballs Edisi Terbatas', 'Ab iure fuga autem alias aliquam laborum occaecati. Suscipit quas praesentium optio corrupti dolor impedit. Nihil odio explicabo atque blanditiis officia quibusdam.');
INSERT IGNORE INTO VarianProduk (sku, id_produk, harga, stok) VALUES ('SKU000085', 44, 2554499.41, 25);
INSERT IGNORE INTO ProdukVarianAtribut (id_produk, atribut_varian, sku, nilai) VALUES (44, 'MATERIAL', 'SKU000085', 'Polyester Blend');
INSERT IGNORE INTO ProdukVarianAtribut (id_produk, atribut_varian, sku, nilai) VALUES (44, 'RAM', 'SKU000085', '16GB');
INSERT IGNORE INTO Produk (id_produk, id_penjual, nama, deskripsi) VALUES (45, 11, 'Disintermediate Viral Users Premium', 'Praesentium pariatur ad. Quisquam odio quia animi. Architecto vero ratione nostrum sit. Commodi minima alias harum natus.');
INSERT IGNORE INTO VarianProduk (sku, id_produk, harga, stok) VALUES ('SKU000086', 45, 1186451.1, 53);
INSERT IGNORE INTO ProdukVarianAtribut (id_produk, atribut_varian, sku, nilai) VALUES (45, 'RESOLUSI_LAYAR', 'SKU000086', 'FHD');
INSERT IGNORE INTO ProdukVarianAtribut (id_produk, atribut_varian, sku, nilai) VALUES (45, 'JENIS_KAIN', 'SKU000086', 'Flanel');
INSERT IGNORE INTO ProdukVarianAtribut (id_produk, atribut_varian, sku, nilai) VALUES (45, 'MATERIAL', 'SKU000086', 'Kanvas Tebal');
INSERT IGNORE INTO Produk (id_produk, id_penjual, nama, deskripsi) VALUES (46, 1, 'Disintermediate Extensible E-Commerce Premium', 'Expedita ea et. Qui ab labore ipsa accusamus. Id voluptatibus dolor necessitatibus vero.');
INSERT IGNORE INTO VarianProduk (sku, id_produk, harga, stok) VALUES ('SKU000087', 46, 658554.03, 101);
INSERT IGNORE INTO ProdukVarianAtribut (id_produk, atribut_varian, sku, nilai) VALUES (46, 'MATERIAL', 'SKU000087', 'Katun Combed 30s');
INSERT IGNORE INTO VarianProduk (sku, id_produk, harga, stok) VALUES ('SKU000088', 46, 443617.7, 31);
INSERT IGNORE INTO ProdukVarianAtribut (id_produk, atribut_varian, sku, nilai) VALUES (46, 'MATERIAL', 'SKU000088', 'Polyester Blend');
INSERT IGNORE INTO ProdukVarianAtribut (id_produk, atribut_varian, sku, nilai) VALUES (46, 'JENIS_KAIN', 'SKU000088', 'Flanel');
INSERT IGNORE INTO ProdukVarianAtribut (id_produk, atribut_varian, sku, nilai) VALUES (46, 'RESOLUSI_LAYAR', 'SKU000088', 'HD');
INSERT IGNORE INTO Produk (id_produk, id_penjual, nama, deskripsi) VALUES (47, 42, 'Monetize 24/7 Action-Items Modern', 'Voluptatum repellat est. Delectus nostrum expedita saepe quas nobis commodi. Asperiores aliquam ab tempora enim earum.');
INSERT IGNORE INTO VarianProduk (sku, id_produk, harga, stok) VALUES ('SKU000089', 47, 212623.47, 80);
INSERT IGNORE INTO ProdukVarianAtribut (id_produk, atribut_varian, sku, nilai) VALUES (47, 'STORAGE_INTERNAL', 'SKU000089', '1TB');
INSERT IGNORE INTO ProdukVarianAtribut (id_produk, atribut_varian, sku, nilai) VALUES (47, 'RESOLUSI_LAYAR', 'SKU000089', 'HD');
INSERT IGNORE INTO Produk (id_produk, id_penjual, nama, deskripsi) VALUES (48, 9, 'Optimize Scalable Web-Readiness Modern', 'Tenetur quos cum harum impedit nesciunt saepe.');
INSERT IGNORE INTO VarianProduk (sku, id_produk, harga, stok) VALUES ('SKU000090', 48, 2774351.28, 106);
INSERT IGNORE INTO ProdukVarianAtribut (id_produk, atribut_varian, sku, nilai) VALUES (48, 'WARNA', 'SKU000090', 'Biru dongker');
INSERT IGNORE INTO ProdukVarianAtribut (id_produk, atribut_varian, sku, nilai) VALUES (48, 'RESOLUSI_LAYAR', 'SKU000090', 'HD');
INSERT IGNORE INTO VarianProduk (sku, id_produk, harga, stok) VALUES ('SKU000091', 48, 83599.18, 112);
INSERT IGNORE INTO ProdukVarianAtribut (id_produk, atribut_varian, sku, nilai) VALUES (48, 'WARNA', 'SKU000091', 'Ungu tua');
INSERT IGNORE INTO VarianProduk (sku, id_produk, harga, stok) VALUES ('SKU000092', 48, 2912044.36, 49);
INSERT IGNORE INTO ProdukVarianAtribut (id_produk, atribut_varian, sku, nilai) VALUES (48, 'JENIS_KAIN', 'SKU000092', 'Satin');
INSERT IGNORE INTO ProdukVarianAtribut (id_produk, atribut_varian, sku, nilai) VALUES (48, 'RESOLUSI_LAYAR', 'SKU000092', 'QHD');
INSERT IGNORE INTO ProdukVarianAtribut (id_produk, atribut_varian, sku, nilai) VALUES (48, 'RAM', 'SKU000092', '4GB');
INSERT IGNORE INTO Produk (id_produk, id_penjual, nama, deskripsi) VALUES (49, 42, 'Streamline Compelling Technologies Premium', 'Cum ad libero provident aliquam quia. Aut recusandae deleniti dolore at. Assumenda omnis ex fuga nostrum optio. Ad esse quas aliquam.');
INSERT IGNORE INTO VarianProduk (sku, id_produk, harga, stok) VALUES ('SKU000093', 49, 1253319.48, 58);
INSERT IGNORE INTO ProdukVarianAtribut (id_produk, atribut_varian, sku, nilai) VALUES (49, 'JENIS_KAIN', 'SKU000093', 'Satin');
INSERT IGNORE INTO ProdukVarianAtribut (id_produk, atribut_varian, sku, nilai) VALUES (49, 'RESOLUSI_LAYAR', 'SKU000093', 'QHD');
INSERT IGNORE INTO Produk (id_produk, id_penjual, nama, deskripsi) VALUES (50, 4, 'Orchestrate Back-End Web-Readiness Serbaguna', 'Consequuntur minus eligendi quas cum illum deleniti. Magnam in iure fugiat consectetur assumenda. Repellendus aliquam alias fugiat. Accusantium animi eveniet. Provident perspiciatis sunt distinctio.');
INSERT IGNORE INTO VarianProduk (sku, id_produk, harga, stok) VALUES ('SKU000094', 50, 1551708.08, 124);
INSERT IGNORE INTO ProdukVarianAtribut (id_produk, atribut_varian, sku, nilai) VALUES (50, 'WARNA', 'SKU000094', 'Merah bata');
INSERT IGNORE INTO ProdukVarianAtribut (id_produk, atribut_varian, sku, nilai) VALUES (50, 'JENIS_KAIN', 'SKU000094', 'Satin');
INSERT IGNORE INTO ProdukVarianAtribut (id_produk, atribut_varian, sku, nilai) VALUES (50, 'UKURAN', 'SKU000094', '41');
INSERT IGNORE INTO Produk (id_produk, id_penjual, nama, deskripsi) VALUES (51, 1, 'Engineer Dot-Com Content Serbaguna', 'Atque beatae magnam sit dignissimos sunt. Velit quaerat atque error illum quod nisi perspiciatis. Magni veritatis aliquid perspiciatis quisquam.');
INSERT IGNORE INTO VarianProduk (sku, id_produk, harga, stok) VALUES ('SKU000095', 51, 2612161.85, 113);
INSERT IGNORE INTO ProdukVarianAtribut (id_produk, atribut_varian, sku, nilai) VALUES (51, 'UKURAN', 'SKU000095', '41');
INSERT IGNORE INTO VarianProduk (sku, id_produk, harga, stok) VALUES ('SKU000096', 51, 1485730.61, 48);
INSERT IGNORE INTO ProdukVarianAtribut (id_produk, atribut_varian, sku, nilai) VALUES (51, 'STORAGE_INTERNAL', 'SKU000096', '512GB');
INSERT IGNORE INTO ProdukVarianAtribut (id_produk, atribut_varian, sku, nilai) VALUES (51, 'RESOLUSI_LAYAR', 'SKU000096', 'HD');
INSERT IGNORE INTO ProdukVarianAtribut (id_produk, atribut_varian, sku, nilai) VALUES (51, 'UKURAN', 'SKU000096', 'L');
INSERT IGNORE INTO Produk (id_produk, id_penjual, nama, deskripsi) VALUES (52, 12, 'Repurpose Strategic Applications Serbaguna', 'Ad labore earum quidem doloribus provident nulla. Ea ratione quia perspiciatis quisquam veniam incidunt.');
INSERT IGNORE INTO VarianProduk (sku, id_produk, harga, stok) VALUES ('SKU000097', 52, 2970055.44, 77);
INSERT IGNORE INTO ProdukVarianAtribut (id_produk, atribut_varian, sku, nilai) VALUES (52, 'JENIS_KAIN', 'SKU000097', 'Satin');
INSERT IGNORE INTO VarianProduk (sku, id_produk, harga, stok) VALUES ('SKU000098', 52, 352674.09, 128);
INSERT IGNORE INTO ProdukVarianAtribut (id_produk, atribut_varian, sku, nilai) VALUES (52, 'RESOLUSI_LAYAR', 'SKU000098', 'HD');
INSERT IGNORE INTO ProdukVarianAtribut (id_produk, atribut_varian, sku, nilai) VALUES (52, 'MATERIAL', 'SKU000098', 'Plastik ABS Food Grade');
INSERT IGNORE INTO VarianProduk (sku, id_produk, harga, stok) VALUES ('SKU000099', 52, 277609.85, 61);
INSERT IGNORE INTO ProdukVarianAtribut (id_produk, atribut_varian, sku, nilai) VALUES (52, 'RESOLUSI_LAYAR', 'SKU000099', 'HD');
INSERT IGNORE INTO ProdukVarianAtribut (id_produk, atribut_varian, sku, nilai) VALUES (52, 'MATERIAL', 'SKU000099', 'Kulit Sintetis PU');
INSERT IGNORE INTO ProdukVarianAtribut (id_produk, atribut_varian, sku, nilai) VALUES (52, 'STORAGE_INTERNAL', 'SKU000099', '256GB');
INSERT IGNORE INTO Produk (id_produk, id_penjual, nama, deskripsi) VALUES (53, 10, 'Revolutionize Collaborative Methodologies Edisi Terbatas', 'Vel tenetur impedit eaque.');
INSERT IGNORE INTO VarianProduk (sku, id_produk, harga, stok) VALUES ('SKU000100', 53, 821204.81, 83);
INSERT IGNORE INTO ProdukVarianAtribut (id_produk, atribut_varian, sku, nilai) VALUES (53, 'RESOLUSI_LAYAR', 'SKU000100', 'FHD');
INSERT IGNORE INTO ProdukVarianAtribut (id_produk, atribut_varian, sku, nilai) VALUES (53, 'STORAGE_INTERNAL', 'SKU000100', '128GB');
INSERT IGNORE INTO VarianProduk (sku, id_produk, harga, stok) VALUES ('SKU000101', 53, 2073371.11, 59);
INSERT IGNORE INTO ProdukVarianAtribut (id_produk, atribut_varian, sku, nilai) VALUES (53, 'WARNA', 'SKU000101', 'Biru muda');
INSERT IGNORE INTO ProdukVarianAtribut (id_produk, atribut_varian, sku, nilai) VALUES (53, 'RAM', 'SKU000101', '32GB');
INSERT IGNORE INTO Produk (id_produk, id_penjual, nama, deskripsi) VALUES (54, 35, 'Streamline Intuitive Vortals Premium', 'Facere beatae at debitis distinctio culpa.');
INSERT IGNORE INTO VarianProduk (sku, id_produk, harga, stok) VALUES ('SKU000102', 54, 470966.01, 65);
INSERT IGNORE INTO ProdukVarianAtribut (id_produk, atribut_varian, sku, nilai) VALUES (54, 'JENIS_KAIN', 'SKU000102', 'Denim');
INSERT IGNORE INTO ProdukVarianAtribut (id_produk, atribut_varian, sku, nilai) VALUES (54, 'MATERIAL', 'SKU000102', 'Kulit Sintetis PU');
INSERT IGNORE INTO Produk (id_produk, id_penjual, nama, deskripsi) VALUES (55, 15, 'Generate Virtual Applications Premium', 'At accusamus inventore natus itaque asperiores earum ullam. Sed odio dolore odit deleniti recusandae accusamus fugiat.');
INSERT IGNORE INTO VarianProduk (sku, id_produk, harga, stok) VALUES ('SKU000103', 55, 2272505.21, 148);
INSERT IGNORE INTO ProdukVarianAtribut (id_produk, atribut_varian, sku, nilai) VALUES (55, 'MATERIAL', 'SKU000103', 'Stainless Steel 304');
INSERT IGNORE INTO ProdukVarianAtribut (id_produk, atribut_varian, sku, nilai) VALUES (55, 'UKURAN', 'SKU000103', 'M');
INSERT IGNORE INTO VarianProduk (sku, id_produk, harga, stok) VALUES ('SKU000104', 55, 2175838.65, 0);
INSERT IGNORE INTO ProdukVarianAtribut (id_produk, atribut_varian, sku, nilai) VALUES (55, 'UKURAN', 'SKU000104', '42');
INSERT IGNORE INTO ProdukVarianAtribut (id_produk, atribut_varian, sku, nilai) VALUES (55, 'STORAGE_INTERNAL', 'SKU000104', '256GB');
INSERT IGNORE INTO ProdukVarianAtribut (id_produk, atribut_varian, sku, nilai) VALUES (55, 'MATERIAL', 'SKU000104', 'Kulit Sintetis PU');
INSERT IGNORE INTO Produk (id_produk, id_penjual, nama, deskripsi) VALUES (56, 45, 'Benchmark Best-Of-Breed E-Commerce Serbaguna', 'Ipsa quis facilis non nostrum vero.');
INSERT IGNORE INTO VarianProduk (sku, id_produk, harga, stok) VALUES ('SKU000105', 56, 684207.96, 36);
INSERT IGNORE INTO ProdukVarianAtribut (id_produk, atribut_varian, sku, nilai) VALUES (56, 'MATERIAL', 'SKU000105', 'Polyester Blend');
INSERT IGNORE INTO ProdukVarianAtribut (id_produk, atribut_varian, sku, nilai) VALUES (56, 'WARNA', 'SKU000105', 'Jingga');
INSERT IGNORE INTO ProdukVarianAtribut (id_produk, atribut_varian, sku, nilai) VALUES (56, 'UKURAN', 'SKU000105', 'L');
INSERT IGNORE INTO Produk (id_produk, id_penjual, nama, deskripsi) VALUES (57, 16, 'Cultivate Wireless Content Modern', 'Natus explicabo atque veniam iure. Necessitatibus deleniti deserunt temporibus doloribus. Aspernatur molestias ad labore. Dolores rerum tempore.');
INSERT IGNORE INTO VarianProduk (sku, id_produk, harga, stok) VALUES ('SKU000106', 57, 1381684.36, 137);
INSERT IGNORE INTO ProdukVarianAtribut (id_produk, atribut_varian, sku, nilai) VALUES (57, 'WARNA', 'SKU000106', 'Coklat tua');
INSERT IGNORE INTO VarianProduk (sku, id_produk, harga, stok) VALUES ('SKU000107', 57, 438748.5, 89);
INSERT IGNORE INTO ProdukVarianAtribut (id_produk, atribut_varian, sku, nilai) VALUES (57, 'RESOLUSI_LAYAR', 'SKU000107', 'FHD');
INSERT IGNORE INTO ProdukVarianAtribut (id_produk, atribut_varian, sku, nilai) VALUES (57, 'UKURAN', 'SKU000107', '39');
INSERT IGNORE INTO ProdukVarianAtribut (id_produk, atribut_varian, sku, nilai) VALUES (57, 'STORAGE_INTERNAL', 'SKU000107', '128GB');
INSERT IGNORE INTO VarianProduk (sku, id_produk, harga, stok) VALUES ('SKU000108', 57, 2911140.63, 126);
INSERT IGNORE INTO ProdukVarianAtribut (id_produk, atribut_varian, sku, nilai) VALUES (57, 'JENIS_KAIN', 'SKU000108', 'Satin');
INSERT IGNORE INTO Produk (id_produk, id_penjual, nama, deskripsi) VALUES (58, 12, 'Enhance Next-Generation Web-Readiness Premium', 'Animi commodi nostrum quo. Officiis asperiores blanditiis quisquam.');
INSERT IGNORE INTO VarianProduk (sku, id_produk, harga, stok) VALUES ('SKU000109', 58, 598829.76, 21);
INSERT IGNORE INTO ProdukVarianAtribut (id_produk, atribut_varian, sku, nilai) VALUES (58, 'STORAGE_INTERNAL', 'SKU000109', '256GB');
INSERT IGNORE INTO VarianProduk (sku, id_produk, harga, stok) VALUES ('SKU000110', 58, 1853254.08, 41);
INSERT IGNORE INTO ProdukVarianAtribut (id_produk, atribut_varian, sku, nilai) VALUES (58, 'STORAGE_INTERNAL', 'SKU000110', '512GB');
INSERT IGNORE INTO ProdukVarianAtribut (id_produk, atribut_varian, sku, nilai) VALUES (58, 'JENIS_KAIN', 'SKU000110', 'Flanel');
INSERT IGNORE INTO ProdukVarianAtribut (id_produk, atribut_varian, sku, nilai) VALUES (58, 'UKURAN', 'SKU000110', '38');
INSERT IGNORE INTO VarianProduk (sku, id_produk, harga, stok) VALUES ('SKU000111', 58, 73411.0, 18);
INSERT IGNORE INTO ProdukVarianAtribut (id_produk, atribut_varian, sku, nilai) VALUES (58, 'RAM', 'SKU000111', '4GB');
INSERT IGNORE INTO ProdukVarianAtribut (id_produk, atribut_varian, sku, nilai) VALUES (58, 'RESOLUSI_LAYAR', 'SKU000111', 'HD');
INSERT IGNORE INTO ProdukVarianAtribut (id_produk, atribut_varian, sku, nilai) VALUES (58, 'JENIS_KAIN', 'SKU000111', 'Denim');
INSERT IGNORE INTO Produk (id_produk, id_penjual, nama, deskripsi) VALUES (59, 40, 'Morph Efficient Web-Readiness Premium', 'At reprehenderit nesciunt dolores modi. Excepturi molestias inventore sapiente quia mollitia.');
INSERT IGNORE INTO VarianProduk (sku, id_produk, harga, stok) VALUES ('SKU000112', 59, 1974926.77, 67);
INSERT IGNORE INTO ProdukVarianAtribut (id_produk, atribut_varian, sku, nilai) VALUES (59, 'RESOLUSI_LAYAR', 'SKU000112', 'HD');
INSERT IGNORE INTO ProdukVarianAtribut (id_produk, atribut_varian, sku, nilai) VALUES (59, 'WARNA', 'SKU000112', 'Ungu tua');
INSERT IGNORE INTO VarianProduk (sku, id_produk, harga, stok) VALUES ('SKU000113', 59, 558732.15, 144);
INSERT IGNORE INTO ProdukVarianAtribut (id_produk, atribut_varian, sku, nilai) VALUES (59, 'RAM', 'SKU000113', '12GB');
INSERT IGNORE INTO ProdukVarianAtribut (id_produk, atribut_varian, sku, nilai) VALUES (59, 'RESOLUSI_LAYAR', 'SKU000113', 'QHD');
INSERT IGNORE INTO ProdukVarianAtribut (id_produk, atribut_varian, sku, nilai) VALUES (59, 'JENIS_KAIN', 'SKU000113', 'Rayon');
INSERT IGNORE INTO VarianProduk (sku, id_produk, harga, stok) VALUES ('SKU000114', 59, 1420446.43, 87);
INSERT IGNORE INTO ProdukVarianAtribut (id_produk, atribut_varian, sku, nilai) VALUES (59, 'JENIS_KAIN', 'SKU000114', 'Rayon');
INSERT IGNORE INTO ProdukVarianAtribut (id_produk, atribut_varian, sku, nilai) VALUES (59, 'RAM', 'SKU000114', '32GB');
INSERT IGNORE INTO Produk (id_produk, id_penjual, nama, deskripsi) VALUES (60, 18, 'Architect Intuitive Experiences Modern', 'Praesentium nesciunt maxime veritatis pariatur facere officiis tempora. Tempora voluptatem exercitationem. Magni eum facilis. Culpa perspiciatis pariatur sed quibusdam dignissimos nulla.');
INSERT IGNORE INTO VarianProduk (sku, id_produk, harga, stok) VALUES ('SKU000115', 60, 383691.24, 137);
INSERT IGNORE INTO ProdukVarianAtribut (id_produk, atribut_varian, sku, nilai) VALUES (60, 'STORAGE_INTERNAL', 'SKU000115', '256GB');
INSERT IGNORE INTO ProdukVarianAtribut (id_produk, atribut_varian, sku, nilai) VALUES (60, 'RESOLUSI_LAYAR', 'SKU000115', 'HD');
INSERT IGNORE INTO Produk (id_produk, id_penjual, nama, deskripsi) VALUES (61, 39, 'Enhance Cutting-Edge Partnerships Edisi Terbatas', 'Praesentium assumenda illum iusto occaecati.');
INSERT IGNORE INTO VarianProduk (sku, id_produk, harga, stok) VALUES ('SKU000116', 61, 2088586.53, 68);
INSERT IGNORE INTO ProdukVarianAtribut (id_produk, atribut_varian, sku, nilai) VALUES (61, 'RESOLUSI_LAYAR', 'SKU000116', '4K');
INSERT IGNORE INTO ProdukVarianAtribut (id_produk, atribut_varian, sku, nilai) VALUES (61, 'UKURAN', 'SKU000116', 'All Size');
INSERT IGNORE INTO ProdukVarianAtribut (id_produk, atribut_varian, sku, nilai) VALUES (61, 'RAM', 'SKU000116', '4GB');
INSERT IGNORE INTO VarianProduk (sku, id_produk, harga, stok) VALUES ('SKU000117', 61, 1537889.13, 83);
INSERT IGNORE INTO ProdukVarianAtribut (id_produk, atribut_varian, sku, nilai) VALUES (61, 'RAM', 'SKU000117', '4GB');
INSERT IGNORE INTO Produk (id_produk, id_penjual, nama, deskripsi) VALUES (62, 37, 'Reinvent Cross-Media Architectures Serbaguna', 'Labore temporibus ad maiores corrupti. Consequuntur eum ratione corrupti debitis voluptatum quae dolorem.');
INSERT IGNORE INTO VarianProduk (sku, id_produk, harga, stok) VALUES ('SKU000118', 62, 983822.51, 96);
INSERT IGNORE INTO ProdukVarianAtribut (id_produk, atribut_varian, sku, nilai) VALUES (62, 'MATERIAL', 'SKU000118', 'Katun Combed 30s');
INSERT IGNORE INTO ProdukVarianAtribut (id_produk, atribut_varian, sku, nilai) VALUES (62, 'RAM', 'SKU000118', '32GB');
INSERT IGNORE INTO ProdukVarianAtribut (id_produk, atribut_varian, sku, nilai) VALUES (62, 'STORAGE_INTERNAL', 'SKU000118', '64GB');
INSERT IGNORE INTO VarianProduk (sku, id_produk, harga, stok) VALUES ('SKU000119', 62, 2420082.32, 86);
INSERT IGNORE INTO ProdukVarianAtribut (id_produk, atribut_varian, sku, nilai) VALUES (62, 'MATERIAL', 'SKU000119', 'Kulit Sintetis PU');
INSERT IGNORE INTO ProdukVarianAtribut (id_produk, atribut_varian, sku, nilai) VALUES (62, 'RAM', 'SKU000119', '8GB');
INSERT IGNORE INTO ProdukVarianAtribut (id_produk, atribut_varian, sku, nilai) VALUES (62, 'UKURAN', 'SKU000119', 'L');
INSERT IGNORE INTO VarianProduk (sku, id_produk, harga, stok) VALUES ('SKU000120', 62, 831632.95, 62);
INSERT IGNORE INTO ProdukVarianAtribut (id_produk, atribut_varian, sku, nilai) VALUES (62, 'STORAGE_INTERNAL', 'SKU000120', '64GB');
INSERT IGNORE INTO Produk (id_produk, id_penjual, nama, deskripsi) VALUES (63, 6, 'Synthesize Turn-Key Schemas Serbaguna', 'Tenetur deserunt vitae optio possimus dolor quaerat voluptatibus. Eaque nam architecto eveniet necessitatibus tempora.');
INSERT IGNORE INTO VarianProduk (sku, id_produk, harga, stok) VALUES ('SKU000121', 63, 892701.42, 54);
INSERT IGNORE INTO ProdukVarianAtribut (id_produk, atribut_varian, sku, nilai) VALUES (63, 'STORAGE_INTERNAL', 'SKU000121', '256GB');
INSERT IGNORE INTO ProdukVarianAtribut (id_produk, atribut_varian, sku, nilai) VALUES (63, 'MATERIAL', 'SKU000121', 'Plastik ABS Food Grade');
INSERT IGNORE INTO Produk (id_produk, id_penjual, nama, deskripsi) VALUES (64, 33, 'Mesh Collaborative Architectures Serbaguna', 'Inventore ipsa quos impedit nesciunt ex. Atque recusandae possimus nulla.');
INSERT IGNORE INTO VarianProduk (sku, id_produk, harga, stok) VALUES ('SKU000122', 64, 662700.46, 142);
INSERT IGNORE INTO ProdukVarianAtribut (id_produk, atribut_varian, sku, nilai) VALUES (64, 'MATERIAL', 'SKU000122', 'Polyester Blend');
INSERT IGNORE INTO ProdukVarianAtribut (id_produk, atribut_varian, sku, nilai) VALUES (64, 'JENIS_KAIN', 'SKU000122', 'Denim');
INSERT IGNORE INTO VarianProduk (sku, id_produk, harga, stok) VALUES ('SKU000123', 64, 1536672.31, 1);
INSERT IGNORE INTO ProdukVarianAtribut (id_produk, atribut_varian, sku, nilai) VALUES (64, 'MATERIAL', 'SKU000123', 'Plastik ABS Food Grade');
INSERT IGNORE INTO Produk (id_produk, id_penjual, nama, deskripsi) VALUES (65, 5, 'Enable Killer Markets Premium', 'Sunt distinctio optio nihil. Velit et veritatis vitae. Natus delectus dolore quasi delectus tenetur minus. Eos quaerat officia deleniti.');
INSERT IGNORE INTO VarianProduk (sku, id_produk, harga, stok) VALUES ('SKU000124', 65, 1490507.59, 56);
INSERT IGNORE INTO ProdukVarianAtribut (id_produk, atribut_varian, sku, nilai) VALUES (65, 'STORAGE_INTERNAL', 'SKU000124', '256GB');
INSERT IGNORE INTO VarianProduk (sku, id_produk, harga, stok) VALUES ('SKU000125', 65, 1153035.3, 140);
INSERT IGNORE INTO ProdukVarianAtribut (id_produk, atribut_varian, sku, nilai) VALUES (65, 'RESOLUSI_LAYAR', 'SKU000125', 'QHD');
INSERT IGNORE INTO ProdukVarianAtribut (id_produk, atribut_varian, sku, nilai) VALUES (65, 'JENIS_KAIN', 'SKU000125', 'Rayon');
INSERT IGNORE INTO ProdukVarianAtribut (id_produk, atribut_varian, sku, nilai) VALUES (65, 'UKURAN', 'SKU000125', '41');
INSERT IGNORE INTO VarianProduk (sku, id_produk, harga, stok) VALUES ('SKU000126', 65, 2401446.07, 124);
INSERT IGNORE INTO ProdukVarianAtribut (id_produk, atribut_varian, sku, nilai) VALUES (65, 'STORAGE_INTERNAL', 'SKU000126', '64GB');
INSERT IGNORE INTO ProdukVarianAtribut (id_produk, atribut_varian, sku, nilai) VALUES (65, 'RAM', 'SKU000126', '32GB');
INSERT IGNORE INTO ProdukVarianAtribut (id_produk, atribut_varian, sku, nilai) VALUES (65, 'MATERIAL', 'SKU000126', 'Katun Combed 30s');
INSERT IGNORE INTO Produk (id_produk, id_penjual, nama, deskripsi) VALUES (66, 22, 'Benchmark Dynamic Synergies Edisi Terbatas', 'A rerum deleniti repellat beatae repudiandae.');
INSERT IGNORE INTO VarianProduk (sku, id_produk, harga, stok) VALUES ('SKU000127', 66, 218625.52, 10);
INSERT IGNORE INTO ProdukVarianAtribut (id_produk, atribut_varian, sku, nilai) VALUES (66, 'WARNA', 'SKU000127', 'Abu-abu');
INSERT IGNORE INTO ProdukVarianAtribut (id_produk, atribut_varian, sku, nilai) VALUES (66, 'RESOLUSI_LAYAR', 'SKU000127', 'HD');
INSERT IGNORE INTO ProdukVarianAtribut (id_produk, atribut_varian, sku, nilai) VALUES (66, 'UKURAN', 'SKU000127', 'S');
INSERT IGNORE INTO VarianProduk (sku, id_produk, harga, stok) VALUES ('SKU000128', 66, 596254.03, 131);
INSERT IGNORE INTO ProdukVarianAtribut (id_produk, atribut_varian, sku, nilai) VALUES (66, 'STORAGE_INTERNAL', 'SKU000128', '128GB');
INSERT IGNORE INTO ProdukVarianAtribut (id_produk, atribut_varian, sku, nilai) VALUES (66, 'MATERIAL', 'SKU000128', 'Kulit Sintetis PU');
INSERT IGNORE INTO ProdukVarianAtribut (id_produk, atribut_varian, sku, nilai) VALUES (66, 'UKURAN', 'SKU000128', '38');
INSERT IGNORE INTO Produk (id_produk, id_penjual, nama, deskripsi) VALUES (67, 30, 'Whiteboard Cross-Media Networks Premium', 'Voluptas provident cum officia voluptatum. Sit itaque tempore exercitationem.');
INSERT IGNORE INTO VarianProduk (sku, id_produk, harga, stok) VALUES ('SKU000129', 67, 1181637.04, 32);
INSERT IGNORE INTO ProdukVarianAtribut (id_produk, atribut_varian, sku, nilai) VALUES (67, 'WARNA', 'SKU000129', 'Hijau');
INSERT IGNORE INTO Produk (id_produk, id_penjual, nama, deskripsi) VALUES (68, 13, 'Redefine Real-Time Mindshare Edisi Terbatas', 'Rerum ratione eius atque explicabo reiciendis dolor incidunt. Commodi ipsa cumque distinctio eveniet nulla modi tenetur. Quasi at recusandae quod illum.');
INSERT IGNORE INTO VarianProduk (sku, id_produk, harga, stok) VALUES ('SKU000130', 68, 34091.69, 103);
INSERT IGNORE INTO ProdukVarianAtribut (id_produk, atribut_varian, sku, nilai) VALUES (68, 'WARNA', 'SKU000130', 'Hijau tua');
INSERT IGNORE INTO ProdukVarianAtribut (id_produk, atribut_varian, sku, nilai) VALUES (68, 'UKURAN', 'SKU000130', '41');
INSERT IGNORE INTO Produk (id_produk, id_penjual, nama, deskripsi) VALUES (69, 18, 'Implement Best-Of-Breed Applications Premium', 'Veniam recusandae architecto quasi cumque iste. Ea aspernatur commodi perspiciatis temporibus esse. Sunt consequuntur amet fugit magnam consectetur. Quam esse aperiam blanditiis. Earum officia dicta doloribus suscipit quae dicta.');
INSERT IGNORE INTO VarianProduk (sku, id_produk, harga, stok) VALUES ('SKU000131', 69, 1513612.03, 89);
INSERT IGNORE INTO ProdukVarianAtribut (id_produk, atribut_varian, sku, nilai) VALUES (69, 'JENIS_KAIN', 'SKU000131', 'Flanel');
INSERT IGNORE INTO Produk (id_produk, id_penjual, nama, deskripsi) VALUES (70, 12, 'Re-Intermediate Web-Enabled Functionalities Premium', 'Ipsa dolor sequi itaque debitis corrupti excepturi. Rem nobis quo inventore porro ad.');
INSERT IGNORE INTO VarianProduk (sku, id_produk, harga, stok) VALUES ('SKU000132', 70, 2550171.03, 8);
INSERT IGNORE INTO ProdukVarianAtribut (id_produk, atribut_varian, sku, nilai) VALUES (70, 'UKURAN', 'SKU000132', '38');
INSERT IGNORE INTO ProdukVarianAtribut (id_produk, atribut_varian, sku, nilai) VALUES (70, 'STORAGE_INTERNAL', 'SKU000132', '128GB');
INSERT IGNORE INTO ProdukVarianAtribut (id_produk, atribut_varian, sku, nilai) VALUES (70, 'JENIS_KAIN', 'SKU000132', 'Flanel');
INSERT IGNORE INTO Produk (id_produk, id_penjual, nama, deskripsi) VALUES (71, 28, 'Synergize Virtual Deliverables Serbaguna', 'Adipisci consequuntur amet illum laboriosam rerum maxime cum. Et ex maxime laudantium. Aut inventore tenetur similique.');
INSERT IGNORE INTO VarianProduk (sku, id_produk, harga, stok) VALUES ('SKU000133', 71, 2435850.51, 58);
INSERT IGNORE INTO ProdukVarianAtribut (id_produk, atribut_varian, sku, nilai) VALUES (71, 'RESOLUSI_LAYAR', 'SKU000133', '4K');
INSERT IGNORE INTO ProdukVarianAtribut (id_produk, atribut_varian, sku, nilai) VALUES (71, 'WARNA', 'SKU000133', 'Merah jambu');
INSERT IGNORE INTO ProdukVarianAtribut (id_produk, atribut_varian, sku, nilai) VALUES (71, 'RAM', 'SKU000133', '4GB');
INSERT IGNORE INTO VarianProduk (sku, id_produk, harga, stok) VALUES ('SKU000134', 71, 2102050.0, 104);
INSERT IGNORE INTO ProdukVarianAtribut (id_produk, atribut_varian, sku, nilai) VALUES (71, 'JENIS_KAIN', 'SKU000134', 'Denim');
INSERT IGNORE INTO Produk (id_produk, id_penjual, nama, deskripsi) VALUES (72, 23, 'Orchestrate Holistic Web Services Edisi Terbatas', 'Tenetur cupiditate nulla optio.');
INSERT IGNORE INTO VarianProduk (sku, id_produk, harga, stok) VALUES ('SKU000135', 72, 2981627.21, 111);
INSERT IGNORE INTO ProdukVarianAtribut (id_produk, atribut_varian, sku, nilai) VALUES (72, 'UKURAN', 'SKU000135', 'L');
INSERT IGNORE INTO Produk (id_produk, id_penjual, nama, deskripsi) VALUES (73, 36, 'Whiteboard Extensible Applications Serbaguna', 'Amet vitae voluptates dolor quisquam sint illo. Culpa aspernatur consequatur.');
INSERT IGNORE INTO VarianProduk (sku, id_produk, harga, stok) VALUES ('SKU000136', 73, 187772.6, 44);
INSERT IGNORE INTO ProdukVarianAtribut (id_produk, atribut_varian, sku, nilai) VALUES (73, 'RAM', 'SKU000136', '32GB');
INSERT IGNORE INTO ProdukVarianAtribut (id_produk, atribut_varian, sku, nilai) VALUES (73, 'RESOLUSI_LAYAR', 'SKU000136', 'QHD');
INSERT IGNORE INTO VarianProduk (sku, id_produk, harga, stok) VALUES ('SKU000137', 73, 1100256.9, 84);
INSERT IGNORE INTO ProdukVarianAtribut (id_produk, atribut_varian, sku, nilai) VALUES (73, 'UKURAN', 'SKU000137', 'S');
INSERT IGNORE INTO Produk (id_produk, id_penjual, nama, deskripsi) VALUES (74, 8, 'Generate Dot-Com Relationships Premium', 'Quia modi nulla quis quaerat commodi temporibus corrupti. Optio consectetur aut odit eveniet ea.');
INSERT IGNORE INTO VarianProduk (sku, id_produk, harga, stok) VALUES ('SKU000138', 74, 2039648.59, 58);
INSERT IGNORE INTO ProdukVarianAtribut (id_produk, atribut_varian, sku, nilai) VALUES (74, 'RESOLUSI_LAYAR', 'SKU000138', 'FHD');
INSERT IGNORE INTO ProdukVarianAtribut (id_produk, atribut_varian, sku, nilai) VALUES (74, 'RAM', 'SKU000138', '4GB');
INSERT IGNORE INTO ProdukVarianAtribut (id_produk, atribut_varian, sku, nilai) VALUES (74, 'UKURAN', 'SKU000138', '41');
INSERT IGNORE INTO VarianProduk (sku, id_produk, harga, stok) VALUES ('SKU000139', 74, 2163504.69, 77);
INSERT IGNORE INTO ProdukVarianAtribut (id_produk, atribut_varian, sku, nilai) VALUES (74, 'JENIS_KAIN', 'SKU000139', 'Rayon');
INSERT IGNORE INTO ProdukVarianAtribut (id_produk, atribut_varian, sku, nilai) VALUES (74, 'RAM', 'SKU000139', '4GB');
INSERT IGNORE INTO VarianProduk (sku, id_produk, harga, stok) VALUES ('SKU000140', 74, 2158406.82, 83);
INSERT IGNORE INTO ProdukVarianAtribut (id_produk, atribut_varian, sku, nilai) VALUES (74, 'STORAGE_INTERNAL', 'SKU000140', '1TB');
INSERT IGNORE INTO ProdukVarianAtribut (id_produk, atribut_varian, sku, nilai) VALUES (74, 'RAM', 'SKU000140', '12GB');
INSERT IGNORE INTO ProdukVarianAtribut (id_produk, atribut_varian, sku, nilai) VALUES (74, 'MATERIAL', 'SKU000140', 'Kanvas Tebal');
INSERT IGNORE INTO Produk (id_produk, id_penjual, nama, deskripsi) VALUES (75, 19, 'Revolutionize World-Class Networks Modern', 'Repellendus hic officia quia possimus sequi. Mollitia aut itaque iure vero a.');
INSERT IGNORE INTO VarianProduk (sku, id_produk, harga, stok) VALUES ('SKU000141', 75, 1264891.36, 51);
INSERT IGNORE INTO ProdukVarianAtribut (id_produk, atribut_varian, sku, nilai) VALUES (75, 'RESOLUSI_LAYAR', 'SKU000141', 'QHD');
INSERT IGNORE INTO ProdukVarianAtribut (id_produk, atribut_varian, sku, nilai) VALUES (75, 'MATERIAL', 'SKU000141', 'Plastik ABS Food Grade');
INSERT IGNORE INTO ProdukVarianAtribut (id_produk, atribut_varian, sku, nilai) VALUES (75, 'UKURAN', 'SKU000141', 'S');
INSERT IGNORE INTO VarianProduk (sku, id_produk, harga, stok) VALUES ('SKU000142', 75, 1676460.75, 75);
INSERT IGNORE INTO ProdukVarianAtribut (id_produk, atribut_varian, sku, nilai) VALUES (75, 'RESOLUSI_LAYAR', 'SKU000142', 'QHD');
INSERT IGNORE INTO ProdukVarianAtribut (id_produk, atribut_varian, sku, nilai) VALUES (75, 'MATERIAL', 'SKU000142', 'Kulit Sintetis PU');
INSERT IGNORE INTO ProdukVarianAtribut (id_produk, atribut_varian, sku, nilai) VALUES (75, 'STORAGE_INTERNAL', 'SKU000142', '512GB');
INSERT IGNORE INTO VarianProduk (sku, id_produk, harga, stok) VALUES ('SKU000143', 75, 2664086.63, 59);
INSERT IGNORE INTO ProdukVarianAtribut (id_produk, atribut_varian, sku, nilai) VALUES (75, 'UKURAN', 'SKU000143', 'XL');
INSERT IGNORE INTO ProdukVarianAtribut (id_produk, atribut_varian, sku, nilai) VALUES (75, 'RESOLUSI_LAYAR', 'SKU000143', '4K');
INSERT IGNORE INTO Produk (id_produk, id_penjual, nama, deskripsi) VALUES (76, 36, 'Aggregate Collaborative Relationships Serbaguna', 'Itaque iusto eius autem.');
INSERT IGNORE INTO VarianProduk (sku, id_produk, harga, stok) VALUES ('SKU000144', 76, 2312800.91, 125);
INSERT IGNORE INTO ProdukVarianAtribut (id_produk, atribut_varian, sku, nilai) VALUES (76, 'UKURAN', 'SKU000144', 'L');
INSERT IGNORE INTO ProdukVarianAtribut (id_produk, atribut_varian, sku, nilai) VALUES (76, 'JENIS_KAIN', 'SKU000144', 'Denim');
INSERT IGNORE INTO VarianProduk (sku, id_produk, harga, stok) VALUES ('SKU000145', 76, 2344542.53, 130);
INSERT IGNORE INTO ProdukVarianAtribut (id_produk, atribut_varian, sku, nilai) VALUES (76, 'RESOLUSI_LAYAR', 'SKU000145', '4K');
INSERT IGNORE INTO Produk (id_produk, id_penjual, nama, deskripsi) VALUES (77, 32, 'Seize Customized Functionalities Modern', 'Non praesentium maxime cum facilis dolores dolore. Rem ea quisquam dolor unde.');
INSERT IGNORE INTO VarianProduk (sku, id_produk, harga, stok) VALUES ('SKU000146', 77, 2075080.77, 71);
INSERT IGNORE INTO ProdukVarianAtribut (id_produk, atribut_varian, sku, nilai) VALUES (77, 'STORAGE_INTERNAL', 'SKU000146', '256GB');
INSERT IGNORE INTO ProdukVarianAtribut (id_produk, atribut_varian, sku, nilai) VALUES (77, 'UKURAN', 'SKU000146', '40');
INSERT IGNORE INTO ProdukVarianAtribut (id_produk, atribut_varian, sku, nilai) VALUES (77, 'RESOLUSI_LAYAR', 'SKU000146', 'HD');
INSERT IGNORE INTO VarianProduk (sku, id_produk, harga, stok) VALUES ('SKU000147', 77, 709933.57, 8);
INSERT IGNORE INTO ProdukVarianAtribut (id_produk, atribut_varian, sku, nilai) VALUES (77, 'UKURAN', 'SKU000147', 'L');
INSERT IGNORE INTO ProdukVarianAtribut (id_produk, atribut_varian, sku, nilai) VALUES (77, 'MATERIAL', 'SKU000147', 'Kulit Sintetis PU');
INSERT IGNORE INTO ProdukVarianAtribut (id_produk, atribut_varian, sku, nilai) VALUES (77, 'JENIS_KAIN', 'SKU000147', 'Denim');
INSERT IGNORE INTO VarianProduk (sku, id_produk, harga, stok) VALUES ('SKU000148', 77, 1957159.04, 59);
INSERT IGNORE INTO ProdukVarianAtribut (id_produk, atribut_varian, sku, nilai) VALUES (77, 'WARNA', 'SKU000148', 'Hijau tua');
INSERT IGNORE INTO Produk (id_produk, id_penjual, nama, deskripsi) VALUES (78, 34, 'Orchestrate Rich Architectures Modern', 'At cumque atque.');
INSERT IGNORE INTO VarianProduk (sku, id_produk, harga, stok) VALUES ('SKU000149', 78, 653240.52, 39);
INSERT IGNORE INTO ProdukVarianAtribut (id_produk, atribut_varian, sku, nilai) VALUES (78, 'UKURAN', 'SKU000149', 'All Size');
INSERT IGNORE INTO VarianProduk (sku, id_produk, harga, stok) VALUES ('SKU000150', 78, 1589809.19, 93);
INSERT IGNORE INTO ProdukVarianAtribut (id_produk, atribut_varian, sku, nilai) VALUES (78, 'RESOLUSI_LAYAR', 'SKU000150', 'QHD');
INSERT IGNORE INTO VarianProduk (sku, id_produk, harga, stok) VALUES ('SKU000151', 78, 934424.15, 131);
INSERT IGNORE INTO ProdukVarianAtribut (id_produk, atribut_varian, sku, nilai) VALUES (78, 'RESOLUSI_LAYAR', 'SKU000151', 'FHD');
INSERT IGNORE INTO ProdukVarianAtribut (id_produk, atribut_varian, sku, nilai) VALUES (78, 'WARNA', 'SKU000151', 'Biru laut');
INSERT IGNORE INTO Produk (id_produk, id_penjual, nama, deskripsi) VALUES (79, 43, 'Evolve Value-Added Convergence Modern', 'Voluptatum magnam quam aliquid sunt commodi id.');
INSERT IGNORE INTO VarianProduk (sku, id_produk, harga, stok) VALUES ('SKU000152', 79, 633144.69, 127);
INSERT IGNORE INTO ProdukVarianAtribut (id_produk, atribut_varian, sku, nilai) VALUES (79, 'WARNA', 'SKU000152', 'Hijau tua');
INSERT IGNORE INTO ProdukVarianAtribut (id_produk, atribut_varian, sku, nilai) VALUES (79, 'UKURAN', 'SKU000152', 'XL');
INSERT IGNORE INTO ProdukVarianAtribut (id_produk, atribut_varian, sku, nilai) VALUES (79, 'RAM', 'SKU000152', '16GB');
INSERT IGNORE INTO VarianProduk (sku, id_produk, harga, stok) VALUES ('SKU000153', 79, 1947354.33, 83);
INSERT IGNORE INTO ProdukVarianAtribut (id_produk, atribut_varian, sku, nilai) VALUES (79, 'STORAGE_INTERNAL', 'SKU000153', '128GB');
INSERT IGNORE INTO ProdukVarianAtribut (id_produk, atribut_varian, sku, nilai) VALUES (79, 'MATERIAL', 'SKU000153', 'Stainless Steel 304');
INSERT IGNORE INTO VarianProduk (sku, id_produk, harga, stok) VALUES ('SKU000154', 79, 2113767.42, 101);
INSERT IGNORE INTO ProdukVarianAtribut (id_produk, atribut_varian, sku, nilai) VALUES (79, 'RAM', 'SKU000154', '12GB');
INSERT IGNORE INTO ProdukVarianAtribut (id_produk, atribut_varian, sku, nilai) VALUES (79, 'WARNA', 'SKU000154', 'Hijau');
INSERT IGNORE INTO ProdukVarianAtribut (id_produk, atribut_varian, sku, nilai) VALUES (79, 'MATERIAL', 'SKU000154', 'Kulit Sintetis PU');
INSERT IGNORE INTO Produk (id_produk, id_penjual, nama, deskripsi) VALUES (80, 11, 'Syndicate Plug-And-Play E-Commerce Serbaguna', 'Rem natus assumenda aliquam magnam.');
INSERT IGNORE INTO VarianProduk (sku, id_produk, harga, stok) VALUES ('SKU000155', 80, 59903.38, 58);
INSERT IGNORE INTO ProdukVarianAtribut (id_produk, atribut_varian, sku, nilai) VALUES (80, 'MATERIAL', 'SKU000155', 'Kanvas Tebal');
INSERT IGNORE INTO VarianProduk (sku, id_produk, harga, stok) VALUES ('SKU000156', 80, 1918215.06, 15);
INSERT IGNORE INTO ProdukVarianAtribut (id_produk, atribut_varian, sku, nilai) VALUES (80, 'WARNA', 'SKU000156', 'Hitam');
INSERT IGNORE INTO VarianProduk (sku, id_produk, harga, stok) VALUES ('SKU000157', 80, 23962.93, 45);
INSERT IGNORE INTO ProdukVarianAtribut (id_produk, atribut_varian, sku, nilai) VALUES (80, 'JENIS_KAIN', 'SKU000157', 'Rayon');
INSERT IGNORE INTO ProdukVarianAtribut (id_produk, atribut_varian, sku, nilai) VALUES (80, 'WARNA', 'SKU000157', 'Ungu');
INSERT IGNORE INTO ProdukVarianAtribut (id_produk, atribut_varian, sku, nilai) VALUES (80, 'RAM', 'SKU000157', '12GB');
INSERT IGNORE INTO Produk (id_produk, id_penjual, nama, deskripsi) VALUES (81, 10, 'Synthesize Integrated Bandwidth Modern', 'Explicabo atque quo quae quisquam facilis quo necessitatibus. Cumque beatae magni ipsum aspernatur ad. Dolores laboriosam iusto cumque at aperiam perspiciatis accusamus. Doloremque beatae sit hic placeat inventore exercitationem.');
INSERT IGNORE INTO VarianProduk (sku, id_produk, harga, stok) VALUES ('SKU000158', 81, 603411.17, 90);
INSERT IGNORE INTO ProdukVarianAtribut (id_produk, atribut_varian, sku, nilai) VALUES (81, 'WARNA', 'SKU000158', 'Biru');
INSERT IGNORE INTO ProdukVarianAtribut (id_produk, atribut_varian, sku, nilai) VALUES (81, 'STORAGE_INTERNAL', 'SKU000158', '512GB');
INSERT IGNORE INTO Produk (id_produk, id_penjual, nama, deskripsi) VALUES (82, 29, 'Visualize Revolutionary Mindshare Modern', 'Cupiditate consequatur iure.');
INSERT IGNORE INTO VarianProduk (sku, id_produk, harga, stok) VALUES ('SKU000159', 82, 1386477.93, 83);
INSERT IGNORE INTO ProdukVarianAtribut (id_produk, atribut_varian, sku, nilai) VALUES (82, 'RAM', 'SKU000159', '8GB');
INSERT IGNORE INTO ProdukVarianAtribut (id_produk, atribut_varian, sku, nilai) VALUES (82, 'JENIS_KAIN', 'SKU000159', 'Rayon');
INSERT IGNORE INTO Produk (id_produk, id_penjual, nama, deskripsi) VALUES (83, 21, 'Re-Contextualize Innovative E-Business Serbaguna', 'Harum quibusdam excepturi provident vel velit. Debitis quo magnam dolore temporibus iusto voluptate. Saepe beatae omnis aut.');
INSERT IGNORE INTO VarianProduk (sku, id_produk, harga, stok) VALUES ('SKU000160', 83, 1921034.59, 39);
INSERT IGNORE INTO ProdukVarianAtribut (id_produk, atribut_varian, sku, nilai) VALUES (83, 'STORAGE_INTERNAL', 'SKU000160', '256GB');
INSERT IGNORE INTO VarianProduk (sku, id_produk, harga, stok) VALUES ('SKU000161', 83, 1331393.44, 61);
INSERT IGNORE INTO ProdukVarianAtribut (id_produk, atribut_varian, sku, nilai) VALUES (83, 'MATERIAL', 'SKU000161', 'Kanvas Tebal');
INSERT IGNORE INTO VarianProduk (sku, id_produk, harga, stok) VALUES ('SKU000162', 83, 2765883.45, 133);
INSERT IGNORE INTO ProdukVarianAtribut (id_produk, atribut_varian, sku, nilai) VALUES (83, 'WARNA', 'SKU000162', 'Kuning');
INSERT IGNORE INTO ProdukVarianAtribut (id_produk, atribut_varian, sku, nilai) VALUES (83, 'JENIS_KAIN', 'SKU000162', 'Flanel');
INSERT IGNORE INTO Produk (id_produk, id_penjual, nama, deskripsi) VALUES (84, 13, 'Cultivate Magnetic Paradigms Edisi Terbatas', 'Illo corporis voluptatum possimus. Voluptate ab officia cum explicabo voluptates.');
INSERT IGNORE INTO VarianProduk (sku, id_produk, harga, stok) VALUES ('SKU000163', 84, 276130.39, 31);
INSERT IGNORE INTO ProdukVarianAtribut (id_produk, atribut_varian, sku, nilai) VALUES (84, 'WARNA', 'SKU000163', 'Kuning');
INSERT IGNORE INTO ProdukVarianAtribut (id_produk, atribut_varian, sku, nilai) VALUES (84, 'UKURAN', 'SKU000163', '42');
INSERT IGNORE INTO Produk (id_produk, id_penjual, nama, deskripsi) VALUES (85, 41, 'Leverage Bricks-And-Clicks Web-Readiness Edisi Terbatas', 'Rem necessitatibus vitae odio nesciunt magni. Cupiditate nemo ipsa.');
INSERT IGNORE INTO VarianProduk (sku, id_produk, harga, stok) VALUES ('SKU000164', 85, 98200.01, 130);
INSERT IGNORE INTO ProdukVarianAtribut (id_produk, atribut_varian, sku, nilai) VALUES (85, 'JENIS_KAIN', 'SKU000164', 'Denim');
INSERT IGNORE INTO VarianProduk (sku, id_produk, harga, stok) VALUES ('SKU000165', 85, 1764753.46, 146);
INSERT IGNORE INTO ProdukVarianAtribut (id_produk, atribut_varian, sku, nilai) VALUES (85, 'STORAGE_INTERNAL', 'SKU000165', '512GB');
INSERT IGNORE INTO ProdukVarianAtribut (id_produk, atribut_varian, sku, nilai) VALUES (85, 'UKURAN', 'SKU000165', 'M');
INSERT IGNORE INTO ProdukVarianAtribut (id_produk, atribut_varian, sku, nilai) VALUES (85, 'WARNA', 'SKU000165', 'Perak');
INSERT IGNORE INTO VarianProduk (sku, id_produk, harga, stok) VALUES ('SKU000166', 85, 1166234.14, 124);
INSERT IGNORE INTO ProdukVarianAtribut (id_produk, atribut_varian, sku, nilai) VALUES (85, 'JENIS_KAIN', 'SKU000166', 'Flanel');
INSERT IGNORE INTO Produk (id_produk, id_penjual, nama, deskripsi) VALUES (86, 22, 'Brand Cross-Media Interfaces Premium', 'Et similique quod sapiente. Reprehenderit occaecati corrupti ipsa.');
INSERT IGNORE INTO VarianProduk (sku, id_produk, harga, stok) VALUES ('SKU000167', 86, 2633025.94, 67);
INSERT IGNORE INTO ProdukVarianAtribut (id_produk, atribut_varian, sku, nilai) VALUES (86, 'MATERIAL', 'SKU000167', 'Kulit Sintetis PU');
INSERT IGNORE INTO VarianProduk (sku, id_produk, harga, stok) VALUES ('SKU000168', 86, 1585864.58, 26);
INSERT IGNORE INTO ProdukVarianAtribut (id_produk, atribut_varian, sku, nilai) VALUES (86, 'RESOLUSI_LAYAR', 'SKU000168', 'QHD');
INSERT IGNORE INTO ProdukVarianAtribut (id_produk, atribut_varian, sku, nilai) VALUES (86, 'UKURAN', 'SKU000168', 'S');
INSERT IGNORE INTO VarianProduk (sku, id_produk, harga, stok) VALUES ('SKU000169', 86, 712576.34, 48);
INSERT IGNORE INTO ProdukVarianAtribut (id_produk, atribut_varian, sku, nilai) VALUES (86, 'UKURAN', 'SKU000169', 'All Size');
INSERT IGNORE INTO ProdukVarianAtribut (id_produk, atribut_varian, sku, nilai) VALUES (86, 'WARNA', 'SKU000169', 'Coklat');
INSERT IGNORE INTO ProdukVarianAtribut (id_produk, atribut_varian, sku, nilai) VALUES (86, 'JENIS_KAIN', 'SKU000169', 'Satin');
INSERT IGNORE INTO Produk (id_produk, id_penjual, nama, deskripsi) VALUES (87, 46, 'Matrix World-Class Content Modern', 'Laboriosam itaque voluptatem eos ut.');
INSERT IGNORE INTO VarianProduk (sku, id_produk, harga, stok) VALUES ('SKU000170', 87, 1614274.9, 148);
INSERT IGNORE INTO ProdukVarianAtribut (id_produk, atribut_varian, sku, nilai) VALUES (87, 'MATERIAL', 'SKU000170', 'Stainless Steel 304');
INSERT IGNORE INTO ProdukVarianAtribut (id_produk, atribut_varian, sku, nilai) VALUES (87, 'RESOLUSI_LAYAR', 'SKU000170', 'QHD');
INSERT IGNORE INTO ProdukVarianAtribut (id_produk, atribut_varian, sku, nilai) VALUES (87, 'WARNA', 'SKU000170', 'Ungu');
INSERT IGNORE INTO VarianProduk (sku, id_produk, harga, stok) VALUES ('SKU000171', 87, 1756418.08, 27);
INSERT IGNORE INTO ProdukVarianAtribut (id_produk, atribut_varian, sku, nilai) VALUES (87, 'UKURAN', 'SKU000171', '41');
INSERT IGNORE INTO Produk (id_produk, id_penjual, nama, deskripsi) VALUES (88, 46, 'Envisioneer Global Networks Serbaguna', 'Voluptates aliquam exercitationem fugit nisi repellat laboriosam. Hic veniam repellendus eveniet laudantium corporis ipsam porro. Amet ducimus iusto. Ad illum fugit commodi necessitatibus sequi ratione. Accusantium quasi accusamus ut impedit fuga autem.');
INSERT IGNORE INTO VarianProduk (sku, id_produk, harga, stok) VALUES ('SKU000172', 88, 251861.31, 15);
INSERT IGNORE INTO ProdukVarianAtribut (id_produk, atribut_varian, sku, nilai) VALUES (88, 'JENIS_KAIN', 'SKU000172', 'Rayon');
INSERT IGNORE INTO ProdukVarianAtribut (id_produk, atribut_varian, sku, nilai) VALUES (88, 'RESOLUSI_LAYAR', 'SKU000172', 'HD');
INSERT IGNORE INTO VarianProduk (sku, id_produk, harga, stok) VALUES ('SKU000173', 88, 1203475.31, 142);
INSERT IGNORE INTO ProdukVarianAtribut (id_produk, atribut_varian, sku, nilai) VALUES (88, 'JENIS_KAIN', 'SKU000173', 'Flanel');
INSERT IGNORE INTO ProdukVarianAtribut (id_produk, atribut_varian, sku, nilai) VALUES (88, 'RAM', 'SKU000173', '8GB');
INSERT IGNORE INTO Produk (id_produk, id_penjual, nama, deskripsi) VALUES (89, 16, 'Target Holistic Content Premium', 'Quae quidem incidunt unde eum vero. Officia ut inventore repellendus error. Consequatur sapiente fugit voluptates atque libero qui tenetur. Quae omnis in perspiciatis molestiae nam architecto. Repellendus nisi distinctio.');
INSERT IGNORE INTO VarianProduk (sku, id_produk, harga, stok) VALUES ('SKU000174', 89, 2362083.41, 19);
INSERT IGNORE INTO ProdukVarianAtribut (id_produk, atribut_varian, sku, nilai) VALUES (89, 'MATERIAL', 'SKU000174', 'Polyester Blend');
INSERT IGNORE INTO Produk (id_produk, id_penjual, nama, deskripsi) VALUES (90, 28, 'Envisioneer Bleeding-Edge Convergence Edisi Terbatas', 'Iure numquam ullam asperiores. Quisquam at eos officiis accusantium assumenda.');
INSERT IGNORE INTO VarianProduk (sku, id_produk, harga, stok) VALUES ('SKU000175', 90, 437578.92, 74);
INSERT IGNORE INTO ProdukVarianAtribut (id_produk, atribut_varian, sku, nilai) VALUES (90, 'RESOLUSI_LAYAR', 'SKU000175', 'FHD');
INSERT IGNORE INTO ProdukVarianAtribut (id_produk, atribut_varian, sku, nilai) VALUES (90, 'STORAGE_INTERNAL', 'SKU000175', '128GB');
INSERT IGNORE INTO Produk (id_produk, id_penjual, nama, deskripsi) VALUES (91, 32, 'Expedite Turn-Key Infrastructures Modern', 'Dolorum aliquam dicta ipsa repellendus. Earum esse aspernatur reprehenderit repudiandae provident quisquam quos.');
INSERT IGNORE INTO VarianProduk (sku, id_produk, harga, stok) VALUES ('SKU000176', 91, 2788089.91, 35);
INSERT IGNORE INTO ProdukVarianAtribut (id_produk, atribut_varian, sku, nilai) VALUES (91, 'STORAGE_INTERNAL', 'SKU000176', '1TB');
INSERT IGNORE INTO ProdukVarianAtribut (id_produk, atribut_varian, sku, nilai) VALUES (91, 'RESOLUSI_LAYAR', 'SKU000176', '4K');
INSERT IGNORE INTO VarianProduk (sku, id_produk, harga, stok) VALUES ('SKU000177', 91, 2684164.52, 130);
INSERT IGNORE INTO ProdukVarianAtribut (id_produk, atribut_varian, sku, nilai) VALUES (91, 'RAM', 'SKU000177', '32GB');
INSERT IGNORE INTO ProdukVarianAtribut (id_produk, atribut_varian, sku, nilai) VALUES (91, 'WARNA', 'SKU000177', 'Hitam');
INSERT IGNORE INTO ProdukVarianAtribut (id_produk, atribut_varian, sku, nilai) VALUES (91, 'STORAGE_INTERNAL', 'SKU000177', '1TB');
INSERT IGNORE INTO Produk (id_produk, id_penjual, nama, deskripsi) VALUES (92, 16, 'Deploy Rich Bandwidth Premium', 'Consequatur maiores beatae autem. Incidunt id accusamus fuga. Et similique aspernatur ipsam vel sint sint.');
INSERT IGNORE INTO VarianProduk (sku, id_produk, harga, stok) VALUES ('SKU000178', 92, 1783672.31, 125);
INSERT IGNORE INTO ProdukVarianAtribut (id_produk, atribut_varian, sku, nilai) VALUES (92, 'RAM', 'SKU000178', '12GB');
INSERT IGNORE INTO ProdukVarianAtribut (id_produk, atribut_varian, sku, nilai) VALUES (92, 'STORAGE_INTERNAL', 'SKU000178', '128GB');
INSERT IGNORE INTO ProdukVarianAtribut (id_produk, atribut_varian, sku, nilai) VALUES (92, 'WARNA', 'SKU000178', 'Magenta');
INSERT IGNORE INTO VarianProduk (sku, id_produk, harga, stok) VALUES ('SKU000179', 92, 333851.43, 131);
INSERT IGNORE INTO ProdukVarianAtribut (id_produk, atribut_varian, sku, nilai) VALUES (92, 'STORAGE_INTERNAL', 'SKU000179', '512GB');
INSERT IGNORE INTO ProdukVarianAtribut (id_produk, atribut_varian, sku, nilai) VALUES (92, 'UKURAN', 'SKU000179', 'S');
INSERT IGNORE INTO Produk (id_produk, id_penjual, nama, deskripsi) VALUES (93, 38, 'Evolve Ubiquitous Paradigms Modern', 'Beatae saepe impedit velit ipsum est ducimus magnam.');
INSERT IGNORE INTO VarianProduk (sku, id_produk, harga, stok) VALUES ('SKU000180', 93, 2637769.76, 106);
INSERT IGNORE INTO ProdukVarianAtribut (id_produk, atribut_varian, sku, nilai) VALUES (93, 'WARNA', 'SKU000180', 'Ungu tua');
INSERT IGNORE INTO ProdukVarianAtribut (id_produk, atribut_varian, sku, nilai) VALUES (93, 'UKURAN', 'SKU000180', '40');
INSERT IGNORE INTO ProdukVarianAtribut (id_produk, atribut_varian, sku, nilai) VALUES (93, 'JENIS_KAIN', 'SKU000180', 'Flanel');
INSERT IGNORE INTO Produk (id_produk, id_penjual, nama, deskripsi) VALUES (94, 32, 'Strategize Scalable Markets Modern', 'Rerum illum culpa. Quaerat soluta excepturi voluptate facilis accusantium vero cupiditate. Temporibus iure commodi alias maxime dolore. Expedita quae possimus iste expedita magni. Saepe enim eos officiis cumque eligendi.');
INSERT IGNORE INTO VarianProduk (sku, id_produk, harga, stok) VALUES ('SKU000181', 94, 375167.48, 116);
INSERT IGNORE INTO ProdukVarianAtribut (id_produk, atribut_varian, sku, nilai) VALUES (94, 'RESOLUSI_LAYAR', 'SKU000181', 'FHD');
INSERT IGNORE INTO ProdukVarianAtribut (id_produk, atribut_varian, sku, nilai) VALUES (94, 'WARNA', 'SKU000181', 'Abu-abu');
INSERT IGNORE INTO ProdukVarianAtribut (id_produk, atribut_varian, sku, nilai) VALUES (94, 'RAM', 'SKU000181', '12GB');
INSERT IGNORE INTO VarianProduk (sku, id_produk, harga, stok) VALUES ('SKU000182', 94, 2228737.45, 74);
INSERT IGNORE INTO ProdukVarianAtribut (id_produk, atribut_varian, sku, nilai) VALUES (94, 'STORAGE_INTERNAL', 'SKU000182', '1TB');
INSERT IGNORE INTO ProdukVarianAtribut (id_produk, atribut_varian, sku, nilai) VALUES (94, 'UKURAN', 'SKU000182', '40');
INSERT IGNORE INTO Produk (id_produk, id_penjual, nama, deskripsi) VALUES (95, 3, 'Disintermediate Front-End E-Services Edisi Terbatas', 'Facere iure accusantium porro nisi accusantium. Voluptas nulla earum quos repellendus. Blanditiis quis quo rerum.');
INSERT IGNORE INTO VarianProduk (sku, id_produk, harga, stok) VALUES ('SKU000183', 95, 1482112.64, 24);
INSERT IGNORE INTO ProdukVarianAtribut (id_produk, atribut_varian, sku, nilai) VALUES (95, 'JENIS_KAIN', 'SKU000183', 'Satin');
INSERT IGNORE INTO ProdukVarianAtribut (id_produk, atribut_varian, sku, nilai) VALUES (95, 'STORAGE_INTERNAL', 'SKU000183', '128GB');
INSERT IGNORE INTO ProdukVarianAtribut (id_produk, atribut_varian, sku, nilai) VALUES (95, 'RAM', 'SKU000183', '4GB');
INSERT IGNORE INTO Produk (id_produk, id_penjual, nama, deskripsi) VALUES (96, 12, 'Reinvent Wireless Infrastructures Edisi Terbatas', 'Dolorum error optio. Excepturi deleniti ex facere explicabo ex. Voluptas ex velit esse corporis eos saepe.');
INSERT IGNORE INTO VarianProduk (sku, id_produk, harga, stok) VALUES ('SKU000184', 96, 2781103.9, 111);
INSERT IGNORE INTO ProdukVarianAtribut (id_produk, atribut_varian, sku, nilai) VALUES (96, 'UKURAN', 'SKU000184', 'S');
INSERT IGNORE INTO ProdukVarianAtribut (id_produk, atribut_varian, sku, nilai) VALUES (96, 'WARNA', 'SKU000184', 'Perak');
INSERT IGNORE INTO VarianProduk (sku, id_produk, harga, stok) VALUES ('SKU000185', 96, 2385384.52, 73);
INSERT IGNORE INTO ProdukVarianAtribut (id_produk, atribut_varian, sku, nilai) VALUES (96, 'RAM', 'SKU000185', '8GB');
INSERT IGNORE INTO VarianProduk (sku, id_produk, harga, stok) VALUES ('SKU000186', 96, 261270.08, 142);
INSERT IGNORE INTO ProdukVarianAtribut (id_produk, atribut_varian, sku, nilai) VALUES (96, 'MATERIAL', 'SKU000186', 'Plastik ABS Food Grade');
INSERT IGNORE INTO Produk (id_produk, id_penjual, nama, deskripsi) VALUES (97, 13, 'Innovate Distributed Metrics Serbaguna', 'Voluptatibus laboriosam autem repellat voluptas eius veniam. Quia esse iusto porro.');
INSERT IGNORE INTO VarianProduk (sku, id_produk, harga, stok) VALUES ('SKU000187', 97, 832238.4, 119);
INSERT IGNORE INTO ProdukVarianAtribut (id_produk, atribut_varian, sku, nilai) VALUES (97, 'UKURAN', 'SKU000187', 'XL');
INSERT IGNORE INTO VarianProduk (sku, id_produk, harga, stok) VALUES ('SKU000188', 97, 577642.38, 69);
INSERT IGNORE INTO ProdukVarianAtribut (id_produk, atribut_varian, sku, nilai) VALUES (97, 'UKURAN', 'SKU000188', 'M');
INSERT IGNORE INTO ProdukVarianAtribut (id_produk, atribut_varian, sku, nilai) VALUES (97, 'RAM', 'SKU000188', '8GB');
INSERT IGNORE INTO VarianProduk (sku, id_produk, harga, stok) VALUES ('SKU000189', 97, 449292.1, 135);
INSERT IGNORE INTO ProdukVarianAtribut (id_produk, atribut_varian, sku, nilai) VALUES (97, 'MATERIAL', 'SKU000189', 'Kulit Sintetis PU');
INSERT IGNORE INTO ProdukVarianAtribut (id_produk, atribut_varian, sku, nilai) VALUES (97, 'UKURAN', 'SKU000189', '41');
INSERT IGNORE INTO ProdukVarianAtribut (id_produk, atribut_varian, sku, nilai) VALUES (97, 'JENIS_KAIN', 'SKU000189', 'Rayon');
INSERT IGNORE INTO Produk (id_produk, id_penjual, nama, deskripsi) VALUES (98, 14, 'Orchestrate Front-End Schemas Modern', 'Natus autem molestiae ratione quibusdam quia itaque. Quisquam voluptates nulla cumque numquam. Libero reprehenderit veniam unde sed quibusdam repudiandae quos. Sapiente porro nam in magni quisquam est earum.');
INSERT IGNORE INTO VarianProduk (sku, id_produk, harga, stok) VALUES ('SKU000190', 98, 2254513.38, 38);
INSERT IGNORE INTO ProdukVarianAtribut (id_produk, atribut_varian, sku, nilai) VALUES (98, 'RAM', 'SKU000190', '8GB');
INSERT IGNORE INTO ProdukVarianAtribut (id_produk, atribut_varian, sku, nilai) VALUES (98, 'JENIS_KAIN', 'SKU000190', 'Flanel');
INSERT IGNORE INTO VarianProduk (sku, id_produk, harga, stok) VALUES ('SKU000191', 98, 2626157.5, 21);
INSERT IGNORE INTO ProdukVarianAtribut (id_produk, atribut_varian, sku, nilai) VALUES (98, 'UKURAN', 'SKU000191', 'XL');
INSERT IGNORE INTO ProdukVarianAtribut (id_produk, atribut_varian, sku, nilai) VALUES (98, 'WARNA', 'SKU000191', 'Hijau muda');
INSERT IGNORE INTO ProdukVarianAtribut (id_produk, atribut_varian, sku, nilai) VALUES (98, 'MATERIAL', 'SKU000191', 'Kulit Sintetis PU');
INSERT IGNORE INTO VarianProduk (sku, id_produk, harga, stok) VALUES ('SKU000192', 98, 1859872.82, 41);
INSERT IGNORE INTO ProdukVarianAtribut (id_produk, atribut_varian, sku, nilai) VALUES (98, 'MATERIAL', 'SKU000192', 'Katun Combed 30s');
INSERT IGNORE INTO ProdukVarianAtribut (id_produk, atribut_varian, sku, nilai) VALUES (98, 'WARNA', 'SKU000192', 'Biru dongker');
INSERT IGNORE INTO ProdukVarianAtribut (id_produk, atribut_varian, sku, nilai) VALUES (98, 'RAM', 'SKU000192', '8GB');
INSERT IGNORE INTO Produk (id_produk, id_penjual, nama, deskripsi) VALUES (99, 6, 'Scale Distributed Vortals Modern', 'Est et labore occaecati id. Quo dolor soluta non ipsam rem quidem. Molestiae ratione nam quis fuga dicta corrupti perferendis. Cumque nam asperiores quo natus quibusdam mollitia.');
INSERT IGNORE INTO VarianProduk (sku, id_produk, harga, stok) VALUES ('SKU000193', 99, 860889.91, 142);
INSERT IGNORE INTO ProdukVarianAtribut (id_produk, atribut_varian, sku, nilai) VALUES (99, 'JENIS_KAIN', 'SKU000193', 'Satin');
INSERT IGNORE INTO ProdukVarianAtribut (id_produk, atribut_varian, sku, nilai) VALUES (99, 'RESOLUSI_LAYAR', 'SKU000193', 'HD');
INSERT IGNORE INTO ProdukVarianAtribut (id_produk, atribut_varian, sku, nilai) VALUES (99, 'MATERIAL', 'SKU000193', 'Stainless Steel 304');
INSERT IGNORE INTO Produk (id_produk, id_penjual, nama, deskripsi) VALUES (100, 23, 'Engineer User-Centric Web Services Serbaguna', 'Sunt nam placeat nostrum dolores dolor itaque. Magnam aspernatur accusantium quod earum architecto.');
INSERT IGNORE INTO VarianProduk (sku, id_produk, harga, stok) VALUES ('SKU000194', 100, 265490.61, 70);
INSERT IGNORE INTO ProdukVarianAtribut (id_produk, atribut_varian, sku, nilai) VALUES (100, 'WARNA', 'SKU000194', 'Hitam');
INSERT IGNORE INTO ProdukVarianAtribut (id_produk, atribut_varian, sku, nilai) VALUES (100, 'STORAGE_INTERNAL', 'SKU000194', '128GB');

-- Gambar
INSERT IGNORE INTO Gambar (id_gambar, gambar) VALUES (1, 'img/item/placeholder_1.jpg');
INSERT IGNORE INTO Gambar (id_gambar, gambar) VALUES (2, 'img/item/placeholder_2.jpg');
INSERT IGNORE INTO Gambar (id_gambar, gambar) VALUES (3, 'img/item/placeholder_3.jpg');
INSERT IGNORE INTO Gambar (id_gambar, gambar) VALUES (4, 'img/item/placeholder_4.jpg');
INSERT IGNORE INTO Gambar (id_gambar, gambar) VALUES (5, 'img/item/placeholder_5.jpg');
INSERT IGNORE INTO Gambar (id_gambar, gambar) VALUES (6, 'img/item/placeholder_6.jpg');
INSERT IGNORE INTO Gambar (id_gambar, gambar) VALUES (7, 'img/item/placeholder_7.jpg');
INSERT IGNORE INTO Gambar (id_gambar, gambar) VALUES (8, 'img/item/placeholder_8.jpg');
INSERT IGNORE INTO Gambar (id_gambar, gambar) VALUES (9, 'img/item/placeholder_9.jpg');
INSERT IGNORE INTO Gambar (id_gambar, gambar) VALUES (10, 'img/item/placeholder_10.jpg');
INSERT IGNORE INTO Gambar (id_gambar, gambar) VALUES (11, 'img/item/placeholder_11.jpg');
INSERT IGNORE INTO Gambar (id_gambar, gambar) VALUES (12, 'img/item/placeholder_12.jpg');
INSERT IGNORE INTO Gambar (id_gambar, gambar) VALUES (13, 'img/item/placeholder_13.jpg');
INSERT IGNORE INTO Gambar (id_gambar, gambar) VALUES (14, 'img/item/placeholder_14.jpg');
INSERT IGNORE INTO Gambar (id_gambar, gambar) VALUES (15, 'img/item/placeholder_15.jpg');
INSERT IGNORE INTO Gambar (id_gambar, gambar) VALUES (16, 'img/item/placeholder_16.jpg');
INSERT IGNORE INTO Gambar (id_gambar, gambar) VALUES (17, 'img/item/placeholder_17.jpg');
INSERT IGNORE INTO Gambar (id_gambar, gambar) VALUES (18, 'img/item/placeholder_18.jpg');
INSERT IGNORE INTO Gambar (id_gambar, gambar) VALUES (19, 'img/item/placeholder_19.jpg');
INSERT IGNORE INTO Gambar (id_gambar, gambar) VALUES (20, 'img/item/placeholder_20.jpg');
INSERT IGNORE INTO Gambar (id_gambar, gambar) VALUES (21, 'img/item/placeholder_21.jpg');
INSERT IGNORE INTO Gambar (id_gambar, gambar) VALUES (22, 'img/item/placeholder_22.jpg');
INSERT IGNORE INTO Gambar (id_gambar, gambar) VALUES (23, 'img/item/placeholder_23.jpg');
INSERT IGNORE INTO Gambar (id_gambar, gambar) VALUES (24, 'img/item/placeholder_24.jpg');
INSERT IGNORE INTO Gambar (id_gambar, gambar) VALUES (25, 'img/item/placeholder_25.jpg');
INSERT IGNORE INTO Gambar (id_gambar, gambar) VALUES (26, 'img/item/placeholder_26.jpg');
INSERT IGNORE INTO Gambar (id_gambar, gambar) VALUES (27, 'img/item/placeholder_27.jpg');
INSERT IGNORE INTO Gambar (id_gambar, gambar) VALUES (28, 'img/item/placeholder_28.jpg');
INSERT IGNORE INTO Gambar (id_gambar, gambar) VALUES (29, 'img/item/placeholder_29.jpg');
INSERT IGNORE INTO Gambar (id_gambar, gambar) VALUES (30, 'img/item/placeholder_30.jpg');
INSERT IGNORE INTO Gambar (id_gambar, gambar) VALUES (31, 'img/item/placeholder_31.jpg');
INSERT IGNORE INTO Gambar (id_gambar, gambar) VALUES (32, 'img/item/placeholder_32.jpg');
INSERT IGNORE INTO Gambar (id_gambar, gambar) VALUES (33, 'img/item/placeholder_33.jpg');
INSERT IGNORE INTO Gambar (id_gambar, gambar) VALUES (34, 'img/item/placeholder_34.jpg');
INSERT IGNORE INTO Gambar (id_gambar, gambar) VALUES (35, 'img/item/placeholder_35.jpg');
INSERT IGNORE INTO Gambar (id_gambar, gambar) VALUES (36, 'img/item/placeholder_36.jpg');
INSERT IGNORE INTO Gambar (id_gambar, gambar) VALUES (37, 'img/item/placeholder_37.jpg');
INSERT IGNORE INTO Gambar (id_gambar, gambar) VALUES (38, 'img/item/placeholder_38.jpg');
INSERT IGNORE INTO Gambar (id_gambar, gambar) VALUES (39, 'img/item/placeholder_39.jpg');
INSERT IGNORE INTO Gambar (id_gambar, gambar) VALUES (40, 'img/item/placeholder_40.jpg');
INSERT IGNORE INTO Gambar (id_gambar, gambar) VALUES (41, 'img/item/placeholder_41.jpg');
INSERT IGNORE INTO Gambar (id_gambar, gambar) VALUES (42, 'img/item/placeholder_42.jpg');
INSERT IGNORE INTO Gambar (id_gambar, gambar) VALUES (43, 'img/item/placeholder_43.jpg');
INSERT IGNORE INTO Gambar (id_gambar, gambar) VALUES (44, 'img/item/placeholder_44.jpg');
INSERT IGNORE INTO Gambar (id_gambar, gambar) VALUES (45, 'img/item/placeholder_45.jpg');
INSERT IGNORE INTO Gambar (id_gambar, gambar) VALUES (46, 'img/item/placeholder_46.jpg');
INSERT IGNORE INTO Gambar (id_gambar, gambar) VALUES (47, 'img/item/placeholder_47.jpg');
INSERT IGNORE INTO Gambar (id_gambar, gambar) VALUES (48, 'img/item/placeholder_48.jpg');
INSERT IGNORE INTO Gambar (id_gambar, gambar) VALUES (49, 'img/item/placeholder_49.jpg');
INSERT IGNORE INTO Gambar (id_gambar, gambar) VALUES (50, 'img/item/placeholder_50.jpg');
INSERT IGNORE INTO Gambar (id_gambar, gambar) VALUES (51, 'img/item/placeholder_51.jpg');
INSERT IGNORE INTO Gambar (id_gambar, gambar) VALUES (52, 'img/item/placeholder_52.jpg');
INSERT IGNORE INTO Gambar (id_gambar, gambar) VALUES (53, 'img/item/placeholder_53.jpg');
INSERT IGNORE INTO Gambar (id_gambar, gambar) VALUES (54, 'img/item/placeholder_54.jpg');
INSERT IGNORE INTO Gambar (id_gambar, gambar) VALUES (55, 'img/item/placeholder_55.jpg');
INSERT IGNORE INTO Gambar (id_gambar, gambar) VALUES (56, 'img/item/placeholder_56.jpg');
INSERT IGNORE INTO Gambar (id_gambar, gambar) VALUES (57, 'img/item/placeholder_57.jpg');
INSERT IGNORE INTO Gambar (id_gambar, gambar) VALUES (58, 'img/item/placeholder_58.jpg');
INSERT IGNORE INTO Gambar (id_gambar, gambar) VALUES (59, 'img/item/placeholder_59.jpg');
INSERT IGNORE INTO Gambar (id_gambar, gambar) VALUES (60, 'img/item/placeholder_60.jpg');
INSERT IGNORE INTO Gambar (id_gambar, gambar) VALUES (61, 'img/item/placeholder_61.jpg');
INSERT IGNORE INTO Gambar (id_gambar, gambar) VALUES (62, 'img/item/placeholder_62.jpg');
INSERT IGNORE INTO Gambar (id_gambar, gambar) VALUES (63, 'img/item/placeholder_63.jpg');
INSERT IGNORE INTO Gambar (id_gambar, gambar) VALUES (64, 'img/item/placeholder_64.jpg');
INSERT IGNORE INTO Gambar (id_gambar, gambar) VALUES (65, 'img/item/placeholder_65.jpg');
INSERT IGNORE INTO Gambar (id_gambar, gambar) VALUES (66, 'img/item/placeholder_66.jpg');
INSERT IGNORE INTO Gambar (id_gambar, gambar) VALUES (67, 'img/item/placeholder_67.jpg');
INSERT IGNORE INTO Gambar (id_gambar, gambar) VALUES (68, 'img/item/placeholder_68.jpg');
INSERT IGNORE INTO Gambar (id_gambar, gambar) VALUES (69, 'img/item/placeholder_69.jpg');
INSERT IGNORE INTO Gambar (id_gambar, gambar) VALUES (70, 'img/item/placeholder_70.jpg');
INSERT IGNORE INTO Gambar (id_gambar, gambar) VALUES (71, 'img/item/placeholder_71.jpg');
INSERT IGNORE INTO Gambar (id_gambar, gambar) VALUES (72, 'img/item/placeholder_72.jpg');
INSERT IGNORE INTO Gambar (id_gambar, gambar) VALUES (73, 'img/item/placeholder_73.jpg');
INSERT IGNORE INTO Gambar (id_gambar, gambar) VALUES (74, 'img/item/placeholder_74.jpg');
INSERT IGNORE INTO Gambar (id_gambar, gambar) VALUES (75, 'img/item/placeholder_75.jpg');
INSERT IGNORE INTO Gambar (id_gambar, gambar) VALUES (76, 'img/item/placeholder_76.jpg');
INSERT IGNORE INTO Gambar (id_gambar, gambar) VALUES (77, 'img/item/placeholder_77.jpg');
INSERT IGNORE INTO Gambar (id_gambar, gambar) VALUES (78, 'img/item/placeholder_78.jpg');
INSERT IGNORE INTO Gambar (id_gambar, gambar) VALUES (79, 'img/item/placeholder_79.jpg');
INSERT IGNORE INTO Gambar (id_gambar, gambar) VALUES (80, 'img/item/placeholder_80.jpg');
INSERT IGNORE INTO Gambar (id_gambar, gambar) VALUES (81, 'img/item/placeholder_81.jpg');
INSERT IGNORE INTO Gambar (id_gambar, gambar) VALUES (82, 'img/item/placeholder_82.jpg');
INSERT IGNORE INTO Gambar (id_gambar, gambar) VALUES (83, 'img/item/placeholder_83.jpg');
INSERT IGNORE INTO Gambar (id_gambar, gambar) VALUES (84, 'img/item/placeholder_84.jpg');
INSERT IGNORE INTO Gambar (id_gambar, gambar) VALUES (85, 'img/item/placeholder_85.jpg');
INSERT IGNORE INTO Gambar (id_gambar, gambar) VALUES (86, 'img/item/placeholder_86.jpg');
INSERT IGNORE INTO Gambar (id_gambar, gambar) VALUES (87, 'img/item/placeholder_87.jpg');
INSERT IGNORE INTO Gambar (id_gambar, gambar) VALUES (88, 'img/item/placeholder_88.jpg');
INSERT IGNORE INTO Gambar (id_gambar, gambar) VALUES (89, 'img/item/placeholder_89.jpg');
INSERT IGNORE INTO Gambar (id_gambar, gambar) VALUES (90, 'img/item/placeholder_90.jpg');
INSERT IGNORE INTO Gambar (id_gambar, gambar) VALUES (91, 'img/item/placeholder_91.jpg');
INSERT IGNORE INTO Gambar (id_gambar, gambar) VALUES (92, 'img/item/placeholder_92.jpg');
INSERT IGNORE INTO Gambar (id_gambar, gambar) VALUES (93, 'img/item/placeholder_93.jpg');
INSERT IGNORE INTO Gambar (id_gambar, gambar) VALUES (94, 'img/item/placeholder_94.jpg');
INSERT IGNORE INTO Gambar (id_gambar, gambar) VALUES (95, 'img/item/placeholder_95.jpg');
INSERT IGNORE INTO Gambar (id_gambar, gambar) VALUES (96, 'img/item/placeholder_96.jpg');
INSERT IGNORE INTO Gambar (id_gambar, gambar) VALUES (97, 'img/item/placeholder_97.jpg');
INSERT IGNORE INTO Gambar (id_gambar, gambar) VALUES (98, 'img/item/placeholder_98.jpg');
INSERT IGNORE INTO Gambar (id_gambar, gambar) VALUES (99, 'img/item/placeholder_99.jpg');
INSERT IGNORE INTO Gambar (id_gambar, gambar) VALUES (100, 'img/item/placeholder_100.jpg');
INSERT IGNORE INTO Gambar (id_gambar, gambar) VALUES (101, 'img/item/placeholder_101.jpg');
INSERT IGNORE INTO Gambar (id_gambar, gambar) VALUES (102, 'img/item/placeholder_102.jpg');
INSERT IGNORE INTO Gambar (id_gambar, gambar) VALUES (103, 'img/item/placeholder_103.jpg');
INSERT IGNORE INTO Gambar (id_gambar, gambar) VALUES (104, 'img/item/placeholder_104.jpg');
INSERT IGNORE INTO Gambar (id_gambar, gambar) VALUES (105, 'img/item/placeholder_105.jpg');
INSERT IGNORE INTO Gambar (id_gambar, gambar) VALUES (106, 'img/item/placeholder_106.jpg');
INSERT IGNORE INTO Gambar (id_gambar, gambar) VALUES (107, 'img/item/placeholder_107.jpg');
INSERT IGNORE INTO Gambar (id_gambar, gambar) VALUES (108, 'img/item/placeholder_108.jpg');
INSERT IGNORE INTO Gambar (id_gambar, gambar) VALUES (109, 'img/item/placeholder_109.jpg');
INSERT IGNORE INTO Gambar (id_gambar, gambar) VALUES (110, 'img/item/placeholder_110.jpg');
INSERT IGNORE INTO Gambar (id_gambar, gambar) VALUES (111, 'img/item/placeholder_111.jpg');
INSERT IGNORE INTO Gambar (id_gambar, gambar) VALUES (112, 'img/item/placeholder_112.jpg');
INSERT IGNORE INTO Gambar (id_gambar, gambar) VALUES (113, 'img/item/placeholder_113.jpg');
INSERT IGNORE INTO Gambar (id_gambar, gambar) VALUES (114, 'img/item/placeholder_114.jpg');
INSERT IGNORE INTO Gambar (id_gambar, gambar) VALUES (115, 'img/item/placeholder_115.jpg');
INSERT IGNORE INTO Gambar (id_gambar, gambar) VALUES (116, 'img/item/placeholder_116.jpg');
INSERT IGNORE INTO Gambar (id_gambar, gambar) VALUES (117, 'img/item/placeholder_117.jpg');
INSERT IGNORE INTO Gambar (id_gambar, gambar) VALUES (118, 'img/item/placeholder_118.jpg');
INSERT IGNORE INTO Gambar (id_gambar, gambar) VALUES (119, 'img/item/placeholder_119.jpg');
INSERT IGNORE INTO Gambar (id_gambar, gambar) VALUES (120, 'img/item/placeholder_120.jpg');
INSERT IGNORE INTO Gambar (id_gambar, gambar) VALUES (121, 'img/item/placeholder_121.jpg');
INSERT IGNORE INTO Gambar (id_gambar, gambar) VALUES (122, 'img/item/placeholder_122.jpg');
INSERT IGNORE INTO Gambar (id_gambar, gambar) VALUES (123, 'img/item/placeholder_123.jpg');
INSERT IGNORE INTO Gambar (id_gambar, gambar) VALUES (124, 'img/item/placeholder_124.jpg');
INSERT IGNORE INTO Gambar (id_gambar, gambar) VALUES (125, 'img/item/placeholder_125.jpg');
INSERT IGNORE INTO Gambar (id_gambar, gambar) VALUES (126, 'img/item/placeholder_126.jpg');
INSERT IGNORE INTO Gambar (id_gambar, gambar) VALUES (127, 'img/item/placeholder_127.jpg');
INSERT IGNORE INTO Gambar (id_gambar, gambar) VALUES (128, 'img/item/placeholder_128.jpg');
INSERT IGNORE INTO Gambar (id_gambar, gambar) VALUES (129, 'img/item/placeholder_129.jpg');
INSERT IGNORE INTO Gambar (id_gambar, gambar) VALUES (130, 'img/item/placeholder_130.jpg');
INSERT IGNORE INTO Gambar (id_gambar, gambar) VALUES (131, 'img/item/placeholder_131.jpg');
INSERT IGNORE INTO Gambar (id_gambar, gambar) VALUES (132, 'img/item/placeholder_132.jpg');
INSERT IGNORE INTO Gambar (id_gambar, gambar) VALUES (133, 'img/item/placeholder_133.jpg');
INSERT IGNORE INTO Gambar (id_gambar, gambar) VALUES (134, 'img/item/placeholder_134.jpg');
INSERT IGNORE INTO Gambar (id_gambar, gambar) VALUES (135, 'img/item/placeholder_135.jpg');
INSERT IGNORE INTO Gambar (id_gambar, gambar) VALUES (136, 'img/item/placeholder_136.jpg');
INSERT IGNORE INTO Gambar (id_gambar, gambar) VALUES (137, 'img/item/placeholder_137.jpg');
INSERT IGNORE INTO Gambar (id_gambar, gambar) VALUES (138, 'img/item/placeholder_138.jpg');
INSERT IGNORE INTO Gambar (id_gambar, gambar) VALUES (139, 'img/item/placeholder_139.jpg');
INSERT IGNORE INTO Gambar (id_gambar, gambar) VALUES (140, 'img/item/placeholder_140.jpg');
INSERT IGNORE INTO Gambar (id_gambar, gambar) VALUES (141, 'img/item/placeholder_141.jpg');
INSERT IGNORE INTO Gambar (id_gambar, gambar) VALUES (142, 'img/item/placeholder_142.jpg');
INSERT IGNORE INTO Gambar (id_gambar, gambar) VALUES (143, 'img/item/placeholder_143.jpg');
INSERT IGNORE INTO Gambar (id_gambar, gambar) VALUES (144, 'img/item/placeholder_144.jpg');
INSERT IGNORE INTO Gambar (id_gambar, gambar) VALUES (145, 'img/item/placeholder_145.jpg');
INSERT IGNORE INTO Gambar (id_gambar, gambar) VALUES (146, 'img/item/placeholder_146.jpg');
INSERT IGNORE INTO Gambar (id_gambar, gambar) VALUES (147, 'img/item/placeholder_147.jpg');
INSERT IGNORE INTO Gambar (id_gambar, gambar) VALUES (148, 'img/item/placeholder_148.jpg');
INSERT IGNORE INTO Gambar (id_gambar, gambar) VALUES (149, 'img/item/placeholder_149.jpg');
INSERT IGNORE INTO Gambar (id_gambar, gambar) VALUES (150, 'img/item/placeholder_150.jpg');
INSERT IGNORE INTO Gambar (id_gambar, gambar) VALUES (151, 'img/item/placeholder_151.jpg');
INSERT IGNORE INTO Gambar (id_gambar, gambar) VALUES (152, 'img/item/placeholder_152.jpg');
INSERT IGNORE INTO Gambar (id_gambar, gambar) VALUES (153, 'img/item/placeholder_153.jpg');
INSERT IGNORE INTO Gambar (id_gambar, gambar) VALUES (154, 'img/item/placeholder_154.jpg');
INSERT IGNORE INTO Gambar (id_gambar, gambar) VALUES (155, 'img/item/placeholder_155.jpg');
INSERT IGNORE INTO Gambar (id_gambar, gambar) VALUES (156, 'img/item/placeholder_156.jpg');
INSERT IGNORE INTO Gambar (id_gambar, gambar) VALUES (157, 'img/item/placeholder_157.jpg');
INSERT IGNORE INTO Gambar (id_gambar, gambar) VALUES (158, 'img/item/placeholder_158.jpg');
INSERT IGNORE INTO Gambar (id_gambar, gambar) VALUES (159, 'img/item/placeholder_159.jpg');
INSERT IGNORE INTO Gambar (id_gambar, gambar) VALUES (160, 'img/item/placeholder_160.jpg');
INSERT IGNORE INTO Gambar (id_gambar, gambar) VALUES (161, 'img/item/placeholder_161.jpg');
INSERT IGNORE INTO Gambar (id_gambar, gambar) VALUES (162, 'img/item/placeholder_162.jpg');
INSERT IGNORE INTO Gambar (id_gambar, gambar) VALUES (163, 'img/item/placeholder_163.jpg');
INSERT IGNORE INTO Gambar (id_gambar, gambar) VALUES (164, 'img/item/placeholder_164.jpg');
INSERT IGNORE INTO Gambar (id_gambar, gambar) VALUES (165, 'img/item/placeholder_165.jpg');
INSERT IGNORE INTO Gambar (id_gambar, gambar) VALUES (166, 'img/item/placeholder_166.jpg');
INSERT IGNORE INTO Gambar (id_gambar, gambar) VALUES (167, 'img/item/placeholder_167.jpg');
INSERT IGNORE INTO Gambar (id_gambar, gambar) VALUES (168, 'img/item/placeholder_168.jpg');
INSERT IGNORE INTO Gambar (id_gambar, gambar) VALUES (169, 'img/item/placeholder_169.jpg');
INSERT IGNORE INTO Gambar (id_gambar, gambar) VALUES (170, 'img/item/placeholder_170.jpg');
INSERT IGNORE INTO Gambar (id_gambar, gambar) VALUES (171, 'img/item/placeholder_171.jpg');
INSERT IGNORE INTO Gambar (id_gambar, gambar) VALUES (172, 'img/item/placeholder_172.jpg');
INSERT IGNORE INTO Gambar (id_gambar, gambar) VALUES (173, 'img/item/placeholder_173.jpg');
INSERT IGNORE INTO Gambar (id_gambar, gambar) VALUES (174, 'img/item/placeholder_174.jpg');
INSERT IGNORE INTO Gambar (id_gambar, gambar) VALUES (175, 'img/item/placeholder_175.jpg');
INSERT IGNORE INTO Gambar (id_gambar, gambar) VALUES (176, 'img/item/placeholder_176.jpg');
INSERT IGNORE INTO Gambar (id_gambar, gambar) VALUES (177, 'img/item/placeholder_177.jpg');
INSERT IGNORE INTO Gambar (id_gambar, gambar) VALUES (178, 'img/item/placeholder_178.jpg');
INSERT IGNORE INTO Gambar (id_gambar, gambar) VALUES (179, 'img/item/placeholder_179.jpg');
INSERT IGNORE INTO Gambar (id_gambar, gambar) VALUES (180, 'img/item/placeholder_180.jpg');
INSERT IGNORE INTO Gambar (id_gambar, gambar) VALUES (181, 'img/item/placeholder_181.jpg');
INSERT IGNORE INTO Gambar (id_gambar, gambar) VALUES (182, 'img/item/placeholder_182.jpg');
INSERT IGNORE INTO Gambar (id_gambar, gambar) VALUES (183, 'img/item/placeholder_183.jpg');
INSERT IGNORE INTO Gambar (id_gambar, gambar) VALUES (184, 'img/item/placeholder_184.jpg');
INSERT IGNORE INTO Gambar (id_gambar, gambar) VALUES (185, 'img/item/placeholder_185.jpg');
INSERT IGNORE INTO Gambar (id_gambar, gambar) VALUES (186, 'img/item/placeholder_186.jpg');
INSERT IGNORE INTO Gambar (id_gambar, gambar) VALUES (187, 'img/item/placeholder_187.jpg');
INSERT IGNORE INTO Gambar (id_gambar, gambar) VALUES (188, 'img/item/placeholder_188.jpg');
INSERT IGNORE INTO Gambar (id_gambar, gambar) VALUES (189, 'img/item/placeholder_189.jpg');
INSERT IGNORE INTO Gambar (id_gambar, gambar) VALUES (190, 'img/item/placeholder_190.jpg');
INSERT IGNORE INTO Gambar (id_gambar, gambar) VALUES (191, 'img/item/placeholder_191.jpg');
INSERT IGNORE INTO Gambar (id_gambar, gambar) VALUES (192, 'img/item/placeholder_192.jpg');
INSERT IGNORE INTO Gambar (id_gambar, gambar) VALUES (193, 'img/item/placeholder_193.jpg');
INSERT IGNORE INTO Gambar (id_gambar, gambar) VALUES (194, 'img/item/placeholder_194.jpg');
INSERT IGNORE INTO Gambar (id_gambar, gambar) VALUES (195, 'img/item/placeholder_195.jpg');
INSERT IGNORE INTO Gambar (id_gambar, gambar) VALUES (196, 'img/item/placeholder_196.jpg');
INSERT IGNORE INTO Gambar (id_gambar, gambar) VALUES (197, 'img/item/placeholder_197.jpg');
INSERT IGNORE INTO Gambar (id_gambar, gambar) VALUES (198, 'img/item/placeholder_198.jpg');
INSERT IGNORE INTO Gambar (id_gambar, gambar) VALUES (199, 'img/item/placeholder_199.jpg');
INSERT IGNORE INTO Gambar (id_gambar, gambar) VALUES (200, 'img/item/placeholder_200.jpg');

-- GambarProduk
INSERT IGNORE INTO GambarProduk (id_produk, id_gambar) VALUES (1, 58);
INSERT IGNORE INTO GambarProduk (id_produk, id_gambar) VALUES (1, 109);
INSERT IGNORE INTO GambarProduk (id_produk, id_gambar) VALUES (2, 48);
INSERT IGNORE INTO GambarProduk (id_produk, id_gambar) VALUES (2, 123);
INSERT IGNORE INTO GambarProduk (id_produk, id_gambar) VALUES (2, 69);
INSERT IGNORE INTO GambarProduk (id_produk, id_gambar) VALUES (3, 143);
INSERT IGNORE INTO GambarProduk (id_produk, id_gambar) VALUES (3, 84);
INSERT IGNORE INTO GambarProduk (id_produk, id_gambar) VALUES (4, 133);
INSERT IGNORE INTO GambarProduk (id_produk, id_gambar) VALUES (4, 90);
INSERT IGNORE INTO GambarProduk (id_produk, id_gambar) VALUES (4, 112);
INSERT IGNORE INTO GambarProduk (id_produk, id_gambar) VALUES (5, 181);
INSERT IGNORE INTO GambarProduk (id_produk, id_gambar) VALUES (6, 200);
INSERT IGNORE INTO GambarProduk (id_produk, id_gambar) VALUES (6, 102);
INSERT IGNORE INTO GambarProduk (id_produk, id_gambar) VALUES (6, 117);
INSERT IGNORE INTO GambarProduk (id_produk, id_gambar) VALUES (7, 82);
INSERT IGNORE INTO GambarProduk (id_produk, id_gambar) VALUES (7, 7);
INSERT IGNORE INTO GambarProduk (id_produk, id_gambar) VALUES (8, 190);
INSERT IGNORE INTO GambarProduk (id_produk, id_gambar) VALUES (8, 82);
INSERT IGNORE INTO GambarProduk (id_produk, id_gambar) VALUES (9, 134);
INSERT IGNORE INTO GambarProduk (id_produk, id_gambar) VALUES (9, 66);
INSERT IGNORE INTO GambarProduk (id_produk, id_gambar) VALUES (9, 135);
INSERT IGNORE INTO GambarProduk (id_produk, id_gambar) VALUES (10, 28);
INSERT IGNORE INTO GambarProduk (id_produk, id_gambar) VALUES (10, 116);
INSERT IGNORE INTO GambarProduk (id_produk, id_gambar) VALUES (11, 68);
INSERT IGNORE INTO GambarProduk (id_produk, id_gambar) VALUES (11, 145);
INSERT IGNORE INTO GambarProduk (id_produk, id_gambar) VALUES (11, 133);
INSERT IGNORE INTO GambarProduk (id_produk, id_gambar) VALUES (12, 113);
INSERT IGNORE INTO GambarProduk (id_produk, id_gambar) VALUES (12, 11);
INSERT IGNORE INTO GambarProduk (id_produk, id_gambar) VALUES (12, 197);
INSERT IGNORE INTO GambarProduk (id_produk, id_gambar) VALUES (13, 139);
INSERT IGNORE INTO GambarProduk (id_produk, id_gambar) VALUES (14, 176);
INSERT IGNORE INTO GambarProduk (id_produk, id_gambar) VALUES (15, 106);
INSERT IGNORE INTO GambarProduk (id_produk, id_gambar) VALUES (15, 100);
INSERT IGNORE INTO GambarProduk (id_produk, id_gambar) VALUES (15, 23);
INSERT IGNORE INTO GambarProduk (id_produk, id_gambar) VALUES (16, 120);
INSERT IGNORE INTO GambarProduk (id_produk, id_gambar) VALUES (16, 38);
INSERT IGNORE INTO GambarProduk (id_produk, id_gambar) VALUES (16, 53);
INSERT IGNORE INTO GambarProduk (id_produk, id_gambar) VALUES (17, 64);
INSERT IGNORE INTO GambarProduk (id_produk, id_gambar) VALUES (18, 22);
INSERT IGNORE INTO GambarProduk (id_produk, id_gambar) VALUES (19, 92);
INSERT IGNORE INTO GambarProduk (id_produk, id_gambar) VALUES (20, 3);
INSERT IGNORE INTO GambarProduk (id_produk, id_gambar) VALUES (20, 45);
INSERT IGNORE INTO GambarProduk (id_produk, id_gambar) VALUES (21, 137);
INSERT IGNORE INTO GambarProduk (id_produk, id_gambar) VALUES (21, 52);
INSERT IGNORE INTO GambarProduk (id_produk, id_gambar) VALUES (21, 19);
INSERT IGNORE INTO GambarProduk (id_produk, id_gambar) VALUES (22, 130);
INSERT IGNORE INTO GambarProduk (id_produk, id_gambar) VALUES (23, 44);
INSERT IGNORE INTO GambarProduk (id_produk, id_gambar) VALUES (23, 141);
INSERT IGNORE INTO GambarProduk (id_produk, id_gambar) VALUES (24, 120);
INSERT IGNORE INTO GambarProduk (id_produk, id_gambar) VALUES (25, 135);
INSERT IGNORE INTO GambarProduk (id_produk, id_gambar) VALUES (25, 35);
INSERT IGNORE INTO GambarProduk (id_produk, id_gambar) VALUES (26, 52);
INSERT IGNORE INTO GambarProduk (id_produk, id_gambar) VALUES (26, 65);
INSERT IGNORE INTO GambarProduk (id_produk, id_gambar) VALUES (27, 53);
INSERT IGNORE INTO GambarProduk (id_produk, id_gambar) VALUES (27, 69);
INSERT IGNORE INTO GambarProduk (id_produk, id_gambar) VALUES (27, 19);
INSERT IGNORE INTO GambarProduk (id_produk, id_gambar) VALUES (28, 96);
INSERT IGNORE INTO GambarProduk (id_produk, id_gambar) VALUES (29, 59);
INSERT IGNORE INTO GambarProduk (id_produk, id_gambar) VALUES (29, 171);
INSERT IGNORE INTO GambarProduk (id_produk, id_gambar) VALUES (30, 37);
INSERT IGNORE INTO GambarProduk (id_produk, id_gambar) VALUES (30, 124);
INSERT IGNORE INTO GambarProduk (id_produk, id_gambar) VALUES (30, 62);
INSERT IGNORE INTO GambarProduk (id_produk, id_gambar) VALUES (31, 121);
INSERT IGNORE INTO GambarProduk (id_produk, id_gambar) VALUES (32, 82);
INSERT IGNORE INTO GambarProduk (id_produk, id_gambar) VALUES (33, 30);
INSERT IGNORE INTO GambarProduk (id_produk, id_gambar) VALUES (34, 26);
INSERT IGNORE INTO GambarProduk (id_produk, id_gambar) VALUES (35, 171);
INSERT IGNORE INTO GambarProduk (id_produk, id_gambar) VALUES (35, 88);
INSERT IGNORE INTO GambarProduk (id_produk, id_gambar) VALUES (36, 115);
INSERT IGNORE INTO GambarProduk (id_produk, id_gambar) VALUES (36, 95);
INSERT IGNORE INTO GambarProduk (id_produk, id_gambar) VALUES (36, 142);
INSERT IGNORE INTO GambarProduk (id_produk, id_gambar) VALUES (37, 172);
INSERT IGNORE INTO GambarProduk (id_produk, id_gambar) VALUES (37, 151);
INSERT IGNORE INTO GambarProduk (id_produk, id_gambar) VALUES (38, 74);
INSERT IGNORE INTO GambarProduk (id_produk, id_gambar) VALUES (38, 70);
INSERT IGNORE INTO GambarProduk (id_produk, id_gambar) VALUES (39, 29);
INSERT IGNORE INTO GambarProduk (id_produk, id_gambar) VALUES (39, 188);
INSERT IGNORE INTO GambarProduk (id_produk, id_gambar) VALUES (39, 20);
INSERT IGNORE INTO GambarProduk (id_produk, id_gambar) VALUES (40, 123);
INSERT IGNORE INTO GambarProduk (id_produk, id_gambar) VALUES (40, 76);
INSERT IGNORE INTO GambarProduk (id_produk, id_gambar) VALUES (40, 108);
INSERT IGNORE INTO GambarProduk (id_produk, id_gambar) VALUES (41, 83);
INSERT IGNORE INTO GambarProduk (id_produk, id_gambar) VALUES (41, 100);
INSERT IGNORE INTO GambarProduk (id_produk, id_gambar) VALUES (42, 45);
INSERT IGNORE INTO GambarProduk (id_produk, id_gambar) VALUES (42, 185);
INSERT IGNORE INTO GambarProduk (id_produk, id_gambar) VALUES (43, 82);
INSERT IGNORE INTO GambarProduk (id_produk, id_gambar) VALUES (43, 11);
INSERT IGNORE INTO GambarProduk (id_produk, id_gambar) VALUES (44, 71);
INSERT IGNORE INTO GambarProduk (id_produk, id_gambar) VALUES (44, 50);
INSERT IGNORE INTO GambarProduk (id_produk, id_gambar) VALUES (44, 200);
INSERT IGNORE INTO GambarProduk (id_produk, id_gambar) VALUES (45, 111);
INSERT IGNORE INTO GambarProduk (id_produk, id_gambar) VALUES (45, 103);
INSERT IGNORE INTO GambarProduk (id_produk, id_gambar) VALUES (45, 112);
INSERT IGNORE INTO GambarProduk (id_produk, id_gambar) VALUES (46, 61);
INSERT IGNORE INTO GambarProduk (id_produk, id_gambar) VALUES (46, 71);
INSERT IGNORE INTO GambarProduk (id_produk, id_gambar) VALUES (47, 163);
INSERT IGNORE INTO GambarProduk (id_produk, id_gambar) VALUES (47, 87);
INSERT IGNORE INTO GambarProduk (id_produk, id_gambar) VALUES (47, 48);
INSERT IGNORE INTO GambarProduk (id_produk, id_gambar) VALUES (48, 79);
INSERT IGNORE INTO GambarProduk (id_produk, id_gambar) VALUES (49, 149);
INSERT IGNORE INTO GambarProduk (id_produk, id_gambar) VALUES (49, 165);
INSERT IGNORE INTO GambarProduk (id_produk, id_gambar) VALUES (50, 162);
INSERT IGNORE INTO GambarProduk (id_produk, id_gambar) VALUES (50, 113);
INSERT IGNORE INTO GambarProduk (id_produk, id_gambar) VALUES (51, 121);
INSERT IGNORE INTO GambarProduk (id_produk, id_gambar) VALUES (51, 85);
INSERT IGNORE INTO GambarProduk (id_produk, id_gambar) VALUES (52, 150);
INSERT IGNORE INTO GambarProduk (id_produk, id_gambar) VALUES (52, 196);
INSERT IGNORE INTO GambarProduk (id_produk, id_gambar) VALUES (53, 44);
INSERT IGNORE INTO GambarProduk (id_produk, id_gambar) VALUES (53, 167);
INSERT IGNORE INTO GambarProduk (id_produk, id_gambar) VALUES (53, 80);
INSERT IGNORE INTO GambarProduk (id_produk, id_gambar) VALUES (54, 149);
INSERT IGNORE INTO GambarProduk (id_produk, id_gambar) VALUES (54, 107);
INSERT IGNORE INTO GambarProduk (id_produk, id_gambar) VALUES (54, 73);
INSERT IGNORE INTO GambarProduk (id_produk, id_gambar) VALUES (55, 110);
INSERT IGNORE INTO GambarProduk (id_produk, id_gambar) VALUES (55, 181);
INSERT IGNORE INTO GambarProduk (id_produk, id_gambar) VALUES (55, 149);
INSERT IGNORE INTO GambarProduk (id_produk, id_gambar) VALUES (56, 182);
INSERT IGNORE INTO GambarProduk (id_produk, id_gambar) VALUES (56, 181);
INSERT IGNORE INTO GambarProduk (id_produk, id_gambar) VALUES (56, 65);
INSERT IGNORE INTO GambarProduk (id_produk, id_gambar) VALUES (57, 162);
INSERT IGNORE INTO GambarProduk (id_produk, id_gambar) VALUES (57, 53);
INSERT IGNORE INTO GambarProduk (id_produk, id_gambar) VALUES (58, 114);
INSERT IGNORE INTO GambarProduk (id_produk, id_gambar) VALUES (58, 11);
INSERT IGNORE INTO GambarProduk (id_produk, id_gambar) VALUES (58, 76);
INSERT IGNORE INTO GambarProduk (id_produk, id_gambar) VALUES (59, 89);
INSERT IGNORE INTO GambarProduk (id_produk, id_gambar) VALUES (59, 29);
INSERT IGNORE INTO GambarProduk (id_produk, id_gambar) VALUES (59, 13);
INSERT IGNORE INTO GambarProduk (id_produk, id_gambar) VALUES (60, 5);
INSERT IGNORE INTO GambarProduk (id_produk, id_gambar) VALUES (60, 124);
INSERT IGNORE INTO GambarProduk (id_produk, id_gambar) VALUES (61, 42);
INSERT IGNORE INTO GambarProduk (id_produk, id_gambar) VALUES (61, 39);
INSERT IGNORE INTO GambarProduk (id_produk, id_gambar) VALUES (61, 189);
INSERT IGNORE INTO GambarProduk (id_produk, id_gambar) VALUES (62, 165);
INSERT IGNORE INTO GambarProduk (id_produk, id_gambar) VALUES (62, 107);
INSERT IGNORE INTO GambarProduk (id_produk, id_gambar) VALUES (63, 187);
INSERT IGNORE INTO GambarProduk (id_produk, id_gambar) VALUES (63, 189);
INSERT IGNORE INTO GambarProduk (id_produk, id_gambar) VALUES (64, 162);
INSERT IGNORE INTO GambarProduk (id_produk, id_gambar) VALUES (64, 108);
INSERT IGNORE INTO GambarProduk (id_produk, id_gambar) VALUES (65, 175);
INSERT IGNORE INTO GambarProduk (id_produk, id_gambar) VALUES (65, 2);
INSERT IGNORE INTO GambarProduk (id_produk, id_gambar) VALUES (66, 111);
INSERT IGNORE INTO GambarProduk (id_produk, id_gambar) VALUES (66, 69);
INSERT IGNORE INTO GambarProduk (id_produk, id_gambar) VALUES (66, 112);
INSERT IGNORE INTO GambarProduk (id_produk, id_gambar) VALUES (67, 8);
INSERT IGNORE INTO GambarProduk (id_produk, id_gambar) VALUES (67, 94);
INSERT IGNORE INTO GambarProduk (id_produk, id_gambar) VALUES (68, 35);
INSERT IGNORE INTO GambarProduk (id_produk, id_gambar) VALUES (69, 102);
INSERT IGNORE INTO GambarProduk (id_produk, id_gambar) VALUES (69, 23);
INSERT IGNORE INTO GambarProduk (id_produk, id_gambar) VALUES (70, 200);
INSERT IGNORE INTO GambarProduk (id_produk, id_gambar) VALUES (70, 99);
INSERT IGNORE INTO GambarProduk (id_produk, id_gambar) VALUES (71, 54);
INSERT IGNORE INTO GambarProduk (id_produk, id_gambar) VALUES (72, 114);
INSERT IGNORE INTO GambarProduk (id_produk, id_gambar) VALUES (72, 62);
INSERT IGNORE INTO GambarProduk (id_produk, id_gambar) VALUES (72, 131);
INSERT IGNORE INTO GambarProduk (id_produk, id_gambar) VALUES (73, 26);
INSERT IGNORE INTO GambarProduk (id_produk, id_gambar) VALUES (73, 74);
INSERT IGNORE INTO GambarProduk (id_produk, id_gambar) VALUES (73, 66);
INSERT IGNORE INTO GambarProduk (id_produk, id_gambar) VALUES (74, 67);
INSERT IGNORE INTO GambarProduk (id_produk, id_gambar) VALUES (75, 22);
INSERT IGNORE INTO GambarProduk (id_produk, id_gambar) VALUES (76, 98);
INSERT IGNORE INTO GambarProduk (id_produk, id_gambar) VALUES (76, 151);
INSERT IGNORE INTO GambarProduk (id_produk, id_gambar) VALUES (76, 25);
INSERT IGNORE INTO GambarProduk (id_produk, id_gambar) VALUES (77, 69);
INSERT IGNORE INTO GambarProduk (id_produk, id_gambar) VALUES (77, 5);
INSERT IGNORE INTO GambarProduk (id_produk, id_gambar) VALUES (77, 81);
INSERT IGNORE INTO GambarProduk (id_produk, id_gambar) VALUES (78, 186);
INSERT IGNORE INTO GambarProduk (id_produk, id_gambar) VALUES (79, 10);
INSERT IGNORE INTO GambarProduk (id_produk, id_gambar) VALUES (79, 108);
INSERT IGNORE INTO GambarProduk (id_produk, id_gambar) VALUES (79, 3);
INSERT IGNORE INTO GambarProduk (id_produk, id_gambar) VALUES (80, 116);
INSERT IGNORE INTO GambarProduk (id_produk, id_gambar) VALUES (80, 70);
INSERT IGNORE INTO GambarProduk (id_produk, id_gambar) VALUES (81, 176);
INSERT IGNORE INTO GambarProduk (id_produk, id_gambar) VALUES (81, 128);
INSERT IGNORE INTO GambarProduk (id_produk, id_gambar) VALUES (81, 159);
INSERT IGNORE INTO GambarProduk (id_produk, id_gambar) VALUES (82, 148);
INSERT IGNORE INTO GambarProduk (id_produk, id_gambar) VALUES (82, 97);
INSERT IGNORE INTO GambarProduk (id_produk, id_gambar) VALUES (82, 77);
INSERT IGNORE INTO GambarProduk (id_produk, id_gambar) VALUES (83, 179);
INSERT IGNORE INTO GambarProduk (id_produk, id_gambar) VALUES (84, 164);
INSERT IGNORE INTO GambarProduk (id_produk, id_gambar) VALUES (84, 73);
INSERT IGNORE INTO GambarProduk (id_produk, id_gambar) VALUES (84, 63);
INSERT IGNORE INTO GambarProduk (id_produk, id_gambar) VALUES (85, 95);
INSERT IGNORE INTO GambarProduk (id_produk, id_gambar) VALUES (86, 144);
INSERT IGNORE INTO GambarProduk (id_produk, id_gambar) VALUES (86, 122);
INSERT IGNORE INTO GambarProduk (id_produk, id_gambar) VALUES (86, 78);
INSERT IGNORE INTO GambarProduk (id_produk, id_gambar) VALUES (87, 13);
INSERT IGNORE INTO GambarProduk (id_produk, id_gambar) VALUES (88, 63);
INSERT IGNORE INTO GambarProduk (id_produk, id_gambar) VALUES (89, 49);
INSERT IGNORE INTO GambarProduk (id_produk, id_gambar) VALUES (89, 51);
INSERT IGNORE INTO GambarProduk (id_produk, id_gambar) VALUES (89, 9);
INSERT IGNORE INTO GambarProduk (id_produk, id_gambar) VALUES (90, 133);
INSERT IGNORE INTO GambarProduk (id_produk, id_gambar) VALUES (90, 144);
INSERT IGNORE INTO GambarProduk (id_produk, id_gambar) VALUES (91, 73);
INSERT IGNORE INTO GambarProduk (id_produk, id_gambar) VALUES (91, 129);
INSERT IGNORE INTO GambarProduk (id_produk, id_gambar) VALUES (92, 96);
INSERT IGNORE INTO GambarProduk (id_produk, id_gambar) VALUES (93, 35);
INSERT IGNORE INTO GambarProduk (id_produk, id_gambar) VALUES (93, 8);
INSERT IGNORE INTO GambarProduk (id_produk, id_gambar) VALUES (93, 118);
INSERT IGNORE INTO GambarProduk (id_produk, id_gambar) VALUES (94, 122);
INSERT IGNORE INTO GambarProduk (id_produk, id_gambar) VALUES (94, 131);
INSERT IGNORE INTO GambarProduk (id_produk, id_gambar) VALUES (94, 129);
INSERT IGNORE INTO GambarProduk (id_produk, id_gambar) VALUES (95, 153);
INSERT IGNORE INTO GambarProduk (id_produk, id_gambar) VALUES (96, 84);
INSERT IGNORE INTO GambarProduk (id_produk, id_gambar) VALUES (96, 31);
INSERT IGNORE INTO GambarProduk (id_produk, id_gambar) VALUES (96, 81);
INSERT IGNORE INTO GambarProduk (id_produk, id_gambar) VALUES (97, 31);
INSERT IGNORE INTO GambarProduk (id_produk, id_gambar) VALUES (97, 49);
INSERT IGNORE INTO GambarProduk (id_produk, id_gambar) VALUES (97, 148);
INSERT IGNORE INTO GambarProduk (id_produk, id_gambar) VALUES (98, 55);
INSERT IGNORE INTO GambarProduk (id_produk, id_gambar) VALUES (98, 58);
INSERT IGNORE INTO GambarProduk (id_produk, id_gambar) VALUES (99, 102);
INSERT IGNORE INTO GambarProduk (id_produk, id_gambar) VALUES (99, 53);
INSERT IGNORE INTO GambarProduk (id_produk, id_gambar) VALUES (99, 32);
INSERT IGNORE INTO GambarProduk (id_produk, id_gambar) VALUES (100, 67);

-- Tag
INSERT IGNORE INTO Tag (id_tag, nama) VALUES (1, 'Elektronik');
INSERT IGNORE INTO Tag (id_tag, nama) VALUES (2, 'Fashion Pria');
INSERT IGNORE INTO Tag (id_tag, nama) VALUES (3, 'Fashion Wanita');
INSERT IGNORE INTO Tag (id_tag, nama) VALUES (4, 'Rumah Tangga');
INSERT IGNORE INTO Tag (id_tag, nama) VALUES (5, 'Kesehatan');
INSERT IGNORE INTO Tag (id_tag, nama) VALUES (6, 'Kecantikan');
INSERT IGNORE INTO Tag (id_tag, nama) VALUES (7, 'Mainan Anak');
INSERT IGNORE INTO Tag (id_tag, nama) VALUES (8, 'Buku & Alat Tulis');
INSERT IGNORE INTO Tag (id_tag, nama) VALUES (9, 'Olahraga & Outdoor');
INSERT IGNORE INTO Tag (id_tag, nama) VALUES (10, 'Otomotif Parts');
INSERT IGNORE INTO Tag (id_tag, nama) VALUES (11, 'Voucher Digital');
INSERT IGNORE INTO Tag (id_tag, nama) VALUES (12, 'Hobi & Koleksi');
INSERT IGNORE INTO Tag (id_tag, nama) VALUES (13, 'Makanan & Minuman');
INSERT IGNORE INTO Tag (id_tag, nama) VALUES (14, 'Perlengkapan Bayi');
INSERT IGNORE INTO Tag (id_tag, nama) VALUES (15, 'Komputer & Aksesoris');
INSERT IGNORE INTO Tag (id_tag, nama) VALUES (16, 'Handphone & Tablet');
INSERT IGNORE INTO Tag (id_tag, nama) VALUES (17, 'Profit-Focused Modular Model 17');
INSERT IGNORE INTO Tag (id_tag, nama) VALUES (18, 'Managed Bandwidth-Monitored Analyzer 18');
INSERT IGNORE INTO Tag (id_tag, nama) VALUES (19, 'Profit-Focused Radical Support 19');
INSERT IGNORE INTO Tag (id_tag, nama) VALUES (20, 'Fully-Configurable Bi-Directional Internet Solution 20');
INSERT IGNORE INTO Tag (id_tag, nama) VALUES (21, 'Secured Global Frame 21');
INSERT IGNORE INTO Tag (id_tag, nama) VALUES (22, 'Enhanced Real-Time Process Improvement 22');
INSERT IGNORE INTO Tag (id_tag, nama) VALUES (23, 'Synchronized Needs-Based Knowledge User 23');
INSERT IGNORE INTO Tag (id_tag, nama) VALUES (24, 'Integrated Heuristic Methodology 24');
INSERT IGNORE INTO Tag (id_tag, nama) VALUES (25, 'Up-Sized Value-Added Installation 25');
INSERT IGNORE INTO Tag (id_tag, nama) VALUES (26, 'Managed Secondary Groupware 26');
INSERT IGNORE INTO Tag (id_tag, nama) VALUES (27, 'Innovative Grid-Enabled Knowledgebase 27');
INSERT IGNORE INTO Tag (id_tag, nama) VALUES (28, 'Organized Asymmetric Encoding 28');
INSERT IGNORE INTO Tag (id_tag, nama) VALUES (29, 'Down-Sized Foreground Intranet 29');
INSERT IGNORE INTO Tag (id_tag, nama) VALUES (30, 'Team-Oriented Neutral Product 30');
INSERT IGNORE INTO Tag (id_tag, nama) VALUES (31, 'Optimized Systematic Interface 31');
INSERT IGNORE INTO Tag (id_tag, nama) VALUES (32, 'Optional Methodical Protocol 32');
INSERT IGNORE INTO Tag (id_tag, nama) VALUES (33, 'Down-Sized Zero Tolerance Open Architecture 33');
INSERT IGNORE INTO Tag (id_tag, nama) VALUES (34, 'Robust Optimal Collaboration 34');
INSERT IGNORE INTO Tag (id_tag, nama) VALUES (35, 'Adaptive Object-Oriented Adapter 35');
INSERT IGNORE INTO Tag (id_tag, nama) VALUES (36, 'Open-Source Optimal Array 36');
INSERT IGNORE INTO Tag (id_tag, nama) VALUES (37, 'Multi-Layered Methodical Artificial Intelligence 37');
INSERT IGNORE INTO Tag (id_tag, nama) VALUES (38, 'Distributed Bifurcated Algorithm 38');
INSERT IGNORE INTO Tag (id_tag, nama) VALUES (39, 'Re-Contextualized Impactful Benchmark 39');
INSERT IGNORE INTO Tag (id_tag, nama) VALUES (40, 'Horizontal Bottom-Line Orchestration 40');
INSERT IGNORE INTO Tag (id_tag, nama) VALUES (41, 'Integrated Next Generation Support 41');
INSERT IGNORE INTO Tag (id_tag, nama) VALUES (42, 'Diverse Discrete Adapter 42');
INSERT IGNORE INTO Tag (id_tag, nama) VALUES (43, 'Open-Architected Didactic Throughput 43');
INSERT IGNORE INTO Tag (id_tag, nama) VALUES (44, 'Persistent National Knowledge User 44');
INSERT IGNORE INTO Tag (id_tag, nama) VALUES (45, 'Secured Disintermediate Leverage 45');
INSERT IGNORE INTO Tag (id_tag, nama) VALUES (46, 'Compatible Discrete Open System 46');
INSERT IGNORE INTO Tag (id_tag, nama) VALUES (47, 'De-Engineered Solution-Oriented Flexibility 47');
INSERT IGNORE INTO Tag (id_tag, nama) VALUES (48, 'Inverse Exuding Customer Loyalty 48');
INSERT IGNORE INTO Tag (id_tag, nama) VALUES (49, 'Inverse Contextually-Based Open Architecture 49');
INSERT IGNORE INTO Tag (id_tag, nama) VALUES (50, 'Fundamental Dedicated Framework 50');
INSERT IGNORE INTO Tag (id_tag, nama) VALUES (51, 'Programmable Optimizing Challenge 51');
INSERT IGNORE INTO Tag (id_tag, nama) VALUES (52, 'Public-Key Didactic Hardware 52');
INSERT IGNORE INTO Tag (id_tag, nama) VALUES (53, 'Ergonomic Disintermediate Knowledgebase 53');
INSERT IGNORE INTO Tag (id_tag, nama) VALUES (54, 'Switchable Global Protocol 54');
INSERT IGNORE INTO Tag (id_tag, nama) VALUES (55, 'Intuitive Logistical Open Architecture 55');
INSERT IGNORE INTO Tag (id_tag, nama) VALUES (56, 'Enterprise-Wide Holistic Approach 56');
INSERT IGNORE INTO Tag (id_tag, nama) VALUES (57, 'Assimilated Context-Sensitive Array 57');
INSERT IGNORE INTO Tag (id_tag, nama) VALUES (58, 'Configurable Homogeneous Migration 58');
INSERT IGNORE INTO Tag (id_tag, nama) VALUES (59, 'Public-Key Exuding Conglomeration 59');
INSERT IGNORE INTO Tag (id_tag, nama) VALUES (60, 'Exclusive Even-Keeled Conglomeration 60');
INSERT IGNORE INTO Tag (id_tag, nama) VALUES (61, 'Persistent Optimizing Customer Loyalty 61');
INSERT IGNORE INTO Tag (id_tag, nama) VALUES (62, 'Innovative Static Database 62');
INSERT IGNORE INTO Tag (id_tag, nama) VALUES (63, 'Automated Logistical Structure 63');
INSERT IGNORE INTO Tag (id_tag, nama) VALUES (64, 'Diverse Mission-Critical Model 64');
INSERT IGNORE INTO Tag (id_tag, nama) VALUES (65, 'Pre-Emptive Regional Moratorium 65');
INSERT IGNORE INTO Tag (id_tag, nama) VALUES (66, 'De-Engineered Multimedia Intranet 66');
INSERT IGNORE INTO Tag (id_tag, nama) VALUES (67, 'Down-Sized Neutral Graphic Interface 67');
INSERT IGNORE INTO Tag (id_tag, nama) VALUES (68, 'Universal Human-Resource Structure 68');
INSERT IGNORE INTO Tag (id_tag, nama) VALUES (69, 'Triple-Buffered Systemic Conglomeration 69');
INSERT IGNORE INTO Tag (id_tag, nama) VALUES (70, 'Right-Sized Systemic Protocol 70');
INSERT IGNORE INTO Tag (id_tag, nama) VALUES (71, 'Upgradable Heuristic Portal 71');
INSERT IGNORE INTO Tag (id_tag, nama) VALUES (72, 'Proactive Bifurcated Archive 72');
INSERT IGNORE INTO Tag (id_tag, nama) VALUES (73, 'Visionary Explicit Paradigm 73');
INSERT IGNORE INTO Tag (id_tag, nama) VALUES (74, 'Function-Based Coherent Knowledgebase 74');
INSERT IGNORE INTO Tag (id_tag, nama) VALUES (75, 'Virtual Dynamic Throughput 75');
INSERT IGNORE INTO Tag (id_tag, nama) VALUES (76, 'Balanced Attitude-Oriented Encoding 76');
INSERT IGNORE INTO Tag (id_tag, nama) VALUES (77, 'Front-Line Tangible Productivity 77');
INSERT IGNORE INTO Tag (id_tag, nama) VALUES (78, 'Pre-Emptive Bifurcated Knowledgebase 78');
INSERT IGNORE INTO Tag (id_tag, nama) VALUES (79, 'Ameliorated Bi-Directional Model 79');
INSERT IGNORE INTO Tag (id_tag, nama) VALUES (80, 'Innovative Responsive Groupware 80');
INSERT IGNORE INTO Tag (id_tag, nama) VALUES (81, 'Horizontal Interactive Encryption 81');
INSERT IGNORE INTO Tag (id_tag, nama) VALUES (82, 'Synergized Systemic Portal 82');
INSERT IGNORE INTO Tag (id_tag, nama) VALUES (83, 'Front-Line Web-Enabled Approach 83');
INSERT IGNORE INTO Tag (id_tag, nama) VALUES (84, 'Cloned Directional Interface 84');
INSERT IGNORE INTO Tag (id_tag, nama) VALUES (85, 'Cross-Platform Foreground Help-Desk 85');
INSERT IGNORE INTO Tag (id_tag, nama) VALUES (86, 'Assimilated Dedicated Ability 86');
INSERT IGNORE INTO Tag (id_tag, nama) VALUES (87, 'Optional System-Worthy Synergy 87');
INSERT IGNORE INTO Tag (id_tag, nama) VALUES (88, 'Intuitive Logistical Strategy 88');
INSERT IGNORE INTO Tag (id_tag, nama) VALUES (89, 'Universal Exuding Architecture 89');
INSERT IGNORE INTO Tag (id_tag, nama) VALUES (90, 'Progressive Zero-Defect Adapter 90');
INSERT IGNORE INTO Tag (id_tag, nama) VALUES (91, 'Profit-Focused Discrete Array 91');
INSERT IGNORE INTO Tag (id_tag, nama) VALUES (92, 'Multi-Tiered Coherent Analyzer 92');
INSERT IGNORE INTO Tag (id_tag, nama) VALUES (93, 'Persistent Context-Sensitive Challenge 93');
INSERT IGNORE INTO Tag (id_tag, nama) VALUES (94, 'Robust Leadingedge Complexity 94');
INSERT IGNORE INTO Tag (id_tag, nama) VALUES (95, 'Quality-Focused Fault-Tolerant Structure 95');
INSERT IGNORE INTO Tag (id_tag, nama) VALUES (96, 'Optional Foreground Architecture 96');
INSERT IGNORE INTO Tag (id_tag, nama) VALUES (97, 'User-Centric Static Encoding 97');
INSERT IGNORE INTO Tag (id_tag, nama) VALUES (98, 'Multi-Channeled Contextually-Based Encoding 98');
INSERT IGNORE INTO Tag (id_tag, nama) VALUES (99, 'Up-Sized Bi-Directional Circuit 99');
INSERT IGNORE INTO Tag (id_tag, nama) VALUES (100, 'Seamless 5Thgeneration Emulation 100');
INSERT IGNORE INTO Tag (id_tag, nama) VALUES (101, 'Profit-Focused Modular Parallelism 101');
INSERT IGNORE INTO Tag (id_tag, nama) VALUES (102, 'Multi-Tiered Actuating Matrices 102');
INSERT IGNORE INTO Tag (id_tag, nama) VALUES (103, 'Reactive Impactful Utilization 103');
INSERT IGNORE INTO Tag (id_tag, nama) VALUES (104, 'Progressive Leadingedge Data-Warehouse 104');
INSERT IGNORE INTO Tag (id_tag, nama) VALUES (105, 'Ameliorated Uniform Algorithm 105');
INSERT IGNORE INTO Tag (id_tag, nama) VALUES (106, 'Versatile Holistic Groupware 106');
INSERT IGNORE INTO Tag (id_tag, nama) VALUES (107, 'Organized Multimedia Knowledge User 107');
INSERT IGNORE INTO Tag (id_tag, nama) VALUES (108, 'Right-Sized 24Hour Challenge 108');
INSERT IGNORE INTO Tag (id_tag, nama) VALUES (109, 'Optional Attitude-Oriented Success 109');
INSERT IGNORE INTO Tag (id_tag, nama) VALUES (110, 'Adaptive Bandwidth-Monitored Attitude 110');
INSERT IGNORE INTO Tag (id_tag, nama) VALUES (111, 'Persevering Maximized Capacity 111');
INSERT IGNORE INTO Tag (id_tag, nama) VALUES (112, 'Self-Enabling Clear-Thinking Hierarchy 112');
INSERT IGNORE INTO Tag (id_tag, nama) VALUES (113, 'User-Friendly Discrete Benchmark 113');
INSERT IGNORE INTO Tag (id_tag, nama) VALUES (114, 'Stand-Alone Next Generation Firmware 114');
INSERT IGNORE INTO Tag (id_tag, nama) VALUES (115, 'Intuitive Intermediate Productivity 115');
INSERT IGNORE INTO Tag (id_tag, nama) VALUES (116, 'Phased Demand-Driven Installation 116');
INSERT IGNORE INTO Tag (id_tag, nama) VALUES (117, 'Right-Sized Encompassing Hardware 117');
INSERT IGNORE INTO Tag (id_tag, nama) VALUES (118, 'Open-Architected Client-Driven Capability 118');
INSERT IGNORE INTO Tag (id_tag, nama) VALUES (119, 'Triple-Buffered Responsive Core 119');
INSERT IGNORE INTO Tag (id_tag, nama) VALUES (120, 'Ameliorated Responsive Forecast 120');

-- TagProduk
INSERT IGNORE INTO TagProduk (id_produk, id_tag) VALUES (1, 63);
INSERT IGNORE INTO TagProduk (id_produk, id_tag) VALUES (2, 90);
INSERT IGNORE INTO TagProduk (id_produk, id_tag) VALUES (2, 12);
INSERT IGNORE INTO TagProduk (id_produk, id_tag) VALUES (3, 75);
INSERT IGNORE INTO TagProduk (id_produk, id_tag) VALUES (3, 2);
INSERT IGNORE INTO TagProduk (id_produk, id_tag) VALUES (3, 59);
INSERT IGNORE INTO TagProduk (id_produk, id_tag) VALUES (3, 99);
INSERT IGNORE INTO TagProduk (id_produk, id_tag) VALUES (4, 72);
INSERT IGNORE INTO TagProduk (id_produk, id_tag) VALUES (4, 59);
INSERT IGNORE INTO TagProduk (id_produk, id_tag) VALUES (4, 117);
INSERT IGNORE INTO TagProduk (id_produk, id_tag) VALUES (4, 65);
INSERT IGNORE INTO TagProduk (id_produk, id_tag) VALUES (5, 65);
INSERT IGNORE INTO TagProduk (id_produk, id_tag) VALUES (5, 6);
INSERT IGNORE INTO TagProduk (id_produk, id_tag) VALUES (5, 8);
INSERT IGNORE INTO TagProduk (id_produk, id_tag) VALUES (5, 114);
INSERT IGNORE INTO TagProduk (id_produk, id_tag) VALUES (6, 17);
INSERT IGNORE INTO TagProduk (id_produk, id_tag) VALUES (6, 116);
INSERT IGNORE INTO TagProduk (id_produk, id_tag) VALUES (6, 59);
INSERT IGNORE INTO TagProduk (id_produk, id_tag) VALUES (7, 44);
INSERT IGNORE INTO TagProduk (id_produk, id_tag) VALUES (7, 58);
INSERT IGNORE INTO TagProduk (id_produk, id_tag) VALUES (8, 18);
INSERT IGNORE INTO TagProduk (id_produk, id_tag) VALUES (8, 90);
INSERT IGNORE INTO TagProduk (id_produk, id_tag) VALUES (8, 86);
INSERT IGNORE INTO TagProduk (id_produk, id_tag) VALUES (9, 22);
INSERT IGNORE INTO TagProduk (id_produk, id_tag) VALUES (9, 46);
INSERT IGNORE INTO TagProduk (id_produk, id_tag) VALUES (9, 2);
INSERT IGNORE INTO TagProduk (id_produk, id_tag) VALUES (9, 113);
INSERT IGNORE INTO TagProduk (id_produk, id_tag) VALUES (10, 57);
INSERT IGNORE INTO TagProduk (id_produk, id_tag) VALUES (10, 4);
INSERT IGNORE INTO TagProduk (id_produk, id_tag) VALUES (10, 69);
INSERT IGNORE INTO TagProduk (id_produk, id_tag) VALUES (11, 100);
INSERT IGNORE INTO TagProduk (id_produk, id_tag) VALUES (11, 65);
INSERT IGNORE INTO TagProduk (id_produk, id_tag) VALUES (12, 94);
INSERT IGNORE INTO TagProduk (id_produk, id_tag) VALUES (12, 44);
INSERT IGNORE INTO TagProduk (id_produk, id_tag) VALUES (12, 50);
INSERT IGNORE INTO TagProduk (id_produk, id_tag) VALUES (13, 109);
INSERT IGNORE INTO TagProduk (id_produk, id_tag) VALUES (13, 35);
INSERT IGNORE INTO TagProduk (id_produk, id_tag) VALUES (13, 6);
INSERT IGNORE INTO TagProduk (id_produk, id_tag) VALUES (13, 64);
INSERT IGNORE INTO TagProduk (id_produk, id_tag) VALUES (14, 10);
INSERT IGNORE INTO TagProduk (id_produk, id_tag) VALUES (14, 116);
INSERT IGNORE INTO TagProduk (id_produk, id_tag) VALUES (14, 30);
INSERT IGNORE INTO TagProduk (id_produk, id_tag) VALUES (14, 47);
INSERT IGNORE INTO TagProduk (id_produk, id_tag) VALUES (15, 113);
INSERT IGNORE INTO TagProduk (id_produk, id_tag) VALUES (15, 73);
INSERT IGNORE INTO TagProduk (id_produk, id_tag) VALUES (16, 34);
INSERT IGNORE INTO TagProduk (id_produk, id_tag) VALUES (16, 79);
INSERT IGNORE INTO TagProduk (id_produk, id_tag) VALUES (16, 114);
INSERT IGNORE INTO TagProduk (id_produk, id_tag) VALUES (16, 47);
INSERT IGNORE INTO TagProduk (id_produk, id_tag) VALUES (17, 79);
INSERT IGNORE INTO TagProduk (id_produk, id_tag) VALUES (17, 74);
INSERT IGNORE INTO TagProduk (id_produk, id_tag) VALUES (17, 89);
INSERT IGNORE INTO TagProduk (id_produk, id_tag) VALUES (18, 10);
INSERT IGNORE INTO TagProduk (id_produk, id_tag) VALUES (18, 49);
INSERT IGNORE INTO TagProduk (id_produk, id_tag) VALUES (19, 6);
INSERT IGNORE INTO TagProduk (id_produk, id_tag) VALUES (19, 66);
INSERT IGNORE INTO TagProduk (id_produk, id_tag) VALUES (19, 71);
INSERT IGNORE INTO TagProduk (id_produk, id_tag) VALUES (20, 77);
INSERT IGNORE INTO TagProduk (id_produk, id_tag) VALUES (21, 85);
INSERT IGNORE INTO TagProduk (id_produk, id_tag) VALUES (21, 17);
INSERT IGNORE INTO TagProduk (id_produk, id_tag) VALUES (21, 71);
INSERT IGNORE INTO TagProduk (id_produk, id_tag) VALUES (21, 84);
INSERT IGNORE INTO TagProduk (id_produk, id_tag) VALUES (22, 75);
INSERT IGNORE INTO TagProduk (id_produk, id_tag) VALUES (23, 102);
INSERT IGNORE INTO TagProduk (id_produk, id_tag) VALUES (23, 59);
INSERT IGNORE INTO TagProduk (id_produk, id_tag) VALUES (23, 3);
INSERT IGNORE INTO TagProduk (id_produk, id_tag) VALUES (23, 116);
INSERT IGNORE INTO TagProduk (id_produk, id_tag) VALUES (24, 90);
INSERT IGNORE INTO TagProduk (id_produk, id_tag) VALUES (24, 6);
INSERT IGNORE INTO TagProduk (id_produk, id_tag) VALUES (24, 82);
INSERT IGNORE INTO TagProduk (id_produk, id_tag) VALUES (25, 21);
INSERT IGNORE INTO TagProduk (id_produk, id_tag) VALUES (25, 45);
INSERT IGNORE INTO TagProduk (id_produk, id_tag) VALUES (25, 66);
INSERT IGNORE INTO TagProduk (id_produk, id_tag) VALUES (25, 59);
INSERT IGNORE INTO TagProduk (id_produk, id_tag) VALUES (26, 109);
INSERT IGNORE INTO TagProduk (id_produk, id_tag) VALUES (26, 91);
INSERT IGNORE INTO TagProduk (id_produk, id_tag) VALUES (26, 2);
INSERT IGNORE INTO TagProduk (id_produk, id_tag) VALUES (27, 55);
INSERT IGNORE INTO TagProduk (id_produk, id_tag) VALUES (27, 36);
INSERT IGNORE INTO TagProduk (id_produk, id_tag) VALUES (27, 44);
INSERT IGNORE INTO TagProduk (id_produk, id_tag) VALUES (27, 70);
INSERT IGNORE INTO TagProduk (id_produk, id_tag) VALUES (28, 47);
INSERT IGNORE INTO TagProduk (id_produk, id_tag) VALUES (29, 107);
INSERT IGNORE INTO TagProduk (id_produk, id_tag) VALUES (29, 120);
INSERT IGNORE INTO TagProduk (id_produk, id_tag) VALUES (30, 84);
INSERT IGNORE INTO TagProduk (id_produk, id_tag) VALUES (31, 104);
INSERT IGNORE INTO TagProduk (id_produk, id_tag) VALUES (32, 11);
INSERT IGNORE INTO TagProduk (id_produk, id_tag) VALUES (32, 54);
INSERT IGNORE INTO TagProduk (id_produk, id_tag) VALUES (32, 56);
INSERT IGNORE INTO TagProduk (id_produk, id_tag) VALUES (33, 11);
INSERT IGNORE INTO TagProduk (id_produk, id_tag) VALUES (33, 84);
INSERT IGNORE INTO TagProduk (id_produk, id_tag) VALUES (33, 77);
INSERT IGNORE INTO TagProduk (id_produk, id_tag) VALUES (33, 120);
INSERT IGNORE INTO TagProduk (id_produk, id_tag) VALUES (34, 118);
INSERT IGNORE INTO TagProduk (id_produk, id_tag) VALUES (34, 49);
INSERT IGNORE INTO TagProduk (id_produk, id_tag) VALUES (34, 24);
INSERT IGNORE INTO TagProduk (id_produk, id_tag) VALUES (34, 36);
INSERT IGNORE INTO TagProduk (id_produk, id_tag) VALUES (35, 117);
INSERT IGNORE INTO TagProduk (id_produk, id_tag) VALUES (35, 90);
INSERT IGNORE INTO TagProduk (id_produk, id_tag) VALUES (36, 47);
INSERT IGNORE INTO TagProduk (id_produk, id_tag) VALUES (36, 101);
INSERT IGNORE INTO TagProduk (id_produk, id_tag) VALUES (37, 18);
INSERT IGNORE INTO TagProduk (id_produk, id_tag) VALUES (37, 21);
INSERT IGNORE INTO TagProduk (id_produk, id_tag) VALUES (37, 13);
INSERT IGNORE INTO TagProduk (id_produk, id_tag) VALUES (38, 31);
INSERT IGNORE INTO TagProduk (id_produk, id_tag) VALUES (38, 87);
INSERT IGNORE INTO TagProduk (id_produk, id_tag) VALUES (39, 113);
INSERT IGNORE INTO TagProduk (id_produk, id_tag) VALUES (39, 19);
INSERT IGNORE INTO TagProduk (id_produk, id_tag) VALUES (39, 102);
INSERT IGNORE INTO TagProduk (id_produk, id_tag) VALUES (39, 43);
INSERT IGNORE INTO TagProduk (id_produk, id_tag) VALUES (40, 11);
INSERT IGNORE INTO TagProduk (id_produk, id_tag) VALUES (41, 8);
INSERT IGNORE INTO TagProduk (id_produk, id_tag) VALUES (41, 44);
INSERT IGNORE INTO TagProduk (id_produk, id_tag) VALUES (42, 90);
INSERT IGNORE INTO TagProduk (id_produk, id_tag) VALUES (42, 39);
INSERT IGNORE INTO TagProduk (id_produk, id_tag) VALUES (42, 100);
INSERT IGNORE INTO TagProduk (id_produk, id_tag) VALUES (42, 63);
INSERT IGNORE INTO TagProduk (id_produk, id_tag) VALUES (43, 58);
INSERT IGNORE INTO TagProduk (id_produk, id_tag) VALUES (43, 101);
INSERT IGNORE INTO TagProduk (id_produk, id_tag) VALUES (44, 55);
INSERT IGNORE INTO TagProduk (id_produk, id_tag) VALUES (45, 26);
INSERT IGNORE INTO TagProduk (id_produk, id_tag) VALUES (45, 69);
INSERT IGNORE INTO TagProduk (id_produk, id_tag) VALUES (45, 8);
INSERT IGNORE INTO TagProduk (id_produk, id_tag) VALUES (46, 65);
INSERT IGNORE INTO TagProduk (id_produk, id_tag) VALUES (47, 95);
INSERT IGNORE INTO TagProduk (id_produk, id_tag) VALUES (47, 1);
INSERT IGNORE INTO TagProduk (id_produk, id_tag) VALUES (48, 17);
INSERT IGNORE INTO TagProduk (id_produk, id_tag) VALUES (48, 39);
INSERT IGNORE INTO TagProduk (id_produk, id_tag) VALUES (49, 79);
INSERT IGNORE INTO TagProduk (id_produk, id_tag) VALUES (49, 4);
INSERT IGNORE INTO TagProduk (id_produk, id_tag) VALUES (49, 12);
INSERT IGNORE INTO TagProduk (id_produk, id_tag) VALUES (49, 23);
INSERT IGNORE INTO TagProduk (id_produk, id_tag) VALUES (50, 22);
INSERT IGNORE INTO TagProduk (id_produk, id_tag) VALUES (51, 26);
INSERT IGNORE INTO TagProduk (id_produk, id_tag) VALUES (51, 112);
INSERT IGNORE INTO TagProduk (id_produk, id_tag) VALUES (51, 51);
INSERT IGNORE INTO TagProduk (id_produk, id_tag) VALUES (52, 102);
INSERT IGNORE INTO TagProduk (id_produk, id_tag) VALUES (52, 6);
INSERT IGNORE INTO TagProduk (id_produk, id_tag) VALUES (52, 2);
INSERT IGNORE INTO TagProduk (id_produk, id_tag) VALUES (52, 114);
INSERT IGNORE INTO TagProduk (id_produk, id_tag) VALUES (53, 49);
INSERT IGNORE INTO TagProduk (id_produk, id_tag) VALUES (53, 29);
INSERT IGNORE INTO TagProduk (id_produk, id_tag) VALUES (53, 110);
INSERT IGNORE INTO TagProduk (id_produk, id_tag) VALUES (53, 119);
INSERT IGNORE INTO TagProduk (id_produk, id_tag) VALUES (54, 53);
INSERT IGNORE INTO TagProduk (id_produk, id_tag) VALUES (54, 62);
INSERT IGNORE INTO TagProduk (id_produk, id_tag) VALUES (54, 76);
INSERT IGNORE INTO TagProduk (id_produk, id_tag) VALUES (55, 86);
INSERT IGNORE INTO TagProduk (id_produk, id_tag) VALUES (55, 51);
INSERT IGNORE INTO TagProduk (id_produk, id_tag) VALUES (55, 22);
INSERT IGNORE INTO TagProduk (id_produk, id_tag) VALUES (55, 76);
INSERT IGNORE INTO TagProduk (id_produk, id_tag) VALUES (56, 64);
INSERT IGNORE INTO TagProduk (id_produk, id_tag) VALUES (56, 27);
INSERT IGNORE INTO TagProduk (id_produk, id_tag) VALUES (57, 100);
INSERT IGNORE INTO TagProduk (id_produk, id_tag) VALUES (57, 46);
INSERT IGNORE INTO TagProduk (id_produk, id_tag) VALUES (57, 29);
INSERT IGNORE INTO TagProduk (id_produk, id_tag) VALUES (58, 29);
INSERT IGNORE INTO TagProduk (id_produk, id_tag) VALUES (58, 114);
INSERT IGNORE INTO TagProduk (id_produk, id_tag) VALUES (59, 106);
INSERT IGNORE INTO TagProduk (id_produk, id_tag) VALUES (60, 3);
INSERT IGNORE INTO TagProduk (id_produk, id_tag) VALUES (60, 29);
INSERT IGNORE INTO TagProduk (id_produk, id_tag) VALUES (60, 45);
INSERT IGNORE INTO TagProduk (id_produk, id_tag) VALUES (61, 16);
INSERT IGNORE INTO TagProduk (id_produk, id_tag) VALUES (62, 116);
INSERT IGNORE INTO TagProduk (id_produk, id_tag) VALUES (62, 106);
INSERT IGNORE INTO TagProduk (id_produk, id_tag) VALUES (62, 96);
INSERT IGNORE INTO TagProduk (id_produk, id_tag) VALUES (62, 45);
INSERT IGNORE INTO TagProduk (id_produk, id_tag) VALUES (63, 9);
INSERT IGNORE INTO TagProduk (id_produk, id_tag) VALUES (63, 73);
INSERT IGNORE INTO TagProduk (id_produk, id_tag) VALUES (64, 31);
INSERT IGNORE INTO TagProduk (id_produk, id_tag) VALUES (64, 10);
INSERT IGNORE INTO TagProduk (id_produk, id_tag) VALUES (64, 98);
INSERT IGNORE INTO TagProduk (id_produk, id_tag) VALUES (65, 23);
INSERT IGNORE INTO TagProduk (id_produk, id_tag) VALUES (65, 22);
INSERT IGNORE INTO TagProduk (id_produk, id_tag) VALUES (65, 15);
INSERT IGNORE INTO TagProduk (id_produk, id_tag) VALUES (66, 67);
INSERT IGNORE INTO TagProduk (id_produk, id_tag) VALUES (67, 82);
INSERT IGNORE INTO TagProduk (id_produk, id_tag) VALUES (68, 94);
INSERT IGNORE INTO TagProduk (id_produk, id_tag) VALUES (69, 26);
INSERT IGNORE INTO TagProduk (id_produk, id_tag) VALUES (69, 88);
INSERT IGNORE INTO TagProduk (id_produk, id_tag) VALUES (69, 116);
INSERT IGNORE INTO TagProduk (id_produk, id_tag) VALUES (70, 108);
INSERT IGNORE INTO TagProduk (id_produk, id_tag) VALUES (71, 37);
INSERT IGNORE INTO TagProduk (id_produk, id_tag) VALUES (71, 39);
INSERT IGNORE INTO TagProduk (id_produk, id_tag) VALUES (71, 25);
INSERT IGNORE INTO TagProduk (id_produk, id_tag) VALUES (71, 55);
INSERT IGNORE INTO TagProduk (id_produk, id_tag) VALUES (72, 40);
INSERT IGNORE INTO TagProduk (id_produk, id_tag) VALUES (73, 108);
INSERT IGNORE INTO TagProduk (id_produk, id_tag) VALUES (73, 76);
INSERT IGNORE INTO TagProduk (id_produk, id_tag) VALUES (73, 55);
INSERT IGNORE INTO TagProduk (id_produk, id_tag) VALUES (73, 32);
INSERT IGNORE INTO TagProduk (id_produk, id_tag) VALUES (74, 7);
INSERT IGNORE INTO TagProduk (id_produk, id_tag) VALUES (74, 116);
INSERT IGNORE INTO TagProduk (id_produk, id_tag) VALUES (75, 116);
INSERT IGNORE INTO TagProduk (id_produk, id_tag) VALUES (75, 28);
INSERT IGNORE INTO TagProduk (id_produk, id_tag) VALUES (76, 115);
INSERT IGNORE INTO TagProduk (id_produk, id_tag) VALUES (76, 5);
INSERT IGNORE INTO TagProduk (id_produk, id_tag) VALUES (76, 105);
INSERT IGNORE INTO TagProduk (id_produk, id_tag) VALUES (77, 58);
INSERT IGNORE INTO TagProduk (id_produk, id_tag) VALUES (77, 64);
INSERT IGNORE INTO TagProduk (id_produk, id_tag) VALUES (77, 54);
INSERT IGNORE INTO TagProduk (id_produk, id_tag) VALUES (78, 30);
INSERT IGNORE INTO TagProduk (id_produk, id_tag) VALUES (78, 85);
INSERT IGNORE INTO TagProduk (id_produk, id_tag) VALUES (79, 39);
INSERT IGNORE INTO TagProduk (id_produk, id_tag) VALUES (80, 113);
INSERT IGNORE INTO TagProduk (id_produk, id_tag) VALUES (81, 78);
INSERT IGNORE INTO TagProduk (id_produk, id_tag) VALUES (81, 92);
INSERT IGNORE INTO TagProduk (id_produk, id_tag) VALUES (81, 22);
INSERT IGNORE INTO TagProduk (id_produk, id_tag) VALUES (82, 63);
INSERT IGNORE INTO TagProduk (id_produk, id_tag) VALUES (83, 102);
INSERT IGNORE INTO TagProduk (id_produk, id_tag) VALUES (84, 48);
INSERT IGNORE INTO TagProduk (id_produk, id_tag) VALUES (84, 105);
INSERT IGNORE INTO TagProduk (id_produk, id_tag) VALUES (84, 71);
INSERT IGNORE INTO TagProduk (id_produk, id_tag) VALUES (84, 90);
INSERT IGNORE INTO TagProduk (id_produk, id_tag) VALUES (85, 38);
INSERT IGNORE INTO TagProduk (id_produk, id_tag) VALUES (85, 53);
INSERT IGNORE INTO TagProduk (id_produk, id_tag) VALUES (85, 86);
INSERT IGNORE INTO TagProduk (id_produk, id_tag) VALUES (86, 103);
INSERT IGNORE INTO TagProduk (id_produk, id_tag) VALUES (86, 16);
INSERT IGNORE INTO TagProduk (id_produk, id_tag) VALUES (86, 93);
INSERT IGNORE INTO TagProduk (id_produk, id_tag) VALUES (87, 12);
INSERT IGNORE INTO TagProduk (id_produk, id_tag) VALUES (87, 115);
INSERT IGNORE INTO TagProduk (id_produk, id_tag) VALUES (87, 108);
INSERT IGNORE INTO TagProduk (id_produk, id_tag) VALUES (88, 98);
INSERT IGNORE INTO TagProduk (id_produk, id_tag) VALUES (89, 40);
INSERT IGNORE INTO TagProduk (id_produk, id_tag) VALUES (89, 36);
INSERT IGNORE INTO TagProduk (id_produk, id_tag) VALUES (90, 19);
INSERT IGNORE INTO TagProduk (id_produk, id_tag) VALUES (90, 110);
INSERT IGNORE INTO TagProduk (id_produk, id_tag) VALUES (90, 100);
INSERT IGNORE INTO TagProduk (id_produk, id_tag) VALUES (90, 86);
INSERT IGNORE INTO TagProduk (id_produk, id_tag) VALUES (91, 19);
INSERT IGNORE INTO TagProduk (id_produk, id_tag) VALUES (92, 92);
INSERT IGNORE INTO TagProduk (id_produk, id_tag) VALUES (92, 104);
INSERT IGNORE INTO TagProduk (id_produk, id_tag) VALUES (92, 106);
INSERT IGNORE INTO TagProduk (id_produk, id_tag) VALUES (93, 69);
INSERT IGNORE INTO TagProduk (id_produk, id_tag) VALUES (93, 70);
INSERT IGNORE INTO TagProduk (id_produk, id_tag) VALUES (94, 76);
INSERT IGNORE INTO TagProduk (id_produk, id_tag) VALUES (94, 16);
INSERT IGNORE INTO TagProduk (id_produk, id_tag) VALUES (94, 42);
INSERT IGNORE INTO TagProduk (id_produk, id_tag) VALUES (95, 94);
INSERT IGNORE INTO TagProduk (id_produk, id_tag) VALUES (95, 88);
INSERT IGNORE INTO TagProduk (id_produk, id_tag) VALUES (96, 111);
INSERT IGNORE INTO TagProduk (id_produk, id_tag) VALUES (96, 37);
INSERT IGNORE INTO TagProduk (id_produk, id_tag) VALUES (96, 2);
INSERT IGNORE INTO TagProduk (id_produk, id_tag) VALUES (96, 64);
INSERT IGNORE INTO TagProduk (id_produk, id_tag) VALUES (97, 90);
INSERT IGNORE INTO TagProduk (id_produk, id_tag) VALUES (97, 74);
INSERT IGNORE INTO TagProduk (id_produk, id_tag) VALUES (97, 13);
INSERT IGNORE INTO TagProduk (id_produk, id_tag) VALUES (97, 59);
INSERT IGNORE INTO TagProduk (id_produk, id_tag) VALUES (98, 55);
INSERT IGNORE INTO TagProduk (id_produk, id_tag) VALUES (98, 112);
INSERT IGNORE INTO TagProduk (id_produk, id_tag) VALUES (99, 25);
INSERT IGNORE INTO TagProduk (id_produk, id_tag) VALUES (99, 7);
INSERT IGNORE INTO TagProduk (id_produk, id_tag) VALUES (100, 79);

-- BarangKeranjang
INSERT IGNORE INTO BarangKeranjang (id_keranjang, sku, kuantitas) VALUES (1, 'SKU000016', 3);
INSERT IGNORE INTO BarangKeranjang (id_keranjang, sku, kuantitas) VALUES (1, 'SKU000040', 3);
INSERT IGNORE INTO BarangKeranjang (id_keranjang, sku, kuantitas) VALUES (1, 'SKU000086', 2);
INSERT IGNORE INTO BarangKeranjang (id_keranjang, sku, kuantitas) VALUES (3, 'SKU000108', 1);
INSERT IGNORE INTO BarangKeranjang (id_keranjang, sku, kuantitas) VALUES (3, 'SKU000084', 1);
INSERT IGNORE INTO BarangKeranjang (id_keranjang, sku, kuantitas) VALUES (3, 'SKU000098', 1);
INSERT IGNORE INTO BarangKeranjang (id_keranjang, sku, kuantitas) VALUES (3, 'SKU000133', 3);
INSERT IGNORE INTO BarangKeranjang (id_keranjang, sku, kuantitas) VALUES (4, 'SKU000126', 3);
INSERT IGNORE INTO BarangKeranjang (id_keranjang, sku, kuantitas) VALUES (4, 'SKU000077', 1);
INSERT IGNORE INTO BarangKeranjang (id_keranjang, sku, kuantitas) VALUES (4, 'SKU000132', 1);
INSERT IGNORE INTO BarangKeranjang (id_keranjang, sku, kuantitas) VALUES (5, 'SKU000063', 1);
INSERT IGNORE INTO BarangKeranjang (id_keranjang, sku, kuantitas) VALUES (6, 'SKU000115', 2);
INSERT IGNORE INTO BarangKeranjang (id_keranjang, sku, kuantitas) VALUES (7, 'SKU000109', 1);
INSERT IGNORE INTO BarangKeranjang (id_keranjang, sku, kuantitas) VALUES (7, 'SKU000178', 2);
INSERT IGNORE INTO BarangKeranjang (id_keranjang, sku, kuantitas) VALUES (8, 'SKU000169', 3);
INSERT IGNORE INTO BarangKeranjang (id_keranjang, sku, kuantitas) VALUES (8, 'SKU000037', 3);
INSERT IGNORE INTO BarangKeranjang (id_keranjang, sku, kuantitas) VALUES (8, 'SKU000144', 1);
INSERT IGNORE INTO BarangKeranjang (id_keranjang, sku, kuantitas) VALUES (8, 'SKU000033', 3);
INSERT IGNORE INTO BarangKeranjang (id_keranjang, sku, kuantitas) VALUES (9, 'SKU000081', 2);
INSERT IGNORE INTO BarangKeranjang (id_keranjang, sku, kuantitas) VALUES (9, 'SKU000078', 1);
INSERT IGNORE INTO BarangKeranjang (id_keranjang, sku, kuantitas) VALUES (10, 'SKU000110', 3);
INSERT IGNORE INTO BarangKeranjang (id_keranjang, sku, kuantitas) VALUES (10, 'SKU000104', 1);
INSERT IGNORE INTO BarangKeranjang (id_keranjang, sku, kuantitas) VALUES (10, 'SKU000166', 2);
INSERT IGNORE INTO BarangKeranjang (id_keranjang, sku, kuantitas) VALUES (11, 'SKU000159', 3);
INSERT IGNORE INTO BarangKeranjang (id_keranjang, sku, kuantitas) VALUES (11, 'SKU000029', 3);
INSERT IGNORE INTO BarangKeranjang (id_keranjang, sku, kuantitas) VALUES (12, 'SKU000138', 1);
INSERT IGNORE INTO BarangKeranjang (id_keranjang, sku, kuantitas) VALUES (12, 'SKU000105', 2);
INSERT IGNORE INTO BarangKeranjang (id_keranjang, sku, kuantitas) VALUES (12, 'SKU000157', 2);
INSERT IGNORE INTO BarangKeranjang (id_keranjang, sku, kuantitas) VALUES (12, 'SKU000023', 1);
INSERT IGNORE INTO BarangKeranjang (id_keranjang, sku, kuantitas) VALUES (13, 'SKU000110', 1);
INSERT IGNORE INTO BarangKeranjang (id_keranjang, sku, kuantitas) VALUES (15, 'SKU000075', 1);
INSERT IGNORE INTO BarangKeranjang (id_keranjang, sku, kuantitas) VALUES (15, 'SKU000024', 1);
INSERT IGNORE INTO BarangKeranjang (id_keranjang, sku, kuantitas) VALUES (15, 'SKU000086', 2);
INSERT IGNORE INTO BarangKeranjang (id_keranjang, sku, kuantitas) VALUES (15, 'SKU000034', 1);
INSERT IGNORE INTO BarangKeranjang (id_keranjang, sku, kuantitas) VALUES (16, 'SKU000170', 2);
INSERT IGNORE INTO BarangKeranjang (id_keranjang, sku, kuantitas) VALUES (16, 'SKU000183', 1);
INSERT IGNORE INTO BarangKeranjang (id_keranjang, sku, kuantitas) VALUES (17, 'SKU000157', 1);
INSERT IGNORE INTO BarangKeranjang (id_keranjang, sku, kuantitas) VALUES (17, 'SKU000140', 3);
INSERT IGNORE INTO BarangKeranjang (id_keranjang, sku, kuantitas) VALUES (17, 'SKU000187', 2);
INSERT IGNORE INTO BarangKeranjang (id_keranjang, sku, kuantitas) VALUES (17, 'SKU000096', 1);
INSERT IGNORE INTO BarangKeranjang (id_keranjang, sku, kuantitas) VALUES (18, 'SKU000130', 1);
INSERT IGNORE INTO BarangKeranjang (id_keranjang, sku, kuantitas) VALUES (18, 'SKU000051', 1);
INSERT IGNORE INTO BarangKeranjang (id_keranjang, sku, kuantitas) VALUES (18, 'SKU000181', 1);
INSERT IGNORE INTO BarangKeranjang (id_keranjang, sku, kuantitas) VALUES (18, 'SKU000093', 2);
INSERT IGNORE INTO BarangKeranjang (id_keranjang, sku, kuantitas) VALUES (19, 'SKU000056', 3);
INSERT IGNORE INTO BarangKeranjang (id_keranjang, sku, kuantitas) VALUES (19, 'SKU000029', 1);
INSERT IGNORE INTO BarangKeranjang (id_keranjang, sku, kuantitas) VALUES (20, 'SKU000062', 2);
INSERT IGNORE INTO BarangKeranjang (id_keranjang, sku, kuantitas) VALUES (20, 'SKU000035', 1);
INSERT IGNORE INTO BarangKeranjang (id_keranjang, sku, kuantitas) VALUES (20, 'SKU000135', 2);
INSERT IGNORE INTO BarangKeranjang (id_keranjang, sku, kuantitas) VALUES (21, 'SKU000101', 2);
INSERT IGNORE INTO BarangKeranjang (id_keranjang, sku, kuantitas) VALUES (21, 'SKU000170', 1);
INSERT IGNORE INTO BarangKeranjang (id_keranjang, sku, kuantitas) VALUES (21, 'SKU000138', 3);
INSERT IGNORE INTO BarangKeranjang (id_keranjang, sku, kuantitas) VALUES (21, 'SKU000074', 2);
INSERT IGNORE INTO BarangKeranjang (id_keranjang, sku, kuantitas) VALUES (21, 'SKU000154', 1);
INSERT IGNORE INTO BarangKeranjang (id_keranjang, sku, kuantitas) VALUES (22, 'SKU000003', 2);
INSERT IGNORE INTO BarangKeranjang (id_keranjang, sku, kuantitas) VALUES (22, 'SKU000140', 2);
INSERT IGNORE INTO BarangKeranjang (id_keranjang, sku, kuantitas) VALUES (24, 'SKU000070', 2);
INSERT IGNORE INTO BarangKeranjang (id_keranjang, sku, kuantitas) VALUES (24, 'SKU000159', 1);
INSERT IGNORE INTO BarangKeranjang (id_keranjang, sku, kuantitas) VALUES (24, 'SKU000188', 2);
INSERT IGNORE INTO BarangKeranjang (id_keranjang, sku, kuantitas) VALUES (25, 'SKU000140', 2);
INSERT IGNORE INTO BarangKeranjang (id_keranjang, sku, kuantitas) VALUES (25, 'SKU000113', 3);
INSERT IGNORE INTO BarangKeranjang (id_keranjang, sku, kuantitas) VALUES (25, 'SKU000152', 1);
INSERT IGNORE INTO BarangKeranjang (id_keranjang, sku, kuantitas) VALUES (25, 'SKU000009', 1);
INSERT IGNORE INTO BarangKeranjang (id_keranjang, sku, kuantitas) VALUES (26, 'SKU000030', 2);
INSERT IGNORE INTO BarangKeranjang (id_keranjang, sku, kuantitas) VALUES (26, 'SKU000134', 1);
INSERT IGNORE INTO BarangKeranjang (id_keranjang, sku, kuantitas) VALUES (26, 'SKU000087', 3);
INSERT IGNORE INTO BarangKeranjang (id_keranjang, sku, kuantitas) VALUES (26, 'SKU000149', 2);
INSERT IGNORE INTO BarangKeranjang (id_keranjang, sku, kuantitas) VALUES (27, 'SKU000056', 3);
INSERT IGNORE INTO BarangKeranjang (id_keranjang, sku, kuantitas) VALUES (27, 'SKU000059', 2);
INSERT IGNORE INTO BarangKeranjang (id_keranjang, sku, kuantitas) VALUES (27, 'SKU000037', 3);
INSERT IGNORE INTO BarangKeranjang (id_keranjang, sku, kuantitas) VALUES (27, 'SKU000081', 1);
INSERT IGNORE INTO BarangKeranjang (id_keranjang, sku, kuantitas) VALUES (28, 'SKU000178', 3);
INSERT IGNORE INTO BarangKeranjang (id_keranjang, sku, kuantitas) VALUES (28, 'SKU000162', 1);
INSERT IGNORE INTO BarangKeranjang (id_keranjang, sku, kuantitas) VALUES (28, 'SKU000001', 1);
INSERT IGNORE INTO BarangKeranjang (id_keranjang, sku, kuantitas) VALUES (28, 'SKU000080', 3);
INSERT IGNORE INTO BarangKeranjang (id_keranjang, sku, kuantitas) VALUES (28, 'SKU000168', 2);
INSERT IGNORE INTO BarangKeranjang (id_keranjang, sku, kuantitas) VALUES (29, 'SKU000162', 3);
INSERT IGNORE INTO BarangKeranjang (id_keranjang, sku, kuantitas) VALUES (29, 'SKU000007', 3);
INSERT IGNORE INTO BarangKeranjang (id_keranjang, sku, kuantitas) VALUES (29, 'SKU000171', 1);
INSERT IGNORE INTO BarangKeranjang (id_keranjang, sku, kuantitas) VALUES (30, 'SKU000090', 2);
INSERT IGNORE INTO BarangKeranjang (id_keranjang, sku, kuantitas) VALUES (30, 'SKU000170', 1);
INSERT IGNORE INTO BarangKeranjang (id_keranjang, sku, kuantitas) VALUES (30, 'SKU000032', 3);
INSERT IGNORE INTO BarangKeranjang (id_keranjang, sku, kuantitas) VALUES (31, 'SKU000178', 1);
INSERT IGNORE INTO BarangKeranjang (id_keranjang, sku, kuantitas) VALUES (31, 'SKU000051', 3);
INSERT IGNORE INTO BarangKeranjang (id_keranjang, sku, kuantitas) VALUES (31, 'SKU000040', 2);
INSERT IGNORE INTO BarangKeranjang (id_keranjang, sku, kuantitas) VALUES (33, 'SKU000007', 3);
INSERT IGNORE INTO BarangKeranjang (id_keranjang, sku, kuantitas) VALUES (33, 'SKU000045', 2);
INSERT IGNORE INTO BarangKeranjang (id_keranjang, sku, kuantitas) VALUES (33, 'SKU000097', 3);
INSERT IGNORE INTO BarangKeranjang (id_keranjang, sku, kuantitas) VALUES (33, 'SKU000148', 2);
INSERT IGNORE INTO BarangKeranjang (id_keranjang, sku, kuantitas) VALUES (34, 'SKU000148', 1);
INSERT IGNORE INTO BarangKeranjang (id_keranjang, sku, kuantitas) VALUES (34, 'SKU000089', 1);
INSERT IGNORE INTO BarangKeranjang (id_keranjang, sku, kuantitas) VALUES (34, 'SKU000133', 1);
INSERT IGNORE INTO BarangKeranjang (id_keranjang, sku, kuantitas) VALUES (35, 'SKU000155', 2);
INSERT IGNORE INTO BarangKeranjang (id_keranjang, sku, kuantitas) VALUES (36, 'SKU000174', 3);
INSERT IGNORE INTO BarangKeranjang (id_keranjang, sku, kuantitas) VALUES (36, 'SKU000141', 1);
INSERT IGNORE INTO BarangKeranjang (id_keranjang, sku, kuantitas) VALUES (36, 'SKU000079', 2);
INSERT IGNORE INTO BarangKeranjang (id_keranjang, sku, kuantitas) VALUES (37, 'SKU000155', 2);
INSERT IGNORE INTO BarangKeranjang (id_keranjang, sku, kuantitas) VALUES (37, 'SKU000041', 3);
INSERT IGNORE INTO BarangKeranjang (id_keranjang, sku, kuantitas) VALUES (37, 'SKU000164', 3);
INSERT IGNORE INTO BarangKeranjang (id_keranjang, sku, kuantitas) VALUES (37, 'SKU000002', 1);
INSERT IGNORE INTO BarangKeranjang (id_keranjang, sku, kuantitas) VALUES (37, 'SKU000050', 3);
INSERT IGNORE INTO BarangKeranjang (id_keranjang, sku, kuantitas) VALUES (38, 'SKU000177', 2);
INSERT IGNORE INTO BarangKeranjang (id_keranjang, sku, kuantitas) VALUES (38, 'SKU000185', 3);
INSERT IGNORE INTO BarangKeranjang (id_keranjang, sku, kuantitas) VALUES (38, 'SKU000081', 2);
INSERT IGNORE INTO BarangKeranjang (id_keranjang, sku, kuantitas) VALUES (39, 'SKU000104', 1);
INSERT IGNORE INTO BarangKeranjang (id_keranjang, sku, kuantitas) VALUES (39, 'SKU000156', 2);
INSERT IGNORE INTO BarangKeranjang (id_keranjang, sku, kuantitas) VALUES (40, 'SKU000009', 3);
INSERT IGNORE INTO BarangKeranjang (id_keranjang, sku, kuantitas) VALUES (40, 'SKU000102', 2);
INSERT IGNORE INTO BarangKeranjang (id_keranjang, sku, kuantitas) VALUES (40, 'SKU000089', 3);
INSERT IGNORE INTO BarangKeranjang (id_keranjang, sku, kuantitas) VALUES (40, 'SKU000165', 1);
INSERT IGNORE INTO BarangKeranjang (id_keranjang, sku, kuantitas) VALUES (40, 'SKU000062', 3);
INSERT IGNORE INTO BarangKeranjang (id_keranjang, sku, kuantitas) VALUES (41, 'SKU000179', 3);
INSERT IGNORE INTO BarangKeranjang (id_keranjang, sku, kuantitas) VALUES (41, 'SKU000161', 1);
INSERT IGNORE INTO BarangKeranjang (id_keranjang, sku, kuantitas) VALUES (41, 'SKU000028', 1);
INSERT IGNORE INTO BarangKeranjang (id_keranjang, sku, kuantitas) VALUES (41, 'SKU000090', 2);
INSERT IGNORE INTO BarangKeranjang (id_keranjang, sku, kuantitas) VALUES (42, 'SKU000040', 1);
INSERT IGNORE INTO BarangKeranjang (id_keranjang, sku, kuantitas) VALUES (42, 'SKU000059', 1);
INSERT IGNORE INTO BarangKeranjang (id_keranjang, sku, kuantitas) VALUES (43, 'SKU000059', 1);
INSERT IGNORE INTO BarangKeranjang (id_keranjang, sku, kuantitas) VALUES (43, 'SKU000161', 2);
INSERT IGNORE INTO BarangKeranjang (id_keranjang, sku, kuantitas) VALUES (43, 'SKU000004', 3);
INSERT IGNORE INTO BarangKeranjang (id_keranjang, sku, kuantitas) VALUES (43, 'SKU000015', 3);
INSERT IGNORE INTO BarangKeranjang (id_keranjang, sku, kuantitas) VALUES (43, 'SKU000027', 3);
INSERT IGNORE INTO BarangKeranjang (id_keranjang, sku, kuantitas) VALUES (45, 'SKU000088', 2);
INSERT IGNORE INTO BarangKeranjang (id_keranjang, sku, kuantitas) VALUES (45, 'SKU000063', 3);
INSERT IGNORE INTO BarangKeranjang (id_keranjang, sku, kuantitas) VALUES (45, 'SKU000176', 1);
INSERT IGNORE INTO BarangKeranjang (id_keranjang, sku, kuantitas) VALUES (45, 'SKU000182', 1);
INSERT IGNORE INTO BarangKeranjang (id_keranjang, sku, kuantitas) VALUES (45, 'SKU000037', 1);
INSERT IGNORE INTO BarangKeranjang (id_keranjang, sku, kuantitas) VALUES (46, 'SKU000136', 3);
INSERT IGNORE INTO BarangKeranjang (id_keranjang, sku, kuantitas) VALUES (46, 'SKU000173', 1);
INSERT IGNORE INTO BarangKeranjang (id_keranjang, sku, kuantitas) VALUES (46, 'SKU000147', 3);
INSERT IGNORE INTO BarangKeranjang (id_keranjang, sku, kuantitas) VALUES (46, 'SKU000111', 2);
INSERT IGNORE INTO BarangKeranjang (id_keranjang, sku, kuantitas) VALUES (46, 'SKU000153', 3);
INSERT IGNORE INTO BarangKeranjang (id_keranjang, sku, kuantitas) VALUES (47, 'SKU000012', 1);
INSERT IGNORE INTO BarangKeranjang (id_keranjang, sku, kuantitas) VALUES (47, 'SKU000056', 2);
INSERT IGNORE INTO BarangKeranjang (id_keranjang, sku, kuantitas) VALUES (47, 'SKU000176', 2);
INSERT IGNORE INTO BarangKeranjang (id_keranjang, sku, kuantitas) VALUES (48, 'SKU000154', 3);
INSERT IGNORE INTO BarangKeranjang (id_keranjang, sku, kuantitas) VALUES (48, 'SKU000081', 1);
INSERT IGNORE INTO BarangKeranjang (id_keranjang, sku, kuantitas) VALUES (48, 'SKU000173', 2);
INSERT IGNORE INTO BarangKeranjang (id_keranjang, sku, kuantitas) VALUES (48, 'SKU000002', 3);
INSERT IGNORE INTO BarangKeranjang (id_keranjang, sku, kuantitas) VALUES (48, 'SKU000156', 3);
INSERT IGNORE INTO BarangKeranjang (id_keranjang, sku, kuantitas) VALUES (49, 'SKU000106', 3);
INSERT IGNORE INTO BarangKeranjang (id_keranjang, sku, kuantitas) VALUES (50, 'SKU000180', 1);
INSERT IGNORE INTO BarangKeranjang (id_keranjang, sku, kuantitas) VALUES (50, 'SKU000037', 1);
INSERT IGNORE INTO BarangKeranjang (id_keranjang, sku, kuantitas) VALUES (51, 'SKU000157', 2);
INSERT IGNORE INTO BarangKeranjang (id_keranjang, sku, kuantitas) VALUES (51, 'SKU000100', 3);
INSERT IGNORE INTO BarangKeranjang (id_keranjang, sku, kuantitas) VALUES (52, 'SKU000158', 3);
INSERT IGNORE INTO BarangKeranjang (id_keranjang, sku, kuantitas) VALUES (52, 'SKU000074', 1);
INSERT IGNORE INTO BarangKeranjang (id_keranjang, sku, kuantitas) VALUES (52, 'SKU000188', 1);
INSERT IGNORE INTO BarangKeranjang (id_keranjang, sku, kuantitas) VALUES (52, 'SKU000003', 2);
INSERT IGNORE INTO BarangKeranjang (id_keranjang, sku, kuantitas) VALUES (52, 'SKU000190', 1);
INSERT IGNORE INTO BarangKeranjang (id_keranjang, sku, kuantitas) VALUES (53, 'SKU000112', 1);
INSERT IGNORE INTO BarangKeranjang (id_keranjang, sku, kuantitas) VALUES (53, 'SKU000080', 3);
INSERT IGNORE INTO BarangKeranjang (id_keranjang, sku, kuantitas) VALUES (53, 'SKU000164', 1);
INSERT IGNORE INTO BarangKeranjang (id_keranjang, sku, kuantitas) VALUES (53, 'SKU000057', 2);
INSERT IGNORE INTO BarangKeranjang (id_keranjang, sku, kuantitas) VALUES (53, 'SKU000174', 2);
INSERT IGNORE INTO BarangKeranjang (id_keranjang, sku, kuantitas) VALUES (54, 'SKU000185', 3);
INSERT IGNORE INTO BarangKeranjang (id_keranjang, sku, kuantitas) VALUES (55, 'SKU000163', 2);
INSERT IGNORE INTO BarangKeranjang (id_keranjang, sku, kuantitas) VALUES (55, 'SKU000086', 2);
INSERT IGNORE INTO BarangKeranjang (id_keranjang, sku, kuantitas) VALUES (55, 'SKU000016', 1);
INSERT IGNORE INTO BarangKeranjang (id_keranjang, sku, kuantitas) VALUES (55, 'SKU000119', 2);
INSERT IGNORE INTO BarangKeranjang (id_keranjang, sku, kuantitas) VALUES (56, 'SKU000128', 3);
INSERT IGNORE INTO BarangKeranjang (id_keranjang, sku, kuantitas) VALUES (56, 'SKU000162', 3);
INSERT IGNORE INTO BarangKeranjang (id_keranjang, sku, kuantitas) VALUES (56, 'SKU000119', 3);
INSERT IGNORE INTO BarangKeranjang (id_keranjang, sku, kuantitas) VALUES (56, 'SKU000134', 1);
INSERT IGNORE INTO BarangKeranjang (id_keranjang, sku, kuantitas) VALUES (57, 'SKU000094', 1);
INSERT IGNORE INTO BarangKeranjang (id_keranjang, sku, kuantitas) VALUES (58, 'SKU000046', 1);
INSERT IGNORE INTO BarangKeranjang (id_keranjang, sku, kuantitas) VALUES (58, 'SKU000124', 3);
INSERT IGNORE INTO BarangKeranjang (id_keranjang, sku, kuantitas) VALUES (58, 'SKU000024', 3);
INSERT IGNORE INTO BarangKeranjang (id_keranjang, sku, kuantitas) VALUES (58, 'SKU000027', 1);
INSERT IGNORE INTO BarangKeranjang (id_keranjang, sku, kuantitas) VALUES (58, 'SKU000065', 1);
INSERT IGNORE INTO BarangKeranjang (id_keranjang, sku, kuantitas) VALUES (60, 'SKU000148', 1);
INSERT IGNORE INTO BarangKeranjang (id_keranjang, sku, kuantitas) VALUES (60, 'SKU000035', 3);

-- Pesanan
INSERT IGNORE INTO Pesanan (id_pesanan, id_pembeli, id_alamat_pembeli, metode_pembayaran, metode_pengiriman, catatan, status_pesanan, waktu_pemesanan) VALUES (1, 32, 65, 'Transfer Bank BCA', 'Sicepat BEST', NULL, 'Selesai', '2025-02-11 15:07:10');
INSERT IGNORE INTO Pesanan (id_pesanan, id_pembeli, id_alamat_pembeli, metode_pembayaran, metode_pengiriman, catatan, status_pesanan, waktu_pemesanan) VALUES (2, 42, 85, 'Dana', 'Sicepat BEST', 'Accusamus officia eaque molestias voluptatibus impedit cum nobis maiores fuga.', 'Dibatalkan', '2025-05-09 04:32:10');
INSERT IGNORE INTO Pesanan (id_pesanan, id_pembeli, id_alamat_pembeli, metode_pembayaran, metode_pengiriman, catatan, status_pesanan, waktu_pemesanan) VALUES (3, 34, 69, 'Kartu Kredit Mastercard', 'Grab SameDay', NULL, 'Diproses', '2025-01-03 21:19:10');
INSERT IGNORE INTO Pesanan (id_pesanan, id_pembeli, id_alamat_pembeli, metode_pembayaran, metode_pengiriman, catatan, status_pesanan, waktu_pemesanan) VALUES (4, 40, 79, 'Alfamart', 'JNE REG', NULL, 'Pengembalian Dana', '2025-05-24 21:28:10');
INSERT IGNORE INTO Pesanan (id_pesanan, id_pembeli, id_alamat_pembeli, metode_pembayaran, metode_pengiriman, catatan, status_pesanan, waktu_pemesanan) VALUES (5, 12, 25, 'Alfamart', 'Ninja Xpress', NULL, 'Diproses', '2025-01-25 15:32:10');
INSERT IGNORE INTO Pesanan (id_pesanan, id_pembeli, id_alamat_pembeli, metode_pembayaran, metode_pengiriman, catatan, status_pesanan, waktu_pemesanan) VALUES (6, 1, 1, 'Indomaret', 'J&T Express', NULL, 'Pengembalian Dana', '2025-04-07 03:08:10');
INSERT IGNORE INTO Pesanan (id_pesanan, id_pembeli, id_alamat_pembeli, metode_pembayaran, metode_pengiriman, catatan, status_pesanan, waktu_pemesanan) VALUES (7, 18, 38, 'OVO', 'POS Indonesia', NULL, 'Dibatalkan', '2024-12-03 16:53:10');
INSERT IGNORE INTO Pesanan (id_pesanan, id_pembeli, id_alamat_pembeli, metode_pembayaran, metode_pengiriman, catatan, status_pesanan, waktu_pemesanan) VALUES (8, 8, 17, 'ShopeePay', 'POS Indonesia', NULL, 'Selesai', '2025-01-09 01:45:10');
INSERT IGNORE INTO Pesanan (id_pesanan, id_pembeli, id_alamat_pembeli, metode_pembayaran, metode_pengiriman, catatan, status_pesanan, waktu_pemesanan) VALUES (9, 15, 31, 'COD', 'Gojek Instant', NULL, 'Dikirim', '2025-02-24 12:11:10');
INSERT IGNORE INTO Pesanan (id_pesanan, id_pembeli, id_alamat_pembeli, metode_pembayaran, metode_pengiriman, catatan, status_pesanan, waktu_pemesanan) VALUES (10, 2, 4, 'Transfer Bank BCA', 'Gojek Instant', NULL, 'Pending', '2025-02-16 11:21:10');
INSERT IGNORE INTO Pesanan (id_pesanan, id_pembeli, id_alamat_pembeli, metode_pembayaran, metode_pengiriman, catatan, status_pesanan, waktu_pemesanan) VALUES (11, 9, 18, 'OVO', 'POS Indonesia', NULL, 'Dikirim', '2025-04-05 17:17:10');
INSERT IGNORE INTO Pesanan (id_pesanan, id_pembeli, id_alamat_pembeli, metode_pembayaran, metode_pengiriman, catatan, status_pesanan, waktu_pemesanan) VALUES (12, 47, 93, 'Dana', 'Sicepat Gokil', NULL, 'Pending', '2025-05-22 14:06:10');
INSERT IGNORE INTO Pesanan (id_pesanan, id_pembeli, id_alamat_pembeli, metode_pembayaran, metode_pengiriman, catatan, status_pesanan, waktu_pemesanan) VALUES (13, 7, 16, 'Indomaret', 'Anteraja Regular', 'Ea modi tenetur cumque aspernatur beatae dicta aut repellendus impedit maiores error autem.', 'Pengembalian Dana', '2025-04-25 11:40:10');
INSERT IGNORE INTO Pesanan (id_pesanan, id_pembeli, id_alamat_pembeli, metode_pembayaran, metode_pengiriman, catatan, status_pesanan, waktu_pemesanan) VALUES (14, 3, 6, 'COD', 'Sicepat BEST', 'Architecto voluptatem saepe velit iste iste.', 'Dikirim', '2025-01-23 23:42:10');
INSERT IGNORE INTO Pesanan (id_pesanan, id_pembeli, id_alamat_pembeli, metode_pembayaran, metode_pengiriman, catatan, status_pesanan, waktu_pemesanan) VALUES (15, 51, 101, 'Virtual Account BNI', 'J&T Express', NULL, 'Diproses', '2025-04-12 12:35:10');
INSERT IGNORE INTO Pesanan (id_pesanan, id_pembeli, id_alamat_pembeli, metode_pembayaran, metode_pengiriman, catatan, status_pesanan, waktu_pemesanan) VALUES (16, 43, 86, 'GoPay', 'Ninja Xpress', NULL, 'Selesai', '2025-04-29 23:19:10');
INSERT IGNORE INTO Pesanan (id_pesanan, id_pembeli, id_alamat_pembeli, metode_pembayaran, metode_pengiriman, catatan, status_pesanan, waktu_pemesanan) VALUES (17, 25, 53, 'ShopeePay', 'Anteraja Regular', 'Maiores magni voluptates illo qui aut pariatur excepturi.', 'Pengembalian Dana', '2025-05-10 11:22:10');
INSERT IGNORE INTO Pesanan (id_pesanan, id_pembeli, id_alamat_pembeli, metode_pembayaran, metode_pengiriman, catatan, status_pesanan, waktu_pemesanan) VALUES (18, 17, 35, 'Dana', 'Gojek Instant', 'Harum a ducimus neque aliquid.', 'Diproses', '2025-04-05 11:06:10');
INSERT IGNORE INTO Pesanan (id_pesanan, id_pembeli, id_alamat_pembeli, metode_pembayaran, metode_pengiriman, catatan, status_pesanan, waktu_pemesanan) VALUES (19, 34, 67, 'Indomaret', 'Sicepat HALU', NULL, 'Diproses', '2025-02-02 15:15:10');
INSERT IGNORE INTO Pesanan (id_pesanan, id_pembeli, id_alamat_pembeli, metode_pembayaran, metode_pengiriman, catatan, status_pesanan, waktu_pemesanan) VALUES (20, 36, 71, 'Dana', 'Anteraja Regular', NULL, 'Menunggu Pembayaran', '2025-01-08 01:57:10');
INSERT IGNORE INTO Pesanan (id_pesanan, id_pembeli, id_alamat_pembeli, metode_pembayaran, metode_pengiriman, catatan, status_pesanan, waktu_pemesanan) VALUES (21, 32, 65, 'Alfamart', 'Gojek Instant', NULL, 'Pending', '2025-05-31 04:36:10');
INSERT IGNORE INTO Pesanan (id_pesanan, id_pembeli, id_alamat_pembeli, metode_pembayaran, metode_pengiriman, catatan, status_pesanan, waktu_pemesanan) VALUES (22, 17, 35, 'COD', 'POS Indonesia', NULL, 'Dibatalkan', '2025-04-26 18:38:10');
INSERT IGNORE INTO Pesanan (id_pesanan, id_pembeli, id_alamat_pembeli, metode_pembayaran, metode_pengiriman, catatan, status_pesanan, waktu_pemesanan) VALUES (23, 58, 117, 'COD', 'Sicepat Gokil', NULL, 'Dibatalkan', '2024-12-23 05:09:10');
INSERT IGNORE INTO Pesanan (id_pesanan, id_pembeli, id_alamat_pembeli, metode_pembayaran, metode_pengiriman, catatan, status_pesanan, waktu_pemesanan) VALUES (24, 13, 26, 'Kartu Kredit Mastercard', 'JNE YES', NULL, 'Diproses', '2025-02-18 22:48:10');
INSERT IGNORE INTO Pesanan (id_pesanan, id_pembeli, id_alamat_pembeli, metode_pembayaran, metode_pengiriman, catatan, status_pesanan, waktu_pemesanan) VALUES (25, 41, 80, 'GoPay', 'JNE YES', 'Incidunt tenetur eaque assumenda iusto alias tenetur modi suscipit.', 'Selesai', '2025-01-10 15:35:10');
INSERT IGNORE INTO Pesanan (id_pesanan, id_pembeli, id_alamat_pembeli, metode_pembayaran, metode_pengiriman, catatan, status_pesanan, waktu_pemesanan) VALUES (26, 58, 117, 'Transfer Bank Mandiri', 'Gojek Instant', NULL, 'Selesai', '2024-12-08 19:35:10');
INSERT IGNORE INTO Pesanan (id_pesanan, id_pembeli, id_alamat_pembeli, metode_pembayaran, metode_pengiriman, catatan, status_pesanan, waktu_pemesanan) VALUES (27, 44, 88, 'Kartu Kredit Mastercard', 'JNE YES', 'Qui ex similique unde tempore ipsa fuga est repudiandae.', 'Menunggu Pembayaran', '2025-05-08 23:18:10');
INSERT IGNORE INTO Pesanan (id_pesanan, id_pembeli, id_alamat_pembeli, metode_pembayaran, metode_pengiriman, catatan, status_pesanan, waktu_pemesanan) VALUES (28, 26, 54, 'Dana', 'POS Indonesia', NULL, 'Dibatalkan', '2025-03-27 03:23:10');
INSERT IGNORE INTO Pesanan (id_pesanan, id_pembeli, id_alamat_pembeli, metode_pembayaran, metode_pengiriman, catatan, status_pesanan, waktu_pemesanan) VALUES (29, 5, 11, 'Kartu Kredit Mastercard', 'Sicepat BEST', NULL, 'Selesai', '2025-05-06 17:55:10');
INSERT IGNORE INTO Pesanan (id_pesanan, id_pembeli, id_alamat_pembeli, metode_pembayaran, metode_pengiriman, catatan, status_pesanan, waktu_pemesanan) VALUES (30, 24, 51, 'Alfamart', 'POS Indonesia', 'Sequi esse exercitationem alias beatae nostrum quia totam voluptatum voluptas alias ad culpa consectetur numquam.', 'Dikirim', '2025-02-20 12:07:10');
INSERT IGNORE INTO Pesanan (id_pesanan, id_pembeli, id_alamat_pembeli, metode_pembayaran, metode_pengiriman, catatan, status_pesanan, waktu_pemesanan) VALUES (31, 15, 30, 'Transfer Bank BCA', 'JNE REG', 'Iusto reprehenderit nihil reiciendis nulla fugiat tempora.', 'Menunggu Pembayaran', '2025-05-19 12:23:10');
INSERT IGNORE INTO Pesanan (id_pesanan, id_pembeli, id_alamat_pembeli, metode_pembayaran, metode_pengiriman, catatan, status_pesanan, waktu_pemesanan) VALUES (32, 41, 82, 'Indomaret', 'Sicepat BEST', NULL, 'Dikirim', '2025-05-21 03:18:10');
INSERT IGNORE INTO Pesanan (id_pesanan, id_pembeli, id_alamat_pembeli, metode_pembayaran, metode_pengiriman, catatan, status_pesanan, waktu_pemesanan) VALUES (33, 8, 17, 'Transfer Bank Mandiri', 'JNE YES', NULL, 'Pengembalian Dana', '2025-04-09 18:03:10');
INSERT IGNORE INTO Pesanan (id_pesanan, id_pembeli, id_alamat_pembeli, metode_pembayaran, metode_pengiriman, catatan, status_pesanan, waktu_pemesanan) VALUES (34, 7, 16, 'Virtual Account BNI', 'JNE YES', NULL, 'Selesai', '2025-02-27 04:42:10');
INSERT IGNORE INTO Pesanan (id_pesanan, id_pembeli, id_alamat_pembeli, metode_pembayaran, metode_pengiriman, catatan, status_pesanan, waktu_pemesanan) VALUES (35, 10, 21, 'Virtual Account BNI', 'POS Indonesia', 'Dolores ipsam possimus quod ea ullam quaerat optio tempore perferendis exercitationem in deserunt.', 'Diproses', '2025-01-22 21:47:10');
INSERT IGNORE INTO Pesanan (id_pesanan, id_pembeli, id_alamat_pembeli, metode_pembayaran, metode_pengiriman, catatan, status_pesanan, waktu_pemesanan) VALUES (36, 6, 14, 'Kartu Kredit Visa', 'POS Indonesia', 'Deserunt officiis dicta accusamus consectetur nihil debitis veritatis natus inventore tempora necessitatibus nihil pariatur occaecati aperiam.', 'Dibatalkan', '2025-01-20 03:31:10');
INSERT IGNORE INTO Pesanan (id_pesanan, id_pembeli, id_alamat_pembeli, metode_pembayaran, metode_pengiriman, catatan, status_pesanan, waktu_pemesanan) VALUES (37, 57, 115, 'COD', 'POS Indonesia', NULL, 'Dikirim', '2025-04-21 05:35:10');
INSERT IGNORE INTO Pesanan (id_pesanan, id_pembeli, id_alamat_pembeli, metode_pembayaran, metode_pengiriman, catatan, status_pesanan, waktu_pemesanan) VALUES (38, 43, 86, 'Virtual Account BNI', 'Anteraja Regular', NULL, 'Dikirim', '2025-05-28 02:20:10');
INSERT IGNORE INTO Pesanan (id_pesanan, id_pembeli, id_alamat_pembeli, metode_pembayaran, metode_pengiriman, catatan, status_pesanan, waktu_pemesanan) VALUES (39, 49, 97, 'Kartu Kredit Mastercard', 'Gojek Instant', 'Rem aut quasi expedita nisi provident accusantium fuga eum reprehenderit quas eos ut accusamus molestiae ratione id voluptas.', 'Dibatalkan', '2025-01-14 21:07:10');
INSERT IGNORE INTO Pesanan (id_pesanan, id_pembeli, id_alamat_pembeli, metode_pembayaran, metode_pengiriman, catatan, status_pesanan, waktu_pemesanan) VALUES (40, 60, 122, 'Indomaret', 'JNE Trucking', NULL, 'Menunggu Pembayaran', '2025-02-17 08:05:10');
INSERT IGNORE INTO Pesanan (id_pesanan, id_pembeli, id_alamat_pembeli, metode_pembayaran, metode_pengiriman, catatan, status_pesanan, waktu_pemesanan) VALUES (41, 21, 45, 'OVO', 'Ninja Xpress', 'Cum voluptate atque dignissimos minus blanditiis doloribus.', 'Dikirim', '2025-02-24 01:48:10');
INSERT IGNORE INTO Pesanan (id_pesanan, id_pembeli, id_alamat_pembeli, metode_pembayaran, metode_pengiriman, catatan, status_pesanan, waktu_pemesanan) VALUES (42, 54, 106, 'Indomaret', 'Gojek Instant', NULL, 'Pending', '2024-12-25 08:26:10');
INSERT IGNORE INTO Pesanan (id_pesanan, id_pembeli, id_alamat_pembeli, metode_pembayaran, metode_pengiriman, catatan, status_pesanan, waktu_pemesanan) VALUES (43, 1, 1, 'Transfer Bank Mandiri', 'JNE Trucking', NULL, 'Menunggu Pembayaran', '2024-12-17 02:00:10');
INSERT IGNORE INTO Pesanan (id_pesanan, id_pembeli, id_alamat_pembeli, metode_pembayaran, metode_pengiriman, catatan, status_pesanan, waktu_pemesanan) VALUES (44, 31, 63, 'Dana', 'Ninja Xpress', NULL, 'Pengembalian Dana', '2025-01-11 21:47:10');
INSERT IGNORE INTO Pesanan (id_pesanan, id_pembeli, id_alamat_pembeli, metode_pembayaran, metode_pengiriman, catatan, status_pesanan, waktu_pemesanan) VALUES (45, 43, 87, 'GoPay', 'Sicepat BEST', 'Labore sequi earum adipisci dolores nulla qui accusamus molestias.', 'Pending', '2025-01-06 19:59:10');
INSERT IGNORE INTO Pesanan (id_pesanan, id_pembeli, id_alamat_pembeli, metode_pembayaran, metode_pengiriman, catatan, status_pesanan, waktu_pemesanan) VALUES (46, 44, 88, 'Kartu Kredit Visa', 'Sicepat HALU', 'Totam deserunt culpa delectus corrupti dolor.', 'Diproses', '2025-01-24 09:22:10');
INSERT IGNORE INTO Pesanan (id_pesanan, id_pembeli, id_alamat_pembeli, metode_pembayaran, metode_pengiriman, catatan, status_pesanan, waktu_pemesanan) VALUES (47, 14, 29, 'Indomaret', 'Sicepat BEST', NULL, 'Selesai', '2025-03-24 08:47:10');
INSERT IGNORE INTO Pesanan (id_pesanan, id_pembeli, id_alamat_pembeli, metode_pembayaran, metode_pengiriman, catatan, status_pesanan, waktu_pemesanan) VALUES (48, 2, 5, 'Dana', 'Gojek Instant', 'Placeat reiciendis laboriosam hic amet veniam nulla quo perspiciatis eos quisquam aspernatur omnis beatae modi.', 'Dibatalkan', '2024-12-14 09:37:10');
INSERT IGNORE INTO Pesanan (id_pesanan, id_pembeli, id_alamat_pembeli, metode_pembayaran, metode_pengiriman, catatan, status_pesanan, waktu_pemesanan) VALUES (49, 45, 90, 'Alfamart', 'J&T Express', 'Maxime dicta consequuntur.', 'Dibatalkan', '2025-05-29 01:49:10');
INSERT IGNORE INTO Pesanan (id_pesanan, id_pembeli, id_alamat_pembeli, metode_pembayaran, metode_pengiriman, catatan, status_pesanan, waktu_pemesanan) VALUES (50, 1, 2, 'OVO', 'Anteraja Regular', NULL, 'Dikirim', '2025-05-18 05:05:10');
INSERT IGNORE INTO Pesanan (id_pesanan, id_pembeli, id_alamat_pembeli, metode_pembayaran, metode_pengiriman, catatan, status_pesanan, waktu_pemesanan) VALUES (51, 39, 75, 'Indomaret', 'JNE YES', 'Necessitatibus eligendi at iste provident optio libero nihil debitis molestiae nulla.', 'Diproses', '2025-03-24 17:54:10');
INSERT IGNORE INTO Pesanan (id_pesanan, id_pembeli, id_alamat_pembeli, metode_pembayaran, metode_pengiriman, catatan, status_pesanan, waktu_pemesanan) VALUES (52, 18, 38, 'Transfer Bank Mandiri', 'Anteraja Regular', 'Quas veritatis similique vero assumenda eveniet sunt reprehenderit eligendi at mollitia deserunt magnam vero explicabo.', 'Pengembalian Dana', '2025-04-09 06:03:10');
INSERT IGNORE INTO Pesanan (id_pesanan, id_pembeli, id_alamat_pembeli, metode_pembayaran, metode_pengiriman, catatan, status_pesanan, waktu_pemesanan) VALUES (53, 50, 98, 'Virtual Account BNI', 'Sicepat Gokil', 'Harum aspernatur minus iusto quibusdam magnam porro beatae saepe quae.', 'Dikirim', '2025-03-10 19:04:10');
INSERT IGNORE INTO Pesanan (id_pesanan, id_pembeli, id_alamat_pembeli, metode_pembayaran, metode_pengiriman, catatan, status_pesanan, waktu_pemesanan) VALUES (54, 18, 36, 'Transfer Bank BCA', 'JNE Trucking', NULL, 'Diproses', '2025-04-23 09:02:10');
INSERT IGNORE INTO Pesanan (id_pesanan, id_pembeli, id_alamat_pembeli, metode_pembayaran, metode_pengiriman, catatan, status_pesanan, waktu_pemesanan) VALUES (55, 35, 70, 'Kartu Kredit Visa', 'Anteraja Regular', 'Itaque fugiat nam at.', 'Pengembalian Dana', '2024-12-22 04:39:10');
INSERT IGNORE INTO Pesanan (id_pesanan, id_pembeli, id_alamat_pembeli, metode_pembayaran, metode_pengiriman, catatan, status_pesanan, waktu_pemesanan) VALUES (56, 30, 62, 'ShopeePay', 'Sicepat BEST', NULL, 'Dikirim', '2025-05-31 03:55:10');
INSERT IGNORE INTO Pesanan (id_pesanan, id_pembeli, id_alamat_pembeli, metode_pembayaran, metode_pengiriman, catatan, status_pesanan, waktu_pemesanan) VALUES (57, 12, 24, 'COD', 'POS Indonesia', NULL, 'Diproses', '2025-04-26 08:48:10');
INSERT IGNORE INTO Pesanan (id_pesanan, id_pembeli, id_alamat_pembeli, metode_pembayaran, metode_pengiriman, catatan, status_pesanan, waktu_pemesanan) VALUES (58, 10, 19, 'Virtual Account BNI', 'Grab SameDay', NULL, 'Dibatalkan', '2025-02-02 00:27:10');
INSERT IGNORE INTO Pesanan (id_pesanan, id_pembeli, id_alamat_pembeli, metode_pembayaran, metode_pengiriman, catatan, status_pesanan, waktu_pemesanan) VALUES (59, 16, 34, 'OVO', 'Sicepat HALU', NULL, 'Pending', '2025-01-17 02:46:10');
INSERT IGNORE INTO Pesanan (id_pesanan, id_pembeli, id_alamat_pembeli, metode_pembayaran, metode_pengiriman, catatan, status_pesanan, waktu_pemesanan) VALUES (60, 37, 72, 'Kartu Kredit Mastercard', 'POS Indonesia', 'Minima iste omnis fuga.', 'Diproses', '2025-05-09 20:24:10');
INSERT IGNORE INTO Pesanan (id_pesanan, id_pembeli, id_alamat_pembeli, metode_pembayaran, metode_pengiriman, catatan, status_pesanan, waktu_pemesanan) VALUES (61, 32, 65, 'Transfer Bank BCA', 'POS Indonesia', NULL, 'Dibatalkan', '2025-04-17 00:03:10');
INSERT IGNORE INTO Pesanan (id_pesanan, id_pembeli, id_alamat_pembeli, metode_pembayaran, metode_pengiriman, catatan, status_pesanan, waktu_pemesanan) VALUES (62, 52, 103, 'Indomaret', 'Grab SameDay', 'Porro sunt iusto nesciunt voluptate.', 'Dikirim', '2025-01-23 16:52:10');
INSERT IGNORE INTO Pesanan (id_pesanan, id_pembeli, id_alamat_pembeli, metode_pembayaran, metode_pengiriman, catatan, status_pesanan, waktu_pemesanan) VALUES (63, 5, 12, 'Kartu Kredit Visa', 'Anteraja Regular', NULL, 'Pending', '2025-03-15 17:34:10');
INSERT IGNORE INTO Pesanan (id_pesanan, id_pembeli, id_alamat_pembeli, metode_pembayaran, metode_pengiriman, catatan, status_pesanan, waktu_pemesanan) VALUES (64, 12, 24, 'GoPay', 'Grab SameDay', 'Quia distinctio magnam culpa aspernatur consequatur veritatis.', 'Dikirim', '2024-12-23 13:06:10');
INSERT IGNORE INTO Pesanan (id_pesanan, id_pembeli, id_alamat_pembeli, metode_pembayaran, metode_pengiriman, catatan, status_pesanan, waktu_pemesanan) VALUES (65, 7, 16, 'Indomaret', 'Ninja Xpress', 'Ipsa nulla debitis velit necessitatibus aut.', 'Pending', '2025-03-31 16:39:10');
INSERT IGNORE INTO Pesanan (id_pesanan, id_pembeli, id_alamat_pembeli, metode_pembayaran, metode_pengiriman, catatan, status_pesanan, waktu_pemesanan) VALUES (66, 26, 55, 'OVO', 'JNE YES', NULL, 'Diproses', '2024-12-13 12:04:10');
INSERT IGNORE INTO Pesanan (id_pesanan, id_pembeli, id_alamat_pembeli, metode_pembayaran, metode_pengiriman, catatan, status_pesanan, waktu_pemesanan) VALUES (67, 7, 16, 'Indomaret', 'Grab SameDay', NULL, 'Dibatalkan', '2025-02-09 03:34:10');
INSERT IGNORE INTO Pesanan (id_pesanan, id_pembeli, id_alamat_pembeli, metode_pembayaran, metode_pengiriman, catatan, status_pesanan, waktu_pemesanan) VALUES (68, 35, 70, 'OVO', 'Sicepat HALU', NULL, 'Pengembalian Dana', '2025-05-17 15:01:10');
INSERT IGNORE INTO Pesanan (id_pesanan, id_pembeli, id_alamat_pembeli, metode_pembayaran, metode_pengiriman, catatan, status_pesanan, waktu_pemesanan) VALUES (69, 8, 17, 'Virtual Account BNI', 'JNE REG', NULL, 'Selesai', '2025-03-16 06:20:10');
INSERT IGNORE INTO Pesanan (id_pesanan, id_pembeli, id_alamat_pembeli, metode_pembayaran, metode_pengiriman, catatan, status_pesanan, waktu_pemesanan) VALUES (70, 14, 28, 'Transfer Bank Mandiri', 'Sicepat BEST', 'Iusto reprehenderit nemo voluptas sit dignissimos ad excepturi.', 'Dikirim', '2025-01-11 23:01:10');
INSERT IGNORE INTO Pesanan (id_pesanan, id_pembeli, id_alamat_pembeli, metode_pembayaran, metode_pengiriman, catatan, status_pesanan, waktu_pemesanan) VALUES (71, 29, 61, 'Dana', 'Grab SameDay', NULL, 'Menunggu Pembayaran', '2025-03-29 12:12:10');
INSERT IGNORE INTO Pesanan (id_pesanan, id_pembeli, id_alamat_pembeli, metode_pembayaran, metode_pengiriman, catatan, status_pesanan, waktu_pemesanan) VALUES (72, 44, 88, 'Virtual Account BNI', 'Grab SameDay', 'Aspernatur consectetur quia eos voluptates.', 'Dikirim', '2025-01-30 09:33:10');
INSERT IGNORE INTO Pesanan (id_pesanan, id_pembeli, id_alamat_pembeli, metode_pembayaran, metode_pengiriman, catatan, status_pesanan, waktu_pemesanan) VALUES (73, 5, 11, 'Virtual Account BNI', 'JNE YES', NULL, 'Diproses', '2025-05-20 22:33:10');
INSERT IGNORE INTO Pesanan (id_pesanan, id_pembeli, id_alamat_pembeli, metode_pembayaran, metode_pengiriman, catatan, status_pesanan, waktu_pemesanan) VALUES (74, 40, 79, 'Transfer Bank Mandiri', 'Gojek Instant', 'Eos natus quae corrupti exercitationem impedit tempora.', 'Selesai', '2024-12-04 12:56:10');
INSERT IGNORE INTO Pesanan (id_pesanan, id_pembeli, id_alamat_pembeli, metode_pembayaran, metode_pengiriman, catatan, status_pesanan, waktu_pemesanan) VALUES (75, 3, 7, 'COD', 'Sicepat BEST', NULL, 'Pending', '2025-05-12 20:28:10');
INSERT IGNORE INTO Pesanan (id_pesanan, id_pembeli, id_alamat_pembeli, metode_pembayaran, metode_pengiriman, catatan, status_pesanan, waktu_pemesanan) VALUES (76, 18, 38, 'Indomaret', 'POS Indonesia', 'Porro labore accusantium error.', 'Dikirim', '2025-04-16 13:56:10');
INSERT IGNORE INTO Pesanan (id_pesanan, id_pembeli, id_alamat_pembeli, metode_pembayaran, metode_pengiriman, catatan, status_pesanan, waktu_pemesanan) VALUES (77, 39, 76, 'Dana', 'JNE YES', 'Nam atque impedit perferendis cum deserunt et fuga quidem repudiandae numquam perferendis similique impedit nulla hic quidem.', 'Dibatalkan', '2025-03-09 05:50:10');
INSERT IGNORE INTO Pesanan (id_pesanan, id_pembeli, id_alamat_pembeli, metode_pembayaran, metode_pengiriman, catatan, status_pesanan, waktu_pemesanan) VALUES (78, 53, 105, 'Kartu Kredit Visa', 'POS Indonesia', 'Neque minus dolore error labore atque.', 'Menunggu Pembayaran', '2025-04-07 02:41:10');
INSERT IGNORE INTO Pesanan (id_pesanan, id_pembeli, id_alamat_pembeli, metode_pembayaran, metode_pengiriman, catatan, status_pesanan, waktu_pemesanan) VALUES (79, 52, 103, 'Virtual Account BNI', 'JNE REG', NULL, 'Pengembalian Dana', '2025-04-13 03:29:10');
INSERT IGNORE INTO Pesanan (id_pesanan, id_pembeli, id_alamat_pembeli, metode_pembayaran, metode_pengiriman, catatan, status_pesanan, waktu_pemesanan) VALUES (80, 3, 8, 'Virtual Account BNI', 'Sicepat Gokil', NULL, 'Diproses', '2025-05-23 04:20:10');
INSERT IGNORE INTO Pesanan (id_pesanan, id_pembeli, id_alamat_pembeli, metode_pembayaran, metode_pengiriman, catatan, status_pesanan, waktu_pemesanan) VALUES (81, 16, 33, 'ShopeePay', 'Anteraja Regular', 'Id in ipsum corporis dicta dignissimos quasi iure assumenda eligendi dolores magnam sint earum sint possimus occaecati sed optio.', 'Selesai', '2025-01-04 01:08:10');
INSERT IGNORE INTO Pesanan (id_pesanan, id_pembeli, id_alamat_pembeli, metode_pembayaran, metode_pengiriman, catatan, status_pesanan, waktu_pemesanan) VALUES (82, 29, 60, 'Alfamart', 'Anteraja Regular', 'Nulla porro iure.', 'Diproses', '2024-12-08 06:57:10');
INSERT IGNORE INTO Pesanan (id_pesanan, id_pembeli, id_alamat_pembeli, metode_pembayaran, metode_pengiriman, catatan, status_pesanan, waktu_pemesanan) VALUES (83, 37, 72, 'Dana', 'Anteraja Regular', NULL, 'Diproses', '2025-01-29 19:01:10');
INSERT IGNORE INTO Pesanan (id_pesanan, id_pembeli, id_alamat_pembeli, metode_pembayaran, metode_pengiriman, catatan, status_pesanan, waktu_pemesanan) VALUES (84, 8, 17, 'Alfamart', 'Anteraja Regular', 'Ipsum eligendi perspiciatis quos neque dolore ex non voluptatum incidunt voluptas voluptatem consequuntur laboriosam.', 'Selesai', '2025-02-19 04:34:10');
INSERT IGNORE INTO Pesanan (id_pesanan, id_pembeli, id_alamat_pembeli, metode_pembayaran, metode_pengiriman, catatan, status_pesanan, waktu_pemesanan) VALUES (85, 24, 52, 'Virtual Account BNI', 'JNE REG', 'Eius quae voluptatum qui tenetur dolor mollitia.', 'Selesai', '2025-02-23 15:11:10');
INSERT IGNORE INTO Pesanan (id_pesanan, id_pembeli, id_alamat_pembeli, metode_pembayaran, metode_pengiriman, catatan, status_pesanan, waktu_pemesanan) VALUES (86, 26, 54, 'GoPay', 'Ninja Xpress', NULL, 'Pengembalian Dana', '2025-01-12 05:33:10');
INSERT IGNORE INTO Pesanan (id_pesanan, id_pembeli, id_alamat_pembeli, metode_pembayaran, metode_pengiriman, catatan, status_pesanan, waktu_pemesanan) VALUES (87, 26, 54, 'Indomaret', 'Anteraja Regular', 'Omnis laboriosam sapiente ducimus ab aperiam iusto.', 'Menunggu Pembayaran', '2025-01-04 06:10:10');
INSERT IGNORE INTO Pesanan (id_pesanan, id_pembeli, id_alamat_pembeli, metode_pembayaran, metode_pengiriman, catatan, status_pesanan, waktu_pemesanan) VALUES (88, 11, 22, 'Transfer Bank BCA', 'Sicepat HALU', 'Magni voluptatem est perspiciatis illum minima distinctio ut.', 'Pengembalian Dana', '2025-05-10 08:04:10');
INSERT IGNORE INTO Pesanan (id_pesanan, id_pembeli, id_alamat_pembeli, metode_pembayaran, metode_pengiriman, catatan, status_pesanan, waktu_pemesanan) VALUES (89, 11, 22, 'Kartu Kredit Visa', 'Ninja Xpress', NULL, 'Menunggu Pembayaran', '2025-05-01 16:59:10');
INSERT IGNORE INTO Pesanan (id_pesanan, id_pembeli, id_alamat_pembeli, metode_pembayaran, metode_pengiriman, catatan, status_pesanan, waktu_pemesanan) VALUES (90, 58, 117, 'Kartu Kredit Mastercard', 'Anteraja Regular', 'Eligendi fugiat possimus modi dolorem illo eveniet alias dolorum.', 'Diproses', '2025-01-11 07:37:10');
INSERT IGNORE INTO Pesanan (id_pesanan, id_pembeli, id_alamat_pembeli, metode_pembayaran, metode_pengiriman, catatan, status_pesanan, waktu_pemesanan) VALUES (91, 57, 114, 'Virtual Account BNI', 'Ninja Xpress', 'Amet rem placeat magni hic.', 'Dibatalkan', '2025-04-04 10:52:10');
INSERT IGNORE INTO Pesanan (id_pesanan, id_pembeli, id_alamat_pembeli, metode_pembayaran, metode_pengiriman, catatan, status_pesanan, waktu_pemesanan) VALUES (92, 33, 66, 'Kartu Kredit Visa', 'Sicepat HALU', NULL, 'Pending', '2024-12-09 23:12:10');
INSERT IGNORE INTO Pesanan (id_pesanan, id_pembeli, id_alamat_pembeli, metode_pembayaran, metode_pengiriman, catatan, status_pesanan, waktu_pemesanan) VALUES (93, 10, 20, 'Kartu Kredit Mastercard', 'Ninja Xpress', 'Vero nihil hic dolore harum.', 'Dikirim', '2025-05-07 00:13:10');
INSERT IGNORE INTO Pesanan (id_pesanan, id_pembeli, id_alamat_pembeli, metode_pembayaran, metode_pengiriman, catatan, status_pesanan, waktu_pemesanan) VALUES (94, 22, 48, 'Transfer Bank Mandiri', 'Ninja Xpress', 'Libero voluptatum veritatis pariatur quod veniam molestias illo repellendus modi earum temporibus.', 'Selesai', '2024-12-05 08:56:10');
INSERT IGNORE INTO Pesanan (id_pesanan, id_pembeli, id_alamat_pembeli, metode_pembayaran, metode_pengiriman, catatan, status_pesanan, waktu_pemesanan) VALUES (95, 22, 46, 'Indomaret', 'J&T Express', NULL, 'Dikirim', '2025-02-04 01:55:10');
INSERT IGNORE INTO Pesanan (id_pesanan, id_pembeli, id_alamat_pembeli, metode_pembayaran, metode_pengiriman, catatan, status_pesanan, waktu_pemesanan) VALUES (96, 33, 66, 'ShopeePay', 'Gojek Instant', 'Molestias ad labore.', 'Dibatalkan', '2025-04-02 20:07:10');
INSERT IGNORE INTO Pesanan (id_pesanan, id_pembeli, id_alamat_pembeli, metode_pembayaran, metode_pengiriman, catatan, status_pesanan, waktu_pemesanan) VALUES (97, 17, 35, 'Kartu Kredit Mastercard', 'Gojek Instant', 'Iusto ab vel nisi est incidunt molestiae magni earum.', 'Dikirim', '2025-01-31 20:46:10');
INSERT IGNORE INTO Pesanan (id_pesanan, id_pembeli, id_alamat_pembeli, metode_pembayaran, metode_pengiriman, catatan, status_pesanan, waktu_pemesanan) VALUES (98, 25, 53, 'GoPay', 'Anteraja Regular', 'Vero vero voluptate occaecati praesentium impedit repudiandae soluta rem numquam officia fugiat facilis cupiditate beatae officiis.', 'Pengembalian Dana', '2025-01-10 08:27:10');
INSERT IGNORE INTO Pesanan (id_pesanan, id_pembeli, id_alamat_pembeli, metode_pembayaran, metode_pengiriman, catatan, status_pesanan, waktu_pemesanan) VALUES (99, 54, 106, 'Transfer Bank Mandiri', 'Grab SameDay', NULL, 'Selesai', '2025-02-19 15:38:10');
INSERT IGNORE INTO Pesanan (id_pesanan, id_pembeli, id_alamat_pembeli, metode_pembayaran, metode_pengiriman, catatan, status_pesanan, waktu_pemesanan) VALUES (100, 25, 53, 'Indomaret', 'Ninja Xpress', NULL, 'Diproses', '2024-12-18 03:25:10');

-- BarangPesanan
INSERT IGNORE INTO BarangPesanan (id_pesanan, sku, kuantitas) VALUES (1, 'SKU000147', 1);
INSERT IGNORE INTO BarangPesanan (id_pesanan, sku, kuantitas) VALUES (1, 'SKU000109', 1);
INSERT IGNORE INTO BarangPesanan (id_pesanan, sku, kuantitas) VALUES (1, 'SKU000039', 1);
INSERT IGNORE INTO BarangPesanan (id_pesanan, sku, kuantitas) VALUES (1, 'SKU000118', 2);
INSERT IGNORE INTO BarangPesanan (id_pesanan, sku, kuantitas) VALUES (2, 'SKU000014', 1);
INSERT IGNORE INTO BarangPesanan (id_pesanan, sku, kuantitas) VALUES (3, 'SKU000149', 2);
INSERT IGNORE INTO BarangPesanan (id_pesanan, sku, kuantitas) VALUES (4, 'SKU000149', 2);
INSERT IGNORE INTO BarangPesanan (id_pesanan, sku, kuantitas) VALUES (4, 'SKU000178', 1);
INSERT IGNORE INTO BarangPesanan (id_pesanan, sku, kuantitas) VALUES (4, 'SKU000144', 2);
INSERT IGNORE INTO BarangPesanan (id_pesanan, sku, kuantitas) VALUES (5, 'SKU000121', 1);
INSERT IGNORE INTO BarangPesanan (id_pesanan, sku, kuantitas) VALUES (5, 'SKU000080', 1);
INSERT IGNORE INTO BarangPesanan (id_pesanan, sku, kuantitas) VALUES (6, 'SKU000076', 1);
INSERT IGNORE INTO BarangPesanan (id_pesanan, sku, kuantitas) VALUES (7, 'SKU000150', 2);
INSERT IGNORE INTO BarangPesanan (id_pesanan, sku, kuantitas) VALUES (7, 'SKU000093', 1);
INSERT IGNORE INTO BarangPesanan (id_pesanan, sku, kuantitas) VALUES (7, 'SKU000086', 1);
INSERT IGNORE INTO BarangPesanan (id_pesanan, sku, kuantitas) VALUES (7, 'SKU000175', 2);
INSERT IGNORE INTO BarangPesanan (id_pesanan, sku, kuantitas) VALUES (8, 'SKU000023', 2);
INSERT IGNORE INTO BarangPesanan (id_pesanan, sku, kuantitas) VALUES (9, 'SKU000030', 2);
INSERT IGNORE INTO BarangPesanan (id_pesanan, sku, kuantitas) VALUES (9, 'SKU000025', 1);
INSERT IGNORE INTO BarangPesanan (id_pesanan, sku, kuantitas) VALUES (9, 'SKU000144', 1);
INSERT IGNORE INTO BarangPesanan (id_pesanan, sku, kuantitas) VALUES (9, 'SKU000092', 2);
INSERT IGNORE INTO BarangPesanan (id_pesanan, sku, kuantitas) VALUES (10, 'SKU000071', 1);
INSERT IGNORE INTO BarangPesanan (id_pesanan, sku, kuantitas) VALUES (10, 'SKU000098', 1);
INSERT IGNORE INTO BarangPesanan (id_pesanan, sku, kuantitas) VALUES (10, 'SKU000053', 2);
INSERT IGNORE INTO BarangPesanan (id_pesanan, sku, kuantitas) VALUES (10, 'SKU000172', 2);
INSERT IGNORE INTO BarangPesanan (id_pesanan, sku, kuantitas) VALUES (11, 'SKU000104', 2);
INSERT IGNORE INTO BarangPesanan (id_pesanan, sku, kuantitas) VALUES (11, 'SKU000056', 2);
INSERT IGNORE INTO BarangPesanan (id_pesanan, sku, kuantitas) VALUES (11, 'SKU000186', 1);
INSERT IGNORE INTO BarangPesanan (id_pesanan, sku, kuantitas) VALUES (11, 'SKU000147', 2);
INSERT IGNORE INTO BarangPesanan (id_pesanan, sku, kuantitas) VALUES (12, 'SKU000121', 1);
INSERT IGNORE INTO BarangPesanan (id_pesanan, sku, kuantitas) VALUES (12, 'SKU000053', 1);
INSERT IGNORE INTO BarangPesanan (id_pesanan, sku, kuantitas) VALUES (12, 'SKU000089', 2);
INSERT IGNORE INTO BarangPesanan (id_pesanan, sku, kuantitas) VALUES (13, 'SKU000105', 1);
INSERT IGNORE INTO BarangPesanan (id_pesanan, sku, kuantitas) VALUES (13, 'SKU000035', 2);
INSERT IGNORE INTO BarangPesanan (id_pesanan, sku, kuantitas) VALUES (13, 'SKU000087', 2);
INSERT IGNORE INTO BarangPesanan (id_pesanan, sku, kuantitas) VALUES (13, 'SKU000138', 2);
INSERT IGNORE INTO BarangPesanan (id_pesanan, sku, kuantitas) VALUES (14, 'SKU000143', 2);
INSERT IGNORE INTO BarangPesanan (id_pesanan, sku, kuantitas) VALUES (14, 'SKU000036', 1);
INSERT IGNORE INTO BarangPesanan (id_pesanan, sku, kuantitas) VALUES (14, 'SKU000045', 2);
INSERT IGNORE INTO BarangPesanan (id_pesanan, sku, kuantitas) VALUES (14, 'SKU000074', 2);
INSERT IGNORE INTO BarangPesanan (id_pesanan, sku, kuantitas) VALUES (15, 'SKU000137', 2);
INSERT IGNORE INTO BarangPesanan (id_pesanan, sku, kuantitas) VALUES (16, 'SKU000134', 2);
INSERT IGNORE INTO BarangPesanan (id_pesanan, sku, kuantitas) VALUES (16, 'SKU000058', 1);
INSERT IGNORE INTO BarangPesanan (id_pesanan, sku, kuantitas) VALUES (16, 'SKU000031', 2);
INSERT IGNORE INTO BarangPesanan (id_pesanan, sku, kuantitas) VALUES (16, 'SKU000189', 1);
INSERT IGNORE INTO BarangPesanan (id_pesanan, sku, kuantitas) VALUES (17, 'SKU000126', 2);
INSERT IGNORE INTO BarangPesanan (id_pesanan, sku, kuantitas) VALUES (17, 'SKU000108', 1);
INSERT IGNORE INTO BarangPesanan (id_pesanan, sku, kuantitas) VALUES (17, 'SKU000114', 2);
INSERT IGNORE INTO BarangPesanan (id_pesanan, sku, kuantitas) VALUES (18, 'SKU000064', 1);
INSERT IGNORE INTO BarangPesanan (id_pesanan, sku, kuantitas) VALUES (18, 'SKU000110', 1);
INSERT IGNORE INTO BarangPesanan (id_pesanan, sku, kuantitas) VALUES (19, 'SKU000049', 1);
INSERT IGNORE INTO BarangPesanan (id_pesanan, sku, kuantitas) VALUES (19, 'SKU000146', 2);
INSERT IGNORE INTO BarangPesanan (id_pesanan, sku, kuantitas) VALUES (20, 'SKU000054', 2);
INSERT IGNORE INTO BarangPesanan (id_pesanan, sku, kuantitas) VALUES (20, 'SKU000023', 2);
INSERT IGNORE INTO BarangPesanan (id_pesanan, sku, kuantitas) VALUES (20, 'SKU000111', 1);
INSERT IGNORE INTO BarangPesanan (id_pesanan, sku, kuantitas) VALUES (21, 'SKU000141', 2);
INSERT IGNORE INTO BarangPesanan (id_pesanan, sku, kuantitas) VALUES (22, 'SKU000030', 1);
INSERT IGNORE INTO BarangPesanan (id_pesanan, sku, kuantitas) VALUES (23, 'SKU000182', 2);
INSERT IGNORE INTO BarangPesanan (id_pesanan, sku, kuantitas) VALUES (24, 'SKU000042', 2);
INSERT IGNORE INTO BarangPesanan (id_pesanan, sku, kuantitas) VALUES (24, 'SKU000052', 2);
INSERT IGNORE INTO BarangPesanan (id_pesanan, sku, kuantitas) VALUES (25, 'SKU000014', 2);
INSERT IGNORE INTO BarangPesanan (id_pesanan, sku, kuantitas) VALUES (25, 'SKU000128', 2);
INSERT IGNORE INTO BarangPesanan (id_pesanan, sku, kuantitas) VALUES (25, 'SKU000053', 1);
INSERT IGNORE INTO BarangPesanan (id_pesanan, sku, kuantitas) VALUES (26, 'SKU000181', 2);
INSERT IGNORE INTO BarangPesanan (id_pesanan, sku, kuantitas) VALUES (27, 'SKU000188', 1);
INSERT IGNORE INTO BarangPesanan (id_pesanan, sku, kuantitas) VALUES (27, 'SKU000186', 2);
INSERT IGNORE INTO BarangPesanan (id_pesanan, sku, kuantitas) VALUES (27, 'SKU000072', 1);
INSERT IGNORE INTO BarangPesanan (id_pesanan, sku, kuantitas) VALUES (28, 'SKU000067', 2);
INSERT IGNORE INTO BarangPesanan (id_pesanan, sku, kuantitas) VALUES (28, 'SKU000171', 2);
INSERT IGNORE INTO BarangPesanan (id_pesanan, sku, kuantitas) VALUES (29, 'SKU000053', 1);
INSERT IGNORE INTO BarangPesanan (id_pesanan, sku, kuantitas) VALUES (29, 'SKU000096', 1);
INSERT IGNORE INTO BarangPesanan (id_pesanan, sku, kuantitas) VALUES (29, 'SKU000107', 1);
INSERT IGNORE INTO BarangPesanan (id_pesanan, sku, kuantitas) VALUES (29, 'SKU000165', 2);
INSERT IGNORE INTO BarangPesanan (id_pesanan, sku, kuantitas) VALUES (30, 'SKU000030', 2);
INSERT IGNORE INTO BarangPesanan (id_pesanan, sku, kuantitas) VALUES (31, 'SKU000171', 1);
INSERT IGNORE INTO BarangPesanan (id_pesanan, sku, kuantitas) VALUES (32, 'SKU000100', 2);
INSERT IGNORE INTO BarangPesanan (id_pesanan, sku, kuantitas) VALUES (32, 'SKU000055', 1);
INSERT IGNORE INTO BarangPesanan (id_pesanan, sku, kuantitas) VALUES (33, 'SKU000181', 1);
INSERT IGNORE INTO BarangPesanan (id_pesanan, sku, kuantitas) VALUES (33, 'SKU000168', 2);
INSERT IGNORE INTO BarangPesanan (id_pesanan, sku, kuantitas) VALUES (33, 'SKU000110', 2);
INSERT IGNORE INTO BarangPesanan (id_pesanan, sku, kuantitas) VALUES (33, 'SKU000186', 1);
INSERT IGNORE INTO BarangPesanan (id_pesanan, sku, kuantitas) VALUES (34, 'SKU000053', 1);
INSERT IGNORE INTO BarangPesanan (id_pesanan, sku, kuantitas) VALUES (34, 'SKU000134', 1);
INSERT IGNORE INTO BarangPesanan (id_pesanan, sku, kuantitas) VALUES (35, 'SKU000167', 1);
INSERT IGNORE INTO BarangPesanan (id_pesanan, sku, kuantitas) VALUES (35, 'SKU000194', 1);
INSERT IGNORE INTO BarangPesanan (id_pesanan, sku, kuantitas) VALUES (36, 'SKU000174', 2);
INSERT IGNORE INTO BarangPesanan (id_pesanan, sku, kuantitas) VALUES (36, 'SKU000189', 1);
INSERT IGNORE INTO BarangPesanan (id_pesanan, sku, kuantitas) VALUES (36, 'SKU000042', 1);
INSERT IGNORE INTO BarangPesanan (id_pesanan, sku, kuantitas) VALUES (37, 'SKU000140', 2);
INSERT IGNORE INTO BarangPesanan (id_pesanan, sku, kuantitas) VALUES (37, 'SKU000186', 2);
INSERT IGNORE INTO BarangPesanan (id_pesanan, sku, kuantitas) VALUES (37, 'SKU000119', 1);
INSERT IGNORE INTO BarangPesanan (id_pesanan, sku, kuantitas) VALUES (37, 'SKU000031', 2);
INSERT IGNORE INTO BarangPesanan (id_pesanan, sku, kuantitas) VALUES (38, 'SKU000131', 1);
INSERT IGNORE INTO BarangPesanan (id_pesanan, sku, kuantitas) VALUES (38, 'SKU000009', 1);
INSERT IGNORE INTO BarangPesanan (id_pesanan, sku, kuantitas) VALUES (38, 'SKU000130', 2);
INSERT IGNORE INTO BarangPesanan (id_pesanan, sku, kuantitas) VALUES (38, 'SKU000178', 1);
INSERT IGNORE INTO BarangPesanan (id_pesanan, sku, kuantitas) VALUES (39, 'SKU000008', 2);
INSERT IGNORE INTO BarangPesanan (id_pesanan, sku, kuantitas) VALUES (40, 'SKU000173', 1);
INSERT IGNORE INTO BarangPesanan (id_pesanan, sku, kuantitas) VALUES (40, 'SKU000166', 1);
INSERT IGNORE INTO BarangPesanan (id_pesanan, sku, kuantitas) VALUES (40, 'SKU000137', 1);
INSERT IGNORE INTO BarangPesanan (id_pesanan, sku, kuantitas) VALUES (41, 'SKU000147', 2);
INSERT IGNORE INTO BarangPesanan (id_pesanan, sku, kuantitas) VALUES (41, 'SKU000064', 1);
INSERT IGNORE INTO BarangPesanan (id_pesanan, sku, kuantitas) VALUES (41, 'SKU000042', 1);
INSERT IGNORE INTO BarangPesanan (id_pesanan, sku, kuantitas) VALUES (41, 'SKU000155', 2);
INSERT IGNORE INTO BarangPesanan (id_pesanan, sku, kuantitas) VALUES (42, 'SKU000088', 2);
INSERT IGNORE INTO BarangPesanan (id_pesanan, sku, kuantitas) VALUES (42, 'SKU000016', 1);
INSERT IGNORE INTO BarangPesanan (id_pesanan, sku, kuantitas) VALUES (42, 'SKU000013', 2);
INSERT IGNORE INTO BarangPesanan (id_pesanan, sku, kuantitas) VALUES (42, 'SKU000124', 2);
INSERT IGNORE INTO BarangPesanan (id_pesanan, sku, kuantitas) VALUES (43, 'SKU000184', 2);
INSERT IGNORE INTO BarangPesanan (id_pesanan, sku, kuantitas) VALUES (43, 'SKU000128', 2);
INSERT IGNORE INTO BarangPesanan (id_pesanan, sku, kuantitas) VALUES (43, 'SKU000121', 1);
INSERT IGNORE INTO BarangPesanan (id_pesanan, sku, kuantitas) VALUES (43, 'SKU000053', 1);
INSERT IGNORE INTO BarangPesanan (id_pesanan, sku, kuantitas) VALUES (44, 'SKU000003', 1);
INSERT IGNORE INTO BarangPesanan (id_pesanan, sku, kuantitas) VALUES (45, 'SKU000012', 2);
INSERT IGNORE INTO BarangPesanan (id_pesanan, sku, kuantitas) VALUES (46, 'SKU000147', 2);
INSERT IGNORE INTO BarangPesanan (id_pesanan, sku, kuantitas) VALUES (46, 'SKU000037', 2);
INSERT IGNORE INTO BarangPesanan (id_pesanan, sku, kuantitas) VALUES (47, 'SKU000092', 2);
INSERT IGNORE INTO BarangPesanan (id_pesanan, sku, kuantitas) VALUES (48, 'SKU000091', 1);
INSERT IGNORE INTO BarangPesanan (id_pesanan, sku, kuantitas) VALUES (49, 'SKU000192', 1);
INSERT IGNORE INTO BarangPesanan (id_pesanan, sku, kuantitas) VALUES (49, 'SKU000153', 1);
INSERT IGNORE INTO BarangPesanan (id_pesanan, sku, kuantitas) VALUES (50, 'SKU000033', 2);
INSERT IGNORE INTO BarangPesanan (id_pesanan, sku, kuantitas) VALUES (51, 'SKU000107', 1);
INSERT IGNORE INTO BarangPesanan (id_pesanan, sku, kuantitas) VALUES (51, 'SKU000148', 2);
INSERT IGNORE INTO BarangPesanan (id_pesanan, sku, kuantitas) VALUES (52, 'SKU000021', 1);
INSERT IGNORE INTO BarangPesanan (id_pesanan, sku, kuantitas) VALUES (52, 'SKU000100', 2);
INSERT IGNORE INTO BarangPesanan (id_pesanan, sku, kuantitas) VALUES (53, 'SKU000083', 1);
INSERT IGNORE INTO BarangPesanan (id_pesanan, sku, kuantitas) VALUES (53, 'SKU000042', 1);
INSERT IGNORE INTO BarangPesanan (id_pesanan, sku, kuantitas) VALUES (54, 'SKU000042', 2);
INSERT IGNORE INTO BarangPesanan (id_pesanan, sku, kuantitas) VALUES (55, 'SKU000108', 1);
INSERT IGNORE INTO BarangPesanan (id_pesanan, sku, kuantitas) VALUES (55, 'SKU000159', 1);
INSERT IGNORE INTO BarangPesanan (id_pesanan, sku, kuantitas) VALUES (55, 'SKU000120', 2);
INSERT IGNORE INTO BarangPesanan (id_pesanan, sku, kuantitas) VALUES (55, 'SKU000040', 2);
INSERT IGNORE INTO BarangPesanan (id_pesanan, sku, kuantitas) VALUES (56, 'SKU000116', 1);
INSERT IGNORE INTO BarangPesanan (id_pesanan, sku, kuantitas) VALUES (56, 'SKU000157', 2);
INSERT IGNORE INTO BarangPesanan (id_pesanan, sku, kuantitas) VALUES (56, 'SKU000188', 2);
INSERT IGNORE INTO BarangPesanan (id_pesanan, sku, kuantitas) VALUES (57, 'SKU000181', 1);
INSERT IGNORE INTO BarangPesanan (id_pesanan, sku, kuantitas) VALUES (57, 'SKU000115', 1);
INSERT IGNORE INTO BarangPesanan (id_pesanan, sku, kuantitas) VALUES (57, 'SKU000111', 1);
INSERT IGNORE INTO BarangPesanan (id_pesanan, sku, kuantitas) VALUES (58, 'SKU000158', 2);
INSERT IGNORE INTO BarangPesanan (id_pesanan, sku, kuantitas) VALUES (58, 'SKU000047', 2);
INSERT IGNORE INTO BarangPesanan (id_pesanan, sku, kuantitas) VALUES (58, 'SKU000057', 1);
INSERT IGNORE INTO BarangPesanan (id_pesanan, sku, kuantitas) VALUES (58, 'SKU000124', 1);
INSERT IGNORE INTO BarangPesanan (id_pesanan, sku, kuantitas) VALUES (59, 'SKU000019', 1);
INSERT IGNORE INTO BarangPesanan (id_pesanan, sku, kuantitas) VALUES (60, 'SKU000043', 1);
INSERT IGNORE INTO BarangPesanan (id_pesanan, sku, kuantitas) VALUES (61, 'SKU000194', 1);
INSERT IGNORE INTO BarangPesanan (id_pesanan, sku, kuantitas) VALUES (61, 'SKU000183', 1);
INSERT IGNORE INTO BarangPesanan (id_pesanan, sku, kuantitas) VALUES (61, 'SKU000131', 2);
INSERT IGNORE INTO BarangPesanan (id_pesanan, sku, kuantitas) VALUES (62, 'SKU000154', 1);
INSERT IGNORE INTO BarangPesanan (id_pesanan, sku, kuantitas) VALUES (62, 'SKU000109', 2);
INSERT IGNORE INTO BarangPesanan (id_pesanan, sku, kuantitas) VALUES (62, 'SKU000041', 2);
INSERT IGNORE INTO BarangPesanan (id_pesanan, sku, kuantitas) VALUES (63, 'SKU000090', 1);
INSERT IGNORE INTO BarangPesanan (id_pesanan, sku, kuantitas) VALUES (63, 'SKU000139', 1);
INSERT IGNORE INTO BarangPesanan (id_pesanan, sku, kuantitas) VALUES (64, 'SKU000162', 2);
INSERT IGNORE INTO BarangPesanan (id_pesanan, sku, kuantitas) VALUES (64, 'SKU000085', 2);
INSERT IGNORE INTO BarangPesanan (id_pesanan, sku, kuantitas) VALUES (64, 'SKU000049', 1);
INSERT IGNORE INTO BarangPesanan (id_pesanan, sku, kuantitas) VALUES (65, 'SKU000083', 2);
INSERT IGNORE INTO BarangPesanan (id_pesanan, sku, kuantitas) VALUES (65, 'SKU000032', 1);
INSERT IGNORE INTO BarangPesanan (id_pesanan, sku, kuantitas) VALUES (65, 'SKU000020', 2);
INSERT IGNORE INTO BarangPesanan (id_pesanan, sku, kuantitas) VALUES (65, 'SKU000193', 2);
INSERT IGNORE INTO BarangPesanan (id_pesanan, sku, kuantitas) VALUES (66, 'SKU000164', 2);
INSERT IGNORE INTO BarangPesanan (id_pesanan, sku, kuantitas) VALUES (67, 'SKU000187', 1);
INSERT IGNORE INTO BarangPesanan (id_pesanan, sku, kuantitas) VALUES (67, 'SKU000080', 1);
INSERT IGNORE INTO BarangPesanan (id_pesanan, sku, kuantitas) VALUES (67, 'SKU000018', 2);
INSERT IGNORE INTO BarangPesanan (id_pesanan, sku, kuantitas) VALUES (68, 'SKU000130', 2);
INSERT IGNORE INTO BarangPesanan (id_pesanan, sku, kuantitas) VALUES (68, 'SKU000126', 2);
INSERT IGNORE INTO BarangPesanan (id_pesanan, sku, kuantitas) VALUES (69, 'SKU000138', 1);
INSERT IGNORE INTO BarangPesanan (id_pesanan, sku, kuantitas) VALUES (69, 'SKU000121', 1);
INSERT IGNORE INTO BarangPesanan (id_pesanan, sku, kuantitas) VALUES (69, 'SKU000004', 1);
INSERT IGNORE INTO BarangPesanan (id_pesanan, sku, kuantitas) VALUES (70, 'SKU000125', 2);
INSERT IGNORE INTO BarangPesanan (id_pesanan, sku, kuantitas) VALUES (70, 'SKU000015', 2);
INSERT IGNORE INTO BarangPesanan (id_pesanan, sku, kuantitas) VALUES (70, 'SKU000044', 2);
INSERT IGNORE INTO BarangPesanan (id_pesanan, sku, kuantitas) VALUES (70, 'SKU000107', 1);
INSERT IGNORE INTO BarangPesanan (id_pesanan, sku, kuantitas) VALUES (71, 'SKU000064', 2);
INSERT IGNORE INTO BarangPesanan (id_pesanan, sku, kuantitas) VALUES (71, 'SKU000029', 1);
INSERT IGNORE INTO BarangPesanan (id_pesanan, sku, kuantitas) VALUES (72, 'SKU000152', 1);
INSERT IGNORE INTO BarangPesanan (id_pesanan, sku, kuantitas) VALUES (72, 'SKU000136', 1);
INSERT IGNORE INTO BarangPesanan (id_pesanan, sku, kuantitas) VALUES (72, 'SKU000095', 2);
INSERT IGNORE INTO BarangPesanan (id_pesanan, sku, kuantitas) VALUES (73, 'SKU000094', 1);
INSERT IGNORE INTO BarangPesanan (id_pesanan, sku, kuantitas) VALUES (74, 'SKU000086', 2);
INSERT IGNORE INTO BarangPesanan (id_pesanan, sku, kuantitas) VALUES (74, 'SKU000102', 2);
INSERT IGNORE INTO BarangPesanan (id_pesanan, sku, kuantitas) VALUES (75, 'SKU000036', 1);
INSERT IGNORE INTO BarangPesanan (id_pesanan, sku, kuantitas) VALUES (75, 'SKU000022', 2);
INSERT IGNORE INTO BarangPesanan (id_pesanan, sku, kuantitas) VALUES (75, 'SKU000087', 2);
INSERT IGNORE INTO BarangPesanan (id_pesanan, sku, kuantitas) VALUES (75, 'SKU000042', 2);
INSERT IGNORE INTO BarangPesanan (id_pesanan, sku, kuantitas) VALUES (76, 'SKU000060', 2);
INSERT IGNORE INTO BarangPesanan (id_pesanan, sku, kuantitas) VALUES (76, 'SKU000064', 1);
INSERT IGNORE INTO BarangPesanan (id_pesanan, sku, kuantitas) VALUES (76, 'SKU000097', 2);
INSERT IGNORE INTO BarangPesanan (id_pesanan, sku, kuantitas) VALUES (77, 'SKU000135', 1);
INSERT IGNORE INTO BarangPesanan (id_pesanan, sku, kuantitas) VALUES (78, 'SKU000040', 2);
INSERT IGNORE INTO BarangPesanan (id_pesanan, sku, kuantitas) VALUES (78, 'SKU000086', 2);
INSERT IGNORE INTO BarangPesanan (id_pesanan, sku, kuantitas) VALUES (78, 'SKU000142', 2);
INSERT IGNORE INTO BarangPesanan (id_pesanan, sku, kuantitas) VALUES (79, 'SKU000180', 1);
INSERT IGNORE INTO BarangPesanan (id_pesanan, sku, kuantitas) VALUES (80, 'SKU000028', 2);
INSERT IGNORE INTO BarangPesanan (id_pesanan, sku, kuantitas) VALUES (80, 'SKU000131', 1);
INSERT IGNORE INTO BarangPesanan (id_pesanan, sku, kuantitas) VALUES (80, 'SKU000015', 1);
INSERT IGNORE INTO BarangPesanan (id_pesanan, sku, kuantitas) VALUES (80, 'SKU000153', 1);
INSERT IGNORE INTO BarangPesanan (id_pesanan, sku, kuantitas) VALUES (81, 'SKU000122', 2);
INSERT IGNORE INTO BarangPesanan (id_pesanan, sku, kuantitas) VALUES (81, 'SKU000136', 2);
INSERT IGNORE INTO BarangPesanan (id_pesanan, sku, kuantitas) VALUES (81, 'SKU000187', 2);
INSERT IGNORE INTO BarangPesanan (id_pesanan, sku, kuantitas) VALUES (82, 'SKU000151', 1);
INSERT IGNORE INTO BarangPesanan (id_pesanan, sku, kuantitas) VALUES (82, 'SKU000026', 1);
INSERT IGNORE INTO BarangPesanan (id_pesanan, sku, kuantitas) VALUES (82, 'SKU000186', 1);
INSERT IGNORE INTO BarangPesanan (id_pesanan, sku, kuantitas) VALUES (83, 'SKU000005', 2);
INSERT IGNORE INTO BarangPesanan (id_pesanan, sku, kuantitas) VALUES (83, 'SKU000166', 1);
INSERT IGNORE INTO BarangPesanan (id_pesanan, sku, kuantitas) VALUES (83, 'SKU000147', 2);
INSERT IGNORE INTO BarangPesanan (id_pesanan, sku, kuantitas) VALUES (84, 'SKU000009', 1);
INSERT IGNORE INTO BarangPesanan (id_pesanan, sku, kuantitas) VALUES (84, 'SKU000187', 2);
INSERT IGNORE INTO BarangPesanan (id_pesanan, sku, kuantitas) VALUES (85, 'SKU000118', 2);
INSERT IGNORE INTO BarangPesanan (id_pesanan, sku, kuantitas) VALUES (85, 'SKU000143', 2);
INSERT IGNORE INTO BarangPesanan (id_pesanan, sku, kuantitas) VALUES (85, 'SKU000061', 2);
INSERT IGNORE INTO BarangPesanan (id_pesanan, sku, kuantitas) VALUES (86, 'SKU000012', 2);
INSERT IGNORE INTO BarangPesanan (id_pesanan, sku, kuantitas) VALUES (86, 'SKU000087', 1);
INSERT IGNORE INTO BarangPesanan (id_pesanan, sku, kuantitas) VALUES (87, 'SKU000172', 2);
INSERT IGNORE INTO BarangPesanan (id_pesanan, sku, kuantitas) VALUES (87, 'SKU000006', 2);
INSERT IGNORE INTO BarangPesanan (id_pesanan, sku, kuantitas) VALUES (87, 'SKU000106', 2);
INSERT IGNORE INTO BarangPesanan (id_pesanan, sku, kuantitas) VALUES (88, 'SKU000167', 1);
INSERT IGNORE INTO BarangPesanan (id_pesanan, sku, kuantitas) VALUES (88, 'SKU000123', 2);
INSERT IGNORE INTO BarangPesanan (id_pesanan, sku, kuantitas) VALUES (88, 'SKU000144', 1);
INSERT IGNORE INTO BarangPesanan (id_pesanan, sku, kuantitas) VALUES (89, 'SKU000136', 1);
INSERT IGNORE INTO BarangPesanan (id_pesanan, sku, kuantitas) VALUES (89, 'SKU000183', 2);
INSERT IGNORE INTO BarangPesanan (id_pesanan, sku, kuantitas) VALUES (89, 'SKU000086', 1);
INSERT IGNORE INTO BarangPesanan (id_pesanan, sku, kuantitas) VALUES (89, 'SKU000031', 2);
INSERT IGNORE INTO BarangPesanan (id_pesanan, sku, kuantitas) VALUES (90, 'SKU000081', 2);
INSERT IGNORE INTO BarangPesanan (id_pesanan, sku, kuantitas) VALUES (90, 'SKU000095', 2);
INSERT IGNORE INTO BarangPesanan (id_pesanan, sku, kuantitas) VALUES (90, 'SKU000165', 1);
INSERT IGNORE INTO BarangPesanan (id_pesanan, sku, kuantitas) VALUES (90, 'SKU000150', 1);
INSERT IGNORE INTO BarangPesanan (id_pesanan, sku, kuantitas) VALUES (91, 'SKU000024', 2);
INSERT IGNORE INTO BarangPesanan (id_pesanan, sku, kuantitas) VALUES (91, 'SKU000074', 2);
INSERT IGNORE INTO BarangPesanan (id_pesanan, sku, kuantitas) VALUES (92, 'SKU000190', 1);
INSERT IGNORE INTO BarangPesanan (id_pesanan, sku, kuantitas) VALUES (92, 'SKU000110', 1);
INSERT IGNORE INTO BarangPesanan (id_pesanan, sku, kuantitas) VALUES (92, 'SKU000153', 1);
INSERT IGNORE INTO BarangPesanan (id_pesanan, sku, kuantitas) VALUES (92, 'SKU000149', 2);
INSERT IGNORE INTO BarangPesanan (id_pesanan, sku, kuantitas) VALUES (93, 'SKU000161', 2);
INSERT IGNORE INTO BarangPesanan (id_pesanan, sku, kuantitas) VALUES (93, 'SKU000064', 2);
INSERT IGNORE INTO BarangPesanan (id_pesanan, sku, kuantitas) VALUES (93, 'SKU000095', 2);
INSERT IGNORE INTO BarangPesanan (id_pesanan, sku, kuantitas) VALUES (94, 'SKU000062', 2);
INSERT IGNORE INTO BarangPesanan (id_pesanan, sku, kuantitas) VALUES (94, 'SKU000108', 2);
INSERT IGNORE INTO BarangPesanan (id_pesanan, sku, kuantitas) VALUES (95, 'SKU000166', 2);
INSERT IGNORE INTO BarangPesanan (id_pesanan, sku, kuantitas) VALUES (95, 'SKU000085', 2);
INSERT IGNORE INTO BarangPesanan (id_pesanan, sku, kuantitas) VALUES (96, 'SKU000187', 1);
INSERT IGNORE INTO BarangPesanan (id_pesanan, sku, kuantitas) VALUES (96, 'SKU000017', 1);
INSERT IGNORE INTO BarangPesanan (id_pesanan, sku, kuantitas) VALUES (96, 'SKU000099', 1);
INSERT IGNORE INTO BarangPesanan (id_pesanan, sku, kuantitas) VALUES (97, 'SKU000119', 2);
INSERT IGNORE INTO BarangPesanan (id_pesanan, sku, kuantitas) VALUES (97, 'SKU000170', 1);
INSERT IGNORE INTO BarangPesanan (id_pesanan, sku, kuantitas) VALUES (97, 'SKU000009', 1);
INSERT IGNORE INTO BarangPesanan (id_pesanan, sku, kuantitas) VALUES (97, 'SKU000108', 2);
INSERT IGNORE INTO BarangPesanan (id_pesanan, sku, kuantitas) VALUES (98, 'SKU000128', 1);
INSERT IGNORE INTO BarangPesanan (id_pesanan, sku, kuantitas) VALUES (98, 'SKU000048', 2);
INSERT IGNORE INTO BarangPesanan (id_pesanan, sku, kuantitas) VALUES (98, 'SKU000169', 2);
INSERT IGNORE INTO BarangPesanan (id_pesanan, sku, kuantitas) VALUES (98, 'SKU000039', 1);
INSERT IGNORE INTO BarangPesanan (id_pesanan, sku, kuantitas) VALUES (99, 'SKU000194', 2);
INSERT IGNORE INTO BarangPesanan (id_pesanan, sku, kuantitas) VALUES (99, 'SKU000111', 2);
INSERT IGNORE INTO BarangPesanan (id_pesanan, sku, kuantitas) VALUES (100, 'SKU000029', 2);

-- Wishlist
INSERT IGNORE INTO Wishlist (id_pembeli, id_produk) VALUES (2, 14);
INSERT IGNORE INTO Wishlist (id_pembeli, id_produk) VALUES (2, 67);
INSERT IGNORE INTO Wishlist (id_pembeli, id_produk) VALUES (2, 21);
INSERT IGNORE INTO Wishlist (id_pembeli, id_produk) VALUES (2, 15);
INSERT IGNORE INTO Wishlist (id_pembeli, id_produk) VALUES (2, 90);
INSERT IGNORE INTO Wishlist (id_pembeli, id_produk) VALUES (2, 38);
INSERT IGNORE INTO Wishlist (id_pembeli, id_produk) VALUES (2, 92);
INSERT IGNORE INTO Wishlist (id_pembeli, id_produk) VALUES (2, 52);
INSERT IGNORE INTO Wishlist (id_pembeli, id_produk) VALUES (2, 70);
INSERT IGNORE INTO Wishlist (id_pembeli, id_produk) VALUES (3, 12);
INSERT IGNORE INTO Wishlist (id_pembeli, id_produk) VALUES (3, 6);
INSERT IGNORE INTO Wishlist (id_pembeli, id_produk) VALUES (3, 33);
INSERT IGNORE INTO Wishlist (id_pembeli, id_produk) VALUES (3, 17);
INSERT IGNORE INTO Wishlist (id_pembeli, id_produk) VALUES (3, 64);
INSERT IGNORE INTO Wishlist (id_pembeli, id_produk) VALUES (4, 78);
INSERT IGNORE INTO Wishlist (id_pembeli, id_produk) VALUES (4, 84);
INSERT IGNORE INTO Wishlist (id_pembeli, id_produk) VALUES (4, 35);
INSERT IGNORE INTO Wishlist (id_pembeli, id_produk) VALUES (4, 22);
INSERT IGNORE INTO Wishlist (id_pembeli, id_produk) VALUES (4, 38);
INSERT IGNORE INTO Wishlist (id_pembeli, id_produk) VALUES (4, 91);
INSERT IGNORE INTO Wishlist (id_pembeli, id_produk) VALUES (4, 30);
INSERT IGNORE INTO Wishlist (id_pembeli, id_produk) VALUES (4, 7);
INSERT IGNORE INTO Wishlist (id_pembeli, id_produk) VALUES (4, 97);
INSERT IGNORE INTO Wishlist (id_pembeli, id_produk) VALUES (5, 35);
INSERT IGNORE INTO Wishlist (id_pembeli, id_produk) VALUES (5, 2);
INSERT IGNORE INTO Wishlist (id_pembeli, id_produk) VALUES (5, 56);
INSERT IGNORE INTO Wishlist (id_pembeli, id_produk) VALUES (6, 80);
INSERT IGNORE INTO Wishlist (id_pembeli, id_produk) VALUES (6, 71);
INSERT IGNORE INTO Wishlist (id_pembeli, id_produk) VALUES (6, 89);
INSERT IGNORE INTO Wishlist (id_pembeli, id_produk) VALUES (6, 8);
INSERT IGNORE INTO Wishlist (id_pembeli, id_produk) VALUES (7, 37);
INSERT IGNORE INTO Wishlist (id_pembeli, id_produk) VALUES (7, 80);
INSERT IGNORE INTO Wishlist (id_pembeli, id_produk) VALUES (7, 64);
INSERT IGNORE INTO Wishlist (id_pembeli, id_produk) VALUES (7, 33);
INSERT IGNORE INTO Wishlist (id_pembeli, id_produk) VALUES (7, 16);
INSERT IGNORE INTO Wishlist (id_pembeli, id_produk) VALUES (7, 58);
INSERT IGNORE INTO Wishlist (id_pembeli, id_produk) VALUES (7, 78);
INSERT IGNORE INTO Wishlist (id_pembeli, id_produk) VALUES (7, 10);
INSERT IGNORE INTO Wishlist (id_pembeli, id_produk) VALUES (8, 84);
INSERT IGNORE INTO Wishlist (id_pembeli, id_produk) VALUES (8, 26);
INSERT IGNORE INTO Wishlist (id_pembeli, id_produk) VALUES (8, 41);
INSERT IGNORE INTO Wishlist (id_pembeli, id_produk) VALUES (8, 23);
INSERT IGNORE INTO Wishlist (id_pembeli, id_produk) VALUES (8, 2);
INSERT IGNORE INTO Wishlist (id_pembeli, id_produk) VALUES (9, 59);
INSERT IGNORE INTO Wishlist (id_pembeli, id_produk) VALUES (9, 16);
INSERT IGNORE INTO Wishlist (id_pembeli, id_produk) VALUES (9, 85);
INSERT IGNORE INTO Wishlist (id_pembeli, id_produk) VALUES (10, 29);
INSERT IGNORE INTO Wishlist (id_pembeli, id_produk) VALUES (10, 65);
INSERT IGNORE INTO Wishlist (id_pembeli, id_produk) VALUES (10, 82);
INSERT IGNORE INTO Wishlist (id_pembeli, id_produk) VALUES (10, 72);
INSERT IGNORE INTO Wishlist (id_pembeli, id_produk) VALUES (11, 3);
INSERT IGNORE INTO Wishlist (id_pembeli, id_produk) VALUES (11, 40);
INSERT IGNORE INTO Wishlist (id_pembeli, id_produk) VALUES (11, 47);
INSERT IGNORE INTO Wishlist (id_pembeli, id_produk) VALUES (13, 80);
INSERT IGNORE INTO Wishlist (id_pembeli, id_produk) VALUES (13, 99);
INSERT IGNORE INTO Wishlist (id_pembeli, id_produk) VALUES (13, 87);
INSERT IGNORE INTO Wishlist (id_pembeli, id_produk) VALUES (13, 59);
INSERT IGNORE INTO Wishlist (id_pembeli, id_produk) VALUES (14, 98);
INSERT IGNORE INTO Wishlist (id_pembeli, id_produk) VALUES (14, 85);
INSERT IGNORE INTO Wishlist (id_pembeli, id_produk) VALUES (14, 48);
INSERT IGNORE INTO Wishlist (id_pembeli, id_produk) VALUES (14, 52);
INSERT IGNORE INTO Wishlist (id_pembeli, id_produk) VALUES (14, 41);
INSERT IGNORE INTO Wishlist (id_pembeli, id_produk) VALUES (14, 92);
INSERT IGNORE INTO Wishlist (id_pembeli, id_produk) VALUES (14, 96);
INSERT IGNORE INTO Wishlist (id_pembeli, id_produk) VALUES (15, 17);
INSERT IGNORE INTO Wishlist (id_pembeli, id_produk) VALUES (15, 50);
INSERT IGNORE INTO Wishlist (id_pembeli, id_produk) VALUES (15, 22);
INSERT IGNORE INTO Wishlist (id_pembeli, id_produk) VALUES (16, 84);
INSERT IGNORE INTO Wishlist (id_pembeli, id_produk) VALUES (16, 96);
INSERT IGNORE INTO Wishlist (id_pembeli, id_produk) VALUES (16, 77);
INSERT IGNORE INTO Wishlist (id_pembeli, id_produk) VALUES (17, 52);
INSERT IGNORE INTO Wishlist (id_pembeli, id_produk) VALUES (17, 73);
INSERT IGNORE INTO Wishlist (id_pembeli, id_produk) VALUES (17, 82);
INSERT IGNORE INTO Wishlist (id_pembeli, id_produk) VALUES (17, 16);
INSERT IGNORE INTO Wishlist (id_pembeli, id_produk) VALUES (17, 96);
INSERT IGNORE INTO Wishlist (id_pembeli, id_produk) VALUES (17, 30);
INSERT IGNORE INTO Wishlist (id_pembeli, id_produk) VALUES (18, 98);
INSERT IGNORE INTO Wishlist (id_pembeli, id_produk) VALUES (19, 2);
INSERT IGNORE INTO Wishlist (id_pembeli, id_produk) VALUES (19, 53);
INSERT IGNORE INTO Wishlist (id_pembeli, id_produk) VALUES (19, 63);
INSERT IGNORE INTO Wishlist (id_pembeli, id_produk) VALUES (19, 32);
INSERT IGNORE INTO Wishlist (id_pembeli, id_produk) VALUES (19, 80);
INSERT IGNORE INTO Wishlist (id_pembeli, id_produk) VALUES (19, 7);
INSERT IGNORE INTO Wishlist (id_pembeli, id_produk) VALUES (19, 95);
INSERT IGNORE INTO Wishlist (id_pembeli, id_produk) VALUES (20, 89);
INSERT IGNORE INTO Wishlist (id_pembeli, id_produk) VALUES (20, 65);
INSERT IGNORE INTO Wishlist (id_pembeli, id_produk) VALUES (20, 21);
INSERT IGNORE INTO Wishlist (id_pembeli, id_produk) VALUES (20, 91);
INSERT IGNORE INTO Wishlist (id_pembeli, id_produk) VALUES (20, 70);
INSERT IGNORE INTO Wishlist (id_pembeli, id_produk) VALUES (20, 32);
INSERT IGNORE INTO Wishlist (id_pembeli, id_produk) VALUES (20, 35);
INSERT IGNORE INTO Wishlist (id_pembeli, id_produk) VALUES (20, 78);
INSERT IGNORE INTO Wishlist (id_pembeli, id_produk) VALUES (21, 99);
INSERT IGNORE INTO Wishlist (id_pembeli, id_produk) VALUES (21, 82);
INSERT IGNORE INTO Wishlist (id_pembeli, id_produk) VALUES (21, 89);
INSERT IGNORE INTO Wishlist (id_pembeli, id_produk) VALUES (21, 67);
INSERT IGNORE INTO Wishlist (id_pembeli, id_produk) VALUES (21, 53);
INSERT IGNORE INTO Wishlist (id_pembeli, id_produk) VALUES (21, 34);
INSERT IGNORE INTO Wishlist (id_pembeli, id_produk) VALUES (21, 81);
INSERT IGNORE INTO Wishlist (id_pembeli, id_produk) VALUES (21, 24);
INSERT IGNORE INTO Wishlist (id_pembeli, id_produk) VALUES (21, 77);
INSERT IGNORE INTO Wishlist (id_pembeli, id_produk) VALUES (23, 32);
INSERT IGNORE INTO Wishlist (id_pembeli, id_produk) VALUES (23, 57);
INSERT IGNORE INTO Wishlist (id_pembeli, id_produk) VALUES (23, 67);
INSERT IGNORE INTO Wishlist (id_pembeli, id_produk) VALUES (24, 1);
INSERT IGNORE INTO Wishlist (id_pembeli, id_produk) VALUES (24, 22);
INSERT IGNORE INTO Wishlist (id_pembeli, id_produk) VALUES (24, 33);
INSERT IGNORE INTO Wishlist (id_pembeli, id_produk) VALUES (24, 63);
INSERT IGNORE INTO Wishlist (id_pembeli, id_produk) VALUES (25, 91);
INSERT IGNORE INTO Wishlist (id_pembeli, id_produk) VALUES (25, 58);
INSERT IGNORE INTO Wishlist (id_pembeli, id_produk) VALUES (25, 4);
INSERT IGNORE INTO Wishlist (id_pembeli, id_produk) VALUES (26, 1);
INSERT IGNORE INTO Wishlist (id_pembeli, id_produk) VALUES (26, 86);
INSERT IGNORE INTO Wishlist (id_pembeli, id_produk) VALUES (26, 27);
INSERT IGNORE INTO Wishlist (id_pembeli, id_produk) VALUES (27, 82);
INSERT IGNORE INTO Wishlist (id_pembeli, id_produk) VALUES (27, 78);
INSERT IGNORE INTO Wishlist (id_pembeli, id_produk) VALUES (27, 51);
INSERT IGNORE INTO Wishlist (id_pembeli, id_produk) VALUES (27, 95);
INSERT IGNORE INTO Wishlist (id_pembeli, id_produk) VALUES (27, 79);
INSERT IGNORE INTO Wishlist (id_pembeli, id_produk) VALUES (27, 62);
INSERT IGNORE INTO Wishlist (id_pembeli, id_produk) VALUES (27, 23);
INSERT IGNORE INTO Wishlist (id_pembeli, id_produk) VALUES (27, 77);
INSERT IGNORE INTO Wishlist (id_pembeli, id_produk) VALUES (27, 80);
INSERT IGNORE INTO Wishlist (id_pembeli, id_produk) VALUES (28, 60);
INSERT IGNORE INTO Wishlist (id_pembeli, id_produk) VALUES (28, 82);
INSERT IGNORE INTO Wishlist (id_pembeli, id_produk) VALUES (28, 16);
INSERT IGNORE INTO Wishlist (id_pembeli, id_produk) VALUES (28, 61);
INSERT IGNORE INTO Wishlist (id_pembeli, id_produk) VALUES (28, 38);
INSERT IGNORE INTO Wishlist (id_pembeli, id_produk) VALUES (28, 30);
INSERT IGNORE INTO Wishlist (id_pembeli, id_produk) VALUES (28, 90);
INSERT IGNORE INTO Wishlist (id_pembeli, id_produk) VALUES (28, 92);
INSERT IGNORE INTO Wishlist (id_pembeli, id_produk) VALUES (28, 6);
INSERT IGNORE INTO Wishlist (id_pembeli, id_produk) VALUES (28, 76);
INSERT IGNORE INTO Wishlist (id_pembeli, id_produk) VALUES (29, 66);
INSERT IGNORE INTO Wishlist (id_pembeli, id_produk) VALUES (30, 89);
INSERT IGNORE INTO Wishlist (id_pembeli, id_produk) VALUES (30, 62);
INSERT IGNORE INTO Wishlist (id_pembeli, id_produk) VALUES (30, 72);
INSERT IGNORE INTO Wishlist (id_pembeli, id_produk) VALUES (32, 22);
INSERT IGNORE INTO Wishlist (id_pembeli, id_produk) VALUES (33, 71);
INSERT IGNORE INTO Wishlist (id_pembeli, id_produk) VALUES (33, 97);
INSERT IGNORE INTO Wishlist (id_pembeli, id_produk) VALUES (33, 51);
INSERT IGNORE INTO Wishlist (id_pembeli, id_produk) VALUES (33, 26);
INSERT IGNORE INTO Wishlist (id_pembeli, id_produk) VALUES (33, 92);
INSERT IGNORE INTO Wishlist (id_pembeli, id_produk) VALUES (33, 81);
INSERT IGNORE INTO Wishlist (id_pembeli, id_produk) VALUES (33, 28);
INSERT IGNORE INTO Wishlist (id_pembeli, id_produk) VALUES (34, 95);
INSERT IGNORE INTO Wishlist (id_pembeli, id_produk) VALUES (35, 43);
INSERT IGNORE INTO Wishlist (id_pembeli, id_produk) VALUES (35, 33);
INSERT IGNORE INTO Wishlist (id_pembeli, id_produk) VALUES (36, 74);
INSERT IGNORE INTO Wishlist (id_pembeli, id_produk) VALUES (37, 76);
INSERT IGNORE INTO Wishlist (id_pembeli, id_produk) VALUES (37, 13);
INSERT IGNORE INTO Wishlist (id_pembeli, id_produk) VALUES (37, 77);
INSERT IGNORE INTO Wishlist (id_pembeli, id_produk) VALUES (37, 85);
INSERT IGNORE INTO Wishlist (id_pembeli, id_produk) VALUES (37, 98);
INSERT IGNORE INTO Wishlist (id_pembeli, id_produk) VALUES (38, 27);
INSERT IGNORE INTO Wishlist (id_pembeli, id_produk) VALUES (38, 30);
INSERT IGNORE INTO Wishlist (id_pembeli, id_produk) VALUES (38, 53);
INSERT IGNORE INTO Wishlist (id_pembeli, id_produk) VALUES (39, 72);
INSERT IGNORE INTO Wishlist (id_pembeli, id_produk) VALUES (39, 93);
INSERT IGNORE INTO Wishlist (id_pembeli, id_produk) VALUES (39, 33);
INSERT IGNORE INTO Wishlist (id_pembeli, id_produk) VALUES (39, 47);
INSERT IGNORE INTO Wishlist (id_pembeli, id_produk) VALUES (40, 43);
INSERT IGNORE INTO Wishlist (id_pembeli, id_produk) VALUES (40, 41);
INSERT IGNORE INTO Wishlist (id_pembeli, id_produk) VALUES (40, 96);
INSERT IGNORE INTO Wishlist (id_pembeli, id_produk) VALUES (40, 56);
INSERT IGNORE INTO Wishlist (id_pembeli, id_produk) VALUES (40, 91);
INSERT IGNORE INTO Wishlist (id_pembeli, id_produk) VALUES (41, 59);
INSERT IGNORE INTO Wishlist (id_pembeli, id_produk) VALUES (41, 92);
INSERT IGNORE INTO Wishlist (id_pembeli, id_produk) VALUES (41, 86);
INSERT IGNORE INTO Wishlist (id_pembeli, id_produk) VALUES (41, 1);
INSERT IGNORE INTO Wishlist (id_pembeli, id_produk) VALUES (41, 61);
INSERT IGNORE INTO Wishlist (id_pembeli, id_produk) VALUES (41, 13);
INSERT IGNORE INTO Wishlist (id_pembeli, id_produk) VALUES (41, 98);
INSERT IGNORE INTO Wishlist (id_pembeli, id_produk) VALUES (41, 7);
INSERT IGNORE INTO Wishlist (id_pembeli, id_produk) VALUES (42, 12);
INSERT IGNORE INTO Wishlist (id_pembeli, id_produk) VALUES (42, 24);
INSERT IGNORE INTO Wishlist (id_pembeli, id_produk) VALUES (42, 9);
INSERT IGNORE INTO Wishlist (id_pembeli, id_produk) VALUES (42, 26);
INSERT IGNORE INTO Wishlist (id_pembeli, id_produk) VALUES (43, 31);
INSERT IGNORE INTO Wishlist (id_pembeli, id_produk) VALUES (43, 18);
INSERT IGNORE INTO Wishlist (id_pembeli, id_produk) VALUES (45, 41);
INSERT IGNORE INTO Wishlist (id_pembeli, id_produk) VALUES (45, 73);
INSERT IGNORE INTO Wishlist (id_pembeli, id_produk) VALUES (45, 89);
INSERT IGNORE INTO Wishlist (id_pembeli, id_produk) VALUES (45, 46);
INSERT IGNORE INTO Wishlist (id_pembeli, id_produk) VALUES (45, 76);
INSERT IGNORE INTO Wishlist (id_pembeli, id_produk) VALUES (45, 18);
INSERT IGNORE INTO Wishlist (id_pembeli, id_produk) VALUES (45, 85);
INSERT IGNORE INTO Wishlist (id_pembeli, id_produk) VALUES (45, 69);
INSERT IGNORE INTO Wishlist (id_pembeli, id_produk) VALUES (46, 68);
INSERT IGNORE INTO Wishlist (id_pembeli, id_produk) VALUES (47, 90);
INSERT IGNORE INTO Wishlist (id_pembeli, id_produk) VALUES (47, 65);
INSERT IGNORE INTO Wishlist (id_pembeli, id_produk) VALUES (47, 60);
INSERT IGNORE INTO Wishlist (id_pembeli, id_produk) VALUES (47, 24);
INSERT IGNORE INTO Wishlist (id_pembeli, id_produk) VALUES (47, 68);
INSERT IGNORE INTO Wishlist (id_pembeli, id_produk) VALUES (47, 22);
INSERT IGNORE INTO Wishlist (id_pembeli, id_produk) VALUES (47, 8);
INSERT IGNORE INTO Wishlist (id_pembeli, id_produk) VALUES (47, 57);
INSERT IGNORE INTO Wishlist (id_pembeli, id_produk) VALUES (47, 13);
INSERT IGNORE INTO Wishlist (id_pembeli, id_produk) VALUES (48, 46);
INSERT IGNORE INTO Wishlist (id_pembeli, id_produk) VALUES (48, 71);
INSERT IGNORE INTO Wishlist (id_pembeli, id_produk) VALUES (48, 95);
INSERT IGNORE INTO Wishlist (id_pembeli, id_produk) VALUES (49, 95);
INSERT IGNORE INTO Wishlist (id_pembeli, id_produk) VALUES (49, 22);
INSERT IGNORE INTO Wishlist (id_pembeli, id_produk) VALUES (49, 49);
INSERT IGNORE INTO Wishlist (id_pembeli, id_produk) VALUES (49, 56);
INSERT IGNORE INTO Wishlist (id_pembeli, id_produk) VALUES (49, 75);
INSERT IGNORE INTO Wishlist (id_pembeli, id_produk) VALUES (49, 57);
INSERT IGNORE INTO Wishlist (id_pembeli, id_produk) VALUES (50, 88);
INSERT IGNORE INTO Wishlist (id_pembeli, id_produk) VALUES (50, 49);
INSERT IGNORE INTO Wishlist (id_pembeli, id_produk) VALUES (50, 9);
INSERT IGNORE INTO Wishlist (id_pembeli, id_produk) VALUES (50, 33);
INSERT IGNORE INTO Wishlist (id_pembeli, id_produk) VALUES (50, 86);
INSERT IGNORE INTO Wishlist (id_pembeli, id_produk) VALUES (50, 23);
INSERT IGNORE INTO Wishlist (id_pembeli, id_produk) VALUES (50, 91);
INSERT IGNORE INTO Wishlist (id_pembeli, id_produk) VALUES (50, 83);
INSERT IGNORE INTO Wishlist (id_pembeli, id_produk) VALUES (50, 3);
INSERT IGNORE INTO Wishlist (id_pembeli, id_produk) VALUES (50, 58);
INSERT IGNORE INTO Wishlist (id_pembeli, id_produk) VALUES (51, 3);
INSERT IGNORE INTO Wishlist (id_pembeli, id_produk) VALUES (51, 72);
INSERT IGNORE INTO Wishlist (id_pembeli, id_produk) VALUES (51, 25);
INSERT IGNORE INTO Wishlist (id_pembeli, id_produk) VALUES (51, 97);
INSERT IGNORE INTO Wishlist (id_pembeli, id_produk) VALUES (51, 28);
INSERT IGNORE INTO Wishlist (id_pembeli, id_produk) VALUES (51, 12);
INSERT IGNORE INTO Wishlist (id_pembeli, id_produk) VALUES (53, 46);
INSERT IGNORE INTO Wishlist (id_pembeli, id_produk) VALUES (53, 45);
INSERT IGNORE INTO Wishlist (id_pembeli, id_produk) VALUES (53, 9);
INSERT IGNORE INTO Wishlist (id_pembeli, id_produk) VALUES (54, 87);
INSERT IGNORE INTO Wishlist (id_pembeli, id_produk) VALUES (54, 43);
INSERT IGNORE INTO Wishlist (id_pembeli, id_produk) VALUES (54, 51);
INSERT IGNORE INTO Wishlist (id_pembeli, id_produk) VALUES (54, 84);
INSERT IGNORE INTO Wishlist (id_pembeli, id_produk) VALUES (54, 30);
INSERT IGNORE INTO Wishlist (id_pembeli, id_produk) VALUES (55, 45);
INSERT IGNORE INTO Wishlist (id_pembeli, id_produk) VALUES (55, 70);
INSERT IGNORE INTO Wishlist (id_pembeli, id_produk) VALUES (55, 94);
INSERT IGNORE INTO Wishlist (id_pembeli, id_produk) VALUES (55, 40);
INSERT IGNORE INTO Wishlist (id_pembeli, id_produk) VALUES (55, 46);
INSERT IGNORE INTO Wishlist (id_pembeli, id_produk) VALUES (55, 47);
INSERT IGNORE INTO Wishlist (id_pembeli, id_produk) VALUES (56, 35);
INSERT IGNORE INTO Wishlist (id_pembeli, id_produk) VALUES (56, 72);
INSERT IGNORE INTO Wishlist (id_pembeli, id_produk) VALUES (56, 77);
INSERT IGNORE INTO Wishlist (id_pembeli, id_produk) VALUES (56, 82);
INSERT IGNORE INTO Wishlist (id_pembeli, id_produk) VALUES (56, 7);
INSERT IGNORE INTO Wishlist (id_pembeli, id_produk) VALUES (56, 9);
INSERT IGNORE INTO Wishlist (id_pembeli, id_produk) VALUES (56, 46);
INSERT IGNORE INTO Wishlist (id_pembeli, id_produk) VALUES (56, 85);
INSERT IGNORE INTO Wishlist (id_pembeli, id_produk) VALUES (56, 69);
INSERT IGNORE INTO Wishlist (id_pembeli, id_produk) VALUES (57, 17);
INSERT IGNORE INTO Wishlist (id_pembeli, id_produk) VALUES (58, 17);
INSERT IGNORE INTO Wishlist (id_pembeli, id_produk) VALUES (58, 4);
INSERT IGNORE INTO Wishlist (id_pembeli, id_produk) VALUES (58, 13);
INSERT IGNORE INTO Wishlist (id_pembeli, id_produk) VALUES (58, 46);
INSERT IGNORE INTO Wishlist (id_pembeli, id_produk) VALUES (59, 94);
INSERT IGNORE INTO Wishlist (id_pembeli, id_produk) VALUES (60, 34);
INSERT IGNORE INTO Wishlist (id_pembeli, id_produk) VALUES (60, 18);
INSERT IGNORE INTO Wishlist (id_pembeli, id_produk) VALUES (60, 98);
INSERT IGNORE INTO Wishlist (id_pembeli, id_produk) VALUES (60, 67);
INSERT IGNORE INTO Wishlist (id_pembeli, id_produk) VALUES (60, 68);
INSERT IGNORE INTO Wishlist (id_pembeli, id_produk) VALUES (60, 79);
INSERT IGNORE INTO Wishlist (id_pembeli, id_produk) VALUES (60, 92);
INSERT IGNORE INTO Wishlist (id_pembeli, id_produk) VALUES (60, 70);
INSERT IGNORE INTO Wishlist (id_pembeli, id_produk) VALUES (60, 55);
INSERT IGNORE INTO Wishlist (id_pembeli, id_produk) VALUES (60, 42);

-- Ulasan
INSERT IGNORE INTO Ulasan (id_produk, id_pembeli, komentar, penilaian) VALUES (69, 32, 'A perspiciatis enim mollitia repellendus.', 4);
INSERT IGNORE INTO Ulasan (id_produk, id_pembeli, komentar, penilaian) VALUES (100, 32, 'Harum iste saepe. Distinctio corporis enim repellat quam adipisci.', 1);
INSERT IGNORE INTO Ulasan (id_produk, id_pembeli, komentar, penilaian) VALUES (19, 32, 'Aspernatur neque repellendus saepe modi vel.', 4);
INSERT IGNORE INTO Ulasan (id_produk, id_pembeli, komentar, penilaian) VALUES (62, 32, 'Nostrum accusantium qui ea cum vero enim.', 3);
INSERT IGNORE INTO Ulasan (id_produk, id_pembeli, komentar, penilaian) VALUES (76, 40, 'Incidunt deserunt quis quidem est. Porro quis sed ipsam quidem. Perspiciatis harum architecto odio neque voluptatum sint.', 3);
INSERT IGNORE INTO Ulasan (id_produk, id_pembeli, komentar, penilaian) VALUES (45, 40, 'Qui veritatis excepturi ad non ducimus.', 4);
INSERT IGNORE INTO Ulasan (id_produk, id_pembeli, komentar, penilaian) VALUES (54, 40, 'Alias porro deleniti dolore placeat excepturi.', 1);
INSERT IGNORE INTO Ulasan (id_produk, id_pembeli, komentar, penilaian) VALUES (16, 1, 'Dicta sit magni ipsum voluptate excepturi incidunt.', 2);
INSERT IGNORE INTO Ulasan (id_produk, id_pembeli, komentar, penilaian) VALUES (66, 1, 'Sit adipisci corporis voluptates.', 5);
INSERT IGNORE INTO Ulasan (id_produk, id_pembeli, komentar, penilaian) VALUES (30, 18, 'Necessitatibus enim assumenda deserunt adipisci eum. Blanditiis beatae voluptate. Voluptatem atque consequatur excepturi eligendi iusto perferendis in.', 2);
INSERT IGNORE INTO Ulasan (id_produk, id_pembeli, komentar, penilaian) VALUES (53, 18, 'Ad voluptate fugiat omnis omnis voluptatum.', 2);
INSERT IGNORE INTO Ulasan (id_produk, id_pembeli, komentar, penilaian) VALUES (74, 8, 'Nisi nisi doloremque delectus laboriosam.', 5);
INSERT IGNORE INTO Ulasan (id_produk, id_pembeli, komentar, penilaian) VALUES (63, 8, 'Nostrum nihil aperiam quidem. Repudiandae rem corrupti minima voluptatibus id.', 5);
INSERT IGNORE INTO Ulasan (id_produk, id_pembeli, komentar, penilaian) VALUES (86, 8, 'Odit libero esse vero. Fugit distinctio doloribus vel magni esse doloremque.', 1);
INSERT IGNORE INTO Ulasan (id_produk, id_pembeli, komentar, penilaian) VALUES (12, 8, 'Corporis dolores porro iusto autem provident voluptates quia.', 2);
INSERT IGNORE INTO Ulasan (id_produk, id_pembeli, komentar, penilaian) VALUES (76, 15, 'Quibusdam est enim vel perspiciatis. Rerum ducimus earum quia quam similique illo.', 5);
INSERT IGNORE INTO Ulasan (id_produk, id_pembeli, komentar, penilaian) VALUES (13, 15, 'Quisquam minima architecto odit fugiat totam reiciendis commodi.', 3);
INSERT IGNORE INTO Ulasan (id_produk, id_pembeli, komentar, penilaian) VALUES (29, 9, 'Excepturi quod beatae illo optio.', 4);
INSERT IGNORE INTO Ulasan (id_produk, id_pembeli, komentar, penilaian) VALUES (47, 47, 'Suscipit libero fugiat veritatis laborum. Numquam quas dolorum sit atque nemo voluptates praesentium.', 3);
INSERT IGNORE INTO Ulasan (id_produk, id_pembeli, komentar, penilaian) VALUES (27, 47, 'Soluta repudiandae deserunt nulla beatae. Cupiditate praesentium odit earum impedit voluptate explicabo.', 5);
INSERT IGNORE INTO Ulasan (id_produk, id_pembeli, komentar, penilaian) VALUES (43, 7, 'Molestiae culpa et tenetur voluptas.', 4);
INSERT IGNORE INTO Ulasan (id_produk, id_pembeli, komentar, penilaian) VALUES (11, 7, 'Hic veniam delectus aspernatur animi asperiores nulla.', 3);
INSERT IGNORE INTO Ulasan (id_produk, id_pembeli, komentar, penilaian) VALUES (46, 3, 'Hic aspernatur molestias.', 1);
INSERT IGNORE INTO Ulasan (id_produk, id_pembeli, komentar, penilaian) VALUES (22, 3, 'Quas suscipit error cumque explicabo perspiciatis nostrum.', 2);
INSERT IGNORE INTO Ulasan (id_produk, id_pembeli, komentar, penilaian) VALUES (8, 3, 'Inventore repellat ipsam dolore illo adipisci labore.', 2);
INSERT IGNORE INTO Ulasan (id_produk, id_pembeli, komentar, penilaian) VALUES (79, 3, 'Tempore cumque aspernatur animi nostrum aspernatur.', 5);
INSERT IGNORE INTO Ulasan (id_produk, id_pembeli, komentar, penilaian) VALUES (69, 43, 'Veritatis modi cumque officia pariatur sapiente.', 4);
INSERT IGNORE INTO Ulasan (id_produk, id_pembeli, komentar, penilaian) VALUES (92, 43, 'Consectetur enim cupiditate quibusdam. Qui pariatur fugiat quod tenetur laudantium.', 2);
INSERT IGNORE INTO Ulasan (id_produk, id_pembeli, komentar, penilaian) VALUES (71, 43, 'Occaecati non sint rerum. Quos eos rem eos eius.', 5);
INSERT IGNORE INTO Ulasan (id_produk, id_pembeli, komentar, penilaian) VALUES (15, 25, 'Facere animi est itaque.', 3);
INSERT IGNORE INTO Ulasan (id_produk, id_pembeli, komentar, penilaian) VALUES (86, 25, 'Laudantium similique consequatur doloribus. Vitae natus esse non necessitatibus.', 1);
INSERT IGNORE INTO Ulasan (id_produk, id_pembeli, komentar, penilaian) VALUES (58, 36, 'Aperiam error incidunt labore. Similique labore earum vel voluptatem architecto quam. Eum soluta ratione eum veniam minima.', 4);
INSERT IGNORE INTO Ulasan (id_produk, id_pembeli, komentar, penilaian) VALUES (51, 58, 'Ab doloremque corrupti quasi ratione. Exercitationem expedita ea rerum similique voluptate.', 2);
INSERT IGNORE INTO Ulasan (id_produk, id_pembeli, komentar, penilaian) VALUES (85, 58, 'Commodi saepe deleniti eius aliquam ab. Magni porro repudiandae.', 5);
INSERT IGNORE INTO Ulasan (id_produk, id_pembeli, komentar, penilaian) VALUES (78, 58, 'Repellendus optio maxime distinctio molestias. Velit sequi deleniti in error quia distinctio.', 3);
INSERT IGNORE INTO Ulasan (id_produk, id_pembeli, komentar, penilaian) VALUES (94, 58, 'Voluptates modi minima molestias.', 5);
INSERT IGNORE INTO Ulasan (id_produk, id_pembeli, komentar, penilaian) VALUES (26, 13, 'Perferendis ea possimus laborum optio. Maiores aspernatur aspernatur distinctio.', 2);
INSERT IGNORE INTO Ulasan (id_produk, id_pembeli, komentar, penilaian) VALUES (20, 13, 'Doloribus pariatur tenetur dolore. Ipsa nulla unde asperiores aperiam error ratione.', 1);
INSERT IGNORE INTO Ulasan (id_produk, id_pembeli, komentar, penilaian) VALUES (66, 41, 'Culpa ipsum consequatur nisi.', 3);
INSERT IGNORE INTO Ulasan (id_produk, id_pembeli, komentar, penilaian) VALUES (8, 41, 'Porro consectetur quos odio facere iure debitis. Vero repellat exercitationem fugiat.', 2);
INSERT IGNORE INTO Ulasan (id_produk, id_pembeli, komentar, penilaian) VALUES (46, 26, 'Vero ducimus perspiciatis minus rerum.', 2);
INSERT IGNORE INTO Ulasan (id_produk, id_pembeli, komentar, penilaian) VALUES (88, 26, 'Quasi nostrum ad itaque animi amet. Velit reprehenderit quibusdam animi repellendus dolores.', 2);
INSERT IGNORE INTO Ulasan (id_produk, id_pembeli, komentar, penilaian) VALUES (4, 26, 'Iure quam necessitatibus esse veritatis. Temporibus animi temporibus aspernatur repellat impedit facere.', 4);
INSERT IGNORE INTO Ulasan (id_produk, id_pembeli, komentar, penilaian) VALUES (7, 26, 'Mollitia eaque a voluptatum autem expedita. Illum cum nesciunt tenetur libero mollitia. Porro cupiditate molestiae aliquam officia consequuntur corrupti dolor.', 4);
INSERT IGNORE INTO Ulasan (id_produk, id_pembeli, komentar, penilaian) VALUES (85, 26, 'Error explicabo tempora reprehenderit non. Impedit deleniti natus facilis. Natus quam doloribus omnis error unde vero.', 4);
INSERT IGNORE INTO Ulasan (id_produk, id_pembeli, komentar, penilaian) VALUES (29, 10, 'Sunt iste dolore assumenda enim fuga id animi. Magni laborum porro rerum atque tempore. Sequi quia aliquid non.', 2);
INSERT IGNORE INTO Ulasan (id_produk, id_pembeli, komentar, penilaian) VALUES (12, 57, 'Deserunt eius accusamus voluptatem architecto libero illum. Eum modi tenetur quam deleniti placeat non.', 2);
INSERT IGNORE INTO Ulasan (id_produk, id_pembeli, komentar, penilaian) VALUES (62, 57, 'Sapiente incidunt assumenda deserunt. Fugiat ullam odit repudiandae mollitia quia possimus illum. Dignissimos in totam repellendus consequatur quos.', 2);
INSERT IGNORE INTO Ulasan (id_produk, id_pembeli, komentar, penilaian) VALUES (74, 57, 'Impedit corrupti commodi fugit voluptatibus.', 3);
INSERT IGNORE INTO Ulasan (id_produk, id_pembeli, komentar, penilaian) VALUES (5, 49, 'Doloremque illum sequi adipisci. Amet voluptatibus sequi.', 4);
INSERT IGNORE INTO Ulasan (id_produk, id_pembeli, komentar, penilaian) VALUES (85, 60, 'Magnam expedita nesciunt temporibus iste.', 5);
INSERT IGNORE INTO Ulasan (id_produk, id_pembeli, komentar, penilaian) VALUES (73, 60, 'Quas quae possimus unde quidem. Natus dolorem esse voluptas. Explicabo quis fugit libero.', 1);
INSERT IGNORE INTO Ulasan (id_produk, id_pembeli, komentar, penilaian) VALUES (80, 21, 'Cupiditate ab quam illum doloremque tempore.', 5);
INSERT IGNORE INTO Ulasan (id_produk, id_pembeli, komentar, penilaian) VALUES (20, 21, 'Laborum voluptas placeat dolore nihil repellendus et.', 5);
INSERT IGNORE INTO Ulasan (id_produk, id_pembeli, komentar, penilaian) VALUES (77, 21, 'Quos esse id debitis numquam nesciunt.', 1);
INSERT IGNORE INTO Ulasan (id_produk, id_pembeli, komentar, penilaian) VALUES (46, 54, 'Dignissimos ullam fugit a esse. Officiis saepe asperiores nostrum ad.', 4);
INSERT IGNORE INTO Ulasan (id_produk, id_pembeli, komentar, penilaian) VALUES (65, 54, 'Atque amet dolorem deserunt porro. Id expedita unde cum laboriosam soluta beatae.', 3);
INSERT IGNORE INTO Ulasan (id_produk, id_pembeli, komentar, penilaian) VALUES (58, 54, 'Doloribus officiis eos a provident atque.', 4);
INSERT IGNORE INTO Ulasan (id_produk, id_pembeli, komentar, penilaian) VALUES (7, 54, 'Tempore ipsam qui id id dignissimos laudantium ea.', 4);
INSERT IGNORE INTO Ulasan (id_produk, id_pembeli, komentar, penilaian) VALUES (2, 31, 'Totam sit pariatur voluptates.', 2);
INSERT IGNORE INTO Ulasan (id_produk, id_pembeli, komentar, penilaian) VALUES (57, 14, 'Eum optio vel dolorum eligendi.', 3);
INSERT IGNORE INTO Ulasan (id_produk, id_pembeli, komentar, penilaian) VALUES (48, 14, 'Impedit ab cum neque magnam quibusdam molestias. Nemo odio rerum repellat aliquam neque dolores.', 2);
INSERT IGNORE INTO Ulasan (id_produk, id_pembeli, komentar, penilaian) VALUES (20, 50, 'Libero sequi modi pariatur sequi ratione. Sequi placeat voluptatum ea. Illo excepturi labore libero quo neque.', 1);
INSERT IGNORE INTO Ulasan (id_produk, id_pembeli, komentar, penilaian) VALUES (68, 35, 'Dolore accusamus magni repellat quasi enim repellendus. Facere adipisci quibusdam quas.', 2);
INSERT IGNORE INTO Ulasan (id_produk, id_pembeli, komentar, penilaian) VALUES (65, 35, 'Recusandae aspernatur tenetur vel ducimus sunt. Aut velit praesentium iure laudantium autem. Ullam laboriosam aliquam sapiente repellat.', 5);
INSERT IGNORE INTO Ulasan (id_produk, id_pembeli, komentar, penilaian) VALUES (21, 37, 'Itaque recusandae veniam laborum deserunt. Ratione esse commodi facere.', 4);
INSERT IGNORE INTO Ulasan (id_produk, id_pembeli, komentar, penilaian) VALUES (4, 37, 'Temporibus harum minus occaecati soluta consequuntur ipsum.', 4);
INSERT IGNORE INTO Ulasan (id_produk, id_pembeli, komentar, penilaian) VALUES (85, 37, 'Voluptatibus perferendis earum ea minus non vel cum. Beatae esse quaerat soluta.', 5);
INSERT IGNORE INTO Ulasan (id_produk, id_pembeli, komentar, penilaian) VALUES (96, 29, 'Sapiente nesciunt qui illum nam magni officia.', 1);
INSERT IGNORE INTO Ulasan (id_produk, id_pembeli, komentar, penilaian) VALUES (32, 29, 'Corrupti sunt enim exercitationem. Minima quaerat nam asperiores nemo perferendis eligendi error.', 3);
INSERT IGNORE INTO Ulasan (id_produk, id_pembeli, komentar, penilaian) VALUES (45, 53, 'Ea ad corrupti magnam quidem suscipit. Dolorem occaecati velit.', 4);
INSERT IGNORE INTO Ulasan (id_produk, id_pembeli, komentar, penilaian) VALUES (20, 53, 'Dolore in consectetur iste eveniet.', 4);
INSERT IGNORE INTO Ulasan (id_produk, id_pembeli, komentar, penilaian) VALUES (76, 11, 'Explicabo facere non voluptas. Quis voluptatum voluptatum minus illum temporibus.', 1);
INSERT IGNORE INTO Ulasan (id_produk, id_pembeli, komentar, penilaian) VALUES (64, 11, 'Doloremque quis similique incidunt.', 4);
INSERT IGNORE INTO Ulasan (id_produk, id_pembeli, komentar, penilaian) VALUES (73, 11, 'Quis quo accusantium eligendi. Eos ad aliquid sint dolorum. Odit sed vel dolorum minima non a odio. Perferendis aspernatur deserunt incidunt nam provident dolor.', 1);
INSERT IGNORE INTO Ulasan (id_produk, id_pembeli, komentar, penilaian) VALUES (95, 11, 'Aperiam quibusdam earum ipsum.', 1);
INSERT IGNORE INTO Ulasan (id_produk, id_pembeli, komentar, penilaian) VALUES (78, 33, 'Illo qui voluptas similique ducimus rerum. Perspiciatis quis natus asperiores.', 3);
INSERT IGNORE INTO Ulasan (id_produk, id_pembeli, komentar, penilaian) VALUES (85, 22, 'Fuga tempora dolorem non nam culpa occaecati.', 2);
INSERT IGNORE INTO Ulasan (id_produk, id_pembeli, komentar, penilaian) VALUES (44, 22, 'Molestiae beatae quia hic modi ad reprehenderit. Quas velit mollitia modi.', 2);
INSERT IGNORE INTO Ulasan (id_produk, id_pembeli, komentar, penilaian) VALUES (94, 11, 'Dolor corporis accusantium et molestias dolorum. Praesentium perferendis quo necessitatibus.', 5);
INSERT IGNORE INTO Ulasan (id_produk, id_pembeli, komentar, penilaian) VALUES (97, 14, 'Iusto veritatis eligendi sunt a quis.', 3);
INSERT IGNORE INTO Ulasan (id_produk, id_pembeli, komentar, penilaian) VALUES (28, 18, 'Odio voluptatibus commodi suscipit hic. Eveniet ducimus maxime. Atque eligendi eum officiis sequi.', 5);
INSERT IGNORE INTO Ulasan (id_produk, id_pembeli, komentar, penilaian) VALUES (72, 1, 'Quos suscipit nisi dolore. Velit dignissimos ad cumque commodi.
Reiciendis hic at minus animi optio totam.', 3);
INSERT IGNORE INTO Ulasan (id_produk, id_pembeli, komentar, penilaian) VALUES (80, 24, 'Voluptatibus est laborum eaque. Eius reprehenderit molestiae ipsam qui. Fugiat doloribus nostrum rem ipsa voluptate.', 3);
INSERT IGNORE INTO Ulasan (id_produk, id_pembeli, komentar, penilaian) VALUES (99, 44, 'Asperiores quia incidunt voluptatem hic consectetur magnam.
Facere ut impedit fugiat.', 4);
INSERT IGNORE INTO Ulasan (id_produk, id_pembeli, komentar, penilaian) VALUES (47, 49, 'Dolorem vitae magnam quo expedita vero assumenda. Repellat distinctio aspernatur non necessitatibus. Nobis dignissimos alias nobis eaque fugiat.', 5);
INSERT IGNORE INTO Ulasan (id_produk, id_pembeli, komentar, penilaian) VALUES (65, 16, 'Cumque minus libero beatae debitis libero. Cum deleniti earum deserunt. Ut nemo accusamus sunt.', 3);
INSERT IGNORE INTO Ulasan (id_produk, id_pembeli, komentar, penilaian) VALUES (32, 12, 'Dignissimos in vero delectus aut. Explicabo odio hic dolorem amet occaecati nihil.', 4);
INSERT IGNORE INTO Ulasan (id_produk, id_pembeli, komentar, penilaian) VALUES (77, 17, 'Blanditiis consequatur veritatis tempora odio sint ipsam. Aut est molestiae officia harum.', 4);
INSERT IGNORE INTO Ulasan (id_produk, id_pembeli, komentar, penilaian) VALUES (82, 27, 'Delectus hic nemo veniam alias aliquid. Mollitia inventore soluta rerum tempora. Illum molestias ipsam voluptatibus quidem alias doloremque vero.', 3);
INSERT IGNORE INTO Ulasan (id_produk, id_pembeli, komentar, penilaian) VALUES (78, 56, 'Eveniet laborum beatae voluptatem.
Eos vel quidem molestias provident totam quae. Natus ipsa saepe. Iste odit veniam.', 3);
INSERT IGNORE INTO Ulasan (id_produk, id_pembeli, komentar, penilaian) VALUES (29, 55, 'Nisi ab qui quod consectetur. Debitis officia cum quae sed quibusdam.', 4);
INSERT IGNORE INTO Ulasan (id_produk, id_pembeli, komentar, penilaian) VALUES (28, 25, 'At voluptatibus rerum sequi in. Dolore officiis hic est.', 5);
INSERT IGNORE INTO Ulasan (id_produk, id_pembeli, komentar, penilaian) VALUES (50, 48, 'Alias id debitis illo quam rem accusantium. Voluptatibus aut exercitationem quia.', 4);
INSERT IGNORE INTO Ulasan (id_produk, id_pembeli, komentar, penilaian) VALUES (59, 28, 'At ut corrupti nisi. Nobis quas architecto.', 3);
INSERT IGNORE INTO Ulasan (id_produk, id_pembeli, komentar, penilaian) VALUES (58, 40, 'Cumque reiciendis animi ipsa reiciendis. Eum illum beatae mollitia similique. Debitis odio quia perferendis non.', 4);
INSERT IGNORE INTO Ulasan (id_produk, id_pembeli, komentar, penilaian) VALUES (78, 32, 'Veniam facere iure minus doloremque. Aut aut fugiat unde velit repudiandae.
Exercitationem ab quae nulla quidem.', 4);
INSERT IGNORE INTO Ulasan (id_produk, id_pembeli, komentar, penilaian) VALUES (17, 14, 'Et corrupti autem aliquam. Repudiandae labore cum officiis ullam incidunt. Quaerat quisquam necessitatibus doloremque.', 3);
INSERT IGNORE INTO Ulasan (id_produk, id_pembeli, komentar, penilaian) VALUES (49, 19, 'Nobis ratione atque iste culpa magnam. Expedita quaerat illo impedit ut veritatis nam.
Iste in illo.
Nam ipsum placeat.', 3);
INSERT IGNORE INTO Ulasan (id_produk, id_pembeli, komentar, penilaian) VALUES (81, 50, 'Facere non ut vel sapiente. Explicabo facere veritatis culpa eaque placeat quis.', 5);

-- Teman
INSERT IGNORE INTO Teman (id_diikuti, id_mengikuti) VALUES (7, 1);
INSERT IGNORE INTO Teman (id_diikuti, id_mengikuti) VALUES (101, 2);
INSERT IGNORE INTO Teman (id_diikuti, id_mengikuti) VALUES (32, 2);
INSERT IGNORE INTO Teman (id_diikuti, id_mengikuti) VALUES (60, 2);
INSERT IGNORE INTO Teman (id_diikuti, id_mengikuti) VALUES (104, 2);
INSERT IGNORE INTO Teman (id_diikuti, id_mengikuti) VALUES (63, 2);
INSERT IGNORE INTO Teman (id_diikuti, id_mengikuti) VALUES (23, 3);
INSERT IGNORE INTO Teman (id_diikuti, id_mengikuti) VALUES (51, 3);
INSERT IGNORE INTO Teman (id_diikuti, id_mengikuti) VALUES (89, 5);
INSERT IGNORE INTO Teman (id_diikuti, id_mengikuti) VALUES (51, 5);
INSERT IGNORE INTO Teman (id_diikuti, id_mengikuti) VALUES (7, 5);
INSERT IGNORE INTO Teman (id_diikuti, id_mengikuti) VALUES (60, 5);
INSERT IGNORE INTO Teman (id_diikuti, id_mengikuti) VALUES (42, 5);
INSERT IGNORE INTO Teman (id_diikuti, id_mengikuti) VALUES (103, 5);
INSERT IGNORE INTO Teman (id_diikuti, id_mengikuti) VALUES (94, 5);
INSERT IGNORE INTO Teman (id_diikuti, id_mengikuti) VALUES (55, 6);
INSERT IGNORE INTO Teman (id_diikuti, id_mengikuti) VALUES (78, 6);
INSERT IGNORE INTO Teman (id_diikuti, id_mengikuti) VALUES (60, 6);
INSERT IGNORE INTO Teman (id_diikuti, id_mengikuti) VALUES (7, 6);
INSERT IGNORE INTO Teman (id_diikuti, id_mengikuti) VALUES (57, 7);
INSERT IGNORE INTO Teman (id_diikuti, id_mengikuti) VALUES (24, 7);
INSERT IGNORE INTO Teman (id_diikuti, id_mengikuti) VALUES (26, 7);
INSERT IGNORE INTO Teman (id_diikuti, id_mengikuti) VALUES (20, 8);
INSERT IGNORE INTO Teman (id_diikuti, id_mengikuti) VALUES (66, 9);
INSERT IGNORE INTO Teman (id_diikuti, id_mengikuti) VALUES (40, 9);
INSERT IGNORE INTO Teman (id_diikuti, id_mengikuti) VALUES (51, 9);
INSERT IGNORE INTO Teman (id_diikuti, id_mengikuti) VALUES (81, 9);
INSERT IGNORE INTO Teman (id_diikuti, id_mengikuti) VALUES (88, 9);
INSERT IGNORE INTO Teman (id_diikuti, id_mengikuti) VALUES (108, 10);
INSERT IGNORE INTO Teman (id_diikuti, id_mengikuti) VALUES (17, 10);
INSERT IGNORE INTO Teman (id_diikuti, id_mengikuti) VALUES (55, 10);
INSERT IGNORE INTO Teman (id_diikuti, id_mengikuti) VALUES (53, 10);
INSERT IGNORE INTO Teman (id_diikuti, id_mengikuti) VALUES (7, 11);
INSERT IGNORE INTO Teman (id_diikuti, id_mengikuti) VALUES (29, 11);
INSERT IGNORE INTO Teman (id_diikuti, id_mengikuti) VALUES (101, 11);
INSERT IGNORE INTO Teman (id_diikuti, id_mengikuti) VALUES (47, 11);
INSERT IGNORE INTO Teman (id_diikuti, id_mengikuti) VALUES (106, 12);
INSERT IGNORE INTO Teman (id_diikuti, id_mengikuti) VALUES (2, 13);
INSERT IGNORE INTO Teman (id_diikuti, id_mengikuti) VALUES (71, 13);
INSERT IGNORE INTO Teman (id_diikuti, id_mengikuti) VALUES (35, 13);
INSERT IGNORE INTO Teman (id_diikuti, id_mengikuti) VALUES (11, 13);
INSERT IGNORE INTO Teman (id_diikuti, id_mengikuti) VALUES (85, 13);
INSERT IGNORE INTO Teman (id_diikuti, id_mengikuti) VALUES (56, 13);
INSERT IGNORE INTO Teman (id_diikuti, id_mengikuti) VALUES (100, 14);
INSERT IGNORE INTO Teman (id_diikuti, id_mengikuti) VALUES (43, 14);
INSERT IGNORE INTO Teman (id_diikuti, id_mengikuti) VALUES (11, 14);
INSERT IGNORE INTO Teman (id_diikuti, id_mengikuti) VALUES (38, 14);
INSERT IGNORE INTO Teman (id_diikuti, id_mengikuti) VALUES (89, 14);
INSERT IGNORE INTO Teman (id_diikuti, id_mengikuti) VALUES (34, 14);
INSERT IGNORE INTO Teman (id_diikuti, id_mengikuti) VALUES (45, 14);
INSERT IGNORE INTO Teman (id_diikuti, id_mengikuti) VALUES (36, 15);
INSERT IGNORE INTO Teman (id_diikuti, id_mengikuti) VALUES (19, 15);
INSERT IGNORE INTO Teman (id_diikuti, id_mengikuti) VALUES (29, 15);
INSERT IGNORE INTO Teman (id_diikuti, id_mengikuti) VALUES (95, 16);
INSERT IGNORE INTO Teman (id_diikuti, id_mengikuti) VALUES (15, 16);
INSERT IGNORE INTO Teman (id_diikuti, id_mengikuti) VALUES (76, 16);
INSERT IGNORE INTO Teman (id_diikuti, id_mengikuti) VALUES (65, 16);
INSERT IGNORE INTO Teman (id_diikuti, id_mengikuti) VALUES (55, 16);
INSERT IGNORE INTO Teman (id_diikuti, id_mengikuti) VALUES (31, 16);
INSERT IGNORE INTO Teman (id_diikuti, id_mengikuti) VALUES (102, 17);
INSERT IGNORE INTO Teman (id_diikuti, id_mengikuti) VALUES (105, 17);
INSERT IGNORE INTO Teman (id_diikuti, id_mengikuti) VALUES (20, 17);
INSERT IGNORE INTO Teman (id_diikuti, id_mengikuti) VALUES (69, 17);
INSERT IGNORE INTO Teman (id_diikuti, id_mengikuti) VALUES (52, 17);
INSERT IGNORE INTO Teman (id_diikuti, id_mengikuti) VALUES (14, 17);
INSERT IGNORE INTO Teman (id_diikuti, id_mengikuti) VALUES (79, 17);
INSERT IGNORE INTO Teman (id_diikuti, id_mengikuti) VALUES (106, 18);
INSERT IGNORE INTO Teman (id_diikuti, id_mengikuti) VALUES (44, 18);
INSERT IGNORE INTO Teman (id_diikuti, id_mengikuti) VALUES (96, 18);
INSERT IGNORE INTO Teman (id_diikuti, id_mengikuti) VALUES (108, 18);
INSERT IGNORE INTO Teman (id_diikuti, id_mengikuti) VALUES (16, 19);
INSERT IGNORE INTO Teman (id_diikuti, id_mengikuti) VALUES (76, 19);
INSERT IGNORE INTO Teman (id_diikuti, id_mengikuti) VALUES (92, 20);
INSERT IGNORE INTO Teman (id_diikuti, id_mengikuti) VALUES (96, 21);
INSERT IGNORE INTO Teman (id_diikuti, id_mengikuti) VALUES (86, 21);
INSERT IGNORE INTO Teman (id_diikuti, id_mengikuti) VALUES (13, 21);
INSERT IGNORE INTO Teman (id_diikuti, id_mengikuti) VALUES (67, 22);
INSERT IGNORE INTO Teman (id_diikuti, id_mengikuti) VALUES (52, 23);
INSERT IGNORE INTO Teman (id_diikuti, id_mengikuti) VALUES (106, 23);
INSERT IGNORE INTO Teman (id_diikuti, id_mengikuti) VALUES (104, 23);
INSERT IGNORE INTO Teman (id_diikuti, id_mengikuti) VALUES (67, 23);
INSERT IGNORE INTO Teman (id_diikuti, id_mengikuti) VALUES (53, 24);
INSERT IGNORE INTO Teman (id_diikuti, id_mengikuti) VALUES (96, 25);
INSERT IGNORE INTO Teman (id_diikuti, id_mengikuti) VALUES (65, 25);
INSERT IGNORE INTO Teman (id_diikuti, id_mengikuti) VALUES (89, 26);
INSERT IGNORE INTO Teman (id_diikuti, id_mengikuti) VALUES (6, 26);
INSERT IGNORE INTO Teman (id_diikuti, id_mengikuti) VALUES (3, 27);
INSERT IGNORE INTO Teman (id_diikuti, id_mengikuti) VALUES (61, 27);
INSERT IGNORE INTO Teman (id_diikuti, id_mengikuti) VALUES (71, 27);
INSERT IGNORE INTO Teman (id_diikuti, id_mengikuti) VALUES (44, 27);
INSERT IGNORE INTO Teman (id_diikuti, id_mengikuti) VALUES (4, 27);
INSERT IGNORE INTO Teman (id_diikuti, id_mengikuti) VALUES (76, 27);
INSERT IGNORE INTO Teman (id_diikuti, id_mengikuti) VALUES (91, 27);
INSERT IGNORE INTO Teman (id_diikuti, id_mengikuti) VALUES (22, 28);
INSERT IGNORE INTO Teman (id_diikuti, id_mengikuti) VALUES (100, 28);
INSERT IGNORE INTO Teman (id_diikuti, id_mengikuti) VALUES (33, 28);
INSERT IGNORE INTO Teman (id_diikuti, id_mengikuti) VALUES (20, 30);
INSERT IGNORE INTO Teman (id_diikuti, id_mengikuti) VALUES (11, 30);
INSERT IGNORE INTO Teman (id_diikuti, id_mengikuti) VALUES (106, 30);
INSERT IGNORE INTO Teman (id_diikuti, id_mengikuti) VALUES (14, 30);
INSERT IGNORE INTO Teman (id_diikuti, id_mengikuti) VALUES (106, 31);
INSERT IGNORE INTO Teman (id_diikuti, id_mengikuti) VALUES (29, 31);
INSERT IGNORE INTO Teman (id_diikuti, id_mengikuti) VALUES (12, 33);
INSERT IGNORE INTO Teman (id_diikuti, id_mengikuti) VALUES (88, 33);
INSERT IGNORE INTO Teman (id_diikuti, id_mengikuti) VALUES (79, 34);
INSERT IGNORE INTO Teman (id_diikuti, id_mengikuti) VALUES (62, 34);
INSERT IGNORE INTO Teman (id_diikuti, id_mengikuti) VALUES (55, 34);
INSERT IGNORE INTO Teman (id_diikuti, id_mengikuti) VALUES (54, 34);
INSERT IGNORE INTO Teman (id_diikuti, id_mengikuti) VALUES (71, 36);
INSERT IGNORE INTO Teman (id_diikuti, id_mengikuti) VALUES (80, 36);
INSERT IGNORE INTO Teman (id_diikuti, id_mengikuti) VALUES (22, 36);
INSERT IGNORE INTO Teman (id_diikuti, id_mengikuti) VALUES (102, 37);
INSERT IGNORE INTO Teman (id_diikuti, id_mengikuti) VALUES (43, 37);
INSERT IGNORE INTO Teman (id_diikuti, id_mengikuti) VALUES (89, 37);
INSERT IGNORE INTO Teman (id_diikuti, id_mengikuti) VALUES (45, 39);
INSERT IGNORE INTO Teman (id_diikuti, id_mengikuti) VALUES (104, 39);
INSERT IGNORE INTO Teman (id_diikuti, id_mengikuti) VALUES (26, 39);
INSERT IGNORE INTO Teman (id_diikuti, id_mengikuti) VALUES (11, 40);
INSERT IGNORE INTO Teman (id_diikuti, id_mengikuti) VALUES (75, 40);
INSERT IGNORE INTO Teman (id_diikuti, id_mengikuti) VALUES (56, 40);
INSERT IGNORE INTO Teman (id_diikuti, id_mengikuti) VALUES (16, 40);
INSERT IGNORE INTO Teman (id_diikuti, id_mengikuti) VALUES (87, 41);
INSERT IGNORE INTO Teman (id_diikuti, id_mengikuti) VALUES (91, 41);
INSERT IGNORE INTO Teman (id_diikuti, id_mengikuti) VALUES (70, 41);
INSERT IGNORE INTO Teman (id_diikuti, id_mengikuti) VALUES (9, 41);
INSERT IGNORE INTO Teman (id_diikuti, id_mengikuti) VALUES (63, 42);
INSERT IGNORE INTO Teman (id_diikuti, id_mengikuti) VALUES (70, 43);
INSERT IGNORE INTO Teman (id_diikuti, id_mengikuti) VALUES (87, 43);
INSERT IGNORE INTO Teman (id_diikuti, id_mengikuti) VALUES (98, 43);
INSERT IGNORE INTO Teman (id_diikuti, id_mengikuti) VALUES (61, 43);
INSERT IGNORE INTO Teman (id_diikuti, id_mengikuti) VALUES (106, 43);
INSERT IGNORE INTO Teman (id_diikuti, id_mengikuti) VALUES (66, 44);
INSERT IGNORE INTO Teman (id_diikuti, id_mengikuti) VALUES (1, 44);
INSERT IGNORE INTO Teman (id_diikuti, id_mengikuti) VALUES (22, 44);
INSERT IGNORE INTO Teman (id_diikuti, id_mengikuti) VALUES (5, 44);
INSERT IGNORE INTO Teman (id_diikuti, id_mengikuti) VALUES (12, 44);
INSERT IGNORE INTO Teman (id_diikuti, id_mengikuti) VALUES (52, 44);
INSERT IGNORE INTO Teman (id_diikuti, id_mengikuti) VALUES (95, 45);
INSERT IGNORE INTO Teman (id_diikuti, id_mengikuti) VALUES (61, 45);
INSERT IGNORE INTO Teman (id_diikuti, id_mengikuti) VALUES (73, 45);
INSERT IGNORE INTO Teman (id_diikuti, id_mengikuti) VALUES (87, 46);
INSERT IGNORE INTO Teman (id_diikuti, id_mengikuti) VALUES (101, 46);
INSERT IGNORE INTO Teman (id_diikuti, id_mengikuti) VALUES (88, 46);
INSERT IGNORE INTO Teman (id_diikuti, id_mengikuti) VALUES (50, 46);
INSERT IGNORE INTO Teman (id_diikuti, id_mengikuti) VALUES (28, 46);
INSERT IGNORE INTO Teman (id_diikuti, id_mengikuti) VALUES (87, 47);
INSERT IGNORE INTO Teman (id_diikuti, id_mengikuti) VALUES (24, 47);
INSERT IGNORE INTO Teman (id_diikuti, id_mengikuti) VALUES (95, 47);
INSERT IGNORE INTO Teman (id_diikuti, id_mengikuti) VALUES (41, 47);
INSERT IGNORE INTO Teman (id_diikuti, id_mengikuti) VALUES (31, 47);
INSERT IGNORE INTO Teman (id_diikuti, id_mengikuti) VALUES (18, 48);
INSERT IGNORE INTO Teman (id_diikuti, id_mengikuti) VALUES (21, 49);
INSERT IGNORE INTO Teman (id_diikuti, id_mengikuti) VALUES (90, 49);
INSERT IGNORE INTO Teman (id_diikuti, id_mengikuti) VALUES (15, 49);
INSERT IGNORE INTO Teman (id_diikuti, id_mengikuti) VALUES (100, 49);
INSERT IGNORE INTO Teman (id_diikuti, id_mengikuti) VALUES (82, 49);
INSERT IGNORE INTO Teman (id_diikuti, id_mengikuti) VALUES (12, 49);
INSERT IGNORE INTO Teman (id_diikuti, id_mengikuti) VALUES (79, 49);
INSERT IGNORE INTO Teman (id_diikuti, id_mengikuti) VALUES (78, 50);
INSERT IGNORE INTO Teman (id_diikuti, id_mengikuti) VALUES (28, 50);
INSERT IGNORE INTO Teman (id_diikuti, id_mengikuti) VALUES (63, 50);
INSERT IGNORE INTO Teman (id_diikuti, id_mengikuti) VALUES (6, 50);
INSERT IGNORE INTO Teman (id_diikuti, id_mengikuti) VALUES (46, 50);
INSERT IGNORE INTO Teman (id_diikuti, id_mengikuti) VALUES (26, 50);
INSERT IGNORE INTO Teman (id_diikuti, id_mengikuti) VALUES (44, 50);
INSERT IGNORE INTO Teman (id_diikuti, id_mengikuti) VALUES (67, 51);
INSERT IGNORE INTO Teman (id_diikuti, id_mengikuti) VALUES (21, 51);
INSERT IGNORE INTO Teman (id_diikuti, id_mengikuti) VALUES (97, 52);
INSERT IGNORE INTO Teman (id_diikuti, id_mengikuti) VALUES (24, 52);
INSERT IGNORE INTO Teman (id_diikuti, id_mengikuti) VALUES (42, 52);
INSERT IGNORE INTO Teman (id_diikuti, id_mengikuti) VALUES (99, 53);
INSERT IGNORE INTO Teman (id_diikuti, id_mengikuti) VALUES (13, 53);
INSERT IGNORE INTO Teman (id_diikuti, id_mengikuti) VALUES (68, 53);
INSERT IGNORE INTO Teman (id_diikuti, id_mengikuti) VALUES (49, 54);
INSERT IGNORE INTO Teman (id_diikuti, id_mengikuti) VALUES (65, 56);
INSERT IGNORE INTO Teman (id_diikuti, id_mengikuti) VALUES (21, 56);
INSERT IGNORE INTO Teman (id_diikuti, id_mengikuti) VALUES (41, 56);
INSERT IGNORE INTO Teman (id_diikuti, id_mengikuti) VALUES (75, 56);
INSERT IGNORE INTO Teman (id_diikuti, id_mengikuti) VALUES (66, 56);
INSERT IGNORE INTO Teman (id_diikuti, id_mengikuti) VALUES (35, 57);
INSERT IGNORE INTO Teman (id_diikuti, id_mengikuti) VALUES (46, 57);
INSERT IGNORE INTO Teman (id_diikuti, id_mengikuti) VALUES (107, 57);
INSERT IGNORE INTO Teman (id_diikuti, id_mengikuti) VALUES (64, 57);
INSERT IGNORE INTO Teman (id_diikuti, id_mengikuti) VALUES (75, 57);
INSERT IGNORE INTO Teman (id_diikuti, id_mengikuti) VALUES (39, 57);
INSERT IGNORE INTO Teman (id_diikuti, id_mengikuti) VALUES (29, 57);
INSERT IGNORE INTO Teman (id_diikuti, id_mengikuti) VALUES (70, 58);
INSERT IGNORE INTO Teman (id_diikuti, id_mengikuti) VALUES (88, 58);
INSERT IGNORE INTO Teman (id_diikuti, id_mengikuti) VALUES (99, 59);
INSERT IGNORE INTO Teman (id_diikuti, id_mengikuti) VALUES (90, 59);
INSERT IGNORE INTO Teman (id_diikuti, id_mengikuti) VALUES (98, 59);
INSERT IGNORE INTO Teman (id_diikuti, id_mengikuti) VALUES (38, 59);
INSERT IGNORE INTO Teman (id_diikuti, id_mengikuti) VALUES (55, 60);
INSERT IGNORE INTO Teman (id_diikuti, id_mengikuti) VALUES (106, 60);
INSERT IGNORE INTO Teman (id_diikuti, id_mengikuti) VALUES (48, 60);
INSERT IGNORE INTO Teman (id_diikuti, id_mengikuti) VALUES (4, 60);
INSERT IGNORE INTO Teman (id_diikuti, id_mengikuti) VALUES (83, 60);
INSERT IGNORE INTO Teman (id_diikuti, id_mengikuti) VALUES (9, 61);
INSERT IGNORE INTO Teman (id_diikuti, id_mengikuti) VALUES (80, 61);
INSERT IGNORE INTO Teman (id_diikuti, id_mengikuti) VALUES (66, 61);
INSERT IGNORE INTO Teman (id_diikuti, id_mengikuti) VALUES (79, 62);
INSERT IGNORE INTO Teman (id_diikuti, id_mengikuti) VALUES (41, 62);
INSERT IGNORE INTO Teman (id_diikuti, id_mengikuti) VALUES (50, 62);
INSERT IGNORE INTO Teman (id_diikuti, id_mengikuti) VALUES (94, 62);
INSERT IGNORE INTO Teman (id_diikuti, id_mengikuti) VALUES (23, 62);
INSERT IGNORE INTO Teman (id_diikuti, id_mengikuti) VALUES (104, 63);
INSERT IGNORE INTO Teman (id_diikuti, id_mengikuti) VALUES (47, 63);
INSERT IGNORE INTO Teman (id_diikuti, id_mengikuti) VALUES (6, 63);
INSERT IGNORE INTO Teman (id_diikuti, id_mengikuti) VALUES (16, 63);
INSERT IGNORE INTO Teman (id_diikuti, id_mengikuti) VALUES (30, 64);
INSERT IGNORE INTO Teman (id_diikuti, id_mengikuti) VALUES (74, 64);
INSERT IGNORE INTO Teman (id_diikuti, id_mengikuti) VALUES (25, 64);
INSERT IGNORE INTO Teman (id_diikuti, id_mengikuti) VALUES (102, 64);
INSERT IGNORE INTO Teman (id_diikuti, id_mengikuti) VALUES (84, 64);
INSERT IGNORE INTO Teman (id_diikuti, id_mengikuti) VALUES (21, 64);
INSERT IGNORE INTO Teman (id_diikuti, id_mengikuti) VALUES (6, 64);
INSERT IGNORE INTO Teman (id_diikuti, id_mengikuti) VALUES (77, 65);
INSERT IGNORE INTO Teman (id_diikuti, id_mengikuti) VALUES (54, 65);
INSERT IGNORE INTO Teman (id_diikuti, id_mengikuti) VALUES (50, 65);
INSERT IGNORE INTO Teman (id_diikuti, id_mengikuti) VALUES (73, 65);
INSERT IGNORE INTO Teman (id_diikuti, id_mengikuti) VALUES (86, 65);
INSERT IGNORE INTO Teman (id_diikuti, id_mengikuti) VALUES (88, 66);
INSERT IGNORE INTO Teman (id_diikuti, id_mengikuti) VALUES (62, 67);
INSERT IGNORE INTO Teman (id_diikuti, id_mengikuti) VALUES (54, 67);
INSERT IGNORE INTO Teman (id_diikuti, id_mengikuti) VALUES (76, 68);
INSERT IGNORE INTO Teman (id_diikuti, id_mengikuti) VALUES (2, 68);
INSERT IGNORE INTO Teman (id_diikuti, id_mengikuti) VALUES (60, 69);
INSERT IGNORE INTO Teman (id_diikuti, id_mengikuti) VALUES (12, 69);
INSERT IGNORE INTO Teman (id_diikuti, id_mengikuti) VALUES (66, 69);
INSERT IGNORE INTO Teman (id_diikuti, id_mengikuti) VALUES (30, 69);
INSERT IGNORE INTO Teman (id_diikuti, id_mengikuti) VALUES (11, 69);
INSERT IGNORE INTO Teman (id_diikuti, id_mengikuti) VALUES (34, 70);
INSERT IGNORE INTO Teman (id_diikuti, id_mengikuti) VALUES (12, 70);
INSERT IGNORE INTO Teman (id_diikuti, id_mengikuti) VALUES (99, 70);
INSERT IGNORE INTO Teman (id_diikuti, id_mengikuti) VALUES (75, 71);
INSERT IGNORE INTO Teman (id_diikuti, id_mengikuti) VALUES (8, 71);
INSERT IGNORE INTO Teman (id_diikuti, id_mengikuti) VALUES (84, 71);
INSERT IGNORE INTO Teman (id_diikuti, id_mengikuti) VALUES (36, 72);
INSERT IGNORE INTO Teman (id_diikuti, id_mengikuti) VALUES (92, 72);
INSERT IGNORE INTO Teman (id_diikuti, id_mengikuti) VALUES (98, 72);
INSERT IGNORE INTO Teman (id_diikuti, id_mengikuti) VALUES (25, 73);
INSERT IGNORE INTO Teman (id_diikuti, id_mengikuti) VALUES (58, 74);
INSERT IGNORE INTO Teman (id_diikuti, id_mengikuti) VALUES (37, 74);
INSERT IGNORE INTO Teman (id_diikuti, id_mengikuti) VALUES (39, 74);
INSERT IGNORE INTO Teman (id_diikuti, id_mengikuti) VALUES (24, 74);
INSERT IGNORE INTO Teman (id_diikuti, id_mengikuti) VALUES (105, 75);
INSERT IGNORE INTO Teman (id_diikuti, id_mengikuti) VALUES (35, 78);
INSERT IGNORE INTO Teman (id_diikuti, id_mengikuti) VALUES (73, 78);
INSERT IGNORE INTO Teman (id_diikuti, id_mengikuti) VALUES (97, 78);
INSERT IGNORE INTO Teman (id_diikuti, id_mengikuti) VALUES (11, 80);
INSERT IGNORE INTO Teman (id_diikuti, id_mengikuti) VALUES (106, 80);
INSERT IGNORE INTO Teman (id_diikuti, id_mengikuti) VALUES (85, 80);
INSERT IGNORE INTO Teman (id_diikuti, id_mengikuti) VALUES (57, 81);
INSERT IGNORE INTO Teman (id_diikuti, id_mengikuti) VALUES (96, 83);
INSERT IGNORE INTO Teman (id_diikuti, id_mengikuti) VALUES (11, 83);
INSERT IGNORE INTO Teman (id_diikuti, id_mengikuti) VALUES (60, 83);
INSERT IGNORE INTO Teman (id_diikuti, id_mengikuti) VALUES (6, 83);
INSERT IGNORE INTO Teman (id_diikuti, id_mengikuti) VALUES (63, 84);
INSERT IGNORE INTO Teman (id_diikuti, id_mengikuti) VALUES (61, 84);
INSERT IGNORE INTO Teman (id_diikuti, id_mengikuti) VALUES (34, 84);
INSERT IGNORE INTO Teman (id_diikuti, id_mengikuti) VALUES (75, 84);
INSERT IGNORE INTO Teman (id_diikuti, id_mengikuti) VALUES (87, 84);
INSERT IGNORE INTO Teman (id_diikuti, id_mengikuti) VALUES (37, 84);
INSERT IGNORE INTO Teman (id_diikuti, id_mengikuti) VALUES (49, 84);
INSERT IGNORE INTO Teman (id_diikuti, id_mengikuti) VALUES (90, 85);
INSERT IGNORE INTO Teman (id_diikuti, id_mengikuti) VALUES (53, 85);
INSERT IGNORE INTO Teman (id_diikuti, id_mengikuti) VALUES (27, 85);
INSERT IGNORE INTO Teman (id_diikuti, id_mengikuti) VALUES (23, 85);
INSERT IGNORE INTO Teman (id_diikuti, id_mengikuti) VALUES (43, 85);
INSERT IGNORE INTO Teman (id_diikuti, id_mengikuti) VALUES (57, 85);
INSERT IGNORE INTO Teman (id_diikuti, id_mengikuti) VALUES (70, 85);
INSERT IGNORE INTO Teman (id_diikuti, id_mengikuti) VALUES (5, 86);
INSERT IGNORE INTO Teman (id_diikuti, id_mengikuti) VALUES (43, 86);
INSERT IGNORE INTO Teman (id_diikuti, id_mengikuti) VALUES (88, 86);
INSERT IGNORE INTO Teman (id_diikuti, id_mengikuti) VALUES (69, 86);
INSERT IGNORE INTO Teman (id_diikuti, id_mengikuti) VALUES (55, 87);
INSERT IGNORE INTO Teman (id_diikuti, id_mengikuti) VALUES (67, 87);
INSERT IGNORE INTO Teman (id_diikuti, id_mengikuti) VALUES (82, 87);
INSERT IGNORE INTO Teman (id_diikuti, id_mengikuti) VALUES (73, 87);
INSERT IGNORE INTO Teman (id_diikuti, id_mengikuti) VALUES (15, 88);
INSERT IGNORE INTO Teman (id_diikuti, id_mengikuti) VALUES (49, 88);
INSERT IGNORE INTO Teman (id_diikuti, id_mengikuti) VALUES (40, 88);
INSERT IGNORE INTO Teman (id_diikuti, id_mengikuti) VALUES (29, 88);
INSERT IGNORE INTO Teman (id_diikuti, id_mengikuti) VALUES (33, 88);
INSERT IGNORE INTO Teman (id_diikuti, id_mengikuti) VALUES (80, 88);
INSERT IGNORE INTO Teman (id_diikuti, id_mengikuti) VALUES (36, 89);
INSERT IGNORE INTO Teman (id_diikuti, id_mengikuti) VALUES (29, 89);
INSERT IGNORE INTO Teman (id_diikuti, id_mengikuti) VALUES (84, 89);
INSERT IGNORE INTO Teman (id_diikuti, id_mengikuti) VALUES (28, 90);
INSERT IGNORE INTO Teman (id_diikuti, id_mengikuti) VALUES (99, 90);
INSERT IGNORE INTO Teman (id_diikuti, id_mengikuti) VALUES (23, 90);
INSERT IGNORE INTO Teman (id_diikuti, id_mengikuti) VALUES (63, 90);
INSERT IGNORE INTO Teman (id_diikuti, id_mengikuti) VALUES (74, 92);
INSERT IGNORE INTO Teman (id_diikuti, id_mengikuti) VALUES (46, 92);
INSERT IGNORE INTO Teman (id_diikuti, id_mengikuti) VALUES (104, 93);
INSERT IGNORE INTO Teman (id_diikuti, id_mengikuti) VALUES (68, 93);
INSERT IGNORE INTO Teman (id_diikuti, id_mengikuti) VALUES (53, 93);
INSERT IGNORE INTO Teman (id_diikuti, id_mengikuti) VALUES (1, 93);
INSERT IGNORE INTO Teman (id_diikuti, id_mengikuti) VALUES (8, 93);
INSERT IGNORE INTO Teman (id_diikuti, id_mengikuti) VALUES (36, 93);
INSERT IGNORE INTO Teman (id_diikuti, id_mengikuti) VALUES (86, 93);
INSERT IGNORE INTO Teman (id_diikuti, id_mengikuti) VALUES (17, 94);
INSERT IGNORE INTO Teman (id_diikuti, id_mengikuti) VALUES (110, 94);
INSERT IGNORE INTO Teman (id_diikuti, id_mengikuti) VALUES (57, 94);
INSERT IGNORE INTO Teman (id_diikuti, id_mengikuti) VALUES (102, 94);
INSERT IGNORE INTO Teman (id_diikuti, id_mengikuti) VALUES (32, 95);
INSERT IGNORE INTO Teman (id_diikuti, id_mengikuti) VALUES (90, 95);
INSERT IGNORE INTO Teman (id_diikuti, id_mengikuti) VALUES (44, 96);
INSERT IGNORE INTO Teman (id_diikuti, id_mengikuti) VALUES (55, 96);
INSERT IGNORE INTO Teman (id_diikuti, id_mengikuti) VALUES (56, 96);
INSERT IGNORE INTO Teman (id_diikuti, id_mengikuti) VALUES (7, 96);
INSERT IGNORE INTO Teman (id_diikuti, id_mengikuti) VALUES (28, 96);
INSERT IGNORE INTO Teman (id_diikuti, id_mengikuti) VALUES (105, 96);
INSERT IGNORE INTO Teman (id_diikuti, id_mengikuti) VALUES (41, 96);
INSERT IGNORE INTO Teman (id_diikuti, id_mengikuti) VALUES (36, 98);
INSERT IGNORE INTO Teman (id_diikuti, id_mengikuti) VALUES (17, 98);
INSERT IGNORE INTO Teman (id_diikuti, id_mengikuti) VALUES (87, 98);
INSERT IGNORE INTO Teman (id_diikuti, id_mengikuti) VALUES (6, 98);
INSERT IGNORE INTO Teman (id_diikuti, id_mengikuti) VALUES (83, 98);
INSERT IGNORE INTO Teman (id_diikuti, id_mengikuti) VALUES (18, 98);
INSERT IGNORE INTO Teman (id_diikuti, id_mengikuti) VALUES (105, 99);
INSERT IGNORE INTO Teman (id_diikuti, id_mengikuti) VALUES (91, 100);
INSERT IGNORE INTO Teman (id_diikuti, id_mengikuti) VALUES (69, 100);
INSERT IGNORE INTO Teman (id_diikuti, id_mengikuti) VALUES (9, 101);
INSERT IGNORE INTO Teman (id_diikuti, id_mengikuti) VALUES (54, 101);
INSERT IGNORE INTO Teman (id_diikuti, id_mengikuti) VALUES (12, 101);
INSERT IGNORE INTO Teman (id_diikuti, id_mengikuti) VALUES (69, 101);
INSERT IGNORE INTO Teman (id_diikuti, id_mengikuti) VALUES (87, 101);
INSERT IGNORE INTO Teman (id_diikuti, id_mengikuti) VALUES (21, 101);
INSERT IGNORE INTO Teman (id_diikuti, id_mengikuti) VALUES (53, 102);
INSERT IGNORE INTO Teman (id_diikuti, id_mengikuti) VALUES (7, 102);
INSERT IGNORE INTO Teman (id_diikuti, id_mengikuti) VALUES (72, 103);
INSERT IGNORE INTO Teman (id_diikuti, id_mengikuti) VALUES (25, 103);
INSERT IGNORE INTO Teman (id_diikuti, id_mengikuti) VALUES (101, 103);
INSERT IGNORE INTO Teman (id_diikuti, id_mengikuti) VALUES (20, 103);
INSERT IGNORE INTO Teman (id_diikuti, id_mengikuti) VALUES (10, 103);
INSERT IGNORE INTO Teman (id_diikuti, id_mengikuti) VALUES (5, 103);
INSERT IGNORE INTO Teman (id_diikuti, id_mengikuti) VALUES (98, 103);
INSERT IGNORE INTO Teman (id_diikuti, id_mengikuti) VALUES (24, 104);
INSERT IGNORE INTO Teman (id_diikuti, id_mengikuti) VALUES (36, 104);
INSERT IGNORE INTO Teman (id_diikuti, id_mengikuti) VALUES (5, 104);
INSERT IGNORE INTO Teman (id_diikuti, id_mengikuti) VALUES (70, 104);
INSERT IGNORE INTO Teman (id_diikuti, id_mengikuti) VALUES (102, 104);
INSERT IGNORE INTO Teman (id_diikuti, id_mengikuti) VALUES (31, 104);
INSERT IGNORE INTO Teman (id_diikuti, id_mengikuti) VALUES (110, 105);
INSERT IGNORE INTO Teman (id_diikuti, id_mengikuti) VALUES (101, 105);
INSERT IGNORE INTO Teman (id_diikuti, id_mengikuti) VALUES (38, 105);
INSERT IGNORE INTO Teman (id_diikuti, id_mengikuti) VALUES (51, 105);
INSERT IGNORE INTO Teman (id_diikuti, id_mengikuti) VALUES (47, 105);
INSERT IGNORE INTO Teman (id_diikuti, id_mengikuti) VALUES (63, 106);
INSERT IGNORE INTO Teman (id_diikuti, id_mengikuti) VALUES (34, 106);
INSERT IGNORE INTO Teman (id_diikuti, id_mengikuti) VALUES (42, 106);
INSERT IGNORE INTO Teman (id_diikuti, id_mengikuti) VALUES (95, 106);
INSERT IGNORE INTO Teman (id_diikuti, id_mengikuti) VALUES (28, 107);
INSERT IGNORE INTO Teman (id_diikuti, id_mengikuti) VALUES (100, 107);
INSERT IGNORE INTO Teman (id_diikuti, id_mengikuti) VALUES (88, 107);
INSERT IGNORE INTO Teman (id_diikuti, id_mengikuti) VALUES (76, 107);
INSERT IGNORE INTO Teman (id_diikuti, id_mengikuti) VALUES (10, 108);
INSERT IGNORE INTO Teman (id_diikuti, id_mengikuti) VALUES (55, 108);
INSERT IGNORE INTO Teman (id_diikuti, id_mengikuti) VALUES (27, 108);
INSERT IGNORE INTO Teman (id_diikuti, id_mengikuti) VALUES (73, 108);
INSERT IGNORE INTO Teman (id_diikuti, id_mengikuti) VALUES (76, 109);
INSERT IGNORE INTO Teman (id_diikuti, id_mengikuti) VALUES (74, 109);
INSERT IGNORE INTO Teman (id_diikuti, id_mengikuti) VALUES (102, 110);
INSERT IGNORE INTO Teman (id_diikuti, id_mengikuti) VALUES (19, 110);
INSERT IGNORE INTO Teman (id_diikuti, id_mengikuti) VALUES (9, 110);
INSERT IGNORE INTO Teman (id_diikuti, id_mengikuti) VALUES (39, 110);
INSERT IGNORE INTO Teman (id_diikuti, id_mengikuti) VALUES (35, 110);
INSERT IGNORE INTO Teman (id_diikuti, id_mengikuti) VALUES (80, 110);
