CREATE DATABASE IF NOT EXISTS ecommerce;
USE ecommerce;

CREATE TABLE IF NOT EXISTS Alamat (
    id_alamat INT PRIMARY KEY,
    provinsi VARCHAR(255),
    kota VARCHAR(255),
    jalan VARCHAR(255)
);

CREATE TABLE IF NOT EXISTS Pengguna (
    id_pengguna INT PRIMARY KEY,
    email VARCHAR(255) UNIQUE,
    password VARCHAR(255),
    nama_lengkap VARCHAR(255),
    tgl_lahir DATE,
    no_telp VARCHAR(20),
    foto_profil VARCHAR(255),
    is_penjual BOOLEAN
);

CREATE TABLE IF NOT EXISTS Penjual (
    id_penjual INT PRIMARY KEY,
    id_pengguna INT,
    foto_diri VARCHAR(255),
    nama VARCHAR(100),
    is_verified BOOLEAN,
    FOREIGN KEY (id_pengguna) REFERENCES Pengguna(id_pengguna)
);

CREATE TABLE IF NOT EXISTS Pembeli (
    id_pembeli INT PRIMARY KEY,
    id_pengguna INT,
    FOREIGN KEY (id_pengguna) REFERENCES Pengguna(id_pengguna)
);

CREATE TABLE IF NOT EXISTS AlamatPembeli (
    id_pembeli INT,
    id_alamat INT,
    id_pesanan INT,
    is_default BOOLEAN,
    PRIMARY KEY (id_pembeli, id_alamat),
    FOREIGN KEY (id_pembeli) REFERENCES Pembeli(id_pembeli),
    FOREIGN KEY (id_alamat) REFERENCES Alamat(id_alamat)
);

CREATE TABLE IF NOT EXISTS Keranjang (
    id_keranjang INT PRIMARY KEY,
    id_pembeli INT,
    FOREIGN KEY (id_pembeli) REFERENCES Pembeli(id_pembeli)
);

CREATE TABLE IF NOT EXISTS Produk (
    id_produk INT PRIMARY KEY,
    id_penjual INT,
    nama VARCHAR(255),
    deskripsi TEXT,
    FOREIGN KEY (id_penjual) REFERENCES Penjual(id_penjual)
);

CREATE TABLE IF NOT EXISTS VarianProduk (
    id_produk INT,
    sku VARCHAR(50) PRIMARY KEY,
    harga DECIMAL(10, 2),
    stok INT,
    FOREIGN KEY (id_produk) REFERENCES Produk(id_produk)
);

CREATE TABLE IF NOT EXISTS AtributVarian (
    atribut_varian VARCHAR(50) PRIMARY KEY,
    nama VARCHAR(100)
);

CREATE TABLE IF NOT EXISTS ProdukVarianAtribut (
    atribut_varian VARCHAR(50),
    sku VARCHAR(50),
    nilai VARCHAR(100),
    PRIMARY KEY (atribut_varian, sku),
    FOREIGN KEY (atribut_varian) REFERENCES AtributVarian(atribut_varian),
    FOREIGN KEY (sku) REFERENCES VarianProduk(sku)
);

CREATE TABLE IF NOT EXISTS Gambar (
    id_gambar INT PRIMARY KEY,
    gambar VARCHAR(255)
);

CREATE TABLE IF NOT EXISTS GambarProduk (
    id_produk INT,
    id_gambar INT,
    PRIMARY KEY (id_produk, id_gambar),
    FOREIGN KEY (id_produk) REFERENCES Produk(id_produk),
    FOREIGN KEY (id_gambar) REFERENCES Gambar(id_gambar)
);

CREATE TABLE IF NOT EXISTS Tag (
    id_tag INT PRIMARY KEY,
    nama VARCHAR(50)
);

CREATE TABLE IF NOT EXISTS TagProduk (
    id_produk INT,
    id_tag INT,
    PRIMARY KEY (id_produk, id_tag),
    FOREIGN KEY (id_produk) REFERENCES Produk(id_produk),
    FOREIGN KEY (id_tag) REFERENCES Tag(id_tag)
);

CREATE TABLE IF NOT EXISTS BarangKeranjang (
    id_keranjang INT,
    sku VARCHAR(50),
    kuantitas INT,
    PRIMARY KEY (id_keranjang, sku),
    FOREIGN KEY (id_keranjang) REFERENCES Keranjang(id_keranjang),
    FOREIGN KEY (sku) REFERENCES VarianProduk(sku)
);

CREATE TABLE IF NOT EXISTS Pesanan (
    id_pesanan INT PRIMARY KEY,
    id_pembeli INT,
    metode_pembayaran VARCHAR(50),
    metode_pengiriman VARCHAR(50),
    catatan TEXT,
    status_pesanan VARCHAR(50),
    waktu_pemesanan TIMESTAMP,
    FOREIGN KEY (id_pembeli) REFERENCES Pembeli(id_pembeli)
);

CREATE TABLE IF NOT EXISTS BarangPesanan (
    id_pesanan INT,
    sku VARCHAR(50),
    kuantitas INT,
    PRIMARY KEY (id_pesanan, sku),
    FOREIGN KEY (id_pesanan) REFERENCES Pesanan(id_pesanan),
    FOREIGN KEY (sku) REFERENCES VarianProduk(sku)
);

CREATE TABLE IF NOT EXISTS Wishlist (
    id_pembeli INT,
    id_produk INT,
    PRIMARY KEY (id_pembeli, id_produk),
    FOREIGN KEY (id_pembeli) REFERENCES Pembeli(id_pembeli),
    FOREIGN KEY (id_produk) REFERENCES Produk(id_produk)
);

CREATE TABLE IF NOT EXISTS Ulasan (
    id_produk INT,
    id_pembeli INT,
    komentar TEXT,
    penilaian INT,
    PRIMARY KEY (id_produk, id_pembeli),
    FOREIGN KEY (id_produk) REFERENCES Produk(id_produk),
    FOREIGN KEY (id_pembeli) REFERENCES Pembeli(id_pembeli)
);

CREATE TABLE IF NOT EXISTS Teman (
    id_diikuti INT,
    id_mengikuti INT,
    PRIMARY KEY (id_diikuti, id_mengikuti),
    FOREIGN KEY (id_diikuti) REFERENCES Pengguna(id_pengguna),
    FOREIGN KEY (id_mengikuti) REFERENCES Pengguna(id_pengguna)
);

-- SEEDER DATA

-- Alamat
INSERT IGNORE INTO Alamat (id_alamat, provinsi, kota, jalan) VALUES (1, 'Jawa Barat', 'Palu', 'Gg. Kapten Muslihat No. 749');
INSERT IGNORE INTO Alamat (id_alamat, provinsi, kota, jalan) VALUES (2, 'Papua Barat', 'Bandar Lampung', 'Gg. Suniaraja No. 06');
INSERT IGNORE INTO Alamat (id_alamat, provinsi, kota, jalan) VALUES (3, 'Sulawesi Selatan', 'Banjar', 'Jl. Kebonjati No. 813');
INSERT IGNORE INTO Alamat (id_alamat, provinsi, kota, jalan) VALUES (4, 'Kalimantan Timur', 'Bau-Bau', 'Gg. Indragiri No. 9');
INSERT IGNORE INTO Alamat (id_alamat, provinsi, kota, jalan) VALUES (5, 'Kalimantan Utara', 'Sawahlunto', 'Jalan Suniaraja No. 85');
INSERT IGNORE INTO Alamat (id_alamat, provinsi, kota, jalan) VALUES (6, 'Sulawesi Selatan', 'Payakumbuh', 'Jalan Raya Ujungberung No. 60');
INSERT IGNORE INTO Alamat (id_alamat, provinsi, kota, jalan) VALUES (7, 'Maluku', 'Mojokerto', 'Gg. Cikutra Timur No. 185');
INSERT IGNORE INTO Alamat (id_alamat, provinsi, kota, jalan) VALUES (8, 'Papua', 'Mataram', 'Jl. Ronggowarsito No. 7');
INSERT IGNORE INTO Alamat (id_alamat, provinsi, kota, jalan) VALUES (9, 'Jambi', 'Lhokseumawe', 'Gang Dr. Djunjunan No. 472');
INSERT IGNORE INTO Alamat (id_alamat, provinsi, kota, jalan) VALUES (10, 'Jambi', 'Medan', 'Gang Cikapayang No. 511');
INSERT IGNORE INTO Alamat (id_alamat, provinsi, kota, jalan) VALUES (11, 'Kalimantan Timur', 'Kediri', 'Gang Antapani Lama No. 946');
INSERT IGNORE INTO Alamat (id_alamat, provinsi, kota, jalan) VALUES (12, 'Sulawesi Barat', 'Ambon', 'Gang Yos Sudarso No. 414');
INSERT IGNORE INTO Alamat (id_alamat, provinsi, kota, jalan) VALUES (13, 'Gorontalo', 'Padang Sidempuan', 'Gg. Asia Afrika No. 0');
INSERT IGNORE INTO Alamat (id_alamat, provinsi, kota, jalan) VALUES (14, 'Jawa Barat', 'Banjarbaru', 'Jl. Cikapayang No. 533');
INSERT IGNORE INTO Alamat (id_alamat, provinsi, kota, jalan) VALUES (15, 'Kalimantan Utara', 'Tarakan', 'Gang M.T Haryono No. 072');
INSERT IGNORE INTO Alamat (id_alamat, provinsi, kota, jalan) VALUES (16, 'Kalimantan Timur', 'Purwokerto', 'Gg. Abdul Muis No. 34');
INSERT IGNORE INTO Alamat (id_alamat, provinsi, kota, jalan) VALUES (17, 'Sulawesi Tengah', 'Subulussalam', 'Gg. Kiaracondong No. 24');
INSERT IGNORE INTO Alamat (id_alamat, provinsi, kota, jalan) VALUES (18, 'Jambi', 'Sungai Penuh', 'Gg. Indragiri No. 31');
INSERT IGNORE INTO Alamat (id_alamat, provinsi, kota, jalan) VALUES (19, 'Maluku', 'Kota Administrasi Jakarta Barat', 'Gang Pacuan Kuda No. 731');
INSERT IGNORE INTO Alamat (id_alamat, provinsi, kota, jalan) VALUES (20, 'Sulawesi Utara', 'Pontianak', 'Jl. Lembong No. 955');
INSERT IGNORE INTO Alamat (id_alamat, provinsi, kota, jalan) VALUES (21, 'Kalimantan Tengah', 'Banjarmasin', 'Gg. Kendalsari No. 42');
INSERT IGNORE INTO Alamat (id_alamat, provinsi, kota, jalan) VALUES (22, 'Sulawesi Tengah', 'Balikpapan', 'Jalan Lembong No. 61');
INSERT IGNORE INTO Alamat (id_alamat, provinsi, kota, jalan) VALUES (23, 'DKI Jakarta', 'Palu', 'Gg. Ciumbuleuit No. 6');
INSERT IGNORE INTO Alamat (id_alamat, provinsi, kota, jalan) VALUES (24, 'Sulawesi Utara', 'Bima', 'Gang Cikapayang No. 227');
INSERT IGNORE INTO Alamat (id_alamat, provinsi, kota, jalan) VALUES (25, 'Sulawesi Tengah', 'Bima', 'Jl. Ciwastra No. 4');
INSERT IGNORE INTO Alamat (id_alamat, provinsi, kota, jalan) VALUES (26, 'Sulawesi Utara', 'Jayapura', 'Gg. Surapati No. 71');
INSERT IGNORE INTO Alamat (id_alamat, provinsi, kota, jalan) VALUES (27, 'Lampung', 'Surakarta', 'Jl. Rajawali Barat No. 6');
INSERT IGNORE INTO Alamat (id_alamat, provinsi, kota, jalan) VALUES (28, 'Kepulauan Riau', 'Banjarmasin', 'Jl. Ciumbuleuit No. 32');
INSERT IGNORE INTO Alamat (id_alamat, provinsi, kota, jalan) VALUES (29, 'DI Yogyakarta', 'Padang', 'Jalan Kebonjati No. 792');
INSERT IGNORE INTO Alamat (id_alamat, provinsi, kota, jalan) VALUES (30, 'DI Yogyakarta', 'Serang', 'Gg. Tubagus Ismail No. 9');
INSERT IGNORE INTO Alamat (id_alamat, provinsi, kota, jalan) VALUES (31, 'Maluku Utara', 'Pematangsiantar', 'Jalan Sentot Alibasa No. 9');
INSERT IGNORE INTO Alamat (id_alamat, provinsi, kota, jalan) VALUES (32, 'Kalimantan Utara', 'Tangerang', 'Gang Rajawali Timur No. 7');
INSERT IGNORE INTO Alamat (id_alamat, provinsi, kota, jalan) VALUES (33, 'Jawa Barat', 'Kota Administrasi Jakarta Pusat', 'Jl. Erlangga No. 351');
INSERT IGNORE INTO Alamat (id_alamat, provinsi, kota, jalan) VALUES (34, 'Nusa Tenggara Barat', 'Tangerang Selatan', 'Gg. Pasir Koja No. 80');
INSERT IGNORE INTO Alamat (id_alamat, provinsi, kota, jalan) VALUES (35, 'Kepulauan Bangka Belitung', 'Pematangsiantar', 'Jalan Sukabumi No. 2');
INSERT IGNORE INTO Alamat (id_alamat, provinsi, kota, jalan) VALUES (36, 'Papua', 'Padang', 'Jl. BKR No. 523');
INSERT IGNORE INTO Alamat (id_alamat, provinsi, kota, jalan) VALUES (37, 'Jawa Timur', 'Ambon', 'Jalan Sukajadi No. 085');
INSERT IGNORE INTO Alamat (id_alamat, provinsi, kota, jalan) VALUES (38, 'Riau', 'Kota Administrasi Jakarta Pusat', 'Gang BKR No. 70');
INSERT IGNORE INTO Alamat (id_alamat, provinsi, kota, jalan) VALUES (39, 'Kalimantan Timur', 'Bau-Bau', 'Jl. R.E Martadinata No. 24');
INSERT IGNORE INTO Alamat (id_alamat, provinsi, kota, jalan) VALUES (40, 'Kepulauan Bangka Belitung', 'Samarinda', 'Jl. M.H Thamrin No. 66');
INSERT IGNORE INTO Alamat (id_alamat, provinsi, kota, jalan) VALUES (41, 'Sulawesi Utara', 'Madiun', 'Jalan Otto Iskandardinata No. 07');
INSERT IGNORE INTO Alamat (id_alamat, provinsi, kota, jalan) VALUES (42, 'Jawa Tengah', 'Bekasi', 'Jl. Gegerkalong Hilir No. 47');
INSERT IGNORE INTO Alamat (id_alamat, provinsi, kota, jalan) VALUES (43, 'Bengkulu', 'Sawahlunto', 'Gang Cihampelas No. 112');
INSERT IGNORE INTO Alamat (id_alamat, provinsi, kota, jalan) VALUES (44, 'Kalimantan Barat', 'Kendari', 'Jalan Ciumbuleuit No. 65');
INSERT IGNORE INTO Alamat (id_alamat, provinsi, kota, jalan) VALUES (45, 'Nusa Tenggara Timur', 'Metro', 'Jalan Sukabumi No. 384');
INSERT IGNORE INTO Alamat (id_alamat, provinsi, kota, jalan) VALUES (46, 'Lampung', 'Madiun', 'Jalan Sadang Serang No. 093');
INSERT IGNORE INTO Alamat (id_alamat, provinsi, kota, jalan) VALUES (47, 'Sulawesi Utara', 'Yogyakarta', 'Jl. Sukajadi No. 012');
INSERT IGNORE INTO Alamat (id_alamat, provinsi, kota, jalan) VALUES (48, 'Kepulauan Riau', 'Banjar', 'Jl. Pacuan Kuda No. 476');
INSERT IGNORE INTO Alamat (id_alamat, provinsi, kota, jalan) VALUES (49, 'Jawa Barat', 'Kota Administrasi Jakarta Selatan', 'Gang Cihampelas No. 60');
INSERT IGNORE INTO Alamat (id_alamat, provinsi, kota, jalan) VALUES (50, 'DKI Jakarta', 'Madiun', 'Gg. Dipatiukur No. 9');
INSERT IGNORE INTO Alamat (id_alamat, provinsi, kota, jalan) VALUES (51, 'Kalimantan Timur', 'Surabaya', 'Jalan Moch. Ramdan No. 8');
INSERT IGNORE INTO Alamat (id_alamat, provinsi, kota, jalan) VALUES (52, 'Nusa Tenggara Timur', 'Cimahi', 'Jalan Ir. H. Djuanda No. 108');
INSERT IGNORE INTO Alamat (id_alamat, provinsi, kota, jalan) VALUES (53, 'Kepulauan Bangka Belitung', 'Jambi', 'Gang Peta No. 52');
INSERT IGNORE INTO Alamat (id_alamat, provinsi, kota, jalan) VALUES (54, 'Riau', 'Kotamobagu', 'Jl. Merdeka No. 246');
INSERT IGNORE INTO Alamat (id_alamat, provinsi, kota, jalan) VALUES (55, 'Bengkulu', 'Bandung', 'Jalan R.E Martadinata No. 23');
INSERT IGNORE INTO Alamat (id_alamat, provinsi, kota, jalan) VALUES (56, 'Kalimantan Barat', 'Pekalongan', 'Gg. Surapati No. 974');
INSERT IGNORE INTO Alamat (id_alamat, provinsi, kota, jalan) VALUES (57, 'Gorontalo', 'Kota Administrasi Jakarta Barat', 'Gang Soekarno Hatta No. 2');
INSERT IGNORE INTO Alamat (id_alamat, provinsi, kota, jalan) VALUES (58, 'Kalimantan Tengah', 'Medan', 'Jl. Setiabudhi No. 384');
INSERT IGNORE INTO Alamat (id_alamat, provinsi, kota, jalan) VALUES (59, 'Kepulauan Riau', 'Palu', 'Jl. Otto Iskandardinata No. 45');
INSERT IGNORE INTO Alamat (id_alamat, provinsi, kota, jalan) VALUES (60, 'Sumatera Barat', 'Padangpanjang', 'Jalan Rungkut Industri No. 1');
INSERT IGNORE INTO Alamat (id_alamat, provinsi, kota, jalan) VALUES (61, 'Papua Barat', 'Semarang', 'Jalan Sentot Alibasa No. 66');
INSERT IGNORE INTO Alamat (id_alamat, provinsi, kota, jalan) VALUES (62, 'Papua', 'Tidore Kepulauan', 'Gg. Kiaracondong No. 32');
INSERT IGNORE INTO Alamat (id_alamat, provinsi, kota, jalan) VALUES (63, 'Kalimantan Selatan', 'Salatiga', 'Gg. Pasir Koja No. 5');
INSERT IGNORE INTO Alamat (id_alamat, provinsi, kota, jalan) VALUES (64, 'Kalimantan Timur', 'Bengkulu', 'Jl. Jend. A. Yani No. 239');
INSERT IGNORE INTO Alamat (id_alamat, provinsi, kota, jalan) VALUES (65, 'Papua Barat', 'Banda Aceh', 'Gang Pasirkoja No. 031');
INSERT IGNORE INTO Alamat (id_alamat, provinsi, kota, jalan) VALUES (66, 'Kalimantan Timur', 'Batam', 'Gang Dipenogoro No. 0');
INSERT IGNORE INTO Alamat (id_alamat, provinsi, kota, jalan) VALUES (67, 'Aceh', 'Kendari', 'Gang Dipenogoro No. 9');
INSERT IGNORE INTO Alamat (id_alamat, provinsi, kota, jalan) VALUES (68, 'Jawa Tengah', 'Pekanbaru', 'Jl. Jayawijaya No. 60');
INSERT IGNORE INTO Alamat (id_alamat, provinsi, kota, jalan) VALUES (69, 'Sulawesi Selatan', 'Salatiga', 'Gg. Rajawali Timur No. 65');
INSERT IGNORE INTO Alamat (id_alamat, provinsi, kota, jalan) VALUES (70, 'Lampung', 'Parepare', 'Gang Surapati No. 8');
INSERT IGNORE INTO Alamat (id_alamat, provinsi, kota, jalan) VALUES (71, 'Jambi', 'Pekanbaru', 'Jalan Dipenogoro No. 789');
INSERT IGNORE INTO Alamat (id_alamat, provinsi, kota, jalan) VALUES (72, 'Kepulauan Riau', 'Tangerang Selatan', 'Gang Astana Anyar No. 61');
INSERT IGNORE INTO Alamat (id_alamat, provinsi, kota, jalan) VALUES (73, 'DI Yogyakarta', 'Surabaya', 'Gg. Raya Ujungberung No. 01');
INSERT IGNORE INTO Alamat (id_alamat, provinsi, kota, jalan) VALUES (74, 'Sulawesi Tengah', 'Tangerang', 'Gang Tebet Barat Dalam No. 4');
INSERT IGNORE INTO Alamat (id_alamat, provinsi, kota, jalan) VALUES (75, 'Kalimantan Barat', 'Subulussalam', 'Jalan Cihampelas No. 3');
INSERT IGNORE INTO Alamat (id_alamat, provinsi, kota, jalan) VALUES (76, 'Jawa Barat', 'Solok', 'Gang Jend. Sudirman No. 0');
INSERT IGNORE INTO Alamat (id_alamat, provinsi, kota, jalan) VALUES (77, 'Kalimantan Tengah', 'Madiun', 'Gg. Moch. Ramdan No. 73');
INSERT IGNORE INTO Alamat (id_alamat, provinsi, kota, jalan) VALUES (78, 'Nusa Tenggara Timur', 'Tangerang Selatan', 'Gang Suryakencana No. 1');
INSERT IGNORE INTO Alamat (id_alamat, provinsi, kota, jalan) VALUES (79, 'Sulawesi Selatan', 'Tual', 'Jl. Waringin No. 4');
INSERT IGNORE INTO Alamat (id_alamat, provinsi, kota, jalan) VALUES (80, 'DKI Jakarta', 'Surabaya', 'Jl. Dipatiukur No. 4');
INSERT IGNORE INTO Alamat (id_alamat, provinsi, kota, jalan) VALUES (81, 'DKI Jakarta', 'Pangkalpinang', 'Gang K.H. Wahid Hasyim No. 45');
INSERT IGNORE INTO Alamat (id_alamat, provinsi, kota, jalan) VALUES (82, 'DI Yogyakarta', 'Parepare', 'Gg. Jamika No. 26');
INSERT IGNORE INTO Alamat (id_alamat, provinsi, kota, jalan) VALUES (83, 'Kalimantan Utara', 'Banjarbaru', 'Gang W.R. Supratman No. 2');
INSERT IGNORE INTO Alamat (id_alamat, provinsi, kota, jalan) VALUES (84, 'Maluku Utara', 'Malang', 'Jalan Asia Afrika No. 814');
INSERT IGNORE INTO Alamat (id_alamat, provinsi, kota, jalan) VALUES (85, 'Jawa Timur', 'Meulaboh', 'Jalan Ir. H. Djuanda No. 003');
INSERT IGNORE INTO Alamat (id_alamat, provinsi, kota, jalan) VALUES (86, 'Sumatera Barat', 'Kota Administrasi Jakarta Timur', 'Gang Pacuan Kuda No. 12');
INSERT IGNORE INTO Alamat (id_alamat, provinsi, kota, jalan) VALUES (87, 'Nusa Tenggara Barat', 'Singkawang', 'Jalan Rajiman No. 61');
INSERT IGNORE INTO Alamat (id_alamat, provinsi, kota, jalan) VALUES (88, 'Nusa Tenggara Timur', 'Pekalongan', 'Jl. Raya Setiabudhi No. 1');
INSERT IGNORE INTO Alamat (id_alamat, provinsi, kota, jalan) VALUES (89, 'Kalimantan Tengah', 'Mataram', 'Jalan Rajiman No. 2');
INSERT IGNORE INTO Alamat (id_alamat, provinsi, kota, jalan) VALUES (90, 'Kepulauan Riau', 'Pontianak', 'Jalan Joyoboyo No. 00');
INSERT IGNORE INTO Alamat (id_alamat, provinsi, kota, jalan) VALUES (91, 'Sulawesi Tengah', 'Pematangsiantar', 'Jalan Cikutra Barat No. 64');
INSERT IGNORE INTO Alamat (id_alamat, provinsi, kota, jalan) VALUES (92, 'Sulawesi Barat', 'Sungai Penuh', 'Gg. Jamika No. 9');
INSERT IGNORE INTO Alamat (id_alamat, provinsi, kota, jalan) VALUES (93, 'Banten', 'Kediri', 'Gg. Ciwastra No. 087');
INSERT IGNORE INTO Alamat (id_alamat, provinsi, kota, jalan) VALUES (94, 'DI Yogyakarta', 'Gorontalo', 'Gang Indragiri No. 26');
INSERT IGNORE INTO Alamat (id_alamat, provinsi, kota, jalan) VALUES (95, 'Nusa Tenggara Barat', 'Makassar', 'Jalan Sadang Serang No. 111');
INSERT IGNORE INTO Alamat (id_alamat, provinsi, kota, jalan) VALUES (96, 'Gorontalo', 'Cirebon', 'Gg. Jend. Sudirman No. 530');
INSERT IGNORE INTO Alamat (id_alamat, provinsi, kota, jalan) VALUES (97, 'Kalimantan Barat', 'Kota Administrasi Jakarta Selatan', 'Gg. Pasir Koja No. 680');
INSERT IGNORE INTO Alamat (id_alamat, provinsi, kota, jalan) VALUES (98, 'Sumatera Barat', 'Kotamobagu', 'Gang Rumah Sakit No. 925');
INSERT IGNORE INTO Alamat (id_alamat, provinsi, kota, jalan) VALUES (99, 'Kepulauan Bangka Belitung', 'Serang', 'Jl. Medokan Ayu No. 258');
INSERT IGNORE INTO Alamat (id_alamat, provinsi, kota, jalan) VALUES (100, 'Sulawesi Barat', 'Bogor', 'Jalan Cikutra Timur No. 0');

-- Pengguna
INSERT IGNORE INTO Pengguna (id_pengguna, email, password, nama_lengkap, tgl_lahir, no_telp, foto_profil, is_penjual) VALUES (1, 'haryantokamal@example.org', '*CHwXKg06Q*3', 'Salman Maryadi', '1979-12-12', '+62 (090) 388 8687', 'profil/user1.jpg', TRUE);
INSERT IGNORE INTO Pengguna (id_pengguna, email, password, nama_lengkap, tgl_lahir, no_telp, foto_profil, is_penjual) VALUES (2, 'twijayanti@example.org', '#p71p^RgU83R', 'Kariman Pudjiastuti', '1997-11-23', '+62-353-968-8374', 'profil/user2.jpg', TRUE);
INSERT IGNORE INTO Pengguna (id_pengguna, email, password, nama_lengkap, tgl_lahir, no_telp, foto_profil, is_penjual) VALUES (3, 'gunartorespati@example.org', 'y!6Em$KnS#At', 'H. Ikin Pratama', '1983-06-07', '+62 (0033) 754-3892', 'profil/user3.jpg', TRUE);
INSERT IGNORE INTO Pengguna (id_pengguna, email, password, nama_lengkap, tgl_lahir, no_telp, foto_profil, is_penjual) VALUES (4, 'suryatmigaluh@example.net', '%&G8WlFxKamV', 'Cut Wirda Hastuti, S.E.I', '1975-07-03', '(051) 412-6648', 'profil/user4.jpg', TRUE);
INSERT IGNORE INTO Pengguna (id_pengguna, email, password, nama_lengkap, tgl_lahir, no_telp, foto_profil, is_penjual) VALUES (5, 'situmoranggalih@example.com', 'aqkHuGH!#1Rc', 'Galiono Nashiruddin', '1976-10-07', '+62-95-811-0970', 'profil/user5.jpg', TRUE);
INSERT IGNORE INTO Pengguna (id_pengguna, email, password, nama_lengkap, tgl_lahir, no_telp, foto_profil, is_penjual) VALUES (6, 'bsetiawan@example.org', 'ntwDRGq+S!4K', 'R. Wakiman Farida', '1979-08-19', '(032) 881 8704', 'profil/user6.jpg', TRUE);
INSERT IGNORE INTO Pengguna (id_pengguna, email, password, nama_lengkap, tgl_lahir, no_telp, foto_profil, is_penjual) VALUES (7, 'garyani@example.org', 'H@3EF1tz5X$^', 'Edison Padmasari', '1985-03-17', '+62 (0391) 623-6036', 'profil/user7.jpg', TRUE);
INSERT IGNORE INTO Pengguna (id_pengguna, email, password, nama_lengkap, tgl_lahir, no_telp, foto_profil, is_penjual) VALUES (8, 'panjinovitasari@example.com', 'cLKSSOk4$c6h', 'Endra Nainggolan, M.Pd', '1964-07-08', '(0505) 317 4451', 'profil/user8.jpg', TRUE);
INSERT IGNORE INTO Pengguna (id_pengguna, email, password, nama_lengkap, tgl_lahir, no_telp, foto_profil, is_penjual) VALUES (9, 'mlatupono@example.com', '_3Ho0y+BarO@', 'Tari Prasetya', '1993-10-30', '(0098) 074-2530', 'profil/user9.jpg', TRUE);
INSERT IGNORE INTO Pengguna (id_pengguna, email, password, nama_lengkap, tgl_lahir, no_telp, foto_profil, is_penjual) VALUES (10, 'lutfan76@example.org', '(0@I3aEX+tZ9', 'Dt. Hairyanto Hartati', '1992-02-24', '+62-0175-346-0893', 'profil/user10.jpg', TRUE);
INSERT IGNORE INTO Pengguna (id_pengguna, email, password, nama_lengkap, tgl_lahir, no_telp, foto_profil, is_penjual) VALUES (11, 'qgunarto@example.net', 'Q&+6hOAsDAUK', 'Cut Widya Rahmawati, S.E.I', '1983-11-01', '+62 (096) 079-6516', 'profil/user11.jpg', TRUE);
INSERT IGNORE INTO Pengguna (id_pengguna, email, password, nama_lengkap, tgl_lahir, no_telp, foto_profil, is_penjual) VALUES (12, 'saragihdian@example.net', '&Hz0GfiTP^2+', 'Laksana Ramadan', '1974-08-22', '+62 (361) 565 9708', 'profil/user12.jpg', TRUE);
INSERT IGNORE INTO Pengguna (id_pengguna, email, password, nama_lengkap, tgl_lahir, no_telp, foto_profil, is_penjual) VALUES (13, 'rama24@example.com', '(ZFPCrVl4PFy', 'Tasnim Kusumo, S.Ked', '1982-07-12', '+62 (163) 426 2965', 'profil/user13.jpg', TRUE);
INSERT IGNORE INTO Pengguna (id_pengguna, email, password, nama_lengkap, tgl_lahir, no_telp, foto_profil, is_penjual) VALUES (14, 'anita77@example.net', 'Ep%AAJSsnu7w', 'Mitra Rahimah', '1972-09-02', '(098) 495-8822', 'profil/user14.jpg', TRUE);
INSERT IGNORE INTO Pengguna (id_pengguna, email, password, nama_lengkap, tgl_lahir, no_telp, foto_profil, is_penjual) VALUES (15, 'megantarachelsea@example.com', 'OVX697TmMF@6', 'Kajen Suryatmi', '1964-10-10', '0817821195', 'profil/user15.jpg', TRUE);
INSERT IGNORE INTO Pengguna (id_pengguna, email, password, nama_lengkap, tgl_lahir, no_telp, foto_profil, is_penjual) VALUES (16, 'paiman48@example.net', '@m12U9Gh*cMQ', 'drg. Ulya Hidayanto, S.Farm', '1997-10-21', '+62 (094) 787-4801', 'profil/user16.jpg', TRUE);
INSERT IGNORE INTO Pengguna (id_pengguna, email, password, nama_lengkap, tgl_lahir, no_telp, foto_profil, is_penjual) VALUES (17, 'mandalabalamantri@example.org', 'yMFiw&QO%56@', 'Aisyah Fujiati', '1989-06-21', '086 754 5935', 'profil/user17.jpg', TRUE);
INSERT IGNORE INTO Pengguna (id_pengguna, email, password, nama_lengkap, tgl_lahir, no_telp, foto_profil, is_penjual) VALUES (18, 'muninovitasari@example.com', '3Q#2GpXy@E96', 'Dt. Kacung Namaga, S.IP', '1998-09-02', '+62-01-606-0881', 'profil/user18.jpg', TRUE);
INSERT IGNORE INTO Pengguna (id_pengguna, email, password, nama_lengkap, tgl_lahir, no_telp, foto_profil, is_penjual) VALUES (19, 'gadanganggraini@example.net', '#XjXsMSBg2i5', 'Patricia Hariyah', '1989-01-10', '(0308) 326-5800', 'profil/user19.jpg', TRUE);
INSERT IGNORE INTO Pengguna (id_pengguna, email, password, nama_lengkap, tgl_lahir, no_telp, foto_profil, is_penjual) VALUES (20, 'nadiasalahudin@example.org', '9b9@1LNmy*5#', 'dr. Shania Rahimah', '1987-11-14', '(020) 178-8765', 'profil/user20.jpg', TRUE);
INSERT IGNORE INTO Pengguna (id_pengguna, email, password, nama_lengkap, tgl_lahir, no_telp, foto_profil, is_penjual) VALUES (21, 'timbul85@example.net', '7dv0LYa@2V^T', 'dr. Yuliana Setiawan', '1994-07-13', '+62-0877-444-0314', 'profil/user21.jpg', TRUE);
INSERT IGNORE INTO Pengguna (id_pengguna, email, password, nama_lengkap, tgl_lahir, no_telp, foto_profil, is_penjual) VALUES (22, 'purwafarida@example.net', 'az+2TCiag*tV', 'dr. Cengkir Rahayu', '1974-10-12', '+62 (08) 994 7531', 'profil/user22.jpg', TRUE);
INSERT IGNORE INTO Pengguna (id_pengguna, email, password, nama_lengkap, tgl_lahir, no_telp, foto_profil, is_penjual) VALUES (23, 'balijanmarbun@example.org', '@8bZvImTHWGY', 'R.M. Cahyanto Kusmawati', '1980-03-15', '+62-019-420-8149', 'profil/user23.jpg', TRUE);
INSERT IGNORE INTO Pengguna (id_pengguna, email, password, nama_lengkap, tgl_lahir, no_telp, foto_profil, is_penjual) VALUES (24, 'budiyantobagya@example.com', '0^^ODAA(Uw2X', 'Balidin Situmorang, S.I.Kom', '1995-08-09', '+62-089-980-7816', 'profil/user24.jpg', TRUE);
INSERT IGNORE INTO Pengguna (id_pengguna, email, password, nama_lengkap, tgl_lahir, no_telp, foto_profil, is_penjual) VALUES (25, 'nashiruddinmelinda@example.com', 'vE6)Lax36_kk', 'Cut Karimah Padmasari', '1977-06-20', '+62 (99) 480 0576', 'profil/user25.jpg', TRUE);
INSERT IGNORE INTO Pengguna (id_pengguna, email, password, nama_lengkap, tgl_lahir, no_telp, foto_profil, is_penjual) VALUES (26, 'astutiliman@example.org', 'P%I5RHc^Ia1B', 'Mulyanto Prasetya', '1994-10-06', '080 356 3465', 'profil/user26.jpg', TRUE);
INSERT IGNORE INTO Pengguna (id_pengguna, email, password, nama_lengkap, tgl_lahir, no_telp, foto_profil, is_penjual) VALUES (27, 'cahyadipratama@example.org', 'J2OCponQ&V2F', 'Prasetya Pangestu, S.Ked', '1989-01-09', '+62-0429-134-2063', 'profil/user27.jpg', TRUE);
INSERT IGNORE INTO Pengguna (id_pengguna, email, password, nama_lengkap, tgl_lahir, no_telp, foto_profil, is_penjual) VALUES (28, 'gandewawidiastuti@example.com', '#Xx)Lus$1B)2', 'Novi Widodo', '1980-10-18', '+62 (57) 484 4121', 'profil/user28.jpg', TRUE);
INSERT IGNORE INTO Pengguna (id_pengguna, email, password, nama_lengkap, tgl_lahir, no_telp, foto_profil, is_penjual) VALUES (29, 'najmudinfitria@example.com', '4@7GHng)n)0J', 'Hardana Pratiwi', '1965-09-13', '+62-0620-716-4095', 'profil/user29.jpg', TRUE);
INSERT IGNORE INTO Pengguna (id_pengguna, email, password, nama_lengkap, tgl_lahir, no_telp, foto_profil, is_penjual) VALUES (30, 'cemplunk25@example.com', 'gyrUgzXN60p^', 'Shania Handayani', '1988-01-25', '+62-156-174-8129', 'profil/user30.jpg', TRUE);
INSERT IGNORE INTO Pengguna (id_pengguna, email, password, nama_lengkap, tgl_lahir, no_telp, foto_profil, is_penjual) VALUES (31, 'wasis65@example.net', '%1UlKdtmcATO', 'Puti Genta Waskita', '1985-08-25', '+62 (092) 522 1469', 'profil/user31.jpg', TRUE);
INSERT IGNORE INTO Pengguna (id_pengguna, email, password, nama_lengkap, tgl_lahir, no_telp, foto_profil, is_penjual) VALUES (32, 'gadingputra@example.org', '_HZsBPdmdl25', 'Patricia Damanik', '1971-09-29', '+62 (46) 769-5735', 'profil/user32.jpg', TRUE);
INSERT IGNORE INTO Pengguna (id_pengguna, email, password, nama_lengkap, tgl_lahir, no_telp, foto_profil, is_penjual) VALUES (33, 'jagapati73@example.org', '&vxQg0Elw0#r', 'Pia Prastuti', '1989-06-12', '+62 (72) 850 7065', 'profil/user33.jpg', TRUE);
INSERT IGNORE INTO Pengguna (id_pengguna, email, password, nama_lengkap, tgl_lahir, no_telp, foto_profil, is_penjual) VALUES (34, 'wibowodadap@example.org', 'vC)^AnyDOo(8', 'Gasti Mulyani', '2001-11-03', '080 983 1686', 'profil/user34.jpg', TRUE);
INSERT IGNORE INTO Pengguna (id_pengguna, email, password, nama_lengkap, tgl_lahir, no_telp, foto_profil, is_penjual) VALUES (35, 'xtampubolon@example.net', '$+H+%uBidO#9', 'Sutan Saadat Mayasari, M.Ak', '1969-12-06', '+62 (0906) 246 3318', 'profil/user35.jpg', TRUE);
INSERT IGNORE INTO Pengguna (id_pengguna, email, password, nama_lengkap, tgl_lahir, no_telp, foto_profil, is_penjual) VALUES (36, 'shidayat@example.com', 'FLoT1mrD+3^A', 'Bakda Pratiwi, S.E.', '1973-09-04', '+62-07-427-2976', 'profil/user36.jpg', TRUE);
INSERT IGNORE INTO Pengguna (id_pengguna, email, password, nama_lengkap, tgl_lahir, no_telp, foto_profil, is_penjual) VALUES (37, 'kasim49@example.com', '1LR0T%cNuGS(', 'Drs. Marsudi Salahudin', '1994-10-22', '+62 (126) 416-7866', 'profil/user37.jpg', TRUE);
INSERT IGNORE INTO Pengguna (id_pengguna, email, password, nama_lengkap, tgl_lahir, no_telp, foto_profil, is_penjual) VALUES (38, 'hasta08@example.com', 'XA_CLol)Z+2t', 'Mumpuni Pudjiastuti', '1995-04-06', '+62 (0258) 153 9946', 'profil/user38.jpg', TRUE);
INSERT IGNORE INTO Pengguna (id_pengguna, email, password, nama_lengkap, tgl_lahir, no_telp, foto_profil, is_penjual) VALUES (39, 'tsitompul@example.com', '%NH2FSAb3tnF', 'Juli Wulandari', '2005-05-12', '(0136) 701-8861', 'profil/user39.jpg', TRUE);
INSERT IGNORE INTO Pengguna (id_pengguna, email, password, nama_lengkap, tgl_lahir, no_telp, foto_profil, is_penjual) VALUES (40, 'ratihusada@example.org', 'O49uvZ_(l$jW', 'H. Reksa Iswahyudi, M.Kom.', '1996-11-09', '+62-056-560-2551', 'profil/user40.jpg', TRUE);
INSERT IGNORE INTO Pengguna (id_pengguna, email, password, nama_lengkap, tgl_lahir, no_telp, foto_profil, is_penjual) VALUES (41, 'pangestukayun@example.com', 'aL3DGHmib@XS', 'Luhung Prakasa', '1972-04-25', '+62 (048) 840 8393', 'profil/user41.jpg', TRUE);
INSERT IGNORE INTO Pengguna (id_pengguna, email, password, nama_lengkap, tgl_lahir, no_telp, foto_profil, is_penjual) VALUES (42, 'rusman38@example.com', '4wMme+0J@%0D', 'Akarsana Tarihoran', '2002-02-22', '+62-082-774-7569', 'profil/user42.jpg', TRUE);
INSERT IGNORE INTO Pengguna (id_pengguna, email, password, nama_lengkap, tgl_lahir, no_telp, foto_profil, is_penjual) VALUES (43, 'siregarprakosa@example.net', '7b2HjVbef!wW', 'Ida Astuti', '1976-07-03', '+62-0479-292-6066', 'profil/user43.jpg', TRUE);
INSERT IGNORE INTO Pengguna (id_pengguna, email, password, nama_lengkap, tgl_lahir, no_telp, foto_profil, is_penjual) VALUES (44, 'bakdamansur@example.org', ')S$8wTSwv1p9', 'drg. Ajimin Uyainah', '1997-02-14', '(017) 930-9804', 'profil/user44.jpg', TRUE);
INSERT IGNORE INTO Pengguna (id_pengguna, email, password, nama_lengkap, tgl_lahir, no_telp, foto_profil, is_penjual) VALUES (45, 'gunawansatya@example.net', '+4&0V8vp!Xo!', 'Kunthara Pradana', '1983-01-27', '+62 (627) 013 9153', 'profil/user45.jpg', TRUE);
INSERT IGNORE INTO Pengguna (id_pengguna, email, password, nama_lengkap, tgl_lahir, no_telp, foto_profil, is_penjual) VALUES (46, 'vinsen14@example.org', 'C49*5&@b^jm*', 'Gading Farida', '1966-07-06', '+62-53-460-4848', 'profil/user46.jpg', TRUE);
INSERT IGNORE INTO Pengguna (id_pengguna, email, password, nama_lengkap, tgl_lahir, no_telp, foto_profil, is_penjual) VALUES (47, 'siskatamba@example.com', 'u%vhzXglU70z', 'Zahra Halim', '1993-02-03', '+62-98-903-7249', 'profil/user47.jpg', TRUE);
INSERT IGNORE INTO Pengguna (id_pengguna, email, password, nama_lengkap, tgl_lahir, no_telp, foto_profil, is_penjual) VALUES (48, 'putradalima@example.org', 'TEz$rIxp9OPk', 'Lala Pratiwi, S.E.', '1985-10-23', '+62 (58) 421 5527', 'profil/user48.jpg', TRUE);
INSERT IGNORE INTO Pengguna (id_pengguna, email, password, nama_lengkap, tgl_lahir, no_telp, foto_profil, is_penjual) VALUES (49, 'ajeng79@example.com', 'XX_d8XnC_9*T', 'Kayun Maryati, S.Kom', '1991-08-27', '(0483) 580-0895', 'profil/user49.jpg', TRUE);
INSERT IGNORE INTO Pengguna (id_pengguna, email, password, nama_lengkap, tgl_lahir, no_telp, foto_profil, is_penjual) VALUES (50, 'halima49@example.com', '#Y@VR^lr_s9I', 'Fitria Wahyudin', '1966-06-14', '+62 (67) 005 1396', 'profil/user50.jpg', TRUE);
INSERT IGNORE INTO Pengguna (id_pengguna, email, password, nama_lengkap, tgl_lahir, no_telp, foto_profil, is_penjual) VALUES (51, 'vsiregar@example.net', '!5Y+XJ56T8pz', 'Dr. Kasiyah Irawan', '1956-04-27', '+62 (20) 996-0356', 'profil/user51.jpg', FALSE);
INSERT IGNORE INTO Pengguna (id_pengguna, email, password, nama_lengkap, tgl_lahir, no_telp, foto_profil, is_penjual) VALUES (52, 'ajiman59@example.net', 'R98IhsfZ+O5p', 'Teddy Hutasoit, S.T.', '1956-01-13', '0810388464', 'profil/user52.jpg', FALSE);
INSERT IGNORE INTO Pengguna (id_pengguna, email, password, nama_lengkap, tgl_lahir, no_telp, foto_profil, is_penjual) VALUES (53, 'dongorancinthia@example.org', 'XIpM1NxtD#*i', 'Caturangga Usada', '2009-05-11', '+62-019-142-2025', 'profil/user53.jpg', FALSE);
INSERT IGNORE INTO Pengguna (id_pengguna, email, password, nama_lengkap, tgl_lahir, no_telp, foto_profil, is_penjual) VALUES (54, 'sabriwasita@example.com', '$sq3bqNB@1uI', 'Tari Tamba', '2000-02-29', '+62 (01) 135-1613', 'profil/user54.jpg', FALSE);
INSERT IGNORE INTO Pengguna (id_pengguna, email, password, nama_lengkap, tgl_lahir, no_telp, foto_profil, is_penjual) VALUES (55, 'ewibisono@example.net', '@73tMi4ifUx*', 'Enteng Palastri', '1955-08-11', '+62 (632) 147 2543', 'profil/user55.jpg', FALSE);
INSERT IGNORE INTO Pengguna (id_pengguna, email, password, nama_lengkap, tgl_lahir, no_telp, foto_profil, is_penjual) VALUES (56, 'thamrinharsaya@example.com', 'N+8%7JOxIXz)', 'Maman Tampubolon', '1990-02-14', '+62 (21) 219 9546', 'profil/user56.jpg', FALSE);
INSERT IGNORE INTO Pengguna (id_pengguna, email, password, nama_lengkap, tgl_lahir, no_telp, foto_profil, is_penjual) VALUES (57, 'harjaadriansyah@example.com', '(7xHuE#@kxVO', 'R.M. Daliman Nasyiah', '1989-11-12', '+62 (515) 789-1977', 'profil/user57.jpg', FALSE);
INSERT IGNORE INTO Pengguna (id_pengguna, email, password, nama_lengkap, tgl_lahir, no_telp, foto_profil, is_penjual) VALUES (58, 'udahutagalung@example.net', 'wal_LyE(*f&5', 'Cemplunk Rahayu', '1965-01-21', '+62-043-360-2543', 'profil/user58.jpg', FALSE);
INSERT IGNORE INTO Pengguna (id_pengguna, email, password, nama_lengkap, tgl_lahir, no_telp, foto_profil, is_penjual) VALUES (59, 'jprabowo@example.com', '&Pn0&_FfnM1f', 'Lalita Sinaga', '1975-04-07', '+62-18-295-1868', 'profil/user59.jpg', FALSE);
INSERT IGNORE INTO Pengguna (id_pengguna, email, password, nama_lengkap, tgl_lahir, no_telp, foto_profil, is_penjual) VALUES (60, 'nyanautami@example.net', 'c!3NoQFr#udZ', 'R.M. Wira Hidayanto, M.M.', '1970-02-18', '+62 (246) 820-9445', 'profil/user60.jpg', FALSE);
INSERT IGNORE INTO Pengguna (id_pengguna, email, password, nama_lengkap, tgl_lahir, no_telp, foto_profil, is_penjual) VALUES (61, 'puspitajanet@example.net', 'uo9mpxBO)fI&', 'Salimah Hidayat, S.Sos', '1991-01-26', '+62-093-981-0516', 'profil/user61.jpg', FALSE);
INSERT IGNORE INTO Pengguna (id_pengguna, email, password, nama_lengkap, tgl_lahir, no_telp, foto_profil, is_penjual) VALUES (62, 'kiandra30@example.org', 'pAjkUQrL5*d8', 'Dr. Ika Hakim', '1982-11-08', '+62 (86) 527-7681', 'profil/user62.jpg', FALSE);
INSERT IGNORE INTO Pengguna (id_pengguna, email, password, nama_lengkap, tgl_lahir, no_telp, foto_profil, is_penjual) VALUES (63, 'lazuardisabrina@example.net', 'IH3MXgiN)(LX', 'Mustika Nasyidah', '1957-07-11', '+62 (590) 189-2371', 'profil/user63.jpg', FALSE);
INSERT IGNORE INTO Pengguna (id_pengguna, email, password, nama_lengkap, tgl_lahir, no_telp, foto_profil, is_penjual) VALUES (64, 'nasyidahcaturangga@example.org', '&f1wWi5tJT#J', 'Amalia Hutapea', '1963-03-24', '(087) 466-4927', 'profil/user64.jpg', FALSE);
INSERT IGNORE INTO Pengguna (id_pengguna, email, password, nama_lengkap, tgl_lahir, no_telp, foto_profil, is_penjual) VALUES (65, 'mnainggolan@example.com', 'jvu1MeGl(lC4', 'Cici Wacana', '1955-08-11', '+62 (0010) 780-4476', 'profil/user65.jpg', FALSE);
INSERT IGNORE INTO Pengguna (id_pengguna, email, password, nama_lengkap, tgl_lahir, no_telp, foto_profil, is_penjual) VALUES (66, 'claraprabowo@example.com', '(0_@KWuItYHP', 'Prabu Hidayanto', '1969-03-22', '+62 (0407) 639 8945', 'profil/user66.jpg', FALSE);
INSERT IGNORE INTO Pengguna (id_pengguna, email, password, nama_lengkap, tgl_lahir, no_telp, foto_profil, is_penjual) VALUES (67, 'kartadongoran@example.net', 'z5eHRFbo%0zY', 'Lulut Wibisono', '1970-03-15', '+62 (0529) 023-3410', 'profil/user67.jpg', FALSE);
INSERT IGNORE INTO Pengguna (id_pengguna, email, password, nama_lengkap, tgl_lahir, no_telp, foto_profil, is_penjual) VALUES (68, 'winarnoprasetyo@example.com', '*7rLSxfB!a+O', 'H. Vero Adriansyah, M.M.', '1994-09-02', '+62 (351) 974 3164', 'profil/user68.jpg', FALSE);
INSERT IGNORE INTO Pengguna (id_pengguna, email, password, nama_lengkap, tgl_lahir, no_telp, foto_profil, is_penjual) VALUES (69, 'ana30@example.com', '1I%ngTTp@TmD', 'dr. Baktianto Marbun, S.Pd', '1967-04-13', '+62 (044) 112-7943', 'profil/user69.jpg', FALSE);
INSERT IGNORE INTO Pengguna (id_pengguna, email, password, nama_lengkap, tgl_lahir, no_telp, foto_profil, is_penjual) VALUES (70, 'jwinarno@example.net', 'km!0mLb2cZ)P', 'Gawati Novitasari', '1976-12-18', '085 250 7615', 'profil/user70.jpg', FALSE);
INSERT IGNORE INTO Pengguna (id_pengguna, email, password, nama_lengkap, tgl_lahir, no_telp, foto_profil, is_penjual) VALUES (71, 'iriana55@example.org', 'u&J$UUQfr86@', 'Ir. Fitriani Halimah, M.Farm', '1996-04-21', '(0941) 321-1466', 'profil/user71.jpg', FALSE);
INSERT IGNORE INTO Pengguna (id_pengguna, email, password, nama_lengkap, tgl_lahir, no_telp, foto_profil, is_penjual) VALUES (72, 'ynajmudin@example.net', '1G6Ysnk6+CtP', 'dr. Ganep Padmasari, S.E.', '2001-04-01', '+62 (084) 007-2705', 'profil/user72.jpg', FALSE);
INSERT IGNORE INTO Pengguna (id_pengguna, email, password, nama_lengkap, tgl_lahir, no_telp, foto_profil, is_penjual) VALUES (73, 'aslijan97@example.net', 'Nn@YLnVHiJ4v', 'Winda Palastri, S.Gz', '1988-07-10', '+62 (063) 925 6867', 'profil/user73.jpg', FALSE);
INSERT IGNORE INTO Pengguna (id_pengguna, email, password, nama_lengkap, tgl_lahir, no_telp, foto_profil, is_penjual) VALUES (74, 'nmangunsong@example.com', '0hQb8vWo@&n3', 'Erik Samosir, S.Farm', '1986-08-28', '+62 (706) 075 7566', 'profil/user74.jpg', FALSE);
INSERT IGNORE INTO Pengguna (id_pengguna, email, password, nama_lengkap, tgl_lahir, no_telp, foto_profil, is_penjual) VALUES (75, 'kasiranpadmasari@example.org', 'vn9oIZ&es@EH', 'Cecep Simanjuntak', '1964-03-10', '+62-395-935-7759', 'profil/user75.jpg', FALSE);
INSERT IGNORE INTO Pengguna (id_pengguna, email, password, nama_lengkap, tgl_lahir, no_telp, foto_profil, is_penjual) VALUES (76, 'sarahpranowo@example.org', '^EhkBrWt^H(6', 'Prasetya Aryani', '1960-12-29', '+62 (201) 040-7914', 'profil/user76.jpg', FALSE);
INSERT IGNORE INTO Pengguna (id_pengguna, email, password, nama_lengkap, tgl_lahir, no_telp, foto_profil, is_penjual) VALUES (77, 'bajragin76@example.com', 'e7rGieXt$)Xg', 'Cecep Pradipta', '1961-11-19', '084 615 9665', 'profil/user77.jpg', FALSE);
INSERT IGNORE INTO Pengguna (id_pengguna, email, password, nama_lengkap, tgl_lahir, no_telp, foto_profil, is_penjual) VALUES (78, 'glaksmiwati@example.net', 'u%@fN2^vrYu!', 'Kajen Gunawan', '1966-05-30', '(026) 682-4102', 'profil/user78.jpg', FALSE);
INSERT IGNORE INTO Pengguna (id_pengguna, email, password, nama_lengkap, tgl_lahir, no_telp, foto_profil, is_penjual) VALUES (79, 'kasim57@example.org', 'd)b%2PtZfi6@', 'Puspa Prasetyo', '1980-12-05', '+62 (59) 733-4180', 'profil/user79.jpg', FALSE);
INSERT IGNORE INTO Pengguna (id_pengguna, email, password, nama_lengkap, tgl_lahir, no_telp, foto_profil, is_penjual) VALUES (80, 'tlestari@example.net', 'G3B#ioyo%g9i', 'Patricia Napitupulu, S.T.', '1993-06-27', '(0007) 380 4644', 'profil/user80.jpg', FALSE);
INSERT IGNORE INTO Pengguna (id_pengguna, email, password, nama_lengkap, tgl_lahir, no_telp, foto_profil, is_penjual) VALUES (81, 'kpadmasari@example.net', 'J8FppGr0%KYl', 'Estiono Pranowo', '2004-05-29', '+62-06-436-1945', 'profil/user81.jpg', FALSE);
INSERT IGNORE INTO Pengguna (id_pengguna, email, password, nama_lengkap, tgl_lahir, no_telp, foto_profil, is_penjual) VALUES (82, 'kartika42@example.com', 'W9FTnA4m(Pm)', 'Ega Simbolon, M.Farm', '1994-08-26', '+62-36-922-0945', 'profil/user82.jpg', FALSE);
INSERT IGNORE INTO Pengguna (id_pengguna, email, password, nama_lengkap, tgl_lahir, no_telp, foto_profil, is_penjual) VALUES (83, 'udamanik@example.com', 'Q*e5NO@gnDEd', 'Ibun Jailani, M.Farm', '1963-08-16', '(0025) 957-2256', 'profil/user83.jpg', FALSE);
INSERT IGNORE INTO Pengguna (id_pengguna, email, password, nama_lengkap, tgl_lahir, no_telp, foto_profil, is_penjual) VALUES (84, 'vnamaga@example.net', 'tH07OQuvS*4P', 'Hardana Prayoga', '1955-03-09', '+62-40-208-5843', 'profil/user84.jpg', FALSE);
INSERT IGNORE INTO Pengguna (id_pengguna, email, password, nama_lengkap, tgl_lahir, no_telp, foto_profil, is_penjual) VALUES (85, 'bsuwarno@example.org', '@r@kX&z8$3ar', 'Umi Suartini', '1998-02-15', '+62 (0033) 478 7881', 'profil/user85.jpg', FALSE);
INSERT IGNORE INTO Pengguna (id_pengguna, email, password, nama_lengkap, tgl_lahir, no_telp, foto_profil, is_penjual) VALUES (86, 'jnuraini@example.net', 'uhJ5ZybK3BI$', 'Tgk. Sarah Dongoran, M.M.', '2003-09-12', '0844029472', 'profil/user86.jpg', FALSE);
INSERT IGNORE INTO Pengguna (id_pengguna, email, password, nama_lengkap, tgl_lahir, no_telp, foto_profil, is_penjual) VALUES (87, 'ganjaran94@example.net', 'w2E7f$m6!B02', 'Puti Kania Anggraini', '2006-08-27', '(045) 340 2885', 'profil/user87.jpg', FALSE);
INSERT IGNORE INTO Pengguna (id_pengguna, email, password, nama_lengkap, tgl_lahir, no_telp, foto_profil, is_penjual) VALUES (88, 'mahesa00@example.com', '!GEOMnkd+0eu', 'Uli Ardianto', '1982-10-25', '+62 (0563) 759 7815', 'profil/user88.jpg', FALSE);
INSERT IGNORE INTO Pengguna (id_pengguna, email, password, nama_lengkap, tgl_lahir, no_telp, foto_profil, is_penjual) VALUES (89, 'thamrinzamira@example.org', 'S(xXf2FwG6Da', 'Maida Nurdiyanti', '1962-09-12', '(0420) 948-7317', 'profil/user89.jpg', FALSE);
INSERT IGNORE INTO Pengguna (id_pengguna, email, password, nama_lengkap, tgl_lahir, no_telp, foto_profil, is_penjual) VALUES (90, 'vicky72@example.net', 'x88e!$X$)uRi', 'Jagaraga Puspita', '1977-12-11', '+62 (0546) 522-7124', 'profil/user90.jpg', FALSE);
INSERT IGNORE INTO Pengguna (id_pengguna, email, password, nama_lengkap, tgl_lahir, no_telp, foto_profil, is_penjual) VALUES (91, 'prasetyatiti@example.com', 'YUvIQyZl!!b3', 'H. Umay Latupono', '1971-02-24', '+62-023-879-7544', 'profil/user91.jpg', FALSE);
INSERT IGNORE INTO Pengguna (id_pengguna, email, password, nama_lengkap, tgl_lahir, no_telp, foto_profil, is_penjual) VALUES (92, 'pradanabanawi@example.com', 'a#8DLlmpfp0O', 'Saadat Saptono', '1964-08-30', '(0536) 469 4178', 'profil/user92.jpg', FALSE);
INSERT IGNORE INTO Pengguna (id_pengguna, email, password, nama_lengkap, tgl_lahir, no_telp, foto_profil, is_penjual) VALUES (93, 'halim39@example.org', '$Jkf7Ntvu!41', 'Lasmanto Usada', '1966-05-21', '+62-080-598-3609', 'profil/user93.jpg', FALSE);
INSERT IGNORE INTO Pengguna (id_pengguna, email, password, nama_lengkap, tgl_lahir, no_telp, foto_profil, is_penjual) VALUES (94, 'cpradipta@example.net', '&K9dRf#tT4rv', 'Wira Hastuti', '1966-12-04', '+62 (084) 717-4475', 'profil/user94.jpg', FALSE);
INSERT IGNORE INTO Pengguna (id_pengguna, email, password, nama_lengkap, tgl_lahir, no_telp, foto_profil, is_penjual) VALUES (95, 'ivan26@example.net', 'VN0!po8!m)%I', 'Leo Oktaviani, S.E.', '1982-02-02', '(025) 986-5362', 'profil/user95.jpg', FALSE);
INSERT IGNORE INTO Pengguna (id_pengguna, email, password, nama_lengkap, tgl_lahir, no_telp, foto_profil, is_penjual) VALUES (96, 'ekosihombing@example.net', 'w6r7Dyl*TWl@', 'Drs. Faizah Usada, S.Farm', '1974-01-12', '+62 (209) 957-4688', 'profil/user96.jpg', FALSE);
INSERT IGNORE INTO Pengguna (id_pengguna, email, password, nama_lengkap, tgl_lahir, no_telp, foto_profil, is_penjual) VALUES (97, 'umarprasetyo@example.org', 'C3rm%Q)e@+a9', 'Tasnim Pratiwi', '1982-01-20', '(066) 702-4485', 'profil/user97.jpg', FALSE);
INSERT IGNORE INTO Pengguna (id_pengguna, email, password, nama_lengkap, tgl_lahir, no_telp, foto_profil, is_penjual) VALUES (98, 'ekonugroho@example.net', 'KEx3d1k#N)1E', 'Lutfan Saputra', '1988-04-21', '(064) 733-6279', 'profil/user98.jpg', FALSE);
INSERT IGNORE INTO Pengguna (id_pengguna, email, password, nama_lengkap, tgl_lahir, no_telp, foto_profil, is_penjual) VALUES (99, 'gaduh68@example.net', 'CBLyjAej+7Sv', 'Yessi Zulaika', '2001-10-21', '+62-0410-282-8212', 'profil/user99.jpg', FALSE);
INSERT IGNORE INTO Pengguna (id_pengguna, email, password, nama_lengkap, tgl_lahir, no_telp, foto_profil, is_penjual) VALUES (100, 'ajimankusumo@example.net', 'Eh6OSGFgz#T1', 'Ratna Wahyuni', '1978-12-07', '(0589) 236-1844', 'profil/user100.jpg', FALSE);
INSERT IGNORE INTO Pengguna (id_pengguna, email, password, nama_lengkap, tgl_lahir, no_telp, foto_profil, is_penjual) VALUES (101, 'rafidwahyuni@example.org', 'caU1wYyW#@Nu', 'Ir. Dalima Yolanda, M.Kom.', '1981-08-06', '+62-058-486-9925', 'profil/user101.jpg', FALSE);
INSERT IGNORE INTO Pengguna (id_pengguna, email, password, nama_lengkap, tgl_lahir, no_telp, foto_profil, is_penjual) VALUES (102, 'eprasasta@example.org', 'htoY+v^k!35Z', 'Betania Anggraini', '1973-09-30', '+62 (085) 346-4298', 'profil/user102.jpg', FALSE);
INSERT IGNORE INTO Pengguna (id_pengguna, email, password, nama_lengkap, tgl_lahir, no_telp, foto_profil, is_penjual) VALUES (103, 'pranowodewi@example.com', 'q!Q8h_cdYD%!', 'Rina Pratama', '1990-01-26', '(066) 033 8234', 'profil/user103.jpg', FALSE);
INSERT IGNORE INTO Pengguna (id_pengguna, email, password, nama_lengkap, tgl_lahir, no_telp, foto_profil, is_penjual) VALUES (104, 'rikapranowo@example.com', '(@jce^hn(3Il', 'Putri Marpaung', '1966-08-07', '(036) 899 6826', 'profil/user104.jpg', FALSE);
INSERT IGNORE INTO Pengguna (id_pengguna, email, password, nama_lengkap, tgl_lahir, no_telp, foto_profil, is_penjual) VALUES (105, 'vickypertiwi@example.com', '6w1y+E#mQa)4', 'Simon Halimah', '1962-08-16', '(0991) 207 3797', 'profil/user105.jpg', FALSE);
INSERT IGNORE INTO Pengguna (id_pengguna, email, password, nama_lengkap, tgl_lahir, no_telp, foto_profil, is_penjual) VALUES (106, 'ilyas29@example.com', '(h4O4VIsPDB#', 'Aisyah Wijaya', '1994-07-04', '+62-028-481-1591', 'profil/user106.jpg', FALSE);
INSERT IGNORE INTO Pengguna (id_pengguna, email, password, nama_lengkap, tgl_lahir, no_telp, foto_profil, is_penjual) VALUES (107, 'galuh57@example.org', 'Ob7spWe(s#2e', 'Iriana Safitri', '1988-05-18', '+62 (0745) 286 1849', 'profil/user107.jpg', FALSE);
INSERT IGNORE INTO Pengguna (id_pengguna, email, password, nama_lengkap, tgl_lahir, no_telp, foto_profil, is_penjual) VALUES (108, 'mursininsitumorang@example.net', 'L#06%DyZt&+S', 'Eva Pudjiastuti', '1971-06-16', '+62 (0657) 990 8826', 'profil/user108.jpg', FALSE);
INSERT IGNORE INTO Pengguna (id_pengguna, email, password, nama_lengkap, tgl_lahir, no_telp, foto_profil, is_penjual) VALUES (109, 'taufik01@example.net', '7(GTD8k6zGhq', 'Talia Hardiansyah', '2009-05-03', '088 497 1403', 'profil/user109.jpg', FALSE);
INSERT IGNORE INTO Pengguna (id_pengguna, email, password, nama_lengkap, tgl_lahir, no_telp, foto_profil, is_penjual) VALUES (110, 'ibun63@example.net', ')IFb9V#m!19K', 'Dt. Elon Pratiwi', '1961-08-03', '+62 (001) 778-8272', 'profil/user110.jpg', FALSE);

-- Penjual
INSERT IGNORE INTO Penjual (id_penjual, id_pengguna, foto_diri, nama, is_verified) VALUES (1, 1, 'fotodiri/penjual1.jpg', 'PT Usamah Prastuti Store', FALSE);
INSERT IGNORE INTO Penjual (id_penjual, id_pengguna, foto_diri, nama, is_verified) VALUES (2, 2, 'fotodiri/penjual2.jpg', 'Perum Mahendra Saptono Tbk Store', TRUE);
INSERT IGNORE INTO Penjual (id_penjual, id_pengguna, foto_diri, nama, is_verified) VALUES (3, 3, 'fotodiri/penjual3.jpg', 'CV Wasita Wibisono Tbk Store', FALSE);
INSERT IGNORE INTO Penjual (id_penjual, id_pengguna, foto_diri, nama, is_verified) VALUES (4, 4, 'fotodiri/penjual4.jpg', 'CV Prastuti Prakasa Store', FALSE);
INSERT IGNORE INTO Penjual (id_penjual, id_pengguna, foto_diri, nama, is_verified) VALUES (5, 5, 'fotodiri/penjual5.jpg', 'CV Sihombing Megantara Tbk Store', TRUE);
INSERT IGNORE INTO Penjual (id_penjual, id_pengguna, foto_diri, nama, is_verified) VALUES (6, 6, 'fotodiri/penjual6.jpg', 'Perum Manullang Iswahyudi Tbk Store', TRUE);
INSERT IGNORE INTO Penjual (id_penjual, id_pengguna, foto_diri, nama, is_verified) VALUES (7, 7, 'fotodiri/penjual7.jpg', 'CV Nashiruddin Pratiwi Tbk Store', TRUE);
INSERT IGNORE INTO Penjual (id_penjual, id_pengguna, foto_diri, nama, is_verified) VALUES (8, 8, 'fotodiri/penjual8.jpg', 'UD Prasetya Gunarto Store', FALSE);
INSERT IGNORE INTO Penjual (id_penjual, id_pengguna, foto_diri, nama, is_verified) VALUES (9, 9, 'fotodiri/penjual9.jpg', 'PD Tamba Store', FALSE);
INSERT IGNORE INTO Penjual (id_penjual, id_pengguna, foto_diri, nama, is_verified) VALUES (10, 10, 'fotodiri/penjual10.jpg', 'CV Ardianto Wasita (Persero) Tbk Store', FALSE);
INSERT IGNORE INTO Penjual (id_penjual, id_pengguna, foto_diri, nama, is_verified) VALUES (11, 11, 'fotodiri/penjual11.jpg', 'PD Lazuardi Tbk Store', TRUE);
INSERT IGNORE INTO Penjual (id_penjual, id_pengguna, foto_diri, nama, is_verified) VALUES (12, 12, 'fotodiri/penjual12.jpg', 'UD Aryani Store', TRUE);
INSERT IGNORE INTO Penjual (id_penjual, id_pengguna, foto_diri, nama, is_verified) VALUES (13, 13, 'fotodiri/penjual13.jpg', 'PT Astuti Ramadan Tbk Store', TRUE);
INSERT IGNORE INTO Penjual (id_penjual, id_pengguna, foto_diri, nama, is_verified) VALUES (14, 14, 'fotodiri/penjual14.jpg', 'PD Padmasari Pertiwi Store', FALSE);
INSERT IGNORE INTO Penjual (id_penjual, id_pengguna, foto_diri, nama, is_verified) VALUES (15, 15, 'fotodiri/penjual15.jpg', 'PD Wibisono Store', TRUE);
INSERT IGNORE INTO Penjual (id_penjual, id_pengguna, foto_diri, nama, is_verified) VALUES (16, 16, 'fotodiri/penjual16.jpg', 'CV Ramadan Store', TRUE);
INSERT IGNORE INTO Penjual (id_penjual, id_pengguna, foto_diri, nama, is_verified) VALUES (17, 17, 'fotodiri/penjual17.jpg', 'PD Namaga Tbk Store', TRUE);
INSERT IGNORE INTO Penjual (id_penjual, id_pengguna, foto_diri, nama, is_verified) VALUES (18, 18, 'fotodiri/penjual18.jpg', 'UD Prakasa (Persero) Tbk Store', TRUE);
INSERT IGNORE INTO Penjual (id_penjual, id_pengguna, foto_diri, nama, is_verified) VALUES (19, 19, 'fotodiri/penjual19.jpg', 'Perum Hardiansyah Store', FALSE);
INSERT IGNORE INTO Penjual (id_penjual, id_pengguna, foto_diri, nama, is_verified) VALUES (20, 20, 'fotodiri/penjual20.jpg', 'CV Permadi Tarihoran Store', FALSE);
INSERT IGNORE INTO Penjual (id_penjual, id_pengguna, foto_diri, nama, is_verified) VALUES (21, 21, 'fotodiri/penjual21.jpg', 'CV Mardhiyah Store', FALSE);
INSERT IGNORE INTO Penjual (id_penjual, id_pengguna, foto_diri, nama, is_verified) VALUES (22, 22, 'fotodiri/penjual22.jpg', 'Perum Mandasari (Persero) Tbk Store', FALSE);
INSERT IGNORE INTO Penjual (id_penjual, id_pengguna, foto_diri, nama, is_verified) VALUES (23, 23, 'fotodiri/penjual23.jpg', 'CV Fujiati Habibi Store', TRUE);
INSERT IGNORE INTO Penjual (id_penjual, id_pengguna, foto_diri, nama, is_verified) VALUES (24, 24, 'fotodiri/penjual24.jpg', 'CV Lailasari Store', FALSE);
INSERT IGNORE INTO Penjual (id_penjual, id_pengguna, foto_diri, nama, is_verified) VALUES (25, 25, 'fotodiri/penjual25.jpg', 'CV Handayani Store', TRUE);
INSERT IGNORE INTO Penjual (id_penjual, id_pengguna, foto_diri, nama, is_verified) VALUES (26, 26, 'fotodiri/penjual26.jpg', 'UD Putra Tbk Store', FALSE);
INSERT IGNORE INTO Penjual (id_penjual, id_pengguna, foto_diri, nama, is_verified) VALUES (27, 27, 'fotodiri/penjual27.jpg', 'UD Halim Tbk Store', FALSE);
INSERT IGNORE INTO Penjual (id_penjual, id_pengguna, foto_diri, nama, is_verified) VALUES (28, 28, 'fotodiri/penjual28.jpg', 'PD Astuti Hassanah Store', FALSE);
INSERT IGNORE INTO Penjual (id_penjual, id_pengguna, foto_diri, nama, is_verified) VALUES (29, 29, 'fotodiri/penjual29.jpg', 'UD Zulaika Hassanah Store', FALSE);
INSERT IGNORE INTO Penjual (id_penjual, id_pengguna, foto_diri, nama, is_verified) VALUES (30, 30, 'fotodiri/penjual30.jpg', 'CV Jailani Store', FALSE);
INSERT IGNORE INTO Penjual (id_penjual, id_pengguna, foto_diri, nama, is_verified) VALUES (31, 31, 'fotodiri/penjual31.jpg', 'CV Marpaung Siregar Store', FALSE);
INSERT IGNORE INTO Penjual (id_penjual, id_pengguna, foto_diri, nama, is_verified) VALUES (32, 32, 'fotodiri/penjual32.jpg', 'UD Astuti Store', TRUE);
INSERT IGNORE INTO Penjual (id_penjual, id_pengguna, foto_diri, nama, is_verified) VALUES (33, 33, 'fotodiri/penjual33.jpg', 'CV Kurniawan Wahyudin Store', FALSE);
INSERT IGNORE INTO Penjual (id_penjual, id_pengguna, foto_diri, nama, is_verified) VALUES (34, 34, 'fotodiri/penjual34.jpg', 'PT Sirait (Persero) Tbk Store', FALSE);
INSERT IGNORE INTO Penjual (id_penjual, id_pengguna, foto_diri, nama, is_verified) VALUES (35, 35, 'fotodiri/penjual35.jpg', 'Perum Pradipta Tbk Store', TRUE);
INSERT IGNORE INTO Penjual (id_penjual, id_pengguna, foto_diri, nama, is_verified) VALUES (36, 36, 'fotodiri/penjual36.jpg', 'Perum Budiyanto Handayani Store', FALSE);
INSERT IGNORE INTO Penjual (id_penjual, id_pengguna, foto_diri, nama, is_verified) VALUES (37, 37, 'fotodiri/penjual37.jpg', 'Perum Novitasari Hariyah Store', TRUE);
INSERT IGNORE INTO Penjual (id_penjual, id_pengguna, foto_diri, nama, is_verified) VALUES (38, 38, 'fotodiri/penjual38.jpg', 'PT Nugroho Anggraini (Persero) Tbk Store', FALSE);
INSERT IGNORE INTO Penjual (id_penjual, id_pengguna, foto_diri, nama, is_verified) VALUES (39, 39, 'fotodiri/penjual39.jpg', 'PD Pangestu Tbk Store', TRUE);
INSERT IGNORE INTO Penjual (id_penjual, id_pengguna, foto_diri, nama, is_verified) VALUES (40, 40, 'fotodiri/penjual40.jpg', 'Perum Jailani (Persero) Tbk Store', TRUE);
INSERT IGNORE INTO Penjual (id_penjual, id_pengguna, foto_diri, nama, is_verified) VALUES (41, 41, 'fotodiri/penjual41.jpg', 'Perum Aryani Tbk Store', FALSE);
INSERT IGNORE INTO Penjual (id_penjual, id_pengguna, foto_diri, nama, is_verified) VALUES (42, 42, 'fotodiri/penjual42.jpg', 'UD Rahayu Tampubolon Store', TRUE);
INSERT IGNORE INTO Penjual (id_penjual, id_pengguna, foto_diri, nama, is_verified) VALUES (43, 43, 'fotodiri/penjual43.jpg', 'Perum Sudiati Store', TRUE);
INSERT IGNORE INTO Penjual (id_penjual, id_pengguna, foto_diri, nama, is_verified) VALUES (44, 44, 'fotodiri/penjual44.jpg', 'PT Yuniar Thamrin Store', FALSE);
INSERT IGNORE INTO Penjual (id_penjual, id_pengguna, foto_diri, nama, is_verified) VALUES (45, 45, 'fotodiri/penjual45.jpg', 'PT Utama Kurniawan Store', TRUE);
INSERT IGNORE INTO Penjual (id_penjual, id_pengguna, foto_diri, nama, is_verified) VALUES (46, 46, 'fotodiri/penjual46.jpg', 'PD Pranowo Store', TRUE);
INSERT IGNORE INTO Penjual (id_penjual, id_pengguna, foto_diri, nama, is_verified) VALUES (47, 47, 'fotodiri/penjual47.jpg', 'UD Zulaika Store', FALSE);
INSERT IGNORE INTO Penjual (id_penjual, id_pengguna, foto_diri, nama, is_verified) VALUES (48, 48, 'fotodiri/penjual48.jpg', 'CV Nasyidah Tampubolon Store', FALSE);
INSERT IGNORE INTO Penjual (id_penjual, id_pengguna, foto_diri, nama, is_verified) VALUES (49, 49, 'fotodiri/penjual49.jpg', 'PT Najmudin (Persero) Tbk Store', FALSE);
INSERT IGNORE INTO Penjual (id_penjual, id_pengguna, foto_diri, nama, is_verified) VALUES (50, 50, 'fotodiri/penjual50.jpg', 'Perum Sihombing Tbk Store', FALSE);

-- Pembeli
INSERT IGNORE INTO Pembeli (id_pembeli, id_pengguna) VALUES (1, 51);
INSERT IGNORE INTO Pembeli (id_pembeli, id_pengguna) VALUES (2, 52);
INSERT IGNORE INTO Pembeli (id_pembeli, id_pengguna) VALUES (3, 53);
INSERT IGNORE INTO Pembeli (id_pembeli, id_pengguna) VALUES (4, 54);
INSERT IGNORE INTO Pembeli (id_pembeli, id_pengguna) VALUES (5, 55);
INSERT IGNORE INTO Pembeli (id_pembeli, id_pengguna) VALUES (6, 56);
INSERT IGNORE INTO Pembeli (id_pembeli, id_pengguna) VALUES (7, 57);
INSERT IGNORE INTO Pembeli (id_pembeli, id_pengguna) VALUES (8, 58);
INSERT IGNORE INTO Pembeli (id_pembeli, id_pengguna) VALUES (9, 59);
INSERT IGNORE INTO Pembeli (id_pembeli, id_pengguna) VALUES (10, 60);
INSERT IGNORE INTO Pembeli (id_pembeli, id_pengguna) VALUES (11, 61);
INSERT IGNORE INTO Pembeli (id_pembeli, id_pengguna) VALUES (12, 62);
INSERT IGNORE INTO Pembeli (id_pembeli, id_pengguna) VALUES (13, 63);
INSERT IGNORE INTO Pembeli (id_pembeli, id_pengguna) VALUES (14, 64);
INSERT IGNORE INTO Pembeli (id_pembeli, id_pengguna) VALUES (15, 65);
INSERT IGNORE INTO Pembeli (id_pembeli, id_pengguna) VALUES (16, 66);
INSERT IGNORE INTO Pembeli (id_pembeli, id_pengguna) VALUES (17, 67);
INSERT IGNORE INTO Pembeli (id_pembeli, id_pengguna) VALUES (18, 68);
INSERT IGNORE INTO Pembeli (id_pembeli, id_pengguna) VALUES (19, 69);
INSERT IGNORE INTO Pembeli (id_pembeli, id_pengguna) VALUES (20, 70);
INSERT IGNORE INTO Pembeli (id_pembeli, id_pengguna) VALUES (21, 71);
INSERT IGNORE INTO Pembeli (id_pembeli, id_pengguna) VALUES (22, 72);
INSERT IGNORE INTO Pembeli (id_pembeli, id_pengguna) VALUES (23, 73);
INSERT IGNORE INTO Pembeli (id_pembeli, id_pengguna) VALUES (24, 74);
INSERT IGNORE INTO Pembeli (id_pembeli, id_pengguna) VALUES (25, 75);
INSERT IGNORE INTO Pembeli (id_pembeli, id_pengguna) VALUES (26, 76);
INSERT IGNORE INTO Pembeli (id_pembeli, id_pengguna) VALUES (27, 77);
INSERT IGNORE INTO Pembeli (id_pembeli, id_pengguna) VALUES (28, 78);
INSERT IGNORE INTO Pembeli (id_pembeli, id_pengguna) VALUES (29, 79);
INSERT IGNORE INTO Pembeli (id_pembeli, id_pengguna) VALUES (30, 80);
INSERT IGNORE INTO Pembeli (id_pembeli, id_pengguna) VALUES (31, 81);
INSERT IGNORE INTO Pembeli (id_pembeli, id_pengguna) VALUES (32, 82);
INSERT IGNORE INTO Pembeli (id_pembeli, id_pengguna) VALUES (33, 83);
INSERT IGNORE INTO Pembeli (id_pembeli, id_pengguna) VALUES (34, 84);
INSERT IGNORE INTO Pembeli (id_pembeli, id_pengguna) VALUES (35, 85);
INSERT IGNORE INTO Pembeli (id_pembeli, id_pengguna) VALUES (36, 86);
INSERT IGNORE INTO Pembeli (id_pembeli, id_pengguna) VALUES (37, 87);
INSERT IGNORE INTO Pembeli (id_pembeli, id_pengguna) VALUES (38, 88);
INSERT IGNORE INTO Pembeli (id_pembeli, id_pengguna) VALUES (39, 89);
INSERT IGNORE INTO Pembeli (id_pembeli, id_pengguna) VALUES (40, 90);
INSERT IGNORE INTO Pembeli (id_pembeli, id_pengguna) VALUES (41, 91);
INSERT IGNORE INTO Pembeli (id_pembeli, id_pengguna) VALUES (42, 92);
INSERT IGNORE INTO Pembeli (id_pembeli, id_pengguna) VALUES (43, 93);
INSERT IGNORE INTO Pembeli (id_pembeli, id_pengguna) VALUES (44, 94);
INSERT IGNORE INTO Pembeli (id_pembeli, id_pengguna) VALUES (45, 95);
INSERT IGNORE INTO Pembeli (id_pembeli, id_pengguna) VALUES (46, 96);
INSERT IGNORE INTO Pembeli (id_pembeli, id_pengguna) VALUES (47, 97);
INSERT IGNORE INTO Pembeli (id_pembeli, id_pengguna) VALUES (48, 98);
INSERT IGNORE INTO Pembeli (id_pembeli, id_pengguna) VALUES (49, 99);
INSERT IGNORE INTO Pembeli (id_pembeli, id_pengguna) VALUES (50, 100);
INSERT IGNORE INTO Pembeli (id_pembeli, id_pengguna) VALUES (51, 101);
INSERT IGNORE INTO Pembeli (id_pembeli, id_pengguna) VALUES (52, 102);
INSERT IGNORE INTO Pembeli (id_pembeli, id_pengguna) VALUES (53, 103);
INSERT IGNORE INTO Pembeli (id_pembeli, id_pengguna) VALUES (54, 104);
INSERT IGNORE INTO Pembeli (id_pembeli, id_pengguna) VALUES (55, 105);
INSERT IGNORE INTO Pembeli (id_pembeli, id_pengguna) VALUES (56, 106);
INSERT IGNORE INTO Pembeli (id_pembeli, id_pengguna) VALUES (57, 107);
INSERT IGNORE INTO Pembeli (id_pembeli, id_pengguna) VALUES (58, 108);
INSERT IGNORE INTO Pembeli (id_pembeli, id_pengguna) VALUES (59, 109);
INSERT IGNORE INTO Pembeli (id_pembeli, id_pengguna) VALUES (60, 110);

-- AlamatPembeli
INSERT IGNORE INTO AlamatPembeli (id_pembeli, id_alamat, id_pesanan, is_default) VALUES (1, 71, NULL, TRUE);
INSERT IGNORE INTO AlamatPembeli (id_pembeli, id_alamat, id_pesanan, is_default) VALUES (1, 5, NULL, FALSE);
INSERT IGNORE INTO AlamatPembeli (id_pembeli, id_alamat, id_pesanan, is_default) VALUES (2, 74, NULL, TRUE);
INSERT IGNORE INTO AlamatPembeli (id_pembeli, id_alamat, id_pesanan, is_default) VALUES (2, 98, NULL, FALSE);
INSERT IGNORE INTO AlamatPembeli (id_pembeli, id_alamat, id_pesanan, is_default) VALUES (3, 94, NULL, TRUE);
INSERT IGNORE INTO AlamatPembeli (id_pembeli, id_alamat, id_pesanan, is_default) VALUES (3, 96, NULL, FALSE);
INSERT IGNORE INTO AlamatPembeli (id_pembeli, id_alamat, id_pesanan, is_default) VALUES (3, 73, NULL, FALSE);
INSERT IGNORE INTO AlamatPembeli (id_pembeli, id_alamat, id_pesanan, is_default) VALUES (4, 90, NULL, TRUE);
INSERT IGNORE INTO AlamatPembeli (id_pembeli, id_alamat, id_pesanan, is_default) VALUES (5, 63, NULL, TRUE);
INSERT IGNORE INTO AlamatPembeli (id_pembeli, id_alamat, id_pesanan, is_default) VALUES (5, 67, NULL, FALSE);
INSERT IGNORE INTO AlamatPembeli (id_pembeli, id_alamat, id_pesanan, is_default) VALUES (5, 1, NULL, FALSE);
INSERT IGNORE INTO AlamatPembeli (id_pembeli, id_alamat, id_pesanan, is_default) VALUES (6, 75, NULL, TRUE);
INSERT IGNORE INTO AlamatPembeli (id_pembeli, id_alamat, id_pesanan, is_default) VALUES (6, 6, NULL, FALSE);
INSERT IGNORE INTO AlamatPembeli (id_pembeli, id_alamat, id_pesanan, is_default) VALUES (6, 85, NULL, FALSE);
INSERT IGNORE INTO AlamatPembeli (id_pembeli, id_alamat, id_pesanan, is_default) VALUES (7, 47, NULL, TRUE);
INSERT IGNORE INTO AlamatPembeli (id_pembeli, id_alamat, id_pesanan, is_default) VALUES (7, 84, NULL, FALSE);
INSERT IGNORE INTO AlamatPembeli (id_pembeli, id_alamat, id_pesanan, is_default) VALUES (8, 5, NULL, TRUE);
INSERT IGNORE INTO AlamatPembeli (id_pembeli, id_alamat, id_pesanan, is_default) VALUES (8, 81, NULL, FALSE);
INSERT IGNORE INTO AlamatPembeli (id_pembeli, id_alamat, id_pesanan, is_default) VALUES (9, 52, NULL, TRUE);
INSERT IGNORE INTO AlamatPembeli (id_pembeli, id_alamat, id_pesanan, is_default) VALUES (9, 49, NULL, FALSE);
INSERT IGNORE INTO AlamatPembeli (id_pembeli, id_alamat, id_pesanan, is_default) VALUES (10, 2, NULL, TRUE);
INSERT IGNORE INTO AlamatPembeli (id_pembeli, id_alamat, id_pesanan, is_default) VALUES (11, 90, NULL, TRUE);
INSERT IGNORE INTO AlamatPembeli (id_pembeli, id_alamat, id_pesanan, is_default) VALUES (12, 64, NULL, TRUE);
INSERT IGNORE INTO AlamatPembeli (id_pembeli, id_alamat, id_pesanan, is_default) VALUES (12, 28, NULL, FALSE);
INSERT IGNORE INTO AlamatPembeli (id_pembeli, id_alamat, id_pesanan, is_default) VALUES (13, 62, NULL, TRUE);
INSERT IGNORE INTO AlamatPembeli (id_pembeli, id_alamat, id_pesanan, is_default) VALUES (14, 30, NULL, TRUE);
INSERT IGNORE INTO AlamatPembeli (id_pembeli, id_alamat, id_pesanan, is_default) VALUES (14, 72, NULL, FALSE);
INSERT IGNORE INTO AlamatPembeli (id_pembeli, id_alamat, id_pesanan, is_default) VALUES (14, 38, NULL, FALSE);
INSERT IGNORE INTO AlamatPembeli (id_pembeli, id_alamat, id_pesanan, is_default) VALUES (15, 23, NULL, TRUE);
INSERT IGNORE INTO AlamatPembeli (id_pembeli, id_alamat, id_pesanan, is_default) VALUES (15, 19, NULL, FALSE);
INSERT IGNORE INTO AlamatPembeli (id_pembeli, id_alamat, id_pesanan, is_default) VALUES (15, 55, NULL, FALSE);
INSERT IGNORE INTO AlamatPembeli (id_pembeli, id_alamat, id_pesanan, is_default) VALUES (16, 53, NULL, TRUE);
INSERT IGNORE INTO AlamatPembeli (id_pembeli, id_alamat, id_pesanan, is_default) VALUES (16, 42, NULL, FALSE);
INSERT IGNORE INTO AlamatPembeli (id_pembeli, id_alamat, id_pesanan, is_default) VALUES (17, 87, NULL, TRUE);
INSERT IGNORE INTO AlamatPembeli (id_pembeli, id_alamat, id_pesanan, is_default) VALUES (17, 23, NULL, FALSE);
INSERT IGNORE INTO AlamatPembeli (id_pembeli, id_alamat, id_pesanan, is_default) VALUES (17, 52, NULL, FALSE);
INSERT IGNORE INTO AlamatPembeli (id_pembeli, id_alamat, id_pesanan, is_default) VALUES (18, 42, NULL, TRUE);
INSERT IGNORE INTO AlamatPembeli (id_pembeli, id_alamat, id_pesanan, is_default) VALUES (19, 3, NULL, TRUE);
INSERT IGNORE INTO AlamatPembeli (id_pembeli, id_alamat, id_pesanan, is_default) VALUES (19, 85, NULL, FALSE);
INSERT IGNORE INTO AlamatPembeli (id_pembeli, id_alamat, id_pesanan, is_default) VALUES (19, 13, NULL, FALSE);
INSERT IGNORE INTO AlamatPembeli (id_pembeli, id_alamat, id_pesanan, is_default) VALUES (20, 68, NULL, TRUE);
INSERT IGNORE INTO AlamatPembeli (id_pembeli, id_alamat, id_pesanan, is_default) VALUES (21, 83, NULL, TRUE);
INSERT IGNORE INTO AlamatPembeli (id_pembeli, id_alamat, id_pesanan, is_default) VALUES (21, 56, NULL, FALSE);
INSERT IGNORE INTO AlamatPembeli (id_pembeli, id_alamat, id_pesanan, is_default) VALUES (22, 5, NULL, TRUE);
INSERT IGNORE INTO AlamatPembeli (id_pembeli, id_alamat, id_pesanan, is_default) VALUES (22, 68, NULL, FALSE);
INSERT IGNORE INTO AlamatPembeli (id_pembeli, id_alamat, id_pesanan, is_default) VALUES (23, 70, NULL, TRUE);
INSERT IGNORE INTO AlamatPembeli (id_pembeli, id_alamat, id_pesanan, is_default) VALUES (23, 95, NULL, FALSE);
INSERT IGNORE INTO AlamatPembeli (id_pembeli, id_alamat, id_pesanan, is_default) VALUES (23, 1, NULL, FALSE);
INSERT IGNORE INTO AlamatPembeli (id_pembeli, id_alamat, id_pesanan, is_default) VALUES (24, 29, NULL, TRUE);
INSERT IGNORE INTO AlamatPembeli (id_pembeli, id_alamat, id_pesanan, is_default) VALUES (25, 100, NULL, TRUE);
INSERT IGNORE INTO AlamatPembeli (id_pembeli, id_alamat, id_pesanan, is_default) VALUES (25, 11, NULL, FALSE);
INSERT IGNORE INTO AlamatPembeli (id_pembeli, id_alamat, id_pesanan, is_default) VALUES (25, 65, NULL, FALSE);
INSERT IGNORE INTO AlamatPembeli (id_pembeli, id_alamat, id_pesanan, is_default) VALUES (26, 44, NULL, TRUE);
INSERT IGNORE INTO AlamatPembeli (id_pembeli, id_alamat, id_pesanan, is_default) VALUES (27, 79, NULL, TRUE);
INSERT IGNORE INTO AlamatPembeli (id_pembeli, id_alamat, id_pesanan, is_default) VALUES (27, 67, NULL, FALSE);
INSERT IGNORE INTO AlamatPembeli (id_pembeli, id_alamat, id_pesanan, is_default) VALUES (27, 36, NULL, FALSE);
INSERT IGNORE INTO AlamatPembeli (id_pembeli, id_alamat, id_pesanan, is_default) VALUES (28, 14, NULL, TRUE);
INSERT IGNORE INTO AlamatPembeli (id_pembeli, id_alamat, id_pesanan, is_default) VALUES (28, 48, NULL, FALSE);
INSERT IGNORE INTO AlamatPembeli (id_pembeli, id_alamat, id_pesanan, is_default) VALUES (28, 78, NULL, FALSE);
INSERT IGNORE INTO AlamatPembeli (id_pembeli, id_alamat, id_pesanan, is_default) VALUES (29, 56, NULL, TRUE);
INSERT IGNORE INTO AlamatPembeli (id_pembeli, id_alamat, id_pesanan, is_default) VALUES (30, 50, NULL, TRUE);
INSERT IGNORE INTO AlamatPembeli (id_pembeli, id_alamat, id_pesanan, is_default) VALUES (31, 9, NULL, TRUE);
INSERT IGNORE INTO AlamatPembeli (id_pembeli, id_alamat, id_pesanan, is_default) VALUES (31, 43, NULL, FALSE);
INSERT IGNORE INTO AlamatPembeli (id_pembeli, id_alamat, id_pesanan, is_default) VALUES (32, 35, NULL, TRUE);
INSERT IGNORE INTO AlamatPembeli (id_pembeli, id_alamat, id_pesanan, is_default) VALUES (32, 95, NULL, FALSE);
INSERT IGNORE INTO AlamatPembeli (id_pembeli, id_alamat, id_pesanan, is_default) VALUES (32, 87, NULL, FALSE);
INSERT IGNORE INTO AlamatPembeli (id_pembeli, id_alamat, id_pesanan, is_default) VALUES (33, 5, NULL, TRUE);
INSERT IGNORE INTO AlamatPembeli (id_pembeli, id_alamat, id_pesanan, is_default) VALUES (33, 58, NULL, FALSE);
INSERT IGNORE INTO AlamatPembeli (id_pembeli, id_alamat, id_pesanan, is_default) VALUES (33, 27, NULL, FALSE);
INSERT IGNORE INTO AlamatPembeli (id_pembeli, id_alamat, id_pesanan, is_default) VALUES (34, 61, NULL, TRUE);
INSERT IGNORE INTO AlamatPembeli (id_pembeli, id_alamat, id_pesanan, is_default) VALUES (35, 12, NULL, TRUE);
INSERT IGNORE INTO AlamatPembeli (id_pembeli, id_alamat, id_pesanan, is_default) VALUES (35, 59, NULL, FALSE);
INSERT IGNORE INTO AlamatPembeli (id_pembeli, id_alamat, id_pesanan, is_default) VALUES (35, 9, NULL, FALSE);
INSERT IGNORE INTO AlamatPembeli (id_pembeli, id_alamat, id_pesanan, is_default) VALUES (36, 43, NULL, TRUE);
INSERT IGNORE INTO AlamatPembeli (id_pembeli, id_alamat, id_pesanan, is_default) VALUES (36, 33, NULL, FALSE);
INSERT IGNORE INTO AlamatPembeli (id_pembeli, id_alamat, id_pesanan, is_default) VALUES (36, 37, NULL, FALSE);
INSERT IGNORE INTO AlamatPembeli (id_pembeli, id_alamat, id_pesanan, is_default) VALUES (37, 14, NULL, TRUE);
INSERT IGNORE INTO AlamatPembeli (id_pembeli, id_alamat, id_pesanan, is_default) VALUES (37, 4, NULL, FALSE);
INSERT IGNORE INTO AlamatPembeli (id_pembeli, id_alamat, id_pesanan, is_default) VALUES (37, 31, NULL, FALSE);
INSERT IGNORE INTO AlamatPembeli (id_pembeli, id_alamat, id_pesanan, is_default) VALUES (38, 81, NULL, TRUE);
INSERT IGNORE INTO AlamatPembeli (id_pembeli, id_alamat, id_pesanan, is_default) VALUES (38, 100, NULL, FALSE);
INSERT IGNORE INTO AlamatPembeli (id_pembeli, id_alamat, id_pesanan, is_default) VALUES (39, 45, NULL, TRUE);
INSERT IGNORE INTO AlamatPembeli (id_pembeli, id_alamat, id_pesanan, is_default) VALUES (39, 62, NULL, FALSE);
INSERT IGNORE INTO AlamatPembeli (id_pembeli, id_alamat, id_pesanan, is_default) VALUES (40, 39, NULL, TRUE);
INSERT IGNORE INTO AlamatPembeli (id_pembeli, id_alamat, id_pesanan, is_default) VALUES (41, 53, NULL, TRUE);
INSERT IGNORE INTO AlamatPembeli (id_pembeli, id_alamat, id_pesanan, is_default) VALUES (41, 29, NULL, FALSE);
INSERT IGNORE INTO AlamatPembeli (id_pembeli, id_alamat, id_pesanan, is_default) VALUES (42, 68, NULL, TRUE);
INSERT IGNORE INTO AlamatPembeli (id_pembeli, id_alamat, id_pesanan, is_default) VALUES (43, 93, NULL, TRUE);
INSERT IGNORE INTO AlamatPembeli (id_pembeli, id_alamat, id_pesanan, is_default) VALUES (43, 21, NULL, FALSE);
INSERT IGNORE INTO AlamatPembeli (id_pembeli, id_alamat, id_pesanan, is_default) VALUES (43, 50, NULL, FALSE);
INSERT IGNORE INTO AlamatPembeli (id_pembeli, id_alamat, id_pesanan, is_default) VALUES (44, 26, NULL, TRUE);
INSERT IGNORE INTO AlamatPembeli (id_pembeli, id_alamat, id_pesanan, is_default) VALUES (45, 60, NULL, TRUE);
INSERT IGNORE INTO AlamatPembeli (id_pembeli, id_alamat, id_pesanan, is_default) VALUES (45, 19, NULL, FALSE);
INSERT IGNORE INTO AlamatPembeli (id_pembeli, id_alamat, id_pesanan, is_default) VALUES (45, 69, NULL, FALSE);
INSERT IGNORE INTO AlamatPembeli (id_pembeli, id_alamat, id_pesanan, is_default) VALUES (46, 100, NULL, TRUE);
INSERT IGNORE INTO AlamatPembeli (id_pembeli, id_alamat, id_pesanan, is_default) VALUES (47, 48, NULL, TRUE);
INSERT IGNORE INTO AlamatPembeli (id_pembeli, id_alamat, id_pesanan, is_default) VALUES (47, 85, NULL, FALSE);
INSERT IGNORE INTO AlamatPembeli (id_pembeli, id_alamat, id_pesanan, is_default) VALUES (48, 96, NULL, TRUE);
INSERT IGNORE INTO AlamatPembeli (id_pembeli, id_alamat, id_pesanan, is_default) VALUES (48, 10, NULL, FALSE);
INSERT IGNORE INTO AlamatPembeli (id_pembeli, id_alamat, id_pesanan, is_default) VALUES (48, 30, NULL, FALSE);
INSERT IGNORE INTO AlamatPembeli (id_pembeli, id_alamat, id_pesanan, is_default) VALUES (49, 21, NULL, TRUE);
INSERT IGNORE INTO AlamatPembeli (id_pembeli, id_alamat, id_pesanan, is_default) VALUES (49, 90, NULL, FALSE);
INSERT IGNORE INTO AlamatPembeli (id_pembeli, id_alamat, id_pesanan, is_default) VALUES (50, 95, NULL, TRUE);
INSERT IGNORE INTO AlamatPembeli (id_pembeli, id_alamat, id_pesanan, is_default) VALUES (50, 57, NULL, FALSE);
INSERT IGNORE INTO AlamatPembeli (id_pembeli, id_alamat, id_pesanan, is_default) VALUES (51, 67, NULL, TRUE);
INSERT IGNORE INTO AlamatPembeli (id_pembeli, id_alamat, id_pesanan, is_default) VALUES (52, 19, NULL, TRUE);
INSERT IGNORE INTO AlamatPembeli (id_pembeli, id_alamat, id_pesanan, is_default) VALUES (52, 48, NULL, FALSE);
INSERT IGNORE INTO AlamatPembeli (id_pembeli, id_alamat, id_pesanan, is_default) VALUES (53, 17, NULL, TRUE);
INSERT IGNORE INTO AlamatPembeli (id_pembeli, id_alamat, id_pesanan, is_default) VALUES (54, 48, NULL, TRUE);
INSERT IGNORE INTO AlamatPembeli (id_pembeli, id_alamat, id_pesanan, is_default) VALUES (54, 43, NULL, FALSE);
INSERT IGNORE INTO AlamatPembeli (id_pembeli, id_alamat, id_pesanan, is_default) VALUES (54, 62, NULL, FALSE);
INSERT IGNORE INTO AlamatPembeli (id_pembeli, id_alamat, id_pesanan, is_default) VALUES (55, 23, NULL, TRUE);
INSERT IGNORE INTO AlamatPembeli (id_pembeli, id_alamat, id_pesanan, is_default) VALUES (56, 14, NULL, TRUE);
INSERT IGNORE INTO AlamatPembeli (id_pembeli, id_alamat, id_pesanan, is_default) VALUES (56, 93, NULL, FALSE);
INSERT IGNORE INTO AlamatPembeli (id_pembeli, id_alamat, id_pesanan, is_default) VALUES (57, 80, NULL, TRUE);
INSERT IGNORE INTO AlamatPembeli (id_pembeli, id_alamat, id_pesanan, is_default) VALUES (57, 86, NULL, FALSE);
INSERT IGNORE INTO AlamatPembeli (id_pembeli, id_alamat, id_pesanan, is_default) VALUES (58, 6, NULL, TRUE);
INSERT IGNORE INTO AlamatPembeli (id_pembeli, id_alamat, id_pesanan, is_default) VALUES (58, 12, NULL, FALSE);
INSERT IGNORE INTO AlamatPembeli (id_pembeli, id_alamat, id_pesanan, is_default) VALUES (59, 41, NULL, TRUE);
INSERT IGNORE INTO AlamatPembeli (id_pembeli, id_alamat, id_pesanan, is_default) VALUES (60, 20, NULL, TRUE);
INSERT IGNORE INTO AlamatPembeli (id_pembeli, id_alamat, id_pesanan, is_default) VALUES (60, 82, NULL, FALSE);
INSERT IGNORE INTO AlamatPembeli (id_pembeli, id_alamat, id_pesanan, is_default) VALUES (60, 88, NULL, FALSE);

-- Keranjang
INSERT IGNORE INTO Keranjang (id_keranjang, id_pembeli) VALUES (1, 1);
INSERT IGNORE INTO Keranjang (id_keranjang, id_pembeli) VALUES (2, 2);
INSERT IGNORE INTO Keranjang (id_keranjang, id_pembeli) VALUES (3, 3);
INSERT IGNORE INTO Keranjang (id_keranjang, id_pembeli) VALUES (4, 4);
INSERT IGNORE INTO Keranjang (id_keranjang, id_pembeli) VALUES (5, 5);
INSERT IGNORE INTO Keranjang (id_keranjang, id_pembeli) VALUES (6, 6);
INSERT IGNORE INTO Keranjang (id_keranjang, id_pembeli) VALUES (7, 7);
INSERT IGNORE INTO Keranjang (id_keranjang, id_pembeli) VALUES (8, 8);
INSERT IGNORE INTO Keranjang (id_keranjang, id_pembeli) VALUES (9, 9);
INSERT IGNORE INTO Keranjang (id_keranjang, id_pembeli) VALUES (10, 10);
INSERT IGNORE INTO Keranjang (id_keranjang, id_pembeli) VALUES (11, 11);
INSERT IGNORE INTO Keranjang (id_keranjang, id_pembeli) VALUES (12, 12);
INSERT IGNORE INTO Keranjang (id_keranjang, id_pembeli) VALUES (13, 13);
INSERT IGNORE INTO Keranjang (id_keranjang, id_pembeli) VALUES (14, 14);
INSERT IGNORE INTO Keranjang (id_keranjang, id_pembeli) VALUES (15, 15);
INSERT IGNORE INTO Keranjang (id_keranjang, id_pembeli) VALUES (16, 16);
INSERT IGNORE INTO Keranjang (id_keranjang, id_pembeli) VALUES (17, 17);
INSERT IGNORE INTO Keranjang (id_keranjang, id_pembeli) VALUES (18, 18);
INSERT IGNORE INTO Keranjang (id_keranjang, id_pembeli) VALUES (19, 19);
INSERT IGNORE INTO Keranjang (id_keranjang, id_pembeli) VALUES (20, 20);
INSERT IGNORE INTO Keranjang (id_keranjang, id_pembeli) VALUES (21, 21);
INSERT IGNORE INTO Keranjang (id_keranjang, id_pembeli) VALUES (22, 22);
INSERT IGNORE INTO Keranjang (id_keranjang, id_pembeli) VALUES (23, 23);
INSERT IGNORE INTO Keranjang (id_keranjang, id_pembeli) VALUES (24, 24);
INSERT IGNORE INTO Keranjang (id_keranjang, id_pembeli) VALUES (25, 25);
INSERT IGNORE INTO Keranjang (id_keranjang, id_pembeli) VALUES (26, 26);
INSERT IGNORE INTO Keranjang (id_keranjang, id_pembeli) VALUES (27, 27);
INSERT IGNORE INTO Keranjang (id_keranjang, id_pembeli) VALUES (28, 28);
INSERT IGNORE INTO Keranjang (id_keranjang, id_pembeli) VALUES (29, 29);
INSERT IGNORE INTO Keranjang (id_keranjang, id_pembeli) VALUES (30, 30);
INSERT IGNORE INTO Keranjang (id_keranjang, id_pembeli) VALUES (31, 31);
INSERT IGNORE INTO Keranjang (id_keranjang, id_pembeli) VALUES (32, 32);
INSERT IGNORE INTO Keranjang (id_keranjang, id_pembeli) VALUES (33, 33);
INSERT IGNORE INTO Keranjang (id_keranjang, id_pembeli) VALUES (34, 34);
INSERT IGNORE INTO Keranjang (id_keranjang, id_pembeli) VALUES (35, 35);
INSERT IGNORE INTO Keranjang (id_keranjang, id_pembeli) VALUES (36, 36);
INSERT IGNORE INTO Keranjang (id_keranjang, id_pembeli) VALUES (37, 37);
INSERT IGNORE INTO Keranjang (id_keranjang, id_pembeli) VALUES (38, 38);
INSERT IGNORE INTO Keranjang (id_keranjang, id_pembeli) VALUES (39, 39);
INSERT IGNORE INTO Keranjang (id_keranjang, id_pembeli) VALUES (40, 40);
INSERT IGNORE INTO Keranjang (id_keranjang, id_pembeli) VALUES (41, 41);
INSERT IGNORE INTO Keranjang (id_keranjang, id_pembeli) VALUES (42, 42);
INSERT IGNORE INTO Keranjang (id_keranjang, id_pembeli) VALUES (43, 43);
INSERT IGNORE INTO Keranjang (id_keranjang, id_pembeli) VALUES (44, 44);
INSERT IGNORE INTO Keranjang (id_keranjang, id_pembeli) VALUES (45, 45);
INSERT IGNORE INTO Keranjang (id_keranjang, id_pembeli) VALUES (46, 46);
INSERT IGNORE INTO Keranjang (id_keranjang, id_pembeli) VALUES (47, 47);
INSERT IGNORE INTO Keranjang (id_keranjang, id_pembeli) VALUES (48, 48);
INSERT IGNORE INTO Keranjang (id_keranjang, id_pembeli) VALUES (49, 49);
INSERT IGNORE INTO Keranjang (id_keranjang, id_pembeli) VALUES (50, 50);
INSERT IGNORE INTO Keranjang (id_keranjang, id_pembeli) VALUES (51, 51);
INSERT IGNORE INTO Keranjang (id_keranjang, id_pembeli) VALUES (52, 52);
INSERT IGNORE INTO Keranjang (id_keranjang, id_pembeli) VALUES (53, 53);
INSERT IGNORE INTO Keranjang (id_keranjang, id_pembeli) VALUES (54, 54);
INSERT IGNORE INTO Keranjang (id_keranjang, id_pembeli) VALUES (55, 55);
INSERT IGNORE INTO Keranjang (id_keranjang, id_pembeli) VALUES (56, 56);
INSERT IGNORE INTO Keranjang (id_keranjang, id_pembeli) VALUES (57, 57);
INSERT IGNORE INTO Keranjang (id_keranjang, id_pembeli) VALUES (58, 58);
INSERT IGNORE INTO Keranjang (id_keranjang, id_pembeli) VALUES (59, 59);
INSERT IGNORE INTO Keranjang (id_keranjang, id_pembeli) VALUES (60, 60);

-- AtributVarian
INSERT IGNORE INTO AtributVarian (atribut_varian, nama) VALUES ('WARNA', 'Warna');
INSERT IGNORE INTO AtributVarian (atribut_varian, nama) VALUES ('UKURAN', 'Ukuran');
INSERT IGNORE INTO AtributVarian (atribut_varian, nama) VALUES ('MATERIAL', 'Material');
INSERT IGNORE INTO AtributVarian (atribut_varian, nama) VALUES ('RAM', 'RAM');
INSERT IGNORE INTO AtributVarian (atribut_varian, nama) VALUES ('STORAGE_INTERNAL', 'Penyimpanan Internal');
INSERT IGNORE INTO AtributVarian (atribut_varian, nama) VALUES ('JENIS_KAIN', 'Jenis Kain');
INSERT IGNORE INTO AtributVarian (atribut_varian, nama) VALUES ('RESOLUSI_LAYAR', 'Resolusi Layar');

-- Produk, VarianProduk, ProdukVarianAtribut
INSERT IGNORE INTO Produk (id_produk, id_penjual, nama, deskripsi) VALUES (1, 8, 'Enhance E-Business Action-Items Serbaguna', 'Sint delectus consequuntur enim. In magnam delectus odit.');
INSERT IGNORE INTO VarianProduk (id_produk, sku, harga, stok) VALUES (1,'SKU000001', 2151651.53, 92);
INSERT IGNORE INTO ProdukVarianAtribut (atribut_varian, sku, nilai) VALUES ('WARNA', 'SKU000001', 'Hitam');
INSERT IGNORE INTO ProdukVarianAtribut (atribut_varian, sku, nilai) VALUES ('STORAGE_INTERNAL', 'SKU000001', '128GB');
INSERT IGNORE INTO Produk (id_produk, id_penjual, nama, deskripsi) VALUES (2, 6, 'Engineer Strategic Schemas Premium', 'Veniam maiores quae. Doloribus occaecati maiores porro. Repellendus incidunt repellat autem harum nisi. Aperiam laboriosam dolores minus placeat nulla.');
INSERT IGNORE INTO VarianProduk (id_produk, sku, harga, stok) VALUES (2,'SKU000002', 1851550.42, 123);
INSERT IGNORE INTO ProdukVarianAtribut (atribut_varian, sku, nilai) VALUES ('RESOLUSI_LAYAR', 'SKU000002', 'HD');
INSERT IGNORE INTO ProdukVarianAtribut (atribut_varian, sku, nilai) VALUES ('MATERIAL', 'SKU000002', 'Kulit Sintetis PU');
INSERT IGNORE INTO VarianProduk (id_produk, sku, harga, stok) VALUES (2,'SKU000003', 773885.35, 132);
INSERT IGNORE INTO ProdukVarianAtribut (atribut_varian, sku, nilai) VALUES ('WARNA', 'SKU000003', 'Hijau tua');
INSERT IGNORE INTO ProdukVarianAtribut (atribut_varian, sku, nilai) VALUES ('MATERIAL', 'SKU000003', 'Plastik ABS Food Grade');
INSERT IGNORE INTO ProdukVarianAtribut (atribut_varian, sku, nilai) VALUES ('RESOLUSI_LAYAR', 'SKU000003', 'HD');
INSERT IGNORE INTO VarianProduk (id_produk, sku, harga, stok) VALUES (2,'SKU000004', 1374912.24, 114);
INSERT IGNORE INTO ProdukVarianAtribut (atribut_varian, sku, nilai) VALUES ('WARNA', 'SKU000004', 'Merah');
INSERT IGNORE INTO ProdukVarianAtribut (atribut_varian, sku, nilai) VALUES ('RESOLUSI_LAYAR', 'SKU000004', '4K');
INSERT IGNORE INTO Produk (id_produk, id_penjual, nama, deskripsi) VALUES (3, 27, 'Expedite Strategic Solutions Premium', 'Suscipit laborum accusantium facilis officia.');
INSERT IGNORE INTO VarianProduk (id_produk, sku, harga, stok) VALUES (3,'SKU000005', 2747275.69, 41);
INSERT IGNORE INTO ProdukVarianAtribut (atribut_varian, sku, nilai) VALUES ('UKURAN', 'SKU000005', 'XL');
INSERT IGNORE INTO ProdukVarianAtribut (atribut_varian, sku, nilai) VALUES ('MATERIAL', 'SKU000005', 'Plastik ABS Food Grade');
INSERT IGNORE INTO ProdukVarianAtribut (atribut_varian, sku, nilai) VALUES ('RAM', 'SKU000005', '4GB');
INSERT IGNORE INTO VarianProduk (id_produk, sku, harga, stok) VALUES (3,'SKU000006', 2128710.59, 125);
INSERT IGNORE INTO ProdukVarianAtribut (atribut_varian, sku, nilai) VALUES ('WARNA', 'SKU000006', 'Merah jambu');
INSERT IGNORE INTO ProdukVarianAtribut (atribut_varian, sku, nilai) VALUES ('UKURAN', 'SKU000006', '42');
INSERT IGNORE INTO Produk (id_produk, id_penjual, nama, deskripsi) VALUES (4, 22, 'Enable Bleeding-Edge Applications Serbaguna', 'Omnis facere nemo maiores pariatur sapiente sequi. Quidem quaerat culpa omnis cumque.');
INSERT IGNORE INTO VarianProduk (id_produk, sku, harga, stok) VALUES (4,'SKU000007', 2697862.23, 87);
INSERT IGNORE INTO ProdukVarianAtribut (atribut_varian, sku, nilai) VALUES ('UKURAN', 'SKU000007', '39');
INSERT IGNORE INTO Produk (id_produk, id_penjual, nama, deskripsi) VALUES (5, 42, 'Monetize Value-Added Architectures Modern', 'Harum suscipit nam voluptatem. Consequuntur quisquam tempora odio laboriosam possimus quas. Sit sint vel labore cumque labore iusto. Delectus odit ipsum eveniet. Soluta maxime eveniet aut quo.');
INSERT IGNORE INTO VarianProduk (id_produk, sku, harga, stok) VALUES (5,'SKU000008', 298911.99, 61);
INSERT IGNORE INTO ProdukVarianAtribut (atribut_varian, sku, nilai) VALUES ('RESOLUSI_LAYAR', 'SKU000008', 'FHD');
INSERT IGNORE INTO VarianProduk (id_produk, sku, harga, stok) VALUES (5,'SKU000009', 2082414.02, 85);
INSERT IGNORE INTO ProdukVarianAtribut (atribut_varian, sku, nilai) VALUES ('RAM', 'SKU000009', '16GB');
INSERT IGNORE INTO ProdukVarianAtribut (atribut_varian, sku, nilai) VALUES ('UKURAN', 'SKU000009', '39');
INSERT IGNORE INTO Produk (id_produk, id_penjual, nama, deskripsi) VALUES (6, 35, 'Grow Enterprise Synergies Serbaguna', 'Animi veniam harum perspiciatis nihil harum. Minima eveniet quasi animi facere magni quaerat. Saepe omnis possimus.');
INSERT IGNORE INTO VarianProduk (id_produk, sku, harga, stok) VALUES (6,'SKU000010', 1351223.98, 92);
INSERT IGNORE INTO ProdukVarianAtribut (atribut_varian, sku, nilai) VALUES ('MATERIAL', 'SKU000010', 'Kulit Sintetis PU');
INSERT IGNORE INTO ProdukVarianAtribut (atribut_varian, sku, nilai) VALUES ('RESOLUSI_LAYAR', 'SKU000010', 'QHD');
INSERT IGNORE INTO ProdukVarianAtribut (atribut_varian, sku, nilai) VALUES ('UKURAN', 'SKU000010', 'M');
INSERT IGNORE INTO Produk (id_produk, id_penjual, nama, deskripsi) VALUES (7, 31, 'Generate Global Info-Mediaries Serbaguna', 'Voluptate culpa consequatur rerum iure tempora. Facere pariatur repudiandae ipsum exercitationem tempore molestiae magni. Quis a odit velit explicabo praesentium.');
INSERT IGNORE INTO VarianProduk (id_produk, sku, harga, stok) VALUES (7,'SKU000011', 1220363.36, 144);
INSERT IGNORE INTO ProdukVarianAtribut (atribut_varian, sku, nilai) VALUES ('WARNA', 'SKU000011', 'Koral');
INSERT IGNORE INTO ProdukVarianAtribut (atribut_varian, sku, nilai) VALUES ('JENIS_KAIN', 'SKU000011', 'Denim');
INSERT IGNORE INTO ProdukVarianAtribut (atribut_varian, sku, nilai) VALUES ('UKURAN', 'SKU000011', 'XXL');
INSERT IGNORE INTO VarianProduk (id_produk, sku, harga, stok) VALUES (7,'SKU000012', 2331376.64, 0);
INSERT IGNORE INTO ProdukVarianAtribut (atribut_varian, sku, nilai) VALUES ('MATERIAL', 'SKU000012', 'Polyester Blend');
INSERT IGNORE INTO ProdukVarianAtribut (atribut_varian, sku, nilai) VALUES ('STORAGE_INTERNAL', 'SKU000012', '256GB');
INSERT IGNORE INTO VarianProduk (id_produk, sku, harga, stok) VALUES (7,'SKU000013', 1404823.65, 28);
INSERT IGNORE INTO ProdukVarianAtribut (atribut_varian, sku, nilai) VALUES ('RAM', 'SKU000013', '8GB');
INSERT IGNORE INTO ProdukVarianAtribut (atribut_varian, sku, nilai) VALUES ('WARNA', 'SKU000013', 'Nila');
INSERT IGNORE INTO ProdukVarianAtribut (atribut_varian, sku, nilai) VALUES ('JENIS_KAIN', 'SKU000013', 'Flanel');
INSERT IGNORE INTO Produk (id_produk, id_penjual, nama, deskripsi) VALUES (8, 20, 'Syndicate Bleeding-Edge Methodologies Modern', 'Id blanditiis laboriosam itaque accusamus. Provident perferendis molestias veniam ad.');
INSERT IGNORE INTO VarianProduk (id_produk, sku, harga, stok) VALUES (8,'SKU000014', 2028519.46, 33);
INSERT IGNORE INTO ProdukVarianAtribut (atribut_varian, sku, nilai) VALUES ('RESOLUSI_LAYAR', 'SKU000014', '4K');
INSERT IGNORE INTO VarianProduk (id_produk, sku, harga, stok) VALUES (8,'SKU000015', 129171.71, 67);
INSERT IGNORE INTO ProdukVarianAtribut (atribut_varian, sku, nilai) VALUES ('RESOLUSI_LAYAR', 'SKU000015', 'HD');
INSERT IGNORE INTO ProdukVarianAtribut (atribut_varian, sku, nilai) VALUES ('WARNA', 'SKU000015', 'Magenta');
INSERT IGNORE INTO ProdukVarianAtribut (atribut_varian, sku, nilai) VALUES ('MATERIAL', 'SKU000015', 'Polyester Blend');
INSERT IGNORE INTO VarianProduk (id_produk, sku, harga, stok) VALUES (8,'SKU000016', 2233104.65, 63);
INSERT IGNORE INTO ProdukVarianAtribut (atribut_varian, sku, nilai) VALUES ('RAM', 'SKU000016', '4GB');
INSERT IGNORE INTO Produk (id_produk, id_penjual, nama, deskripsi) VALUES (9, 7, 'Engineer B2C Platforms Serbaguna', 'Vero non suscipit molestiae provident maiores nisi. Corrupti non id explicabo beatae. Accusamus quibusdam consequatur beatae. Omnis veniam neque fuga at. Cumque reprehenderit nostrum sit iste vitae facere.');
INSERT IGNORE INTO VarianProduk (id_produk, sku, harga, stok) VALUES (9,'SKU000017', 832403.41, 147);
INSERT IGNORE INTO ProdukVarianAtribut (atribut_varian, sku, nilai) VALUES ('WARNA', 'SKU000017', 'Biru dongker');
INSERT IGNORE INTO ProdukVarianAtribut (atribut_varian, sku, nilai) VALUES ('STORAGE_INTERNAL', 'SKU000017', '1TB');
INSERT IGNORE INTO VarianProduk (id_produk, sku, harga, stok) VALUES (9,'SKU000018', 205515.91, 22);
INSERT IGNORE INTO ProdukVarianAtribut (atribut_varian, sku, nilai) VALUES ('UKURAN', 'SKU000018', 'XL');
INSERT IGNORE INTO ProdukVarianAtribut (atribut_varian, sku, nilai) VALUES ('WARNA', 'SKU000018', 'Ungu tua');
INSERT IGNORE INTO VarianProduk (id_produk, sku, harga, stok) VALUES (9,'SKU000019', 2965491.39, 12);
INSERT IGNORE INTO ProdukVarianAtribut (atribut_varian, sku, nilai) VALUES ('MATERIAL', 'SKU000019', 'Kanvas Tebal');
INSERT IGNORE INTO Produk (id_produk, id_penjual, nama, deskripsi) VALUES (10, 4, 'Transform Dynamic Synergies Modern', 'Suscipit necessitatibus eum neque quos inventore. Excepturi beatae nihil laborum. Inventore minima tenetur. Fugit libero nulla. Perspiciatis laudantium optio illo saepe ut itaque.');
INSERT IGNORE INTO VarianProduk (id_produk, sku, harga, stok) VALUES (10,'SKU000020', 2281866.54, 60);
INSERT IGNORE INTO ProdukVarianAtribut (atribut_varian, sku, nilai) VALUES ('STORAGE_INTERNAL', 'SKU000020', '256GB');
INSERT IGNORE INTO ProdukVarianAtribut (atribut_varian, sku, nilai) VALUES ('RAM', 'SKU000020', '12GB');
INSERT IGNORE INTO Produk (id_produk, id_penjual, nama, deskripsi) VALUES (11, 39, 'Unleash Real-Time Schemas Premium', 'Fuga cumque ipsum culpa iure.');
INSERT IGNORE INTO VarianProduk (id_produk, sku, harga, stok) VALUES (11,'SKU000021', 766293.69, 9);
INSERT IGNORE INTO ProdukVarianAtribut (atribut_varian, sku, nilai) VALUES ('RESOLUSI_LAYAR', 'SKU000021', '4K');
INSERT IGNORE INTO VarianProduk (id_produk, sku, harga, stok) VALUES (11,'SKU000022', 1141495.39, 132);
INSERT IGNORE INTO ProdukVarianAtribut (atribut_varian, sku, nilai) VALUES ('RAM', 'SKU000022', '4GB');
INSERT IGNORE INTO VarianProduk (id_produk, sku, harga, stok) VALUES (11,'SKU000023', 199156.06, 57);
INSERT IGNORE INTO ProdukVarianAtribut (atribut_varian, sku, nilai) VALUES ('RESOLUSI_LAYAR', 'SKU000023', 'QHD');
INSERT IGNORE INTO Produk (id_produk, id_penjual, nama, deskripsi) VALUES (12, 12, 'Benchmark Bricks-And-Clicks Content Serbaguna', 'Tempore quibusdam ab libero laudantium eum. Beatae doloremque sint ipsa.');
INSERT IGNORE INTO VarianProduk (id_produk, sku, harga, stok) VALUES (12,'SKU000024', 1456797.67, 81);
INSERT IGNORE INTO ProdukVarianAtribut (atribut_varian, sku, nilai) VALUES ('WARNA', 'SKU000024', 'Merah jambu');
INSERT IGNORE INTO ProdukVarianAtribut (atribut_varian, sku, nilai) VALUES ('STORAGE_INTERNAL', 'SKU000024', '64GB');
INSERT IGNORE INTO VarianProduk (id_produk, sku, harga, stok) VALUES (12,'SKU000025', 662130.73, 111);
INSERT IGNORE INTO ProdukVarianAtribut (atribut_varian, sku, nilai) VALUES ('STORAGE_INTERNAL', 'SKU000025', '256GB');
INSERT IGNORE INTO ProdukVarianAtribut (atribut_varian, sku, nilai) VALUES ('JENIS_KAIN', 'SKU000025', 'Denim');
INSERT IGNORE INTO ProdukVarianAtribut (atribut_varian, sku, nilai) VALUES ('RAM', 'SKU000025', '16GB');
INSERT IGNORE INTO VarianProduk (id_produk, sku, harga, stok) VALUES (12,'SKU000026', 242694.71, 79);
INSERT IGNORE INTO ProdukVarianAtribut (atribut_varian, sku, nilai) VALUES ('RESOLUSI_LAYAR', 'SKU000026', 'HD');
INSERT IGNORE INTO ProdukVarianAtribut (atribut_varian, sku, nilai) VALUES ('MATERIAL', 'SKU000026', 'Plastik ABS Food Grade');
INSERT IGNORE INTO Produk (id_produk, id_penjual, nama, deskripsi) VALUES (13, 36, 'Revolutionize E-Business Markets Modern', 'Earum molestiae distinctio quos. Quos nesciunt libero dolores provident velit. Iure dolorum enim temporibus assumenda mollitia cupiditate accusamus.');
INSERT IGNORE INTO VarianProduk (id_produk, sku, harga, stok) VALUES (13,'SKU000027', 1040756.59, 85);
INSERT IGNORE INTO ProdukVarianAtribut (atribut_varian, sku, nilai) VALUES ('MATERIAL', 'SKU000027', 'Stainless Steel 304');
INSERT IGNORE INTO ProdukVarianAtribut (atribut_varian, sku, nilai) VALUES ('WARNA', 'SKU000027', 'Biru');
INSERT IGNORE INTO VarianProduk (id_produk, sku, harga, stok) VALUES (13,'SKU000028', 2528301.24, 11);
INSERT IGNORE INTO ProdukVarianAtribut (atribut_varian, sku, nilai) VALUES ('MATERIAL', 'SKU000028', 'Kanvas Tebal');
INSERT IGNORE INTO ProdukVarianAtribut (atribut_varian, sku, nilai) VALUES ('RESOLUSI_LAYAR', 'SKU000028', '4K');
INSERT IGNORE INTO ProdukVarianAtribut (atribut_varian, sku, nilai) VALUES ('RAM', 'SKU000028', '32GB');
INSERT IGNORE INTO VarianProduk (id_produk, sku, harga, stok) VALUES (13,'SKU000029', 2657936.02, 117);
INSERT IGNORE INTO ProdukVarianAtribut (atribut_varian, sku, nilai) VALUES ('JENIS_KAIN', 'SKU000029', 'Denim');
INSERT IGNORE INTO ProdukVarianAtribut (atribut_varian, sku, nilai) VALUES ('WARNA', 'SKU000029', 'Biru muda');
INSERT IGNORE INTO ProdukVarianAtribut (atribut_varian, sku, nilai) VALUES ('MATERIAL', 'SKU000029', 'Kanvas Tebal');
INSERT IGNORE INTO Produk (id_produk, id_penjual, nama, deskripsi) VALUES (14, 9, 'Benchmark Next-Generation Architectures Serbaguna', 'Tempora eaque nam magnam quas eos. Ab tempore nobis. Nostrum consequatur accusantium ducimus eum alias.');
INSERT IGNORE INTO VarianProduk (id_produk, sku, harga, stok) VALUES (14,'SKU000030', 774420.99, 31);
INSERT IGNORE INTO ProdukVarianAtribut (atribut_varian, sku, nilai) VALUES ('JENIS_KAIN', 'SKU000030', 'Satin');
INSERT IGNORE INTO ProdukVarianAtribut (atribut_varian, sku, nilai) VALUES ('UKURAN', 'SKU000030', 'L');
INSERT IGNORE INTO ProdukVarianAtribut (atribut_varian, sku, nilai) VALUES ('RAM', 'SKU000030', '12GB');
INSERT IGNORE INTO VarianProduk (id_produk, sku, harga, stok) VALUES (14,'SKU000031', 1502678.67, 70);
INSERT IGNORE INTO ProdukVarianAtribut (atribut_varian, sku, nilai) VALUES ('RESOLUSI_LAYAR', 'SKU000031', 'FHD');
INSERT IGNORE INTO ProdukVarianAtribut (atribut_varian, sku, nilai) VALUES ('RAM', 'SKU000031', '12GB');
INSERT IGNORE INTO ProdukVarianAtribut (atribut_varian, sku, nilai) VALUES ('JENIS_KAIN', 'SKU000031', 'Rayon');
INSERT IGNORE INTO VarianProduk (id_produk, sku, harga, stok) VALUES (14,'SKU000032', 777121.5, 22);
INSERT IGNORE INTO ProdukVarianAtribut (atribut_varian, sku, nilai) VALUES ('MATERIAL', 'SKU000032', 'Katun Combed 30s');
INSERT IGNORE INTO Produk (id_produk, id_penjual, nama, deskripsi) VALUES (15, 11, 'Optimize Synergistic Relationships Premium', 'Nisi officiis animi numquam. Numquam pariatur quas blanditiis dolores. Ad vel ducimus aut eius.');
INSERT IGNORE INTO VarianProduk (id_produk, sku, harga, stok) VALUES (15,'SKU000033', 58282.41, 11);
INSERT IGNORE INTO ProdukVarianAtribut (atribut_varian, sku, nilai) VALUES ('UKURAN', 'SKU000033', '41');
INSERT IGNORE INTO ProdukVarianAtribut (atribut_varian, sku, nilai) VALUES ('JENIS_KAIN', 'SKU000033', 'Denim');
INSERT IGNORE INTO ProdukVarianAtribut (atribut_varian, sku, nilai) VALUES ('RESOLUSI_LAYAR', 'SKU000033', 'FHD');
INSERT IGNORE INTO VarianProduk (id_produk, sku, harga, stok) VALUES (15,'SKU000034', 638900.04, 39);
INSERT IGNORE INTO ProdukVarianAtribut (atribut_varian, sku, nilai) VALUES ('WARNA', 'SKU000034', 'Biru laut');
INSERT IGNORE INTO ProdukVarianAtribut (atribut_varian, sku, nilai) VALUES ('UKURAN', 'SKU000034', '38');
INSERT IGNORE INTO ProdukVarianAtribut (atribut_varian, sku, nilai) VALUES ('RAM', 'SKU000034', '8GB');
INSERT IGNORE INTO Produk (id_produk, id_penjual, nama, deskripsi) VALUES (16, 13, 'Aggregate Leading-Edge Solutions Modern', 'Quidem suscipit harum culpa veniam asperiores. Dolores magni dolorum inventore et.');
INSERT IGNORE INTO VarianProduk (id_produk, sku, harga, stok) VALUES (16,'SKU000035', 1588001.36, 48);
INSERT IGNORE INTO ProdukVarianAtribut (atribut_varian, sku, nilai) VALUES ('STORAGE_INTERNAL', 'SKU000035', '1TB');
INSERT IGNORE INTO VarianProduk (id_produk, sku, harga, stok) VALUES (16,'SKU000036', 1389799.55, 72);
INSERT IGNORE INTO ProdukVarianAtribut (atribut_varian, sku, nilai) VALUES ('UKURAN', 'SKU000036', '38');
INSERT IGNORE INTO ProdukVarianAtribut (atribut_varian, sku, nilai) VALUES ('STORAGE_INTERNAL', 'SKU000036', '256GB');
INSERT IGNORE INTO VarianProduk (id_produk, sku, harga, stok) VALUES (16,'SKU000037', 1414317.57, 108);
INSERT IGNORE INTO ProdukVarianAtribut (atribut_varian, sku, nilai) VALUES ('STORAGE_INTERNAL', 'SKU000037', '1TB');
INSERT IGNORE INTO ProdukVarianAtribut (atribut_varian, sku, nilai) VALUES ('RAM', 'SKU000037', '16GB');
INSERT IGNORE INTO Produk (id_produk, id_penjual, nama, deskripsi) VALUES (17, 42, 'Matrix Leading-Edge E-Services Modern', 'Et nam excepturi voluptatum adipisci doloremque ea. Recusandae eum vitae iste. Eius vero nisi quisquam culpa placeat officiis.');
INSERT IGNORE INTO VarianProduk (id_produk, sku, harga, stok) VALUES (17,'SKU000038', 1675834.99, 45);
INSERT IGNORE INTO ProdukVarianAtribut (atribut_varian, sku, nilai) VALUES ('RESOLUSI_LAYAR', 'SKU000038', 'QHD');
INSERT IGNORE INTO ProdukVarianAtribut (atribut_varian, sku, nilai) VALUES ('JENIS_KAIN', 'SKU000038', 'Satin');
INSERT IGNORE INTO ProdukVarianAtribut (atribut_varian, sku, nilai) VALUES ('UKURAN', 'SKU000038', '41');
INSERT IGNORE INTO Produk (id_produk, id_penjual, nama, deskripsi) VALUES (18, 22, 'Seize Rich Roi Premium', 'Magnam blanditiis nisi officia voluptate.');
INSERT IGNORE INTO VarianProduk (id_produk, sku, harga, stok) VALUES (18,'SKU000039', 1820593.15, 24);
INSERT IGNORE INTO ProdukVarianAtribut (atribut_varian, sku, nilai) VALUES ('STORAGE_INTERNAL', 'SKU000039', '512GB');
INSERT IGNORE INTO ProdukVarianAtribut (atribut_varian, sku, nilai) VALUES ('RESOLUSI_LAYAR', 'SKU000039', 'FHD');
INSERT IGNORE INTO VarianProduk (id_produk, sku, harga, stok) VALUES (18,'SKU000040', 2632643.58, 127);
INSERT IGNORE INTO ProdukVarianAtribut (atribut_varian, sku, nilai) VALUES ('WARNA', 'SKU000040', 'Magenta');
INSERT IGNORE INTO ProdukVarianAtribut (atribut_varian, sku, nilai) VALUES ('MATERIAL', 'SKU000040', 'Katun Combed 30s');
INSERT IGNORE INTO ProdukVarianAtribut (atribut_varian, sku, nilai) VALUES ('RAM', 'SKU000040', '4GB');
INSERT IGNORE INTO VarianProduk (id_produk, sku, harga, stok) VALUES (18,'SKU000041', 2624827.81, 12);
INSERT IGNORE INTO ProdukVarianAtribut (atribut_varian, sku, nilai) VALUES ('RAM', 'SKU000041', '16GB');
INSERT IGNORE INTO ProdukVarianAtribut (atribut_varian, sku, nilai) VALUES ('RESOLUSI_LAYAR', 'SKU000041', 'HD');
INSERT IGNORE INTO Produk (id_produk, id_penjual, nama, deskripsi) VALUES (19, 33, 'Orchestrate Killer E-Commerce Premium', 'Ad praesentium reiciendis minima soluta totam incidunt. Incidunt dolorem error expedita ea accusamus nisi. Nemo iste dignissimos aliquam doloribus.');
INSERT IGNORE INTO VarianProduk (id_produk, sku, harga, stok) VALUES (19,'SKU000042', 2100978.98, 118);
INSERT IGNORE INTO ProdukVarianAtribut (atribut_varian, sku, nilai) VALUES ('JENIS_KAIN', 'SKU000042', 'Rayon');
INSERT IGNORE INTO ProdukVarianAtribut (atribut_varian, sku, nilai) VALUES ('WARNA', 'SKU000042', 'Biru laut');
INSERT IGNORE INTO Produk (id_produk, id_penjual, nama, deskripsi) VALUES (20, 13, 'Cultivate Transparent Technologies Serbaguna', 'Laborum repellat vitae repudiandae laboriosam fuga officiis. Nisi sunt aut earum.');
INSERT IGNORE INTO VarianProduk (id_produk, sku, harga, stok) VALUES (20,'SKU000043', 374855.49, 114);
INSERT IGNORE INTO ProdukVarianAtribut (atribut_varian, sku, nilai) VALUES ('STORAGE_INTERNAL', 'SKU000043', '512GB');
INSERT IGNORE INTO VarianProduk (id_produk, sku, harga, stok) VALUES (20,'SKU000044', 433050.78, 118);
INSERT IGNORE INTO ProdukVarianAtribut (atribut_varian, sku, nilai) VALUES ('WARNA', 'SKU000044', 'Putih');
INSERT IGNORE INTO VarianProduk (id_produk, sku, harga, stok) VALUES (20,'SKU000045', 1724661.56, 135);
INSERT IGNORE INTO ProdukVarianAtribut (atribut_varian, sku, nilai) VALUES ('RAM', 'SKU000045', '8GB');
INSERT IGNORE INTO ProdukVarianAtribut (atribut_varian, sku, nilai) VALUES ('MATERIAL', 'SKU000045', 'Katun Combed 30s');
INSERT IGNORE INTO Produk (id_produk, id_penjual, nama, deskripsi) VALUES (21, 50, 'Syndicate Cutting-Edge Architectures Edisi Terbatas', 'Impedit atque alias veniam excepturi asperiores. Praesentium dicta consequatur tempore voluptatibus ullam ea explicabo. Repellendus accusantium ratione nostrum dolor dolor at.');
INSERT IGNORE INTO VarianProduk (id_produk, sku, harga, stok) VALUES (21,'SKU000046', 1157530.76, 74);
INSERT IGNORE INTO ProdukVarianAtribut (atribut_varian, sku, nilai) VALUES ('RAM', 'SKU000046', '32GB');
INSERT IGNORE INTO VarianProduk (id_produk, sku, harga, stok) VALUES (21,'SKU000047', 980471.54, 149);
INSERT IGNORE INTO ProdukVarianAtribut (atribut_varian, sku, nilai) VALUES ('RESOLUSI_LAYAR', 'SKU000047', 'HD');
INSERT IGNORE INTO ProdukVarianAtribut (atribut_varian, sku, nilai) VALUES ('UKURAN', 'SKU000047', 'M');
INSERT IGNORE INTO ProdukVarianAtribut (atribut_varian, sku, nilai) VALUES ('RAM', 'SKU000047', '8GB');
INSERT IGNORE INTO VarianProduk (id_produk, sku, harga, stok) VALUES (21,'SKU000048', 2864142.52, 146);
INSERT IGNORE INTO ProdukVarianAtribut (atribut_varian, sku, nilai) VALUES ('STORAGE_INTERNAL', 'SKU000048', '256GB');
INSERT IGNORE INTO ProdukVarianAtribut (atribut_varian, sku, nilai) VALUES ('RESOLUSI_LAYAR', 'SKU000048', 'FHD');
INSERT IGNORE INTO ProdukVarianAtribut (atribut_varian, sku, nilai) VALUES ('MATERIAL', 'SKU000048', 'Polyester Blend');
INSERT IGNORE INTO Produk (id_produk, id_penjual, nama, deskripsi) VALUES (22, 6, 'Engage Mission-Critical Web Services Edisi Terbatas', 'Debitis repellat quae dolore nisi. Quibusdam cum eveniet non alias debitis excepturi. At odio quas facilis occaecati aliquam ratione libero. Laudantium dolores enim corrupti laudantium enim recusandae earum.');
INSERT IGNORE INTO VarianProduk (id_produk, sku, harga, stok) VALUES (22,'SKU000049', 2792385.28, 110);
INSERT IGNORE INTO ProdukVarianAtribut (atribut_varian, sku, nilai) VALUES ('STORAGE_INTERNAL', 'SKU000049', '256GB');
INSERT IGNORE INTO ProdukVarianAtribut (atribut_varian, sku, nilai) VALUES ('WARNA', 'SKU000049', 'Emas');
INSERT IGNORE INTO ProdukVarianAtribut (atribut_varian, sku, nilai) VALUES ('JENIS_KAIN', 'SKU000049', 'Satin');
INSERT IGNORE INTO Produk (id_produk, id_penjual, nama, deskripsi) VALUES (23, 35, 'Facilitate Extensible Models Serbaguna', 'Ipsam excepturi facere suscipit sequi quia praesentium. A et rem eius qui excepturi eum eligendi.');
INSERT IGNORE INTO VarianProduk (id_produk, sku, harga, stok) VALUES (23,'SKU000050', 2722329.76, 101);
INSERT IGNORE INTO ProdukVarianAtribut (atribut_varian, sku, nilai) VALUES ('JENIS_KAIN', 'SKU000050', 'Rayon');
INSERT IGNORE INTO Produk (id_produk, id_penjual, nama, deskripsi) VALUES (24, 18, 'Morph Next-Generation Eyeballs Edisi Terbatas', 'Aliquam rerum ea voluptate harum iusto nulla.');
INSERT IGNORE INTO VarianProduk (id_produk, sku, harga, stok) VALUES (24,'SKU000051', 384379.33, 103);
INSERT IGNORE INTO ProdukVarianAtribut (atribut_varian, sku, nilai) VALUES ('JENIS_KAIN', 'SKU000051', 'Satin');
INSERT IGNORE INTO VarianProduk (id_produk, sku, harga, stok) VALUES (24,'SKU000052', 557666.04, 80);
INSERT IGNORE INTO ProdukVarianAtribut (atribut_varian, sku, nilai) VALUES ('UKURAN', 'SKU000052', 'L');
INSERT IGNORE INTO ProdukVarianAtribut (atribut_varian, sku, nilai) VALUES ('RAM', 'SKU000052', '12GB');
INSERT IGNORE INTO VarianProduk (id_produk, sku, harga, stok) VALUES (24,'SKU000053', 2897721.24, 8);
INSERT IGNORE INTO ProdukVarianAtribut (atribut_varian, sku, nilai) VALUES ('STORAGE_INTERNAL', 'SKU000053', '1TB');
INSERT IGNORE INTO Produk (id_produk, id_penjual, nama, deskripsi) VALUES (25, 23, 'Maximize Turn-Key Content Modern', 'Delectus a tenetur tempore eum voluptatem repellendus totam. Dolores reiciendis veniam saepe ducimus.');
INSERT IGNORE INTO VarianProduk (id_produk, sku, harga, stok) VALUES (25,'SKU000054', 721750.54, 40);
INSERT IGNORE INTO ProdukVarianAtribut (atribut_varian, sku, nilai) VALUES ('RESOLUSI_LAYAR', 'SKU000054', 'FHD');
INSERT IGNORE INTO ProdukVarianAtribut (atribut_varian, sku, nilai) VALUES ('MATERIAL', 'SKU000054', 'Kulit Sintetis PU');
INSERT IGNORE INTO ProdukVarianAtribut (atribut_varian, sku, nilai) VALUES ('RAM', 'SKU000054', '32GB');
INSERT IGNORE INTO VarianProduk (id_produk, sku, harga, stok) VALUES (25,'SKU000055', 612479.19, 50);
INSERT IGNORE INTO ProdukVarianAtribut (atribut_varian, sku, nilai) VALUES ('UKURAN', 'SKU000055', '41');
INSERT IGNORE INTO ProdukVarianAtribut (atribut_varian, sku, nilai) VALUES ('RESOLUSI_LAYAR', 'SKU000055', '4K');
INSERT IGNORE INTO VarianProduk (id_produk, sku, harga, stok) VALUES (25,'SKU000056', 2804190.85, 146);
INSERT IGNORE INTO ProdukVarianAtribut (atribut_varian, sku, nilai) VALUES ('RAM', 'SKU000056', '16GB');
INSERT IGNORE INTO Produk (id_produk, id_penjual, nama, deskripsi) VALUES (26, 9, 'Leverage Sticky Schemas Modern', 'Illum repellendus eaque saepe at. Suscipit ea vero tempora odio atque eveniet. Accusamus possimus cum.');
INSERT IGNORE INTO VarianProduk (id_produk, sku, harga, stok) VALUES (26,'SKU000057', 441962.93, 59);
INSERT IGNORE INTO ProdukVarianAtribut (atribut_varian, sku, nilai) VALUES ('RESOLUSI_LAYAR', 'SKU000057', 'QHD');
INSERT IGNORE INTO VarianProduk (id_produk, sku, harga, stok) VALUES (26,'SKU000058', 859968.1, 37);
INSERT IGNORE INTO ProdukVarianAtribut (atribut_varian, sku, nilai) VALUES ('RAM', 'SKU000058', '12GB');
INSERT IGNORE INTO VarianProduk (id_produk, sku, harga, stok) VALUES (26,'SKU000059', 323203.13, 75);
INSERT IGNORE INTO ProdukVarianAtribut (atribut_varian, sku, nilai) VALUES ('STORAGE_INTERNAL', 'SKU000059', '256GB');
INSERT IGNORE INTO Produk (id_produk, id_penjual, nama, deskripsi) VALUES (27, 20, 'Redefine B2B Web-Readiness Modern', 'Ex magni sint perspiciatis. Harum facere ex. Recusandae ab itaque ratione. Maiores laboriosam esse hic mollitia vitae.');
INSERT IGNORE INTO VarianProduk (id_produk, sku, harga, stok) VALUES (27,'SKU000060', 1277399.61, 116);
INSERT IGNORE INTO ProdukVarianAtribut (atribut_varian, sku, nilai) VALUES ('RESOLUSI_LAYAR', 'SKU000060', 'FHD');
INSERT IGNORE INTO ProdukVarianAtribut (atribut_varian, sku, nilai) VALUES ('RAM', 'SKU000060', '8GB');
INSERT IGNORE INTO VarianProduk (id_produk, sku, harga, stok) VALUES (27,'SKU000061', 2793780.4, 108);
INSERT IGNORE INTO ProdukVarianAtribut (atribut_varian, sku, nilai) VALUES ('UKURAN', 'SKU000061', '41');
INSERT IGNORE INTO ProdukVarianAtribut (atribut_varian, sku, nilai) VALUES ('STORAGE_INTERNAL', 'SKU000061', '256GB');
INSERT IGNORE INTO VarianProduk (id_produk, sku, harga, stok) VALUES (27,'SKU000062', 2824266.99, 135);
INSERT IGNORE INTO ProdukVarianAtribut (atribut_varian, sku, nilai) VALUES ('UKURAN', 'SKU000062', '42');
INSERT IGNORE INTO ProdukVarianAtribut (atribut_varian, sku, nilai) VALUES ('JENIS_KAIN', 'SKU000062', 'Rayon');
INSERT IGNORE INTO Produk (id_produk, id_penjual, nama, deskripsi) VALUES (28, 23, 'Re-Contextualize Robust Communities Serbaguna', 'Dolorem facere optio fugit.');
INSERT IGNORE INTO VarianProduk (id_produk, sku, harga, stok) VALUES (28,'SKU000063', 1749774.13, 49);
INSERT IGNORE INTO ProdukVarianAtribut (atribut_varian, sku, nilai) VALUES ('RESOLUSI_LAYAR', 'SKU000063', 'FHD');
INSERT IGNORE INTO VarianProduk (id_produk, sku, harga, stok) VALUES (28,'SKU000064', 2045787.4, 20);
INSERT IGNORE INTO ProdukVarianAtribut (atribut_varian, sku, nilai) VALUES ('JENIS_KAIN', 'SKU000064', 'Denim');
INSERT IGNORE INTO VarianProduk (id_produk, sku, harga, stok) VALUES (28,'SKU000065', 2699474.15, 62);
INSERT IGNORE INTO ProdukVarianAtribut (atribut_varian, sku, nilai) VALUES ('MATERIAL', 'SKU000065', 'Stainless Steel 304');
INSERT IGNORE INTO ProdukVarianAtribut (atribut_varian, sku, nilai) VALUES ('WARNA', 'SKU000065', 'Merah marun');
INSERT IGNORE INTO Produk (id_produk, id_penjual, nama, deskripsi) VALUES (29, 3, 'Mesh Distributed Systems Edisi Terbatas', 'Delectus dolore porro dolore. Quae iusto eum fuga.');
INSERT IGNORE INTO VarianProduk (id_produk, sku, harga, stok) VALUES (29,'SKU000066', 571444.31, 28);
INSERT IGNORE INTO ProdukVarianAtribut (atribut_varian, sku, nilai) VALUES ('JENIS_KAIN', 'SKU000066', 'Flanel');
INSERT IGNORE INTO ProdukVarianAtribut (atribut_varian, sku, nilai) VALUES ('RAM', 'SKU000066', '12GB');
INSERT IGNORE INTO VarianProduk (id_produk, sku, harga, stok) VALUES (29,'SKU000067', 1509911.31, 81);
INSERT IGNORE INTO ProdukVarianAtribut (atribut_varian, sku, nilai) VALUES ('WARNA', 'SKU000067', 'Biru muda');
INSERT IGNORE INTO ProdukVarianAtribut (atribut_varian, sku, nilai) VALUES ('RESOLUSI_LAYAR', 'SKU000067', 'QHD');
INSERT IGNORE INTO ProdukVarianAtribut (atribut_varian, sku, nilai) VALUES ('RAM', 'SKU000067', '16GB');
INSERT IGNORE INTO Produk (id_produk, id_penjual, nama, deskripsi) VALUES (30, 25, 'Scale Strategic Technologies Modern', 'Enim nihil dolorum amet maxime quis. Ipsam soluta pariatur eum fuga inventore.');
INSERT IGNORE INTO VarianProduk (id_produk, sku, harga, stok) VALUES (30,'SKU000068', 702318.87, 43);
INSERT IGNORE INTO ProdukVarianAtribut (atribut_varian, sku, nilai) VALUES ('STORAGE_INTERNAL', 'SKU000068', '256GB');
INSERT IGNORE INTO VarianProduk (id_produk, sku, harga, stok) VALUES (30,'SKU000069', 1570568.17, 91);
INSERT IGNORE INTO ProdukVarianAtribut (atribut_varian, sku, nilai) VALUES ('WARNA', 'SKU000069', 'Zaitun');
INSERT IGNORE INTO VarianProduk (id_produk, sku, harga, stok) VALUES (30,'SKU000070', 994226.26, 11);
INSERT IGNORE INTO ProdukVarianAtribut (atribut_varian, sku, nilai) VALUES ('JENIS_KAIN', 'SKU000070', 'Rayon');
INSERT IGNORE INTO Produk (id_produk, id_penjual, nama, deskripsi) VALUES (31, 21, 'Orchestrate Rich E-Services Premium', 'Ullam magnam nemo incidunt cum sunt rerum. Nulla perferendis natus ullam. Nihil cumque magnam molestias nobis neque.');
INSERT IGNORE INTO VarianProduk (id_produk, sku, harga, stok) VALUES (31,'SKU000071', 631078.85, 65);
INSERT IGNORE INTO ProdukVarianAtribut (atribut_varian, sku, nilai) VALUES ('STORAGE_INTERNAL', 'SKU000071', '512GB');
INSERT IGNORE INTO VarianProduk (id_produk, sku, harga, stok) VALUES (31,'SKU000072', 254405.59, 34);
INSERT IGNORE INTO ProdukVarianAtribut (atribut_varian, sku, nilai) VALUES ('UKURAN', 'SKU000072', '41');
INSERT IGNORE INTO VarianProduk (id_produk, sku, harga, stok) VALUES (31,'SKU000073', 1136415.19, 64);
INSERT IGNORE INTO ProdukVarianAtribut (atribut_varian, sku, nilai) VALUES ('UKURAN', 'SKU000073', 'L');
INSERT IGNORE INTO ProdukVarianAtribut (atribut_varian, sku, nilai) VALUES ('RESOLUSI_LAYAR', 'SKU000073', 'HD');
INSERT IGNORE INTO ProdukVarianAtribut (atribut_varian, sku, nilai) VALUES ('JENIS_KAIN', 'SKU000073', 'Satin');
INSERT IGNORE INTO Produk (id_produk, id_penjual, nama, deskripsi) VALUES (32, 7, 'Disintermediate 24/365 E-Business Edisi Terbatas', 'Dicta aliquam recusandae officiis delectus maxime ratione. Quis velit in asperiores illo illo iure. Laboriosam vitae nobis at quia.');
INSERT IGNORE INTO VarianProduk (id_produk, sku, harga, stok) VALUES (32,'SKU000074', 1536050.37, 123);
INSERT IGNORE INTO ProdukVarianAtribut (atribut_varian, sku, nilai) VALUES ('RESOLUSI_LAYAR', 'SKU000074', '4K');
INSERT IGNORE INTO VarianProduk (id_produk, sku, harga, stok) VALUES (32,'SKU000075', 576679.08, 142);
INSERT IGNORE INTO ProdukVarianAtribut (atribut_varian, sku, nilai) VALUES ('MATERIAL', 'SKU000075', 'Plastik ABS Food Grade');
INSERT IGNORE INTO ProdukVarianAtribut (atribut_varian, sku, nilai) VALUES ('RAM', 'SKU000075', '4GB');
INSERT IGNORE INTO Produk (id_produk, id_penjual, nama, deskripsi) VALUES (33, 6, 'Facilitate E-Business Info-Mediaries Premium', 'Nulla molestiae dignissimos. Sint nam excepturi expedita. Explicabo voluptas consequatur aut illo. Aliquam dicta suscipit vel.');
INSERT IGNORE INTO VarianProduk (id_produk, sku, harga, stok) VALUES (33,'SKU000076', 2159301.89, 106);
INSERT IGNORE INTO ProdukVarianAtribut (atribut_varian, sku, nilai) VALUES ('JENIS_KAIN', 'SKU000076', 'Flanel');
INSERT IGNORE INTO ProdukVarianAtribut (atribut_varian, sku, nilai) VALUES ('RESOLUSI_LAYAR', 'SKU000076', 'QHD');
INSERT IGNORE INTO ProdukVarianAtribut (atribut_varian, sku, nilai) VALUES ('UKURAN', 'SKU000076', 'L');
INSERT IGNORE INTO VarianProduk (id_produk, sku, harga, stok) VALUES (33,'SKU000077', 1357739.35, 123);
INSERT IGNORE INTO ProdukVarianAtribut (atribut_varian, sku, nilai) VALUES ('JENIS_KAIN', 'SKU000077', 'Satin');
INSERT IGNORE INTO ProdukVarianAtribut (atribut_varian, sku, nilai) VALUES ('UKURAN', 'SKU000077', 'M');
INSERT IGNORE INTO ProdukVarianAtribut (atribut_varian, sku, nilai) VALUES ('WARNA', 'SKU000077', 'Hijau muda');
INSERT IGNORE INTO VarianProduk (id_produk, sku, harga, stok) VALUES (33,'SKU000078', 1582901.93, 16);
INSERT IGNORE INTO ProdukVarianAtribut (atribut_varian, sku, nilai) VALUES ('RESOLUSI_LAYAR', 'SKU000078', 'HD');
INSERT IGNORE INTO Produk (id_produk, id_penjual, nama, deskripsi) VALUES (34, 23, 'Architect Integrated Deliverables Serbaguna', 'Asperiores dignissimos veniam necessitatibus quae illum atque repellat.');
INSERT IGNORE INTO VarianProduk (id_produk, sku, harga, stok) VALUES (34,'SKU000079', 1781444.2, 23);
INSERT IGNORE INTO ProdukVarianAtribut (atribut_varian, sku, nilai) VALUES ('RAM', 'SKU000079', '12GB');
INSERT IGNORE INTO VarianProduk (id_produk, sku, harga, stok) VALUES (34,'SKU000080', 2373128.61, 93);
INSERT IGNORE INTO ProdukVarianAtribut (atribut_varian, sku, nilai) VALUES ('UKURAN', 'SKU000080', 'All Size');
INSERT IGNORE INTO Produk (id_produk, id_penjual, nama, deskripsi) VALUES (35, 34, 'Innovate Wireless Paradigms Edisi Terbatas', 'Vero culpa exercitationem aliquid.');
INSERT IGNORE INTO VarianProduk (id_produk, sku, harga, stok) VALUES (35,'SKU000081', 320360.38, 92);
INSERT IGNORE INTO ProdukVarianAtribut (atribut_varian, sku, nilai) VALUES ('UKURAN', 'SKU000081', 'S');
INSERT IGNORE INTO ProdukVarianAtribut (atribut_varian, sku, nilai) VALUES ('WARNA', 'SKU000081', 'Abu-abu');
INSERT IGNORE INTO ProdukVarianAtribut (atribut_varian, sku, nilai) VALUES ('RAM', 'SKU000081', '8GB');
INSERT IGNORE INTO Produk (id_produk, id_penjual, nama, deskripsi) VALUES (36, 38, 'Architect B2B Technologies Serbaguna', 'Iusto eveniet iste voluptatum odit occaecati dignissimos. Cupiditate iusto odit molestias cupiditate iste cupiditate.');
INSERT IGNORE INTO VarianProduk (id_produk, sku, harga, stok) VALUES (36,'SKU000082', 2277339.02, 135);
INSERT IGNORE INTO ProdukVarianAtribut (atribut_varian, sku, nilai) VALUES ('MATERIAL', 'SKU000082', 'Polyester Blend');
INSERT IGNORE INTO VarianProduk (id_produk, sku, harga, stok) VALUES (36,'SKU000083', 133934.28, 130);
INSERT IGNORE INTO ProdukVarianAtribut (atribut_varian, sku, nilai) VALUES ('MATERIAL', 'SKU000083', 'Polyester Blend');
INSERT IGNORE INTO VarianProduk (id_produk, sku, harga, stok) VALUES (36,'SKU000084', 2349717.18, 119);
INSERT IGNORE INTO ProdukVarianAtribut (atribut_varian, sku, nilai) VALUES ('JENIS_KAIN', 'SKU000084', 'Denim');
INSERT IGNORE INTO ProdukVarianAtribut (atribut_varian, sku, nilai) VALUES ('RAM', 'SKU000084', '16GB');
INSERT IGNORE INTO ProdukVarianAtribut (atribut_varian, sku, nilai) VALUES ('MATERIAL', 'SKU000084', 'Katun Combed 30s');
INSERT IGNORE INTO Produk (id_produk, id_penjual, nama, deskripsi) VALUES (37, 17, 'Synergize Out-Of-The-Box Content Edisi Terbatas', 'Illo consequuntur temporibus sequi occaecati fuga. Corporis nobis consectetur eligendi veniam facilis.');
INSERT IGNORE INTO VarianProduk (id_produk, sku, harga, stok) VALUES (37,'SKU000085', 1255997.88, 13);
INSERT IGNORE INTO ProdukVarianAtribut (atribut_varian, sku, nilai) VALUES ('JENIS_KAIN', 'SKU000085', 'Rayon');
INSERT IGNORE INTO ProdukVarianAtribut (atribut_varian, sku, nilai) VALUES ('UKURAN', 'SKU000085', 'XXL');
INSERT IGNORE INTO VarianProduk (id_produk, sku, harga, stok) VALUES (37,'SKU000086', 342687.22, 91);
INSERT IGNORE INTO ProdukVarianAtribut (atribut_varian, sku, nilai) VALUES ('WARNA', 'SKU000086', 'Coklat tua');
INSERT IGNORE INTO ProdukVarianAtribut (atribut_varian, sku, nilai) VALUES ('RAM', 'SKU000086', '8GB');
INSERT IGNORE INTO ProdukVarianAtribut (atribut_varian, sku, nilai) VALUES ('UKURAN', 'SKU000086', '40');
INSERT IGNORE INTO Produk (id_produk, id_penjual, nama, deskripsi) VALUES (38, 4, 'Grow 24/7 Methodologies Premium', 'Quos optio itaque non reprehenderit. Odio magnam explicabo omnis doloremque.');
INSERT IGNORE INTO VarianProduk (id_produk, sku, harga, stok) VALUES (38,'SKU000087', 2046909.8, 29);
INSERT IGNORE INTO ProdukVarianAtribut (atribut_varian, sku, nilai) VALUES ('JENIS_KAIN', 'SKU000087', 'Rayon');
INSERT IGNORE INTO ProdukVarianAtribut (atribut_varian, sku, nilai) VALUES ('RAM', 'SKU000087', '8GB');
INSERT IGNORE INTO Produk (id_produk, id_penjual, nama, deskripsi) VALUES (39, 45, 'Deploy Virtual Networks Serbaguna', 'Omnis velit distinctio vero. Et explicabo dignissimos alias nostrum iure.');
INSERT IGNORE INTO VarianProduk (id_produk, sku, harga, stok) VALUES (39,'SKU000088', 588336.99, 135);
INSERT IGNORE INTO ProdukVarianAtribut (atribut_varian, sku, nilai) VALUES ('STORAGE_INTERNAL', 'SKU000088', '128GB');
INSERT IGNORE INTO ProdukVarianAtribut (atribut_varian, sku, nilai) VALUES ('RAM', 'SKU000088', '4GB');
INSERT IGNORE INTO VarianProduk (id_produk, sku, harga, stok) VALUES (39,'SKU000089', 2822522.59, 104);
INSERT IGNORE INTO ProdukVarianAtribut (atribut_varian, sku, nilai) VALUES ('JENIS_KAIN', 'SKU000089', 'Satin');
INSERT IGNORE INTO ProdukVarianAtribut (atribut_varian, sku, nilai) VALUES ('STORAGE_INTERNAL', 'SKU000089', '128GB');
INSERT IGNORE INTO VarianProduk (id_produk, sku, harga, stok) VALUES (39,'SKU000090', 2198594.55, 134);
INSERT IGNORE INTO ProdukVarianAtribut (atribut_varian, sku, nilai) VALUES ('RAM', 'SKU000090', '16GB');
INSERT IGNORE INTO ProdukVarianAtribut (atribut_varian, sku, nilai) VALUES ('JENIS_KAIN', 'SKU000090', 'Satin');
INSERT IGNORE INTO Produk (id_produk, id_penjual, nama, deskripsi) VALUES (40, 30, 'Mesh Clicks-And-Mortar Architectures Modern', 'Autem quae pariatur nemo.');
INSERT IGNORE INTO VarianProduk (id_produk, sku, harga, stok) VALUES (40,'SKU000091', 1387355.9, 69);
INSERT IGNORE INTO ProdukVarianAtribut (atribut_varian, sku, nilai) VALUES ('RAM', 'SKU000091', '16GB');
INSERT IGNORE INTO VarianProduk (id_produk, sku, harga, stok) VALUES (40,'SKU000092', 83316.74, 17);
INSERT IGNORE INTO ProdukVarianAtribut (atribut_varian, sku, nilai) VALUES ('RESOLUSI_LAYAR', 'SKU000092', 'QHD');
INSERT IGNORE INTO ProdukVarianAtribut (atribut_varian, sku, nilai) VALUES ('WARNA', 'SKU000092', 'Zaitun');
INSERT IGNORE INTO ProdukVarianAtribut (atribut_varian, sku, nilai) VALUES ('STORAGE_INTERNAL', 'SKU000092', '256GB');
INSERT IGNORE INTO VarianProduk (id_produk, sku, harga, stok) VALUES (40,'SKU000093', 2886739.57, 135);
INSERT IGNORE INTO ProdukVarianAtribut (atribut_varian, sku, nilai) VALUES ('RESOLUSI_LAYAR', 'SKU000093', 'QHD');
INSERT IGNORE INTO ProdukVarianAtribut (atribut_varian, sku, nilai) VALUES ('WARNA', 'SKU000093', 'Kuning');
INSERT IGNORE INTO Produk (id_produk, id_penjual, nama, deskripsi) VALUES (41, 35, 'Syndicate B2C Markets Premium', 'Nisi praesentium officiis soluta repellat esse. Architecto nihil blanditiis doloremque maxime. Illo velit vero impedit. Debitis excepturi quibusdam fuga exercitationem.');
INSERT IGNORE INTO VarianProduk (id_produk, sku, harga, stok) VALUES (41,'SKU000094', 1242786.23, 91);
INSERT IGNORE INTO ProdukVarianAtribut (atribut_varian, sku, nilai) VALUES ('MATERIAL', 'SKU000094', 'Katun Combed 30s');
INSERT IGNORE INTO ProdukVarianAtribut (atribut_varian, sku, nilai) VALUES ('WARNA', 'SKU000094', 'Nila');
INSERT IGNORE INTO Produk (id_produk, id_penjual, nama, deskripsi) VALUES (42, 18, 'Facilitate Impactful Experiences Edisi Terbatas', 'Excepturi cum vitae maiores. Ratione fugiat sapiente vero.');
INSERT IGNORE INTO VarianProduk (id_produk, sku, harga, stok) VALUES (42,'SKU000095', 1775382.56, 128);
INSERT IGNORE INTO ProdukVarianAtribut (atribut_varian, sku, nilai) VALUES ('UKURAN', 'SKU000095', '39');
INSERT IGNORE INTO ProdukVarianAtribut (atribut_varian, sku, nilai) VALUES ('RESOLUSI_LAYAR', 'SKU000095', 'HD');
INSERT IGNORE INTO Produk (id_produk, id_penjual, nama, deskripsi) VALUES (43, 23, 'E-Enable One-To-One Synergies Premium', 'Velit rem dicta laudantium sapiente blanditiis quod.');
INSERT IGNORE INTO VarianProduk (id_produk, sku, harga, stok) VALUES (43,'SKU000096', 1784408.13, 115);
INSERT IGNORE INTO ProdukVarianAtribut (atribut_varian, sku, nilai) VALUES ('UKURAN', 'SKU000096', 'All Size');
INSERT IGNORE INTO ProdukVarianAtribut (atribut_varian, sku, nilai) VALUES ('RAM', 'SKU000096', '16GB');
INSERT IGNORE INTO VarianProduk (id_produk, sku, harga, stok) VALUES (43,'SKU000097', 82980.29, 121);
INSERT IGNORE INTO ProdukVarianAtribut (atribut_varian, sku, nilai) VALUES ('WARNA', 'SKU000097', 'Putih');
INSERT IGNORE INTO VarianProduk (id_produk, sku, harga, stok) VALUES (43,'SKU000098', 2026321.92, 23);
INSERT IGNORE INTO ProdukVarianAtribut (atribut_varian, sku, nilai) VALUES ('UKURAN', 'SKU000098', 'All Size');
INSERT IGNORE INTO Produk (id_produk, id_penjual, nama, deskripsi) VALUES (44, 16, 'Embrace 24/365 E-Business Premium', 'Aliquid tempora doloremque. Ducimus possimus nam error excepturi hic autem. Quas in distinctio repellendus non cupiditate.');
INSERT IGNORE INTO VarianProduk (id_produk, sku, harga, stok) VALUES (44,'SKU000099', 1021331.05, 32);
INSERT IGNORE INTO ProdukVarianAtribut (atribut_varian, sku, nilai) VALUES ('RESOLUSI_LAYAR', 'SKU000099', 'HD');
INSERT IGNORE INTO VarianProduk (id_produk, sku, harga, stok) VALUES (44,'SKU000100', 2448345.38, 11);
INSERT IGNORE INTO ProdukVarianAtribut (atribut_varian, sku, nilai) VALUES ('RAM', 'SKU000100', '4GB');
INSERT IGNORE INTO ProdukVarianAtribut (atribut_varian, sku, nilai) VALUES ('RESOLUSI_LAYAR', 'SKU000100', '4K');
INSERT IGNORE INTO Produk (id_produk, id_penjual, nama, deskripsi) VALUES (45, 37, 'Evolve Ubiquitous E-Services Serbaguna', 'Facere praesentium iusto non enim.');
INSERT IGNORE INTO VarianProduk (id_produk, sku, harga, stok) VALUES (45,'SKU000101', 225287.25, 97);
INSERT IGNORE INTO ProdukVarianAtribut (atribut_varian, sku, nilai) VALUES ('WARNA', 'SKU000101', 'Jingga');
INSERT IGNORE INTO VarianProduk (id_produk, sku, harga, stok) VALUES (45,'SKU000102', 1030092.4, 67);
INSERT IGNORE INTO ProdukVarianAtribut (atribut_varian, sku, nilai) VALUES ('WARNA', 'SKU000102', 'Hijau muda');
INSERT IGNORE INTO ProdukVarianAtribut (atribut_varian, sku, nilai) VALUES ('RESOLUSI_LAYAR', 'SKU000102', 'HD');
INSERT IGNORE INTO Produk (id_produk, id_penjual, nama, deskripsi) VALUES (46, 24, 'Brand Front-End Eyeballs Premium', 'Neque sapiente ex non. Culpa excepturi voluptates cupiditate modi iusto ipsa. Tempore optio atque repellat.');
INSERT IGNORE INTO VarianProduk (id_produk, sku, harga, stok) VALUES (46,'SKU000103', 866918.83, 24);
INSERT IGNORE INTO ProdukVarianAtribut (atribut_varian, sku, nilai) VALUES ('RAM', 'SKU000103', '4GB');
INSERT IGNORE INTO ProdukVarianAtribut (atribut_varian, sku, nilai) VALUES ('JENIS_KAIN', 'SKU000103', 'Satin');
INSERT IGNORE INTO ProdukVarianAtribut (atribut_varian, sku, nilai) VALUES ('UKURAN', 'SKU000103', 'S');
INSERT IGNORE INTO VarianProduk (id_produk, sku, harga, stok) VALUES (46,'SKU000104', 1614603.08, 118);
INSERT IGNORE INTO ProdukVarianAtribut (atribut_varian, sku, nilai) VALUES ('MATERIAL', 'SKU000104', 'Polyester Blend');
INSERT IGNORE INTO VarianProduk (id_produk, sku, harga, stok) VALUES (46,'SKU000105', 248371.44, 68);
INSERT IGNORE INTO ProdukVarianAtribut (atribut_varian, sku, nilai) VALUES ('MATERIAL', 'SKU000105', 'Kulit Sintetis PU');
INSERT IGNORE INTO Produk (id_produk, id_penjual, nama, deskripsi) VALUES (47, 38, 'Cultivate Plug-And-Play Vortals Modern', 'Fugiat deleniti nobis numquam nulla laudantium. Asperiores quam labore natus enim. Animi corporis at similique consequuntur sequi. Ab quaerat saepe dolores architecto dicta.');
INSERT IGNORE INTO VarianProduk (id_produk, sku, harga, stok) VALUES (47,'SKU000106', 1780482.03, 26);
INSERT IGNORE INTO ProdukVarianAtribut (atribut_varian, sku, nilai) VALUES ('STORAGE_INTERNAL', 'SKU000106', '512GB');
INSERT IGNORE INTO ProdukVarianAtribut (atribut_varian, sku, nilai) VALUES ('RESOLUSI_LAYAR', 'SKU000106', 'QHD');
INSERT IGNORE INTO Produk (id_produk, id_penjual, nama, deskripsi) VALUES (48, 26, 'E-Enable 24/365 Platforms Edisi Terbatas', 'Perferendis ratione enim ipsam delectus hic reiciendis. Earum sapiente dolorem suscipit.');
INSERT IGNORE INTO VarianProduk (id_produk, sku, harga, stok) VALUES (48,'SKU000107', 508815.92, 126);
INSERT IGNORE INTO ProdukVarianAtribut (atribut_varian, sku, nilai) VALUES ('STORAGE_INTERNAL', 'SKU000107', '64GB');
INSERT IGNORE INTO ProdukVarianAtribut (atribut_varian, sku, nilai) VALUES ('RAM', 'SKU000107', '32GB');
INSERT IGNORE INTO ProdukVarianAtribut (atribut_varian, sku, nilai) VALUES ('UKURAN', 'SKU000107', '40');
INSERT IGNORE INTO VarianProduk (id_produk, sku, harga, stok) VALUES (48,'SKU000108', 983179.53, 118);
INSERT IGNORE INTO ProdukVarianAtribut (atribut_varian, sku, nilai) VALUES ('UKURAN', 'SKU000108', 'M');
INSERT IGNORE INTO ProdukVarianAtribut (atribut_varian, sku, nilai) VALUES ('RAM', 'SKU000108', '16GB');
INSERT IGNORE INTO Produk (id_produk, id_penjual, nama, deskripsi) VALUES (49, 27, 'Incubate Mission-Critical Action-Items Modern', 'Dolorem fugiat eius incidunt possimus amet voluptatem. Optio numquam illo nihil maxime molestiae qui. Occaecati earum in temporibus doloremque distinctio. Commodi quidem quam voluptatum explicabo quaerat fugiat.');
INSERT IGNORE INTO VarianProduk (id_produk, sku, harga, stok) VALUES (49,'SKU000109', 2350489.79, 71);
INSERT IGNORE INTO ProdukVarianAtribut (atribut_varian, sku, nilai) VALUES ('UKURAN', 'SKU000109', 'XXL');
INSERT IGNORE INTO Produk (id_produk, id_penjual, nama, deskripsi) VALUES (50, 25, 'Streamline Vertical Vortals Premium', 'Cupiditate laborum molestiae temporibus blanditiis.');
INSERT IGNORE INTO VarianProduk (id_produk, sku, harga, stok) VALUES (50,'SKU000110', 2672584.1, 103);
INSERT IGNORE INTO ProdukVarianAtribut (atribut_varian, sku, nilai) VALUES ('JENIS_KAIN', 'SKU000110', 'Flanel');
INSERT IGNORE INTO ProdukVarianAtribut (atribut_varian, sku, nilai) VALUES ('UKURAN', 'SKU000110', 'All Size');
INSERT IGNORE INTO ProdukVarianAtribut (atribut_varian, sku, nilai) VALUES ('STORAGE_INTERNAL', 'SKU000110', '256GB');
INSERT IGNORE INTO VarianProduk (id_produk, sku, harga, stok) VALUES (50,'SKU000111', 1857775.43, 5);
INSERT IGNORE INTO ProdukVarianAtribut (atribut_varian, sku, nilai) VALUES ('JENIS_KAIN', 'SKU000111', 'Rayon');
INSERT IGNORE INTO Produk (id_produk, id_penjual, nama, deskripsi) VALUES (51, 15, 'Transition Killer Systems Premium', 'Animi excepturi voluptas modi nesciunt. Explicabo odio maxime sint. Officia delectus labore.');
INSERT IGNORE INTO VarianProduk (id_produk, sku, harga, stok) VALUES (51,'SKU000112', 124654.89, 68);
INSERT IGNORE INTO ProdukVarianAtribut (atribut_varian, sku, nilai) VALUES ('RAM', 'SKU000112', '16GB');
INSERT IGNORE INTO ProdukVarianAtribut (atribut_varian, sku, nilai) VALUES ('UKURAN', 'SKU000112', 'M');
INSERT IGNORE INTO ProdukVarianAtribut (atribut_varian, sku, nilai) VALUES ('MATERIAL', 'SKU000112', 'Kanvas Tebal');
INSERT IGNORE INTO VarianProduk (id_produk, sku, harga, stok) VALUES (51,'SKU000113', 1385275.35, 129);
INSERT IGNORE INTO ProdukVarianAtribut (atribut_varian, sku, nilai) VALUES ('RAM', 'SKU000113', '12GB');
INSERT IGNORE INTO Produk (id_produk, id_penjual, nama, deskripsi) VALUES (52, 20, 'Incentivize Efficient Methodologies Edisi Terbatas', 'Vitae consequatur voluptatibus. Cumque cumque eligendi nam.');
INSERT IGNORE INTO VarianProduk (id_produk, sku, harga, stok) VALUES (52,'SKU000114', 523087.03, 117);
INSERT IGNORE INTO ProdukVarianAtribut (atribut_varian, sku, nilai) VALUES ('UKURAN', 'SKU000114', 'S');
INSERT IGNORE INTO ProdukVarianAtribut (atribut_varian, sku, nilai) VALUES ('RAM', 'SKU000114', '16GB');
INSERT IGNORE INTO ProdukVarianAtribut (atribut_varian, sku, nilai) VALUES ('MATERIAL', 'SKU000114', 'Katun Combed 30s');
INSERT IGNORE INTO Produk (id_produk, id_penjual, nama, deskripsi) VALUES (53, 13, 'Morph Open-Source Partnerships Modern', 'Minus sunt odio tenetur temporibus voluptatibus. Dolorem doloremque reiciendis minus dolorem.');
INSERT IGNORE INTO VarianProduk (id_produk, sku, harga, stok) VALUES (53,'SKU000115', 2048616.1, 49);
INSERT IGNORE INTO ProdukVarianAtribut (atribut_varian, sku, nilai) VALUES ('STORAGE_INTERNAL', 'SKU000115', '128GB');
INSERT IGNORE INTO Produk (id_produk, id_penjual, nama, deskripsi) VALUES (54, 37, 'Deliver User-Centric Experiences Modern', 'Ex voluptates laborum nulla. Perferendis quos sunt sapiente temporibus nulla. Provident nostrum nam reprehenderit nam. Eum voluptas consectetur inventore. Tempora commodi possimus.');
INSERT IGNORE INTO VarianProduk (id_produk, sku, harga, stok) VALUES (54,'SKU000116', 1600824.31, 7);
INSERT IGNORE INTO ProdukVarianAtribut (atribut_varian, sku, nilai) VALUES ('WARNA', 'SKU000116', 'Perak');
INSERT IGNORE INTO ProdukVarianAtribut (atribut_varian, sku, nilai) VALUES ('RESOLUSI_LAYAR', 'SKU000116', 'HD');
INSERT IGNORE INTO ProdukVarianAtribut (atribut_varian, sku, nilai) VALUES ('UKURAN', 'SKU000116', '38');
INSERT IGNORE INTO Produk (id_produk, id_penjual, nama, deskripsi) VALUES (55, 49, 'Drive Vertical Roi Serbaguna', 'Dolores eligendi dolorum suscipit sed nesciunt. Reprehenderit assumenda quasi debitis eum. Dolores labore rerum accusantium sint consequatur porro.');
INSERT IGNORE INTO VarianProduk (id_produk, sku, harga, stok) VALUES (55,'SKU000117', 794963.82, 50);
INSERT IGNORE INTO ProdukVarianAtribut (atribut_varian, sku, nilai) VALUES ('UKURAN', 'SKU000117', '41');
INSERT IGNORE INTO ProdukVarianAtribut (atribut_varian, sku, nilai) VALUES ('WARNA', 'SKU000117', 'Emas');
INSERT IGNORE INTO ProdukVarianAtribut (atribut_varian, sku, nilai) VALUES ('JENIS_KAIN', 'SKU000117', 'Flanel');
INSERT IGNORE INTO VarianProduk (id_produk, sku, harga, stok) VALUES (55,'SKU000118', 1493526.05, 46);
INSERT IGNORE INTO ProdukVarianAtribut (atribut_varian, sku, nilai) VALUES ('UKURAN', 'SKU000118', 'XXL');
INSERT IGNORE INTO ProdukVarianAtribut (atribut_varian, sku, nilai) VALUES ('WARNA', 'SKU000118', 'Kuning');
INSERT IGNORE INTO ProdukVarianAtribut (atribut_varian, sku, nilai) VALUES ('STORAGE_INTERNAL', 'SKU000118', '128GB');
INSERT IGNORE INTO VarianProduk (id_produk, sku, harga, stok) VALUES (55,'SKU000119', 1253605.75, 51);
INSERT IGNORE INTO ProdukVarianAtribut (atribut_varian, sku, nilai) VALUES ('STORAGE_INTERNAL', 'SKU000119', '1TB');
INSERT IGNORE INTO ProdukVarianAtribut (atribut_varian, sku, nilai) VALUES ('WARNA', 'SKU000119', 'Kuning');
INSERT IGNORE INTO Produk (id_produk, id_penjual, nama, deskripsi) VALUES (56, 46, 'Leverage User-Centric Technologies Premium', 'Natus quidem asperiores.');
INSERT IGNORE INTO VarianProduk (id_produk, sku, harga, stok) VALUES (56,'SKU000120', 813512.66, 14);
INSERT IGNORE INTO ProdukVarianAtribut (atribut_varian, sku, nilai) VALUES ('MATERIAL', 'SKU000120', 'Plastik ABS Food Grade');
INSERT IGNORE INTO Produk (id_produk, id_penjual, nama, deskripsi) VALUES (57, 10, 'Transform Interactive Interfaces Edisi Terbatas', 'Consequuntur odio dolorem omnis ipsam inventore ipsum.');
INSERT IGNORE INTO VarianProduk (id_produk, sku, harga, stok) VALUES (57,'SKU000121', 1461934.27, 115);
INSERT IGNORE INTO ProdukVarianAtribut (atribut_varian, sku, nilai) VALUES ('RAM', 'SKU000121', '8GB');
INSERT IGNORE INTO VarianProduk (id_produk, sku, harga, stok) VALUES (57,'SKU000122', 296171.17, 85);
INSERT IGNORE INTO ProdukVarianAtribut (atribut_varian, sku, nilai) VALUES ('JENIS_KAIN', 'SKU000122', 'Rayon');
INSERT IGNORE INTO VarianProduk (id_produk, sku, harga, stok) VALUES (57,'SKU000123', 2378715.77, 43);
INSERT IGNORE INTO ProdukVarianAtribut (atribut_varian, sku, nilai) VALUES ('UKURAN', 'SKU000123', 'M');
INSERT IGNORE INTO ProdukVarianAtribut (atribut_varian, sku, nilai) VALUES ('RESOLUSI_LAYAR', 'SKU000123', 'HD');
INSERT IGNORE INTO ProdukVarianAtribut (atribut_varian, sku, nilai) VALUES ('MATERIAL', 'SKU000123', 'Kulit Sintetis PU');
INSERT IGNORE INTO Produk (id_produk, id_penjual, nama, deskripsi) VALUES (58, 1, 'Disintermediate Seamless Synergies Modern', 'Rem corporis necessitatibus quibusdam. Porro maxime laboriosam. Vero molestias neque at id ratione saepe laborum. Molestiae eligendi porro aliquid omnis nesciunt sequi. Temporibus aperiam enim exercitationem nesciunt maiores ducimus.');
INSERT IGNORE INTO VarianProduk (id_produk, sku, harga, stok) VALUES (58,'SKU000124', 1236304.62, 21);
INSERT IGNORE INTO ProdukVarianAtribut (atribut_varian, sku, nilai) VALUES ('STORAGE_INTERNAL', 'SKU000124', '256GB');
INSERT IGNORE INTO ProdukVarianAtribut (atribut_varian, sku, nilai) VALUES ('RAM', 'SKU000124', '12GB');
INSERT IGNORE INTO VarianProduk (id_produk, sku, harga, stok) VALUES (58,'SKU000125', 286015.45, 100);
INSERT IGNORE INTO ProdukVarianAtribut (atribut_varian, sku, nilai) VALUES ('MATERIAL', 'SKU000125', 'Katun Combed 30s');
INSERT IGNORE INTO ProdukVarianAtribut (atribut_varian, sku, nilai) VALUES ('UKURAN', 'SKU000125', '38');
INSERT IGNORE INTO VarianProduk (id_produk, sku, harga, stok) VALUES (58,'SKU000126', 206385.4, 132);
INSERT IGNORE INTO ProdukVarianAtribut (atribut_varian, sku, nilai) VALUES ('UKURAN', 'SKU000126', 'M');
INSERT IGNORE INTO ProdukVarianAtribut (atribut_varian, sku, nilai) VALUES ('JENIS_KAIN', 'SKU000126', 'Satin');
INSERT IGNORE INTO ProdukVarianAtribut (atribut_varian, sku, nilai) VALUES ('RESOLUSI_LAYAR', 'SKU000126', '4K');
INSERT IGNORE INTO Produk (id_produk, id_penjual, nama, deskripsi) VALUES (59, 23, 'Transform Best-Of-Breed Content Premium', 'Repellat mollitia quibusdam minus occaecati nisi vel. Ea nihil quia quae sequi nisi. Ea excepturi tenetur recusandae deleniti. Veritatis officiis voluptates minus quasi fuga.');
INSERT IGNORE INTO VarianProduk (id_produk, sku, harga, stok) VALUES (59,'SKU000127', 234842.45, 78);
INSERT IGNORE INTO ProdukVarianAtribut (atribut_varian, sku, nilai) VALUES ('WARNA', 'SKU000127', 'Nila');
INSERT IGNORE INTO ProdukVarianAtribut (atribut_varian, sku, nilai) VALUES ('RESOLUSI_LAYAR', 'SKU000127', 'FHD');
INSERT IGNORE INTO VarianProduk (id_produk, sku, harga, stok) VALUES (59,'SKU000128', 2949455.6, 146);
INSERT IGNORE INTO ProdukVarianAtribut (atribut_varian, sku, nilai) VALUES ('RAM', 'SKU000128', '12GB');
INSERT IGNORE INTO Produk (id_produk, id_penjual, nama, deskripsi) VALUES (60, 12, 'Leverage One-To-One Communities Serbaguna', 'Error itaque expedita corrupti. Recusandae eveniet recusandae. Incidunt deserunt deleniti tenetur corporis.');
INSERT IGNORE INTO VarianProduk (id_produk, sku, harga, stok) VALUES (60,'SKU000129', 1621658.06, 147);
INSERT IGNORE INTO ProdukVarianAtribut (atribut_varian, sku, nilai) VALUES ('JENIS_KAIN', 'SKU000129', 'Denim');
INSERT IGNORE INTO ProdukVarianAtribut (atribut_varian, sku, nilai) VALUES ('RESOLUSI_LAYAR', 'SKU000129', '4K');
INSERT IGNORE INTO ProdukVarianAtribut (atribut_varian, sku, nilai) VALUES ('UKURAN', 'SKU000129', 'XXL');
INSERT IGNORE INTO Produk (id_produk, id_penjual, nama, deskripsi) VALUES (61, 26, 'Orchestrate Efficient Channels Modern', 'Voluptatem deserunt tenetur dolores autem.');
INSERT IGNORE INTO VarianProduk (id_produk, sku, harga, stok) VALUES (61,'SKU000130', 2414345.7, 51);
INSERT IGNORE INTO ProdukVarianAtribut (atribut_varian, sku, nilai) VALUES ('RAM', 'SKU000130', '8GB');
INSERT IGNORE INTO ProdukVarianAtribut (atribut_varian, sku, nilai) VALUES ('UKURAN', 'SKU000130', '38');
INSERT IGNORE INTO VarianProduk (id_produk, sku, harga, stok) VALUES (61,'SKU000131', 1348083.47, 69);
INSERT IGNORE INTO ProdukVarianAtribut (atribut_varian, sku, nilai) VALUES ('JENIS_KAIN', 'SKU000131', 'Flanel');
INSERT IGNORE INTO ProdukVarianAtribut (atribut_varian, sku, nilai) VALUES ('RAM', 'SKU000131', '12GB');
INSERT IGNORE INTO VarianProduk (id_produk, sku, harga, stok) VALUES (61,'SKU000132', 1311271.59, 150);
INSERT IGNORE INTO ProdukVarianAtribut (atribut_varian, sku, nilai) VALUES ('MATERIAL', 'SKU000132', 'Kanvas Tebal');
INSERT IGNORE INTO ProdukVarianAtribut (atribut_varian, sku, nilai) VALUES ('UKURAN', 'SKU000132', '38');
INSERT IGNORE INTO Produk (id_produk, id_penjual, nama, deskripsi) VALUES (62, 50, 'Incentivize Best-Of-Breed Action-Items Serbaguna', 'Pariatur sit dolorum dignissimos doloribus sed excepturi. Molestiae mollitia nobis quidem alias. Quisquam nostrum qui voluptatibus repellat nihil.');
INSERT IGNORE INTO VarianProduk (id_produk, sku, harga, stok) VALUES (62,'SKU000133', 1658380.68, 56);
INSERT IGNORE INTO ProdukVarianAtribut (atribut_varian, sku, nilai) VALUES ('RESOLUSI_LAYAR', 'SKU000133', '4K');
INSERT IGNORE INTO ProdukVarianAtribut (atribut_varian, sku, nilai) VALUES ('WARNA', 'SKU000133', 'Nila');
INSERT IGNORE INTO VarianProduk (id_produk, sku, harga, stok) VALUES (62,'SKU000134', 610191.82, 99);
INSERT IGNORE INTO ProdukVarianAtribut (atribut_varian, sku, nilai) VALUES ('JENIS_KAIN', 'SKU000134', 'Denim');
INSERT IGNORE INTO ProdukVarianAtribut (atribut_varian, sku, nilai) VALUES ('RAM', 'SKU000134', '16GB');
INSERT IGNORE INTO VarianProduk (id_produk, sku, harga, stok) VALUES (62,'SKU000135', 1716293.63, 40);
INSERT IGNORE INTO ProdukVarianAtribut (atribut_varian, sku, nilai) VALUES ('STORAGE_INTERNAL', 'SKU000135', '256GB');
INSERT IGNORE INTO Produk (id_produk, id_penjual, nama, deskripsi) VALUES (63, 42, 'Optimize World-Class Models Serbaguna', 'Nisi deleniti placeat exercitationem. Iusto consequuntur consectetur assumenda magnam quibusdam similique. Ipsam qui commodi beatae.');
INSERT IGNORE INTO VarianProduk (id_produk, sku, harga, stok) VALUES (63,'SKU000136', 2245732.01, 112);
INSERT IGNORE INTO ProdukVarianAtribut (atribut_varian, sku, nilai) VALUES ('RAM', 'SKU000136', '4GB');
INSERT IGNORE INTO ProdukVarianAtribut (atribut_varian, sku, nilai) VALUES ('WARNA', 'SKU000136', 'Putih');
INSERT IGNORE INTO ProdukVarianAtribut (atribut_varian, sku, nilai) VALUES ('STORAGE_INTERNAL', 'SKU000136', '64GB');
INSERT IGNORE INTO VarianProduk (id_produk, sku, harga, stok) VALUES (63,'SKU000137', 2266686.62, 40);
INSERT IGNORE INTO ProdukVarianAtribut (atribut_varian, sku, nilai) VALUES ('MATERIAL', 'SKU000137', 'Plastik ABS Food Grade');
INSERT IGNORE INTO ProdukVarianAtribut (atribut_varian, sku, nilai) VALUES ('JENIS_KAIN', 'SKU000137', 'Denim');
INSERT IGNORE INTO ProdukVarianAtribut (atribut_varian, sku, nilai) VALUES ('RAM', 'SKU000137', '8GB');
INSERT IGNORE INTO VarianProduk (id_produk, sku, harga, stok) VALUES (63,'SKU000138', 334666.84, 128);
INSERT IGNORE INTO ProdukVarianAtribut (atribut_varian, sku, nilai) VALUES ('RESOLUSI_LAYAR', 'SKU000138', 'HD');
INSERT IGNORE INTO ProdukVarianAtribut (atribut_varian, sku, nilai) VALUES ('JENIS_KAIN', 'SKU000138', 'Satin');
INSERT IGNORE INTO Produk (id_produk, id_penjual, nama, deskripsi) VALUES (64, 42, 'Leverage Rich Supply-Chains Edisi Terbatas', 'Vero sint dolore non. Inventore adipisci cum libero.');
INSERT IGNORE INTO VarianProduk (id_produk, sku, harga, stok) VALUES (64,'SKU000139', 2741610.61, 84);
INSERT IGNORE INTO ProdukVarianAtribut (atribut_varian, sku, nilai) VALUES ('UKURAN', 'SKU000139', 'XXL');
INSERT IGNORE INTO VarianProduk (id_produk, sku, harga, stok) VALUES (64,'SKU000140', 2864895.1, 86);
INSERT IGNORE INTO ProdukVarianAtribut (atribut_varian, sku, nilai) VALUES ('RAM', 'SKU000140', '32GB');
INSERT IGNORE INTO ProdukVarianAtribut (atribut_varian, sku, nilai) VALUES ('STORAGE_INTERNAL', 'SKU000140', '1TB');
INSERT IGNORE INTO ProdukVarianAtribut (atribut_varian, sku, nilai) VALUES ('RESOLUSI_LAYAR', 'SKU000140', 'QHD');
INSERT IGNORE INTO VarianProduk (id_produk, sku, harga, stok) VALUES (64,'SKU000141', 1028450.99, 127);
INSERT IGNORE INTO ProdukVarianAtribut (atribut_varian, sku, nilai) VALUES ('STORAGE_INTERNAL', 'SKU000141', '256GB');
INSERT IGNORE INTO ProdukVarianAtribut (atribut_varian, sku, nilai) VALUES ('RESOLUSI_LAYAR', 'SKU000141', '4K');
INSERT IGNORE INTO Produk (id_produk, id_penjual, nama, deskripsi) VALUES (65, 16, 'Syndicate Efficient Web Services Serbaguna', 'Magni fugiat sequi. Accusantium aut ex error voluptate repellendus id excepturi. At at doloribus quaerat saepe hic fuga. Repellat totam dolor. Fugiat consequuntur debitis exercitationem sapiente temporibus.');
INSERT IGNORE INTO VarianProduk (id_produk, sku, harga, stok) VALUES (65,'SKU000142', 468596.12, 32);
INSERT IGNORE INTO ProdukVarianAtribut (atribut_varian, sku, nilai) VALUES ('JENIS_KAIN', 'SKU000142', 'Satin');
INSERT IGNORE INTO ProdukVarianAtribut (atribut_varian, sku, nilai) VALUES ('WARNA', 'SKU000142', 'Abu-abu');
INSERT IGNORE INTO VarianProduk (id_produk, sku, harga, stok) VALUES (65,'SKU000143', 975090.5, 61);
INSERT IGNORE INTO ProdukVarianAtribut (atribut_varian, sku, nilai) VALUES ('UKURAN', 'SKU000143', '41');
INSERT IGNORE INTO ProdukVarianAtribut (atribut_varian, sku, nilai) VALUES ('MATERIAL', 'SKU000143', 'Kulit Sintetis PU');
INSERT IGNORE INTO ProdukVarianAtribut (atribut_varian, sku, nilai) VALUES ('RAM', 'SKU000143', '4GB');
INSERT IGNORE INTO Produk (id_produk, id_penjual, nama, deskripsi) VALUES (66, 28, 'Envisioneer Mission-Critical Infrastructures Modern', 'Aperiam minus saepe repudiandae totam. Quae neque fuga quas cupiditate. Ullam consequatur laborum ipsa impedit quidem. Ut ipsum veniam consequuntur explicabo.');
INSERT IGNORE INTO VarianProduk (id_produk, sku, harga, stok) VALUES (66,'SKU000144', 146457.71, 114);
INSERT IGNORE INTO ProdukVarianAtribut (atribut_varian, sku, nilai) VALUES ('RESOLUSI_LAYAR', 'SKU000144', 'QHD');
INSERT IGNORE INTO ProdukVarianAtribut (atribut_varian, sku, nilai) VALUES ('UKURAN', 'SKU000144', 'XL');
INSERT IGNORE INTO VarianProduk (id_produk, sku, harga, stok) VALUES (66,'SKU000145', 2894612.35, 120);
INSERT IGNORE INTO ProdukVarianAtribut (atribut_varian, sku, nilai) VALUES ('JENIS_KAIN', 'SKU000145', 'Satin');
INSERT IGNORE INTO ProdukVarianAtribut (atribut_varian, sku, nilai) VALUES ('RESOLUSI_LAYAR', 'SKU000145', '4K');
INSERT IGNORE INTO ProdukVarianAtribut (atribut_varian, sku, nilai) VALUES ('RAM', 'SKU000145', '12GB');
INSERT IGNORE INTO Produk (id_produk, id_penjual, nama, deskripsi) VALUES (67, 16, 'Enhance Back-End Methodologies Premium', 'Ullam explicabo sequi iure eius eligendi sit vero. Nulla nam illum aliquid.');
INSERT IGNORE INTO VarianProduk (id_produk, sku, harga, stok) VALUES (67,'SKU000146', 104296.64, 33);
INSERT IGNORE INTO ProdukVarianAtribut (atribut_varian, sku, nilai) VALUES ('RAM', 'SKU000146', '32GB');
INSERT IGNORE INTO ProdukVarianAtribut (atribut_varian, sku, nilai) VALUES ('JENIS_KAIN', 'SKU000146', 'Flanel');
INSERT IGNORE INTO VarianProduk (id_produk, sku, harga, stok) VALUES (67,'SKU000147', 907740.04, 88);
INSERT IGNORE INTO ProdukVarianAtribut (atribut_varian, sku, nilai) VALUES ('WARNA', 'SKU000147', 'Hijau tua');
INSERT IGNORE INTO ProdukVarianAtribut (atribut_varian, sku, nilai) VALUES ('MATERIAL', 'SKU000147', 'Kulit Sintetis PU');
INSERT IGNORE INTO ProdukVarianAtribut (atribut_varian, sku, nilai) VALUES ('RESOLUSI_LAYAR', 'SKU000147', 'FHD');
INSERT IGNORE INTO VarianProduk (id_produk, sku, harga, stok) VALUES (67,'SKU000148', 2662507.45, 89);
INSERT IGNORE INTO ProdukVarianAtribut (atribut_varian, sku, nilai) VALUES ('STORAGE_INTERNAL', 'SKU000148', '128GB');
INSERT IGNORE INTO Produk (id_produk, id_penjual, nama, deskripsi) VALUES (68, 1, 'Architect Wireless Synergies Premium', 'Cum quia ex deleniti quo. Provident nam odio quod tempora quod explicabo. Tempore libero est architecto nihil.');
INSERT IGNORE INTO VarianProduk (id_produk, sku, harga, stok) VALUES (68,'SKU000149', 729716.77, 9);
INSERT IGNORE INTO ProdukVarianAtribut (atribut_varian, sku, nilai) VALUES ('JENIS_KAIN', 'SKU000149', 'Satin');
INSERT IGNORE INTO ProdukVarianAtribut (atribut_varian, sku, nilai) VALUES ('MATERIAL', 'SKU000149', 'Kulit Sintetis PU');
INSERT IGNORE INTO Produk (id_produk, id_penjual, nama, deskripsi) VALUES (69, 23, 'Expedite B2B Supply-Chains Edisi Terbatas', 'Nulla omnis mollitia suscipit voluptates. Est ipsa unde alias culpa beatae. Suscipit molestias nemo dignissimos quod cum.');
INSERT IGNORE INTO VarianProduk (id_produk, sku, harga, stok) VALUES (69,'SKU000150', 2904875.71, 75);
INSERT IGNORE INTO ProdukVarianAtribut (atribut_varian, sku, nilai) VALUES ('RESOLUSI_LAYAR', 'SKU000150', 'FHD');
INSERT IGNORE INTO ProdukVarianAtribut (atribut_varian, sku, nilai) VALUES ('UKURAN', 'SKU000150', '41');
INSERT IGNORE INTO VarianProduk (id_produk, sku, harga, stok) VALUES (69,'SKU000151', 1189479.01, 112);
INSERT IGNORE INTO ProdukVarianAtribut (atribut_varian, sku, nilai) VALUES ('MATERIAL', 'SKU000151', 'Polyester Blend');
INSERT IGNORE INTO VarianProduk (id_produk, sku, harga, stok) VALUES (69,'SKU000152', 1528877.52, 70);
INSERT IGNORE INTO ProdukVarianAtribut (atribut_varian, sku, nilai) VALUES ('JENIS_KAIN', 'SKU000152', 'Satin');
INSERT IGNORE INTO ProdukVarianAtribut (atribut_varian, sku, nilai) VALUES ('RESOLUSI_LAYAR', 'SKU000152', 'FHD');
INSERT IGNORE INTO Produk (id_produk, id_penjual, nama, deskripsi) VALUES (70, 5, 'Incentivize Interactive Markets Premium', 'Similique iure deserunt.');
INSERT IGNORE INTO VarianProduk (id_produk, sku, harga, stok) VALUES (70,'SKU000153', 2153626.53, 88);
INSERT IGNORE INTO ProdukVarianAtribut (atribut_varian, sku, nilai) VALUES ('RAM', 'SKU000153', '16GB');
INSERT IGNORE INTO VarianProduk (id_produk, sku, harga, stok) VALUES (70,'SKU000154', 966392.9, 74);
INSERT IGNORE INTO ProdukVarianAtribut (atribut_varian, sku, nilai) VALUES ('JENIS_KAIN', 'SKU000154', 'Rayon');
INSERT IGNORE INTO VarianProduk (id_produk, sku, harga, stok) VALUES (70,'SKU000155', 2815448.24, 148);
INSERT IGNORE INTO ProdukVarianAtribut (atribut_varian, sku, nilai) VALUES ('UKURAN', 'SKU000155', 'XL');
INSERT IGNORE INTO ProdukVarianAtribut (atribut_varian, sku, nilai) VALUES ('MATERIAL', 'SKU000155', 'Katun Combed 30s');
INSERT IGNORE INTO ProdukVarianAtribut (atribut_varian, sku, nilai) VALUES ('STORAGE_INTERNAL', 'SKU000155', '64GB');
INSERT IGNORE INTO Produk (id_produk, id_penjual, nama, deskripsi) VALUES (71, 29, 'Revolutionize Open-Source Partnerships Edisi Terbatas', 'Tempora esse necessitatibus libero tempora similique maiores. Quidem voluptas facere consectetur similique nam.');
INSERT IGNORE INTO VarianProduk (id_produk, sku, harga, stok) VALUES (71,'SKU000156', 656390.34, 100);
INSERT IGNORE INTO ProdukVarianAtribut (atribut_varian, sku, nilai) VALUES ('RESOLUSI_LAYAR', 'SKU000156', '4K');
INSERT IGNORE INTO ProdukVarianAtribut (atribut_varian, sku, nilai) VALUES ('MATERIAL', 'SKU000156', 'Kanvas Tebal');
INSERT IGNORE INTO VarianProduk (id_produk, sku, harga, stok) VALUES (71,'SKU000157', 652555.12, 27);
INSERT IGNORE INTO ProdukVarianAtribut (atribut_varian, sku, nilai) VALUES ('MATERIAL', 'SKU000157', 'Stainless Steel 304');
INSERT IGNORE INTO ProdukVarianAtribut (atribut_varian, sku, nilai) VALUES ('UKURAN', 'SKU000157', 'All Size');
INSERT IGNORE INTO VarianProduk (id_produk, sku, harga, stok) VALUES (71,'SKU000158', 2995648.5, 67);
INSERT IGNORE INTO ProdukVarianAtribut (atribut_varian, sku, nilai) VALUES ('RESOLUSI_LAYAR', 'SKU000158', 'HD');
INSERT IGNORE INTO Produk (id_produk, id_penjual, nama, deskripsi) VALUES (72, 23, 'Seize Granular Web-Readiness Modern', 'Quibusdam sequi delectus.');
INSERT IGNORE INTO VarianProduk (id_produk, sku, harga, stok) VALUES (72,'SKU000159', 225606.24, 3);
INSERT IGNORE INTO ProdukVarianAtribut (atribut_varian, sku, nilai) VALUES ('STORAGE_INTERNAL', 'SKU000159', '128GB');
INSERT IGNORE INTO ProdukVarianAtribut (atribut_varian, sku, nilai) VALUES ('UKURAN', 'SKU000159', 'L');
INSERT IGNORE INTO Produk (id_produk, id_penjual, nama, deskripsi) VALUES (73, 3, 'Disintermediate Magnetic E-Commerce Serbaguna', 'Ipsum officiis ducimus iste. Earum at sapiente maiores.');
INSERT IGNORE INTO VarianProduk (id_produk, sku, harga, stok) VALUES (73,'SKU000160', 2698731.64, 110);
INSERT IGNORE INTO ProdukVarianAtribut (atribut_varian, sku, nilai) VALUES ('MATERIAL', 'SKU000160', 'Plastik ABS Food Grade');
INSERT IGNORE INTO ProdukVarianAtribut (atribut_varian, sku, nilai) VALUES ('UKURAN', 'SKU000160', '39');
INSERT IGNORE INTO VarianProduk (id_produk, sku, harga, stok) VALUES (73,'SKU000161', 771686.51, 52);
INSERT IGNORE INTO ProdukVarianAtribut (atribut_varian, sku, nilai) VALUES ('WARNA', 'SKU000161', 'Biru dongker');
INSERT IGNORE INTO ProdukVarianAtribut (atribut_varian, sku, nilai) VALUES ('RESOLUSI_LAYAR', 'SKU000161', 'HD');
INSERT IGNORE INTO ProdukVarianAtribut (atribut_varian, sku, nilai) VALUES ('RAM', 'SKU000161', '4GB');
INSERT IGNORE INTO VarianProduk (id_produk, sku, harga, stok) VALUES (73,'SKU000162', 550245.67, 120);
INSERT IGNORE INTO ProdukVarianAtribut (atribut_varian, sku, nilai) VALUES ('WARNA', 'SKU000162', 'Merah');
INSERT IGNORE INTO ProdukVarianAtribut (atribut_varian, sku, nilai) VALUES ('JENIS_KAIN', 'SKU000162', 'Flanel');
INSERT IGNORE INTO Produk (id_produk, id_penjual, nama, deskripsi) VALUES (74, 13, 'Synthesize Dot-Com Users Premium', 'Quam consequatur consectetur reprehenderit deleniti.');
INSERT IGNORE INTO VarianProduk (id_produk, sku, harga, stok) VALUES (74,'SKU000163', 744398.29, 114);
INSERT IGNORE INTO ProdukVarianAtribut (atribut_varian, sku, nilai) VALUES ('MATERIAL', 'SKU000163', 'Polyester Blend');
INSERT IGNORE INTO ProdukVarianAtribut (atribut_varian, sku, nilai) VALUES ('WARNA', 'SKU000163', 'Ungu tua');
INSERT IGNORE INTO VarianProduk (id_produk, sku, harga, stok) VALUES (74,'SKU000164', 2686366.32, 96);
INSERT IGNORE INTO ProdukVarianAtribut (atribut_varian, sku, nilai) VALUES ('RAM', 'SKU000164', '4GB');
INSERT IGNORE INTO ProdukVarianAtribut (atribut_varian, sku, nilai) VALUES ('STORAGE_INTERNAL', 'SKU000164', '1TB');
INSERT IGNORE INTO Produk (id_produk, id_penjual, nama, deskripsi) VALUES (75, 1, 'Seize Dynamic Users Serbaguna', 'Provident nihil sapiente magni soluta iusto ut. Nihil doloremque excepturi ratione. Aspernatur ducimus autem tempora corporis delectus. Corrupti similique suscipit quis.');
INSERT IGNORE INTO VarianProduk (id_produk, sku, harga, stok) VALUES (75,'SKU000165', 1267798.07, 41);
INSERT IGNORE INTO ProdukVarianAtribut (atribut_varian, sku, nilai) VALUES ('RAM', 'SKU000165', '32GB');
INSERT IGNORE INTO ProdukVarianAtribut (atribut_varian, sku, nilai) VALUES ('JENIS_KAIN', 'SKU000165', 'Rayon');
INSERT IGNORE INTO Produk (id_produk, id_penjual, nama, deskripsi) VALUES (76, 22, 'Deploy Robust Functionalities Edisi Terbatas', 'Perspiciatis perferendis voluptatem aliquid dicta ratione sed blanditiis. Officia deserunt sapiente occaecati ipsum.');
INSERT IGNORE INTO VarianProduk (id_produk, sku, harga, stok) VALUES (76,'SKU000166', 2807055.41, 11);
INSERT IGNORE INTO ProdukVarianAtribut (atribut_varian, sku, nilai) VALUES ('STORAGE_INTERNAL', 'SKU000166', '64GB');
INSERT IGNORE INTO VarianProduk (id_produk, sku, harga, stok) VALUES (76,'SKU000167', 562729.22, 32);
INSERT IGNORE INTO ProdukVarianAtribut (atribut_varian, sku, nilai) VALUES ('STORAGE_INTERNAL', 'SKU000167', '1TB');
INSERT IGNORE INTO ProdukVarianAtribut (atribut_varian, sku, nilai) VALUES ('RESOLUSI_LAYAR', 'SKU000167', 'QHD');
INSERT IGNORE INTO Produk (id_produk, id_penjual, nama, deskripsi) VALUES (77, 20, 'Visualize Vertical Channels Serbaguna', 'Dolores ea laboriosam atque quibusdam repellendus nam. Velit blanditiis architecto cum.');
INSERT IGNORE INTO VarianProduk (id_produk, sku, harga, stok) VALUES (77,'SKU000168', 2141294.66, 146);
INSERT IGNORE INTO ProdukVarianAtribut (atribut_varian, sku, nilai) VALUES ('WARNA', 'SKU000168', 'Coklat');
INSERT IGNORE INTO ProdukVarianAtribut (atribut_varian, sku, nilai) VALUES ('JENIS_KAIN', 'SKU000168', 'Satin');
INSERT IGNORE INTO VarianProduk (id_produk, sku, harga, stok) VALUES (77,'SKU000169', 1555904.74, 57);
INSERT IGNORE INTO ProdukVarianAtribut (atribut_varian, sku, nilai) VALUES ('MATERIAL', 'SKU000169', 'Plastik ABS Food Grade');
INSERT IGNORE INTO VarianProduk (id_produk, sku, harga, stok) VALUES (77,'SKU000170', 732221.03, 109);
INSERT IGNORE INTO ProdukVarianAtribut (atribut_varian, sku, nilai) VALUES ('RAM', 'SKU000170', '16GB');
INSERT IGNORE INTO ProdukVarianAtribut (atribut_varian, sku, nilai) VALUES ('STORAGE_INTERNAL', 'SKU000170', '512GB');
INSERT IGNORE INTO ProdukVarianAtribut (atribut_varian, sku, nilai) VALUES ('MATERIAL', 'SKU000170', 'Polyester Blend');
INSERT IGNORE INTO Produk (id_produk, id_penjual, nama, deskripsi) VALUES (78, 43, 'Disintermediate B2C Methodologies Serbaguna', 'Repellat consectetur distinctio magni.');
INSERT IGNORE INTO VarianProduk (id_produk, sku, harga, stok) VALUES (78,'SKU000171', 921191.77, 50);
INSERT IGNORE INTO ProdukVarianAtribut (atribut_varian, sku, nilai) VALUES ('RAM', 'SKU000171', '12GB');
INSERT IGNORE INTO ProdukVarianAtribut (atribut_varian, sku, nilai) VALUES ('RESOLUSI_LAYAR', 'SKU000171', 'FHD');
INSERT IGNORE INTO ProdukVarianAtribut (atribut_varian, sku, nilai) VALUES ('JENIS_KAIN', 'SKU000171', 'Satin');
INSERT IGNORE INTO VarianProduk (id_produk, sku, harga, stok) VALUES (78,'SKU000172', 2545436.72, 105);
INSERT IGNORE INTO ProdukVarianAtribut (atribut_varian, sku, nilai) VALUES ('JENIS_KAIN', 'SKU000172', 'Rayon');
INSERT IGNORE INTO VarianProduk (id_produk, sku, harga, stok) VALUES (78,'SKU000173', 634604.63, 38);
INSERT IGNORE INTO ProdukVarianAtribut (atribut_varian, sku, nilai) VALUES ('STORAGE_INTERNAL', 'SKU000173', '256GB');
INSERT IGNORE INTO ProdukVarianAtribut (atribut_varian, sku, nilai) VALUES ('WARNA', 'SKU000173', 'Zaitun');
INSERT IGNORE INTO Produk (id_produk, id_penjual, nama, deskripsi) VALUES (79, 19, 'Monetize Next-Generation Portals Premium', 'Magni soluta dignissimos assumenda ad fuga. Eveniet accusamus maiores.');
INSERT IGNORE INTO VarianProduk (id_produk, sku, harga, stok) VALUES (79,'SKU000174', 269567.31, 73);
INSERT IGNORE INTO ProdukVarianAtribut (atribut_varian, sku, nilai) VALUES ('UKURAN', 'SKU000174', 'S');
INSERT IGNORE INTO VarianProduk (id_produk, sku, harga, stok) VALUES (79,'SKU000175', 765249.35, 2);
INSERT IGNORE INTO ProdukVarianAtribut (atribut_varian, sku, nilai) VALUES ('JENIS_KAIN', 'SKU000175', 'Rayon');
INSERT IGNORE INTO ProdukVarianAtribut (atribut_varian, sku, nilai) VALUES ('RAM', 'SKU000175', '16GB');
INSERT IGNORE INTO ProdukVarianAtribut (atribut_varian, sku, nilai) VALUES ('RESOLUSI_LAYAR', 'SKU000175', 'HD');
INSERT IGNORE INTO Produk (id_produk, id_penjual, nama, deskripsi) VALUES (80, 32, 'Enhance Vertical E-Tailers Serbaguna', 'Harum facilis fugiat quas facere ipsum. Totam deleniti fugiat veritatis quo eaque. Similique odio velit assumenda incidunt voluptatem vero sed. Incidunt accusantium vero nam.');
INSERT IGNORE INTO VarianProduk (id_produk, sku, harga, stok) VALUES (80,'SKU000176', 1552124.41, 20);
INSERT IGNORE INTO ProdukVarianAtribut (atribut_varian, sku, nilai) VALUES ('MATERIAL', 'SKU000176', 'Polyester Blend');
INSERT IGNORE INTO VarianProduk (id_produk, sku, harga, stok) VALUES (80,'SKU000177', 560597.77, 83);
INSERT IGNORE INTO ProdukVarianAtribut (atribut_varian, sku, nilai) VALUES ('RESOLUSI_LAYAR', 'SKU000177', 'QHD');
INSERT IGNORE INTO ProdukVarianAtribut (atribut_varian, sku, nilai) VALUES ('JENIS_KAIN', 'SKU000177', 'Flanel');
INSERT IGNORE INTO Produk (id_produk, id_penjual, nama, deskripsi) VALUES (81, 42, 'Generate Transparent Relationships Modern', 'In quod quia sed blanditiis consequatur sit.');
INSERT IGNORE INTO VarianProduk (id_produk, sku, harga, stok) VALUES (81,'SKU000178', 1759717.07, 99);
INSERT IGNORE INTO ProdukVarianAtribut (atribut_varian, sku, nilai) VALUES ('JENIS_KAIN', 'SKU000178', 'Satin');
INSERT IGNORE INTO ProdukVarianAtribut (atribut_varian, sku, nilai) VALUES ('RAM', 'SKU000178', '12GB');
INSERT IGNORE INTO VarianProduk (id_produk, sku, harga, stok) VALUES (81,'SKU000179', 48368.94, 44);
INSERT IGNORE INTO ProdukVarianAtribut (atribut_varian, sku, nilai) VALUES ('STORAGE_INTERNAL', 'SKU000179', '128GB');
INSERT IGNORE INTO ProdukVarianAtribut (atribut_varian, sku, nilai) VALUES ('RAM', 'SKU000179', '4GB');
INSERT IGNORE INTO VarianProduk (id_produk, sku, harga, stok) VALUES (81,'SKU000180', 1318497.71, 53);
INSERT IGNORE INTO ProdukVarianAtribut (atribut_varian, sku, nilai) VALUES ('WARNA', 'SKU000180', 'Ungu tua');
INSERT IGNORE INTO Produk (id_produk, id_penjual, nama, deskripsi) VALUES (82, 2, 'Seize End-To-End Metrics Premium', 'Ipsam assumenda distinctio provident nemo earum. Dolorum explicabo hic.');
INSERT IGNORE INTO VarianProduk (id_produk, sku, harga, stok) VALUES (82,'SKU000181', 1392475.66, 139);
INSERT IGNORE INTO ProdukVarianAtribut (atribut_varian, sku, nilai) VALUES ('STORAGE_INTERNAL', 'SKU000181', '512GB');
INSERT IGNORE INTO VarianProduk (id_produk, sku, harga, stok) VALUES (82,'SKU000182', 1195388.58, 32);
INSERT IGNORE INTO ProdukVarianAtribut (atribut_varian, sku, nilai) VALUES ('JENIS_KAIN', 'SKU000182', 'Flanel');
INSERT IGNORE INTO ProdukVarianAtribut (atribut_varian, sku, nilai) VALUES ('WARNA', 'SKU000182', 'Hijau muda');
INSERT IGNORE INTO ProdukVarianAtribut (atribut_varian, sku, nilai) VALUES ('UKURAN', 'SKU000182', 'XL');
INSERT IGNORE INTO Produk (id_produk, id_penjual, nama, deskripsi) VALUES (83, 27, 'Grow User-Centric Applications Modern', 'Porro consequuntur pariatur saepe placeat. Animi eum reiciendis suscipit. Architecto optio neque accusantium.');
INSERT IGNORE INTO VarianProduk (id_produk, sku, harga, stok) VALUES (83,'SKU000183', 996337.13, 12);
INSERT IGNORE INTO ProdukVarianAtribut (atribut_varian, sku, nilai) VALUES ('RAM', 'SKU000183', '16GB');
INSERT IGNORE INTO ProdukVarianAtribut (atribut_varian, sku, nilai) VALUES ('WARNA', 'SKU000183', 'Biru laut');
INSERT IGNORE INTO VarianProduk (id_produk, sku, harga, stok) VALUES (83,'SKU000184', 1590348.45, 14);
INSERT IGNORE INTO ProdukVarianAtribut (atribut_varian, sku, nilai) VALUES ('STORAGE_INTERNAL', 'SKU000184', '128GB');
INSERT IGNORE INTO Produk (id_produk, id_penjual, nama, deskripsi) VALUES (84, 12, 'Facilitate B2B Partnerships Premium', 'Numquam libero neque natus. Officiis optio officia libero at. Magnam officiis veniam illum.');
INSERT IGNORE INTO VarianProduk (id_produk, sku, harga, stok) VALUES (84,'SKU000185', 429829.65, 128);
INSERT IGNORE INTO ProdukVarianAtribut (atribut_varian, sku, nilai) VALUES ('RESOLUSI_LAYAR', 'SKU000185', 'FHD');
INSERT IGNORE INTO ProdukVarianAtribut (atribut_varian, sku, nilai) VALUES ('WARNA', 'SKU000185', 'Coklat tua');
INSERT IGNORE INTO Produk (id_produk, id_penjual, nama, deskripsi) VALUES (85, 32, 'Enable Back-End Platforms Premium', 'Sed laboriosam sapiente maxime qui. Laboriosam iure omnis porro expedita quo. Doloribus excepturi quis.');
INSERT IGNORE INTO VarianProduk (id_produk, sku, harga, stok) VALUES (85,'SKU000186', 2978410.17, 48);
INSERT IGNORE INTO ProdukVarianAtribut (atribut_varian, sku, nilai) VALUES ('UKURAN', 'SKU000186', '38');
INSERT IGNORE INTO VarianProduk (id_produk, sku, harga, stok) VALUES (85,'SKU000187', 310129.5, 85);
INSERT IGNORE INTO ProdukVarianAtribut (atribut_varian, sku, nilai) VALUES ('RESOLUSI_LAYAR', 'SKU000187', 'QHD');
INSERT IGNORE INTO VarianProduk (id_produk, sku, harga, stok) VALUES (85,'SKU000188', 2780945.35, 87);
INSERT IGNORE INTO ProdukVarianAtribut (atribut_varian, sku, nilai) VALUES ('STORAGE_INTERNAL', 'SKU000188', '256GB');
INSERT IGNORE INTO Produk (id_produk, id_penjual, nama, deskripsi) VALUES (86, 43, 'Leverage End-To-End Communities Serbaguna', 'Asperiores voluptas quo quae quas excepturi. Consequatur ad accusamus. Reiciendis quam natus doloremque. Aliquam itaque maxime dolorem quae.');
INSERT IGNORE INTO VarianProduk (id_produk, sku, harga, stok) VALUES (86,'SKU000189', 21772.4, 56);
INSERT IGNORE INTO ProdukVarianAtribut (atribut_varian, sku, nilai) VALUES ('JENIS_KAIN', 'SKU000189', 'Flanel');
INSERT IGNORE INTO ProdukVarianAtribut (atribut_varian, sku, nilai) VALUES ('STORAGE_INTERNAL', 'SKU000189', '512GB');
INSERT IGNORE INTO ProdukVarianAtribut (atribut_varian, sku, nilai) VALUES ('RAM', 'SKU000189', '8GB');
INSERT IGNORE INTO Produk (id_produk, id_penjual, nama, deskripsi) VALUES (87, 4, 'Deploy Best-Of-Breed Web-Readiness Modern', 'Itaque quidem fugit numquam commodi.');
INSERT IGNORE INTO VarianProduk (id_produk, sku, harga, stok) VALUES (87,'SKU000190', 2076365.21, 40);
INSERT IGNORE INTO ProdukVarianAtribut (atribut_varian, sku, nilai) VALUES ('UKURAN', 'SKU000190', '40');
INSERT IGNORE INTO ProdukVarianAtribut (atribut_varian, sku, nilai) VALUES ('JENIS_KAIN', 'SKU000190', 'Satin');
INSERT IGNORE INTO ProdukVarianAtribut (atribut_varian, sku, nilai) VALUES ('WARNA', 'SKU000190', 'Ungu tua');
INSERT IGNORE INTO VarianProduk (id_produk, sku, harga, stok) VALUES (87,'SKU000191', 501887.66, 34);
INSERT IGNORE INTO ProdukVarianAtribut (atribut_varian, sku, nilai) VALUES ('UKURAN', 'SKU000191', 'XL');
INSERT IGNORE INTO ProdukVarianAtribut (atribut_varian, sku, nilai) VALUES ('STORAGE_INTERNAL', 'SKU000191', '1TB');
INSERT IGNORE INTO Produk (id_produk, id_penjual, nama, deskripsi) VALUES (88, 27, 'Redefine Wireless Partnerships Modern', 'Ratione eaque maxime ut quibusdam. Aliquam impedit nisi quas sed mollitia. Quos dignissimos illo fugit quaerat laborum fugiat exercitationem. Praesentium praesentium error quidem porro quasi et maxime.');
INSERT IGNORE INTO VarianProduk (id_produk, sku, harga, stok) VALUES (88,'SKU000192', 846354.31, 85);
INSERT IGNORE INTO ProdukVarianAtribut (atribut_varian, sku, nilai) VALUES ('RESOLUSI_LAYAR', 'SKU000192', 'QHD');
INSERT IGNORE INTO Produk (id_produk, id_penjual, nama, deskripsi) VALUES (89, 15, 'Enhance Killer Relationships Edisi Terbatas', 'Modi voluptate neque repudiandae repudiandae excepturi eos. Laborum sapiente nulla voluptas. Quos nulla veniam aliquam excepturi est nihil. Animi quis distinctio consequatur hic quia. Maiores tempora rerum neque vero modi.');
INSERT IGNORE INTO VarianProduk (id_produk, sku, harga, stok) VALUES (89,'SKU000193', 1646184.08, 0);
INSERT IGNORE INTO ProdukVarianAtribut (atribut_varian, sku, nilai) VALUES ('RAM', 'SKU000193', '16GB');
INSERT IGNORE INTO VarianProduk (id_produk, sku, harga, stok) VALUES (89,'SKU000194', 496649.83, 9);
INSERT IGNORE INTO ProdukVarianAtribut (atribut_varian, sku, nilai) VALUES ('UKURAN', 'SKU000194', '42');
INSERT IGNORE INTO ProdukVarianAtribut (atribut_varian, sku, nilai) VALUES ('MATERIAL', 'SKU000194', 'Plastik ABS Food Grade');
INSERT IGNORE INTO Produk (id_produk, id_penjual, nama, deskripsi) VALUES (90, 47, 'Engineer Open-Source Action-Items Modern', 'Alias illum esse. Excepturi reprehenderit dolorum eveniet eos eius provident. Voluptatum omnis maxime illo.');
INSERT IGNORE INTO VarianProduk (id_produk, sku, harga, stok) VALUES (90,'SKU000195', 48503.22, 35);
INSERT IGNORE INTO ProdukVarianAtribut (atribut_varian, sku, nilai) VALUES ('JENIS_KAIN', 'SKU000195', 'Denim');
INSERT IGNORE INTO ProdukVarianAtribut (atribut_varian, sku, nilai) VALUES ('UKURAN', 'SKU000195', '39');
INSERT IGNORE INTO ProdukVarianAtribut (atribut_varian, sku, nilai) VALUES ('MATERIAL', 'SKU000195', 'Kulit Sintetis PU');
INSERT IGNORE INTO VarianProduk (id_produk, sku, harga, stok) VALUES (90,'SKU000196', 2018922.62, 0);
INSERT IGNORE INTO ProdukVarianAtribut (atribut_varian, sku, nilai) VALUES ('JENIS_KAIN', 'SKU000196', 'Satin');
INSERT IGNORE INTO ProdukVarianAtribut (atribut_varian, sku, nilai) VALUES ('STORAGE_INTERNAL', 'SKU000196', '512GB');
INSERT IGNORE INTO Produk (id_produk, id_penjual, nama, deskripsi) VALUES (91, 31, 'Engage Back-End Paradigms Edisi Terbatas', 'Possimus iste voluptatem magni beatae impedit accusantium et.');
INSERT IGNORE INTO VarianProduk (id_produk, sku, harga, stok) VALUES (91,'SKU000197', 2247250.36, 101);
INSERT IGNORE INTO ProdukVarianAtribut (atribut_varian, sku, nilai) VALUES ('RESOLUSI_LAYAR', 'SKU000197', 'QHD');
INSERT IGNORE INTO VarianProduk (id_produk, sku, harga, stok) VALUES (91,'SKU000198', 1883342.54, 62);
INSERT IGNORE INTO ProdukVarianAtribut (atribut_varian, sku, nilai) VALUES ('WARNA', 'SKU000198', 'Biru');
INSERT IGNORE INTO ProdukVarianAtribut (atribut_varian, sku, nilai) VALUES ('MATERIAL', 'SKU000198', 'Kanvas Tebal');
INSERT IGNORE INTO ProdukVarianAtribut (atribut_varian, sku, nilai) VALUES ('UKURAN', 'SKU000198', 'All Size');
INSERT IGNORE INTO VarianProduk (id_produk, sku, harga, stok) VALUES (91,'SKU000199', 1980416.58, 135);
INSERT IGNORE INTO ProdukVarianAtribut (atribut_varian, sku, nilai) VALUES ('UKURAN', 'SKU000199', 'S');
INSERT IGNORE INTO Produk (id_produk, id_penjual, nama, deskripsi) VALUES (92, 14, 'Whiteboard B2C Mindshare Premium', 'Nesciunt ab ratione impedit beatae. Repellendus officia ut in.');
INSERT IGNORE INTO VarianProduk (id_produk, sku, harga, stok) VALUES (92,'SKU000200', 2218898.44, 51);
INSERT IGNORE INTO ProdukVarianAtribut (atribut_varian, sku, nilai) VALUES ('RAM', 'SKU000200', '4GB');
INSERT IGNORE INTO ProdukVarianAtribut (atribut_varian, sku, nilai) VALUES ('JENIS_KAIN', 'SKU000200', 'Flanel');
INSERT IGNORE INTO VarianProduk (id_produk, sku, harga, stok) VALUES (92,'SKU000201', 75420.4, 109);
INSERT IGNORE INTO ProdukVarianAtribut (atribut_varian, sku, nilai) VALUES ('JENIS_KAIN', 'SKU000201', 'Flanel');
INSERT IGNORE INTO ProdukVarianAtribut (atribut_varian, sku, nilai) VALUES ('STORAGE_INTERNAL', 'SKU000201', '1TB');
INSERT IGNORE INTO Produk (id_produk, id_penjual, nama, deskripsi) VALUES (93, 10, 'Deploy World-Class Info-Mediaries Modern', 'Vitae hic inventore eum. Voluptatum quasi rerum doloribus perferendis. Dolores tempore facere facilis consequatur sint eligendi.');
INSERT IGNORE INTO VarianProduk (id_produk, sku, harga, stok) VALUES (93,'SKU000202', 2630438.6, 65);
INSERT IGNORE INTO ProdukVarianAtribut (atribut_varian, sku, nilai) VALUES ('UKURAN', 'SKU000202', 'XXL');
INSERT IGNORE INTO ProdukVarianAtribut (atribut_varian, sku, nilai) VALUES ('MATERIAL', 'SKU000202', 'Plastik ABS Food Grade');
INSERT IGNORE INTO ProdukVarianAtribut (atribut_varian, sku, nilai) VALUES ('RESOLUSI_LAYAR', 'SKU000202', 'FHD');
INSERT IGNORE INTO VarianProduk (id_produk, sku, harga, stok) VALUES (93,'SKU000203', 618423.84, 69);
INSERT IGNORE INTO ProdukVarianAtribut (atribut_varian, sku, nilai) VALUES ('RESOLUSI_LAYAR', 'SKU000203', 'QHD');
INSERT IGNORE INTO ProdukVarianAtribut (atribut_varian, sku, nilai) VALUES ('RAM', 'SKU000203', '16GB');
INSERT IGNORE INTO Produk (id_produk, id_penjual, nama, deskripsi) VALUES (94, 19, 'Empower Proactive Web Services Edisi Terbatas', 'Ex veniam neque voluptatem. Distinctio tempore hic est tempora debitis et nesciunt.');
INSERT IGNORE INTO VarianProduk (id_produk, sku, harga, stok) VALUES (94,'SKU000204', 370549.44, 16);
INSERT IGNORE INTO ProdukVarianAtribut (atribut_varian, sku, nilai) VALUES ('UKURAN', 'SKU000204', 'XL');
INSERT IGNORE INTO ProdukVarianAtribut (atribut_varian, sku, nilai) VALUES ('RAM', 'SKU000204', '4GB');
INSERT IGNORE INTO ProdukVarianAtribut (atribut_varian, sku, nilai) VALUES ('STORAGE_INTERNAL', 'SKU000204', '128GB');
INSERT IGNORE INTO VarianProduk (id_produk, sku, harga, stok) VALUES (94,'SKU000205', 1846174.35, 47);
INSERT IGNORE INTO ProdukVarianAtribut (atribut_varian, sku, nilai) VALUES ('MATERIAL', 'SKU000205', 'Kulit Sintetis PU');
INSERT IGNORE INTO ProdukVarianAtribut (atribut_varian, sku, nilai) VALUES ('WARNA', 'SKU000205', 'Biru dongker');
INSERT IGNORE INTO ProdukVarianAtribut (atribut_varian, sku, nilai) VALUES ('RESOLUSI_LAYAR', 'SKU000205', 'FHD');
INSERT IGNORE INTO VarianProduk (id_produk, sku, harga, stok) VALUES (94,'SKU000206', 2938565.92, 12);
INSERT IGNORE INTO ProdukVarianAtribut (atribut_varian, sku, nilai) VALUES ('STORAGE_INTERNAL', 'SKU000206', '1TB');
INSERT IGNORE INTO ProdukVarianAtribut (atribut_varian, sku, nilai) VALUES ('RAM', 'SKU000206', '12GB');
INSERT IGNORE INTO Produk (id_produk, id_penjual, nama, deskripsi) VALUES (95, 16, 'Unleash Distributed Methodologies Serbaguna', 'Labore consequuntur excepturi eaque. Velit placeat voluptatibus tempora velit.');
INSERT IGNORE INTO VarianProduk (id_produk, sku, harga, stok) VALUES (95,'SKU000207', 2164912.69, 32);
INSERT IGNORE INTO ProdukVarianAtribut (atribut_varian, sku, nilai) VALUES ('RESOLUSI_LAYAR', 'SKU000207', 'FHD');
INSERT IGNORE INTO ProdukVarianAtribut (atribut_varian, sku, nilai) VALUES ('UKURAN', 'SKU000207', '42');
INSERT IGNORE INTO VarianProduk (id_produk, sku, harga, stok) VALUES (95,'SKU000208', 406614.65, 150);
INSERT IGNORE INTO ProdukVarianAtribut (atribut_varian, sku, nilai) VALUES ('MATERIAL', 'SKU000208', 'Katun Combed 30s');
INSERT IGNORE INTO ProdukVarianAtribut (atribut_varian, sku, nilai) VALUES ('UKURAN', 'SKU000208', 'XXL');
INSERT IGNORE INTO ProdukVarianAtribut (atribut_varian, sku, nilai) VALUES ('RAM', 'SKU000208', '32GB');
INSERT IGNORE INTO Produk (id_produk, id_penjual, nama, deskripsi) VALUES (96, 45, 'Harness User-Centric E-Business Edisi Terbatas', 'Accusamus eaque eaque vero. Assumenda provident recusandae laborum a cum.');
INSERT IGNORE INTO VarianProduk (id_produk, sku, harga, stok) VALUES (96,'SKU000209', 2351119.52, 111);
INSERT IGNORE INTO ProdukVarianAtribut (atribut_varian, sku, nilai) VALUES ('JENIS_KAIN', 'SKU000209', 'Denim');
INSERT IGNORE INTO ProdukVarianAtribut (atribut_varian, sku, nilai) VALUES ('STORAGE_INTERNAL', 'SKU000209', '64GB');
INSERT IGNORE INTO VarianProduk (id_produk, sku, harga, stok) VALUES (96,'SKU000210', 1608557.23, 16);
INSERT IGNORE INTO ProdukVarianAtribut (atribut_varian, sku, nilai) VALUES ('RAM', 'SKU000210', '16GB');
INSERT IGNORE INTO ProdukVarianAtribut (atribut_varian, sku, nilai) VALUES ('RESOLUSI_LAYAR', 'SKU000210', '4K');
INSERT IGNORE INTO VarianProduk (id_produk, sku, harga, stok) VALUES (96,'SKU000211', 967252.31, 108);
INSERT IGNORE INTO ProdukVarianAtribut (atribut_varian, sku, nilai) VALUES ('WARNA', 'SKU000211', 'Kuning');
INSERT IGNORE INTO ProdukVarianAtribut (atribut_varian, sku, nilai) VALUES ('RAM', 'SKU000211', '12GB');
INSERT IGNORE INTO ProdukVarianAtribut (atribut_varian, sku, nilai) VALUES ('MATERIAL', 'SKU000211', 'Plastik ABS Food Grade');
INSERT IGNORE INTO Produk (id_produk, id_penjual, nama, deskripsi) VALUES (97, 29, 'Iterate Out-Of-The-Box Initiatives Edisi Terbatas', 'Deserunt dolorum voluptatum quam dolorum consectetur dignissimos. Incidunt optio labore dolor nobis ipsam error qui.');
INSERT IGNORE INTO VarianProduk (id_produk, sku, harga, stok) VALUES (97,'SKU000212', 1603151.46, 5);
INSERT IGNORE INTO ProdukVarianAtribut (atribut_varian, sku, nilai) VALUES ('STORAGE_INTERNAL', 'SKU000212', '128GB');
INSERT IGNORE INTO VarianProduk (id_produk, sku, harga, stok) VALUES (97,'SKU000213', 2390382.27, 58);
INSERT IGNORE INTO ProdukVarianAtribut (atribut_varian, sku, nilai) VALUES ('STORAGE_INTERNAL', 'SKU000213', '64GB');
INSERT IGNORE INTO ProdukVarianAtribut (atribut_varian, sku, nilai) VALUES ('UKURAN', 'SKU000213', '41');
INSERT IGNORE INTO Produk (id_produk, id_penjual, nama, deskripsi) VALUES (98, 5, 'Evolve B2B E-Services Serbaguna', 'Vero ad dolores amet corrupti. Autem modi provident quis.');
INSERT IGNORE INTO VarianProduk (id_produk, sku, harga, stok) VALUES (98,'SKU000214', 1919121.88, 22);
INSERT IGNORE INTO ProdukVarianAtribut (atribut_varian, sku, nilai) VALUES ('RESOLUSI_LAYAR', 'SKU000214', '4K');
INSERT IGNORE INTO VarianProduk (id_produk, sku, harga, stok) VALUES (98,'SKU000215', 2757650.37, 28);
INSERT IGNORE INTO ProdukVarianAtribut (atribut_varian, sku, nilai) VALUES ('JENIS_KAIN', 'SKU000215', 'Denim');
INSERT IGNORE INTO VarianProduk (id_produk, sku, harga, stok) VALUES (98,'SKU000216', 1711356.22, 42);
INSERT IGNORE INTO ProdukVarianAtribut (atribut_varian, sku, nilai) VALUES ('STORAGE_INTERNAL', 'SKU000216', '128GB');
INSERT IGNORE INTO ProdukVarianAtribut (atribut_varian, sku, nilai) VALUES ('MATERIAL', 'SKU000216', 'Plastik ABS Food Grade');
INSERT IGNORE INTO Produk (id_produk, id_penjual, nama, deskripsi) VALUES (99, 41, 'Revolutionize Viral Communities Serbaguna', 'Error ea perspiciatis voluptates. Molestiae quisquam omnis iure explicabo exercitationem.');
INSERT IGNORE INTO VarianProduk (id_produk, sku, harga, stok) VALUES (99,'SKU000217', 2434106.06, 16);
INSERT IGNORE INTO ProdukVarianAtribut (atribut_varian, sku, nilai) VALUES ('RAM', 'SKU000217', '32GB');
INSERT IGNORE INTO ProdukVarianAtribut (atribut_varian, sku, nilai) VALUES ('JENIS_KAIN', 'SKU000217', 'Satin');
INSERT IGNORE INTO Produk (id_produk, id_penjual, nama, deskripsi) VALUES (100, 34, 'Grow Wireless Technologies Serbaguna', 'Iure maiores esse quisquam eaque.');
INSERT IGNORE INTO VarianProduk (id_produk, sku, harga, stok) VALUES (100,'SKU000218', 1414301.25, 122);
INSERT IGNORE INTO ProdukVarianAtribut (atribut_varian, sku, nilai) VALUES ('STORAGE_INTERNAL', 'SKU000218', '64GB');
INSERT IGNORE INTO ProdukVarianAtribut (atribut_varian, sku, nilai) VALUES ('JENIS_KAIN', 'SKU000218', 'Satin');
INSERT IGNORE INTO ProdukVarianAtribut (atribut_varian, sku, nilai) VALUES ('RAM', 'SKU000218', '8GB');

-- Gambar
INSERT IGNORE INTO Gambar (id_gambar, gambar) VALUES (1, 'img/item/placeholder_1.jpg');
INSERT IGNORE INTO Gambar (id_gambar, gambar) VALUES (2, 'img/item/placeholder_2.jpg');
INSERT IGNORE INTO Gambar (id_gambar, gambar) VALUES (3, 'img/item/placeholder_3.jpg');
INSERT IGNORE INTO Gambar (id_gambar, gambar) VALUES (4, 'img/item/placeholder_4.jpg');
INSERT IGNORE INTO Gambar (id_gambar, gambar) VALUES (5, 'img/item/placeholder_5.jpg');
INSERT IGNORE INTO Gambar (id_gambar, gambar) VALUES (6, 'img/item/placeholder_6.jpg');
INSERT IGNORE INTO Gambar (id_gambar, gambar) VALUES (7, 'img/item/placeholder_7.jpg');
INSERT IGNORE INTO Gambar (id_gambar, gambar) VALUES (8, 'img/item/placeholder_8.jpg');
INSERT IGNORE INTO Gambar (id_gambar, gambar) VALUES (9, 'img/item/placeholder_9.jpg');
INSERT IGNORE INTO Gambar (id_gambar, gambar) VALUES (10, 'img/item/placeholder_10.jpg');
INSERT IGNORE INTO Gambar (id_gambar, gambar) VALUES (11, 'img/item/placeholder_11.jpg');
INSERT IGNORE INTO Gambar (id_gambar, gambar) VALUES (12, 'img/item/placeholder_12.jpg');
INSERT IGNORE INTO Gambar (id_gambar, gambar) VALUES (13, 'img/item/placeholder_13.jpg');
INSERT IGNORE INTO Gambar (id_gambar, gambar) VALUES (14, 'img/item/placeholder_14.jpg');
INSERT IGNORE INTO Gambar (id_gambar, gambar) VALUES (15, 'img/item/placeholder_15.jpg');
INSERT IGNORE INTO Gambar (id_gambar, gambar) VALUES (16, 'img/item/placeholder_16.jpg');
INSERT IGNORE INTO Gambar (id_gambar, gambar) VALUES (17, 'img/item/placeholder_17.jpg');
INSERT IGNORE INTO Gambar (id_gambar, gambar) VALUES (18, 'img/item/placeholder_18.jpg');
INSERT IGNORE INTO Gambar (id_gambar, gambar) VALUES (19, 'img/item/placeholder_19.jpg');
INSERT IGNORE INTO Gambar (id_gambar, gambar) VALUES (20, 'img/item/placeholder_20.jpg');
INSERT IGNORE INTO Gambar (id_gambar, gambar) VALUES (21, 'img/item/placeholder_21.jpg');
INSERT IGNORE INTO Gambar (id_gambar, gambar) VALUES (22, 'img/item/placeholder_22.jpg');
INSERT IGNORE INTO Gambar (id_gambar, gambar) VALUES (23, 'img/item/placeholder_23.jpg');
INSERT IGNORE INTO Gambar (id_gambar, gambar) VALUES (24, 'img/item/placeholder_24.jpg');
INSERT IGNORE INTO Gambar (id_gambar, gambar) VALUES (25, 'img/item/placeholder_25.jpg');
INSERT IGNORE INTO Gambar (id_gambar, gambar) VALUES (26, 'img/item/placeholder_26.jpg');
INSERT IGNORE INTO Gambar (id_gambar, gambar) VALUES (27, 'img/item/placeholder_27.jpg');
INSERT IGNORE INTO Gambar (id_gambar, gambar) VALUES (28, 'img/item/placeholder_28.jpg');
INSERT IGNORE INTO Gambar (id_gambar, gambar) VALUES (29, 'img/item/placeholder_29.jpg');
INSERT IGNORE INTO Gambar (id_gambar, gambar) VALUES (30, 'img/item/placeholder_30.jpg');
INSERT IGNORE INTO Gambar (id_gambar, gambar) VALUES (31, 'img/item/placeholder_31.jpg');
INSERT IGNORE INTO Gambar (id_gambar, gambar) VALUES (32, 'img/item/placeholder_32.jpg');
INSERT IGNORE INTO Gambar (id_gambar, gambar) VALUES (33, 'img/item/placeholder_33.jpg');
INSERT IGNORE INTO Gambar (id_gambar, gambar) VALUES (34, 'img/item/placeholder_34.jpg');
INSERT IGNORE INTO Gambar (id_gambar, gambar) VALUES (35, 'img/item/placeholder_35.jpg');
INSERT IGNORE INTO Gambar (id_gambar, gambar) VALUES (36, 'img/item/placeholder_36.jpg');
INSERT IGNORE INTO Gambar (id_gambar, gambar) VALUES (37, 'img/item/placeholder_37.jpg');
INSERT IGNORE INTO Gambar (id_gambar, gambar) VALUES (38, 'img/item/placeholder_38.jpg');
INSERT IGNORE INTO Gambar (id_gambar, gambar) VALUES (39, 'img/item/placeholder_39.jpg');
INSERT IGNORE INTO Gambar (id_gambar, gambar) VALUES (40, 'img/item/placeholder_40.jpg');
INSERT IGNORE INTO Gambar (id_gambar, gambar) VALUES (41, 'img/item/placeholder_41.jpg');
INSERT IGNORE INTO Gambar (id_gambar, gambar) VALUES (42, 'img/item/placeholder_42.jpg');
INSERT IGNORE INTO Gambar (id_gambar, gambar) VALUES (43, 'img/item/placeholder_43.jpg');
INSERT IGNORE INTO Gambar (id_gambar, gambar) VALUES (44, 'img/item/placeholder_44.jpg');
INSERT IGNORE INTO Gambar (id_gambar, gambar) VALUES (45, 'img/item/placeholder_45.jpg');
INSERT IGNORE INTO Gambar (id_gambar, gambar) VALUES (46, 'img/item/placeholder_46.jpg');
INSERT IGNORE INTO Gambar (id_gambar, gambar) VALUES (47, 'img/item/placeholder_47.jpg');
INSERT IGNORE INTO Gambar (id_gambar, gambar) VALUES (48, 'img/item/placeholder_48.jpg');
INSERT IGNORE INTO Gambar (id_gambar, gambar) VALUES (49, 'img/item/placeholder_49.jpg');
INSERT IGNORE INTO Gambar (id_gambar, gambar) VALUES (50, 'img/item/placeholder_50.jpg');
INSERT IGNORE INTO Gambar (id_gambar, gambar) VALUES (51, 'img/item/placeholder_51.jpg');
INSERT IGNORE INTO Gambar (id_gambar, gambar) VALUES (52, 'img/item/placeholder_52.jpg');
INSERT IGNORE INTO Gambar (id_gambar, gambar) VALUES (53, 'img/item/placeholder_53.jpg');
INSERT IGNORE INTO Gambar (id_gambar, gambar) VALUES (54, 'img/item/placeholder_54.jpg');
INSERT IGNORE INTO Gambar (id_gambar, gambar) VALUES (55, 'img/item/placeholder_55.jpg');
INSERT IGNORE INTO Gambar (id_gambar, gambar) VALUES (56, 'img/item/placeholder_56.jpg');
INSERT IGNORE INTO Gambar (id_gambar, gambar) VALUES (57, 'img/item/placeholder_57.jpg');
INSERT IGNORE INTO Gambar (id_gambar, gambar) VALUES (58, 'img/item/placeholder_58.jpg');
INSERT IGNORE INTO Gambar (id_gambar, gambar) VALUES (59, 'img/item/placeholder_59.jpg');
INSERT IGNORE INTO Gambar (id_gambar, gambar) VALUES (60, 'img/item/placeholder_60.jpg');
INSERT IGNORE INTO Gambar (id_gambar, gambar) VALUES (61, 'img/item/placeholder_61.jpg');
INSERT IGNORE INTO Gambar (id_gambar, gambar) VALUES (62, 'img/item/placeholder_62.jpg');
INSERT IGNORE INTO Gambar (id_gambar, gambar) VALUES (63, 'img/item/placeholder_63.jpg');
INSERT IGNORE INTO Gambar (id_gambar, gambar) VALUES (64, 'img/item/placeholder_64.jpg');
INSERT IGNORE INTO Gambar (id_gambar, gambar) VALUES (65, 'img/item/placeholder_65.jpg');
INSERT IGNORE INTO Gambar (id_gambar, gambar) VALUES (66, 'img/item/placeholder_66.jpg');
INSERT IGNORE INTO Gambar (id_gambar, gambar) VALUES (67, 'img/item/placeholder_67.jpg');
INSERT IGNORE INTO Gambar (id_gambar, gambar) VALUES (68, 'img/item/placeholder_68.jpg');
INSERT IGNORE INTO Gambar (id_gambar, gambar) VALUES (69, 'img/item/placeholder_69.jpg');
INSERT IGNORE INTO Gambar (id_gambar, gambar) VALUES (70, 'img/item/placeholder_70.jpg');
INSERT IGNORE INTO Gambar (id_gambar, gambar) VALUES (71, 'img/item/placeholder_71.jpg');
INSERT IGNORE INTO Gambar (id_gambar, gambar) VALUES (72, 'img/item/placeholder_72.jpg');
INSERT IGNORE INTO Gambar (id_gambar, gambar) VALUES (73, 'img/item/placeholder_73.jpg');
INSERT IGNORE INTO Gambar (id_gambar, gambar) VALUES (74, 'img/item/placeholder_74.jpg');
INSERT IGNORE INTO Gambar (id_gambar, gambar) VALUES (75, 'img/item/placeholder_75.jpg');
INSERT IGNORE INTO Gambar (id_gambar, gambar) VALUES (76, 'img/item/placeholder_76.jpg');
INSERT IGNORE INTO Gambar (id_gambar, gambar) VALUES (77, 'img/item/placeholder_77.jpg');
INSERT IGNORE INTO Gambar (id_gambar, gambar) VALUES (78, 'img/item/placeholder_78.jpg');
INSERT IGNORE INTO Gambar (id_gambar, gambar) VALUES (79, 'img/item/placeholder_79.jpg');
INSERT IGNORE INTO Gambar (id_gambar, gambar) VALUES (80, 'img/item/placeholder_80.jpg');
INSERT IGNORE INTO Gambar (id_gambar, gambar) VALUES (81, 'img/item/placeholder_81.jpg');
INSERT IGNORE INTO Gambar (id_gambar, gambar) VALUES (82, 'img/item/placeholder_82.jpg');
INSERT IGNORE INTO Gambar (id_gambar, gambar) VALUES (83, 'img/item/placeholder_83.jpg');
INSERT IGNORE INTO Gambar (id_gambar, gambar) VALUES (84, 'img/item/placeholder_84.jpg');
INSERT IGNORE INTO Gambar (id_gambar, gambar) VALUES (85, 'img/item/placeholder_85.jpg');
INSERT IGNORE INTO Gambar (id_gambar, gambar) VALUES (86, 'img/item/placeholder_86.jpg');
INSERT IGNORE INTO Gambar (id_gambar, gambar) VALUES (87, 'img/item/placeholder_87.jpg');
INSERT IGNORE INTO Gambar (id_gambar, gambar) VALUES (88, 'img/item/placeholder_88.jpg');
INSERT IGNORE INTO Gambar (id_gambar, gambar) VALUES (89, 'img/item/placeholder_89.jpg');
INSERT IGNORE INTO Gambar (id_gambar, gambar) VALUES (90, 'img/item/placeholder_90.jpg');
INSERT IGNORE INTO Gambar (id_gambar, gambar) VALUES (91, 'img/item/placeholder_91.jpg');
INSERT IGNORE INTO Gambar (id_gambar, gambar) VALUES (92, 'img/item/placeholder_92.jpg');
INSERT IGNORE INTO Gambar (id_gambar, gambar) VALUES (93, 'img/item/placeholder_93.jpg');
INSERT IGNORE INTO Gambar (id_gambar, gambar) VALUES (94, 'img/item/placeholder_94.jpg');
INSERT IGNORE INTO Gambar (id_gambar, gambar) VALUES (95, 'img/item/placeholder_95.jpg');
INSERT IGNORE INTO Gambar (id_gambar, gambar) VALUES (96, 'img/item/placeholder_96.jpg');
INSERT IGNORE INTO Gambar (id_gambar, gambar) VALUES (97, 'img/item/placeholder_97.jpg');
INSERT IGNORE INTO Gambar (id_gambar, gambar) VALUES (98, 'img/item/placeholder_98.jpg');
INSERT IGNORE INTO Gambar (id_gambar, gambar) VALUES (99, 'img/item/placeholder_99.jpg');
INSERT IGNORE INTO Gambar (id_gambar, gambar) VALUES (100, 'img/item/placeholder_100.jpg');
INSERT IGNORE INTO Gambar (id_gambar, gambar) VALUES (101, 'img/item/placeholder_101.jpg');
INSERT IGNORE INTO Gambar (id_gambar, gambar) VALUES (102, 'img/item/placeholder_102.jpg');
INSERT IGNORE INTO Gambar (id_gambar, gambar) VALUES (103, 'img/item/placeholder_103.jpg');
INSERT IGNORE INTO Gambar (id_gambar, gambar) VALUES (104, 'img/item/placeholder_104.jpg');
INSERT IGNORE INTO Gambar (id_gambar, gambar) VALUES (105, 'img/item/placeholder_105.jpg');
INSERT IGNORE INTO Gambar (id_gambar, gambar) VALUES (106, 'img/item/placeholder_106.jpg');
INSERT IGNORE INTO Gambar (id_gambar, gambar) VALUES (107, 'img/item/placeholder_107.jpg');
INSERT IGNORE INTO Gambar (id_gambar, gambar) VALUES (108, 'img/item/placeholder_108.jpg');
INSERT IGNORE INTO Gambar (id_gambar, gambar) VALUES (109, 'img/item/placeholder_109.jpg');
INSERT IGNORE INTO Gambar (id_gambar, gambar) VALUES (110, 'img/item/placeholder_110.jpg');
INSERT IGNORE INTO Gambar (id_gambar, gambar) VALUES (111, 'img/item/placeholder_111.jpg');
INSERT IGNORE INTO Gambar (id_gambar, gambar) VALUES (112, 'img/item/placeholder_112.jpg');
INSERT IGNORE INTO Gambar (id_gambar, gambar) VALUES (113, 'img/item/placeholder_113.jpg');
INSERT IGNORE INTO Gambar (id_gambar, gambar) VALUES (114, 'img/item/placeholder_114.jpg');
INSERT IGNORE INTO Gambar (id_gambar, gambar) VALUES (115, 'img/item/placeholder_115.jpg');
INSERT IGNORE INTO Gambar (id_gambar, gambar) VALUES (116, 'img/item/placeholder_116.jpg');
INSERT IGNORE INTO Gambar (id_gambar, gambar) VALUES (117, 'img/item/placeholder_117.jpg');
INSERT IGNORE INTO Gambar (id_gambar, gambar) VALUES (118, 'img/item/placeholder_118.jpg');
INSERT IGNORE INTO Gambar (id_gambar, gambar) VALUES (119, 'img/item/placeholder_119.jpg');
INSERT IGNORE INTO Gambar (id_gambar, gambar) VALUES (120, 'img/item/placeholder_120.jpg');
INSERT IGNORE INTO Gambar (id_gambar, gambar) VALUES (121, 'img/item/placeholder_121.jpg');
INSERT IGNORE INTO Gambar (id_gambar, gambar) VALUES (122, 'img/item/placeholder_122.jpg');
INSERT IGNORE INTO Gambar (id_gambar, gambar) VALUES (123, 'img/item/placeholder_123.jpg');
INSERT IGNORE INTO Gambar (id_gambar, gambar) VALUES (124, 'img/item/placeholder_124.jpg');
INSERT IGNORE INTO Gambar (id_gambar, gambar) VALUES (125, 'img/item/placeholder_125.jpg');
INSERT IGNORE INTO Gambar (id_gambar, gambar) VALUES (126, 'img/item/placeholder_126.jpg');
INSERT IGNORE INTO Gambar (id_gambar, gambar) VALUES (127, 'img/item/placeholder_127.jpg');
INSERT IGNORE INTO Gambar (id_gambar, gambar) VALUES (128, 'img/item/placeholder_128.jpg');
INSERT IGNORE INTO Gambar (id_gambar, gambar) VALUES (129, 'img/item/placeholder_129.jpg');
INSERT IGNORE INTO Gambar (id_gambar, gambar) VALUES (130, 'img/item/placeholder_130.jpg');
INSERT IGNORE INTO Gambar (id_gambar, gambar) VALUES (131, 'img/item/placeholder_131.jpg');
INSERT IGNORE INTO Gambar (id_gambar, gambar) VALUES (132, 'img/item/placeholder_132.jpg');
INSERT IGNORE INTO Gambar (id_gambar, gambar) VALUES (133, 'img/item/placeholder_133.jpg');
INSERT IGNORE INTO Gambar (id_gambar, gambar) VALUES (134, 'img/item/placeholder_134.jpg');
INSERT IGNORE INTO Gambar (id_gambar, gambar) VALUES (135, 'img/item/placeholder_135.jpg');
INSERT IGNORE INTO Gambar (id_gambar, gambar) VALUES (136, 'img/item/placeholder_136.jpg');
INSERT IGNORE INTO Gambar (id_gambar, gambar) VALUES (137, 'img/item/placeholder_137.jpg');
INSERT IGNORE INTO Gambar (id_gambar, gambar) VALUES (138, 'img/item/placeholder_138.jpg');
INSERT IGNORE INTO Gambar (id_gambar, gambar) VALUES (139, 'img/item/placeholder_139.jpg');
INSERT IGNORE INTO Gambar (id_gambar, gambar) VALUES (140, 'img/item/placeholder_140.jpg');
INSERT IGNORE INTO Gambar (id_gambar, gambar) VALUES (141, 'img/item/placeholder_141.jpg');
INSERT IGNORE INTO Gambar (id_gambar, gambar) VALUES (142, 'img/item/placeholder_142.jpg');
INSERT IGNORE INTO Gambar (id_gambar, gambar) VALUES (143, 'img/item/placeholder_143.jpg');
INSERT IGNORE INTO Gambar (id_gambar, gambar) VALUES (144, 'img/item/placeholder_144.jpg');
INSERT IGNORE INTO Gambar (id_gambar, gambar) VALUES (145, 'img/item/placeholder_145.jpg');
INSERT IGNORE INTO Gambar (id_gambar, gambar) VALUES (146, 'img/item/placeholder_146.jpg');
INSERT IGNORE INTO Gambar (id_gambar, gambar) VALUES (147, 'img/item/placeholder_147.jpg');
INSERT IGNORE INTO Gambar (id_gambar, gambar) VALUES (148, 'img/item/placeholder_148.jpg');
INSERT IGNORE INTO Gambar (id_gambar, gambar) VALUES (149, 'img/item/placeholder_149.jpg');
INSERT IGNORE INTO Gambar (id_gambar, gambar) VALUES (150, 'img/item/placeholder_150.jpg');
INSERT IGNORE INTO Gambar (id_gambar, gambar) VALUES (151, 'img/item/placeholder_151.jpg');
INSERT IGNORE INTO Gambar (id_gambar, gambar) VALUES (152, 'img/item/placeholder_152.jpg');
INSERT IGNORE INTO Gambar (id_gambar, gambar) VALUES (153, 'img/item/placeholder_153.jpg');
INSERT IGNORE INTO Gambar (id_gambar, gambar) VALUES (154, 'img/item/placeholder_154.jpg');
INSERT IGNORE INTO Gambar (id_gambar, gambar) VALUES (155, 'img/item/placeholder_155.jpg');
INSERT IGNORE INTO Gambar (id_gambar, gambar) VALUES (156, 'img/item/placeholder_156.jpg');
INSERT IGNORE INTO Gambar (id_gambar, gambar) VALUES (157, 'img/item/placeholder_157.jpg');
INSERT IGNORE INTO Gambar (id_gambar, gambar) VALUES (158, 'img/item/placeholder_158.jpg');
INSERT IGNORE INTO Gambar (id_gambar, gambar) VALUES (159, 'img/item/placeholder_159.jpg');
INSERT IGNORE INTO Gambar (id_gambar, gambar) VALUES (160, 'img/item/placeholder_160.jpg');
INSERT IGNORE INTO Gambar (id_gambar, gambar) VALUES (161, 'img/item/placeholder_161.jpg');
INSERT IGNORE INTO Gambar (id_gambar, gambar) VALUES (162, 'img/item/placeholder_162.jpg');
INSERT IGNORE INTO Gambar (id_gambar, gambar) VALUES (163, 'img/item/placeholder_163.jpg');
INSERT IGNORE INTO Gambar (id_gambar, gambar) VALUES (164, 'img/item/placeholder_164.jpg');
INSERT IGNORE INTO Gambar (id_gambar, gambar) VALUES (165, 'img/item/placeholder_165.jpg');
INSERT IGNORE INTO Gambar (id_gambar, gambar) VALUES (166, 'img/item/placeholder_166.jpg');
INSERT IGNORE INTO Gambar (id_gambar, gambar) VALUES (167, 'img/item/placeholder_167.jpg');
INSERT IGNORE INTO Gambar (id_gambar, gambar) VALUES (168, 'img/item/placeholder_168.jpg');
INSERT IGNORE INTO Gambar (id_gambar, gambar) VALUES (169, 'img/item/placeholder_169.jpg');
INSERT IGNORE INTO Gambar (id_gambar, gambar) VALUES (170, 'img/item/placeholder_170.jpg');
INSERT IGNORE INTO Gambar (id_gambar, gambar) VALUES (171, 'img/item/placeholder_171.jpg');
INSERT IGNORE INTO Gambar (id_gambar, gambar) VALUES (172, 'img/item/placeholder_172.jpg');
INSERT IGNORE INTO Gambar (id_gambar, gambar) VALUES (173, 'img/item/placeholder_173.jpg');
INSERT IGNORE INTO Gambar (id_gambar, gambar) VALUES (174, 'img/item/placeholder_174.jpg');
INSERT IGNORE INTO Gambar (id_gambar, gambar) VALUES (175, 'img/item/placeholder_175.jpg');
INSERT IGNORE INTO Gambar (id_gambar, gambar) VALUES (176, 'img/item/placeholder_176.jpg');
INSERT IGNORE INTO Gambar (id_gambar, gambar) VALUES (177, 'img/item/placeholder_177.jpg');
INSERT IGNORE INTO Gambar (id_gambar, gambar) VALUES (178, 'img/item/placeholder_178.jpg');
INSERT IGNORE INTO Gambar (id_gambar, gambar) VALUES (179, 'img/item/placeholder_179.jpg');
INSERT IGNORE INTO Gambar (id_gambar, gambar) VALUES (180, 'img/item/placeholder_180.jpg');
INSERT IGNORE INTO Gambar (id_gambar, gambar) VALUES (181, 'img/item/placeholder_181.jpg');
INSERT IGNORE INTO Gambar (id_gambar, gambar) VALUES (182, 'img/item/placeholder_182.jpg');
INSERT IGNORE INTO Gambar (id_gambar, gambar) VALUES (183, 'img/item/placeholder_183.jpg');
INSERT IGNORE INTO Gambar (id_gambar, gambar) VALUES (184, 'img/item/placeholder_184.jpg');
INSERT IGNORE INTO Gambar (id_gambar, gambar) VALUES (185, 'img/item/placeholder_185.jpg');
INSERT IGNORE INTO Gambar (id_gambar, gambar) VALUES (186, 'img/item/placeholder_186.jpg');
INSERT IGNORE INTO Gambar (id_gambar, gambar) VALUES (187, 'img/item/placeholder_187.jpg');
INSERT IGNORE INTO Gambar (id_gambar, gambar) VALUES (188, 'img/item/placeholder_188.jpg');
INSERT IGNORE INTO Gambar (id_gambar, gambar) VALUES (189, 'img/item/placeholder_189.jpg');
INSERT IGNORE INTO Gambar (id_gambar, gambar) VALUES (190, 'img/item/placeholder_190.jpg');
INSERT IGNORE INTO Gambar (id_gambar, gambar) VALUES (191, 'img/item/placeholder_191.jpg');
INSERT IGNORE INTO Gambar (id_gambar, gambar) VALUES (192, 'img/item/placeholder_192.jpg');
INSERT IGNORE INTO Gambar (id_gambar, gambar) VALUES (193, 'img/item/placeholder_193.jpg');
INSERT IGNORE INTO Gambar (id_gambar, gambar) VALUES (194, 'img/item/placeholder_194.jpg');
INSERT IGNORE INTO Gambar (id_gambar, gambar) VALUES (195, 'img/item/placeholder_195.jpg');
INSERT IGNORE INTO Gambar (id_gambar, gambar) VALUES (196, 'img/item/placeholder_196.jpg');
INSERT IGNORE INTO Gambar (id_gambar, gambar) VALUES (197, 'img/item/placeholder_197.jpg');
INSERT IGNORE INTO Gambar (id_gambar, gambar) VALUES (198, 'img/item/placeholder_198.jpg');
INSERT IGNORE INTO Gambar (id_gambar, gambar) VALUES (199, 'img/item/placeholder_199.jpg');
INSERT IGNORE INTO Gambar (id_gambar, gambar) VALUES (200, 'img/item/placeholder_200.jpg');

-- GambarProduk
INSERT IGNORE INTO GambarProduk (id_produk, id_gambar) VALUES (1, 188);
INSERT IGNORE INTO GambarProduk (id_produk, id_gambar) VALUES (2, 101);
INSERT IGNORE INTO GambarProduk (id_produk, id_gambar) VALUES (3, 184);
INSERT IGNORE INTO GambarProduk (id_produk, id_gambar) VALUES (4, 96);
INSERT IGNORE INTO GambarProduk (id_produk, id_gambar) VALUES (4, 38);
INSERT IGNORE INTO GambarProduk (id_produk, id_gambar) VALUES (5, 42);
INSERT IGNORE INTO GambarProduk (id_produk, id_gambar) VALUES (6, 101);
INSERT IGNORE INTO GambarProduk (id_produk, id_gambar) VALUES (6, 143);
INSERT IGNORE INTO GambarProduk (id_produk, id_gambar) VALUES (7, 183);
INSERT IGNORE INTO GambarProduk (id_produk, id_gambar) VALUES (7, 11);
INSERT IGNORE INTO GambarProduk (id_produk, id_gambar) VALUES (8, 31);
INSERT IGNORE INTO GambarProduk (id_produk, id_gambar) VALUES (8, 140);
INSERT IGNORE INTO GambarProduk (id_produk, id_gambar) VALUES (8, 141);
INSERT IGNORE INTO GambarProduk (id_produk, id_gambar) VALUES (9, 125);
INSERT IGNORE INTO GambarProduk (id_produk, id_gambar) VALUES (10, 60);
INSERT IGNORE INTO GambarProduk (id_produk, id_gambar) VALUES (11, 114);
INSERT IGNORE INTO GambarProduk (id_produk, id_gambar) VALUES (12, 74);
INSERT IGNORE INTO GambarProduk (id_produk, id_gambar) VALUES (12, 118);
INSERT IGNORE INTO GambarProduk (id_produk, id_gambar) VALUES (13, 172);
INSERT IGNORE INTO GambarProduk (id_produk, id_gambar) VALUES (13, 26);
INSERT IGNORE INTO GambarProduk (id_produk, id_gambar) VALUES (13, 138);
INSERT IGNORE INTO GambarProduk (id_produk, id_gambar) VALUES (14, 147);
INSERT IGNORE INTO GambarProduk (id_produk, id_gambar) VALUES (14, 87);
INSERT IGNORE INTO GambarProduk (id_produk, id_gambar) VALUES (15, 29);
INSERT IGNORE INTO GambarProduk (id_produk, id_gambar) VALUES (16, 11);
INSERT IGNORE INTO GambarProduk (id_produk, id_gambar) VALUES (16, 37);
INSERT IGNORE INTO GambarProduk (id_produk, id_gambar) VALUES (17, 36);
INSERT IGNORE INTO GambarProduk (id_produk, id_gambar) VALUES (17, 159);
INSERT IGNORE INTO GambarProduk (id_produk, id_gambar) VALUES (17, 112);
INSERT IGNORE INTO GambarProduk (id_produk, id_gambar) VALUES (18, 130);
INSERT IGNORE INTO GambarProduk (id_produk, id_gambar) VALUES (18, 183);
INSERT IGNORE INTO GambarProduk (id_produk, id_gambar) VALUES (19, 39);
INSERT IGNORE INTO GambarProduk (id_produk, id_gambar) VALUES (20, 125);
INSERT IGNORE INTO GambarProduk (id_produk, id_gambar) VALUES (20, 157);
INSERT IGNORE INTO GambarProduk (id_produk, id_gambar) VALUES (21, 184);
INSERT IGNORE INTO GambarProduk (id_produk, id_gambar) VALUES (21, 106);
INSERT IGNORE INTO GambarProduk (id_produk, id_gambar) VALUES (21, 98);
INSERT IGNORE INTO GambarProduk (id_produk, id_gambar) VALUES (22, 30);
INSERT IGNORE INTO GambarProduk (id_produk, id_gambar) VALUES (23, 53);
INSERT IGNORE INTO GambarProduk (id_produk, id_gambar) VALUES (23, 164);
INSERT IGNORE INTO GambarProduk (id_produk, id_gambar) VALUES (24, 67);
INSERT IGNORE INTO GambarProduk (id_produk, id_gambar) VALUES (24, 5);
INSERT IGNORE INTO GambarProduk (id_produk, id_gambar) VALUES (25, 93);
INSERT IGNORE INTO GambarProduk (id_produk, id_gambar) VALUES (25, 98);
INSERT IGNORE INTO GambarProduk (id_produk, id_gambar) VALUES (25, 150);
INSERT IGNORE INTO GambarProduk (id_produk, id_gambar) VALUES (26, 5);
INSERT IGNORE INTO GambarProduk (id_produk, id_gambar) VALUES (26, 52);
INSERT IGNORE INTO GambarProduk (id_produk, id_gambar) VALUES (26, 30);
INSERT IGNORE INTO GambarProduk (id_produk, id_gambar) VALUES (27, 125);
INSERT IGNORE INTO GambarProduk (id_produk, id_gambar) VALUES (28, 18);
INSERT IGNORE INTO GambarProduk (id_produk, id_gambar) VALUES (28, 123);
INSERT IGNORE INTO GambarProduk (id_produk, id_gambar) VALUES (28, 130);
INSERT IGNORE INTO GambarProduk (id_produk, id_gambar) VALUES (29, 107);
INSERT IGNORE INTO GambarProduk (id_produk, id_gambar) VALUES (30, 53);
INSERT IGNORE INTO GambarProduk (id_produk, id_gambar) VALUES (31, 128);
INSERT IGNORE INTO GambarProduk (id_produk, id_gambar) VALUES (32, 96);
INSERT IGNORE INTO GambarProduk (id_produk, id_gambar) VALUES (33, 34);
INSERT IGNORE INTO GambarProduk (id_produk, id_gambar) VALUES (34, 162);
INSERT IGNORE INTO GambarProduk (id_produk, id_gambar) VALUES (34, 93);
INSERT IGNORE INTO GambarProduk (id_produk, id_gambar) VALUES (35, 10);
INSERT IGNORE INTO GambarProduk (id_produk, id_gambar) VALUES (36, 8);
INSERT IGNORE INTO GambarProduk (id_produk, id_gambar) VALUES (36, 160);
INSERT IGNORE INTO GambarProduk (id_produk, id_gambar) VALUES (36, 74);
INSERT IGNORE INTO GambarProduk (id_produk, id_gambar) VALUES (37, 162);
INSERT IGNORE INTO GambarProduk (id_produk, id_gambar) VALUES (37, 160);
INSERT IGNORE INTO GambarProduk (id_produk, id_gambar) VALUES (38, 134);
INSERT IGNORE INTO GambarProduk (id_produk, id_gambar) VALUES (39, 57);
INSERT IGNORE INTO GambarProduk (id_produk, id_gambar) VALUES (39, 175);
INSERT IGNORE INTO GambarProduk (id_produk, id_gambar) VALUES (40, 170);
INSERT IGNORE INTO GambarProduk (id_produk, id_gambar) VALUES (40, 39);
INSERT IGNORE INTO GambarProduk (id_produk, id_gambar) VALUES (40, 38);
INSERT IGNORE INTO GambarProduk (id_produk, id_gambar) VALUES (41, 7);
INSERT IGNORE INTO GambarProduk (id_produk, id_gambar) VALUES (42, 155);
INSERT IGNORE INTO GambarProduk (id_produk, id_gambar) VALUES (42, 197);
INSERT IGNORE INTO GambarProduk (id_produk, id_gambar) VALUES (42, 63);
INSERT IGNORE INTO GambarProduk (id_produk, id_gambar) VALUES (43, 111);
INSERT IGNORE INTO GambarProduk (id_produk, id_gambar) VALUES (43, 90);
INSERT IGNORE INTO GambarProduk (id_produk, id_gambar) VALUES (43, 4);
INSERT IGNORE INTO GambarProduk (id_produk, id_gambar) VALUES (44, 179);
INSERT IGNORE INTO GambarProduk (id_produk, id_gambar) VALUES (45, 20);
INSERT IGNORE INTO GambarProduk (id_produk, id_gambar) VALUES (45, 96);
INSERT IGNORE INTO GambarProduk (id_produk, id_gambar) VALUES (46, 7);
INSERT IGNORE INTO GambarProduk (id_produk, id_gambar) VALUES (47, 183);
INSERT IGNORE INTO GambarProduk (id_produk, id_gambar) VALUES (48, 22);
INSERT IGNORE INTO GambarProduk (id_produk, id_gambar) VALUES (48, 39);
INSERT IGNORE INTO GambarProduk (id_produk, id_gambar) VALUES (49, 197);
INSERT IGNORE INTO GambarProduk (id_produk, id_gambar) VALUES (50, 4);
INSERT IGNORE INTO GambarProduk (id_produk, id_gambar) VALUES (50, 155);
INSERT IGNORE INTO GambarProduk (id_produk, id_gambar) VALUES (51, 150);
INSERT IGNORE INTO GambarProduk (id_produk, id_gambar) VALUES (52, 131);
INSERT IGNORE INTO GambarProduk (id_produk, id_gambar) VALUES (53, 103);
INSERT IGNORE INTO GambarProduk (id_produk, id_gambar) VALUES (53, 161);
INSERT IGNORE INTO GambarProduk (id_produk, id_gambar) VALUES (53, 53);
INSERT IGNORE INTO GambarProduk (id_produk, id_gambar) VALUES (54, 133);
INSERT IGNORE INTO GambarProduk (id_produk, id_gambar) VALUES (55, 118);
INSERT IGNORE INTO GambarProduk (id_produk, id_gambar) VALUES (56, 1);
INSERT IGNORE INTO GambarProduk (id_produk, id_gambar) VALUES (56, 54);
INSERT IGNORE INTO GambarProduk (id_produk, id_gambar) VALUES (57, 59);
INSERT IGNORE INTO GambarProduk (id_produk, id_gambar) VALUES (58, 179);
INSERT IGNORE INTO GambarProduk (id_produk, id_gambar) VALUES (59, 126);
INSERT IGNORE INTO GambarProduk (id_produk, id_gambar) VALUES (60, 135);
INSERT IGNORE INTO GambarProduk (id_produk, id_gambar) VALUES (61, 11);
INSERT IGNORE INTO GambarProduk (id_produk, id_gambar) VALUES (61, 163);
INSERT IGNORE INTO GambarProduk (id_produk, id_gambar) VALUES (61, 176);
INSERT IGNORE INTO GambarProduk (id_produk, id_gambar) VALUES (62, 136);
INSERT IGNORE INTO GambarProduk (id_produk, id_gambar) VALUES (63, 187);
INSERT IGNORE INTO GambarProduk (id_produk, id_gambar) VALUES (63, 125);
INSERT IGNORE INTO GambarProduk (id_produk, id_gambar) VALUES (64, 76);
INSERT IGNORE INTO GambarProduk (id_produk, id_gambar) VALUES (64, 197);
INSERT IGNORE INTO GambarProduk (id_produk, id_gambar) VALUES (65, 31);
INSERT IGNORE INTO GambarProduk (id_produk, id_gambar) VALUES (65, 163);
INSERT IGNORE INTO GambarProduk (id_produk, id_gambar) VALUES (66, 184);
INSERT IGNORE INTO GambarProduk (id_produk, id_gambar) VALUES (66, 88);
INSERT IGNORE INTO GambarProduk (id_produk, id_gambar) VALUES (66, 34);
INSERT IGNORE INTO GambarProduk (id_produk, id_gambar) VALUES (67, 189);
INSERT IGNORE INTO GambarProduk (id_produk, id_gambar) VALUES (67, 84);
INSERT IGNORE INTO GambarProduk (id_produk, id_gambar) VALUES (67, 13);
INSERT IGNORE INTO GambarProduk (id_produk, id_gambar) VALUES (68, 148);
INSERT IGNORE INTO GambarProduk (id_produk, id_gambar) VALUES (68, 97);
INSERT IGNORE INTO GambarProduk (id_produk, id_gambar) VALUES (68, 184);
INSERT IGNORE INTO GambarProduk (id_produk, id_gambar) VALUES (69, 42);
INSERT IGNORE INTO GambarProduk (id_produk, id_gambar) VALUES (70, 95);
INSERT IGNORE INTO GambarProduk (id_produk, id_gambar) VALUES (70, 183);
INSERT IGNORE INTO GambarProduk (id_produk, id_gambar) VALUES (70, 31);
INSERT IGNORE INTO GambarProduk (id_produk, id_gambar) VALUES (71, 86);
INSERT IGNORE INTO GambarProduk (id_produk, id_gambar) VALUES (71, 82);
INSERT IGNORE INTO GambarProduk (id_produk, id_gambar) VALUES (71, 29);
INSERT IGNORE INTO GambarProduk (id_produk, id_gambar) VALUES (72, 4);
INSERT IGNORE INTO GambarProduk (id_produk, id_gambar) VALUES (72, 96);
INSERT IGNORE INTO GambarProduk (id_produk, id_gambar) VALUES (72, 15);
INSERT IGNORE INTO GambarProduk (id_produk, id_gambar) VALUES (73, 184);
INSERT IGNORE INTO GambarProduk (id_produk, id_gambar) VALUES (73, 56);
INSERT IGNORE INTO GambarProduk (id_produk, id_gambar) VALUES (74, 78);
INSERT IGNORE INTO GambarProduk (id_produk, id_gambar) VALUES (75, 47);
INSERT IGNORE INTO GambarProduk (id_produk, id_gambar) VALUES (76, 40);
INSERT IGNORE INTO GambarProduk (id_produk, id_gambar) VALUES (76, 28);
INSERT IGNORE INTO GambarProduk (id_produk, id_gambar) VALUES (76, 18);
INSERT IGNORE INTO GambarProduk (id_produk, id_gambar) VALUES (77, 81);
INSERT IGNORE INTO GambarProduk (id_produk, id_gambar) VALUES (78, 155);
INSERT IGNORE INTO GambarProduk (id_produk, id_gambar) VALUES (78, 112);
INSERT IGNORE INTO GambarProduk (id_produk, id_gambar) VALUES (78, 27);
INSERT IGNORE INTO GambarProduk (id_produk, id_gambar) VALUES (79, 193);
INSERT IGNORE INTO GambarProduk (id_produk, id_gambar) VALUES (79, 42);
INSERT IGNORE INTO GambarProduk (id_produk, id_gambar) VALUES (79, 137);
INSERT IGNORE INTO GambarProduk (id_produk, id_gambar) VALUES (80, 36);
INSERT IGNORE INTO GambarProduk (id_produk, id_gambar) VALUES (80, 2);
INSERT IGNORE INTO GambarProduk (id_produk, id_gambar) VALUES (80, 160);
INSERT IGNORE INTO GambarProduk (id_produk, id_gambar) VALUES (81, 173);
INSERT IGNORE INTO GambarProduk (id_produk, id_gambar) VALUES (82, 51);
INSERT IGNORE INTO GambarProduk (id_produk, id_gambar) VALUES (83, 125);
INSERT IGNORE INTO GambarProduk (id_produk, id_gambar) VALUES (83, 36);
INSERT IGNORE INTO GambarProduk (id_produk, id_gambar) VALUES (84, 166);
INSERT IGNORE INTO GambarProduk (id_produk, id_gambar) VALUES (85, 42);
INSERT IGNORE INTO GambarProduk (id_produk, id_gambar) VALUES (85, 114);
INSERT IGNORE INTO GambarProduk (id_produk, id_gambar) VALUES (86, 140);
INSERT IGNORE INTO GambarProduk (id_produk, id_gambar) VALUES (87, 91);
INSERT IGNORE INTO GambarProduk (id_produk, id_gambar) VALUES (88, 98);
INSERT IGNORE INTO GambarProduk (id_produk, id_gambar) VALUES (89, 146);
INSERT IGNORE INTO GambarProduk (id_produk, id_gambar) VALUES (90, 120);
INSERT IGNORE INTO GambarProduk (id_produk, id_gambar) VALUES (90, 13);
INSERT IGNORE INTO GambarProduk (id_produk, id_gambar) VALUES (90, 68);
INSERT IGNORE INTO GambarProduk (id_produk, id_gambar) VALUES (91, 199);
INSERT IGNORE INTO GambarProduk (id_produk, id_gambar) VALUES (91, 35);
INSERT IGNORE INTO GambarProduk (id_produk, id_gambar) VALUES (92, 42);
INSERT IGNORE INTO GambarProduk (id_produk, id_gambar) VALUES (92, 113);
INSERT IGNORE INTO GambarProduk (id_produk, id_gambar) VALUES (93, 143);
INSERT IGNORE INTO GambarProduk (id_produk, id_gambar) VALUES (93, 12);
INSERT IGNORE INTO GambarProduk (id_produk, id_gambar) VALUES (94, 96);
INSERT IGNORE INTO GambarProduk (id_produk, id_gambar) VALUES (95, 61);
INSERT IGNORE INTO GambarProduk (id_produk, id_gambar) VALUES (96, 174);
INSERT IGNORE INTO GambarProduk (id_produk, id_gambar) VALUES (96, 100);
INSERT IGNORE INTO GambarProduk (id_produk, id_gambar) VALUES (96, 86);
INSERT IGNORE INTO GambarProduk (id_produk, id_gambar) VALUES (97, 42);
INSERT IGNORE INTO GambarProduk (id_produk, id_gambar) VALUES (97, 149);
INSERT IGNORE INTO GambarProduk (id_produk, id_gambar) VALUES (98, 86);
INSERT IGNORE INTO GambarProduk (id_produk, id_gambar) VALUES (98, 19);
INSERT IGNORE INTO GambarProduk (id_produk, id_gambar) VALUES (99, 128);
INSERT IGNORE INTO GambarProduk (id_produk, id_gambar) VALUES (99, 127);
INSERT IGNORE INTO GambarProduk (id_produk, id_gambar) VALUES (100, 191);
INSERT IGNORE INTO GambarProduk (id_produk, id_gambar) VALUES (100, 155);
INSERT IGNORE INTO GambarProduk (id_produk, id_gambar) VALUES (100, 78);

-- Tag
INSERT IGNORE INTO Tag (id_tag, nama) VALUES (1, 'Elektronik');
INSERT IGNORE INTO Tag (id_tag, nama) VALUES (2, 'Fashion Pria');
INSERT IGNORE INTO Tag (id_tag, nama) VALUES (3, 'Fashion Wanita');
INSERT IGNORE INTO Tag (id_tag, nama) VALUES (4, 'Rumah Tangga');
INSERT IGNORE INTO Tag (id_tag, nama) VALUES (5, 'Kesehatan');
INSERT IGNORE INTO Tag (id_tag, nama) VALUES (6, 'Kecantikan');
INSERT IGNORE INTO Tag (id_tag, nama) VALUES (7, 'Mainan Anak');
INSERT IGNORE INTO Tag (id_tag, nama) VALUES (8, 'Buku & Alat Tulis');
INSERT IGNORE INTO Tag (id_tag, nama) VALUES (9, 'Olahraga & Outdoor');
INSERT IGNORE INTO Tag (id_tag, nama) VALUES (10, 'Otomotif Parts');
INSERT IGNORE INTO Tag (id_tag, nama) VALUES (11, 'Voucher Digital');
INSERT IGNORE INTO Tag (id_tag, nama) VALUES (12, 'Hobi & Koleksi');
INSERT IGNORE INTO Tag (id_tag, nama) VALUES (13, 'Makanan & Minuman');
INSERT IGNORE INTO Tag (id_tag, nama) VALUES (14, 'Perlengkapan Bayi');
INSERT IGNORE INTO Tag (id_tag, nama) VALUES (15, 'Komputer & Aksesoris');
INSERT IGNORE INTO Tag (id_tag, nama) VALUES (16, 'Handphone & Tablet');
INSERT IGNORE INTO Tag (id_tag, nama) VALUES (17, 'Robust Zero Tolerance Projection 17');
INSERT IGNORE INTO Tag (id_tag, nama) VALUES (18, 'Fundamental 6Thgeneration Encoding 18');
INSERT IGNORE INTO Tag (id_tag, nama) VALUES (19, 'Multi-Channeled Neutral Concept 19');
INSERT IGNORE INTO Tag (id_tag, nama) VALUES (20, 'Pre-Emptive 24/7 Budgetary Management 20');
INSERT IGNORE INTO Tag (id_tag, nama) VALUES (21, 'Self-Enabling Dynamic Service-Desk 21');
INSERT IGNORE INTO Tag (id_tag, nama) VALUES (22, 'Integrated Empowering Intranet 22');
INSERT IGNORE INTO Tag (id_tag, nama) VALUES (23, 'Proactive Leadingedge Project 23');
INSERT IGNORE INTO Tag (id_tag, nama) VALUES (24, 'De-Engineered Heuristic Definition 24');
INSERT IGNORE INTO Tag (id_tag, nama) VALUES (25, 'Object-Based Contextually-Based Interface 25');
INSERT IGNORE INTO Tag (id_tag, nama) VALUES (26, 'Synergistic Heuristic Website 26');
INSERT IGNORE INTO Tag (id_tag, nama) VALUES (27, 'Down-Sized Leadingedge Process Improvement 27');
INSERT IGNORE INTO Tag (id_tag, nama) VALUES (28, 'Front-Line Asynchronous Hardware 28');
INSERT IGNORE INTO Tag (id_tag, nama) VALUES (29, 'Enterprise-Wide Interactive Synergy 29');
INSERT IGNORE INTO Tag (id_tag, nama) VALUES (30, 'Fundamental Needs-Based Initiative 30');
INSERT IGNORE INTO Tag (id_tag, nama) VALUES (31, 'Multi-Channeled Static Hub 31');
INSERT IGNORE INTO Tag (id_tag, nama) VALUES (32, 'Horizontal Solution-Oriented System Engine 32');
INSERT IGNORE INTO Tag (id_tag, nama) VALUES (33, 'Distributed Mobile Paradigm 33');
INSERT IGNORE INTO Tag (id_tag, nama) VALUES (34, 'Extended Optimizing Utilization 34');
INSERT IGNORE INTO Tag (id_tag, nama) VALUES (35, 'Enhanced Client-Server Open Architecture 35');
INSERT IGNORE INTO Tag (id_tag, nama) VALUES (36, 'Networked Fresh-Thinking Matrices 36');
INSERT IGNORE INTO Tag (id_tag, nama) VALUES (37, 'Adaptive Secondary Projection 37');
INSERT IGNORE INTO Tag (id_tag, nama) VALUES (38, 'Secured Client-Server Moratorium 38');
INSERT IGNORE INTO Tag (id_tag, nama) VALUES (39, 'Programmable 5Thgeneration Support 39');
INSERT IGNORE INTO Tag (id_tag, nama) VALUES (40, 'Re-Contextualized Discrete Hub 40');
INSERT IGNORE INTO Tag (id_tag, nama) VALUES (41, 'Open-Source Global Throughput 41');
INSERT IGNORE INTO Tag (id_tag, nama) VALUES (42, 'Universal Dynamic Framework 42');
INSERT IGNORE INTO Tag (id_tag, nama) VALUES (43, 'Future-Proofed Stable Superstructure 43');
INSERT IGNORE INTO Tag (id_tag, nama) VALUES (44, 'Diverse Client-Driven Architecture 44');
INSERT IGNORE INTO Tag (id_tag, nama) VALUES (45, 'Automated Exuding Monitoring 45');
INSERT IGNORE INTO Tag (id_tag, nama) VALUES (46, 'Ergonomic Context-Sensitive Firmware 46');
INSERT IGNORE INTO Tag (id_tag, nama) VALUES (47, 'Grass-Roots Disintermediate Orchestration 47');
INSERT IGNORE INTO Tag (id_tag, nama) VALUES (48, 'Robust Real-Time Frame 48');
INSERT IGNORE INTO Tag (id_tag, nama) VALUES (49, 'Reverse-Engineered Zero Administration Superstructure 49');
INSERT IGNORE INTO Tag (id_tag, nama) VALUES (50, 'Cloned Disintermediate Concept 50');
INSERT IGNORE INTO Tag (id_tag, nama) VALUES (51, 'Optional Reciprocal Service-Desk 51');
INSERT IGNORE INTO Tag (id_tag, nama) VALUES (52, 'Configurable Fresh-Thinking Installation 52');
INSERT IGNORE INTO Tag (id_tag, nama) VALUES (53, 'Public-Key Needs-Based Groupware 53');
INSERT IGNORE INTO Tag (id_tag, nama) VALUES (54, 'Future-Proofed Context-Sensitive Circuit 54');
INSERT IGNORE INTO Tag (id_tag, nama) VALUES (55, 'Integrated Multi-State Architecture 55');
INSERT IGNORE INTO Tag (id_tag, nama) VALUES (56, 'Reactive Reciprocal Algorithm 56');
INSERT IGNORE INTO Tag (id_tag, nama) VALUES (57, 'Exclusive Even-Keeled Success 57');
INSERT IGNORE INTO Tag (id_tag, nama) VALUES (58, 'Multi-Lateral Upward-Trending Time-Frame 58');
INSERT IGNORE INTO Tag (id_tag, nama) VALUES (59, 'Total Impactful Structure 59');
INSERT IGNORE INTO Tag (id_tag, nama) VALUES (60, 'Customer-Focused Client-Server Implementation 60');
INSERT IGNORE INTO Tag (id_tag, nama) VALUES (61, 'Open-Source Global Analyzer 61');
INSERT IGNORE INTO Tag (id_tag, nama) VALUES (62, 'Polarized National Moratorium 62');
INSERT IGNORE INTO Tag (id_tag, nama) VALUES (63, 'Monitored Zero Tolerance Graphical User Interface 63');
INSERT IGNORE INTO Tag (id_tag, nama) VALUES (64, 'Ergonomic Hybrid Approach 64');
INSERT IGNORE INTO Tag (id_tag, nama) VALUES (65, 'Expanded Coherent Neural-Net 65');
INSERT IGNORE INTO Tag (id_tag, nama) VALUES (66, 'Seamless Encompassing Graphical User Interface 66');
INSERT IGNORE INTO Tag (id_tag, nama) VALUES (67, 'Organized Methodical Contingency 67');
INSERT IGNORE INTO Tag (id_tag, nama) VALUES (68, 'Networked Multi-Tasking Firmware 68');
INSERT IGNORE INTO Tag (id_tag, nama) VALUES (69, 'Sharable Empowering Time-Frame 69');
INSERT IGNORE INTO Tag (id_tag, nama) VALUES (70, 'Multi-Lateral Cohesive Complexity 70');
INSERT IGNORE INTO Tag (id_tag, nama) VALUES (71, 'Programmable Bi-Directional Benchmark 71');
INSERT IGNORE INTO Tag (id_tag, nama) VALUES (72, 'Virtual Mission-Critical Benchmark 72');
INSERT IGNORE INTO Tag (id_tag, nama) VALUES (73, 'De-Engineered Bi-Directional Website 73');
INSERT IGNORE INTO Tag (id_tag, nama) VALUES (74, 'Integrated Asymmetric System Engine 74');
INSERT IGNORE INTO Tag (id_tag, nama) VALUES (75, 'Mandatory Attitude-Oriented Policy 75');
INSERT IGNORE INTO Tag (id_tag, nama) VALUES (76, 'Open-Source Methodical Superstructure 76');
INSERT IGNORE INTO Tag (id_tag, nama) VALUES (77, 'Optimized Encompassing Standardization 77');
INSERT IGNORE INTO Tag (id_tag, nama) VALUES (78, 'Multi-Layered Systemic Infrastructure 78');
INSERT IGNORE INTO Tag (id_tag, nama) VALUES (79, 'Pre-Emptive Foreground Challenge 79');
INSERT IGNORE INTO Tag (id_tag, nama) VALUES (80, 'Balanced Demand-Driven Software 80');
INSERT IGNORE INTO Tag (id_tag, nama) VALUES (81, 'Persevering Transitional Budgetary Management 81');
INSERT IGNORE INTO Tag (id_tag, nama) VALUES (82, 'Self-Enabling Optimizing Website 82');
INSERT IGNORE INTO Tag (id_tag, nama) VALUES (83, 'Right-Sized Value-Added Ability 83');
INSERT IGNORE INTO Tag (id_tag, nama) VALUES (84, 'Fundamental Incremental Knowledgebase 84');
INSERT IGNORE INTO Tag (id_tag, nama) VALUES (85, 'Proactive Executive Synergy 85');
INSERT IGNORE INTO Tag (id_tag, nama) VALUES (86, 'Universal Maximized System Engine 86');
INSERT IGNORE INTO Tag (id_tag, nama) VALUES (87, 'Focused Optimizing Database 87');
INSERT IGNORE INTO Tag (id_tag, nama) VALUES (88, 'Networked Modular Archive 88');
INSERT IGNORE INTO Tag (id_tag, nama) VALUES (89, 'De-Engineered High-Level Protocol 89');
INSERT IGNORE INTO Tag (id_tag, nama) VALUES (90, 'Down-Sized Fresh-Thinking Projection 90');
INSERT IGNORE INTO Tag (id_tag, nama) VALUES (91, 'Focused Needs-Based Contingency 91');
INSERT IGNORE INTO Tag (id_tag, nama) VALUES (92, 'Distributed National Framework 92');
INSERT IGNORE INTO Tag (id_tag, nama) VALUES (93, 'Persistent Neutral Monitoring 93');
INSERT IGNORE INTO Tag (id_tag, nama) VALUES (94, 'Open-Source Impactful Attitude 94');
INSERT IGNORE INTO Tag (id_tag, nama) VALUES (95, 'Vision-Oriented Background Benchmark 95');
INSERT IGNORE INTO Tag (id_tag, nama) VALUES (96, 'Managed Multi-State Capability 96');
INSERT IGNORE INTO Tag (id_tag, nama) VALUES (97, 'Profound User-Facing Info-Mediaries 97');
INSERT IGNORE INTO Tag (id_tag, nama) VALUES (98, 'Enhanced Maximized Neural-Net 98');
INSERT IGNORE INTO Tag (id_tag, nama) VALUES (99, 'Operative Neutral Functionalities 99');
INSERT IGNORE INTO Tag (id_tag, nama) VALUES (100, 'Persistent Hybrid Model 100');
INSERT IGNORE INTO Tag (id_tag, nama) VALUES (101, 'Down-Sized Actuating Conglomeration 101');
INSERT IGNORE INTO Tag (id_tag, nama) VALUES (102, 'Customizable Systematic Flexibility 102');
INSERT IGNORE INTO Tag (id_tag, nama) VALUES (103, 'Profound Discrete Installation 103');
INSERT IGNORE INTO Tag (id_tag, nama) VALUES (104, 'Customer-Focused Reciprocal Utilization 104');
INSERT IGNORE INTO Tag (id_tag, nama) VALUES (105, 'Cloned Upward-Trending Installation 105');
INSERT IGNORE INTO Tag (id_tag, nama) VALUES (106, 'Inverse Radical Leverage 106');
INSERT IGNORE INTO Tag (id_tag, nama) VALUES (107, 'Phased Well-Modulated Product 107');
INSERT IGNORE INTO Tag (id_tag, nama) VALUES (108, 'Seamless 24Hour Model 108');
INSERT IGNORE INTO Tag (id_tag, nama) VALUES (109, 'Self-Enabling Clear-Thinking Projection 109');
INSERT IGNORE INTO Tag (id_tag, nama) VALUES (110, 'Operative Web-Enabled Migration 110');
INSERT IGNORE INTO Tag (id_tag, nama) VALUES (111, 'Team-Oriented Incremental Project 111');
INSERT IGNORE INTO Tag (id_tag, nama) VALUES (112, 'User-Centric Zero Tolerance Standardization 112');
INSERT IGNORE INTO Tag (id_tag, nama) VALUES (113, 'Profit-Focused Leadingedge Time-Frame 113');
INSERT IGNORE INTO Tag (id_tag, nama) VALUES (114, 'Intuitive Value-Added Ability 114');
INSERT IGNORE INTO Tag (id_tag, nama) VALUES (115, 'Multi-Layered Object-Oriented Task-Force 115');
INSERT IGNORE INTO Tag (id_tag, nama) VALUES (116, 'Triple-Buffered Object-Oriented Circuit 116');
INSERT IGNORE INTO Tag (id_tag, nama) VALUES (117, 'Multi-Layered Incremental Infrastructure 117');
INSERT IGNORE INTO Tag (id_tag, nama) VALUES (118, 'Cross-Platform Neutral Circuit 118');
INSERT IGNORE INTO Tag (id_tag, nama) VALUES (119, 'Upgradable Didactic Monitoring 119');
INSERT IGNORE INTO Tag (id_tag, nama) VALUES (120, 'Seamless Neutral Alliance 120');

-- TagProduk
INSERT IGNORE INTO TagProduk (id_produk, id_tag) VALUES (1, 11);
INSERT IGNORE INTO TagProduk (id_produk, id_tag) VALUES (1, 17);
INSERT IGNORE INTO TagProduk (id_produk, id_tag) VALUES (1, 112);
INSERT IGNORE INTO TagProduk (id_produk, id_tag) VALUES (2, 46);
INSERT IGNORE INTO TagProduk (id_produk, id_tag) VALUES (2, 5);
INSERT IGNORE INTO TagProduk (id_produk, id_tag) VALUES (3, 84);
INSERT IGNORE INTO TagProduk (id_produk, id_tag) VALUES (3, 29);
INSERT IGNORE INTO TagProduk (id_produk, id_tag) VALUES (3, 20);
INSERT IGNORE INTO TagProduk (id_produk, id_tag) VALUES (3, 57);
INSERT IGNORE INTO TagProduk (id_produk, id_tag) VALUES (4, 34);
INSERT IGNORE INTO TagProduk (id_produk, id_tag) VALUES (5, 2);
INSERT IGNORE INTO TagProduk (id_produk, id_tag) VALUES (5, 74);
INSERT IGNORE INTO TagProduk (id_produk, id_tag) VALUES (5, 70);
INSERT IGNORE INTO TagProduk (id_produk, id_tag) VALUES (6, 109);
INSERT IGNORE INTO TagProduk (id_produk, id_tag) VALUES (6, 9);
INSERT IGNORE INTO TagProduk (id_produk, id_tag) VALUES (6, 88);
INSERT IGNORE INTO TagProduk (id_produk, id_tag) VALUES (7, 37);
INSERT IGNORE INTO TagProduk (id_produk, id_tag) VALUES (8, 54);
INSERT IGNORE INTO TagProduk (id_produk, id_tag) VALUES (8, 16);
INSERT IGNORE INTO TagProduk (id_produk, id_tag) VALUES (8, 21);
INSERT IGNORE INTO TagProduk (id_produk, id_tag) VALUES (8, 74);
INSERT IGNORE INTO TagProduk (id_produk, id_tag) VALUES (9, 14);
INSERT IGNORE INTO TagProduk (id_produk, id_tag) VALUES (9, 36);
INSERT IGNORE INTO TagProduk (id_produk, id_tag) VALUES (9, 61);
INSERT IGNORE INTO TagProduk (id_produk, id_tag) VALUES (9, 119);
INSERT IGNORE INTO TagProduk (id_produk, id_tag) VALUES (10, 4);
INSERT IGNORE INTO TagProduk (id_produk, id_tag) VALUES (10, 47);
INSERT IGNORE INTO TagProduk (id_produk, id_tag) VALUES (10, 96);
INSERT IGNORE INTO TagProduk (id_produk, id_tag) VALUES (11, 103);
INSERT IGNORE INTO TagProduk (id_produk, id_tag) VALUES (11, 92);
INSERT IGNORE INTO TagProduk (id_produk, id_tag) VALUES (12, 26);
INSERT IGNORE INTO TagProduk (id_produk, id_tag) VALUES (13, 104);
INSERT IGNORE INTO TagProduk (id_produk, id_tag) VALUES (13, 47);
INSERT IGNORE INTO TagProduk (id_produk, id_tag) VALUES (13, 57);
INSERT IGNORE INTO TagProduk (id_produk, id_tag) VALUES (14, 3);
INSERT IGNORE INTO TagProduk (id_produk, id_tag) VALUES (14, 69);
INSERT IGNORE INTO TagProduk (id_produk, id_tag) VALUES (14, 63);
INSERT IGNORE INTO TagProduk (id_produk, id_tag) VALUES (14, 112);
INSERT IGNORE INTO TagProduk (id_produk, id_tag) VALUES (15, 63);
INSERT IGNORE INTO TagProduk (id_produk, id_tag) VALUES (15, 53);
INSERT IGNORE INTO TagProduk (id_produk, id_tag) VALUES (15, 102);
INSERT IGNORE INTO TagProduk (id_produk, id_tag) VALUES (15, 40);
INSERT IGNORE INTO TagProduk (id_produk, id_tag) VALUES (16, 32);
INSERT IGNORE INTO TagProduk (id_produk, id_tag) VALUES (17, 113);
INSERT IGNORE INTO TagProduk (id_produk, id_tag) VALUES (18, 84);
INSERT IGNORE INTO TagProduk (id_produk, id_tag) VALUES (19, 79);
INSERT IGNORE INTO TagProduk (id_produk, id_tag) VALUES (19, 62);
INSERT IGNORE INTO TagProduk (id_produk, id_tag) VALUES (20, 101);
INSERT IGNORE INTO TagProduk (id_produk, id_tag) VALUES (21, 110);
INSERT IGNORE INTO TagProduk (id_produk, id_tag) VALUES (21, 84);
INSERT IGNORE INTO TagProduk (id_produk, id_tag) VALUES (21, 115);
INSERT IGNORE INTO TagProduk (id_produk, id_tag) VALUES (21, 59);
INSERT IGNORE INTO TagProduk (id_produk, id_tag) VALUES (22, 116);
INSERT IGNORE INTO TagProduk (id_produk, id_tag) VALUES (23, 3);
INSERT IGNORE INTO TagProduk (id_produk, id_tag) VALUES (23, 77);
INSERT IGNORE INTO TagProduk (id_produk, id_tag) VALUES (24, 18);
INSERT IGNORE INTO TagProduk (id_produk, id_tag) VALUES (24, 79);
INSERT IGNORE INTO TagProduk (id_produk, id_tag) VALUES (24, 87);
INSERT IGNORE INTO TagProduk (id_produk, id_tag) VALUES (24, 17);
INSERT IGNORE INTO TagProduk (id_produk, id_tag) VALUES (25, 28);
INSERT IGNORE INTO TagProduk (id_produk, id_tag) VALUES (25, 99);
INSERT IGNORE INTO TagProduk (id_produk, id_tag) VALUES (25, 118);
INSERT IGNORE INTO TagProduk (id_produk, id_tag) VALUES (26, 89);
INSERT IGNORE INTO TagProduk (id_produk, id_tag) VALUES (26, 115);
INSERT IGNORE INTO TagProduk (id_produk, id_tag) VALUES (27, 61);
INSERT IGNORE INTO TagProduk (id_produk, id_tag) VALUES (27, 105);
INSERT IGNORE INTO TagProduk (id_produk, id_tag) VALUES (27, 40);
INSERT IGNORE INTO TagProduk (id_produk, id_tag) VALUES (28, 100);
INSERT IGNORE INTO TagProduk (id_produk, id_tag) VALUES (29, 18);
INSERT IGNORE INTO TagProduk (id_produk, id_tag) VALUES (29, 82);
INSERT IGNORE INTO TagProduk (id_produk, id_tag) VALUES (29, 33);
INSERT IGNORE INTO TagProduk (id_produk, id_tag) VALUES (30, 17);
INSERT IGNORE INTO TagProduk (id_produk, id_tag) VALUES (31, 91);
INSERT IGNORE INTO TagProduk (id_produk, id_tag) VALUES (32, 82);
INSERT IGNORE INTO TagProduk (id_produk, id_tag) VALUES (32, 99);
INSERT IGNORE INTO TagProduk (id_produk, id_tag) VALUES (33, 100);
INSERT IGNORE INTO TagProduk (id_produk, id_tag) VALUES (33, 43);
INSERT IGNORE INTO TagProduk (id_produk, id_tag) VALUES (34, 72);
INSERT IGNORE INTO TagProduk (id_produk, id_tag) VALUES (34, 87);
INSERT IGNORE INTO TagProduk (id_produk, id_tag) VALUES (35, 20);
INSERT IGNORE INTO TagProduk (id_produk, id_tag) VALUES (35, 31);
INSERT IGNORE INTO TagProduk (id_produk, id_tag) VALUES (35, 36);
INSERT IGNORE INTO TagProduk (id_produk, id_tag) VALUES (36, 82);
INSERT IGNORE INTO TagProduk (id_produk, id_tag) VALUES (36, 70);
INSERT IGNORE INTO TagProduk (id_produk, id_tag) VALUES (37, 95);
INSERT IGNORE INTO TagProduk (id_produk, id_tag) VALUES (37, 65);
INSERT IGNORE INTO TagProduk (id_produk, id_tag) VALUES (38, 14);
INSERT IGNORE INTO TagProduk (id_produk, id_tag) VALUES (38, 13);
INSERT IGNORE INTO TagProduk (id_produk, id_tag) VALUES (38, 103);
INSERT IGNORE INTO TagProduk (id_produk, id_tag) VALUES (38, 83);
INSERT IGNORE INTO TagProduk (id_produk, id_tag) VALUES (39, 24);
INSERT IGNORE INTO TagProduk (id_produk, id_tag) VALUES (39, 109);
INSERT IGNORE INTO TagProduk (id_produk, id_tag) VALUES (39, 106);
INSERT IGNORE INTO TagProduk (id_produk, id_tag) VALUES (40, 97);
INSERT IGNORE INTO TagProduk (id_produk, id_tag) VALUES (40, 7);
INSERT IGNORE INTO TagProduk (id_produk, id_tag) VALUES (40, 109);
INSERT IGNORE INTO TagProduk (id_produk, id_tag) VALUES (40, 20);
INSERT IGNORE INTO TagProduk (id_produk, id_tag) VALUES (41, 116);
INSERT IGNORE INTO TagProduk (id_produk, id_tag) VALUES (42, 117);
INSERT IGNORE INTO TagProduk (id_produk, id_tag) VALUES (43, 24);
INSERT IGNORE INTO TagProduk (id_produk, id_tag) VALUES (44, 70);
INSERT IGNORE INTO TagProduk (id_produk, id_tag) VALUES (44, 109);
INSERT IGNORE INTO TagProduk (id_produk, id_tag) VALUES (44, 9);
INSERT IGNORE INTO TagProduk (id_produk, id_tag) VALUES (44, 77);
INSERT IGNORE INTO TagProduk (id_produk, id_tag) VALUES (45, 109);
INSERT IGNORE INTO TagProduk (id_produk, id_tag) VALUES (45, 60);
INSERT IGNORE INTO TagProduk (id_produk, id_tag) VALUES (45, 116);
INSERT IGNORE INTO TagProduk (id_produk, id_tag) VALUES (45, 73);
INSERT IGNORE INTO TagProduk (id_produk, id_tag) VALUES (46, 55);
INSERT IGNORE INTO TagProduk (id_produk, id_tag) VALUES (46, 97);
INSERT IGNORE INTO TagProduk (id_produk, id_tag) VALUES (46, 4);
INSERT IGNORE INTO TagProduk (id_produk, id_tag) VALUES (47, 93);
INSERT IGNORE INTO TagProduk (id_produk, id_tag) VALUES (47, 57);
INSERT IGNORE INTO TagProduk (id_produk, id_tag) VALUES (48, 58);
INSERT IGNORE INTO TagProduk (id_produk, id_tag) VALUES (49, 52);
INSERT IGNORE INTO TagProduk (id_produk, id_tag) VALUES (49, 76);
INSERT IGNORE INTO TagProduk (id_produk, id_tag) VALUES (50, 37);
INSERT IGNORE INTO TagProduk (id_produk, id_tag) VALUES (50, 4);
INSERT IGNORE INTO TagProduk (id_produk, id_tag) VALUES (50, 50);
INSERT IGNORE INTO TagProduk (id_produk, id_tag) VALUES (50, 80);
INSERT IGNORE INTO TagProduk (id_produk, id_tag) VALUES (51, 80);
INSERT IGNORE INTO TagProduk (id_produk, id_tag) VALUES (51, 30);
INSERT IGNORE INTO TagProduk (id_produk, id_tag) VALUES (51, 59);
INSERT IGNORE INTO TagProduk (id_produk, id_tag) VALUES (51, 51);
INSERT IGNORE INTO TagProduk (id_produk, id_tag) VALUES (52, 78);
INSERT IGNORE INTO TagProduk (id_produk, id_tag) VALUES (53, 118);
INSERT IGNORE INTO TagProduk (id_produk, id_tag) VALUES (53, 119);
INSERT IGNORE INTO TagProduk (id_produk, id_tag) VALUES (53, 24);
INSERT IGNORE INTO TagProduk (id_produk, id_tag) VALUES (53, 108);
INSERT IGNORE INTO TagProduk (id_produk, id_tag) VALUES (54, 24);
INSERT IGNORE INTO TagProduk (id_produk, id_tag) VALUES (54, 22);
INSERT IGNORE INTO TagProduk (id_produk, id_tag) VALUES (55, 59);
INSERT IGNORE INTO TagProduk (id_produk, id_tag) VALUES (56, 92);
INSERT IGNORE INTO TagProduk (id_produk, id_tag) VALUES (57, 93);
INSERT IGNORE INTO TagProduk (id_produk, id_tag) VALUES (57, 64);
INSERT IGNORE INTO TagProduk (id_produk, id_tag) VALUES (57, 101);
INSERT IGNORE INTO TagProduk (id_produk, id_tag) VALUES (58, 110);
INSERT IGNORE INTO TagProduk (id_produk, id_tag) VALUES (58, 108);
INSERT IGNORE INTO TagProduk (id_produk, id_tag) VALUES (59, 58);
INSERT IGNORE INTO TagProduk (id_produk, id_tag) VALUES (60, 18);
INSERT IGNORE INTO TagProduk (id_produk, id_tag) VALUES (60, 82);
INSERT IGNORE INTO TagProduk (id_produk, id_tag) VALUES (60, 57);
INSERT IGNORE INTO TagProduk (id_produk, id_tag) VALUES (60, 99);
INSERT IGNORE INTO TagProduk (id_produk, id_tag) VALUES (61, 38);
INSERT IGNORE INTO TagProduk (id_produk, id_tag) VALUES (61, 66);
INSERT IGNORE INTO TagProduk (id_produk, id_tag) VALUES (61, 78);
INSERT IGNORE INTO TagProduk (id_produk, id_tag) VALUES (61, 87);
INSERT IGNORE INTO TagProduk (id_produk, id_tag) VALUES (62, 108);
INSERT IGNORE INTO TagProduk (id_produk, id_tag) VALUES (62, 110);
INSERT IGNORE INTO TagProduk (id_produk, id_tag) VALUES (62, 56);
INSERT IGNORE INTO TagProduk (id_produk, id_tag) VALUES (62, 103);
INSERT IGNORE INTO TagProduk (id_produk, id_tag) VALUES (63, 98);
INSERT IGNORE INTO TagProduk (id_produk, id_tag) VALUES (64, 56);
INSERT IGNORE INTO TagProduk (id_produk, id_tag) VALUES (64, 87);
INSERT IGNORE INTO TagProduk (id_produk, id_tag) VALUES (65, 109);
INSERT IGNORE INTO TagProduk (id_produk, id_tag) VALUES (65, 61);
INSERT IGNORE INTO TagProduk (id_produk, id_tag) VALUES (66, 14);
INSERT IGNORE INTO TagProduk (id_produk, id_tag) VALUES (66, 53);
INSERT IGNORE INTO TagProduk (id_produk, id_tag) VALUES (67, 72);
INSERT IGNORE INTO TagProduk (id_produk, id_tag) VALUES (67, 99);
INSERT IGNORE INTO TagProduk (id_produk, id_tag) VALUES (68, 55);
INSERT IGNORE INTO TagProduk (id_produk, id_tag) VALUES (68, 67);
INSERT IGNORE INTO TagProduk (id_produk, id_tag) VALUES (68, 20);
INSERT IGNORE INTO TagProduk (id_produk, id_tag) VALUES (68, 33);
INSERT IGNORE INTO TagProduk (id_produk, id_tag) VALUES (69, 9);
INSERT IGNORE INTO TagProduk (id_produk, id_tag) VALUES (69, 85);
INSERT IGNORE INTO TagProduk (id_produk, id_tag) VALUES (69, 11);
INSERT IGNORE INTO TagProduk (id_produk, id_tag) VALUES (69, 98);
INSERT IGNORE INTO TagProduk (id_produk, id_tag) VALUES (70, 79);
INSERT IGNORE INTO TagProduk (id_produk, id_tag) VALUES (70, 5);
INSERT IGNORE INTO TagProduk (id_produk, id_tag) VALUES (70, 118);
INSERT IGNORE INTO TagProduk (id_produk, id_tag) VALUES (70, 111);
INSERT IGNORE INTO TagProduk (id_produk, id_tag) VALUES (71, 15);
INSERT IGNORE INTO TagProduk (id_produk, id_tag) VALUES (71, 112);
INSERT IGNORE INTO TagProduk (id_produk, id_tag) VALUES (71, 28);
INSERT IGNORE INTO TagProduk (id_produk, id_tag) VALUES (72, 105);
INSERT IGNORE INTO TagProduk (id_produk, id_tag) VALUES (72, 90);
INSERT IGNORE INTO TagProduk (id_produk, id_tag) VALUES (72, 84);
INSERT IGNORE INTO TagProduk (id_produk, id_tag) VALUES (73, 31);
INSERT IGNORE INTO TagProduk (id_produk, id_tag) VALUES (73, 28);
INSERT IGNORE INTO TagProduk (id_produk, id_tag) VALUES (73, 75);
INSERT IGNORE INTO TagProduk (id_produk, id_tag) VALUES (73, 33);
INSERT IGNORE INTO TagProduk (id_produk, id_tag) VALUES (74, 62);
INSERT IGNORE INTO TagProduk (id_produk, id_tag) VALUES (74, 41);
INSERT IGNORE INTO TagProduk (id_produk, id_tag) VALUES (74, 58);
INSERT IGNORE INTO TagProduk (id_produk, id_tag) VALUES (74, 120);
INSERT IGNORE INTO TagProduk (id_produk, id_tag) VALUES (75, 119);
INSERT IGNORE INTO TagProduk (id_produk, id_tag) VALUES (75, 5);
INSERT IGNORE INTO TagProduk (id_produk, id_tag) VALUES (75, 65);
INSERT IGNORE INTO TagProduk (id_produk, id_tag) VALUES (76, 50);
INSERT IGNORE INTO TagProduk (id_produk, id_tag) VALUES (77, 56);
INSERT IGNORE INTO TagProduk (id_produk, id_tag) VALUES (78, 55);
INSERT IGNORE INTO TagProduk (id_produk, id_tag) VALUES (79, 60);
INSERT IGNORE INTO TagProduk (id_produk, id_tag) VALUES (79, 42);
INSERT IGNORE INTO TagProduk (id_produk, id_tag) VALUES (79, 106);
INSERT IGNORE INTO TagProduk (id_produk, id_tag) VALUES (79, 69);
INSERT IGNORE INTO TagProduk (id_produk, id_tag) VALUES (80, 113);
INSERT IGNORE INTO TagProduk (id_produk, id_tag) VALUES (81, 64);
INSERT IGNORE INTO TagProduk (id_produk, id_tag) VALUES (81, 63);
INSERT IGNORE INTO TagProduk (id_produk, id_tag) VALUES (82, 27);
INSERT IGNORE INTO TagProduk (id_produk, id_tag) VALUES (82, 4);
INSERT IGNORE INTO TagProduk (id_produk, id_tag) VALUES (83, 58);
INSERT IGNORE INTO TagProduk (id_produk, id_tag) VALUES (83, 106);
INSERT IGNORE INTO TagProduk (id_produk, id_tag) VALUES (83, 107);
INSERT IGNORE INTO TagProduk (id_produk, id_tag) VALUES (83, 109);
INSERT IGNORE INTO TagProduk (id_produk, id_tag) VALUES (84, 98);
INSERT IGNORE INTO TagProduk (id_produk, id_tag) VALUES (84, 40);
INSERT IGNORE INTO TagProduk (id_produk, id_tag) VALUES (85, 97);
INSERT IGNORE INTO TagProduk (id_produk, id_tag) VALUES (85, 108);
INSERT IGNORE INTO TagProduk (id_produk, id_tag) VALUES (85, 85);
INSERT IGNORE INTO TagProduk (id_produk, id_tag) VALUES (86, 36);
INSERT IGNORE INTO TagProduk (id_produk, id_tag) VALUES (87, 61);
INSERT IGNORE INTO TagProduk (id_produk, id_tag) VALUES (87, 14);
INSERT IGNORE INTO TagProduk (id_produk, id_tag) VALUES (88, 9);
INSERT IGNORE INTO TagProduk (id_produk, id_tag) VALUES (88, 109);
INSERT IGNORE INTO TagProduk (id_produk, id_tag) VALUES (88, 78);
INSERT IGNORE INTO TagProduk (id_produk, id_tag) VALUES (88, 20);
INSERT IGNORE INTO TagProduk (id_produk, id_tag) VALUES (89, 72);
INSERT IGNORE INTO TagProduk (id_produk, id_tag) VALUES (90, 19);
INSERT IGNORE INTO TagProduk (id_produk, id_tag) VALUES (90, 82);
INSERT IGNORE INTO TagProduk (id_produk, id_tag) VALUES (90, 75);
INSERT IGNORE INTO TagProduk (id_produk, id_tag) VALUES (91, 113);
INSERT IGNORE INTO TagProduk (id_produk, id_tag) VALUES (91, 68);
INSERT IGNORE INTO TagProduk (id_produk, id_tag) VALUES (91, 109);
INSERT IGNORE INTO TagProduk (id_produk, id_tag) VALUES (91, 107);
INSERT IGNORE INTO TagProduk (id_produk, id_tag) VALUES (92, 43);
INSERT IGNORE INTO TagProduk (id_produk, id_tag) VALUES (92, 70);
INSERT IGNORE INTO TagProduk (id_produk, id_tag) VALUES (92, 40);
INSERT IGNORE INTO TagProduk (id_produk, id_tag) VALUES (93, 53);
INSERT IGNORE INTO TagProduk (id_produk, id_tag) VALUES (94, 50);
INSERT IGNORE INTO TagProduk (id_produk, id_tag) VALUES (94, 15);
INSERT IGNORE INTO TagProduk (id_produk, id_tag) VALUES (94, 14);
INSERT IGNORE INTO TagProduk (id_produk, id_tag) VALUES (94, 24);
INSERT IGNORE INTO TagProduk (id_produk, id_tag) VALUES (95, 56);
INSERT IGNORE INTO TagProduk (id_produk, id_tag) VALUES (95, 29);
INSERT IGNORE INTO TagProduk (id_produk, id_tag) VALUES (95, 7);
INSERT IGNORE INTO TagProduk (id_produk, id_tag) VALUES (96, 79);
INSERT IGNORE INTO TagProduk (id_produk, id_tag) VALUES (96, 68);
INSERT IGNORE INTO TagProduk (id_produk, id_tag) VALUES (97, 77);
INSERT IGNORE INTO TagProduk (id_produk, id_tag) VALUES (97, 8);
INSERT IGNORE INTO TagProduk (id_produk, id_tag) VALUES (97, 34);
INSERT IGNORE INTO TagProduk (id_produk, id_tag) VALUES (98, 99);
INSERT IGNORE INTO TagProduk (id_produk, id_tag) VALUES (98, 74);
INSERT IGNORE INTO TagProduk (id_produk, id_tag) VALUES (98, 24);
INSERT IGNORE INTO TagProduk (id_produk, id_tag) VALUES (98, 81);
INSERT IGNORE INTO TagProduk (id_produk, id_tag) VALUES (99, 80);
INSERT IGNORE INTO TagProduk (id_produk, id_tag) VALUES (100, 8);
INSERT IGNORE INTO TagProduk (id_produk, id_tag) VALUES (100, 48);

-- BarangKeranjang
INSERT IGNORE INTO BarangKeranjang (id_keranjang, sku, kuantitas) VALUES (1, 'SKU000064', 1);
INSERT IGNORE INTO BarangKeranjang (id_keranjang, sku, kuantitas) VALUES (2, 'SKU000194', 3);
INSERT IGNORE INTO BarangKeranjang (id_keranjang, sku, kuantitas) VALUES (2, 'SKU000027', 3);
INSERT IGNORE INTO BarangKeranjang (id_keranjang, sku, kuantitas) VALUES (2, 'SKU000013', 1);
INSERT IGNORE INTO BarangKeranjang (id_keranjang, sku, kuantitas) VALUES (2, 'SKU000003', 1);
INSERT IGNORE INTO BarangKeranjang (id_keranjang, sku, kuantitas) VALUES (2, 'SKU000004', 2);
INSERT IGNORE INTO BarangKeranjang (id_keranjang, sku, kuantitas) VALUES (3, 'SKU000173', 2);
INSERT IGNORE INTO BarangKeranjang (id_keranjang, sku, kuantitas) VALUES (3, 'SKU000040', 3);
INSERT IGNORE INTO BarangKeranjang (id_keranjang, sku, kuantitas) VALUES (3, 'SKU000042', 2);
INSERT IGNORE INTO BarangKeranjang (id_keranjang, sku, kuantitas) VALUES (3, 'SKU000008', 2);
INSERT IGNORE INTO BarangKeranjang (id_keranjang, sku, kuantitas) VALUES (4, 'SKU000068', 3);
INSERT IGNORE INTO BarangKeranjang (id_keranjang, sku, kuantitas) VALUES (4, 'SKU000010', 3);
INSERT IGNORE INTO BarangKeranjang (id_keranjang, sku, kuantitas) VALUES (4, 'SKU000208', 1);
INSERT IGNORE INTO BarangKeranjang (id_keranjang, sku, kuantitas) VALUES (5, 'SKU000107', 3);
INSERT IGNORE INTO BarangKeranjang (id_keranjang, sku, kuantitas) VALUES (5, 'SKU000034', 3);
INSERT IGNORE INTO BarangKeranjang (id_keranjang, sku, kuantitas) VALUES (6, 'SKU000215', 1);
INSERT IGNORE INTO BarangKeranjang (id_keranjang, sku, kuantitas) VALUES (6, 'SKU000087', 1);
INSERT IGNORE INTO BarangKeranjang (id_keranjang, sku, kuantitas) VALUES (7, 'SKU000180', 2);
INSERT IGNORE INTO BarangKeranjang (id_keranjang, sku, kuantitas) VALUES (7, 'SKU000085', 3);
INSERT IGNORE INTO BarangKeranjang (id_keranjang, sku, kuantitas) VALUES (8, 'SKU000192', 3);
INSERT IGNORE INTO BarangKeranjang (id_keranjang, sku, kuantitas) VALUES (8, 'SKU000115', 2);
INSERT IGNORE INTO BarangKeranjang (id_keranjang, sku, kuantitas) VALUES (8, 'SKU000096', 3);
INSERT IGNORE INTO BarangKeranjang (id_keranjang, sku, kuantitas) VALUES (8, 'SKU000202', 3);
INSERT IGNORE INTO BarangKeranjang (id_keranjang, sku, kuantitas) VALUES (8, 'SKU000145', 3);
INSERT IGNORE INTO BarangKeranjang (id_keranjang, sku, kuantitas) VALUES (9, 'SKU000174', 2);
INSERT IGNORE INTO BarangKeranjang (id_keranjang, sku, kuantitas) VALUES (9, 'SKU000030', 3);
INSERT IGNORE INTO BarangKeranjang (id_keranjang, sku, kuantitas) VALUES (10, 'SKU000017', 2);
INSERT IGNORE INTO BarangKeranjang (id_keranjang, sku, kuantitas) VALUES (11, 'SKU000147', 3);
INSERT IGNORE INTO BarangKeranjang (id_keranjang, sku, kuantitas) VALUES (11, 'SKU000209', 1);
INSERT IGNORE INTO BarangKeranjang (id_keranjang, sku, kuantitas) VALUES (11, 'SKU000152', 3);
INSERT IGNORE INTO BarangKeranjang (id_keranjang, sku, kuantitas) VALUES (11, 'SKU000105', 2);
INSERT IGNORE INTO BarangKeranjang (id_keranjang, sku, kuantitas) VALUES (12, 'SKU000110', 3);
INSERT IGNORE INTO BarangKeranjang (id_keranjang, sku, kuantitas) VALUES (12, 'SKU000156', 2);
INSERT IGNORE INTO BarangKeranjang (id_keranjang, sku, kuantitas) VALUES (15, 'SKU000169', 1);
INSERT IGNORE INTO BarangKeranjang (id_keranjang, sku, kuantitas) VALUES (15, 'SKU000074', 1);
INSERT IGNORE INTO BarangKeranjang (id_keranjang, sku, kuantitas) VALUES (16, 'SKU000206', 1);
INSERT IGNORE INTO BarangKeranjang (id_keranjang, sku, kuantitas) VALUES (16, 'SKU000199', 3);
INSERT IGNORE INTO BarangKeranjang (id_keranjang, sku, kuantitas) VALUES (16, 'SKU000132', 1);
INSERT IGNORE INTO BarangKeranjang (id_keranjang, sku, kuantitas) VALUES (17, 'SKU000165', 3);
INSERT IGNORE INTO BarangKeranjang (id_keranjang, sku, kuantitas) VALUES (17, 'SKU000160', 1);
INSERT IGNORE INTO BarangKeranjang (id_keranjang, sku, kuantitas) VALUES (17, 'SKU000177', 2);
INSERT IGNORE INTO BarangKeranjang (id_keranjang, sku, kuantitas) VALUES (18, 'SKU000119', 2);
INSERT IGNORE INTO BarangKeranjang (id_keranjang, sku, kuantitas) VALUES (18, 'SKU000168', 2);
INSERT IGNORE INTO BarangKeranjang (id_keranjang, sku, kuantitas) VALUES (18, 'SKU000012', 2);
INSERT IGNORE INTO BarangKeranjang (id_keranjang, sku, kuantitas) VALUES (18, 'SKU000122', 3);
INSERT IGNORE INTO BarangKeranjang (id_keranjang, sku, kuantitas) VALUES (18, 'SKU000050', 1);
INSERT IGNORE INTO BarangKeranjang (id_keranjang, sku, kuantitas) VALUES (19, 'SKU000126', 1);
INSERT IGNORE INTO BarangKeranjang (id_keranjang, sku, kuantitas) VALUES (19, 'SKU000032', 3);
INSERT IGNORE INTO BarangKeranjang (id_keranjang, sku, kuantitas) VALUES (19, 'SKU000116', 2);
INSERT IGNORE INTO BarangKeranjang (id_keranjang, sku, kuantitas) VALUES (19, 'SKU000076', 3);
INSERT IGNORE INTO BarangKeranjang (id_keranjang, sku, kuantitas) VALUES (19, 'SKU000048', 1);
INSERT IGNORE INTO BarangKeranjang (id_keranjang, sku, kuantitas) VALUES (21, 'SKU000026', 3);
INSERT IGNORE INTO BarangKeranjang (id_keranjang, sku, kuantitas) VALUES (21, 'SKU000168', 2);
INSERT IGNORE INTO BarangKeranjang (id_keranjang, sku, kuantitas) VALUES (21, 'SKU000174', 3);
INSERT IGNORE INTO BarangKeranjang (id_keranjang, sku, kuantitas) VALUES (22, 'SKU000183', 2);
INSERT IGNORE INTO BarangKeranjang (id_keranjang, sku, kuantitas) VALUES (22, 'SKU000142', 3);
INSERT IGNORE INTO BarangKeranjang (id_keranjang, sku, kuantitas) VALUES (22, 'SKU000137', 1);
INSERT IGNORE INTO BarangKeranjang (id_keranjang, sku, kuantitas) VALUES (22, 'SKU000148', 1);
INSERT IGNORE INTO BarangKeranjang (id_keranjang, sku, kuantitas) VALUES (23, 'SKU000122', 2);
INSERT IGNORE INTO BarangKeranjang (id_keranjang, sku, kuantitas) VALUES (23, 'SKU000149', 1);
INSERT IGNORE INTO BarangKeranjang (id_keranjang, sku, kuantitas) VALUES (24, 'SKU000123', 2);
INSERT IGNORE INTO BarangKeranjang (id_keranjang, sku, kuantitas) VALUES (24, 'SKU000216', 2);
INSERT IGNORE INTO BarangKeranjang (id_keranjang, sku, kuantitas) VALUES (25, 'SKU000135', 2);
INSERT IGNORE INTO BarangKeranjang (id_keranjang, sku, kuantitas) VALUES (25, 'SKU000111', 3);
INSERT IGNORE INTO BarangKeranjang (id_keranjang, sku, kuantitas) VALUES (25, 'SKU000042', 2);
INSERT IGNORE INTO BarangKeranjang (id_keranjang, sku, kuantitas) VALUES (25, 'SKU000054', 1);
INSERT IGNORE INTO BarangKeranjang (id_keranjang, sku, kuantitas) VALUES (26, 'SKU000200', 1);
INSERT IGNORE INTO BarangKeranjang (id_keranjang, sku, kuantitas) VALUES (26, 'SKU000192', 1);
INSERT IGNORE INTO BarangKeranjang (id_keranjang, sku, kuantitas) VALUES (26, 'SKU000142', 3);
INSERT IGNORE INTO BarangKeranjang (id_keranjang, sku, kuantitas) VALUES (26, 'SKU000147', 2);
INSERT IGNORE INTO BarangKeranjang (id_keranjang, sku, kuantitas) VALUES (27, 'SKU000047', 2);
INSERT IGNORE INTO BarangKeranjang (id_keranjang, sku, kuantitas) VALUES (28, 'SKU000215', 2);
INSERT IGNORE INTO BarangKeranjang (id_keranjang, sku, kuantitas) VALUES (28, 'SKU000061', 2);
INSERT IGNORE INTO BarangKeranjang (id_keranjang, sku, kuantitas) VALUES (29, 'SKU000166', 2);
INSERT IGNORE INTO BarangKeranjang (id_keranjang, sku, kuantitas) VALUES (29, 'SKU000161', 2);
INSERT IGNORE INTO BarangKeranjang (id_keranjang, sku, kuantitas) VALUES (29, 'SKU000098', 3);
INSERT IGNORE INTO BarangKeranjang (id_keranjang, sku, kuantitas) VALUES (30, 'SKU000166', 1);
INSERT IGNORE INTO BarangKeranjang (id_keranjang, sku, kuantitas) VALUES (30, 'SKU000077', 3);
INSERT IGNORE INTO BarangKeranjang (id_keranjang, sku, kuantitas) VALUES (31, 'SKU000016', 3);
INSERT IGNORE INTO BarangKeranjang (id_keranjang, sku, kuantitas) VALUES (31, 'SKU000110', 2);
INSERT IGNORE INTO BarangKeranjang (id_keranjang, sku, kuantitas) VALUES (31, 'SKU000115', 2);
INSERT IGNORE INTO BarangKeranjang (id_keranjang, sku, kuantitas) VALUES (31, 'SKU000216', 3);
INSERT IGNORE INTO BarangKeranjang (id_keranjang, sku, kuantitas) VALUES (32, 'SKU000188', 3);
INSERT IGNORE INTO BarangKeranjang (id_keranjang, sku, kuantitas) VALUES (32, 'SKU000142', 2);
INSERT IGNORE INTO BarangKeranjang (id_keranjang, sku, kuantitas) VALUES (32, 'SKU000089', 2);
INSERT IGNORE INTO BarangKeranjang (id_keranjang, sku, kuantitas) VALUES (32, 'SKU000210', 2);
INSERT IGNORE INTO BarangKeranjang (id_keranjang, sku, kuantitas) VALUES (33, 'SKU000161', 3);
INSERT IGNORE INTO BarangKeranjang (id_keranjang, sku, kuantitas) VALUES (33, 'SKU000011', 3);
INSERT IGNORE INTO BarangKeranjang (id_keranjang, sku, kuantitas) VALUES (33, 'SKU000215', 2);
INSERT IGNORE INTO BarangKeranjang (id_keranjang, sku, kuantitas) VALUES (33, 'SKU000109', 3);
INSERT IGNORE INTO BarangKeranjang (id_keranjang, sku, kuantitas) VALUES (33, 'SKU000180', 3);
INSERT IGNORE INTO BarangKeranjang (id_keranjang, sku, kuantitas) VALUES (34, 'SKU000052', 1);
INSERT IGNORE INTO BarangKeranjang (id_keranjang, sku, kuantitas) VALUES (34, 'SKU000189', 3);
INSERT IGNORE INTO BarangKeranjang (id_keranjang, sku, kuantitas) VALUES (34, 'SKU000038', 1);
INSERT IGNORE INTO BarangKeranjang (id_keranjang, sku, kuantitas) VALUES (36, 'SKU000138', 2);
INSERT IGNORE INTO BarangKeranjang (id_keranjang, sku, kuantitas) VALUES (36, 'SKU000166', 1);
INSERT IGNORE INTO BarangKeranjang (id_keranjang, sku, kuantitas) VALUES (36, 'SKU000125', 1);
INSERT IGNORE INTO BarangKeranjang (id_keranjang, sku, kuantitas) VALUES (37, 'SKU000156', 2);
INSERT IGNORE INTO BarangKeranjang (id_keranjang, sku, kuantitas) VALUES (37, 'SKU000210', 1);
INSERT IGNORE INTO BarangKeranjang (id_keranjang, sku, kuantitas) VALUES (37, 'SKU000203', 1);
INSERT IGNORE INTO BarangKeranjang (id_keranjang, sku, kuantitas) VALUES (37, 'SKU000040', 1);
INSERT IGNORE INTO BarangKeranjang (id_keranjang, sku, kuantitas) VALUES (37, 'SKU000218', 2);
INSERT IGNORE INTO BarangKeranjang (id_keranjang, sku, kuantitas) VALUES (38, 'SKU000022', 2);
INSERT IGNORE INTO BarangKeranjang (id_keranjang, sku, kuantitas) VALUES (39, 'SKU000113', 2);
INSERT IGNORE INTO BarangKeranjang (id_keranjang, sku, kuantitas) VALUES (39, 'SKU000075', 2);
INSERT IGNORE INTO BarangKeranjang (id_keranjang, sku, kuantitas) VALUES (39, 'SKU000198', 1);
INSERT IGNORE INTO BarangKeranjang (id_keranjang, sku, kuantitas) VALUES (39, 'SKU000159', 1);
INSERT IGNORE INTO BarangKeranjang (id_keranjang, sku, kuantitas) VALUES (40, 'SKU000107', 1);
INSERT IGNORE INTO BarangKeranjang (id_keranjang, sku, kuantitas) VALUES (40, 'SKU000122', 3);
INSERT IGNORE INTO BarangKeranjang (id_keranjang, sku, kuantitas) VALUES (40, 'SKU000065', 1);
INSERT IGNORE INTO BarangKeranjang (id_keranjang, sku, kuantitas) VALUES (40, 'SKU000062', 3);
INSERT IGNORE INTO BarangKeranjang (id_keranjang, sku, kuantitas) VALUES (40, 'SKU000215', 3);
INSERT IGNORE INTO BarangKeranjang (id_keranjang, sku, kuantitas) VALUES (41, 'SKU000099', 1);
INSERT IGNORE INTO BarangKeranjang (id_keranjang, sku, kuantitas) VALUES (41, 'SKU000022', 1);
INSERT IGNORE INTO BarangKeranjang (id_keranjang, sku, kuantitas) VALUES (41, 'SKU000119', 3);
INSERT IGNORE INTO BarangKeranjang (id_keranjang, sku, kuantitas) VALUES (41, 'SKU000126', 1);
INSERT IGNORE INTO BarangKeranjang (id_keranjang, sku, kuantitas) VALUES (41, 'SKU000196', 2);
INSERT IGNORE INTO BarangKeranjang (id_keranjang, sku, kuantitas) VALUES (42, 'SKU000032', 2);
INSERT IGNORE INTO BarangKeranjang (id_keranjang, sku, kuantitas) VALUES (42, 'SKU000087', 2);
INSERT IGNORE INTO BarangKeranjang (id_keranjang, sku, kuantitas) VALUES (42, 'SKU000147', 1);
INSERT IGNORE INTO BarangKeranjang (id_keranjang, sku, kuantitas) VALUES (42, 'SKU000119', 1);
INSERT IGNORE INTO BarangKeranjang (id_keranjang, sku, kuantitas) VALUES (42, 'SKU000095', 1);
INSERT IGNORE INTO BarangKeranjang (id_keranjang, sku, kuantitas) VALUES (44, 'SKU000106', 3);
INSERT IGNORE INTO BarangKeranjang (id_keranjang, sku, kuantitas) VALUES (44, 'SKU000071', 3);
INSERT IGNORE INTO BarangKeranjang (id_keranjang, sku, kuantitas) VALUES (44, 'SKU000125', 1);
INSERT IGNORE INTO BarangKeranjang (id_keranjang, sku, kuantitas) VALUES (44, 'SKU000039', 1);
INSERT IGNORE INTO BarangKeranjang (id_keranjang, sku, kuantitas) VALUES (45, 'SKU000085', 3);
INSERT IGNORE INTO BarangKeranjang (id_keranjang, sku, kuantitas) VALUES (46, 'SKU000055', 1);
INSERT IGNORE INTO BarangKeranjang (id_keranjang, sku, kuantitas) VALUES (46, 'SKU000202', 1);
INSERT IGNORE INTO BarangKeranjang (id_keranjang, sku, kuantitas) VALUES (46, 'SKU000010', 1);
INSERT IGNORE INTO BarangKeranjang (id_keranjang, sku, kuantitas) VALUES (47, 'SKU000203', 3);
INSERT IGNORE INTO BarangKeranjang (id_keranjang, sku, kuantitas) VALUES (48, 'SKU000106', 3);
INSERT IGNORE INTO BarangKeranjang (id_keranjang, sku, kuantitas) VALUES (48, 'SKU000006', 1);
INSERT IGNORE INTO BarangKeranjang (id_keranjang, sku, kuantitas) VALUES (48, 'SKU000164', 1);
INSERT IGNORE INTO BarangKeranjang (id_keranjang, sku, kuantitas) VALUES (48, 'SKU000020', 3);
INSERT IGNORE INTO BarangKeranjang (id_keranjang, sku, kuantitas) VALUES (50, 'SKU000072', 1);
INSERT IGNORE INTO BarangKeranjang (id_keranjang, sku, kuantitas) VALUES (50, 'SKU000101', 1);
INSERT IGNORE INTO BarangKeranjang (id_keranjang, sku, kuantitas) VALUES (50, 'SKU000062', 2);
INSERT IGNORE INTO BarangKeranjang (id_keranjang, sku, kuantitas) VALUES (50, 'SKU000020', 2);
INSERT IGNORE INTO BarangKeranjang (id_keranjang, sku, kuantitas) VALUES (51, 'SKU000081', 3);
INSERT IGNORE INTO BarangKeranjang (id_keranjang, sku, kuantitas) VALUES (53, 'SKU000153', 1);
INSERT IGNORE INTO BarangKeranjang (id_keranjang, sku, kuantitas) VALUES (53, 'SKU000118', 1);
INSERT IGNORE INTO BarangKeranjang (id_keranjang, sku, kuantitas) VALUES (53, 'SKU000164', 2);
INSERT IGNORE INTO BarangKeranjang (id_keranjang, sku, kuantitas) VALUES (54, 'SKU000016', 2);
INSERT IGNORE INTO BarangKeranjang (id_keranjang, sku, kuantitas) VALUES (54, 'SKU000123', 3);
INSERT IGNORE INTO BarangKeranjang (id_keranjang, sku, kuantitas) VALUES (54, 'SKU000072', 1);
INSERT IGNORE INTO BarangKeranjang (id_keranjang, sku, kuantitas) VALUES (54, 'SKU000131', 2);
INSERT IGNORE INTO BarangKeranjang (id_keranjang, sku, kuantitas) VALUES (54, 'SKU000107', 1);
INSERT IGNORE INTO BarangKeranjang (id_keranjang, sku, kuantitas) VALUES (55, 'SKU000014', 2);
INSERT IGNORE INTO BarangKeranjang (id_keranjang, sku, kuantitas) VALUES (55, 'SKU000068', 1);
INSERT IGNORE INTO BarangKeranjang (id_keranjang, sku, kuantitas) VALUES (55, 'SKU000055', 3);
INSERT IGNORE INTO BarangKeranjang (id_keranjang, sku, kuantitas) VALUES (55, 'SKU000061', 2);
INSERT IGNORE INTO BarangKeranjang (id_keranjang, sku, kuantitas) VALUES (56, 'SKU000141', 2);
INSERT IGNORE INTO BarangKeranjang (id_keranjang, sku, kuantitas) VALUES (56, 'SKU000137', 2);
INSERT IGNORE INTO BarangKeranjang (id_keranjang, sku, kuantitas) VALUES (56, 'SKU000123', 1);
INSERT IGNORE INTO BarangKeranjang (id_keranjang, sku, kuantitas) VALUES (56, 'SKU000218', 2);
INSERT IGNORE INTO BarangKeranjang (id_keranjang, sku, kuantitas) VALUES (56, 'SKU000024', 1);
INSERT IGNORE INTO BarangKeranjang (id_keranjang, sku, kuantitas) VALUES (57, 'SKU000037', 2);
INSERT IGNORE INTO BarangKeranjang (id_keranjang, sku, kuantitas) VALUES (57, 'SKU000048', 2);
INSERT IGNORE INTO BarangKeranjang (id_keranjang, sku, kuantitas) VALUES (57, 'SKU000103', 1);
INSERT IGNORE INTO BarangKeranjang (id_keranjang, sku, kuantitas) VALUES (57, 'SKU000120', 1);
INSERT IGNORE INTO BarangKeranjang (id_keranjang, sku, kuantitas) VALUES (57, 'SKU000193', 1);
INSERT IGNORE INTO BarangKeranjang (id_keranjang, sku, kuantitas) VALUES (58, 'SKU000192', 3);
INSERT IGNORE INTO BarangKeranjang (id_keranjang, sku, kuantitas) VALUES (59, 'SKU000002', 3);
INSERT IGNORE INTO BarangKeranjang (id_keranjang, sku, kuantitas) VALUES (59, 'SKU000089', 2);
INSERT IGNORE INTO BarangKeranjang (id_keranjang, sku, kuantitas) VALUES (59, 'SKU000066', 1);
INSERT IGNORE INTO BarangKeranjang (id_keranjang, sku, kuantitas) VALUES (60, 'SKU000135', 2);
INSERT IGNORE INTO BarangKeranjang (id_keranjang, sku, kuantitas) VALUES (60, 'SKU000190', 3);
INSERT IGNORE INTO BarangKeranjang (id_keranjang, sku, kuantitas) VALUES (60, 'SKU000201', 2);
INSERT IGNORE INTO BarangKeranjang (id_keranjang, sku, kuantitas) VALUES (60, 'SKU000182', 2);
INSERT IGNORE INTO BarangKeranjang (id_keranjang, sku, kuantitas) VALUES (60, 'SKU000176', 3);

-- Pesanan
INSERT IGNORE INTO Pesanan (id_pesanan, id_pembeli, metode_pembayaran, metode_pengiriman, catatan, status_pesanan, waktu_pemesanan) VALUES (1, 57, 'ShopeePay', 'JNE Trucking', 'Nisi et repellat nihil tempora commodi illum consequatur.', 'Selesai', '2024-12-20 17:44:47');
INSERT IGNORE INTO Pesanan (id_pesanan, id_pembeli, metode_pembayaran, metode_pengiriman, catatan, status_pesanan, waktu_pemesanan) VALUES (2, 10, 'Kartu Kredit Visa', 'Anteraja Regular', NULL, 'Dikirim', '2025-01-22 12:22:47');
INSERT IGNORE INTO Pesanan (id_pesanan, id_pembeli, metode_pembayaran, metode_pengiriman, catatan, status_pesanan, waktu_pemesanan) VALUES (3, 27, 'Transfer Bank Mandiri', 'Sicepat HALU', NULL, 'Dikirim', '2025-04-17 10:55:47');
INSERT IGNORE INTO Pesanan (id_pesanan, id_pembeli, metode_pembayaran, metode_pengiriman, catatan, status_pesanan, waktu_pemesanan) VALUES (4, 52, 'Kartu Kredit Visa', 'Sicepat BEST', NULL, 'Pending', '2025-03-04 16:00:47');
INSERT IGNORE INTO Pesanan (id_pesanan, id_pembeli, metode_pembayaran, metode_pengiriman, catatan, status_pesanan, waktu_pemesanan) VALUES (5, 11, 'Kartu Kredit Visa', 'Sicepat BEST', NULL, 'Menunggu Pembayaran', '2024-12-10 13:33:47');
INSERT IGNORE INTO Pesanan (id_pesanan, id_pembeli, metode_pembayaran, metode_pengiriman, catatan, status_pesanan, waktu_pemesanan) VALUES (6, 39, 'ShopeePay', 'JNE Trucking', 'Magni suscipit aliquam incidunt sed sit rerum harum animi cumque placeat excepturi commodi.', 'Dibatalkan', '2024-12-12 09:55:47');
INSERT IGNORE INTO Pesanan (id_pesanan, id_pembeli, metode_pembayaran, metode_pengiriman, catatan, status_pesanan, waktu_pemesanan) VALUES (7, 58, 'Kartu Kredit Mastercard', 'Sicepat Gokil', NULL, 'Pending', '2024-11-23 14:47:47');
INSERT IGNORE INTO Pesanan (id_pesanan, id_pembeli, metode_pembayaran, metode_pengiriman, catatan, status_pesanan, waktu_pemesanan) VALUES (8, 50, 'GoPay', 'JNE Trucking', NULL, 'Pending', '2025-05-13 22:20:47');
INSERT IGNORE INTO Pesanan (id_pesanan, id_pembeli, metode_pembayaran, metode_pengiriman, catatan, status_pesanan, waktu_pemesanan) VALUES (9, 48, 'Indomaret', 'Gojek Instant', 'Maiores eum molestias provident voluptatibus blanditiis iure cum dicta eum harum quisquam.', 'Dikirim', '2025-04-23 02:07:47');
INSERT IGNORE INTO Pesanan (id_pesanan, id_pembeli, metode_pembayaran, metode_pengiriman, catatan, status_pesanan, waktu_pemesanan) VALUES (10, 24, 'GoPay', 'Gojek Instant', NULL, 'Dikirim', '2025-05-16 03:17:47');
INSERT IGNORE INTO Pesanan (id_pesanan, id_pembeli, metode_pembayaran, metode_pengiriman, catatan, status_pesanan, waktu_pemesanan) VALUES (11, 15, 'GoPay', 'J&T Express', NULL, 'Pengembalian Dana', '2025-02-02 18:59:47');
INSERT IGNORE INTO Pesanan (id_pesanan, id_pembeli, metode_pembayaran, metode_pengiriman, catatan, status_pesanan, waktu_pemesanan) VALUES (12, 44, 'COD', 'Sicepat BEST', 'Saepe ipsam dicta fugit soluta laboriosam necessitatibus modi.', 'Dikirim', '2025-03-17 02:19:47');
INSERT IGNORE INTO Pesanan (id_pesanan, id_pembeli, metode_pembayaran, metode_pengiriman, catatan, status_pesanan, waktu_pemesanan) VALUES (13, 14, 'Dana', 'POS Indonesia', NULL, 'Selesai', '2025-05-02 19:51:47');
INSERT IGNORE INTO Pesanan (id_pesanan, id_pembeli, metode_pembayaran, metode_pengiriman, catatan, status_pesanan, waktu_pemesanan) VALUES (14, 25, 'Alfamart', 'Sicepat HALU', 'Nulla officiis dolore sint sequi veniam totam rem totam saepe veniam molestiae eveniet voluptates odit facilis quaerat.', 'Dikirim', '2025-04-02 00:05:47');
INSERT IGNORE INTO Pesanan (id_pesanan, id_pembeli, metode_pembayaran, metode_pengiriman, catatan, status_pesanan, waktu_pemesanan) VALUES (15, 3, 'Dana', 'Sicepat HALU', NULL, 'Dibatalkan', '2025-01-31 23:30:47');
INSERT IGNORE INTO Pesanan (id_pesanan, id_pembeli, metode_pembayaran, metode_pengiriman, catatan, status_pesanan, waktu_pemesanan) VALUES (16, 4, 'Kartu Kredit Visa', 'Sicepat HALU', NULL, 'Dibatalkan', '2025-04-08 03:54:47');
INSERT IGNORE INTO Pesanan (id_pesanan, id_pembeli, metode_pembayaran, metode_pengiriman, catatan, status_pesanan, waktu_pemesanan) VALUES (17, 55, 'Kartu Kredit Mastercard', 'Ninja Xpress', NULL, 'Pending', '2025-05-09 22:10:47');
INSERT IGNORE INTO Pesanan (id_pesanan, id_pembeli, metode_pembayaran, metode_pengiriman, catatan, status_pesanan, waktu_pemesanan) VALUES (18, 18, 'Kartu Kredit Mastercard', 'Sicepat BEST', NULL, 'Dibatalkan', '2025-03-20 12:11:47');
INSERT IGNORE INTO Pesanan (id_pesanan, id_pembeli, metode_pembayaran, metode_pengiriman, catatan, status_pesanan, waktu_pemesanan) VALUES (19, 49, 'Indomaret', 'J&T Express', NULL, 'Menunggu Pembayaran', '2025-03-04 19:35:47');
INSERT IGNORE INTO Pesanan (id_pesanan, id_pembeli, metode_pembayaran, metode_pengiriman, catatan, status_pesanan, waktu_pemesanan) VALUES (20, 9, 'Kartu Kredit Visa', 'Gojek Instant', 'Dolorem reiciendis possimus ut voluptatem quasi velit ipsum.', 'Diproses', '2025-02-28 02:25:47');
INSERT IGNORE INTO Pesanan (id_pesanan, id_pembeli, metode_pembayaran, metode_pengiriman, catatan, status_pesanan, waktu_pemesanan) VALUES (21, 50, 'GoPay', 'Gojek Instant', NULL, 'Diproses', '2025-03-25 14:29:47');
INSERT IGNORE INTO Pesanan (id_pesanan, id_pembeli, metode_pembayaran, metode_pengiriman, catatan, status_pesanan, waktu_pemesanan) VALUES (22, 22, 'Dana', 'Gojek Instant', 'Iusto reiciendis molestiae voluptatem.', 'Pending', '2025-04-06 07:23:47');
INSERT IGNORE INTO Pesanan (id_pesanan, id_pembeli, metode_pembayaran, metode_pengiriman, catatan, status_pesanan, waktu_pemesanan) VALUES (23, 59, 'Indomaret', 'Sicepat HALU', NULL, 'Pengembalian Dana', '2024-12-09 07:31:47');
INSERT IGNORE INTO Pesanan (id_pesanan, id_pembeli, metode_pembayaran, metode_pengiriman, catatan, status_pesanan, waktu_pemesanan) VALUES (24, 1, 'OVO', 'Sicepat BEST', 'Omnis facere impedit error vel ab aliquam dolorum reprehenderit et.', 'Diproses', '2025-03-02 18:08:47');
INSERT IGNORE INTO Pesanan (id_pesanan, id_pembeli, metode_pembayaran, metode_pengiriman, catatan, status_pesanan, waktu_pemesanan) VALUES (25, 23, 'OVO', 'Sicepat HALU', NULL, 'Diproses', '2025-01-10 21:44:47');
INSERT IGNORE INTO Pesanan (id_pesanan, id_pembeli, metode_pembayaran, metode_pengiriman, catatan, status_pesanan, waktu_pemesanan) VALUES (26, 14, 'Alfamart', 'JNE REG', NULL, 'Dikirim', '2025-03-15 02:43:47');
INSERT IGNORE INTO Pesanan (id_pesanan, id_pembeli, metode_pembayaran, metode_pengiriman, catatan, status_pesanan, waktu_pemesanan) VALUES (27, 9, 'Alfamart', 'JNE Trucking', NULL, 'Pengembalian Dana', '2025-02-09 12:27:47');
INSERT IGNORE INTO Pesanan (id_pesanan, id_pembeli, metode_pembayaran, metode_pengiriman, catatan, status_pesanan, waktu_pemesanan) VALUES (28, 2, 'OVO', 'Sicepat Gokil', 'Eos repellendus ipsa illum.', 'Dibatalkan', '2025-05-12 09:56:47');
INSERT IGNORE INTO Pesanan (id_pesanan, id_pembeli, metode_pembayaran, metode_pengiriman, catatan, status_pesanan, waktu_pemesanan) VALUES (29, 38, 'Transfer Bank Mandiri', 'J&T Express', NULL, 'Dibatalkan', '2025-01-17 18:36:47');
INSERT IGNORE INTO Pesanan (id_pesanan, id_pembeli, metode_pembayaran, metode_pengiriman, catatan, status_pesanan, waktu_pemesanan) VALUES (30, 20, 'OVO', 'POS Indonesia', 'Neque reiciendis dicta libero esse dolore provident cupiditate nostrum.', 'Menunggu Pembayaran', '2025-03-09 08:38:47');
INSERT IGNORE INTO Pesanan (id_pesanan, id_pembeli, metode_pembayaran, metode_pengiriman, catatan, status_pesanan, waktu_pemesanan) VALUES (31, 20, 'Kartu Kredit Mastercard', 'Sicepat HALU', NULL, 'Selesai', '2025-02-01 23:10:47');
INSERT IGNORE INTO Pesanan (id_pesanan, id_pembeli, metode_pembayaran, metode_pengiriman, catatan, status_pesanan, waktu_pemesanan) VALUES (32, 33, 'Kartu Kredit Visa', 'POS Indonesia', NULL, 'Pending', '2024-12-29 10:47:47');
INSERT IGNORE INTO Pesanan (id_pesanan, id_pembeli, metode_pembayaran, metode_pengiriman, catatan, status_pesanan, waktu_pemesanan) VALUES (33, 30, 'Kartu Kredit Visa', 'Sicepat Gokil', 'Sequi quaerat earum minus suscipit.', 'Pending', '2025-04-27 01:18:47');
INSERT IGNORE INTO Pesanan (id_pesanan, id_pembeli, metode_pembayaran, metode_pengiriman, catatan, status_pesanan, waktu_pemesanan) VALUES (34, 45, 'Transfer Bank Mandiri', 'Anteraja Regular', 'Quaerat sapiente consequuntur recusandae dolorem consequatur ipsam ullam aliquam illo adipisci cupiditate adipisci.', 'Dikirim', '2025-04-21 23:14:47');
INSERT IGNORE INTO Pesanan (id_pesanan, id_pembeli, metode_pembayaran, metode_pengiriman, catatan, status_pesanan, waktu_pemesanan) VALUES (35, 55, 'Transfer Bank Mandiri', 'Sicepat BEST', 'Reprehenderit corporis similique ex aliquam maxime assumenda.', 'Dikirim', '2025-03-05 13:26:47');
INSERT IGNORE INTO Pesanan (id_pesanan, id_pembeli, metode_pembayaran, metode_pengiriman, catatan, status_pesanan, waktu_pemesanan) VALUES (36, 18, 'ShopeePay', 'Sicepat Gokil', NULL, 'Diproses', '2025-01-15 09:07:47');
INSERT IGNORE INTO Pesanan (id_pesanan, id_pembeli, metode_pembayaran, metode_pengiriman, catatan, status_pesanan, waktu_pemesanan) VALUES (37, 25, 'Virtual Account BNI', 'Ninja Xpress', NULL, 'Pending', '2025-01-01 03:14:47');
INSERT IGNORE INTO Pesanan (id_pesanan, id_pembeli, metode_pembayaran, metode_pengiriman, catatan, status_pesanan, waktu_pemesanan) VALUES (38, 39, 'Transfer Bank Mandiri', 'Anteraja Regular', NULL, 'Pending', '2025-01-18 00:12:47');
INSERT IGNORE INTO Pesanan (id_pesanan, id_pembeli, metode_pembayaran, metode_pengiriman, catatan, status_pesanan, waktu_pemesanan) VALUES (39, 39, 'Transfer Bank BCA', 'Sicepat BEST', NULL, 'Dikirim', '2025-01-01 16:58:47');
INSERT IGNORE INTO Pesanan (id_pesanan, id_pembeli, metode_pembayaran, metode_pengiriman, catatan, status_pesanan, waktu_pemesanan) VALUES (40, 59, 'COD', 'Gojek Instant', NULL, 'Pending', '2025-01-13 08:24:47');
INSERT IGNORE INTO Pesanan (id_pesanan, id_pembeli, metode_pembayaran, metode_pengiriman, catatan, status_pesanan, waktu_pemesanan) VALUES (41, 11, 'Virtual Account BNI', 'Grab SameDay', NULL, 'Selesai', '2024-12-05 17:05:47');
INSERT IGNORE INTO Pesanan (id_pesanan, id_pembeli, metode_pembayaran, metode_pengiriman, catatan, status_pesanan, waktu_pemesanan) VALUES (42, 59, 'Indomaret', 'Gojek Instant', NULL, 'Pengembalian Dana', '2024-11-28 05:45:47');
INSERT IGNORE INTO Pesanan (id_pesanan, id_pembeli, metode_pembayaran, metode_pengiriman, catatan, status_pesanan, waktu_pemesanan) VALUES (43, 49, 'GoPay', 'JNE YES', 'Recusandae modi quisquam reprehenderit magni quo aut provident consectetur ullam earum modi autem illum.', 'Menunggu Pembayaran', '2025-01-16 11:48:47');
INSERT IGNORE INTO Pesanan (id_pesanan, id_pembeli, metode_pembayaran, metode_pengiriman, catatan, status_pesanan, waktu_pemesanan) VALUES (44, 15, 'Virtual Account BNI', 'Sicepat BEST', NULL, 'Pending', '2024-12-20 23:53:47');
INSERT IGNORE INTO Pesanan (id_pesanan, id_pembeli, metode_pembayaran, metode_pengiriman, catatan, status_pesanan, waktu_pemesanan) VALUES (45, 23, 'Dana', 'Gojek Instant', NULL, 'Diproses', '2025-04-05 13:28:47');
INSERT IGNORE INTO Pesanan (id_pesanan, id_pembeli, metode_pembayaran, metode_pengiriman, catatan, status_pesanan, waktu_pemesanan) VALUES (46, 36, 'Alfamart', 'Sicepat HALU', NULL, 'Pengembalian Dana', '2025-05-11 11:15:47');
INSERT IGNORE INTO Pesanan (id_pesanan, id_pembeli, metode_pembayaran, metode_pengiriman, catatan, status_pesanan, waktu_pemesanan) VALUES (47, 57, 'OVO', 'JNE YES', NULL, 'Dikirim', '2024-12-15 02:29:47');
INSERT IGNORE INTO Pesanan (id_pesanan, id_pembeli, metode_pembayaran, metode_pengiriman, catatan, status_pesanan, waktu_pemesanan) VALUES (48, 3, 'Indomaret', 'Sicepat HALU', 'Quidem dolor rem dolor pariatur natus cupiditate possimus recusandae ipsa harum odit.', 'Diproses', '2024-12-12 19:47:47');
INSERT IGNORE INTO Pesanan (id_pesanan, id_pembeli, metode_pembayaran, metode_pengiriman, catatan, status_pesanan, waktu_pemesanan) VALUES (49, 41, 'Kartu Kredit Visa', 'JNE Trucking', NULL, 'Dikirim', '2025-02-11 01:18:47');
INSERT IGNORE INTO Pesanan (id_pesanan, id_pembeli, metode_pembayaran, metode_pengiriman, catatan, status_pesanan, waktu_pemesanan) VALUES (50, 11, 'Dana', 'J&T Express', 'Voluptates quos repellendus quaerat inventore autem quibusdam ut a saepe.', 'Dikirim', '2025-03-20 12:01:47');
INSERT IGNORE INTO Pesanan (id_pesanan, id_pembeli, metode_pembayaran, metode_pengiriman, catatan, status_pesanan, waktu_pemesanan) VALUES (51, 26, 'OVO', 'Gojek Instant', 'Assumenda magni mollitia reiciendis deleniti labore veniam et deleniti odio accusamus illum repudiandae sapiente consectetur.', 'Selesai', '2025-03-07 23:56:47');
INSERT IGNORE INTO Pesanan (id_pesanan, id_pembeli, metode_pembayaran, metode_pengiriman, catatan, status_pesanan, waktu_pemesanan) VALUES (52, 7, 'ShopeePay', 'POS Indonesia', NULL, 'Pending', '2024-11-30 00:22:47');
INSERT IGNORE INTO Pesanan (id_pesanan, id_pembeli, metode_pembayaran, metode_pengiriman, catatan, status_pesanan, waktu_pemesanan) VALUES (53, 30, 'ShopeePay', 'Grab SameDay', NULL, 'Dikirim', '2024-12-07 18:54:47');
INSERT IGNORE INTO Pesanan (id_pesanan, id_pembeli, metode_pembayaran, metode_pengiriman, catatan, status_pesanan, waktu_pemesanan) VALUES (54, 54, 'Indomaret', 'Sicepat Gokil', 'Enim id esse porro voluptates enim quibusdam.', 'Diproses', '2024-12-04 03:45:47');
INSERT IGNORE INTO Pesanan (id_pesanan, id_pembeli, metode_pembayaran, metode_pengiriman, catatan, status_pesanan, waktu_pemesanan) VALUES (55, 7, 'Kartu Kredit Visa', 'Anteraja Regular', 'Earum molestias exercitationem delectus ut fugit veniam beatae mollitia deserunt.', 'Menunggu Pembayaran', '2025-02-27 11:28:47');
INSERT IGNORE INTO Pesanan (id_pesanan, id_pembeli, metode_pembayaran, metode_pengiriman, catatan, status_pesanan, waktu_pemesanan) VALUES (56, 36, 'Kartu Kredit Visa', 'JNE Trucking', NULL, 'Dikirim', '2025-03-03 01:06:47');
INSERT IGNORE INTO Pesanan (id_pesanan, id_pembeli, metode_pembayaran, metode_pengiriman, catatan, status_pesanan, waktu_pemesanan) VALUES (57, 38, 'OVO', 'JNE YES', NULL, 'Pending', '2025-02-03 11:39:47');
INSERT IGNORE INTO Pesanan (id_pesanan, id_pembeli, metode_pembayaran, metode_pengiriman, catatan, status_pesanan, waktu_pemesanan) VALUES (58, 23, 'Kartu Kredit Visa', 'Grab SameDay', 'Impedit aliquam saepe id aliquam impedit.', 'Pending', '2025-02-12 14:20:47');
INSERT IGNORE INTO Pesanan (id_pesanan, id_pembeli, metode_pembayaran, metode_pengiriman, catatan, status_pesanan, waktu_pemesanan) VALUES (59, 21, 'Transfer Bank Mandiri', 'Ninja Xpress', 'Minima eveniet aut deleniti quibusdam perspiciatis amet tempora voluptatem.', 'Diproses', '2024-12-06 11:19:47');
INSERT IGNORE INTO Pesanan (id_pesanan, id_pembeli, metode_pembayaran, metode_pengiriman, catatan, status_pesanan, waktu_pemesanan) VALUES (60, 15, 'COD', 'JNE Trucking', NULL, 'Dikirim', '2025-05-02 00:04:47');
INSERT IGNORE INTO Pesanan (id_pesanan, id_pembeli, metode_pembayaran, metode_pengiriman, catatan, status_pesanan, waktu_pemesanan) VALUES (61, 15, 'COD', 'Sicepat Gokil', NULL, 'Menunggu Pembayaran', '2025-02-10 05:14:47');
INSERT IGNORE INTO Pesanan (id_pesanan, id_pembeli, metode_pembayaran, metode_pengiriman, catatan, status_pesanan, waktu_pemesanan) VALUES (62, 45, 'Indomaret', 'Gojek Instant', NULL, 'Selesai', '2024-12-29 20:28:47');
INSERT IGNORE INTO Pesanan (id_pesanan, id_pembeli, metode_pembayaran, metode_pengiriman, catatan, status_pesanan, waktu_pemesanan) VALUES (63, 26, 'Kartu Kredit Visa', 'Sicepat BEST', NULL, 'Dibatalkan', '2025-03-02 05:54:47');
INSERT IGNORE INTO Pesanan (id_pesanan, id_pembeli, metode_pembayaran, metode_pengiriman, catatan, status_pesanan, waktu_pemesanan) VALUES (64, 39, 'Alfamart', 'JNE YES', NULL, 'Pending', '2025-03-14 13:41:47');
INSERT IGNORE INTO Pesanan (id_pesanan, id_pembeli, metode_pembayaran, metode_pengiriman, catatan, status_pesanan, waktu_pemesanan) VALUES (65, 35, 'Transfer Bank BCA', 'Gojek Instant', 'Eaque blanditiis perspiciatis necessitatibus suscipit quis perspiciatis quidem esse pariatur consequuntur optio neque magni.', 'Pending', '2025-02-21 01:53:47');
INSERT IGNORE INTO Pesanan (id_pesanan, id_pembeli, metode_pembayaran, metode_pengiriman, catatan, status_pesanan, waktu_pemesanan) VALUES (66, 40, 'GoPay', 'POS Indonesia', NULL, 'Menunggu Pembayaran', '2025-03-11 08:42:47');
INSERT IGNORE INTO Pesanan (id_pesanan, id_pembeli, metode_pembayaran, metode_pengiriman, catatan, status_pesanan, waktu_pemesanan) VALUES (67, 54, 'Dana', 'POS Indonesia', NULL, 'Dikirim', '2025-01-11 03:07:47');
INSERT IGNORE INTO Pesanan (id_pesanan, id_pembeli, metode_pembayaran, metode_pengiriman, catatan, status_pesanan, waktu_pemesanan) VALUES (68, 37, 'Indomaret', 'Gojek Instant', 'Aperiam nam sapiente recusandae hic iure soluta.', 'Pengembalian Dana', '2025-04-16 15:00:47');
INSERT IGNORE INTO Pesanan (id_pesanan, id_pembeli, metode_pembayaran, metode_pengiriman, catatan, status_pesanan, waktu_pemesanan) VALUES (69, 58, 'OVO', 'Sicepat BEST', NULL, 'Diproses', '2025-02-14 16:49:47');
INSERT IGNORE INTO Pesanan (id_pesanan, id_pembeli, metode_pembayaran, metode_pengiriman, catatan, status_pesanan, waktu_pemesanan) VALUES (70, 57, 'OVO', 'JNE Trucking', NULL, 'Dikirim', '2025-04-15 19:48:47');
INSERT IGNORE INTO Pesanan (id_pesanan, id_pembeli, metode_pembayaran, metode_pengiriman, catatan, status_pesanan, waktu_pemesanan) VALUES (71, 60, 'Transfer Bank BCA', 'Sicepat HALU', NULL, 'Menunggu Pembayaran', '2025-05-03 18:13:47');
INSERT IGNORE INTO Pesanan (id_pesanan, id_pembeli, metode_pembayaran, metode_pengiriman, catatan, status_pesanan, waktu_pemesanan) VALUES (72, 10, 'Transfer Bank BCA', 'JNE REG', NULL, 'Selesai', '2025-03-09 15:31:47');
INSERT IGNORE INTO Pesanan (id_pesanan, id_pembeli, metode_pembayaran, metode_pengiriman, catatan, status_pesanan, waktu_pemesanan) VALUES (73, 49, 'GoPay', 'Ninja Xpress', NULL, 'Menunggu Pembayaran', '2024-12-04 16:01:47');
INSERT IGNORE INTO Pesanan (id_pesanan, id_pembeli, metode_pembayaran, metode_pengiriman, catatan, status_pesanan, waktu_pemesanan) VALUES (74, 21, 'Alfamart', 'Sicepat HALU', 'Harum nobis pariatur a officia consectetur.', 'Menunggu Pembayaran', '2025-05-07 08:15:47');
INSERT IGNORE INTO Pesanan (id_pesanan, id_pembeli, metode_pembayaran, metode_pengiriman, catatan, status_pesanan, waktu_pemesanan) VALUES (75, 2, 'ShopeePay', 'Sicepat Gokil', NULL, 'Dibatalkan', '2025-01-23 15:01:47');
INSERT IGNORE INTO Pesanan (id_pesanan, id_pembeli, metode_pembayaran, metode_pengiriman, catatan, status_pesanan, waktu_pemesanan) VALUES (76, 41, 'GoPay', 'Grab SameDay', NULL, 'Diproses', '2024-11-25 04:06:47');
INSERT IGNORE INTO Pesanan (id_pesanan, id_pembeli, metode_pembayaran, metode_pengiriman, catatan, status_pesanan, waktu_pemesanan) VALUES (77, 19, 'Transfer Bank BCA', 'Grab SameDay', 'Laudantium quisquam suscipit quos neque doloremque.', 'Selesai', '2025-01-06 17:21:47');
INSERT IGNORE INTO Pesanan (id_pesanan, id_pembeli, metode_pembayaran, metode_pengiriman, catatan, status_pesanan, waktu_pemesanan) VALUES (78, 57, 'Indomaret', 'Anteraja Regular', NULL, 'Dikirim', '2025-01-29 15:15:47');
INSERT IGNORE INTO Pesanan (id_pesanan, id_pembeli, metode_pembayaran, metode_pengiriman, catatan, status_pesanan, waktu_pemesanan) VALUES (79, 31, 'Indomaret', 'Anteraja Regular', 'Totam quisquam dignissimos consequatur sapiente quos ullam perspiciatis explicabo laboriosam cumque.', 'Diproses', '2025-01-09 01:58:47');
INSERT IGNORE INTO Pesanan (id_pesanan, id_pembeli, metode_pembayaran, metode_pengiriman, catatan, status_pesanan, waktu_pemesanan) VALUES (80, 56, 'COD', 'JNE REG', NULL, 'Selesai', '2024-12-02 00:10:47');
INSERT IGNORE INTO Pesanan (id_pesanan, id_pembeli, metode_pembayaran, metode_pengiriman, catatan, status_pesanan, waktu_pemesanan) VALUES (81, 59, 'Transfer Bank BCA', 'Sicepat BEST', NULL, 'Pengembalian Dana', '2025-01-23 02:41:47');
INSERT IGNORE INTO Pesanan (id_pesanan, id_pembeli, metode_pembayaran, metode_pengiriman, catatan, status_pesanan, waktu_pemesanan) VALUES (82, 4, 'COD', 'JNE Trucking', NULL, 'Pengembalian Dana', '2024-12-15 14:28:47');
INSERT IGNORE INTO Pesanan (id_pesanan, id_pembeli, metode_pembayaran, metode_pengiriman, catatan, status_pesanan, waktu_pemesanan) VALUES (83, 48, 'ShopeePay', 'JNE REG', 'Doloribus aliquam velit expedita tempora corrupti accusantium.', 'Diproses', '2025-04-02 11:35:47');
INSERT IGNORE INTO Pesanan (id_pesanan, id_pembeli, metode_pembayaran, metode_pengiriman, catatan, status_pesanan, waktu_pemesanan) VALUES (84, 56, 'Indomaret', 'JNE YES', NULL, 'Menunggu Pembayaran', '2025-02-24 15:58:47');
INSERT IGNORE INTO Pesanan (id_pesanan, id_pembeli, metode_pembayaran, metode_pengiriman, catatan, status_pesanan, waktu_pemesanan) VALUES (85, 57, 'Virtual Account BNI', 'JNE Trucking', NULL, 'Selesai', '2025-02-22 12:59:47');
INSERT IGNORE INTO Pesanan (id_pesanan, id_pembeli, metode_pembayaran, metode_pengiriman, catatan, status_pesanan, waktu_pemesanan) VALUES (86, 49, 'Transfer Bank BCA', 'Sicepat HALU', 'Distinctio vel est suscipit libero soluta nam quis.', 'Menunggu Pembayaran', '2025-03-17 12:30:47');
INSERT IGNORE INTO Pesanan (id_pesanan, id_pembeli, metode_pembayaran, metode_pengiriman, catatan, status_pesanan, waktu_pemesanan) VALUES (87, 46, 'Transfer Bank Mandiri', 'POS Indonesia', NULL, 'Pengembalian Dana', '2025-05-01 13:35:47');
INSERT IGNORE INTO Pesanan (id_pesanan, id_pembeli, metode_pembayaran, metode_pengiriman, catatan, status_pesanan, waktu_pemesanan) VALUES (88, 52, 'Dana', 'Gojek Instant', NULL, 'Diproses', '2024-11-30 22:55:47');
INSERT IGNORE INTO Pesanan (id_pesanan, id_pembeli, metode_pembayaran, metode_pengiriman, catatan, status_pesanan, waktu_pemesanan) VALUES (89, 42, 'Indomaret', 'JNE YES', NULL, 'Selesai', '2025-05-10 11:09:47');
INSERT IGNORE INTO Pesanan (id_pesanan, id_pembeli, metode_pembayaran, metode_pengiriman, catatan, status_pesanan, waktu_pemesanan) VALUES (90, 57, 'Indomaret', 'JNE REG', NULL, 'Dibatalkan', '2024-12-06 00:07:47');
INSERT IGNORE INTO Pesanan (id_pesanan, id_pembeli, metode_pembayaran, metode_pengiriman, catatan, status_pesanan, waktu_pemesanan) VALUES (91, 16, 'ShopeePay', 'Ninja Xpress', NULL, 'Selesai', '2024-12-13 18:20:47');
INSERT IGNORE INTO Pesanan (id_pesanan, id_pembeli, metode_pembayaran, metode_pengiriman, catatan, status_pesanan, waktu_pemesanan) VALUES (92, 56, 'GoPay', 'Ninja Xpress', NULL, 'Menunggu Pembayaran', '2025-02-21 14:21:47');
INSERT IGNORE INTO Pesanan (id_pesanan, id_pembeli, metode_pembayaran, metode_pengiriman, catatan, status_pesanan, waktu_pemesanan) VALUES (93, 35, 'Transfer Bank BCA', 'Sicepat HALU', 'Maiores ducimus recusandae fugit.', 'Pengembalian Dana', '2025-01-07 21:39:47');
INSERT IGNORE INTO Pesanan (id_pesanan, id_pembeli, metode_pembayaran, metode_pengiriman, catatan, status_pesanan, waktu_pemesanan) VALUES (94, 44, 'Transfer Bank Mandiri', 'Sicepat Gokil', NULL, 'Dibatalkan', '2025-01-01 04:42:47');
INSERT IGNORE INTO Pesanan (id_pesanan, id_pembeli, metode_pembayaran, metode_pengiriman, catatan, status_pesanan, waktu_pemesanan) VALUES (95, 3, 'OVO', 'Sicepat Gokil', 'Eum quam commodi libero laudantium.', 'Pending', '2025-01-11 05:39:47');
INSERT IGNORE INTO Pesanan (id_pesanan, id_pembeli, metode_pembayaran, metode_pengiriman, catatan, status_pesanan, waktu_pemesanan) VALUES (96, 7, 'GoPay', 'POS Indonesia', 'Ipsum numquam suscipit sit.', 'Selesai', '2025-04-01 04:17:47');
INSERT IGNORE INTO Pesanan (id_pesanan, id_pembeli, metode_pembayaran, metode_pengiriman, catatan, status_pesanan, waktu_pemesanan) VALUES (97, 43, 'ShopeePay', 'Grab SameDay', NULL, 'Diproses', '2025-01-05 05:16:47');
INSERT IGNORE INTO Pesanan (id_pesanan, id_pembeli, metode_pembayaran, metode_pengiriman, catatan, status_pesanan, waktu_pemesanan) VALUES (98, 30, 'Transfer Bank BCA', 'JNE REG', NULL, 'Pengembalian Dana', '2024-12-03 00:58:47');
INSERT IGNORE INTO Pesanan (id_pesanan, id_pembeli, metode_pembayaran, metode_pengiriman, catatan, status_pesanan, waktu_pemesanan) VALUES (99, 5, 'OVO', 'J&T Express', NULL, 'Selesai', '2024-12-30 00:09:47');
INSERT IGNORE INTO Pesanan (id_pesanan, id_pembeli, metode_pembayaran, metode_pengiriman, catatan, status_pesanan, waktu_pemesanan) VALUES (100, 10, 'COD', 'POS Indonesia', NULL, 'Pengembalian Dana', '2025-02-25 14:50:47');

-- BarangPesanan
INSERT IGNORE INTO BarangPesanan (id_pesanan, sku, kuantitas) VALUES (1, 'SKU000052', 2);
INSERT IGNORE INTO BarangPesanan (id_pesanan, sku, kuantitas) VALUES (2, 'SKU000135', 1);
INSERT IGNORE INTO BarangPesanan (id_pesanan, sku, kuantitas) VALUES (2, 'SKU000166', 2);
INSERT IGNORE INTO BarangPesanan (id_pesanan, sku, kuantitas) VALUES (2, 'SKU000084', 1);
INSERT IGNORE INTO BarangPesanan (id_pesanan, sku, kuantitas) VALUES (3, 'SKU000212', 2);
INSERT IGNORE INTO BarangPesanan (id_pesanan, sku, kuantitas) VALUES (4, 'SKU000055', 1);
INSERT IGNORE INTO BarangPesanan (id_pesanan, sku, kuantitas) VALUES (4, 'SKU000054', 1);
INSERT IGNORE INTO BarangPesanan (id_pesanan, sku, kuantitas) VALUES (5, 'SKU000146', 2);
INSERT IGNORE INTO BarangPesanan (id_pesanan, sku, kuantitas) VALUES (5, 'SKU000163', 1);
INSERT IGNORE INTO BarangPesanan (id_pesanan, sku, kuantitas) VALUES (6, 'SKU000017', 2);
INSERT IGNORE INTO BarangPesanan (id_pesanan, sku, kuantitas) VALUES (6, 'SKU000210', 1);
INSERT IGNORE INTO BarangPesanan (id_pesanan, sku, kuantitas) VALUES (7, 'SKU000056', 2);
INSERT IGNORE INTO BarangPesanan (id_pesanan, sku, kuantitas) VALUES (7, 'SKU000146', 2);
INSERT IGNORE INTO BarangPesanan (id_pesanan, sku, kuantitas) VALUES (7, 'SKU000024', 2);
INSERT IGNORE INTO BarangPesanan (id_pesanan, sku, kuantitas) VALUES (8, 'SKU000099', 2);
INSERT IGNORE INTO BarangPesanan (id_pesanan, sku, kuantitas) VALUES (8, 'SKU000127', 2);
INSERT IGNORE INTO BarangPesanan (id_pesanan, sku, kuantitas) VALUES (8, 'SKU000044', 1);
INSERT IGNORE INTO BarangPesanan (id_pesanan, sku, kuantitas) VALUES (8, 'SKU000182', 1);
INSERT IGNORE INTO BarangPesanan (id_pesanan, sku, kuantitas) VALUES (9, 'SKU000154', 2);
INSERT IGNORE INTO BarangPesanan (id_pesanan, sku, kuantitas) VALUES (9, 'SKU000103', 2);
INSERT IGNORE INTO BarangPesanan (id_pesanan, sku, kuantitas) VALUES (10, 'SKU000166', 1);
INSERT IGNORE INTO BarangPesanan (id_pesanan, sku, kuantitas) VALUES (10, 'SKU000004', 2);
INSERT IGNORE INTO BarangPesanan (id_pesanan, sku, kuantitas) VALUES (10, 'SKU000099', 2);
INSERT IGNORE INTO BarangPesanan (id_pesanan, sku, kuantitas) VALUES (11, 'SKU000191', 2);
INSERT IGNORE INTO BarangPesanan (id_pesanan, sku, kuantitas) VALUES (11, 'SKU000022', 1);
INSERT IGNORE INTO BarangPesanan (id_pesanan, sku, kuantitas) VALUES (11, 'SKU000032', 2);
INSERT IGNORE INTO BarangPesanan (id_pesanan, sku, kuantitas) VALUES (11, 'SKU000049', 2);
INSERT IGNORE INTO BarangPesanan (id_pesanan, sku, kuantitas) VALUES (12, 'SKU000156', 1);
INSERT IGNORE INTO BarangPesanan (id_pesanan, sku, kuantitas) VALUES (12, 'SKU000032', 2);
INSERT IGNORE INTO BarangPesanan (id_pesanan, sku, kuantitas) VALUES (13, 'SKU000171', 1);
INSERT IGNORE INTO BarangPesanan (id_pesanan, sku, kuantitas) VALUES (13, 'SKU000042', 1);
INSERT IGNORE INTO BarangPesanan (id_pesanan, sku, kuantitas) VALUES (13, 'SKU000148', 1);
INSERT IGNORE INTO BarangPesanan (id_pesanan, sku, kuantitas) VALUES (13, 'SKU000075', 2);
INSERT IGNORE INTO BarangPesanan (id_pesanan, sku, kuantitas) VALUES (14, 'SKU000127', 1);
INSERT IGNORE INTO BarangPesanan (id_pesanan, sku, kuantitas) VALUES (14, 'SKU000195', 2);
INSERT IGNORE INTO BarangPesanan (id_pesanan, sku, kuantitas) VALUES (14, 'SKU000125', 1);
INSERT IGNORE INTO BarangPesanan (id_pesanan, sku, kuantitas) VALUES (15, 'SKU000212', 2);
INSERT IGNORE INTO BarangPesanan (id_pesanan, sku, kuantitas) VALUES (15, 'SKU000014', 1);
INSERT IGNORE INTO BarangPesanan (id_pesanan, sku, kuantitas) VALUES (15, 'SKU000134', 1);
INSERT IGNORE INTO BarangPesanan (id_pesanan, sku, kuantitas) VALUES (15, 'SKU000041', 2);
INSERT IGNORE INTO BarangPesanan (id_pesanan, sku, kuantitas) VALUES (16, 'SKU000172', 1);
INSERT IGNORE INTO BarangPesanan (id_pesanan, sku, kuantitas) VALUES (16, 'SKU000137', 2);
INSERT IGNORE INTO BarangPesanan (id_pesanan, sku, kuantitas) VALUES (16, 'SKU000198', 2);
INSERT IGNORE INTO BarangPesanan (id_pesanan, sku, kuantitas) VALUES (16, 'SKU000065', 1);
INSERT IGNORE INTO BarangPesanan (id_pesanan, sku, kuantitas) VALUES (17, 'SKU000209', 2);
INSERT IGNORE INTO BarangPesanan (id_pesanan, sku, kuantitas) VALUES (18, 'SKU000189', 2);
INSERT IGNORE INTO BarangPesanan (id_pesanan, sku, kuantitas) VALUES (18, 'SKU000207', 2);
INSERT IGNORE INTO BarangPesanan (id_pesanan, sku, kuantitas) VALUES (19, 'SKU000040', 2);
INSERT IGNORE INTO BarangPesanan (id_pesanan, sku, kuantitas) VALUES (20, 'SKU000180', 2);
INSERT IGNORE INTO BarangPesanan (id_pesanan, sku, kuantitas) VALUES (21, 'SKU000154', 1);
INSERT IGNORE INTO BarangPesanan (id_pesanan, sku, kuantitas) VALUES (22, 'SKU000091', 1);
INSERT IGNORE INTO BarangPesanan (id_pesanan, sku, kuantitas) VALUES (22, 'SKU000087', 2);
INSERT IGNORE INTO BarangPesanan (id_pesanan, sku, kuantitas) VALUES (22, 'SKU000143', 1);
INSERT IGNORE INTO BarangPesanan (id_pesanan, sku, kuantitas) VALUES (22, 'SKU000020', 2);
INSERT IGNORE INTO BarangPesanan (id_pesanan, sku, kuantitas) VALUES (23, 'SKU000034', 2);
INSERT IGNORE INTO BarangPesanan (id_pesanan, sku, kuantitas) VALUES (24, 'SKU000194', 2);
INSERT IGNORE INTO BarangPesanan (id_pesanan, sku, kuantitas) VALUES (24, 'SKU000010', 1);
INSERT IGNORE INTO BarangPesanan (id_pesanan, sku, kuantitas) VALUES (24, 'SKU000049', 2);
INSERT IGNORE INTO BarangPesanan (id_pesanan, sku, kuantitas) VALUES (25, 'SKU000120', 1);
INSERT IGNORE INTO BarangPesanan (id_pesanan, sku, kuantitas) VALUES (25, 'SKU000011', 1);
INSERT IGNORE INTO BarangPesanan (id_pesanan, sku, kuantitas) VALUES (26, 'SKU000213', 1);
INSERT IGNORE INTO BarangPesanan (id_pesanan, sku, kuantitas) VALUES (26, 'SKU000196', 1);
INSERT IGNORE INTO BarangPesanan (id_pesanan, sku, kuantitas) VALUES (26, 'SKU000201', 1);
INSERT IGNORE INTO BarangPesanan (id_pesanan, sku, kuantitas) VALUES (26, 'SKU000066', 2);
INSERT IGNORE INTO BarangPesanan (id_pesanan, sku, kuantitas) VALUES (27, 'SKU000101', 2);
INSERT IGNORE INTO BarangPesanan (id_pesanan, sku, kuantitas) VALUES (27, 'SKU000094', 2);
INSERT IGNORE INTO BarangPesanan (id_pesanan, sku, kuantitas) VALUES (27, 'SKU000060', 1);
INSERT IGNORE INTO BarangPesanan (id_pesanan, sku, kuantitas) VALUES (27, 'SKU000086', 2);
INSERT IGNORE INTO BarangPesanan (id_pesanan, sku, kuantitas) VALUES (28, 'SKU000024', 2);
INSERT IGNORE INTO BarangPesanan (id_pesanan, sku, kuantitas) VALUES (28, 'SKU000010', 1);
INSERT IGNORE INTO BarangPesanan (id_pesanan, sku, kuantitas) VALUES (29, 'SKU000109', 1);
INSERT IGNORE INTO BarangPesanan (id_pesanan, sku, kuantitas) VALUES (29, 'SKU000096', 2);
INSERT IGNORE INTO BarangPesanan (id_pesanan, sku, kuantitas) VALUES (29, 'SKU000095', 1);
INSERT IGNORE INTO BarangPesanan (id_pesanan, sku, kuantitas) VALUES (30, 'SKU000065', 2);
INSERT IGNORE INTO BarangPesanan (id_pesanan, sku, kuantitas) VALUES (30, 'SKU000050', 1);
INSERT IGNORE INTO BarangPesanan (id_pesanan, sku, kuantitas) VALUES (30, 'SKU000066', 2);
INSERT IGNORE INTO BarangPesanan (id_pesanan, sku, kuantitas) VALUES (31, 'SKU000136', 1);
INSERT IGNORE INTO BarangPesanan (id_pesanan, sku, kuantitas) VALUES (31, 'SKU000145', 2);
INSERT IGNORE INTO BarangPesanan (id_pesanan, sku, kuantitas) VALUES (31, 'SKU000031', 1);
INSERT IGNORE INTO BarangPesanan (id_pesanan, sku, kuantitas) VALUES (31, 'SKU000179', 1);
INSERT IGNORE INTO BarangPesanan (id_pesanan, sku, kuantitas) VALUES (32, 'SKU000156', 2);
INSERT IGNORE INTO BarangPesanan (id_pesanan, sku, kuantitas) VALUES (32, 'SKU000015', 1);
INSERT IGNORE INTO BarangPesanan (id_pesanan, sku, kuantitas) VALUES (32, 'SKU000139', 2);
INSERT IGNORE INTO BarangPesanan (id_pesanan, sku, kuantitas) VALUES (32, 'SKU000187', 1);
INSERT IGNORE INTO BarangPesanan (id_pesanan, sku, kuantitas) VALUES (33, 'SKU000211', 1);
INSERT IGNORE INTO BarangPesanan (id_pesanan, sku, kuantitas) VALUES (33, 'SKU000012', 2);
INSERT IGNORE INTO BarangPesanan (id_pesanan, sku, kuantitas) VALUES (33, 'SKU000024', 2);
INSERT IGNORE INTO BarangPesanan (id_pesanan, sku, kuantitas) VALUES (33, 'SKU000019', 2);
INSERT IGNORE INTO BarangPesanan (id_pesanan, sku, kuantitas) VALUES (34, 'SKU000167', 2);
INSERT IGNORE INTO BarangPesanan (id_pesanan, sku, kuantitas) VALUES (35, 'SKU000061', 1);
INSERT IGNORE INTO BarangPesanan (id_pesanan, sku, kuantitas) VALUES (35, 'SKU000150', 1);
INSERT IGNORE INTO BarangPesanan (id_pesanan, sku, kuantitas) VALUES (35, 'SKU000072', 1);
INSERT IGNORE INTO BarangPesanan (id_pesanan, sku, kuantitas) VALUES (36, 'SKU000009', 1);
INSERT IGNORE INTO BarangPesanan (id_pesanan, sku, kuantitas) VALUES (36, 'SKU000101', 1);
INSERT IGNORE INTO BarangPesanan (id_pesanan, sku, kuantitas) VALUES (36, 'SKU000026', 1);
INSERT IGNORE INTO BarangPesanan (id_pesanan, sku, kuantitas) VALUES (36, 'SKU000015', 1);
INSERT IGNORE INTO BarangPesanan (id_pesanan, sku, kuantitas) VALUES (37, 'SKU000110', 2);
INSERT IGNORE INTO BarangPesanan (id_pesanan, sku, kuantitas) VALUES (37, 'SKU000166', 2);
INSERT IGNORE INTO BarangPesanan (id_pesanan, sku, kuantitas) VALUES (37, 'SKU000188', 1);
INSERT IGNORE INTO BarangPesanan (id_pesanan, sku, kuantitas) VALUES (38, 'SKU000118', 1);
INSERT IGNORE INTO BarangPesanan (id_pesanan, sku, kuantitas) VALUES (39, 'SKU000054', 1);
INSERT IGNORE INTO BarangPesanan (id_pesanan, sku, kuantitas) VALUES (39, 'SKU000171', 1);
INSERT IGNORE INTO BarangPesanan (id_pesanan, sku, kuantitas) VALUES (40, 'SKU000092', 1);
INSERT IGNORE INTO BarangPesanan (id_pesanan, sku, kuantitas) VALUES (40, 'SKU000003', 1);
INSERT IGNORE INTO BarangPesanan (id_pesanan, sku, kuantitas) VALUES (40, 'SKU000001', 1);
INSERT IGNORE INTO BarangPesanan (id_pesanan, sku, kuantitas) VALUES (41, 'SKU000051', 2);
INSERT IGNORE INTO BarangPesanan (id_pesanan, sku, kuantitas) VALUES (41, 'SKU000154', 1);
INSERT IGNORE INTO BarangPesanan (id_pesanan, sku, kuantitas) VALUES (42, 'SKU000089', 1);
INSERT IGNORE INTO BarangPesanan (id_pesanan, sku, kuantitas) VALUES (42, 'SKU000087', 1);
INSERT IGNORE INTO BarangPesanan (id_pesanan, sku, kuantitas) VALUES (42, 'SKU000038', 1);
INSERT IGNORE INTO BarangPesanan (id_pesanan, sku, kuantitas) VALUES (42, 'SKU000044', 1);
INSERT IGNORE INTO BarangPesanan (id_pesanan, sku, kuantitas) VALUES (43, 'SKU000056', 1);
INSERT IGNORE INTO BarangPesanan (id_pesanan, sku, kuantitas) VALUES (43, 'SKU000215', 1);
INSERT IGNORE INTO BarangPesanan (id_pesanan, sku, kuantitas) VALUES (43, 'SKU000006', 2);
INSERT IGNORE INTO BarangPesanan (id_pesanan, sku, kuantitas) VALUES (43, 'SKU000201', 1);
INSERT IGNORE INTO BarangPesanan (id_pesanan, sku, kuantitas) VALUES (44, 'SKU000075', 2);
INSERT IGNORE INTO BarangPesanan (id_pesanan, sku, kuantitas) VALUES (44, 'SKU000060', 2);
INSERT IGNORE INTO BarangPesanan (id_pesanan, sku, kuantitas) VALUES (45, 'SKU000004', 2);
INSERT IGNORE INTO BarangPesanan (id_pesanan, sku, kuantitas) VALUES (45, 'SKU000072', 1);
INSERT IGNORE INTO BarangPesanan (id_pesanan, sku, kuantitas) VALUES (45, 'SKU000120', 2);
INSERT IGNORE INTO BarangPesanan (id_pesanan, sku, kuantitas) VALUES (45, 'SKU000097', 1);
INSERT IGNORE INTO BarangPesanan (id_pesanan, sku, kuantitas) VALUES (46, 'SKU000174', 1);
INSERT IGNORE INTO BarangPesanan (id_pesanan, sku, kuantitas) VALUES (47, 'SKU000066', 1);
INSERT IGNORE INTO BarangPesanan (id_pesanan, sku, kuantitas) VALUES (47, 'SKU000067', 1);
INSERT IGNORE INTO BarangPesanan (id_pesanan, sku, kuantitas) VALUES (47, 'SKU000068', 1);
INSERT IGNORE INTO BarangPesanan (id_pesanan, sku, kuantitas) VALUES (48, 'SKU000104', 2);
INSERT IGNORE INTO BarangPesanan (id_pesanan, sku, kuantitas) VALUES (48, 'SKU000176', 2);
INSERT IGNORE INTO BarangPesanan (id_pesanan, sku, kuantitas) VALUES (48, 'SKU000003', 1);
INSERT IGNORE INTO BarangPesanan (id_pesanan, sku, kuantitas) VALUES (48, 'SKU000082', 1);
INSERT IGNORE INTO BarangPesanan (id_pesanan, sku, kuantitas) VALUES (49, 'SKU000132', 2);
INSERT IGNORE INTO BarangPesanan (id_pesanan, sku, kuantitas) VALUES (49, 'SKU000127', 1);
INSERT IGNORE INTO BarangPesanan (id_pesanan, sku, kuantitas) VALUES (49, 'SKU000016', 1);
INSERT IGNORE INTO BarangPesanan (id_pesanan, sku, kuantitas) VALUES (49, 'SKU000093', 2);
INSERT IGNORE INTO BarangPesanan (id_pesanan, sku, kuantitas) VALUES (50, 'SKU000206', 1);
INSERT IGNORE INTO BarangPesanan (id_pesanan, sku, kuantitas) VALUES (50, 'SKU000105', 2);
INSERT IGNORE INTO BarangPesanan (id_pesanan, sku, kuantitas) VALUES (50, 'SKU000181', 2);
INSERT IGNORE INTO BarangPesanan (id_pesanan, sku, kuantitas) VALUES (50, 'SKU000041', 1);
INSERT IGNORE INTO BarangPesanan (id_pesanan, sku, kuantitas) VALUES (51, 'SKU000075', 2);
INSERT IGNORE INTO BarangPesanan (id_pesanan, sku, kuantitas) VALUES (51, 'SKU000031', 1);
INSERT IGNORE INTO BarangPesanan (id_pesanan, sku, kuantitas) VALUES (52, 'SKU000048', 1);
INSERT IGNORE INTO BarangPesanan (id_pesanan, sku, kuantitas) VALUES (53, 'SKU000138', 2);
INSERT IGNORE INTO BarangPesanan (id_pesanan, sku, kuantitas) VALUES (54, 'SKU000129', 2);
INSERT IGNORE INTO BarangPesanan (id_pesanan, sku, kuantitas) VALUES (54, 'SKU000064', 1);
INSERT IGNORE INTO BarangPesanan (id_pesanan, sku, kuantitas) VALUES (55, 'SKU000098', 2);
INSERT IGNORE INTO BarangPesanan (id_pesanan, sku, kuantitas) VALUES (55, 'SKU000051', 2);
INSERT IGNORE INTO BarangPesanan (id_pesanan, sku, kuantitas) VALUES (56, 'SKU000043', 1);
INSERT IGNORE INTO BarangPesanan (id_pesanan, sku, kuantitas) VALUES (57, 'SKU000122', 2);
INSERT IGNORE INTO BarangPesanan (id_pesanan, sku, kuantitas) VALUES (57, 'SKU000207', 1);
INSERT IGNORE INTO BarangPesanan (id_pesanan, sku, kuantitas) VALUES (57, 'SKU000103', 2);
INSERT IGNORE INTO BarangPesanan (id_pesanan, sku, kuantitas) VALUES (58, 'SKU000102', 1);
INSERT IGNORE INTO BarangPesanan (id_pesanan, sku, kuantitas) VALUES (59, 'SKU000064', 1);
INSERT IGNORE INTO BarangPesanan (id_pesanan, sku, kuantitas) VALUES (59, 'SKU000180', 2);
INSERT IGNORE INTO BarangPesanan (id_pesanan, sku, kuantitas) VALUES (59, 'SKU000022', 2);
INSERT IGNORE INTO BarangPesanan (id_pesanan, sku, kuantitas) VALUES (60, 'SKU000013', 1);
INSERT IGNORE INTO BarangPesanan (id_pesanan, sku, kuantitas) VALUES (61, 'SKU000140', 1);
INSERT IGNORE INTO BarangPesanan (id_pesanan, sku, kuantitas) VALUES (61, 'SKU000148', 2);
INSERT IGNORE INTO BarangPesanan (id_pesanan, sku, kuantitas) VALUES (61, 'SKU000192', 1);
INSERT IGNORE INTO BarangPesanan (id_pesanan, sku, kuantitas) VALUES (62, 'SKU000083', 2);
INSERT IGNORE INTO BarangPesanan (id_pesanan, sku, kuantitas) VALUES (62, 'SKU000136', 1);
INSERT IGNORE INTO BarangPesanan (id_pesanan, sku, kuantitas) VALUES (63, 'SKU000206', 2);
INSERT IGNORE INTO BarangPesanan (id_pesanan, sku, kuantitas) VALUES (63, 'SKU000113', 1);
INSERT IGNORE INTO BarangPesanan (id_pesanan, sku, kuantitas) VALUES (63, 'SKU000125', 1);
INSERT IGNORE INTO BarangPesanan (id_pesanan, sku, kuantitas) VALUES (63, 'SKU000114', 1);
INSERT IGNORE INTO BarangPesanan (id_pesanan, sku, kuantitas) VALUES (64, 'SKU000186', 2);
INSERT IGNORE INTO BarangPesanan (id_pesanan, sku, kuantitas) VALUES (64, 'SKU000069', 1);
INSERT IGNORE INTO BarangPesanan (id_pesanan, sku, kuantitas) VALUES (64, 'SKU000110', 2);
INSERT IGNORE INTO BarangPesanan (id_pesanan, sku, kuantitas) VALUES (64, 'SKU000118', 2);
INSERT IGNORE INTO BarangPesanan (id_pesanan, sku, kuantitas) VALUES (65, 'SKU000172', 2);
INSERT IGNORE INTO BarangPesanan (id_pesanan, sku, kuantitas) VALUES (65, 'SKU000051', 1);
INSERT IGNORE INTO BarangPesanan (id_pesanan, sku, kuantitas) VALUES (66, 'SKU000005', 2);
INSERT IGNORE INTO BarangPesanan (id_pesanan, sku, kuantitas) VALUES (66, 'SKU000085', 1);
INSERT IGNORE INTO BarangPesanan (id_pesanan, sku, kuantitas) VALUES (67, 'SKU000022', 2);
INSERT IGNORE INTO BarangPesanan (id_pesanan, sku, kuantitas) VALUES (67, 'SKU000081', 1);
INSERT IGNORE INTO BarangPesanan (id_pesanan, sku, kuantitas) VALUES (68, 'SKU000004', 2);
INSERT IGNORE INTO BarangPesanan (id_pesanan, sku, kuantitas) VALUES (68, 'SKU000124', 1);
INSERT IGNORE INTO BarangPesanan (id_pesanan, sku, kuantitas) VALUES (69, 'SKU000152', 1);
INSERT IGNORE INTO BarangPesanan (id_pesanan, sku, kuantitas) VALUES (69, 'SKU000115', 2);
INSERT IGNORE INTO BarangPesanan (id_pesanan, sku, kuantitas) VALUES (70, 'SKU000134', 1);
INSERT IGNORE INTO BarangPesanan (id_pesanan, sku, kuantitas) VALUES (70, 'SKU000207', 1);
INSERT IGNORE INTO BarangPesanan (id_pesanan, sku, kuantitas) VALUES (71, 'SKU000113', 1);
INSERT IGNORE INTO BarangPesanan (id_pesanan, sku, kuantitas) VALUES (71, 'SKU000114', 1);
INSERT IGNORE INTO BarangPesanan (id_pesanan, sku, kuantitas) VALUES (71, 'SKU000060', 2);
INSERT IGNORE INTO BarangPesanan (id_pesanan, sku, kuantitas) VALUES (72, 'SKU000075', 1);
INSERT IGNORE INTO BarangPesanan (id_pesanan, sku, kuantitas) VALUES (72, 'SKU000008', 1);
INSERT IGNORE INTO BarangPesanan (id_pesanan, sku, kuantitas) VALUES (73, 'SKU000079', 2);
INSERT IGNORE INTO BarangPesanan (id_pesanan, sku, kuantitas) VALUES (74, 'SKU000097', 1);
INSERT IGNORE INTO BarangPesanan (id_pesanan, sku, kuantitas) VALUES (74, 'SKU000176', 1);
INSERT IGNORE INTO BarangPesanan (id_pesanan, sku, kuantitas) VALUES (74, 'SKU000043', 1);
INSERT IGNORE INTO BarangPesanan (id_pesanan, sku, kuantitas) VALUES (75, 'SKU000059', 1);
INSERT IGNORE INTO BarangPesanan (id_pesanan, sku, kuantitas) VALUES (76, 'SKU000102', 2);
INSERT IGNORE INTO BarangPesanan (id_pesanan, sku, kuantitas) VALUES (76, 'SKU000129', 2);
INSERT IGNORE INTO BarangPesanan (id_pesanan, sku, kuantitas) VALUES (76, 'SKU000191', 2);
INSERT IGNORE INTO BarangPesanan (id_pesanan, sku, kuantitas) VALUES (76, 'SKU000149', 2);
INSERT IGNORE INTO BarangPesanan (id_pesanan, sku, kuantitas) VALUES (77, 'SKU000168', 1);
INSERT IGNORE INTO BarangPesanan (id_pesanan, sku, kuantitas) VALUES (77, 'SKU000113', 1);
INSERT IGNORE INTO BarangPesanan (id_pesanan, sku, kuantitas) VALUES (77, 'SKU000075', 2);
INSERT IGNORE INTO BarangPesanan (id_pesanan, sku, kuantitas) VALUES (78, 'SKU000137', 1);
INSERT IGNORE INTO BarangPesanan (id_pesanan, sku, kuantitas) VALUES (78, 'SKU000007', 1);
INSERT IGNORE INTO BarangPesanan (id_pesanan, sku, kuantitas) VALUES (78, 'SKU000098', 1);
INSERT IGNORE INTO BarangPesanan (id_pesanan, sku, kuantitas) VALUES (78, 'SKU000059', 2);
INSERT IGNORE INTO BarangPesanan (id_pesanan, sku, kuantitas) VALUES (79, 'SKU000128', 1);
INSERT IGNORE INTO BarangPesanan (id_pesanan, sku, kuantitas) VALUES (79, 'SKU000138', 1);
INSERT IGNORE INTO BarangPesanan (id_pesanan, sku, kuantitas) VALUES (80, 'SKU000217', 2);
INSERT IGNORE INTO BarangPesanan (id_pesanan, sku, kuantitas) VALUES (80, 'SKU000062', 2);
INSERT IGNORE INTO BarangPesanan (id_pesanan, sku, kuantitas) VALUES (81, 'SKU000138', 2);
INSERT IGNORE INTO BarangPesanan (id_pesanan, sku, kuantitas) VALUES (82, 'SKU000210', 2);
INSERT IGNORE INTO BarangPesanan (id_pesanan, sku, kuantitas) VALUES (82, 'SKU000207', 1);
INSERT IGNORE INTO BarangPesanan (id_pesanan, sku, kuantitas) VALUES (82, 'SKU000182', 1);
INSERT IGNORE INTO BarangPesanan (id_pesanan, sku, kuantitas) VALUES (83, 'SKU000150', 1);
INSERT IGNORE INTO BarangPesanan (id_pesanan, sku, kuantitas) VALUES (83, 'SKU000046', 2);
INSERT IGNORE INTO BarangPesanan (id_pesanan, sku, kuantitas) VALUES (83, 'SKU000029', 2);
INSERT IGNORE INTO BarangPesanan (id_pesanan, sku, kuantitas) VALUES (84, 'SKU000033', 2);
INSERT IGNORE INTO BarangPesanan (id_pesanan, sku, kuantitas) VALUES (84, 'SKU000212', 1);
INSERT IGNORE INTO BarangPesanan (id_pesanan, sku, kuantitas) VALUES (84, 'SKU000018', 1);
INSERT IGNORE INTO BarangPesanan (id_pesanan, sku, kuantitas) VALUES (84, 'SKU000088', 1);
INSERT IGNORE INTO BarangPesanan (id_pesanan, sku, kuantitas) VALUES (85, 'SKU000199', 1);
INSERT IGNORE INTO BarangPesanan (id_pesanan, sku, kuantitas) VALUES (86, 'SKU000137', 2);
INSERT IGNORE INTO BarangPesanan (id_pesanan, sku, kuantitas) VALUES (87, 'SKU000011', 2);
INSERT IGNORE INTO BarangPesanan (id_pesanan, sku, kuantitas) VALUES (87, 'SKU000141', 1);
INSERT IGNORE INTO BarangPesanan (id_pesanan, sku, kuantitas) VALUES (87, 'SKU000173', 2);
INSERT IGNORE INTO BarangPesanan (id_pesanan, sku, kuantitas) VALUES (88, 'SKU000076', 1);
INSERT IGNORE INTO BarangPesanan (id_pesanan, sku, kuantitas) VALUES (88, 'SKU000063', 2);
INSERT IGNORE INTO BarangPesanan (id_pesanan, sku, kuantitas) VALUES (88, 'SKU000114', 1);
INSERT IGNORE INTO BarangPesanan (id_pesanan, sku, kuantitas) VALUES (89, 'SKU000020', 2);
INSERT IGNORE INTO BarangPesanan (id_pesanan, sku, kuantitas) VALUES (89, 'SKU000108', 1);
INSERT IGNORE INTO BarangPesanan (id_pesanan, sku, kuantitas) VALUES (89, 'SKU000145', 2);
INSERT IGNORE INTO BarangPesanan (id_pesanan, sku, kuantitas) VALUES (89, 'SKU000068', 1);
INSERT IGNORE INTO BarangPesanan (id_pesanan, sku, kuantitas) VALUES (90, 'SKU000172', 2);
INSERT IGNORE INTO BarangPesanan (id_pesanan, sku, kuantitas) VALUES (91, 'SKU000064', 2);
INSERT IGNORE INTO BarangPesanan (id_pesanan, sku, kuantitas) VALUES (91, 'SKU000017', 1);
INSERT IGNORE INTO BarangPesanan (id_pesanan, sku, kuantitas) VALUES (91, 'SKU000047', 1);
INSERT IGNORE INTO BarangPesanan (id_pesanan, sku, kuantitas) VALUES (91, 'SKU000086', 2);
INSERT IGNORE INTO BarangPesanan (id_pesanan, sku, kuantitas) VALUES (92, 'SKU000063', 2);
INSERT IGNORE INTO BarangPesanan (id_pesanan, sku, kuantitas) VALUES (92, 'SKU000058', 2);
INSERT IGNORE INTO BarangPesanan (id_pesanan, sku, kuantitas) VALUES (93, 'SKU000152', 2);
INSERT IGNORE INTO BarangPesanan (id_pesanan, sku, kuantitas) VALUES (93, 'SKU000025', 2);
INSERT IGNORE INTO BarangPesanan (id_pesanan, sku, kuantitas) VALUES (94, 'SKU000074', 1);
INSERT IGNORE INTO BarangPesanan (id_pesanan, sku, kuantitas) VALUES (94, 'SKU000120', 1);
INSERT IGNORE INTO BarangPesanan (id_pesanan, sku, kuantitas) VALUES (94, 'SKU000009', 2);
INSERT IGNORE INTO BarangPesanan (id_pesanan, sku, kuantitas) VALUES (94, 'SKU000149', 1);
INSERT IGNORE INTO BarangPesanan (id_pesanan, sku, kuantitas) VALUES (95, 'SKU000009', 1);
INSERT IGNORE INTO BarangPesanan (id_pesanan, sku, kuantitas) VALUES (95, 'SKU000139', 2);
INSERT IGNORE INTO BarangPesanan (id_pesanan, sku, kuantitas) VALUES (96, 'SKU000154', 1);
INSERT IGNORE INTO BarangPesanan (id_pesanan, sku, kuantitas) VALUES (96, 'SKU000095', 2);
INSERT IGNORE INTO BarangPesanan (id_pesanan, sku, kuantitas) VALUES (96, 'SKU000122', 1);
INSERT IGNORE INTO BarangPesanan (id_pesanan, sku, kuantitas) VALUES (97, 'SKU000050', 2);
INSERT IGNORE INTO BarangPesanan (id_pesanan, sku, kuantitas) VALUES (97, 'SKU000056', 2);
INSERT IGNORE INTO BarangPesanan (id_pesanan, sku, kuantitas) VALUES (97, 'SKU000215', 2);
INSERT IGNORE INTO BarangPesanan (id_pesanan, sku, kuantitas) VALUES (97, 'SKU000022', 2);
INSERT IGNORE INTO BarangPesanan (id_pesanan, sku, kuantitas) VALUES (98, 'SKU000009', 1);
INSERT IGNORE INTO BarangPesanan (id_pesanan, sku, kuantitas) VALUES (98, 'SKU000047', 1);
INSERT IGNORE INTO BarangPesanan (id_pesanan, sku, kuantitas) VALUES (98, 'SKU000211', 1);
INSERT IGNORE INTO BarangPesanan (id_pesanan, sku, kuantitas) VALUES (98, 'SKU000185', 1);
INSERT IGNORE INTO BarangPesanan (id_pesanan, sku, kuantitas) VALUES (99, 'SKU000186', 1);
INSERT IGNORE INTO BarangPesanan (id_pesanan, sku, kuantitas) VALUES (99, 'SKU000124', 2);
INSERT IGNORE INTO BarangPesanan (id_pesanan, sku, kuantitas) VALUES (99, 'SKU000025', 1);
INSERT IGNORE INTO BarangPesanan (id_pesanan, sku, kuantitas) VALUES (100, 'SKU000187', 2);

-- Wishlist
INSERT IGNORE INTO Wishlist (id_pembeli, id_produk) VALUES (1, 84);
INSERT IGNORE INTO Wishlist (id_pembeli, id_produk) VALUES (1, 5);
INSERT IGNORE INTO Wishlist (id_pembeli, id_produk) VALUES (1, 19);
INSERT IGNORE INTO Wishlist (id_pembeli, id_produk) VALUES (1, 88);
INSERT IGNORE INTO Wishlist (id_pembeli, id_produk) VALUES (1, 27);
INSERT IGNORE INTO Wishlist (id_pembeli, id_produk) VALUES (2, 92);
INSERT IGNORE INTO Wishlist (id_pembeli, id_produk) VALUES (2, 64);
INSERT IGNORE INTO Wishlist (id_pembeli, id_produk) VALUES (2, 20);
INSERT IGNORE INTO Wishlist (id_pembeli, id_produk) VALUES (2, 88);
INSERT IGNORE INTO Wishlist (id_pembeli, id_produk) VALUES (2, 43);
INSERT IGNORE INTO Wishlist (id_pembeli, id_produk) VALUES (2, 47);
INSERT IGNORE INTO Wishlist (id_pembeli, id_produk) VALUES (2, 94);
INSERT IGNORE INTO Wishlist (id_pembeli, id_produk) VALUES (2, 63);
INSERT IGNORE INTO Wishlist (id_pembeli, id_produk) VALUES (2, 36);
INSERT IGNORE INTO Wishlist (id_pembeli, id_produk) VALUES (2, 9);
INSERT IGNORE INTO Wishlist (id_pembeli, id_produk) VALUES (3, 14);
INSERT IGNORE INTO Wishlist (id_pembeli, id_produk) VALUES (3, 83);
INSERT IGNORE INTO Wishlist (id_pembeli, id_produk) VALUES (3, 7);
INSERT IGNORE INTO Wishlist (id_pembeli, id_produk) VALUES (3, 28);
INSERT IGNORE INTO Wishlist (id_pembeli, id_produk) VALUES (4, 25);
INSERT IGNORE INTO Wishlist (id_pembeli, id_produk) VALUES (4, 76);
INSERT IGNORE INTO Wishlist (id_pembeli, id_produk) VALUES (4, 61);
INSERT IGNORE INTO Wishlist (id_pembeli, id_produk) VALUES (6, 58);
INSERT IGNORE INTO Wishlist (id_pembeli, id_produk) VALUES (6, 48);
INSERT IGNORE INTO Wishlist (id_pembeli, id_produk) VALUES (6, 38);
INSERT IGNORE INTO Wishlist (id_pembeli, id_produk) VALUES (7, 74);
INSERT IGNORE INTO Wishlist (id_pembeli, id_produk) VALUES (7, 97);
INSERT IGNORE INTO Wishlist (id_pembeli, id_produk) VALUES (7, 79);
INSERT IGNORE INTO Wishlist (id_pembeli, id_produk) VALUES (7, 52);
INSERT IGNORE INTO Wishlist (id_pembeli, id_produk) VALUES (9, 81);
INSERT IGNORE INTO Wishlist (id_pembeli, id_produk) VALUES (9, 90);
INSERT IGNORE INTO Wishlist (id_pembeli, id_produk) VALUES (9, 47);
INSERT IGNORE INTO Wishlist (id_pembeli, id_produk) VALUES (9, 51);
INSERT IGNORE INTO Wishlist (id_pembeli, id_produk) VALUES (9, 70);
INSERT IGNORE INTO Wishlist (id_pembeli, id_produk) VALUES (10, 1);
INSERT IGNORE INTO Wishlist (id_pembeli, id_produk) VALUES (12, 40);
INSERT IGNORE INTO Wishlist (id_pembeli, id_produk) VALUES (12, 4);
INSERT IGNORE INTO Wishlist (id_pembeli, id_produk) VALUES (12, 29);
INSERT IGNORE INTO Wishlist (id_pembeli, id_produk) VALUES (12, 7);
INSERT IGNORE INTO Wishlist (id_pembeli, id_produk) VALUES (12, 32);
INSERT IGNORE INTO Wishlist (id_pembeli, id_produk) VALUES (13, 69);
INSERT IGNORE INTO Wishlist (id_pembeli, id_produk) VALUES (15, 75);
INSERT IGNORE INTO Wishlist (id_pembeli, id_produk) VALUES (15, 78);
INSERT IGNORE INTO Wishlist (id_pembeli, id_produk) VALUES (15, 24);
INSERT IGNORE INTO Wishlist (id_pembeli, id_produk) VALUES (15, 46);
INSERT IGNORE INTO Wishlist (id_pembeli, id_produk) VALUES (15, 91);
INSERT IGNORE INTO Wishlist (id_pembeli, id_produk) VALUES (15, 1);
INSERT IGNORE INTO Wishlist (id_pembeli, id_produk) VALUES (15, 54);
INSERT IGNORE INTO Wishlist (id_pembeli, id_produk) VALUES (17, 40);
INSERT IGNORE INTO Wishlist (id_pembeli, id_produk) VALUES (17, 65);
INSERT IGNORE INTO Wishlist (id_pembeli, id_produk) VALUES (17, 7);
INSERT IGNORE INTO Wishlist (id_pembeli, id_produk) VALUES (17, 70);
INSERT IGNORE INTO Wishlist (id_pembeli, id_produk) VALUES (17, 90);
INSERT IGNORE INTO Wishlist (id_pembeli, id_produk) VALUES (17, 93);
INSERT IGNORE INTO Wishlist (id_pembeli, id_produk) VALUES (18, 23);
INSERT IGNORE INTO Wishlist (id_pembeli, id_produk) VALUES (18, 84);
INSERT IGNORE INTO Wishlist (id_pembeli, id_produk) VALUES (18, 96);
INSERT IGNORE INTO Wishlist (id_pembeli, id_produk) VALUES (18, 41);
INSERT IGNORE INTO Wishlist (id_pembeli, id_produk) VALUES (18, 69);
INSERT IGNORE INTO Wishlist (id_pembeli, id_produk) VALUES (18, 94);
INSERT IGNORE INTO Wishlist (id_pembeli, id_produk) VALUES (20, 47);
INSERT IGNORE INTO Wishlist (id_pembeli, id_produk) VALUES (20, 49);
INSERT IGNORE INTO Wishlist (id_pembeli, id_produk) VALUES (20, 44);
INSERT IGNORE INTO Wishlist (id_pembeli, id_produk) VALUES (20, 56);
INSERT IGNORE INTO Wishlist (id_pembeli, id_produk) VALUES (20, 54);
INSERT IGNORE INTO Wishlist (id_pembeli, id_produk) VALUES (20, 33);
INSERT IGNORE INTO Wishlist (id_pembeli, id_produk) VALUES (20, 52);
INSERT IGNORE INTO Wishlist (id_pembeli, id_produk) VALUES (21, 20);
INSERT IGNORE INTO Wishlist (id_pembeli, id_produk) VALUES (21, 33);
INSERT IGNORE INTO Wishlist (id_pembeli, id_produk) VALUES (21, 75);
INSERT IGNORE INTO Wishlist (id_pembeli, id_produk) VALUES (21, 7);
INSERT IGNORE INTO Wishlist (id_pembeli, id_produk) VALUES (22, 81);
INSERT IGNORE INTO Wishlist (id_pembeli, id_produk) VALUES (22, 16);
INSERT IGNORE INTO Wishlist (id_pembeli, id_produk) VALUES (23, 47);
INSERT IGNORE INTO Wishlist (id_pembeli, id_produk) VALUES (23, 55);
INSERT IGNORE INTO Wishlist (id_pembeli, id_produk) VALUES (23, 29);
INSERT IGNORE INTO Wishlist (id_pembeli, id_produk) VALUES (23, 50);
INSERT IGNORE INTO Wishlist (id_pembeli, id_produk) VALUES (25, 72);
INSERT IGNORE INTO Wishlist (id_pembeli, id_produk) VALUES (25, 97);
INSERT IGNORE INTO Wishlist (id_pembeli, id_produk) VALUES (25, 62);
INSERT IGNORE INTO Wishlist (id_pembeli, id_produk) VALUES (25, 74);
INSERT IGNORE INTO Wishlist (id_pembeli, id_produk) VALUES (25, 18);
INSERT IGNORE INTO Wishlist (id_pembeli, id_produk) VALUES (26, 49);
INSERT IGNORE INTO Wishlist (id_pembeli, id_produk) VALUES (26, 21);
INSERT IGNORE INTO Wishlist (id_pembeli, id_produk) VALUES (26, 11);
INSERT IGNORE INTO Wishlist (id_pembeli, id_produk) VALUES (26, 58);
INSERT IGNORE INTO Wishlist (id_pembeli, id_produk) VALUES (26, 100);
INSERT IGNORE INTO Wishlist (id_pembeli, id_produk) VALUES (26, 85);
INSERT IGNORE INTO Wishlist (id_pembeli, id_produk) VALUES (26, 29);
INSERT IGNORE INTO Wishlist (id_pembeli, id_produk) VALUES (26, 16);
INSERT IGNORE INTO Wishlist (id_pembeli, id_produk) VALUES (26, 32);
INSERT IGNORE INTO Wishlist (id_pembeli, id_produk) VALUES (27, 48);
INSERT IGNORE INTO Wishlist (id_pembeli, id_produk) VALUES (27, 3);
INSERT IGNORE INTO Wishlist (id_pembeli, id_produk) VALUES (27, 75);
INSERT IGNORE INTO Wishlist (id_pembeli, id_produk) VALUES (27, 55);
INSERT IGNORE INTO Wishlist (id_pembeli, id_produk) VALUES (27, 59);
INSERT IGNORE INTO Wishlist (id_pembeli, id_produk) VALUES (27, 81);
INSERT IGNORE INTO Wishlist (id_pembeli, id_produk) VALUES (27, 19);
INSERT IGNORE INTO Wishlist (id_pembeli, id_produk) VALUES (27, 67);
INSERT IGNORE INTO Wishlist (id_pembeli, id_produk) VALUES (27, 12);
INSERT IGNORE INTO Wishlist (id_pembeli, id_produk) VALUES (27, 24);
INSERT IGNORE INTO Wishlist (id_pembeli, id_produk) VALUES (28, 9);
INSERT IGNORE INTO Wishlist (id_pembeli, id_produk) VALUES (28, 20);
INSERT IGNORE INTO Wishlist (id_pembeli, id_produk) VALUES (28, 89);
INSERT IGNORE INTO Wishlist (id_pembeli, id_produk) VALUES (29, 96);
INSERT IGNORE INTO Wishlist (id_pembeli, id_produk) VALUES (29, 84);
INSERT IGNORE INTO Wishlist (id_pembeli, id_produk) VALUES (29, 21);
INSERT IGNORE INTO Wishlist (id_pembeli, id_produk) VALUES (29, 75);
INSERT IGNORE INTO Wishlist (id_pembeli, id_produk) VALUES (29, 80);
INSERT IGNORE INTO Wishlist (id_pembeli, id_produk) VALUES (29, 2);
INSERT IGNORE INTO Wishlist (id_pembeli, id_produk) VALUES (29, 40);
INSERT IGNORE INTO Wishlist (id_pembeli, id_produk) VALUES (31, 19);
INSERT IGNORE INTO Wishlist (id_pembeli, id_produk) VALUES (31, 98);
INSERT IGNORE INTO Wishlist (id_pembeli, id_produk) VALUES (31, 32);
INSERT IGNORE INTO Wishlist (id_pembeli, id_produk) VALUES (31, 76);
INSERT IGNORE INTO Wishlist (id_pembeli, id_produk) VALUES (31, 60);
INSERT IGNORE INTO Wishlist (id_pembeli, id_produk) VALUES (31, 12);
INSERT IGNORE INTO Wishlist (id_pembeli, id_produk) VALUES (31, 6);
INSERT IGNORE INTO Wishlist (id_pembeli, id_produk) VALUES (31, 78);
INSERT IGNORE INTO Wishlist (id_pembeli, id_produk) VALUES (31, 73);
INSERT IGNORE INTO Wishlist (id_pembeli, id_produk) VALUES (31, 29);
INSERT IGNORE INTO Wishlist (id_pembeli, id_produk) VALUES (32, 14);
INSERT IGNORE INTO Wishlist (id_pembeli, id_produk) VALUES (32, 50);
INSERT IGNORE INTO Wishlist (id_pembeli, id_produk) VALUES (32, 71);
INSERT IGNORE INTO Wishlist (id_pembeli, id_produk) VALUES (32, 59);
INSERT IGNORE INTO Wishlist (id_pembeli, id_produk) VALUES (32, 41);
INSERT IGNORE INTO Wishlist (id_pembeli, id_produk) VALUES (32, 98);
INSERT IGNORE INTO Wishlist (id_pembeli, id_produk) VALUES (32, 67);
INSERT IGNORE INTO Wishlist (id_pembeli, id_produk) VALUES (33, 39);
INSERT IGNORE INTO Wishlist (id_pembeli, id_produk) VALUES (33, 82);
INSERT IGNORE INTO Wishlist (id_pembeli, id_produk) VALUES (34, 35);
INSERT IGNORE INTO Wishlist (id_pembeli, id_produk) VALUES (34, 71);
INSERT IGNORE INTO Wishlist (id_pembeli, id_produk) VALUES (34, 68);
INSERT IGNORE INTO Wishlist (id_pembeli, id_produk) VALUES (34, 43);
INSERT IGNORE INTO Wishlist (id_pembeli, id_produk) VALUES (34, 46);
INSERT IGNORE INTO Wishlist (id_pembeli, id_produk) VALUES (34, 22);
INSERT IGNORE INTO Wishlist (id_pembeli, id_produk) VALUES (34, 60);
INSERT IGNORE INTO Wishlist (id_pembeli, id_produk) VALUES (35, 1);
INSERT IGNORE INTO Wishlist (id_pembeli, id_produk) VALUES (35, 67);
INSERT IGNORE INTO Wishlist (id_pembeli, id_produk) VALUES (35, 6);
INSERT IGNORE INTO Wishlist (id_pembeli, id_produk) VALUES (35, 41);
INSERT IGNORE INTO Wishlist (id_pembeli, id_produk) VALUES (35, 44);
INSERT IGNORE INTO Wishlist (id_pembeli, id_produk) VALUES (35, 70);
INSERT IGNORE INTO Wishlist (id_pembeli, id_produk) VALUES (36, 38);
INSERT IGNORE INTO Wishlist (id_pembeli, id_produk) VALUES (36, 64);
INSERT IGNORE INTO Wishlist (id_pembeli, id_produk) VALUES (36, 75);
INSERT IGNORE INTO Wishlist (id_pembeli, id_produk) VALUES (37, 47);
INSERT IGNORE INTO Wishlist (id_pembeli, id_produk) VALUES (37, 11);
INSERT IGNORE INTO Wishlist (id_pembeli, id_produk) VALUES (37, 78);
INSERT IGNORE INTO Wishlist (id_pembeli, id_produk) VALUES (37, 3);
INSERT IGNORE INTO Wishlist (id_pembeli, id_produk) VALUES (37, 30);
INSERT IGNORE INTO Wishlist (id_pembeli, id_produk) VALUES (37, 89);
INSERT IGNORE INTO Wishlist (id_pembeli, id_produk) VALUES (37, 92);
INSERT IGNORE INTO Wishlist (id_pembeli, id_produk) VALUES (38, 7);
INSERT IGNORE INTO Wishlist (id_pembeli, id_produk) VALUES (38, 80);
INSERT IGNORE INTO Wishlist (id_pembeli, id_produk) VALUES (38, 57);
INSERT IGNORE INTO Wishlist (id_pembeli, id_produk) VALUES (39, 64);
INSERT IGNORE INTO Wishlist (id_pembeli, id_produk) VALUES (39, 26);
INSERT IGNORE INTO Wishlist (id_pembeli, id_produk) VALUES (39, 7);
INSERT IGNORE INTO Wishlist (id_pembeli, id_produk) VALUES (39, 61);
INSERT IGNORE INTO Wishlist (id_pembeli, id_produk) VALUES (39, 1);
INSERT IGNORE INTO Wishlist (id_pembeli, id_produk) VALUES (39, 62);
INSERT IGNORE INTO Wishlist (id_pembeli, id_produk) VALUES (39, 51);
INSERT IGNORE INTO Wishlist (id_pembeli, id_produk) VALUES (39, 80);
INSERT IGNORE INTO Wishlist (id_pembeli, id_produk) VALUES (40, 2);
INSERT IGNORE INTO Wishlist (id_pembeli, id_produk) VALUES (40, 49);
INSERT IGNORE INTO Wishlist (id_pembeli, id_produk) VALUES (40, 93);
INSERT IGNORE INTO Wishlist (id_pembeli, id_produk) VALUES (40, 77);
INSERT IGNORE INTO Wishlist (id_pembeli, id_produk) VALUES (40, 58);
INSERT IGNORE INTO Wishlist (id_pembeli, id_produk) VALUES (40, 22);
INSERT IGNORE INTO Wishlist (id_pembeli, id_produk) VALUES (40, 14);
INSERT IGNORE INTO Wishlist (id_pembeli, id_produk) VALUES (40, 21);
INSERT IGNORE INTO Wishlist (id_pembeli, id_produk) VALUES (40, 23);
INSERT IGNORE INTO Wishlist (id_pembeli, id_produk) VALUES (40, 42);
INSERT IGNORE INTO Wishlist (id_pembeli, id_produk) VALUES (41, 76);
INSERT IGNORE INTO Wishlist (id_pembeli, id_produk) VALUES (41, 11);
INSERT IGNORE INTO Wishlist (id_pembeli, id_produk) VALUES (41, 97);
INSERT IGNORE INTO Wishlist (id_pembeli, id_produk) VALUES (41, 26);
INSERT IGNORE INTO Wishlist (id_pembeli, id_produk) VALUES (41, 96);
INSERT IGNORE INTO Wishlist (id_pembeli, id_produk) VALUES (42, 51);
INSERT IGNORE INTO Wishlist (id_pembeli, id_produk) VALUES (42, 88);
INSERT IGNORE INTO Wishlist (id_pembeli, id_produk) VALUES (42, 77);
INSERT IGNORE INTO Wishlist (id_pembeli, id_produk) VALUES (42, 69);
INSERT IGNORE INTO Wishlist (id_pembeli, id_produk) VALUES (42, 92);
INSERT IGNORE INTO Wishlist (id_pembeli, id_produk) VALUES (42, 4);
INSERT IGNORE INTO Wishlist (id_pembeli, id_produk) VALUES (44, 85);
INSERT IGNORE INTO Wishlist (id_pembeli, id_produk) VALUES (44, 68);
INSERT IGNORE INTO Wishlist (id_pembeli, id_produk) VALUES (44, 26);
INSERT IGNORE INTO Wishlist (id_pembeli, id_produk) VALUES (44, 88);
INSERT IGNORE INTO Wishlist (id_pembeli, id_produk) VALUES (44, 83);
INSERT IGNORE INTO Wishlist (id_pembeli, id_produk) VALUES (44, 61);
INSERT IGNORE INTO Wishlist (id_pembeli, id_produk) VALUES (44, 66);
INSERT IGNORE INTO Wishlist (id_pembeli, id_produk) VALUES (44, 19);
INSERT IGNORE INTO Wishlist (id_pembeli, id_produk) VALUES (44, 31);
INSERT IGNORE INTO Wishlist (id_pembeli, id_produk) VALUES (45, 62);
INSERT IGNORE INTO Wishlist (id_pembeli, id_produk) VALUES (45, 12);
INSERT IGNORE INTO Wishlist (id_pembeli, id_produk) VALUES (46, 96);
INSERT IGNORE INTO Wishlist (id_pembeli, id_produk) VALUES (46, 29);
INSERT IGNORE INTO Wishlist (id_pembeli, id_produk) VALUES (46, 40);
INSERT IGNORE INTO Wishlist (id_pembeli, id_produk) VALUES (46, 46);
INSERT IGNORE INTO Wishlist (id_pembeli, id_produk) VALUES (46, 7);
INSERT IGNORE INTO Wishlist (id_pembeli, id_produk) VALUES (46, 16);
INSERT IGNORE INTO Wishlist (id_pembeli, id_produk) VALUES (46, 70);
INSERT IGNORE INTO Wishlist (id_pembeli, id_produk) VALUES (47, 34);
INSERT IGNORE INTO Wishlist (id_pembeli, id_produk) VALUES (47, 33);
INSERT IGNORE INTO Wishlist (id_pembeli, id_produk) VALUES (47, 38);
INSERT IGNORE INTO Wishlist (id_pembeli, id_produk) VALUES (48, 51);
INSERT IGNORE INTO Wishlist (id_pembeli, id_produk) VALUES (48, 84);
INSERT IGNORE INTO Wishlist (id_pembeli, id_produk) VALUES (48, 78);
INSERT IGNORE INTO Wishlist (id_pembeli, id_produk) VALUES (48, 33);
INSERT IGNORE INTO Wishlist (id_pembeli, id_produk) VALUES (48, 35);
INSERT IGNORE INTO Wishlist (id_pembeli, id_produk) VALUES (48, 6);
INSERT IGNORE INTO Wishlist (id_pembeli, id_produk) VALUES (48, 19);
INSERT IGNORE INTO Wishlist (id_pembeli, id_produk) VALUES (48, 46);
INSERT IGNORE INTO Wishlist (id_pembeli, id_produk) VALUES (49, 80);
INSERT IGNORE INTO Wishlist (id_pembeli, id_produk) VALUES (49, 19);
INSERT IGNORE INTO Wishlist (id_pembeli, id_produk) VALUES (49, 4);
INSERT IGNORE INTO Wishlist (id_pembeli, id_produk) VALUES (49, 32);
INSERT IGNORE INTO Wishlist (id_pembeli, id_produk) VALUES (49, 36);
INSERT IGNORE INTO Wishlist (id_pembeli, id_produk) VALUES (49, 82);
INSERT IGNORE INTO Wishlist (id_pembeli, id_produk) VALUES (49, 63);
INSERT IGNORE INTO Wishlist (id_pembeli, id_produk) VALUES (49, 62);
INSERT IGNORE INTO Wishlist (id_pembeli, id_produk) VALUES (49, 99);
INSERT IGNORE INTO Wishlist (id_pembeli, id_produk) VALUES (49, 97);
INSERT IGNORE INTO Wishlist (id_pembeli, id_produk) VALUES (50, 64);
INSERT IGNORE INTO Wishlist (id_pembeli, id_produk) VALUES (51, 87);
INSERT IGNORE INTO Wishlist (id_pembeli, id_produk) VALUES (51, 71);
INSERT IGNORE INTO Wishlist (id_pembeli, id_produk) VALUES (51, 78);
INSERT IGNORE INTO Wishlist (id_pembeli, id_produk) VALUES (51, 74);
INSERT IGNORE INTO Wishlist (id_pembeli, id_produk) VALUES (51, 19);
INSERT IGNORE INTO Wishlist (id_pembeli, id_produk) VALUES (51, 89);
INSERT IGNORE INTO Wishlist (id_pembeli, id_produk) VALUES (51, 46);
INSERT IGNORE INTO Wishlist (id_pembeli, id_produk) VALUES (51, 8);
INSERT IGNORE INTO Wishlist (id_pembeli, id_produk) VALUES (52, 38);
INSERT IGNORE INTO Wishlist (id_pembeli, id_produk) VALUES (52, 29);
INSERT IGNORE INTO Wishlist (id_pembeli, id_produk) VALUES (52, 28);
INSERT IGNORE INTO Wishlist (id_pembeli, id_produk) VALUES (52, 76);
INSERT IGNORE INTO Wishlist (id_pembeli, id_produk) VALUES (52, 27);
INSERT IGNORE INTO Wishlist (id_pembeli, id_produk) VALUES (52, 92);
INSERT IGNORE INTO Wishlist (id_pembeli, id_produk) VALUES (52, 86);
INSERT IGNORE INTO Wishlist (id_pembeli, id_produk) VALUES (52, 18);
INSERT IGNORE INTO Wishlist (id_pembeli, id_produk) VALUES (52, 23);
INSERT IGNORE INTO Wishlist (id_pembeli, id_produk) VALUES (53, 13);
INSERT IGNORE INTO Wishlist (id_pembeli, id_produk) VALUES (53, 27);
INSERT IGNORE INTO Wishlist (id_pembeli, id_produk) VALUES (54, 63);
INSERT IGNORE INTO Wishlist (id_pembeli, id_produk) VALUES (54, 8);
INSERT IGNORE INTO Wishlist (id_pembeli, id_produk) VALUES (54, 69);
INSERT IGNORE INTO Wishlist (id_pembeli, id_produk) VALUES (55, 74);
INSERT IGNORE INTO Wishlist (id_pembeli, id_produk) VALUES (55, 90);
INSERT IGNORE INTO Wishlist (id_pembeli, id_produk) VALUES (55, 83);
INSERT IGNORE INTO Wishlist (id_pembeli, id_produk) VALUES (55, 48);
INSERT IGNORE INTO Wishlist (id_pembeli, id_produk) VALUES (56, 50);
INSERT IGNORE INTO Wishlist (id_pembeli, id_produk) VALUES (56, 72);
INSERT IGNORE INTO Wishlist (id_pembeli, id_produk) VALUES (56, 22);
INSERT IGNORE INTO Wishlist (id_pembeli, id_produk) VALUES (56, 30);
INSERT IGNORE INTO Wishlist (id_pembeli, id_produk) VALUES (57, 69);
INSERT IGNORE INTO Wishlist (id_pembeli, id_produk) VALUES (57, 40);
INSERT IGNORE INTO Wishlist (id_pembeli, id_produk) VALUES (57, 55);
INSERT IGNORE INTO Wishlist (id_pembeli, id_produk) VALUES (57, 71);
INSERT IGNORE INTO Wishlist (id_pembeli, id_produk) VALUES (57, 21);
INSERT IGNORE INTO Wishlist (id_pembeli, id_produk) VALUES (57, 64);
INSERT IGNORE INTO Wishlist (id_pembeli, id_produk) VALUES (57, 43);
INSERT IGNORE INTO Wishlist (id_pembeli, id_produk) VALUES (57, 86);
INSERT IGNORE INTO Wishlist (id_pembeli, id_produk) VALUES (57, 63);
INSERT IGNORE INTO Wishlist (id_pembeli, id_produk) VALUES (57, 81);
INSERT IGNORE INTO Wishlist (id_pembeli, id_produk) VALUES (58, 90);
INSERT IGNORE INTO Wishlist (id_pembeli, id_produk) VALUES (58, 44);
INSERT IGNORE INTO Wishlist (id_pembeli, id_produk) VALUES (58, 56);
INSERT IGNORE INTO Wishlist (id_pembeli, id_produk) VALUES (58, 98);
INSERT IGNORE INTO Wishlist (id_pembeli, id_produk) VALUES (58, 27);
INSERT IGNORE INTO Wishlist (id_pembeli, id_produk) VALUES (58, 80);
INSERT IGNORE INTO Wishlist (id_pembeli, id_produk) VALUES (58, 10);
INSERT IGNORE INTO Wishlist (id_pembeli, id_produk) VALUES (58, 99);
INSERT IGNORE INTO Wishlist (id_pembeli, id_produk) VALUES (58, 3);
INSERT IGNORE INTO Wishlist (id_pembeli, id_produk) VALUES (58, 4);
INSERT IGNORE INTO Wishlist (id_pembeli, id_produk) VALUES (59, 14);
INSERT IGNORE INTO Wishlist (id_pembeli, id_produk) VALUES (59, 35);
INSERT IGNORE INTO Wishlist (id_pembeli, id_produk) VALUES (59, 70);
INSERT IGNORE INTO Wishlist (id_pembeli, id_produk) VALUES (59, 56);
INSERT IGNORE INTO Wishlist (id_pembeli, id_produk) VALUES (59, 92);
INSERT IGNORE INTO Wishlist (id_pembeli, id_produk) VALUES (59, 62);
INSERT IGNORE INTO Wishlist (id_pembeli, id_produk) VALUES (59, 1);
INSERT IGNORE INTO Wishlist (id_pembeli, id_produk) VALUES (59, 84);
INSERT IGNORE INTO Wishlist (id_pembeli, id_produk) VALUES (59, 43);
INSERT IGNORE INTO Wishlist (id_pembeli, id_produk) VALUES (59, 48);
INSERT IGNORE INTO Wishlist (id_pembeli, id_produk) VALUES (60, 10);
INSERT IGNORE INTO Wishlist (id_pembeli, id_produk) VALUES (60, 14);
INSERT IGNORE INTO Wishlist (id_pembeli, id_produk) VALUES (60, 49);
INSERT IGNORE INTO Wishlist (id_pembeli, id_produk) VALUES (60, 8);
INSERT IGNORE INTO Wishlist (id_pembeli, id_produk) VALUES (60, 78);
INSERT IGNORE INTO Wishlist (id_pembeli, id_produk) VALUES (60, 51);
INSERT IGNORE INTO Wishlist (id_pembeli, id_produk) VALUES (60, 11);
INSERT IGNORE INTO Wishlist (id_pembeli, id_produk) VALUES (60, 96);

-- Ulasan
INSERT IGNORE INTO Ulasan (id_produk, id_pembeli, komentar, penilaian) VALUES (76, 10, 'Incidunt neque itaque.', 4);
INSERT IGNORE INTO Ulasan (id_produk, id_pembeli, komentar, penilaian) VALUES (32, 10, 'Omnis accusantium velit velit vel quae. Non quas facere dignissimos.', 4);
INSERT IGNORE INTO Ulasan (id_produk, id_pembeli, komentar, penilaian) VALUES (97, 27, 'Maxime veritatis incidunt sunt.', 3);
INSERT IGNORE INTO Ulasan (id_produk, id_pembeli, komentar, penilaian) VALUES (67, 11, 'Officiis provident sit aperiam praesentium. Facilis distinctio ipsam pariatur fugiat numquam.', 3);
INSERT IGNORE INTO Ulasan (id_produk, id_pembeli, komentar, penilaian) VALUES (96, 39, 'Minima animi nulla molestiae asperiores. Neque unde nam deserunt modi ab minus laboriosam. Voluptas suscipit maiores fugiat.', 1);
INSERT IGNORE INTO Ulasan (id_produk, id_pembeli, komentar, penilaian) VALUES (25, 39, 'Aliquam corrupti impedit tenetur tenetur debitis. Qui sequi excepturi autem sit dolorem.', 4);
INSERT IGNORE INTO Ulasan (id_produk, id_pembeli, komentar, penilaian) VALUES (53, 58, 'Ipsam illum atque perferendis enim eaque repellat.', 5);
INSERT IGNORE INTO Ulasan (id_produk, id_pembeli, komentar, penilaian) VALUES (69, 58, 'Incidunt non provident.', 3);
INSERT IGNORE INTO Ulasan (id_produk, id_pembeli, komentar, penilaian) VALUES (25, 58, 'Porro assumenda commodi blanditiis adipisci illum iure.', 4);
INSERT IGNORE INTO Ulasan (id_produk, id_pembeli, komentar, penilaian) VALUES (67, 58, 'Alias iure saepe.', 1);
INSERT IGNORE INTO Ulasan (id_produk, id_pembeli, komentar, penilaian) VALUES (12, 58, 'Laborum non ut ipsum porro ab suscipit cum.', 3);
INSERT IGNORE INTO Ulasan (id_produk, id_pembeli, komentar, penilaian) VALUES (13, 48, 'Ad autem reprehenderit nesciunt. Suscipit distinctio eum doloribus cupiditate repellendus ut. Excepturi explicabo adipisci reprehenderit dignissimos in ipsam dolor.', 2);
INSERT IGNORE INTO Ulasan (id_produk, id_pembeli, komentar, penilaian) VALUES (70, 48, 'Autem reprehenderit temporibus praesentium maiores mollitia. Et ullam at et ratione quis.', 2);
INSERT IGNORE INTO Ulasan (id_produk, id_pembeli, komentar, penilaian) VALUES (46, 48, 'Distinctio culpa blanditiis atque illo dignissimos. Dolor reprehenderit recusandae.', 1);
INSERT IGNORE INTO Ulasan (id_produk, id_pembeli, komentar, penilaian) VALUES (2, 24, 'Harum excepturi beatae incidunt maxime impedit reprehenderit.', 4);
INSERT IGNORE INTO Ulasan (id_produk, id_pembeli, komentar, penilaian) VALUES (76, 24, 'Doloribus eius pariatur magni nesciunt facere itaque quisquam. Officiis repudiandae repellendus sed in eos.', 4);
INSERT IGNORE INTO Ulasan (id_produk, id_pembeli, komentar, penilaian) VALUES (44, 24, 'Repellendus unde voluptas voluptate laboriosam tempore.', 1);
INSERT IGNORE INTO Ulasan (id_produk, id_pembeli, komentar, penilaian) VALUES (27, 15, 'Eligendi aliquid architecto quas quasi.', 2);
INSERT IGNORE INTO Ulasan (id_produk, id_pembeli, komentar, penilaian) VALUES (5, 44, 'Quos itaque eius aut. Quidem alias quod nam. Laboriosam voluptas numquam tempora eaque numquam. Commodi iusto dolorum mollitia repellendus ex dolore.', 5);
INSERT IGNORE INTO Ulasan (id_produk, id_pembeli, komentar, penilaian) VALUES (32, 44, 'Magni eum officiis omnis. Temporibus repellat nulla voluptas.', 4);
INSERT IGNORE INTO Ulasan (id_produk, id_pembeli, komentar, penilaian) VALUES (71, 44, 'Explicabo nulla quas quaerat magni consequuntur. Sint nisi tempora et.', 4);
INSERT IGNORE INTO Ulasan (id_produk, id_pembeli, komentar, penilaian) VALUES (14, 44, 'Natus sunt tempore omnis fugiat dolore ratione. Architecto pariatur fugit perferendis vero amet mollitia nemo.', 5);
INSERT IGNORE INTO Ulasan (id_produk, id_pembeli, komentar, penilaian) VALUES (56, 44, 'Provident suscipit qui tempore repellat. Velit quia eum porro.', 5);
INSERT IGNORE INTO Ulasan (id_produk, id_pembeli, komentar, penilaian) VALUES (92, 14, 'Est iure culpa ipsam debitis aspernatur iste eum. Maxime quidem similique exercitationem repellendus.', 4);
INSERT IGNORE INTO Ulasan (id_produk, id_pembeli, komentar, penilaian) VALUES (50, 25, 'Omnis eligendi praesentium voluptate aliquid culpa iusto quia. Nobis iusto vel esse. Commodi sequi cupiditate id nesciunt sapiente.', 4);
INSERT IGNORE INTO Ulasan (id_produk, id_pembeli, komentar, penilaian) VALUES (85, 25, 'Ipsam ex et mollitia consectetur quod repellat.', 1);
INSERT IGNORE INTO Ulasan (id_produk, id_pembeli, komentar, penilaian) VALUES (76, 25, 'Tenetur fugiat debitis eos. Sunt laudantium itaque sunt.', 3);
INSERT IGNORE INTO Ulasan (id_produk, id_pembeli, komentar, penilaian) VALUES (58, 25, 'Officiis aliquam iste ad distinctio tempora exercitationem. Eos voluptatum commodi recusandae quaerat. Vel porro quas iusto itaque quibusdam facere.', 5);
INSERT IGNORE INTO Ulasan (id_produk, id_pembeli, komentar, penilaian) VALUES (36, 3, 'Aliquid incidunt quasi aut quae provident animi. Architecto sequi a repellendus perferendis error placeat ab.', 2);
INSERT IGNORE INTO Ulasan (id_produk, id_pembeli, komentar, penilaian) VALUES (46, 3, 'Ipsa maxime voluptatem ex voluptas.', 2);
INSERT IGNORE INTO Ulasan (id_produk, id_pembeli, komentar, penilaian) VALUES (91, 4, 'Non voluptas est dolores aliquid enim. Quos quia expedita laudantium pariatur.', 1);
INSERT IGNORE INTO Ulasan (id_produk, id_pembeli, komentar, penilaian) VALUES (96, 4, 'Eum suscipit reiciendis commodi.', 2);
INSERT IGNORE INTO Ulasan (id_produk, id_pembeli, komentar, penilaian) VALUES (28, 4, 'Neque mollitia eum eos alias. Laborum atque enim excepturi vitae. Quis similique enim soluta.', 1);
INSERT IGNORE INTO Ulasan (id_produk, id_pembeli, komentar, penilaian) VALUES (78, 4, 'Ipsam earum itaque nemo error nulla.', 2);
INSERT IGNORE INTO Ulasan (id_produk, id_pembeli, komentar, penilaian) VALUES (82, 4, 'Et iure commodi dicta fugit voluptatem ad. Soluta quam ut voluptatum.', 4);
INSERT IGNORE INTO Ulasan (id_produk, id_pembeli, komentar, penilaian) VALUES (31, 55, 'Molestias blanditiis adipisci quos excepturi a nobis. Praesentium totam quis cupiditate nisi. Accusamus consequatur illo.', 5);
INSERT IGNORE INTO Ulasan (id_produk, id_pembeli, komentar, penilaian) VALUES (27, 55, 'Dolorum voluptas consequuntur illum.', 3);
INSERT IGNORE INTO Ulasan (id_produk, id_pembeli, komentar, penilaian) VALUES (96, 55, 'Natus et culpa a.', 5);
INSERT IGNORE INTO Ulasan (id_produk, id_pembeli, komentar, penilaian) VALUES (69, 55, 'Exercitationem quis temporibus velit nisi autem. Expedita exercitationem saepe impedit. Voluptatem sunt et commodi.', 1);
INSERT IGNORE INTO Ulasan (id_produk, id_pembeli, komentar, penilaian) VALUES (98, 49, 'Modi culpa dolores in. Beatae deleniti iste.', 3);
INSERT IGNORE INTO Ulasan (id_produk, id_pembeli, komentar, penilaian) VALUES (92, 49, 'Magnam porro exercitationem quasi. Id aperiam qui reprehenderit nulla reprehenderit ullam soluta. Itaque nobis est exercitationem laboriosam.', 2);
INSERT IGNORE INTO Ulasan (id_produk, id_pembeli, komentar, penilaian) VALUES (25, 49, 'Nulla aut adipisci.', 2);
INSERT IGNORE INTO Ulasan (id_produk, id_pembeli, komentar, penilaian) VALUES (45, 9, 'Assumenda libero doloribus assumenda aut.', 4);
INSERT IGNORE INTO Ulasan (id_produk, id_pembeli, komentar, penilaian) VALUES (27, 9, 'Excepturi officia rerum corrupti alias ullam sunt.', 1);
INSERT IGNORE INTO Ulasan (id_produk, id_pembeli, komentar, penilaian) VALUES (41, 9, 'Nam voluptates tenetur nemo.', 5);
INSERT IGNORE INTO Ulasan (id_produk, id_pembeli, komentar, penilaian) VALUES (37, 9, 'Optio atque dignissimos nostrum.', 2);
INSERT IGNORE INTO Ulasan (id_produk, id_pembeli, komentar, penilaian) VALUES (81, 9, 'Illum praesentium hic consequuntur aliquid minima. Quas sequi quas sequi itaque. Maiores repellendus molestiae quasi.', 4);
INSERT IGNORE INTO Ulasan (id_produk, id_pembeli, komentar, penilaian) VALUES (10, 22, 'Inventore libero facere necessitatibus accusamus repellat inventore. Alias harum consequuntur accusamus dolorum possimus sunt. Aliquid debitis in explicabo porro vitae omnis.', 2);
INSERT IGNORE INTO Ulasan (id_produk, id_pembeli, komentar, penilaian) VALUES (38, 22, 'Fugiat neque nulla natus culpa officia. Necessitatibus velit nihil ipsa.', 1);
INSERT IGNORE INTO Ulasan (id_produk, id_pembeli, komentar, penilaian) VALUES (65, 22, 'Consectetur delectus doloribus in quos. Distinctio id minima tempora aperiam perspiciatis.', 3);
INSERT IGNORE INTO Ulasan (id_produk, id_pembeli, komentar, penilaian) VALUES (40, 22, 'Placeat voluptate cum provident.', 4);
INSERT IGNORE INTO Ulasan (id_produk, id_pembeli, komentar, penilaian) VALUES (17, 59, 'Eum quisquam nemo quas voluptatum eveniet. Laudantium ducimus dolores inventore officia rerum praesentium. Numquam sit officia sequi aperiam.', 2);
INSERT IGNORE INTO Ulasan (id_produk, id_pembeli, komentar, penilaian) VALUES (22, 1, 'Molestiae quisquam ea reiciendis distinctio consectetur.', 4);
INSERT IGNORE INTO Ulasan (id_produk, id_pembeli, komentar, penilaian) VALUES (89, 1, 'Temporibus fuga laudantium laboriosam labore dignissimos facilis.', 1);
INSERT IGNORE INTO Ulasan (id_produk, id_pembeli, komentar, penilaian) VALUES (45, 23, 'Libero sequi adipisci. Error quia assumenda perferendis aut nobis. Cumque ipsa enim natus.', 5);
INSERT IGNORE INTO Ulasan (id_produk, id_pembeli, komentar, penilaian) VALUES (2, 23, 'Ratione iusto ipsam.', 4);
INSERT IGNORE INTO Ulasan (id_produk, id_pembeli, komentar, penilaian) VALUES (26, 2, 'Amet voluptas iste velit ipsa deserunt ea.', 5);
INSERT IGNORE INTO Ulasan (id_produk, id_pembeli, komentar, penilaian) VALUES (12, 2, 'Quia animi tempore excepturi et consequuntur. Non cupiditate ratione cumque sequi.', 3);
INSERT IGNORE INTO Ulasan (id_produk, id_pembeli, komentar, penilaian) VALUES (6, 2, 'Corrupti sint explicabo architecto repudiandae quos. Dolore quidem optio veritatis at itaque sit. Ad ipsum at temporibus facilis possimus voluptate. Excepturi aspernatur quae vitae.', 5);
INSERT IGNORE INTO Ulasan (id_produk, id_pembeli, komentar, penilaian) VALUES (43, 38, 'Non dolorum veniam animi. Itaque suscipit explicabo doloribus. Mollitia expedita possimus ab iste nostrum delectus.', 2);
INSERT IGNORE INTO Ulasan (id_produk, id_pembeli, komentar, penilaian) VALUES (57, 38, 'Nesciunt maiores dolor voluptate. Iure tempore cum doloribus eius maxime.', 2);
INSERT IGNORE INTO Ulasan (id_produk, id_pembeli, komentar, penilaian) VALUES (14, 20, 'Sed architecto corporis quis iusto fuga. Corporis quam at unde laudantium id porro. Quidem commodi fugit praesentium.', 4);
INSERT IGNORE INTO Ulasan (id_produk, id_pembeli, komentar, penilaian) VALUES (66, 20, 'Expedita occaecati assumenda beatae dicta eligendi. Totam iste animi aperiam quasi. Similique architecto a adipisci.', 5);
INSERT IGNORE INTO Ulasan (id_produk, id_pembeli, komentar, penilaian) VALUES (29, 20, 'Tempora laborum reiciendis libero tempora ducimus. Nam quas veniam occaecati. Quis fuga atque voluptates.', 1);
INSERT IGNORE INTO Ulasan (id_produk, id_pembeli, komentar, penilaian) VALUES (23, 20, 'Expedita sequi explicabo tenetur. Fugit voluptatum mollitia quisquam aliquam iure.', 5);
INSERT IGNORE INTO Ulasan (id_produk, id_pembeli, komentar, penilaian) VALUES (63, 20, 'Voluptas doloribus suscipit.', 1);
INSERT IGNORE INTO Ulasan (id_produk, id_pembeli, komentar, penilaian) VALUES (8, 33, 'Dolor sed aperiam cum neque similique nam.', 4);
INSERT IGNORE INTO Ulasan (id_produk, id_pembeli, komentar, penilaian) VALUES (36, 45, 'Incidunt mollitia voluptate.', 5);
INSERT IGNORE INTO Ulasan (id_produk, id_pembeli, komentar, penilaian) VALUES (63, 45, 'Fuga quisquam ducimus esse officiis consequatur cum temporibus. Assumenda nesciunt molestiae. Quos repellendus beatae adipisci aliquid. Inventore perspiciatis veritatis optio.', 2);
INSERT IGNORE INTO Ulasan (id_produk, id_pembeli, komentar, penilaian) VALUES (79, 36, 'Minus illo dolore. Dignissimos eum ipsum doloremque distinctio pariatur rem.', 5);
INSERT IGNORE INTO Ulasan (id_produk, id_pembeli, komentar, penilaian) VALUES (87, 41, 'Cum harum dolorum iusto molestiae dolorem at. Doloribus rerum velit hic.', 1);
INSERT IGNORE INTO Ulasan (id_produk, id_pembeli, komentar, penilaian) VALUES (60, 41, 'Deleniti molestias magni reiciendis voluptate laudantium.', 4);
INSERT IGNORE INTO Ulasan (id_produk, id_pembeli, komentar, penilaian) VALUES (45, 41, 'Commodi at doloremque placeat sequi corrupti.', 1);
INSERT IGNORE INTO Ulasan (id_produk, id_pembeli, komentar, penilaian) VALUES (68, 41, 'Architecto aliquam amet numquam minus sint. Voluptatum incidunt veniam ducimus consequuntur.', 5);
INSERT IGNORE INTO Ulasan (id_produk, id_pembeli, komentar, penilaian) VALUES (8, 41, 'Earum temporibus necessitatibus veniam debitis.', 5);
INSERT IGNORE INTO Ulasan (id_produk, id_pembeli, komentar, penilaian) VALUES (94, 26, 'Assumenda perspiciatis numquam vitae adipisci magnam.', 4);
INSERT IGNORE INTO Ulasan (id_produk, id_pembeli, komentar, penilaian) VALUES (32, 26, 'Asperiores quaerat illo pariatur. Reprehenderit possimus ipsam.', 5);
INSERT IGNORE INTO Ulasan (id_produk, id_pembeli, komentar, penilaian) VALUES (14, 26, 'Provident pariatur optio ut nam iure reprehenderit soluta.', 4);
INSERT IGNORE INTO Ulasan (id_produk, id_pembeli, komentar, penilaian) VALUES (52, 26, 'Ipsum cumque ab vitae sit ad quia ad. Eveniet quas possimus voluptate nemo aliquid ipsam.', 3);
INSERT IGNORE INTO Ulasan (id_produk, id_pembeli, komentar, penilaian) VALUES (70, 7, 'Corrupti eum provident veritatis. Perspiciatis expedita laboriosam dolores.', 4);
INSERT IGNORE INTO Ulasan (id_produk, id_pembeli, komentar, penilaian) VALUES (43, 7, 'Eveniet culpa repellat nobis ad ut.', 4);
INSERT IGNORE INTO Ulasan (id_produk, id_pembeli, komentar, penilaian) VALUES (57, 7, 'Harum voluptatem nam illo dolorum numquam enim.', 5);
INSERT IGNORE INTO Ulasan (id_produk, id_pembeli, komentar, penilaian) VALUES (11, 54, 'Consequuntur esse velit magnam alias dicta.', 4);
INSERT IGNORE INTO Ulasan (id_produk, id_pembeli, komentar, penilaian) VALUES (28, 54, 'Dicta nam quibusdam dolore aspernatur reiciendis. Similique illo quo eveniet maxime nostrum.', 2);
INSERT IGNORE INTO Ulasan (id_produk, id_pembeli, komentar, penilaian) VALUES (35, 54, 'Dolore dicta soluta dolore architecto ex aperiam.', 1);
INSERT IGNORE INTO Ulasan (id_produk, id_pembeli, komentar, penilaian) VALUES (20, 21, 'Unde rem id architecto cumque possimus.', 2);
INSERT IGNORE INTO Ulasan (id_produk, id_pembeli, komentar, penilaian) VALUES (28, 21, 'Veniam modi dolore qui vitae voluptatem veritatis.', 3);
INSERT IGNORE INTO Ulasan (id_produk, id_pembeli, komentar, penilaian) VALUES (43, 21, 'In inventore enim minima expedita doloribus. Ab quis expedita.', 1);
INSERT IGNORE INTO Ulasan (id_produk, id_pembeli, komentar, penilaian) VALUES (80, 21, 'Aperiam reprehenderit quo vitae delectus suscipit eaque excepturi. Rerum modi nam inventore incidunt ducimus saepe iusto. Natus consequatur laborum in.', 4);
INSERT IGNORE INTO Ulasan (id_produk, id_pembeli, komentar, penilaian) VALUES (69, 35, 'Numquam ut deleniti cum aspernatur ex saepe nemo. Soluta ipsa fuga omnis minima.', 5);
INSERT IGNORE INTO Ulasan (id_produk, id_pembeli, komentar, penilaian) VALUES (78, 35, 'Similique ad aspernatur quisquam facere quo qui.', 2);
INSERT IGNORE INTO Ulasan (id_produk, id_pembeli, komentar, penilaian) VALUES (12, 35, 'Ea recusandae velit qui.', 2);
INSERT IGNORE INTO Ulasan (id_produk, id_pembeli, komentar, penilaian) VALUES (24, 35, 'Nemo nobis deleniti. Nemo laudantium non molestias sapiente rem.', 5);
INSERT IGNORE INTO Ulasan (id_produk, id_pembeli, komentar, penilaian) VALUES (3, 40, 'Reiciendis tempore maxime soluta eius quaerat soluta.', 1);
INSERT IGNORE INTO Ulasan (id_produk, id_pembeli, komentar, penilaian) VALUES (37, 40, 'Velit quasi excepturi quos suscipit veniam.', 1);
INSERT IGNORE INTO Ulasan (id_produk, id_pembeli, komentar, penilaian) VALUES (63, 31, 'Vero officiis possimus a tempora atque explicabo.', 4);
INSERT IGNORE INTO Ulasan (id_produk, id_pembeli, komentar, penilaian) VALUES (59, 31, 'Quas accusantium autem quam laudantium sit. Veritatis rerum dolor quisquam minima.', 1);
INSERT IGNORE INTO Ulasan (id_produk, id_pembeli, komentar, penilaian) VALUES (97, 56, 'Reiciendis quo unde.', 1);
INSERT IGNORE INTO Ulasan (id_produk, id_pembeli, komentar, penilaian) VALUES (27, 56, 'Cupiditate temporibus dolore molestiae aperiam iusto.', 1);
INSERT IGNORE INTO Ulasan (id_produk, id_pembeli, komentar, penilaian) VALUES (39, 56, 'Commodi iusto rem perferendis quasi. Aliquid eaque ea porro.', 1);
INSERT IGNORE INTO Ulasan (id_produk, id_pembeli, komentar, penilaian) VALUES (64, 46, 'Magni eum dolore aperiam voluptatem.', 4);
INSERT IGNORE INTO Ulasan (id_produk, id_pembeli, komentar, penilaian) VALUES (66, 42, 'Optio quo dolorum. Mollitia sequi iure aliquid excepturi.', 5);
INSERT IGNORE INTO Ulasan (id_produk, id_pembeli, komentar, penilaian) VALUES (30, 42, 'Quae autem quos cumque.', 3);
INSERT IGNORE INTO Ulasan (id_produk, id_pembeli, komentar, penilaian) VALUES (10, 42, 'Dolor commodi molestiae.', 1);
INSERT IGNORE INTO Ulasan (id_produk, id_pembeli, komentar, penilaian) VALUES (23, 43, 'Eius aliquam animi.', 4);
INSERT IGNORE INTO Ulasan (id_produk, id_pembeli, komentar, penilaian) VALUES (98, 43, 'Deleniti ullam similique voluptatem odio perspiciatis doloremque.', 2);
INSERT IGNORE INTO Ulasan (id_produk, id_pembeli, komentar, penilaian) VALUES (25, 43, 'Distinctio earum animi delectus. Fugit facere reprehenderit minima doloribus. Eius temporibus veritatis deleniti.', 4);
INSERT IGNORE INTO Ulasan (id_produk, id_pembeli, komentar, penilaian) VALUES (58, 5, 'Vitae illum exercitationem corrupti in doloremque dolorum.', 4);
INSERT IGNORE INTO Ulasan (id_produk, id_pembeli, komentar, penilaian) VALUES (12, 5, 'Reiciendis velit sapiente nostrum alias. Nobis omnis eos optio.', 1);
INSERT IGNORE INTO Ulasan (id_produk, id_pembeli, komentar, penilaian) VALUES (85, 5, 'Repellendus occaecati laboriosam labore nam sit qui distinctio. Enim debitis eaque exercitationem odio deserunt cum. Quia similique laboriosam dignissimos dicta aut animi fugiat.', 3);

-- Teman
INSERT IGNORE INTO Teman (id_diikuti, id_mengikuti) VALUES (76, 1);
INSERT IGNORE INTO Teman (id_diikuti, id_mengikuti) VALUES (67, 1);
INSERT IGNORE INTO Teman (id_diikuti, id_mengikuti) VALUES (24, 1);
INSERT IGNORE INTO Teman (id_diikuti, id_mengikuti) VALUES (28, 1);
INSERT IGNORE INTO Teman (id_diikuti, id_mengikuti) VALUES (104, 1);
INSERT IGNORE INTO Teman (id_diikuti, id_mengikuti) VALUES (15, 1);
INSERT IGNORE INTO Teman (id_diikuti, id_mengikuti) VALUES (29, 1);
INSERT IGNORE INTO Teman (id_diikuti, id_mengikuti) VALUES (60, 2);
INSERT IGNORE INTO Teman (id_diikuti, id_mengikuti) VALUES (11, 2);
INSERT IGNORE INTO Teman (id_diikuti, id_mengikuti) VALUES (16, 2);
INSERT IGNORE INTO Teman (id_diikuti, id_mengikuti) VALUES (103, 2);
INSERT IGNORE INTO Teman (id_diikuti, id_mengikuti) VALUES (92, 3);
INSERT IGNORE INTO Teman (id_diikuti, id_mengikuti) VALUES (60, 4);
INSERT IGNORE INTO Teman (id_diikuti, id_mengikuti) VALUES (41, 4);
INSERT IGNORE INTO Teman (id_diikuti, id_mengikuti) VALUES (17, 4);
INSERT IGNORE INTO Teman (id_diikuti, id_mengikuti) VALUES (71, 4);
INSERT IGNORE INTO Teman (id_diikuti, id_mengikuti) VALUES (3, 4);
INSERT IGNORE INTO Teman (id_diikuti, id_mengikuti) VALUES (107, 5);
INSERT IGNORE INTO Teman (id_diikuti, id_mengikuti) VALUES (71, 5);
INSERT IGNORE INTO Teman (id_diikuti, id_mengikuti) VALUES (7, 5);
INSERT IGNORE INTO Teman (id_diikuti, id_mengikuti) VALUES (86, 5);
INSERT IGNORE INTO Teman (id_diikuti, id_mengikuti) VALUES (96, 5);
INSERT IGNORE INTO Teman (id_diikuti, id_mengikuti) VALUES (64, 5);
INSERT IGNORE INTO Teman (id_diikuti, id_mengikuti) VALUES (73, 5);
INSERT IGNORE INTO Teman (id_diikuti, id_mengikuti) VALUES (85, 6);
INSERT IGNORE INTO Teman (id_diikuti, id_mengikuti) VALUES (58, 6);
INSERT IGNORE INTO Teman (id_diikuti, id_mengikuti) VALUES (56, 6);
INSERT IGNORE INTO Teman (id_diikuti, id_mengikuti) VALUES (1, 6);
INSERT IGNORE INTO Teman (id_diikuti, id_mengikuti) VALUES (90, 6);
INSERT IGNORE INTO Teman (id_diikuti, id_mengikuti) VALUES (81, 8);
INSERT IGNORE INTO Teman (id_diikuti, id_mengikuti) VALUES (61, 8);
INSERT IGNORE INTO Teman (id_diikuti, id_mengikuti) VALUES (86, 8);
INSERT IGNORE INTO Teman (id_diikuti, id_mengikuti) VALUES (21, 9);
INSERT IGNORE INTO Teman (id_diikuti, id_mengikuti) VALUES (94, 9);
INSERT IGNORE INTO Teman (id_diikuti, id_mengikuti) VALUES (53, 9);
INSERT IGNORE INTO Teman (id_diikuti, id_mengikuti) VALUES (72, 9);
INSERT IGNORE INTO Teman (id_diikuti, id_mengikuti) VALUES (16, 9);
INSERT IGNORE INTO Teman (id_diikuti, id_mengikuti) VALUES (58, 10);
INSERT IGNORE INTO Teman (id_diikuti, id_mengikuti) VALUES (5, 10);
INSERT IGNORE INTO Teman (id_diikuti, id_mengikuti) VALUES (2, 10);
INSERT IGNORE INTO Teman (id_diikuti, id_mengikuti) VALUES (80, 10);
INSERT IGNORE INTO Teman (id_diikuti, id_mengikuti) VALUES (49, 10);
INSERT IGNORE INTO Teman (id_diikuti, id_mengikuti) VALUES (66, 10);
INSERT IGNORE INTO Teman (id_diikuti, id_mengikuti) VALUES (71, 11);
INSERT IGNORE INTO Teman (id_diikuti, id_mengikuti) VALUES (89, 11);
INSERT IGNORE INTO Teman (id_diikuti, id_mengikuti) VALUES (25, 11);
INSERT IGNORE INTO Teman (id_diikuti, id_mengikuti) VALUES (50, 11);
INSERT IGNORE INTO Teman (id_diikuti, id_mengikuti) VALUES (75, 11);
INSERT IGNORE INTO Teman (id_diikuti, id_mengikuti) VALUES (65, 11);
INSERT IGNORE INTO Teman (id_diikuti, id_mengikuti) VALUES (86, 11);
INSERT IGNORE INTO Teman (id_diikuti, id_mengikuti) VALUES (51, 13);
INSERT IGNORE INTO Teman (id_diikuti, id_mengikuti) VALUES (1, 13);
INSERT IGNORE INTO Teman (id_diikuti, id_mengikuti) VALUES (34, 13);
INSERT IGNORE INTO Teman (id_diikuti, id_mengikuti) VALUES (43, 13);
INSERT IGNORE INTO Teman (id_diikuti, id_mengikuti) VALUES (73, 13);
INSERT IGNORE INTO Teman (id_diikuti, id_mengikuti) VALUES (65, 13);
INSERT IGNORE INTO Teman (id_diikuti, id_mengikuti) VALUES (96, 14);
INSERT IGNORE INTO Teman (id_diikuti, id_mengikuti) VALUES (74, 14);
INSERT IGNORE INTO Teman (id_diikuti, id_mengikuti) VALUES (70, 14);
INSERT IGNORE INTO Teman (id_diikuti, id_mengikuti) VALUES (66, 15);
INSERT IGNORE INTO Teman (id_diikuti, id_mengikuti) VALUES (34, 15);
INSERT IGNORE INTO Teman (id_diikuti, id_mengikuti) VALUES (32, 15);
INSERT IGNORE INTO Teman (id_diikuti, id_mengikuti) VALUES (68, 15);
INSERT IGNORE INTO Teman (id_diikuti, id_mengikuti) VALUES (8, 15);
INSERT IGNORE INTO Teman (id_diikuti, id_mengikuti) VALUES (15, 16);
INSERT IGNORE INTO Teman (id_diikuti, id_mengikuti) VALUES (75, 16);
INSERT IGNORE INTO Teman (id_diikuti, id_mengikuti) VALUES (107, 16);
INSERT IGNORE INTO Teman (id_diikuti, id_mengikuti) VALUES (31, 16);
INSERT IGNORE INTO Teman (id_diikuti, id_mengikuti) VALUES (30, 17);
INSERT IGNORE INTO Teman (id_diikuti, id_mengikuti) VALUES (21, 18);
INSERT IGNORE INTO Teman (id_diikuti, id_mengikuti) VALUES (70, 18);
INSERT IGNORE INTO Teman (id_diikuti, id_mengikuti) VALUES (48, 18);
INSERT IGNORE INTO Teman (id_diikuti, id_mengikuti) VALUES (78, 18);
INSERT IGNORE INTO Teman (id_diikuti, id_mengikuti) VALUES (28, 18);
INSERT IGNORE INTO Teman (id_diikuti, id_mengikuti) VALUES (32, 18);
INSERT IGNORE INTO Teman (id_diikuti, id_mengikuti) VALUES (69, 19);
INSERT IGNORE INTO Teman (id_diikuti, id_mengikuti) VALUES (39, 19);
INSERT IGNORE INTO Teman (id_diikuti, id_mengikuti) VALUES (85, 21);
INSERT IGNORE INTO Teman (id_diikuti, id_mengikuti) VALUES (103, 21);
INSERT IGNORE INTO Teman (id_diikuti, id_mengikuti) VALUES (14, 21);
INSERT IGNORE INTO Teman (id_diikuti, id_mengikuti) VALUES (54, 22);
INSERT IGNORE INTO Teman (id_diikuti, id_mengikuti) VALUES (67, 22);
INSERT IGNORE INTO Teman (id_diikuti, id_mengikuti) VALUES (79, 23);
INSERT IGNORE INTO Teman (id_diikuti, id_mengikuti) VALUES (110, 23);
INSERT IGNORE INTO Teman (id_diikuti, id_mengikuti) VALUES (76, 24);
INSERT IGNORE INTO Teman (id_diikuti, id_mengikuti) VALUES (62, 24);
INSERT IGNORE INTO Teman (id_diikuti, id_mengikuti) VALUES (97, 25);
INSERT IGNORE INTO Teman (id_diikuti, id_mengikuti) VALUES (9, 25);
INSERT IGNORE INTO Teman (id_diikuti, id_mengikuti) VALUES (104, 25);
INSERT IGNORE INTO Teman (id_diikuti, id_mengikuti) VALUES (15, 25);
INSERT IGNORE INTO Teman (id_diikuti, id_mengikuti) VALUES (41, 26);
INSERT IGNORE INTO Teman (id_diikuti, id_mengikuti) VALUES (8, 27);
INSERT IGNORE INTO Teman (id_diikuti, id_mengikuti) VALUES (28, 27);
INSERT IGNORE INTO Teman (id_diikuti, id_mengikuti) VALUES (26, 28);
INSERT IGNORE INTO Teman (id_diikuti, id_mengikuti) VALUES (25, 28);
INSERT IGNORE INTO Teman (id_diikuti, id_mengikuti) VALUES (29, 28);
INSERT IGNORE INTO Teman (id_diikuti, id_mengikuti) VALUES (57, 28);
INSERT IGNORE INTO Teman (id_diikuti, id_mengikuti) VALUES (88, 29);
INSERT IGNORE INTO Teman (id_diikuti, id_mengikuti) VALUES (100, 29);
INSERT IGNORE INTO Teman (id_diikuti, id_mengikuti) VALUES (51, 29);
INSERT IGNORE INTO Teman (id_diikuti, id_mengikuti) VALUES (65, 30);
INSERT IGNORE INTO Teman (id_diikuti, id_mengikuti) VALUES (9, 30);
INSERT IGNORE INTO Teman (id_diikuti, id_mengikuti) VALUES (103, 30);
INSERT IGNORE INTO Teman (id_diikuti, id_mengikuti) VALUES (94, 30);
INSERT IGNORE INTO Teman (id_diikuti, id_mengikuti) VALUES (57, 30);
INSERT IGNORE INTO Teman (id_diikuti, id_mengikuti) VALUES (33, 30);
INSERT IGNORE INTO Teman (id_diikuti, id_mengikuti) VALUES (57, 31);
INSERT IGNORE INTO Teman (id_diikuti, id_mengikuti) VALUES (48, 31);
INSERT IGNORE INTO Teman (id_diikuti, id_mengikuti) VALUES (26, 31);
INSERT IGNORE INTO Teman (id_diikuti, id_mengikuti) VALUES (74, 31);
INSERT IGNORE INTO Teman (id_diikuti, id_mengikuti) VALUES (102, 31);
INSERT IGNORE INTO Teman (id_diikuti, id_mengikuti) VALUES (13, 31);
INSERT IGNORE INTO Teman (id_diikuti, id_mengikuti) VALUES (11, 31);
INSERT IGNORE INTO Teman (id_diikuti, id_mengikuti) VALUES (74, 32);
INSERT IGNORE INTO Teman (id_diikuti, id_mengikuti) VALUES (16, 32);
INSERT IGNORE INTO Teman (id_diikuti, id_mengikuti) VALUES (103, 32);
INSERT IGNORE INTO Teman (id_diikuti, id_mengikuti) VALUES (85, 33);
INSERT IGNORE INTO Teman (id_diikuti, id_mengikuti) VALUES (81, 33);
INSERT IGNORE INTO Teman (id_diikuti, id_mengikuti) VALUES (14, 34);
INSERT IGNORE INTO Teman (id_diikuti, id_mengikuti) VALUES (5, 34);
INSERT IGNORE INTO Teman (id_diikuti, id_mengikuti) VALUES (86, 34);
INSERT IGNORE INTO Teman (id_diikuti, id_mengikuti) VALUES (99, 34);
INSERT IGNORE INTO Teman (id_diikuti, id_mengikuti) VALUES (104, 34);
INSERT IGNORE INTO Teman (id_diikuti, id_mengikuti) VALUES (94, 36);
INSERT IGNORE INTO Teman (id_diikuti, id_mengikuti) VALUES (68, 36);
INSERT IGNORE INTO Teman (id_diikuti, id_mengikuti) VALUES (43, 36);
INSERT IGNORE INTO Teman (id_diikuti, id_mengikuti) VALUES (29, 36);
INSERT IGNORE INTO Teman (id_diikuti, id_mengikuti) VALUES (30, 36);
INSERT IGNORE INTO Teman (id_diikuti, id_mengikuti) VALUES (27, 36);
INSERT IGNORE INTO Teman (id_diikuti, id_mengikuti) VALUES (48, 36);
INSERT IGNORE INTO Teman (id_diikuti, id_mengikuti) VALUES (109, 37);
INSERT IGNORE INTO Teman (id_diikuti, id_mengikuti) VALUES (43, 37);
INSERT IGNORE INTO Teman (id_diikuti, id_mengikuti) VALUES (56, 38);
INSERT IGNORE INTO Teman (id_diikuti, id_mengikuti) VALUES (64, 38);
INSERT IGNORE INTO Teman (id_diikuti, id_mengikuti) VALUES (65, 38);
INSERT IGNORE INTO Teman (id_diikuti, id_mengikuti) VALUES (88, 38);
INSERT IGNORE INTO Teman (id_diikuti, id_mengikuti) VALUES (30, 38);
INSERT IGNORE INTO Teman (id_diikuti, id_mengikuti) VALUES (63, 38);
INSERT IGNORE INTO Teman (id_diikuti, id_mengikuti) VALUES (27, 38);
INSERT IGNORE INTO Teman (id_diikuti, id_mengikuti) VALUES (82, 39);
INSERT IGNORE INTO Teman (id_diikuti, id_mengikuti) VALUES (57, 39);
INSERT IGNORE INTO Teman (id_diikuti, id_mengikuti) VALUES (100, 40);
INSERT IGNORE INTO Teman (id_diikuti, id_mengikuti) VALUES (3, 40);
INSERT IGNORE INTO Teman (id_diikuti, id_mengikuti) VALUES (99, 40);
INSERT IGNORE INTO Teman (id_diikuti, id_mengikuti) VALUES (38, 40);
INSERT IGNORE INTO Teman (id_diikuti, id_mengikuti) VALUES (25, 41);
INSERT IGNORE INTO Teman (id_diikuti, id_mengikuti) VALUES (22, 41);
INSERT IGNORE INTO Teman (id_diikuti, id_mengikuti) VALUES (94, 41);
INSERT IGNORE INTO Teman (id_diikuti, id_mengikuti) VALUES (42, 41);
INSERT IGNORE INTO Teman (id_diikuti, id_mengikuti) VALUES (34, 41);
INSERT IGNORE INTO Teman (id_diikuti, id_mengikuti) VALUES (31, 44);
INSERT IGNORE INTO Teman (id_diikuti, id_mengikuti) VALUES (90, 44);
INSERT IGNORE INTO Teman (id_diikuti, id_mengikuti) VALUES (29, 45);
INSERT IGNORE INTO Teman (id_diikuti, id_mengikuti) VALUES (76, 45);
INSERT IGNORE INTO Teman (id_diikuti, id_mengikuti) VALUES (71, 45);
INSERT IGNORE INTO Teman (id_diikuti, id_mengikuti) VALUES (30, 45);
INSERT IGNORE INTO Teman (id_diikuti, id_mengikuti) VALUES (29, 46);
INSERT IGNORE INTO Teman (id_diikuti, id_mengikuti) VALUES (49, 46);
INSERT IGNORE INTO Teman (id_diikuti, id_mengikuti) VALUES (2, 46);
INSERT IGNORE INTO Teman (id_diikuti, id_mengikuti) VALUES (75, 46);
INSERT IGNORE INTO Teman (id_diikuti, id_mengikuti) VALUES (9, 46);
INSERT IGNORE INTO Teman (id_diikuti, id_mengikuti) VALUES (54, 49);
INSERT IGNORE INTO Teman (id_diikuti, id_mengikuti) VALUES (36, 50);
INSERT IGNORE INTO Teman (id_diikuti, id_mengikuti) VALUES (14, 50);
INSERT IGNORE INTO Teman (id_diikuti, id_mengikuti) VALUES (79, 51);
INSERT IGNORE INTO Teman (id_diikuti, id_mengikuti) VALUES (40, 51);
INSERT IGNORE INTO Teman (id_diikuti, id_mengikuti) VALUES (108, 52);
INSERT IGNORE INTO Teman (id_diikuti, id_mengikuti) VALUES (75, 52);
INSERT IGNORE INTO Teman (id_diikuti, id_mengikuti) VALUES (51, 52);
INSERT IGNORE INTO Teman (id_diikuti, id_mengikuti) VALUES (60, 52);
INSERT IGNORE INTO Teman (id_diikuti, id_mengikuti) VALUES (83, 52);
INSERT IGNORE INTO Teman (id_diikuti, id_mengikuti) VALUES (55, 52);
INSERT IGNORE INTO Teman (id_diikuti, id_mengikuti) VALUES (11, 52);
INSERT IGNORE INTO Teman (id_diikuti, id_mengikuti) VALUES (55, 53);
INSERT IGNORE INTO Teman (id_diikuti, id_mengikuti) VALUES (58, 53);
INSERT IGNORE INTO Teman (id_diikuti, id_mengikuti) VALUES (72, 53);
INSERT IGNORE INTO Teman (id_diikuti, id_mengikuti) VALUES (22, 53);
INSERT IGNORE INTO Teman (id_diikuti, id_mengikuti) VALUES (31, 53);
INSERT IGNORE INTO Teman (id_diikuti, id_mengikuti) VALUES (98, 53);
INSERT IGNORE INTO Teman (id_diikuti, id_mengikuti) VALUES (105, 54);
INSERT IGNORE INTO Teman (id_diikuti, id_mengikuti) VALUES (79, 54);
INSERT IGNORE INTO Teman (id_diikuti, id_mengikuti) VALUES (7, 54);
INSERT IGNORE INTO Teman (id_diikuti, id_mengikuti) VALUES (11, 54);
INSERT IGNORE INTO Teman (id_diikuti, id_mengikuti) VALUES (30, 54);
INSERT IGNORE INTO Teman (id_diikuti, id_mengikuti) VALUES (86, 54);
INSERT IGNORE INTO Teman (id_diikuti, id_mengikuti) VALUES (75, 54);
INSERT IGNORE INTO Teman (id_diikuti, id_mengikuti) VALUES (10, 55);
INSERT IGNORE INTO Teman (id_diikuti, id_mengikuti) VALUES (41, 55);
INSERT IGNORE INTO Teman (id_diikuti, id_mengikuti) VALUES (40, 55);
INSERT IGNORE INTO Teman (id_diikuti, id_mengikuti) VALUES (83, 55);
INSERT IGNORE INTO Teman (id_diikuti, id_mengikuti) VALUES (92, 55);
INSERT IGNORE INTO Teman (id_diikuti, id_mengikuti) VALUES (2, 55);
INSERT IGNORE INTO Teman (id_diikuti, id_mengikuti) VALUES (100, 55);
INSERT IGNORE INTO Teman (id_diikuti, id_mengikuti) VALUES (61, 56);
INSERT IGNORE INTO Teman (id_diikuti, id_mengikuti) VALUES (95, 57);
INSERT IGNORE INTO Teman (id_diikuti, id_mengikuti) VALUES (24, 57);
INSERT IGNORE INTO Teman (id_diikuti, id_mengikuti) VALUES (81, 57);
INSERT IGNORE INTO Teman (id_diikuti, id_mengikuti) VALUES (68, 57);
INSERT IGNORE INTO Teman (id_diikuti, id_mengikuti) VALUES (107, 57);
INSERT IGNORE INTO Teman (id_diikuti, id_mengikuti) VALUES (96, 57);
INSERT IGNORE INTO Teman (id_diikuti, id_mengikuti) VALUES (1, 58);
INSERT IGNORE INTO Teman (id_diikuti, id_mengikuti) VALUES (109, 58);
INSERT IGNORE INTO Teman (id_diikuti, id_mengikuti) VALUES (56, 58);
INSERT IGNORE INTO Teman (id_diikuti, id_mengikuti) VALUES (63, 58);
INSERT IGNORE INTO Teman (id_diikuti, id_mengikuti) VALUES (75, 58);
INSERT IGNORE INTO Teman (id_diikuti, id_mengikuti) VALUES (70, 58);
INSERT IGNORE INTO Teman (id_diikuti, id_mengikuti) VALUES (60, 59);
INSERT IGNORE INTO Teman (id_diikuti, id_mengikuti) VALUES (99, 59);
INSERT IGNORE INTO Teman (id_diikuti, id_mengikuti) VALUES (19, 59);
INSERT IGNORE INTO Teman (id_diikuti, id_mengikuti) VALUES (98, 59);
INSERT IGNORE INTO Teman (id_diikuti, id_mengikuti) VALUES (62, 59);
INSERT IGNORE INTO Teman (id_diikuti, id_mengikuti) VALUES (18, 60);
INSERT IGNORE INTO Teman (id_diikuti, id_mengikuti) VALUES (34, 60);
INSERT IGNORE INTO Teman (id_diikuti, id_mengikuti) VALUES (58, 60);
INSERT IGNORE INTO Teman (id_diikuti, id_mengikuti) VALUES (80, 60);
INSERT IGNORE INTO Teman (id_diikuti, id_mengikuti) VALUES (69, 61);
INSERT IGNORE INTO Teman (id_diikuti, id_mengikuti) VALUES (31, 61);
INSERT IGNORE INTO Teman (id_diikuti, id_mengikuti) VALUES (23, 61);
INSERT IGNORE INTO Teman (id_diikuti, id_mengikuti) VALUES (5, 61);
INSERT IGNORE INTO Teman (id_diikuti, id_mengikuti) VALUES (86, 61);
INSERT IGNORE INTO Teman (id_diikuti, id_mengikuti) VALUES (33, 61);
INSERT IGNORE INTO Teman (id_diikuti, id_mengikuti) VALUES (63, 61);
INSERT IGNORE INTO Teman (id_diikuti, id_mengikuti) VALUES (92, 62);
INSERT IGNORE INTO Teman (id_diikuti, id_mengikuti) VALUES (63, 62);
INSERT IGNORE INTO Teman (id_diikuti, id_mengikuti) VALUES (55, 62);
INSERT IGNORE INTO Teman (id_diikuti, id_mengikuti) VALUES (13, 63);
INSERT IGNORE INTO Teman (id_diikuti, id_mengikuti) VALUES (81, 63);
INSERT IGNORE INTO Teman (id_diikuti, id_mengikuti) VALUES (85, 63);
INSERT IGNORE INTO Teman (id_diikuti, id_mengikuti) VALUES (73, 64);
INSERT IGNORE INTO Teman (id_diikuti, id_mengikuti) VALUES (95, 64);
INSERT IGNORE INTO Teman (id_diikuti, id_mengikuti) VALUES (18, 64);
INSERT IGNORE INTO Teman (id_diikuti, id_mengikuti) VALUES (97, 64);
INSERT IGNORE INTO Teman (id_diikuti, id_mengikuti) VALUES (80, 64);
INSERT IGNORE INTO Teman (id_diikuti, id_mengikuti) VALUES (65, 64);
INSERT IGNORE INTO Teman (id_diikuti, id_mengikuti) VALUES (52, 64);
INSERT IGNORE INTO Teman (id_diikuti, id_mengikuti) VALUES (50, 65);
INSERT IGNORE INTO Teman (id_diikuti, id_mengikuti) VALUES (70, 65);
INSERT IGNORE INTO Teman (id_diikuti, id_mengikuti) VALUES (72, 65);
INSERT IGNORE INTO Teman (id_diikuti, id_mengikuti) VALUES (56, 65);
INSERT IGNORE INTO Teman (id_diikuti, id_mengikuti) VALUES (4, 65);
INSERT IGNORE INTO Teman (id_diikuti, id_mengikuti) VALUES (100, 66);
INSERT IGNORE INTO Teman (id_diikuti, id_mengikuti) VALUES (44, 67);
INSERT IGNORE INTO Teman (id_diikuti, id_mengikuti) VALUES (68, 67);
INSERT IGNORE INTO Teman (id_diikuti, id_mengikuti) VALUES (22, 67);
INSERT IGNORE INTO Teman (id_diikuti, id_mengikuti) VALUES (77, 67);
INSERT IGNORE INTO Teman (id_diikuti, id_mengikuti) VALUES (98, 67);
INSERT IGNORE INTO Teman (id_diikuti, id_mengikuti) VALUES (72, 67);
INSERT IGNORE INTO Teman (id_diikuti, id_mengikuti) VALUES (105, 67);
INSERT IGNORE INTO Teman (id_diikuti, id_mengikuti) VALUES (46, 69);
INSERT IGNORE INTO Teman (id_diikuti, id_mengikuti) VALUES (93, 69);
INSERT IGNORE INTO Teman (id_diikuti, id_mengikuti) VALUES (30, 70);
INSERT IGNORE INTO Teman (id_diikuti, id_mengikuti) VALUES (77, 70);
INSERT IGNORE INTO Teman (id_diikuti, id_mengikuti) VALUES (1, 70);
INSERT IGNORE INTO Teman (id_diikuti, id_mengikuti) VALUES (66, 70);
INSERT IGNORE INTO Teman (id_diikuti, id_mengikuti) VALUES (16, 70);
INSERT IGNORE INTO Teman (id_diikuti, id_mengikuti) VALUES (14, 70);
INSERT IGNORE INTO Teman (id_diikuti, id_mengikuti) VALUES (90, 70);
INSERT IGNORE INTO Teman (id_diikuti, id_mengikuti) VALUES (39, 71);
INSERT IGNORE INTO Teman (id_diikuti, id_mengikuti) VALUES (97, 71);
INSERT IGNORE INTO Teman (id_diikuti, id_mengikuti) VALUES (48, 71);
INSERT IGNORE INTO Teman (id_diikuti, id_mengikuti) VALUES (81, 72);
INSERT IGNORE INTO Teman (id_diikuti, id_mengikuti) VALUES (25, 72);
INSERT IGNORE INTO Teman (id_diikuti, id_mengikuti) VALUES (106, 72);
INSERT IGNORE INTO Teman (id_diikuti, id_mengikuti) VALUES (102, 72);
INSERT IGNORE INTO Teman (id_diikuti, id_mengikuti) VALUES (110, 72);
INSERT IGNORE INTO Teman (id_diikuti, id_mengikuti) VALUES (62, 72);
INSERT IGNORE INTO Teman (id_diikuti, id_mengikuti) VALUES (71, 72);
INSERT IGNORE INTO Teman (id_diikuti, id_mengikuti) VALUES (83, 73);
INSERT IGNORE INTO Teman (id_diikuti, id_mengikuti) VALUES (12, 73);
INSERT IGNORE INTO Teman (id_diikuti, id_mengikuti) VALUES (77, 73);
INSERT IGNORE INTO Teman (id_diikuti, id_mengikuti) VALUES (39, 73);
INSERT IGNORE INTO Teman (id_diikuti, id_mengikuti) VALUES (93, 73);
INSERT IGNORE INTO Teman (id_diikuti, id_mengikuti) VALUES (30, 73);
INSERT IGNORE INTO Teman (id_diikuti, id_mengikuti) VALUES (35, 73);
INSERT IGNORE INTO Teman (id_diikuti, id_mengikuti) VALUES (43, 74);
INSERT IGNORE INTO Teman (id_diikuti, id_mengikuti) VALUES (12, 74);
INSERT IGNORE INTO Teman (id_diikuti, id_mengikuti) VALUES (104, 74);
INSERT IGNORE INTO Teman (id_diikuti, id_mengikuti) VALUES (76, 74);
INSERT IGNORE INTO Teman (id_diikuti, id_mengikuti) VALUES (28, 74);
INSERT IGNORE INTO Teman (id_diikuti, id_mengikuti) VALUES (40, 74);
INSERT IGNORE INTO Teman (id_diikuti, id_mengikuti) VALUES (51, 75);
INSERT IGNORE INTO Teman (id_diikuti, id_mengikuti) VALUES (78, 75);
INSERT IGNORE INTO Teman (id_diikuti, id_mengikuti) VALUES (82, 76);
INSERT IGNORE INTO Teman (id_diikuti, id_mengikuti) VALUES (47, 76);
INSERT IGNORE INTO Teman (id_diikuti, id_mengikuti) VALUES (28, 76);
INSERT IGNORE INTO Teman (id_diikuti, id_mengikuti) VALUES (88, 76);
INSERT IGNORE INTO Teman (id_diikuti, id_mengikuti) VALUES (24, 77);
INSERT IGNORE INTO Teman (id_diikuti, id_mengikuti) VALUES (32, 77);
INSERT IGNORE INTO Teman (id_diikuti, id_mengikuti) VALUES (74, 78);
INSERT IGNORE INTO Teman (id_diikuti, id_mengikuti) VALUES (49, 78);
INSERT IGNORE INTO Teman (id_diikuti, id_mengikuti) VALUES (110, 79);
INSERT IGNORE INTO Teman (id_diikuti, id_mengikuti) VALUES (83, 79);
INSERT IGNORE INTO Teman (id_diikuti, id_mengikuti) VALUES (40, 79);
INSERT IGNORE INTO Teman (id_diikuti, id_mengikuti) VALUES (67, 79);
INSERT IGNORE INTO Teman (id_diikuti, id_mengikuti) VALUES (26, 80);
INSERT IGNORE INTO Teman (id_diikuti, id_mengikuti) VALUES (94, 80);
INSERT IGNORE INTO Teman (id_diikuti, id_mengikuti) VALUES (47, 82);
INSERT IGNORE INTO Teman (id_diikuti, id_mengikuti) VALUES (23, 82);
INSERT IGNORE INTO Teman (id_diikuti, id_mengikuti) VALUES (71, 82);
INSERT IGNORE INTO Teman (id_diikuti, id_mengikuti) VALUES (52, 82);
INSERT IGNORE INTO Teman (id_diikuti, id_mengikuti) VALUES (10, 82);
INSERT IGNORE INTO Teman (id_diikuti, id_mengikuti) VALUES (66, 83);
INSERT IGNORE INTO Teman (id_diikuti, id_mengikuti) VALUES (14, 83);
INSERT IGNORE INTO Teman (id_diikuti, id_mengikuti) VALUES (58, 83);
INSERT IGNORE INTO Teman (id_diikuti, id_mengikuti) VALUES (81, 84);
INSERT IGNORE INTO Teman (id_diikuti, id_mengikuti) VALUES (99, 84);
INSERT IGNORE INTO Teman (id_diikuti, id_mengikuti) VALUES (55, 84);
INSERT IGNORE INTO Teman (id_diikuti, id_mengikuti) VALUES (75, 84);
INSERT IGNORE INTO Teman (id_diikuti, id_mengikuti) VALUES (52, 85);
INSERT IGNORE INTO Teman (id_diikuti, id_mengikuti) VALUES (93, 85);
INSERT IGNORE INTO Teman (id_diikuti, id_mengikuti) VALUES (18, 85);
INSERT IGNORE INTO Teman (id_diikuti, id_mengikuti) VALUES (1, 85);
INSERT IGNORE INTO Teman (id_diikuti, id_mengikuti) VALUES (107, 85);
INSERT IGNORE INTO Teman (id_diikuti, id_mengikuti) VALUES (58, 85);
INSERT IGNORE INTO Teman (id_diikuti, id_mengikuti) VALUES (78, 86);
INSERT IGNORE INTO Teman (id_diikuti, id_mengikuti) VALUES (109, 86);
INSERT IGNORE INTO Teman (id_diikuti, id_mengikuti) VALUES (48, 86);
INSERT IGNORE INTO Teman (id_diikuti, id_mengikuti) VALUES (67, 86);
INSERT IGNORE INTO Teman (id_diikuti, id_mengikuti) VALUES (98, 86);
INSERT IGNORE INTO Teman (id_diikuti, id_mengikuti) VALUES (22, 86);
INSERT IGNORE INTO Teman (id_diikuti, id_mengikuti) VALUES (31, 86);
INSERT IGNORE INTO Teman (id_diikuti, id_mengikuti) VALUES (23, 87);
INSERT IGNORE INTO Teman (id_diikuti, id_mengikuti) VALUES (60, 87);
INSERT IGNORE INTO Teman (id_diikuti, id_mengikuti) VALUES (2, 88);
INSERT IGNORE INTO Teman (id_diikuti, id_mengikuti) VALUES (40, 88);
INSERT IGNORE INTO Teman (id_diikuti, id_mengikuti) VALUES (1, 90);
INSERT IGNORE INTO Teman (id_diikuti, id_mengikuti) VALUES (33, 90);
INSERT IGNORE INTO Teman (id_diikuti, id_mengikuti) VALUES (4, 90);
INSERT IGNORE INTO Teman (id_diikuti, id_mengikuti) VALUES (101, 91);
INSERT IGNORE INTO Teman (id_diikuti, id_mengikuti) VALUES (15, 93);
INSERT IGNORE INTO Teman (id_diikuti, id_mengikuti) VALUES (9, 93);
INSERT IGNORE INTO Teman (id_diikuti, id_mengikuti) VALUES (85, 94);
INSERT IGNORE INTO Teman (id_diikuti, id_mengikuti) VALUES (20, 94);
INSERT IGNORE INTO Teman (id_diikuti, id_mengikuti) VALUES (21, 94);
INSERT IGNORE INTO Teman (id_diikuti, id_mengikuti) VALUES (22, 94);
INSERT IGNORE INTO Teman (id_diikuti, id_mengikuti) VALUES (10, 94);
INSERT IGNORE INTO Teman (id_diikuti, id_mengikuti) VALUES (50, 94);
INSERT IGNORE INTO Teman (id_diikuti, id_mengikuti) VALUES (89, 95);
INSERT IGNORE INTO Teman (id_diikuti, id_mengikuti) VALUES (36, 95);
INSERT IGNORE INTO Teman (id_diikuti, id_mengikuti) VALUES (34, 95);
INSERT IGNORE INTO Teman (id_diikuti, id_mengikuti) VALUES (70, 95);
INSERT IGNORE INTO Teman (id_diikuti, id_mengikuti) VALUES (23, 95);
INSERT IGNORE INTO Teman (id_diikuti, id_mengikuti) VALUES (92, 95);
INSERT IGNORE INTO Teman (id_diikuti, id_mengikuti) VALUES (56, 96);
INSERT IGNORE INTO Teman (id_diikuti, id_mengikuti) VALUES (23, 96);
INSERT IGNORE INTO Teman (id_diikuti, id_mengikuti) VALUES (10, 96);
INSERT IGNORE INTO Teman (id_diikuti, id_mengikuti) VALUES (24, 96);
INSERT IGNORE INTO Teman (id_diikuti, id_mengikuti) VALUES (78, 97);
INSERT IGNORE INTO Teman (id_diikuti, id_mengikuti) VALUES (83, 98);
INSERT IGNORE INTO Teman (id_diikuti, id_mengikuti) VALUES (51, 98);
INSERT IGNORE INTO Teman (id_diikuti, id_mengikuti) VALUES (69, 98);
INSERT IGNORE INTO Teman (id_diikuti, id_mengikuti) VALUES (86, 99);
INSERT IGNORE INTO Teman (id_diikuti, id_mengikuti) VALUES (90, 99);
INSERT IGNORE INTO Teman (id_diikuti, id_mengikuti) VALUES (49, 99);
INSERT IGNORE INTO Teman (id_diikuti, id_mengikuti) VALUES (47, 101);
INSERT IGNORE INTO Teman (id_diikuti, id_mengikuti) VALUES (9, 102);
INSERT IGNORE INTO Teman (id_diikuti, id_mengikuti) VALUES (45, 102);
INSERT IGNORE INTO Teman (id_diikuti, id_mengikuti) VALUES (80, 102);
INSERT IGNORE INTO Teman (id_diikuti, id_mengikuti) VALUES (65, 102);
INSERT IGNORE INTO Teman (id_diikuti, id_mengikuti) VALUES (30, 102);
INSERT IGNORE INTO Teman (id_diikuti, id_mengikuti) VALUES (74, 103);
INSERT IGNORE INTO Teman (id_diikuti, id_mengikuti) VALUES (44, 103);
INSERT IGNORE INTO Teman (id_diikuti, id_mengikuti) VALUES (23, 103);
INSERT IGNORE INTO Teman (id_diikuti, id_mengikuti) VALUES (76, 103);
INSERT IGNORE INTO Teman (id_diikuti, id_mengikuti) VALUES (50, 103);
INSERT IGNORE INTO Teman (id_diikuti, id_mengikuti) VALUES (105, 103);
INSERT IGNORE INTO Teman (id_diikuti, id_mengikuti) VALUES (56, 103);
INSERT IGNORE INTO Teman (id_diikuti, id_mengikuti) VALUES (26, 104);
INSERT IGNORE INTO Teman (id_diikuti, id_mengikuti) VALUES (11, 104);
INSERT IGNORE INTO Teman (id_diikuti, id_mengikuti) VALUES (37, 105);
INSERT IGNORE INTO Teman (id_diikuti, id_mengikuti) VALUES (87, 105);
INSERT IGNORE INTO Teman (id_diikuti, id_mengikuti) VALUES (5, 105);
INSERT IGNORE INTO Teman (id_diikuti, id_mengikuti) VALUES (72, 105);
INSERT IGNORE INTO Teman (id_diikuti, id_mengikuti) VALUES (107, 105);
INSERT IGNORE INTO Teman (id_diikuti, id_mengikuti) VALUES (66, 105);
INSERT IGNORE INTO Teman (id_diikuti, id_mengikuti) VALUES (51, 106);
INSERT IGNORE INTO Teman (id_diikuti, id_mengikuti) VALUES (100, 106);
INSERT IGNORE INTO Teman (id_diikuti, id_mengikuti) VALUES (9, 106);
INSERT IGNORE INTO Teman (id_diikuti, id_mengikuti) VALUES (55, 106);
INSERT IGNORE INTO Teman (id_diikuti, id_mengikuti) VALUES (57, 106);
INSERT IGNORE INTO Teman (id_diikuti, id_mengikuti) VALUES (103, 107);
INSERT IGNORE INTO Teman (id_diikuti, id_mengikuti) VALUES (79, 107);
INSERT IGNORE INTO Teman (id_diikuti, id_mengikuti) VALUES (99, 107);
INSERT IGNORE INTO Teman (id_diikuti, id_mengikuti) VALUES (92, 108);
INSERT IGNORE INTO Teman (id_diikuti, id_mengikuti) VALUES (98, 109);
INSERT IGNORE INTO Teman (id_diikuti, id_mengikuti) VALUES (104, 109);
INSERT IGNORE INTO Teman (id_diikuti, id_mengikuti) VALUES (38, 110);
INSERT IGNORE INTO Teman (id_diikuti, id_mengikuti) VALUES (54, 110);
INSERT IGNORE INTO Teman (id_diikuti, id_mengikuti) VALUES (44, 110);
