CREATE DATABASE IF NOT EXISTS ecommerce;
USE ecommerce;

CREATE TABLE IF NOT EXISTS Alamat (
    id_alamat INT PRIMARY KEY,
    provinsi VARCHAR(255),
    kota VARCHAR(255),
    jalan VARCHAR(255)
);

CREATE TABLE IF NOT EXISTS Pengguna (
    id_pengguna INT PRIMARY KEY,
    email VARCHAR(255) UNIQUE,
    password VARCHAR(255),
    nama_lengkap VARCHAR(255),
    tgl_lahir DATE,
    no_telp VARCHAR(20),
    foto_profil VARCHAR(255),
    is_penjual BOOLEAN
);

CREATE TABLE IF NOT EXISTS Penjual (
    id_penjual INT PRIMARY KEY,
    id_pengguna INT,
    foto_diri VARCHAR(255),
    nama VARCHAR(100),
    is_verified BOOLEAN,
    FOREIGN KEY (id_pengguna) REFERENCES Pengguna(id_pengguna)
);

CREATE TABLE IF NOT EXISTS Pembeli (
    id_pembeli INT PRIMARY KEY,
    id_pengguna INT,
    FOREIGN KEY (id_pengguna) REFERENCES Pengguna(id_pengguna)
);

CREATE TABLE IF NOT EXISTS AlamatPembeli (
    id_pembeli INT,
    id_alamat INT,
    id_pesanan INT,
    is_default BOOLEAN,
    PRIMARY KEY (id_pembeli, id_alamat),
    FOREIGN KEY (id_pembeli) REFERENCES Pembeli(id_pembeli),
    FOREIGN KEY (id_alamat) REFERENCES Alamat(id_alamat)
);

CREATE TABLE IF NOT EXISTS Keranjang (
    id_keranjang INT PRIMARY KEY,
    id_pembeli INT,
    FOREIGN KEY (id_pembeli) REFERENCES Pembeli(id_pembeli)
);

CREATE TABLE IF NOT EXISTS Produk (
    id_produk INT PRIMARY KEY,
    id_penjual INT,
    nama VARCHAR(255),
    deskripsi TEXT,
    FOREIGN KEY (id_penjual) REFERENCES Penjual(id_penjual)
);

CREATE TABLE IF NOT EXISTS VarianProduk (
    sku VARCHAR(50) PRIMARY KEY,
    harga DECIMAL(10, 2),
    stok INT
);

CREATE TABLE IF NOT EXISTS AtributVarian (
    atribut_varian VARCHAR(50) PRIMARY KEY,
    nama VARCHAR(100)
);

CREATE TABLE IF NOT EXISTS ProdukVarianAtribut (
    id_produk INT,
    atribut_varian VARCHAR(50),
    sku VARCHAR(50),
    nilai VARCHAR(100),
    PRIMARY KEY (id_produk, atribut_varian, sku),
    FOREIGN KEY (id_produk) REFERENCES Produk(id_produk),
    FOREIGN KEY (atribut_varian) REFERENCES AtributVarian(atribut_varian),
    FOREIGN KEY (sku) REFERENCES VarianProduk(sku)
);

CREATE TABLE IF NOT EXISTS Gambar (
    id_gambar INT PRIMARY KEY,
    gambar VARCHAR(255)
);

CREATE TABLE IF NOT EXISTS GambarProduk (
    id_produk INT,
    id_gambar INT,
    PRIMARY KEY (id_produk, id_gambar),
    FOREIGN KEY (id_produk) REFERENCES Produk(id_produk),
    FOREIGN KEY (id_gambar) REFERENCES Gambar(id_gambar)
);

CREATE TABLE IF NOT EXISTS Tag (
    id_tag INT PRIMARY KEY,
    nama VARCHAR(50)
);

CREATE TABLE IF NOT EXISTS TagProduk (
    id_produk INT,
    id_tag INT,
    PRIMARY KEY (id_produk, id_tag),
    FOREIGN KEY (id_produk) REFERENCES Produk(id_produk),
    FOREIGN KEY (id_tag) REFERENCES Tag(id_tag)
);

CREATE TABLE IF NOT EXISTS BarangKeranjang (
    id_keranjang INT,
    sku VARCHAR(50),
    kuantitas INT,
    PRIMARY KEY (id_keranjang, sku),
    FOREIGN KEY (id_keranjang) REFERENCES Keranjang(id_keranjang),
    FOREIGN KEY (sku) REFERENCES VarianProduk(sku)
);

CREATE TABLE IF NOT EXISTS Pesanan (
    id_pesanan INT PRIMARY KEY,
    id_pembeli INT,
    metode_pembayaran VARCHAR(50),
    metode_pengiriman VARCHAR(50),
    catatan TEXT,
    status_pesanan VARCHAR(50),
    waktu_pemesanan TIMESTAMP,
    FOREIGN KEY (id_pembeli) REFERENCES Pembeli(id_pembeli)
);

CREATE TABLE IF NOT EXISTS BarangPesanan (
    id_pesanan INT,
    sku VARCHAR(50),
    kuantitas INT,
    PRIMARY KEY (id_pesanan, sku),
    FOREIGN KEY (id_pesanan) REFERENCES Pesanan(id_pesanan),
    FOREIGN KEY (sku) REFERENCES VarianProduk(sku)
);

CREATE TABLE IF NOT EXISTS Wishlist (
    id_pembeli INT,
    id_produk INT,
    PRIMARY KEY (id_pembeli, id_produk),
    FOREIGN KEY (id_pembeli) REFERENCES Pembeli(id_pembeli),
    FOREIGN KEY (id_produk) REFERENCES Produk(id_produk)
);

CREATE TABLE IF NOT EXISTS Ulasan (
    id_produk INT,
    id_pembeli INT,
    komentar TEXT,
    penilaian INT,
    PRIMARY KEY (id_produk, id_pembeli),
    FOREIGN KEY (id_produk) REFERENCES Produk(id_produk),
    FOREIGN KEY (id_pembeli) REFERENCES Pembeli(id_pembeli)
);

CREATE TABLE IF NOT EXISTS Teman (
    id_diikuti INT,
    id_mengikuti INT,
    PRIMARY KEY (id_diikuti, id_mengikuti),
    FOREIGN KEY (id_diikuti) REFERENCES Pengguna(id_pengguna),
    FOREIGN KEY (id_mengikuti) REFERENCES Pengguna(id_pengguna)
);

-- SEEDER DATA

-- Alamat
INSERT IGNORE INTO Alamat (id_alamat, provinsi, kota, jalan) VALUES (1, 'Papua Barat', 'Kota Administrasi Jakarta Selatan', 'Jalan Ciwastra No. 666');
INSERT IGNORE INTO Alamat (id_alamat, provinsi, kota, jalan) VALUES (2, 'Sumatera Barat', 'Batam', 'Gg. Kutisari Selatan No. 9');
INSERT IGNORE INTO Alamat (id_alamat, provinsi, kota, jalan) VALUES (3, 'Kepulauan Riau', 'Probolinggo', 'Gang Pasteur No. 67');
INSERT IGNORE INTO Alamat (id_alamat, provinsi, kota, jalan) VALUES (4, 'Jawa Tengah', 'Palangkaraya', 'Gang Ciwastra No. 038');
INSERT IGNORE INTO Alamat (id_alamat, provinsi, kota, jalan) VALUES (5, 'Jambi', 'Parepare', 'Jalan Surapati No. 845');
INSERT IGNORE INTO Alamat (id_alamat, provinsi, kota, jalan) VALUES (6, 'Gorontalo', 'Bogor', 'Jl. H.J Maemunah No. 921');
INSERT IGNORE INTO Alamat (id_alamat, provinsi, kota, jalan) VALUES (7, 'Papua Barat', 'Depok', 'Gg. Ciumbuleuit No. 84');
INSERT IGNORE INTO Alamat (id_alamat, provinsi, kota, jalan) VALUES (8, 'Bengkulu', 'Blitar', 'Jl. Kebonjati No. 7');
INSERT IGNORE INTO Alamat (id_alamat, provinsi, kota, jalan) VALUES (9, 'Nusa Tenggara Timur', 'Bau-Bau', 'Jl. Kiaracondong No. 7');
INSERT IGNORE INTO Alamat (id_alamat, provinsi, kota, jalan) VALUES (10, 'Sumatera Utara', 'Tasikmalaya', 'Gang Kutisari Selatan No. 56');
INSERT IGNORE INTO Alamat (id_alamat, provinsi, kota, jalan) VALUES (11, 'Jawa Timur', 'Subulussalam', 'Gg. Kapten Muslihat No. 894');
INSERT IGNORE INTO Alamat (id_alamat, provinsi, kota, jalan) VALUES (12, 'Kalimantan Barat', 'Tegal', 'Gg. Surapati No. 9');
INSERT IGNORE INTO Alamat (id_alamat, provinsi, kota, jalan) VALUES (13, 'Jambi', 'Jayapura', 'Gang Rajawali Timur No. 0');
INSERT IGNORE INTO Alamat (id_alamat, provinsi, kota, jalan) VALUES (14, 'Kepulauan Riau', 'Bima', 'Gg. M.H Thamrin No. 391');
INSERT IGNORE INTO Alamat (id_alamat, provinsi, kota, jalan) VALUES (15, 'Jawa Barat', 'Kota Administrasi Jakarta Selatan', 'Gang M.T Haryono No. 7');
INSERT IGNORE INTO Alamat (id_alamat, provinsi, kota, jalan) VALUES (16, 'Kalimantan Timur', 'Sukabumi', 'Gg. Tubagus Ismail No. 3');
INSERT IGNORE INTO Alamat (id_alamat, provinsi, kota, jalan) VALUES (17, 'Jawa Barat', 'Surabaya', 'Jl. Rumah Sakit No. 045');
INSERT IGNORE INTO Alamat (id_alamat, provinsi, kota, jalan) VALUES (18, 'Sumatera Barat', 'Palangkaraya', 'Gang Ronggowarsito No. 242');
INSERT IGNORE INTO Alamat (id_alamat, provinsi, kota, jalan) VALUES (19, 'Kalimantan Timur', 'Bengkulu', 'Jalan Abdul Muis No. 43');
INSERT IGNORE INTO Alamat (id_alamat, provinsi, kota, jalan) VALUES (20, 'Kalimantan Barat', 'Tangerang Selatan', 'Jalan Surapati No. 135');
INSERT IGNORE INTO Alamat (id_alamat, provinsi, kota, jalan) VALUES (21, 'Maluku Utara', 'Malang', 'Jl. Jayawijaya No. 45');
INSERT IGNORE INTO Alamat (id_alamat, provinsi, kota, jalan) VALUES (22, 'Nusa Tenggara Timur', 'Bau-Bau', 'Gg. Stasiun Wonokromo No. 32');
INSERT IGNORE INTO Alamat (id_alamat, provinsi, kota, jalan) VALUES (23, 'Riau', 'Cirebon', 'Gg. Moch. Ramdan No. 757');
INSERT IGNORE INTO Alamat (id_alamat, provinsi, kota, jalan) VALUES (24, 'Kepulauan Bangka Belitung', 'Bontang', 'Jalan Raya Ujungberung No. 7');
INSERT IGNORE INTO Alamat (id_alamat, provinsi, kota, jalan) VALUES (25, 'Sulawesi Barat', 'Madiun', 'Jalan Moch. Ramdan No. 2');
INSERT IGNORE INTO Alamat (id_alamat, provinsi, kota, jalan) VALUES (26, 'Sulawesi Utara', 'Tanjungbalai', 'Jalan Cihampelas No. 174');
INSERT IGNORE INTO Alamat (id_alamat, provinsi, kota, jalan) VALUES (27, 'Jawa Timur', 'Gorontalo', 'Jl. Ronggowarsito No. 8');
INSERT IGNORE INTO Alamat (id_alamat, provinsi, kota, jalan) VALUES (28, 'Sumatera Utara', 'Tangerang', 'Gang Kebonjati No. 4');
INSERT IGNORE INTO Alamat (id_alamat, provinsi, kota, jalan) VALUES (29, 'Kalimantan Timur', 'Palembang', 'Jalan Joyoboyo No. 076');
INSERT IGNORE INTO Alamat (id_alamat, provinsi, kota, jalan) VALUES (30, 'Kalimantan Barat', 'Tomohon', 'Jl. Rajawali Barat No. 960');
INSERT IGNORE INTO Alamat (id_alamat, provinsi, kota, jalan) VALUES (31, 'Kalimantan Barat', 'Tomohon', 'Jl. Wonoayu No. 3');
INSERT IGNORE INTO Alamat (id_alamat, provinsi, kota, jalan) VALUES (32, 'DI Yogyakarta', 'Bogor', 'Gg. W.R. Supratman No. 8');
INSERT IGNORE INTO Alamat (id_alamat, provinsi, kota, jalan) VALUES (33, 'Kepulauan Bangka Belitung', 'Sawahlunto', 'Jl. Rawamangun No. 512');
INSERT IGNORE INTO Alamat (id_alamat, provinsi, kota, jalan) VALUES (34, 'Maluku Utara', 'Singkawang', 'Jl. Ciwastra No. 509');
INSERT IGNORE INTO Alamat (id_alamat, provinsi, kota, jalan) VALUES (35, 'DI Yogyakarta', 'Tangerang Selatan', 'Gang Moch. Ramdan No. 691');
INSERT IGNORE INTO Alamat (id_alamat, provinsi, kota, jalan) VALUES (36, 'Maluku Utara', 'Salatiga', 'Gg. Erlangga No. 571');
INSERT IGNORE INTO Alamat (id_alamat, provinsi, kota, jalan) VALUES (37, 'Papua Barat', 'Serang', 'Gang Sukajadi No. 5');
INSERT IGNORE INTO Alamat (id_alamat, provinsi, kota, jalan) VALUES (38, 'Kepulauan Riau', 'Tomohon', 'Jalan Rajiman No. 942');
INSERT IGNORE INTO Alamat (id_alamat, provinsi, kota, jalan) VALUES (39, 'Aceh', 'Dumai', 'Gg. W.R. Supratman No. 4');
INSERT IGNORE INTO Alamat (id_alamat, provinsi, kota, jalan) VALUES (40, 'Sumatera Utara', 'Surabaya', 'Gg. Jend. A. Yani No. 065');
INSERT IGNORE INTO Alamat (id_alamat, provinsi, kota, jalan) VALUES (41, 'Kepulauan Riau', 'Gorontalo', 'Jalan Merdeka No. 853');
INSERT IGNORE INTO Alamat (id_alamat, provinsi, kota, jalan) VALUES (42, 'Sulawesi Barat', 'Mataram', 'Jl. M.H Thamrin No. 8');
INSERT IGNORE INTO Alamat (id_alamat, provinsi, kota, jalan) VALUES (43, 'Nusa Tenggara Timur', 'Prabumulih', 'Jl. Rajawali Barat No. 2');
INSERT IGNORE INTO Alamat (id_alamat, provinsi, kota, jalan) VALUES (44, 'Nusa Tenggara Barat', 'Ambon', 'Jalan Cihampelas No. 041');
INSERT IGNORE INTO Alamat (id_alamat, provinsi, kota, jalan) VALUES (45, 'Riau', 'Sukabumi', 'Jalan Ahmad Yani No. 42');
INSERT IGNORE INTO Alamat (id_alamat, provinsi, kota, jalan) VALUES (46, 'Lampung', 'Mojokerto', 'Gang Dr. Djunjunan No. 681');
INSERT IGNORE INTO Alamat (id_alamat, provinsi, kota, jalan) VALUES (47, 'Aceh', 'Palu', 'Jl. Sentot Alibasa No. 880');
INSERT IGNORE INTO Alamat (id_alamat, provinsi, kota, jalan) VALUES (48, 'Bengkulu', 'Medan', 'Gg. Tubagus Ismail No. 1');
INSERT IGNORE INTO Alamat (id_alamat, provinsi, kota, jalan) VALUES (49, 'Maluku Utara', 'Samarinda', 'Gg. Soekarno Hatta No. 6');
INSERT IGNORE INTO Alamat (id_alamat, provinsi, kota, jalan) VALUES (50, 'Sumatera Utara', 'Medan', 'Gang Cikutra Barat No. 7');
INSERT IGNORE INTO Alamat (id_alamat, provinsi, kota, jalan) VALUES (51, 'Sulawesi Selatan', 'Meulaboh', 'Jalan Ir. H. Djuanda No. 59');
INSERT IGNORE INTO Alamat (id_alamat, provinsi, kota, jalan) VALUES (52, 'Sulawesi Selatan', 'Lubuklinggau', 'Jl. Jayawijaya No. 049');
INSERT IGNORE INTO Alamat (id_alamat, provinsi, kota, jalan) VALUES (53, 'Kalimantan Barat', 'Malang', 'Gg. W.R. Supratman No. 60');
INSERT IGNORE INTO Alamat (id_alamat, provinsi, kota, jalan) VALUES (54, 'Sumatera Selatan', 'Manado', 'Jl. Kebonjati No. 9');
INSERT IGNORE INTO Alamat (id_alamat, provinsi, kota, jalan) VALUES (55, 'Kalimantan Barat', 'Ternate', 'Jalan Rungkut Industri No. 85');
INSERT IGNORE INTO Alamat (id_alamat, provinsi, kota, jalan) VALUES (56, 'Kalimantan Barat', 'Pasuruan', 'Gg. Rungkut Industri No. 432');
INSERT IGNORE INTO Alamat (id_alamat, provinsi, kota, jalan) VALUES (57, 'Banten', 'Palu', 'Gg. Asia Afrika No. 985');
INSERT IGNORE INTO Alamat (id_alamat, provinsi, kota, jalan) VALUES (58, 'Lampung', 'Sorong', 'Jl. Stasiun Wonokromo No. 814');
INSERT IGNORE INTO Alamat (id_alamat, provinsi, kota, jalan) VALUES (59, 'Lampung', 'Bogor', 'Gg. Surapati No. 61');
INSERT IGNORE INTO Alamat (id_alamat, provinsi, kota, jalan) VALUES (60, 'Bengkulu', 'Surabaya', 'Gg. Merdeka No. 719');
INSERT IGNORE INTO Alamat (id_alamat, provinsi, kota, jalan) VALUES (61, 'Maluku Utara', 'Pekanbaru', 'Gang Moch. Toha No. 21');
INSERT IGNORE INTO Alamat (id_alamat, provinsi, kota, jalan) VALUES (62, 'Sulawesi Tengah', 'Singkawang', 'Gg. Pasir Koja No. 61');
INSERT IGNORE INTO Alamat (id_alamat, provinsi, kota, jalan) VALUES (63, 'Kalimantan Timur', 'Gorontalo', 'Gang Gedebage Selatan No. 7');
INSERT IGNORE INTO Alamat (id_alamat, provinsi, kota, jalan) VALUES (64, 'Jawa Timur', 'Bontang', 'Gang Ciwastra No. 227');
INSERT IGNORE INTO Alamat (id_alamat, provinsi, kota, jalan) VALUES (65, 'Nusa Tenggara Barat', 'Tidore Kepulauan', 'Gang Ciumbuleuit No. 0');
INSERT IGNORE INTO Alamat (id_alamat, provinsi, kota, jalan) VALUES (66, 'Kalimantan Tengah', 'Purwokerto', 'Jl. Peta No. 8');
INSERT IGNORE INTO Alamat (id_alamat, provinsi, kota, jalan) VALUES (67, 'Maluku Utara', 'Kediri', 'Gg. Bangka Raya No. 820');
INSERT IGNORE INTO Alamat (id_alamat, provinsi, kota, jalan) VALUES (68, 'Kalimantan Tengah', 'Bandung', 'Jalan Wonoayu No. 3');
INSERT IGNORE INTO Alamat (id_alamat, provinsi, kota, jalan) VALUES (69, 'Bengkulu', 'Ambon', 'Gg. Sukabumi No. 05');
INSERT IGNORE INTO Alamat (id_alamat, provinsi, kota, jalan) VALUES (70, 'Papua', 'Probolinggo', 'Jl. S. Parman No. 34');
INSERT IGNORE INTO Alamat (id_alamat, provinsi, kota, jalan) VALUES (71, 'Jawa Tengah', 'Palangkaraya', 'Gg. Ahmad Yani No. 1');
INSERT IGNORE INTO Alamat (id_alamat, provinsi, kota, jalan) VALUES (72, 'Sumatera Selatan', 'Pariaman', 'Gang Dipatiukur No. 065');
INSERT IGNORE INTO Alamat (id_alamat, provinsi, kota, jalan) VALUES (73, 'Lampung', 'Kota Administrasi Jakarta Barat', 'Jalan W.R. Supratman No. 08');
INSERT IGNORE INTO Alamat (id_alamat, provinsi, kota, jalan) VALUES (74, 'Kepulauan Riau', 'Jayapura', 'Jalan Cikapayang No. 544');
INSERT IGNORE INTO Alamat (id_alamat, provinsi, kota, jalan) VALUES (75, 'Riau', 'Madiun', 'Jl. Sukajadi No. 940');
INSERT IGNORE INTO Alamat (id_alamat, provinsi, kota, jalan) VALUES (76, 'Sulawesi Tenggara', 'Batam', 'Jalan Pacuan Kuda No. 757');
INSERT IGNORE INTO Alamat (id_alamat, provinsi, kota, jalan) VALUES (77, 'Sulawesi Selatan', 'Makassar', 'Gang Gardujati No. 0');
INSERT IGNORE INTO Alamat (id_alamat, provinsi, kota, jalan) VALUES (78, 'Papua Barat', 'Pariaman', 'Jl. Ciwastra No. 398');
INSERT IGNORE INTO Alamat (id_alamat, provinsi, kota, jalan) VALUES (79, 'Riau', 'Palopo', 'Gang Waringin No. 514');
INSERT IGNORE INTO Alamat (id_alamat, provinsi, kota, jalan) VALUES (80, 'Papua Barat', 'Sungai Penuh', 'Gang Sentot Alibasa No. 4');
INSERT IGNORE INTO Alamat (id_alamat, provinsi, kota, jalan) VALUES (81, 'Jambi', 'Batu', 'Gang Kendalsari No. 2');
INSERT IGNORE INTO Alamat (id_alamat, provinsi, kota, jalan) VALUES (82, 'Papua Barat', 'Bontang', 'Jl. Medokan Ayu No. 9');
INSERT IGNORE INTO Alamat (id_alamat, provinsi, kota, jalan) VALUES (83, 'Nusa Tenggara Barat', 'Mojokerto', 'Jl. Raya Setiabudhi No. 5');
INSERT IGNORE INTO Alamat (id_alamat, provinsi, kota, jalan) VALUES (84, 'Sumatera Barat', 'Padangpanjang', 'Jl. Sukabumi No. 64');
INSERT IGNORE INTO Alamat (id_alamat, provinsi, kota, jalan) VALUES (85, 'Aceh', 'Kota Administrasi Jakarta Pusat', 'Gg. Dipenogoro No. 084');
INSERT IGNORE INTO Alamat (id_alamat, provinsi, kota, jalan) VALUES (86, 'Kalimantan Utara', 'Samarinda', 'Jalan Abdul Muis No. 8');
INSERT IGNORE INTO Alamat (id_alamat, provinsi, kota, jalan) VALUES (87, 'Kepulauan Bangka Belitung', 'Bekasi', 'Jl. Kebonjati No. 0');
INSERT IGNORE INTO Alamat (id_alamat, provinsi, kota, jalan) VALUES (88, 'Jawa Tengah', 'Tanjungpinang', 'Jl. Erlangga No. 703');
INSERT IGNORE INTO Alamat (id_alamat, provinsi, kota, jalan) VALUES (89, 'Kalimantan Timur', 'Padangpanjang', 'Gg. Joyoboyo No. 809');
INSERT IGNORE INTO Alamat (id_alamat, provinsi, kota, jalan) VALUES (90, 'Gorontalo', 'Surabaya', 'Gg. Siliwangi No. 706');
INSERT IGNORE INTO Alamat (id_alamat, provinsi, kota, jalan) VALUES (91, 'DI Yogyakarta', 'Bogor', 'Gg. Jayawijaya No. 344');
INSERT IGNORE INTO Alamat (id_alamat, provinsi, kota, jalan) VALUES (92, 'Lampung', 'Jayapura', 'Jalan Pasir Koja No. 233');
INSERT IGNORE INTO Alamat (id_alamat, provinsi, kota, jalan) VALUES (93, 'Kepulauan Bangka Belitung', 'Bukittinggi', 'Gg. Wonoayu No. 841');
INSERT IGNORE INTO Alamat (id_alamat, provinsi, kota, jalan) VALUES (94, 'Kalimantan Utara', 'Dumai', 'Gang Monginsidi No. 11');
INSERT IGNORE INTO Alamat (id_alamat, provinsi, kota, jalan) VALUES (95, 'Kalimantan Barat', 'Purwokerto', 'Jl. Rajiman No. 13');
INSERT IGNORE INTO Alamat (id_alamat, provinsi, kota, jalan) VALUES (96, 'Gorontalo', 'Lubuklinggau', 'Gang S. Parman No. 2');
INSERT IGNORE INTO Alamat (id_alamat, provinsi, kota, jalan) VALUES (97, 'Sumatera Barat', 'Lhokseumawe', 'Gang Gedebage Selatan No. 080');
INSERT IGNORE INTO Alamat (id_alamat, provinsi, kota, jalan) VALUES (98, 'Sulawesi Tenggara', 'Batu', 'Jalan Pacuan Kuda No. 7');
INSERT IGNORE INTO Alamat (id_alamat, provinsi, kota, jalan) VALUES (99, 'Kalimantan Utara', 'Balikpapan', 'Gang Gardujati No. 59');
INSERT IGNORE INTO Alamat (id_alamat, provinsi, kota, jalan) VALUES (100, 'Sulawesi Utara', 'Banda Aceh', 'Jalan Raya Ujungberung No. 990');

-- Pengguna
INSERT IGNORE INTO Pengguna (id_pengguna, email, password, nama_lengkap, tgl_lahir, no_telp, foto_profil, is_penjual) VALUES (1, 'cprasasta@example.com', '!Q59rSXi5)IG', 'Jatmiko Prabowo, S.Ked', '2004-08-11', '+62 (09) 190-8093', 'profil/user1.jpg', TRUE);
INSERT IGNORE INTO Pengguna (id_pengguna, email, password, nama_lengkap, tgl_lahir, no_telp, foto_profil, is_penjual) VALUES (2, 'jaimanmaulana@example.net', '6E&7y2Oc)FV+', 'Nasab Najmudin', '1964-07-05', '(022) 460 1178', 'profil/user2.jpg', TRUE);
INSERT IGNORE INTO Pengguna (id_pengguna, email, password, nama_lengkap, tgl_lahir, no_telp, foto_profil, is_penjual) VALUES (3, 'taswiryulianti@example.com', '#A7kOeNDk2oJ', 'Carla Handayani', '1968-01-31', '(0720) 798 7266', 'profil/user3.jpg', TRUE);
INSERT IGNORE INTO Pengguna (id_pengguna, email, password, nama_lengkap, tgl_lahir, no_telp, foto_profil, is_penjual) VALUES (4, 'ksusanti@example.net', 'Gp6YAEHvB%_z', 'Cindy Halimah', '1993-03-12', '(0841) 284 3871', 'profil/user4.jpg', TRUE);
INSERT IGNORE INTO Pengguna (id_pengguna, email, password, nama_lengkap, tgl_lahir, no_telp, foto_profil, is_penjual) VALUES (5, 'rahmawatiokto@example.org', 'biJTB(Xv+b(7', 'Karen Wibisono, M.M.', '1996-04-21', '+62 (029) 959 2065', 'profil/user5.jpg', TRUE);
INSERT IGNORE INTO Pengguna (id_pengguna, email, password, nama_lengkap, tgl_lahir, no_telp, foto_profil, is_penjual) VALUES (6, 'yessihutapea@example.net', 'w@U9dMk$z%5K', 'Jarwa Hartati', '1990-03-29', '+62 (0947) 341 7569', 'profil/user6.jpg', TRUE);
INSERT IGNORE INTO Pengguna (id_pengguna, email, password, nama_lengkap, tgl_lahir, no_telp, foto_profil, is_penjual) VALUES (7, 'namagadarmana@example.com', '^3^l3Mqi3vCl', 'Dt. Balapati Irawan', '1998-02-01', '+62 (868) 554 9429', 'profil/user7.jpg', TRUE);
INSERT IGNORE INTO Pengguna (id_pengguna, email, password, nama_lengkap, tgl_lahir, no_telp, foto_profil, is_penjual) VALUES (8, 'ikin00@example.org', '%)G%#kGJ3*3M', 'Limar Maryati', '2005-04-22', '0894817864', 'profil/user8.jpg', TRUE);
INSERT IGNORE INTO Pengguna (id_pengguna, email, password, nama_lengkap, tgl_lahir, no_telp, foto_profil, is_penjual) VALUES (9, 'lilipurnawati@example.com', '$)Dl8TabP$3f', 'dr. Restu Yulianti', '1997-07-06', '+62-0942-660-4433', 'profil/user9.jpg', TRUE);
INSERT IGNORE INTO Pengguna (id_pengguna, email, password, nama_lengkap, tgl_lahir, no_telp, foto_profil, is_penjual) VALUES (10, 'marsitohalimah@example.com', '@7dBG@f2Ry#5', 'Zalindra Saputra', '2004-11-27', '+62 (00) 739 7953', 'profil/user10.jpg', TRUE);
INSERT IGNORE INTO Pengguna (id_pengguna, email, password, nama_lengkap, tgl_lahir, no_telp, foto_profil, is_penjual) VALUES (11, 'ayu76@example.com', '(l7HZMYu3@@9', 'Ir. Tari Natsir', '1984-07-15', '(0443) 182 0030', 'profil/user11.jpg', TRUE);
INSERT IGNORE INTO Pengguna (id_pengguna, email, password, nama_lengkap, tgl_lahir, no_telp, foto_profil, is_penjual) VALUES (12, 'kmaulana@example.org', 'f6uTX3cY_gC(', 'Elvin Palastri', '1998-11-10', '0870029950', 'profil/user12.jpg', TRUE);
INSERT IGNORE INTO Pengguna (id_pengguna, email, password, nama_lengkap, tgl_lahir, no_telp, foto_profil, is_penjual) VALUES (13, 'saptonobalangga@example.org', 'YyFpYjw8)7TR', 'Dt. Timbul Andriani, S.Farm', '1973-05-10', '(055) 742 1642', 'profil/user13.jpg', TRUE);
INSERT IGNORE INTO Pengguna (id_pengguna, email, password, nama_lengkap, tgl_lahir, no_telp, foto_profil, is_penjual) VALUES (14, 'mahmuduyainah@example.org', 'Y(4_SoOJDwzU', 'Sarah Hartati, M.Ak', '1997-10-11', '+62-043-299-3036', 'profil/user14.jpg', TRUE);
INSERT IGNORE INTO Pengguna (id_pengguna, email, password, nama_lengkap, tgl_lahir, no_telp, foto_profil, is_penjual) VALUES (15, 'kyuliarti@example.com', 'T!A^11YQr3Ma', 'Intan Sihombing', '1997-10-21', '+62 (215) 805 9992', 'profil/user15.jpg', TRUE);
INSERT IGNORE INTO Pengguna (id_pengguna, email, password, nama_lengkap, tgl_lahir, no_telp, foto_profil, is_penjual) VALUES (16, 'darsirah45@example.com', 'UwKz170B@x3d', 'Zizi Sihombing, S.I.Kom', '1994-11-06', '+62 (0302) 649 5581', 'profil/user16.jpg', TRUE);
INSERT IGNORE INTO Pengguna (id_pengguna, email, password, nama_lengkap, tgl_lahir, no_telp, foto_profil, is_penjual) VALUES (17, 'yuliartikayun@example.com', 'sfG6NPYa%VBE', 'Pranawa Oktaviani', '1995-06-08', '+62 (0250) 588 7746', 'profil/user17.jpg', TRUE);
INSERT IGNORE INTO Pengguna (id_pengguna, email, password, nama_lengkap, tgl_lahir, no_telp, foto_profil, is_penjual) VALUES (18, 'wsafitri@example.com', '#5gsJl)Z)vfx', 'Widya Usamah', '1984-10-05', '+62 (59) 550 7485', 'profil/user18.jpg', TRUE);
INSERT IGNORE INTO Pengguna (id_pengguna, email, password, nama_lengkap, tgl_lahir, no_telp, foto_profil, is_penjual) VALUES (19, 'suryanatsir@example.org', ')1EWU)&CIhcK', 'KH. Edward Habibi', '1970-02-24', '(016) 877 0172', 'profil/user19.jpg', TRUE);
INSERT IGNORE INTO Pengguna (id_pengguna, email, password, nama_lengkap, tgl_lahir, no_telp, foto_profil, is_penjual) VALUES (20, 'salsabila59@example.net', '@%2VESjHSx^K', 'Reza Wahyuni', '1981-08-07', '+62 (0751) 051 1167', 'profil/user20.jpg', TRUE);
INSERT IGNORE INTO Pengguna (id_pengguna, email, password, nama_lengkap, tgl_lahir, no_telp, foto_profil, is_penjual) VALUES (21, 'elon89@example.com', 'gb*yIH5g#7KR', 'Puji Saputra, M.Pd', '2004-07-06', '(093) 883-0046', 'profil/user21.jpg', TRUE);
INSERT IGNORE INTO Pengguna (id_pengguna, email, password, nama_lengkap, tgl_lahir, no_telp, foto_profil, is_penjual) VALUES (22, 'yessiutami@example.org', ')03+_A$h5ELs', 'Victoria Purwanti', '1971-12-20', '+62 (095) 733 7050', 'profil/user22.jpg', TRUE);
INSERT IGNORE INTO Pengguna (id_pengguna, email, password, nama_lengkap, tgl_lahir, no_telp, foto_profil, is_penjual) VALUES (23, 'palastrisaadat@example.net', 'tS1GC7Dg(v5c', 'Nova Suartini', '1976-06-17', '+62 (88) 255-6077', 'profil/user23.jpg', TRUE);
INSERT IGNORE INTO Pengguna (id_pengguna, email, password, nama_lengkap, tgl_lahir, no_telp, foto_profil, is_penjual) VALUES (24, 'ipurnawati@example.net', '(ey(r0%go5^N', 'Wadi Wahyudin, M.Kom.', '2004-04-22', '+62-155-738-5006', 'profil/user24.jpg', TRUE);
INSERT IGNORE INTO Pengguna (id_pengguna, email, password, nama_lengkap, tgl_lahir, no_telp, foto_profil, is_penjual) VALUES (25, 'omangunsong@example.org', 'xEjA5Txt!!nz', 'R. Raina Saragih, S.Pd', '1969-12-22', '+62 (0520) 236 1015', 'profil/user25.jpg', TRUE);
INSERT IGNORE INTO Pengguna (id_pengguna, email, password, nama_lengkap, tgl_lahir, no_telp, foto_profil, is_penjual) VALUES (26, 'cemetihakim@example.org', '3rIQWHs*M!5x', 'Ella Sihombing', '1992-01-31', '+62-0693-288-3898', 'profil/user26.jpg', TRUE);
INSERT IGNORE INTO Pengguna (id_pengguna, email, password, nama_lengkap, tgl_lahir, no_telp, foto_profil, is_penjual) VALUES (27, 'inurdiyanti@example.com', 'p5GNxyPP(PjQ', 'Elvina Riyanti, S.I.Kom', '1973-02-09', '+62-38-011-4030', 'profil/user27.jpg', TRUE);
INSERT IGNORE INTO Pengguna (id_pengguna, email, password, nama_lengkap, tgl_lahir, no_telp, foto_profil, is_penjual) VALUES (28, 'asmuni31@example.org', 'VT46PRRy04@I', 'Kartika Suartini', '1989-06-28', '(0496) 369 4177', 'profil/user28.jpg', TRUE);
INSERT IGNORE INTO Pengguna (id_pengguna, email, password, nama_lengkap, tgl_lahir, no_telp, foto_profil, is_penjual) VALUES (29, 'estiawanzulkarnain@example.org', '$#%jrlNp39jR', 'Zalindra Mandasari', '1985-10-13', '+62 (028) 935-6997', 'profil/user29.jpg', TRUE);
INSERT IGNORE INTO Pengguna (id_pengguna, email, password, nama_lengkap, tgl_lahir, no_telp, foto_profil, is_penjual) VALUES (30, 'yusada@example.net', '*#1G!FEhtV&C', 'Halima Fujiati, S.E.I', '1973-05-28', '+62 (0114) 212-5941', 'profil/user30.jpg', TRUE);
INSERT IGNORE INTO Pengguna (id_pengguna, email, password, nama_lengkap, tgl_lahir, no_telp, foto_profil, is_penjual) VALUES (31, 'jamil03@example.net', 'k!0mZKvr&BAQ', 'Kenzie Firgantoro', '1981-07-21', '(048) 085 5253', 'profil/user31.jpg', TRUE);
INSERT IGNORE INTO Pengguna (id_pengguna, email, password, nama_lengkap, tgl_lahir, no_telp, foto_profil, is_penjual) VALUES (32, 'queendabukke@example.com', ')a#$qMCg5n7S', 'Opan Adriansyah', '2000-06-15', '+62 (0887) 733-1516', 'profil/user32.jpg', TRUE);
INSERT IGNORE INTO Pengguna (id_pengguna, email, password, nama_lengkap, tgl_lahir, no_telp, foto_profil, is_penjual) VALUES (33, 'zwidiastuti@example.org', '24C61*VG(7Ay', 'Michelle Hutapea', '2004-11-29', '+62-95-632-6638', 'profil/user33.jpg', TRUE);
INSERT IGNORE INTO Pengguna (id_pengguna, email, password, nama_lengkap, tgl_lahir, no_telp, foto_profil, is_penjual) VALUES (34, 'prabowoharsaya@example.org', '2Q2OU7FtXB%Z', 'Galuh Dabukke', '1991-07-17', '+62-0037-118-9785', 'profil/user34.jpg', TRUE);
INSERT IGNORE INTO Pengguna (id_pengguna, email, password, nama_lengkap, tgl_lahir, no_telp, foto_profil, is_penjual) VALUES (35, 'candrapermadi@example.net', '+gWhgiS65jWz', 'Cici Mahendra', '1989-07-30', '+62-070-655-9501', 'profil/user35.jpg', TRUE);
INSERT IGNORE INTO Pengguna (id_pengguna, email, password, nama_lengkap, tgl_lahir, no_telp, foto_profil, is_penjual) VALUES (36, 'sabri96@example.org', 'Lw)2R$OzWGxn', 'Damar Hassanah, S.Pd', '1984-09-19', '083 807 2347', 'profil/user36.jpg', TRUE);
INSERT IGNORE INTO Pengguna (id_pengguna, email, password, nama_lengkap, tgl_lahir, no_telp, foto_profil, is_penjual) VALUES (37, 'wulan03@example.net', '6n&oLJAmH5&0', 'Sarah Dabukke, S.Pd', '1994-04-10', '+62 (042) 946 3312', 'profil/user37.jpg', TRUE);
INSERT IGNORE INTO Pengguna (id_pengguna, email, password, nama_lengkap, tgl_lahir, no_telp, foto_profil, is_penjual) VALUES (38, 'halimahhari@example.com', '!ebIECy84nU6', 'Tiara Sitompul', '1992-02-29', '+62 (491) 020-1121', 'profil/user38.jpg', TRUE);
INSERT IGNORE INTO Pengguna (id_pengguna, email, password, nama_lengkap, tgl_lahir, no_telp, foto_profil, is_penjual) VALUES (39, 'dabukkegarang@example.net', '@c2Z3egu^_dR', 'Zelda Irawan, M.M.', '1985-05-15', '+62 (175) 569-4691', 'profil/user39.jpg', TRUE);
INSERT IGNORE INTO Pengguna (id_pengguna, email, password, nama_lengkap, tgl_lahir, no_telp, foto_profil, is_penjual) VALUES (40, 'gharyanti@example.org', 'EB(JnAch%K11', 'R.A. Mala Hakim, S.IP', '1967-10-29', '+62-0928-472-7883', 'profil/user40.jpg', TRUE);
INSERT IGNORE INTO Pengguna (id_pengguna, email, password, nama_lengkap, tgl_lahir, no_telp, foto_profil, is_penjual) VALUES (41, 'elvina42@example.net', '#X1(de^3D^9E', 'Suci Ardianto', '1970-02-14', '(0799) 644-6592', 'profil/user41.jpg', TRUE);
INSERT IGNORE INTO Pengguna (id_pengguna, email, password, nama_lengkap, tgl_lahir, no_telp, foto_profil, is_penjual) VALUES (42, 'sarimardhiyah@example.net', '&QihQHnq9wGx', 'Cawuk Pratiwi', '1964-09-18', '(0801) 587-0171', 'profil/user42.jpg', TRUE);
INSERT IGNORE INTO Pengguna (id_pengguna, email, password, nama_lengkap, tgl_lahir, no_telp, foto_profil, is_penjual) VALUES (43, 'wahyudingangsa@example.com', '*(5TvMQX1!^6', 'Vivi Irawan', '2005-04-12', '0856856848', 'profil/user43.jpg', TRUE);
INSERT IGNORE INTO Pengguna (id_pengguna, email, password, nama_lengkap, tgl_lahir, no_telp, foto_profil, is_penjual) VALUES (44, 'rizkiramadan@example.net', 'D9)xGp&u2tSZ', 'Langgeng Pranowo', '1969-12-25', '+62 (134) 297 0695', 'profil/user44.jpg', TRUE);
INSERT IGNORE INTO Pengguna (id_pengguna, email, password, nama_lengkap, tgl_lahir, no_telp, foto_profil, is_penjual) VALUES (45, 'widodoindra@example.com', '9fIrkGNv_Gb0', 'Cindy Januar, S.Ked', '1974-08-15', '+62 (0504) 858-6517', 'profil/user45.jpg', TRUE);
INSERT IGNORE INTO Pengguna (id_pengguna, email, password, nama_lengkap, tgl_lahir, no_telp, foto_profil, is_penjual) VALUES (46, 'fathonah91@example.org', 'OAQLora9PR8+', 'Wardaya Wahyudin, S.Pd', '1978-10-06', '+62 (14) 720-1456', 'profil/user46.jpg', TRUE);
INSERT IGNORE INTO Pengguna (id_pengguna, email, password, nama_lengkap, tgl_lahir, no_telp, foto_profil, is_penjual) VALUES (47, 'ediuyainah@example.com', 'op1a9TFSh)2V', 'Malika Mardhiyah', '1964-12-01', '+62 (438) 049 9120', 'profil/user47.jpg', TRUE);
INSERT IGNORE INTO Pengguna (id_pengguna, email, password, nama_lengkap, tgl_lahir, no_telp, foto_profil, is_penjual) VALUES (48, 'itamba@example.org', '!rTC!Ari+4Gp', 'Safina Prasetyo', '1976-07-10', '(053) 793 4082', 'profil/user48.jpg', TRUE);
INSERT IGNORE INTO Pengguna (id_pengguna, email, password, nama_lengkap, tgl_lahir, no_telp, foto_profil, is_penjual) VALUES (49, 'nabilahalimah@example.org', '!)39Oj_bg0vL', 'KH. Ibun Nasyiah', '1967-06-10', '(0705) 213-0334', 'profil/user49.jpg', TRUE);
INSERT IGNORE INTO Pengguna (id_pengguna, email, password, nama_lengkap, tgl_lahir, no_telp, foto_profil, is_penjual) VALUES (50, 'najib78@example.org', 'rKXJLA1)$0A#', 'Akarsana Marpaung', '1979-09-22', '(054) 027-6147', 'profil/user50.jpg', TRUE);
INSERT IGNORE INTO Pengguna (id_pengguna, email, password, nama_lengkap, tgl_lahir, no_telp, foto_profil, is_penjual) VALUES (51, 'gsimbolon@example.net', ')oZwK8Af9VHE', 'Lukita Hariyah', '2002-09-02', '+62 (014) 004 0159', 'profil/user51.jpg', FALSE);
INSERT IGNORE INTO Pengguna (id_pengguna, email, password, nama_lengkap, tgl_lahir, no_telp, foto_profil, is_penjual) VALUES (52, 'zelayaramadan@example.org', '(NNHyBBX2_Iv', 'Garang Yolanda, M.TI.', '1978-08-31', '+62 (0293) 605-8953', 'profil/user52.jpg', FALSE);
INSERT IGNORE INTO Pengguna (id_pengguna, email, password, nama_lengkap, tgl_lahir, no_telp, foto_profil, is_penjual) VALUES (53, 'yuliartilega@example.com', 'e*w9ZUZm!Sw*', 'Jumari Situmorang', '1995-10-01', '+62-0716-463-1874', 'profil/user53.jpg', FALSE);
INSERT IGNORE INTO Pengguna (id_pengguna, email, password, nama_lengkap, tgl_lahir, no_telp, foto_profil, is_penjual) VALUES (54, 'obudiyanto@example.org', 'iB49U7%o&Tpa', 'Dartono Farida', '1977-12-13', '(0414) 807 0682', 'profil/user54.jpg', FALSE);
INSERT IGNORE INTO Pengguna (id_pengguna, email, password, nama_lengkap, tgl_lahir, no_telp, foto_profil, is_penjual) VALUES (55, 'cahyanto06@example.org', 'p+&4MtiL#JB0', 'Bakti Suwarno', '1981-06-24', '+62 (0665) 946 4617', 'profil/user55.jpg', FALSE);
INSERT IGNORE INTO Pengguna (id_pengguna, email, password, nama_lengkap, tgl_lahir, no_telp, foto_profil, is_penjual) VALUES (56, 'rahimahraihan@example.com', 'nY446Ar#@%&n', 'Tgk. Hari Hartati, M.Farm', '1975-09-06', '+62 (16) 737 7079', 'profil/user56.jpg', FALSE);
INSERT IGNORE INTO Pengguna (id_pengguna, email, password, nama_lengkap, tgl_lahir, no_telp, foto_profil, is_penjual) VALUES (57, 'oliviasaptono@example.org', '+h86Wpft@3KR', 'Saiful Wacana, M.Pd', '1991-12-29', '+62 (083) 481-2063', 'profil/user57.jpg', FALSE);
INSERT IGNORE INTO Pengguna (id_pengguna, email, password, nama_lengkap, tgl_lahir, no_telp, foto_profil, is_penjual) VALUES (58, 'bakidin48@example.com', '_t38oJv_bp0O', 'KH. Daniswara Wasita', '1977-04-13', '081 735 9758', 'profil/user58.jpg', FALSE);
INSERT IGNORE INTO Pengguna (id_pengguna, email, password, nama_lengkap, tgl_lahir, no_telp, foto_profil, is_penjual) VALUES (59, 'dianawulandari@example.com', 'e(BW5&j6mI7^', 'Asirwada Rahayu', '1960-11-11', '+62-215-084-9664', 'profil/user59.jpg', FALSE);
INSERT IGNORE INTO Pengguna (id_pengguna, email, password, nama_lengkap, tgl_lahir, no_telp, foto_profil, is_penjual) VALUES (60, 'zizirahayu@example.net', 'dx9@gn35!n2R', 'Eva Handayani', '2003-09-16', '+62 (005) 451-7615', 'profil/user60.jpg', FALSE);
INSERT IGNORE INTO Pengguna (id_pengguna, email, password, nama_lengkap, tgl_lahir, no_telp, foto_profil, is_penjual) VALUES (61, 'situmorangdadap@example.net', 'Q_fnT6It#bhf', 'Wawan Saragih', '1987-06-30', '+62 (58) 405-0251', 'profil/user61.jpg', FALSE);
INSERT IGNORE INTO Pengguna (id_pengguna, email, password, nama_lengkap, tgl_lahir, no_telp, foto_profil, is_penjual) VALUES (62, 'jatisimanjuntak@example.net', '&kjJ%KSw3i3u', 'Zalindra Hakim', '1972-09-15', '0830524089', 'profil/user62.jpg', FALSE);
INSERT IGNORE INTO Pengguna (id_pengguna, email, password, nama_lengkap, tgl_lahir, no_telp, foto_profil, is_penjual) VALUES (63, 'putracandra@example.net', 'r6DJWp)n#pXd', 'Karimah Saefullah', '1999-07-01', '(0036) 734-2915', 'profil/user63.jpg', FALSE);
INSERT IGNORE INTO Pengguna (id_pengguna, email, password, nama_lengkap, tgl_lahir, no_telp, foto_profil, is_penjual) VALUES (64, 'martani55@example.com', 'w_4OFfa1e)dT', 'T. Ajimin Firmansyah, S.Pd', '1980-04-13', '+62 (09) 299-4821', 'profil/user64.jpg', FALSE);
INSERT IGNORE INTO Pengguna (id_pengguna, email, password, nama_lengkap, tgl_lahir, no_telp, foto_profil, is_penjual) VALUES (65, 'carla09@example.com', '!%T)T^AKDuD0', 'Tgk. Azalea Kurniawan', '1963-05-10', '(017) 260 0257', 'profil/user65.jpg', FALSE);
INSERT IGNORE INTO Pengguna (id_pengguna, email, password, nama_lengkap, tgl_lahir, no_telp, foto_profil, is_penjual) VALUES (66, 'kurniaastuti@example.com', 'OqkqSdKh@g2B', 'Darmanto Sudiati', '2009-06-23', '(0557) 417 1431', 'profil/user66.jpg', FALSE);
INSERT IGNORE INTO Pengguna (id_pengguna, email, password, nama_lengkap, tgl_lahir, no_telp, foto_profil, is_penjual) VALUES (67, 'kasim24@example.org', '%AHU8edYG7na', 'Rudi Mansur', '1981-11-23', '+62 (0605) 790-1157', 'profil/user67.jpg', FALSE);
INSERT IGNORE INTO Pengguna (id_pengguna, email, password, nama_lengkap, tgl_lahir, no_telp, foto_profil, is_penjual) VALUES (68, 'ihardiansyah@example.org', 'Ynq1WCtq+%Wo', 'Dadap Jailani', '2005-12-27', '+62 (048) 287 2889', 'profil/user68.jpg', FALSE);
INSERT IGNORE INTO Pengguna (id_pengguna, email, password, nama_lengkap, tgl_lahir, no_telp, foto_profil, is_penjual) VALUES (69, 'asirwadawahyuni@example.com', '_RBGv$Yko6E0', 'Nyana Maheswara', '1977-09-28', '+62 (010) 148 3549', 'profil/user69.jpg', FALSE);
INSERT IGNORE INTO Pengguna (id_pengguna, email, password, nama_lengkap, tgl_lahir, no_telp, foto_profil, is_penjual) VALUES (70, 'sari44@example.org', 'wdIKY8Ck!g15', 'Drajat Tarihoran', '1956-11-22', '+62-05-122-2376', 'profil/user70.jpg', FALSE);
INSERT IGNORE INTO Pengguna (id_pengguna, email, password, nama_lengkap, tgl_lahir, no_telp, foto_profil, is_penjual) VALUES (71, 'hidayantozelaya@example.org', '@#lGsCmcoH86', 'Tgk. Safina Wijayanti', '1965-07-05', '0810219972', 'profil/user71.jpg', FALSE);
INSERT IGNORE INTO Pengguna (id_pengguna, email, password, nama_lengkap, tgl_lahir, no_telp, foto_profil, is_penjual) VALUES (72, 'jarwasitompul@example.net', '5l6!b4k7VwHE', 'Tantri Pratama', '1979-05-12', '(041) 668 1344', 'profil/user72.jpg', FALSE);
INSERT IGNORE INTO Pengguna (id_pengguna, email, password, nama_lengkap, tgl_lahir, no_telp, foto_profil, is_penjual) VALUES (73, 'lulut97@example.net', '^EX&%0es76Zn', 'Ayu Prasetya', '1975-04-08', '+62-005-985-6130', 'profil/user73.jpg', FALSE);
INSERT IGNORE INTO Pengguna (id_pengguna, email, password, nama_lengkap, tgl_lahir, no_telp, foto_profil, is_penjual) VALUES (74, 'winarsihdiah@example.net', 'v5L3XmEu%ry)', 'Dirja Usamah', '1962-05-15', '+62 (45) 448 1408', 'profil/user74.jpg', FALSE);
INSERT IGNORE INTO Pengguna (id_pengguna, email, password, nama_lengkap, tgl_lahir, no_telp, foto_profil, is_penjual) VALUES (75, 'ajiman49@example.net', '^%U2ST8m@fUZ', 'Cahya Zulaika', '1962-12-25', '(0616) 165 4305', 'profil/user75.jpg', FALSE);
INSERT IGNORE INTO Pengguna (id_pengguna, email, password, nama_lengkap, tgl_lahir, no_telp, foto_profil, is_penjual) VALUES (76, 'vero58@example.net', 'yX6CY^#n@Td6', 'R. Usyi Pratiwi', '2001-11-10', '+62 (0275) 159-8981', 'profil/user76.jpg', FALSE);
INSERT IGNORE INTO Pengguna (id_pengguna, email, password, nama_lengkap, tgl_lahir, no_telp, foto_profil, is_penjual) VALUES (77, 'septihalimah@example.net', 'n(2d9UeySR&T', 'Laras Pradipta, S.Sos', '1956-02-16', '+62 (0170) 550-7803', 'profil/user77.jpg', FALSE);
INSERT IGNORE INTO Pengguna (id_pengguna, email, password, nama_lengkap, tgl_lahir, no_telp, foto_profil, is_penjual) VALUES (78, 'tirtayasa91@example.com', '@2HGvWm6!6R6', 'Wahyu Purnawati', '1986-09-28', '+62 (35) 589-1603', 'profil/user78.jpg', FALSE);
INSERT IGNORE INTO Pengguna (id_pengguna, email, password, nama_lengkap, tgl_lahir, no_telp, foto_profil, is_penjual) VALUES (79, 'mahdiprasetya@example.com', 'V!8EUl#YZk0Q', 'Vivi Wahyuni', '1956-10-24', '(054) 876 0310', 'profil/user79.jpg', FALSE);
INSERT IGNORE INTO Pengguna (id_pengguna, email, password, nama_lengkap, tgl_lahir, no_telp, foto_profil, is_penjual) VALUES (80, 'hendri22@example.com', 'bHs#fj(J&7TQ', 'Cornelia Hakim, S.Ked', '1977-07-11', '0896419902', 'profil/user80.jpg', FALSE);
INSERT IGNORE INTO Pengguna (id_pengguna, email, password, nama_lengkap, tgl_lahir, no_telp, foto_profil, is_penjual) VALUES (81, 'johan71@example.com', 'T!Ff9@Ec+NfL', 'R.A. Janet Simbolon, M.Kom.', '2009-03-19', '084 888 3419', 'profil/user81.jpg', FALSE);
INSERT IGNORE INTO Pengguna (id_pengguna, email, password, nama_lengkap, tgl_lahir, no_telp, foto_profil, is_penjual) VALUES (82, 'teguhmulyani@example.com', ')1wWtd_1sVqV', 'Saadat Marpaung', '1970-09-13', '+62 (350) 586 6364', 'profil/user82.jpg', FALSE);
INSERT IGNORE INTO Pengguna (id_pengguna, email, password, nama_lengkap, tgl_lahir, no_telp, foto_profil, is_penjual) VALUES (83, 'jelita25@example.com', '0M+RAZna*w@^', 'Ir. Tina Astuti, S.Gz', '1966-07-07', '(0674) 904 1489', 'profil/user83.jpg', FALSE);
INSERT IGNORE INTO Pengguna (id_pengguna, email, password, nama_lengkap, tgl_lahir, no_telp, foto_profil, is_penjual) VALUES (84, 'samosirdevi@example.net', '0Ysu0Udml)gf', 'Adinata Rahimah', '1989-06-13', '081 722 3385', 'profil/user84.jpg', FALSE);
INSERT IGNORE INTO Pengguna (id_pengguna, email, password, nama_lengkap, tgl_lahir, no_telp, foto_profil, is_penjual) VALUES (85, 'radriansyah@example.com', '+mHbLG$N6iZ0', 'Kairav Lailasari', '1960-02-04', '+62 (65) 867-1438', 'profil/user85.jpg', FALSE);
INSERT IGNORE INTO Pengguna (id_pengguna, email, password, nama_lengkap, tgl_lahir, no_telp, foto_profil, is_penjual) VALUES (86, 'ratnaastuti@example.org', '@9$fe2v9lvFW', 'Citra Kuswoyo', '1973-04-08', '+62-30-183-5333', 'profil/user86.jpg', FALSE);
INSERT IGNORE INTO Pengguna (id_pengguna, email, password, nama_lengkap, tgl_lahir, no_telp, foto_profil, is_penjual) VALUES (87, 'mdabukke@example.org', '_tW5Fco5VfL%', 'Wardi Marbun', '1961-12-12', '+62 (611) 628-6609', 'profil/user87.jpg', FALSE);
INSERT IGNORE INTO Pengguna (id_pengguna, email, password, nama_lengkap, tgl_lahir, no_telp, foto_profil, is_penjual) VALUES (88, 'ekaaryani@example.net', '&MW+RT@p6Gy9', 'Okto Natsir, S.H.', '2005-03-25', '+62 (885) 259-4935', 'profil/user88.jpg', FALSE);
INSERT IGNORE INTO Pengguna (id_pengguna, email, password, nama_lengkap, tgl_lahir, no_telp, foto_profil, is_penjual) VALUES (89, 'amaliahariyah@example.org', '1@TYf4$(VJ7U', 'Aswani Kusumo', '1976-12-05', '+62-0920-008-0090', 'profil/user89.jpg', FALSE);
INSERT IGNORE INTO Pengguna (id_pengguna, email, password, nama_lengkap, tgl_lahir, no_telp, foto_profil, is_penjual) VALUES (90, 'marasnarpati@example.org', '+%0H7RnI&SZN', 'Yono Firgantoro, S.Gz', '2005-05-05', '+62 (0419) 735 2469', 'profil/user90.jpg', FALSE);
INSERT IGNORE INTO Pengguna (id_pengguna, email, password, nama_lengkap, tgl_lahir, no_telp, foto_profil, is_penjual) VALUES (91, 'dmandala@example.com', '(0Q5gU%WpfjT', 'R. Cahyo Wahyuni, S.E.', '1988-02-03', '081 558 7243', 'profil/user91.jpg', FALSE);
INSERT IGNORE INTO Pengguna (id_pengguna, email, password, nama_lengkap, tgl_lahir, no_telp, foto_profil, is_penjual) VALUES (92, 'zelaya81@example.org', '__5m(iRbD^yv', 'R. Yulia Mulyani, S.Psi', '1998-02-02', '+62 (57) 804-7924', 'profil/user92.jpg', FALSE);
INSERT IGNORE INTO Pengguna (id_pengguna, email, password, nama_lengkap, tgl_lahir, no_telp, foto_profil, is_penjual) VALUES (93, 'diah39@example.org', '^Al$qDypm9wQ', 'Diah Najmudin, M.M.', '2003-09-09', '(0761) 436-0578', 'profil/user93.jpg', FALSE);
INSERT IGNORE INTO Pengguna (id_pengguna, email, password, nama_lengkap, tgl_lahir, no_telp, foto_profil, is_penjual) VALUES (94, 'vhariyah@example.net', '#teU3ZeYl4HB', 'Drs. Maimunah Oktaviani, M.TI.', '2007-01-28', '+62 (0900) 088 8733', 'profil/user94.jpg', FALSE);
INSERT IGNORE INTO Pengguna (id_pengguna, email, password, nama_lengkap, tgl_lahir, no_telp, foto_profil, is_penjual) VALUES (95, 'wulan17@example.org', '_!no7UEd4sp6', 'Ellis Ramadan', '1991-05-26', '089 969 6007', 'profil/user95.jpg', FALSE);
INSERT IGNORE INTO Pengguna (id_pengguna, email, password, nama_lengkap, tgl_lahir, no_telp, foto_profil, is_penjual) VALUES (96, 'vnababan@example.com', '!_cnCRpe1_9N', 'Fathonah Wacana', '1987-09-27', '+62 (44) 860-3036', 'profil/user96.jpg', FALSE);
INSERT IGNORE INTO Pengguna (id_pengguna, email, password, nama_lengkap, tgl_lahir, no_telp, foto_profil, is_penjual) VALUES (97, 'cwibisono@example.com', '^p7$LFuc!7D3', 'Zamira Sihombing', '1978-01-10', '+62 (0302) 449-9132', 'profil/user97.jpg', FALSE);
INSERT IGNORE INTO Pengguna (id_pengguna, email, password, nama_lengkap, tgl_lahir, no_telp, foto_profil, is_penjual) VALUES (98, 'ivan06@example.net', '@%O6wS9jpJcI', 'Tgk. Bakiono Dongoran', '2007-01-24', '(0400) 661 0737', 'profil/user98.jpg', FALSE);
INSERT IGNORE INTO Pengguna (id_pengguna, email, password, nama_lengkap, tgl_lahir, no_telp, foto_profil, is_penjual) VALUES (99, 'purwantopermadi@example.com', 'vz6!Vk1#@6EZ', 'Ir. Fitria Irawan', '2002-06-11', '+62 (048) 416-7307', 'profil/user99.jpg', FALSE);
INSERT IGNORE INTO Pengguna (id_pengguna, email, password, nama_lengkap, tgl_lahir, no_telp, foto_profil, is_penjual) VALUES (100, 'makara12@example.org', 'Ws60q7Xy!NSo', 'Ir. Yuni Utama', '2010-01-25', '+62-13-816-6810', 'profil/user100.jpg', FALSE);
INSERT IGNORE INTO Pengguna (id_pengguna, email, password, nama_lengkap, tgl_lahir, no_telp, foto_profil, is_penjual) VALUES (101, 'utamamalik@example.com', 'uIXNMpm1I8Q&', 'Ozy Fujiati, S.Psi', '1963-11-14', '+62 (0983) 076-1014', 'profil/user101.jpg', FALSE);
INSERT IGNORE INTO Pengguna (id_pengguna, email, password, nama_lengkap, tgl_lahir, no_telp, foto_profil, is_penjual) VALUES (102, 'ppuspasari@example.net', 'Tq3qqVX8S@MC', 'Soleh Halimah', '1959-05-06', '(0749) 137-5745', 'profil/user102.jpg', FALSE);
INSERT IGNORE INTO Pengguna (id_pengguna, email, password, nama_lengkap, tgl_lahir, no_telp, foto_profil, is_penjual) VALUES (103, 'jati96@example.net', '8$&ZI2Gtwu3_', 'dr. Dartono Maryadi', '1955-02-09', '+62-0165-379-3617', 'profil/user103.jpg', FALSE);
INSERT IGNORE INTO Pengguna (id_pengguna, email, password, nama_lengkap, tgl_lahir, no_telp, foto_profil, is_penjual) VALUES (104, 'kusmawatidina@example.com', 'eME_S%5d#81h', 'Kiandra Dabukke', '1961-11-22', '+62-002-860-7769', 'profil/user104.jpg', FALSE);
INSERT IGNORE INTO Pengguna (id_pengguna, email, password, nama_lengkap, tgl_lahir, no_telp, foto_profil, is_penjual) VALUES (105, 'ihassanah@example.org', 'teG6sW4k#5vL', 'Karimah Siregar', '1999-10-06', '+62 (109) 554 3317', 'profil/user105.jpg', FALSE);
INSERT IGNORE INTO Pengguna (id_pengguna, email, password, nama_lengkap, tgl_lahir, no_telp, foto_profil, is_penjual) VALUES (106, 'digdayamulyani@example.net', 'v5nv%5V)*kRK', 'Indah Prabowo', '1981-06-20', '+62 (521) 902 9628', 'profil/user106.jpg', FALSE);
INSERT IGNORE INTO Pengguna (id_pengguna, email, password, nama_lengkap, tgl_lahir, no_telp, foto_profil, is_penjual) VALUES (107, 'jane08@example.org', 'FpC5Uu$y$TXo', 'H. Samsul Winarsih', '1983-10-28', '+62 (137) 030-8297', 'profil/user107.jpg', FALSE);
INSERT IGNORE INTO Pengguna (id_pengguna, email, password, nama_lengkap, tgl_lahir, no_telp, foto_profil, is_penjual) VALUES (108, 'uyainahelma@example.org', 'y+3nqxBcGY7O', 'Ciaobella Prayoga, S.Pd', '1956-01-11', '+62 (0581) 519 4428', 'profil/user108.jpg', FALSE);
INSERT IGNORE INTO Pengguna (id_pengguna, email, password, nama_lengkap, tgl_lahir, no_telp, foto_profil, is_penjual) VALUES (109, 'nalar66@example.org', '6H3vugYi5)2x', 'KH. Jefri Anggriawan', '1965-12-29', '(066) 992-3249', 'profil/user109.jpg', FALSE);
INSERT IGNORE INTO Pengguna (id_pengguna, email, password, nama_lengkap, tgl_lahir, no_telp, foto_profil, is_penjual) VALUES (110, 'zelda37@example.com', 'Z7EqFr51!dYF', 'Dewi Zulkarnain', '1965-06-09', '+62-0934-435-4565', 'profil/user110.jpg', FALSE);

-- Penjual
INSERT IGNORE INTO Penjual (id_penjual, id_pengguna, foto_diri, nama, is_verified) VALUES (1, 1, 'fotodiri/penjual1.jpg', 'PT Saefullah Permata Store', FALSE);
INSERT IGNORE INTO Penjual (id_penjual, id_pengguna, foto_diri, nama, is_verified) VALUES (2, 2, 'fotodiri/penjual2.jpg', 'Perum Mayasari Pertiwi (Persero) Tbk Store', TRUE);
INSERT IGNORE INTO Penjual (id_penjual, id_pengguna, foto_diri, nama, is_verified) VALUES (3, 3, 'fotodiri/penjual3.jpg', 'PD Irawan Wijaya (Persero) Tbk Store', TRUE);
INSERT IGNORE INTO Penjual (id_penjual, id_pengguna, foto_diri, nama, is_verified) VALUES (4, 4, 'fotodiri/penjual4.jpg', 'Perum Yulianti Tbk Store', TRUE);
INSERT IGNORE INTO Penjual (id_penjual, id_pengguna, foto_diri, nama, is_verified) VALUES (5, 5, 'fotodiri/penjual5.jpg', 'UD Nababan Store', TRUE);
INSERT IGNORE INTO Penjual (id_penjual, id_pengguna, foto_diri, nama, is_verified) VALUES (6, 6, 'fotodiri/penjual6.jpg', 'PT Pradana Tbk Store', FALSE);
INSERT IGNORE INTO Penjual (id_penjual, id_pengguna, foto_diri, nama, is_verified) VALUES (7, 7, 'fotodiri/penjual7.jpg', 'UD Putra Sihombing Store', TRUE);
INSERT IGNORE INTO Penjual (id_penjual, id_pengguna, foto_diri, nama, is_verified) VALUES (8, 8, 'fotodiri/penjual8.jpg', 'CV Rahmawati (Persero) Tbk Store', TRUE);
INSERT IGNORE INTO Penjual (id_penjual, id_pengguna, foto_diri, nama, is_verified) VALUES (9, 9, 'fotodiri/penjual9.jpg', 'UD Novitasari Oktaviani Tbk Store', FALSE);
INSERT IGNORE INTO Penjual (id_penjual, id_pengguna, foto_diri, nama, is_verified) VALUES (10, 10, 'fotodiri/penjual10.jpg', 'PT Laksmiwati (Persero) Tbk Store', TRUE);
INSERT IGNORE INTO Penjual (id_penjual, id_pengguna, foto_diri, nama, is_verified) VALUES (11, 11, 'fotodiri/penjual11.jpg', 'CV Kurniawan Wahyuni Store', TRUE);
INSERT IGNORE INTO Penjual (id_penjual, id_pengguna, foto_diri, nama, is_verified) VALUES (12, 12, 'fotodiri/penjual12.jpg', 'UD Kusmawati (Persero) Tbk Store', TRUE);
INSERT IGNORE INTO Penjual (id_penjual, id_pengguna, foto_diri, nama, is_verified) VALUES (13, 13, 'fotodiri/penjual13.jpg', 'Perum Winarno Store', TRUE);
INSERT IGNORE INTO Penjual (id_penjual, id_pengguna, foto_diri, nama, is_verified) VALUES (14, 14, 'fotodiri/penjual14.jpg', 'UD Marbun Samosir Store', FALSE);
INSERT IGNORE INTO Penjual (id_penjual, id_pengguna, foto_diri, nama, is_verified) VALUES (15, 15, 'fotodiri/penjual15.jpg', 'PT Manullang Store', FALSE);
INSERT IGNORE INTO Penjual (id_penjual, id_pengguna, foto_diri, nama, is_verified) VALUES (16, 16, 'fotodiri/penjual16.jpg', 'Perum Putra Store', TRUE);
INSERT IGNORE INTO Penjual (id_penjual, id_pengguna, foto_diri, nama, is_verified) VALUES (17, 17, 'fotodiri/penjual17.jpg', 'UD Palastri Widodo Tbk Store', FALSE);
INSERT IGNORE INTO Penjual (id_penjual, id_pengguna, foto_diri, nama, is_verified) VALUES (18, 18, 'fotodiri/penjual18.jpg', 'CV Saragih Megantara Store', FALSE);
INSERT IGNORE INTO Penjual (id_penjual, id_pengguna, foto_diri, nama, is_verified) VALUES (19, 19, 'fotodiri/penjual19.jpg', 'PT Astuti (Persero) Tbk Store', FALSE);
INSERT IGNORE INTO Penjual (id_penjual, id_pengguna, foto_diri, nama, is_verified) VALUES (20, 20, 'fotodiri/penjual20.jpg', 'PD Suryono Store', FALSE);
INSERT IGNORE INTO Penjual (id_penjual, id_pengguna, foto_diri, nama, is_verified) VALUES (21, 21, 'fotodiri/penjual21.jpg', 'CV Santoso Astuti Tbk Store', FALSE);
INSERT IGNORE INTO Penjual (id_penjual, id_pengguna, foto_diri, nama, is_verified) VALUES (22, 22, 'fotodiri/penjual22.jpg', 'PT Prasasta Mayasari Store', TRUE);
INSERT IGNORE INTO Penjual (id_penjual, id_pengguna, foto_diri, nama, is_verified) VALUES (23, 23, 'fotodiri/penjual23.jpg', 'PT Simanjuntak Jailani Tbk Store', FALSE);
INSERT IGNORE INTO Penjual (id_penjual, id_pengguna, foto_diri, nama, is_verified) VALUES (24, 24, 'fotodiri/penjual24.jpg', 'CV Wacana Yuniar Store', FALSE);
INSERT IGNORE INTO Penjual (id_penjual, id_pengguna, foto_diri, nama, is_verified) VALUES (25, 25, 'fotodiri/penjual25.jpg', 'UD Kuswandari Store', TRUE);
INSERT IGNORE INTO Penjual (id_penjual, id_pengguna, foto_diri, nama, is_verified) VALUES (26, 26, 'fotodiri/penjual26.jpg', 'CV Manullang (Persero) Tbk Store', FALSE);
INSERT IGNORE INTO Penjual (id_penjual, id_pengguna, foto_diri, nama, is_verified) VALUES (27, 27, 'fotodiri/penjual27.jpg', 'Perum Yolanda Namaga Tbk Store', FALSE);
INSERT IGNORE INTO Penjual (id_penjual, id_pengguna, foto_diri, nama, is_verified) VALUES (28, 28, 'fotodiri/penjual28.jpg', 'UD Siregar Purnawati Store', TRUE);
INSERT IGNORE INTO Penjual (id_penjual, id_pengguna, foto_diri, nama, is_verified) VALUES (29, 29, 'fotodiri/penjual29.jpg', 'Perum Prasasta Astuti Store', TRUE);
INSERT IGNORE INTO Penjual (id_penjual, id_pengguna, foto_diri, nama, is_verified) VALUES (30, 30, 'fotodiri/penjual30.jpg', 'Perum Gunawan Waluyo (Persero) Tbk Store', TRUE);
INSERT IGNORE INTO Penjual (id_penjual, id_pengguna, foto_diri, nama, is_verified) VALUES (31, 31, 'fotodiri/penjual31.jpg', 'PT Wijaya (Persero) Tbk Store', FALSE);
INSERT IGNORE INTO Penjual (id_penjual, id_pengguna, foto_diri, nama, is_verified) VALUES (32, 32, 'fotodiri/penjual32.jpg', 'PD Mustofa Tbk Store', TRUE);
INSERT IGNORE INTO Penjual (id_penjual, id_pengguna, foto_diri, nama, is_verified) VALUES (33, 33, 'fotodiri/penjual33.jpg', 'PD Nurdiyanti Uyainah Tbk Store', FALSE);
INSERT IGNORE INTO Penjual (id_penjual, id_pengguna, foto_diri, nama, is_verified) VALUES (34, 34, 'fotodiri/penjual34.jpg', 'PD Sitorus (Persero) Tbk Store', TRUE);
INSERT IGNORE INTO Penjual (id_penjual, id_pengguna, foto_diri, nama, is_verified) VALUES (35, 35, 'fotodiri/penjual35.jpg', 'Perum Usamah Melani Store', TRUE);
INSERT IGNORE INTO Penjual (id_penjual, id_pengguna, foto_diri, nama, is_verified) VALUES (36, 36, 'fotodiri/penjual36.jpg', 'PD Prastuti (Persero) Tbk Store', FALSE);
INSERT IGNORE INTO Penjual (id_penjual, id_pengguna, foto_diri, nama, is_verified) VALUES (37, 37, 'fotodiri/penjual37.jpg', 'PT Novitasari Napitupulu Tbk Store', TRUE);
INSERT IGNORE INTO Penjual (id_penjual, id_pengguna, foto_diri, nama, is_verified) VALUES (38, 38, 'fotodiri/penjual38.jpg', 'CV Pranowo Tbk Store', TRUE);
INSERT IGNORE INTO Penjual (id_penjual, id_pengguna, foto_diri, nama, is_verified) VALUES (39, 39, 'fotodiri/penjual39.jpg', 'CV Setiawan Tbk Store', TRUE);
INSERT IGNORE INTO Penjual (id_penjual, id_pengguna, foto_diri, nama, is_verified) VALUES (40, 40, 'fotodiri/penjual40.jpg', 'UD Hutagalung (Persero) Tbk Store', TRUE);
INSERT IGNORE INTO Penjual (id_penjual, id_pengguna, foto_diri, nama, is_verified) VALUES (41, 41, 'fotodiri/penjual41.jpg', 'Perum Riyanti (Persero) Tbk Store', FALSE);
INSERT IGNORE INTO Penjual (id_penjual, id_pengguna, foto_diri, nama, is_verified) VALUES (42, 42, 'fotodiri/penjual42.jpg', 'PD Wacana (Persero) Tbk Store', TRUE);
INSERT IGNORE INTO Penjual (id_penjual, id_pengguna, foto_diri, nama, is_verified) VALUES (43, 43, 'fotodiri/penjual43.jpg', 'CV Wijayanti Hastuti Store', FALSE);
INSERT IGNORE INTO Penjual (id_penjual, id_pengguna, foto_diri, nama, is_verified) VALUES (44, 44, 'fotodiri/penjual44.jpg', 'PT Santoso Mangunsong Store', FALSE);
INSERT IGNORE INTO Penjual (id_penjual, id_pengguna, foto_diri, nama, is_verified) VALUES (45, 45, 'fotodiri/penjual45.jpg', 'PT Pratiwi Habibi (Persero) Tbk Store', FALSE);
INSERT IGNORE INTO Penjual (id_penjual, id_pengguna, foto_diri, nama, is_verified) VALUES (46, 46, 'fotodiri/penjual46.jpg', 'PD Putra Ardianto (Persero) Tbk Store', FALSE);
INSERT IGNORE INTO Penjual (id_penjual, id_pengguna, foto_diri, nama, is_verified) VALUES (47, 47, 'fotodiri/penjual47.jpg', 'UD Najmudin Store', TRUE);
INSERT IGNORE INTO Penjual (id_penjual, id_pengguna, foto_diri, nama, is_verified) VALUES (48, 48, 'fotodiri/penjual48.jpg', 'Perum Purnawati Waskita Store', FALSE);
INSERT IGNORE INTO Penjual (id_penjual, id_pengguna, foto_diri, nama, is_verified) VALUES (49, 49, 'fotodiri/penjual49.jpg', 'UD Pradana Situmorang Tbk Store', TRUE);
INSERT IGNORE INTO Penjual (id_penjual, id_pengguna, foto_diri, nama, is_verified) VALUES (50, 50, 'fotodiri/penjual50.jpg', 'Perum Hidayat (Persero) Tbk Store', FALSE);

-- Pembeli
INSERT IGNORE INTO Pembeli (id_pembeli, id_pengguna) VALUES (1, 51);
INSERT IGNORE INTO Pembeli (id_pembeli, id_pengguna) VALUES (2, 52);
INSERT IGNORE INTO Pembeli (id_pembeli, id_pengguna) VALUES (3, 53);
INSERT IGNORE INTO Pembeli (id_pembeli, id_pengguna) VALUES (4, 54);
INSERT IGNORE INTO Pembeli (id_pembeli, id_pengguna) VALUES (5, 55);
INSERT IGNORE INTO Pembeli (id_pembeli, id_pengguna) VALUES (6, 56);
INSERT IGNORE INTO Pembeli (id_pembeli, id_pengguna) VALUES (7, 57);
INSERT IGNORE INTO Pembeli (id_pembeli, id_pengguna) VALUES (8, 58);
INSERT IGNORE INTO Pembeli (id_pembeli, id_pengguna) VALUES (9, 59);
INSERT IGNORE INTO Pembeli (id_pembeli, id_pengguna) VALUES (10, 60);
INSERT IGNORE INTO Pembeli (id_pembeli, id_pengguna) VALUES (11, 61);
INSERT IGNORE INTO Pembeli (id_pembeli, id_pengguna) VALUES (12, 62);
INSERT IGNORE INTO Pembeli (id_pembeli, id_pengguna) VALUES (13, 63);
INSERT IGNORE INTO Pembeli (id_pembeli, id_pengguna) VALUES (14, 64);
INSERT IGNORE INTO Pembeli (id_pembeli, id_pengguna) VALUES (15, 65);
INSERT IGNORE INTO Pembeli (id_pembeli, id_pengguna) VALUES (16, 66);
INSERT IGNORE INTO Pembeli (id_pembeli, id_pengguna) VALUES (17, 67);
INSERT IGNORE INTO Pembeli (id_pembeli, id_pengguna) VALUES (18, 68);
INSERT IGNORE INTO Pembeli (id_pembeli, id_pengguna) VALUES (19, 69);
INSERT IGNORE INTO Pembeli (id_pembeli, id_pengguna) VALUES (20, 70);
INSERT IGNORE INTO Pembeli (id_pembeli, id_pengguna) VALUES (21, 71);
INSERT IGNORE INTO Pembeli (id_pembeli, id_pengguna) VALUES (22, 72);
INSERT IGNORE INTO Pembeli (id_pembeli, id_pengguna) VALUES (23, 73);
INSERT IGNORE INTO Pembeli (id_pembeli, id_pengguna) VALUES (24, 74);
INSERT IGNORE INTO Pembeli (id_pembeli, id_pengguna) VALUES (25, 75);
INSERT IGNORE INTO Pembeli (id_pembeli, id_pengguna) VALUES (26, 76);
INSERT IGNORE INTO Pembeli (id_pembeli, id_pengguna) VALUES (27, 77);
INSERT IGNORE INTO Pembeli (id_pembeli, id_pengguna) VALUES (28, 78);
INSERT IGNORE INTO Pembeli (id_pembeli, id_pengguna) VALUES (29, 79);
INSERT IGNORE INTO Pembeli (id_pembeli, id_pengguna) VALUES (30, 80);
INSERT IGNORE INTO Pembeli (id_pembeli, id_pengguna) VALUES (31, 81);
INSERT IGNORE INTO Pembeli (id_pembeli, id_pengguna) VALUES (32, 82);
INSERT IGNORE INTO Pembeli (id_pembeli, id_pengguna) VALUES (33, 83);
INSERT IGNORE INTO Pembeli (id_pembeli, id_pengguna) VALUES (34, 84);
INSERT IGNORE INTO Pembeli (id_pembeli, id_pengguna) VALUES (35, 85);
INSERT IGNORE INTO Pembeli (id_pembeli, id_pengguna) VALUES (36, 86);
INSERT IGNORE INTO Pembeli (id_pembeli, id_pengguna) VALUES (37, 87);
INSERT IGNORE INTO Pembeli (id_pembeli, id_pengguna) VALUES (38, 88);
INSERT IGNORE INTO Pembeli (id_pembeli, id_pengguna) VALUES (39, 89);
INSERT IGNORE INTO Pembeli (id_pembeli, id_pengguna) VALUES (40, 90);
INSERT IGNORE INTO Pembeli (id_pembeli, id_pengguna) VALUES (41, 91);
INSERT IGNORE INTO Pembeli (id_pembeli, id_pengguna) VALUES (42, 92);
INSERT IGNORE INTO Pembeli (id_pembeli, id_pengguna) VALUES (43, 93);
INSERT IGNORE INTO Pembeli (id_pembeli, id_pengguna) VALUES (44, 94);
INSERT IGNORE INTO Pembeli (id_pembeli, id_pengguna) VALUES (45, 95);
INSERT IGNORE INTO Pembeli (id_pembeli, id_pengguna) VALUES (46, 96);
INSERT IGNORE INTO Pembeli (id_pembeli, id_pengguna) VALUES (47, 97);
INSERT IGNORE INTO Pembeli (id_pembeli, id_pengguna) VALUES (48, 98);
INSERT IGNORE INTO Pembeli (id_pembeli, id_pengguna) VALUES (49, 99);
INSERT IGNORE INTO Pembeli (id_pembeli, id_pengguna) VALUES (50, 100);
INSERT IGNORE INTO Pembeli (id_pembeli, id_pengguna) VALUES (51, 101);
INSERT IGNORE INTO Pembeli (id_pembeli, id_pengguna) VALUES (52, 102);
INSERT IGNORE INTO Pembeli (id_pembeli, id_pengguna) VALUES (53, 103);
INSERT IGNORE INTO Pembeli (id_pembeli, id_pengguna) VALUES (54, 104);
INSERT IGNORE INTO Pembeli (id_pembeli, id_pengguna) VALUES (55, 105);
INSERT IGNORE INTO Pembeli (id_pembeli, id_pengguna) VALUES (56, 106);
INSERT IGNORE INTO Pembeli (id_pembeli, id_pengguna) VALUES (57, 107);
INSERT IGNORE INTO Pembeli (id_pembeli, id_pengguna) VALUES (58, 108);
INSERT IGNORE INTO Pembeli (id_pembeli, id_pengguna) VALUES (59, 109);
INSERT IGNORE INTO Pembeli (id_pembeli, id_pengguna) VALUES (60, 110);

-- AlamatPembeli
INSERT IGNORE INTO AlamatPembeli (id_pembeli, id_alamat, id_pesanan, is_default) VALUES (1, 96, NULL, TRUE);
INSERT IGNORE INTO AlamatPembeli (id_pembeli, id_alamat, id_pesanan, is_default) VALUES (1, 88, NULL, FALSE);
INSERT IGNORE INTO AlamatPembeli (id_pembeli, id_alamat, id_pesanan, is_default) VALUES (2, 67, NULL, TRUE);
INSERT IGNORE INTO AlamatPembeli (id_pembeli, id_alamat, id_pesanan, is_default) VALUES (2, 35, NULL, FALSE);
INSERT IGNORE INTO AlamatPembeli (id_pembeli, id_alamat, id_pesanan, is_default) VALUES (3, 81, NULL, TRUE);
INSERT IGNORE INTO AlamatPembeli (id_pembeli, id_alamat, id_pesanan, is_default) VALUES (4, 76, NULL, TRUE);
INSERT IGNORE INTO AlamatPembeli (id_pembeli, id_alamat, id_pesanan, is_default) VALUES (5, 42, NULL, TRUE);
INSERT IGNORE INTO AlamatPembeli (id_pembeli, id_alamat, id_pesanan, is_default) VALUES (5, 84, NULL, FALSE);
INSERT IGNORE INTO AlamatPembeli (id_pembeli, id_alamat, id_pesanan, is_default) VALUES (5, 40, NULL, FALSE);
INSERT IGNORE INTO AlamatPembeli (id_pembeli, id_alamat, id_pesanan, is_default) VALUES (6, 70, NULL, TRUE);
INSERT IGNORE INTO AlamatPembeli (id_pembeli, id_alamat, id_pesanan, is_default) VALUES (6, 41, NULL, FALSE);
INSERT IGNORE INTO AlamatPembeli (id_pembeli, id_alamat, id_pesanan, is_default) VALUES (6, 79, NULL, FALSE);
INSERT IGNORE INTO AlamatPembeli (id_pembeli, id_alamat, id_pesanan, is_default) VALUES (7, 25, NULL, TRUE);
INSERT IGNORE INTO AlamatPembeli (id_pembeli, id_alamat, id_pesanan, is_default) VALUES (7, 56, NULL, FALSE);
INSERT IGNORE INTO AlamatPembeli (id_pembeli, id_alamat, id_pesanan, is_default) VALUES (7, 7, NULL, FALSE);
INSERT IGNORE INTO AlamatPembeli (id_pembeli, id_alamat, id_pesanan, is_default) VALUES (8, 63, NULL, TRUE);
INSERT IGNORE INTO AlamatPembeli (id_pembeli, id_alamat, id_pesanan, is_default) VALUES (8, 41, NULL, FALSE);
INSERT IGNORE INTO AlamatPembeli (id_pembeli, id_alamat, id_pesanan, is_default) VALUES (8, 50, NULL, FALSE);
INSERT IGNORE INTO AlamatPembeli (id_pembeli, id_alamat, id_pesanan, is_default) VALUES (9, 64, NULL, TRUE);
INSERT IGNORE INTO AlamatPembeli (id_pembeli, id_alamat, id_pesanan, is_default) VALUES (9, 62, NULL, FALSE);
INSERT IGNORE INTO AlamatPembeli (id_pembeli, id_alamat, id_pesanan, is_default) VALUES (9, 76, NULL, FALSE);
INSERT IGNORE INTO AlamatPembeli (id_pembeli, id_alamat, id_pesanan, is_default) VALUES (10, 5, NULL, TRUE);
INSERT IGNORE INTO AlamatPembeli (id_pembeli, id_alamat, id_pesanan, is_default) VALUES (10, 68, NULL, FALSE);
INSERT IGNORE INTO AlamatPembeli (id_pembeli, id_alamat, id_pesanan, is_default) VALUES (10, 65, NULL, FALSE);
INSERT IGNORE INTO AlamatPembeli (id_pembeli, id_alamat, id_pesanan, is_default) VALUES (11, 11, NULL, TRUE);
INSERT IGNORE INTO AlamatPembeli (id_pembeli, id_alamat, id_pesanan, is_default) VALUES (11, 78, NULL, FALSE);
INSERT IGNORE INTO AlamatPembeli (id_pembeli, id_alamat, id_pesanan, is_default) VALUES (12, 53, NULL, TRUE);
INSERT IGNORE INTO AlamatPembeli (id_pembeli, id_alamat, id_pesanan, is_default) VALUES (12, 70, NULL, FALSE);
INSERT IGNORE INTO AlamatPembeli (id_pembeli, id_alamat, id_pesanan, is_default) VALUES (13, 38, NULL, TRUE);
INSERT IGNORE INTO AlamatPembeli (id_pembeli, id_alamat, id_pesanan, is_default) VALUES (13, 43, NULL, FALSE);
INSERT IGNORE INTO AlamatPembeli (id_pembeli, id_alamat, id_pesanan, is_default) VALUES (14, 72, NULL, TRUE);
INSERT IGNORE INTO AlamatPembeli (id_pembeli, id_alamat, id_pesanan, is_default) VALUES (14, 54, NULL, FALSE);
INSERT IGNORE INTO AlamatPembeli (id_pembeli, id_alamat, id_pesanan, is_default) VALUES (15, 28, NULL, TRUE);
INSERT IGNORE INTO AlamatPembeli (id_pembeli, id_alamat, id_pesanan, is_default) VALUES (15, 47, NULL, FALSE);
INSERT IGNORE INTO AlamatPembeli (id_pembeli, id_alamat, id_pesanan, is_default) VALUES (15, 87, NULL, FALSE);
INSERT IGNORE INTO AlamatPembeli (id_pembeli, id_alamat, id_pesanan, is_default) VALUES (16, 74, NULL, TRUE);
INSERT IGNORE INTO AlamatPembeli (id_pembeli, id_alamat, id_pesanan, is_default) VALUES (16, 9, NULL, FALSE);
INSERT IGNORE INTO AlamatPembeli (id_pembeli, id_alamat, id_pesanan, is_default) VALUES (16, 39, NULL, FALSE);
INSERT IGNORE INTO AlamatPembeli (id_pembeli, id_alamat, id_pesanan, is_default) VALUES (17, 50, NULL, TRUE);
INSERT IGNORE INTO AlamatPembeli (id_pembeli, id_alamat, id_pesanan, is_default) VALUES (17, 6, NULL, FALSE);
INSERT IGNORE INTO AlamatPembeli (id_pembeli, id_alamat, id_pesanan, is_default) VALUES (18, 98, NULL, TRUE);
INSERT IGNORE INTO AlamatPembeli (id_pembeli, id_alamat, id_pesanan, is_default) VALUES (18, 76, NULL, FALSE);
INSERT IGNORE INTO AlamatPembeli (id_pembeli, id_alamat, id_pesanan, is_default) VALUES (19, 48, NULL, TRUE);
INSERT IGNORE INTO AlamatPembeli (id_pembeli, id_alamat, id_pesanan, is_default) VALUES (19, 19, NULL, FALSE);
INSERT IGNORE INTO AlamatPembeli (id_pembeli, id_alamat, id_pesanan, is_default) VALUES (19, 27, NULL, FALSE);
INSERT IGNORE INTO AlamatPembeli (id_pembeli, id_alamat, id_pesanan, is_default) VALUES (20, 23, NULL, TRUE);
INSERT IGNORE INTO AlamatPembeli (id_pembeli, id_alamat, id_pesanan, is_default) VALUES (20, 27, NULL, FALSE);
INSERT IGNORE INTO AlamatPembeli (id_pembeli, id_alamat, id_pesanan, is_default) VALUES (20, 95, NULL, FALSE);
INSERT IGNORE INTO AlamatPembeli (id_pembeli, id_alamat, id_pesanan, is_default) VALUES (21, 44, NULL, TRUE);
INSERT IGNORE INTO AlamatPembeli (id_pembeli, id_alamat, id_pesanan, is_default) VALUES (22, 33, NULL, TRUE);
INSERT IGNORE INTO AlamatPembeli (id_pembeli, id_alamat, id_pesanan, is_default) VALUES (23, 67, NULL, TRUE);
INSERT IGNORE INTO AlamatPembeli (id_pembeli, id_alamat, id_pesanan, is_default) VALUES (24, 71, NULL, TRUE);
INSERT IGNORE INTO AlamatPembeli (id_pembeli, id_alamat, id_pesanan, is_default) VALUES (25, 23, NULL, TRUE);
INSERT IGNORE INTO AlamatPembeli (id_pembeli, id_alamat, id_pesanan, is_default) VALUES (26, 100, NULL, TRUE);
INSERT IGNORE INTO AlamatPembeli (id_pembeli, id_alamat, id_pesanan, is_default) VALUES (26, 60, NULL, FALSE);
INSERT IGNORE INTO AlamatPembeli (id_pembeli, id_alamat, id_pesanan, is_default) VALUES (26, 53, NULL, FALSE);
INSERT IGNORE INTO AlamatPembeli (id_pembeli, id_alamat, id_pesanan, is_default) VALUES (27, 20, NULL, TRUE);
INSERT IGNORE INTO AlamatPembeli (id_pembeli, id_alamat, id_pesanan, is_default) VALUES (27, 67, NULL, FALSE);
INSERT IGNORE INTO AlamatPembeli (id_pembeli, id_alamat, id_pesanan, is_default) VALUES (27, 48, NULL, FALSE);
INSERT IGNORE INTO AlamatPembeli (id_pembeli, id_alamat, id_pesanan, is_default) VALUES (28, 98, NULL, TRUE);
INSERT IGNORE INTO AlamatPembeli (id_pembeli, id_alamat, id_pesanan, is_default) VALUES (28, 21, NULL, FALSE);
INSERT IGNORE INTO AlamatPembeli (id_pembeli, id_alamat, id_pesanan, is_default) VALUES (29, 12, NULL, TRUE);
INSERT IGNORE INTO AlamatPembeli (id_pembeli, id_alamat, id_pesanan, is_default) VALUES (29, 79, NULL, FALSE);
INSERT IGNORE INTO AlamatPembeli (id_pembeli, id_alamat, id_pesanan, is_default) VALUES (29, 31, NULL, FALSE);
INSERT IGNORE INTO AlamatPembeli (id_pembeli, id_alamat, id_pesanan, is_default) VALUES (30, 24, NULL, TRUE);
INSERT IGNORE INTO AlamatPembeli (id_pembeli, id_alamat, id_pesanan, is_default) VALUES (31, 91, NULL, TRUE);
INSERT IGNORE INTO AlamatPembeli (id_pembeli, id_alamat, id_pesanan, is_default) VALUES (31, 48, NULL, FALSE);
INSERT IGNORE INTO AlamatPembeli (id_pembeli, id_alamat, id_pesanan, is_default) VALUES (31, 87, NULL, FALSE);
INSERT IGNORE INTO AlamatPembeli (id_pembeli, id_alamat, id_pesanan, is_default) VALUES (32, 2, NULL, TRUE);
INSERT IGNORE INTO AlamatPembeli (id_pembeli, id_alamat, id_pesanan, is_default) VALUES (32, 41, NULL, FALSE);
INSERT IGNORE INTO AlamatPembeli (id_pembeli, id_alamat, id_pesanan, is_default) VALUES (32, 75, NULL, FALSE);
INSERT IGNORE INTO AlamatPembeli (id_pembeli, id_alamat, id_pesanan, is_default) VALUES (33, 15, NULL, TRUE);
INSERT IGNORE INTO AlamatPembeli (id_pembeli, id_alamat, id_pesanan, is_default) VALUES (33, 72, NULL, FALSE);
INSERT IGNORE INTO AlamatPembeli (id_pembeli, id_alamat, id_pesanan, is_default) VALUES (33, 86, NULL, FALSE);
INSERT IGNORE INTO AlamatPembeli (id_pembeli, id_alamat, id_pesanan, is_default) VALUES (34, 78, NULL, TRUE);
INSERT IGNORE INTO AlamatPembeli (id_pembeli, id_alamat, id_pesanan, is_default) VALUES (34, 63, NULL, FALSE);
INSERT IGNORE INTO AlamatPembeli (id_pembeli, id_alamat, id_pesanan, is_default) VALUES (35, 1, NULL, TRUE);
INSERT IGNORE INTO AlamatPembeli (id_pembeli, id_alamat, id_pesanan, is_default) VALUES (36, 43, NULL, TRUE);
INSERT IGNORE INTO AlamatPembeli (id_pembeli, id_alamat, id_pesanan, is_default) VALUES (36, 58, NULL, FALSE);
INSERT IGNORE INTO AlamatPembeli (id_pembeli, id_alamat, id_pesanan, is_default) VALUES (36, 3, NULL, FALSE);
INSERT IGNORE INTO AlamatPembeli (id_pembeli, id_alamat, id_pesanan, is_default) VALUES (37, 37, NULL, TRUE);
INSERT IGNORE INTO AlamatPembeli (id_pembeli, id_alamat, id_pesanan, is_default) VALUES (38, 44, NULL, TRUE);
INSERT IGNORE INTO AlamatPembeli (id_pembeli, id_alamat, id_pesanan, is_default) VALUES (39, 38, NULL, TRUE);
INSERT IGNORE INTO AlamatPembeli (id_pembeli, id_alamat, id_pesanan, is_default) VALUES (39, 85, NULL, FALSE);
INSERT IGNORE INTO AlamatPembeli (id_pembeli, id_alamat, id_pesanan, is_default) VALUES (40, 5, NULL, TRUE);
INSERT IGNORE INTO AlamatPembeli (id_pembeli, id_alamat, id_pesanan, is_default) VALUES (40, 57, NULL, FALSE);
INSERT IGNORE INTO AlamatPembeli (id_pembeli, id_alamat, id_pesanan, is_default) VALUES (40, 77, NULL, FALSE);
INSERT IGNORE INTO AlamatPembeli (id_pembeli, id_alamat, id_pesanan, is_default) VALUES (41, 34, NULL, TRUE);
INSERT IGNORE INTO AlamatPembeli (id_pembeli, id_alamat, id_pesanan, is_default) VALUES (41, 89, NULL, FALSE);
INSERT IGNORE INTO AlamatPembeli (id_pembeli, id_alamat, id_pesanan, is_default) VALUES (41, 66, NULL, FALSE);
INSERT IGNORE INTO AlamatPembeli (id_pembeli, id_alamat, id_pesanan, is_default) VALUES (42, 15, NULL, TRUE);
INSERT IGNORE INTO AlamatPembeli (id_pembeli, id_alamat, id_pesanan, is_default) VALUES (42, 51, NULL, FALSE);
INSERT IGNORE INTO AlamatPembeli (id_pembeli, id_alamat, id_pesanan, is_default) VALUES (42, 83, NULL, FALSE);
INSERT IGNORE INTO AlamatPembeli (id_pembeli, id_alamat, id_pesanan, is_default) VALUES (43, 79, NULL, TRUE);
INSERT IGNORE INTO AlamatPembeli (id_pembeli, id_alamat, id_pesanan, is_default) VALUES (44, 22, NULL, TRUE);
INSERT IGNORE INTO AlamatPembeli (id_pembeli, id_alamat, id_pesanan, is_default) VALUES (44, 94, NULL, FALSE);
INSERT IGNORE INTO AlamatPembeli (id_pembeli, id_alamat, id_pesanan, is_default) VALUES (45, 3, NULL, TRUE);
INSERT IGNORE INTO AlamatPembeli (id_pembeli, id_alamat, id_pesanan, is_default) VALUES (46, 49, NULL, TRUE);
INSERT IGNORE INTO AlamatPembeli (id_pembeli, id_alamat, id_pesanan, is_default) VALUES (46, 86, NULL, FALSE);
INSERT IGNORE INTO AlamatPembeli (id_pembeli, id_alamat, id_pesanan, is_default) VALUES (47, 86, NULL, TRUE);
INSERT IGNORE INTO AlamatPembeli (id_pembeli, id_alamat, id_pesanan, is_default) VALUES (47, 98, NULL, FALSE);
INSERT IGNORE INTO AlamatPembeli (id_pembeli, id_alamat, id_pesanan, is_default) VALUES (48, 32, NULL, TRUE);
INSERT IGNORE INTO AlamatPembeli (id_pembeli, id_alamat, id_pesanan, is_default) VALUES (48, 52, NULL, FALSE);
INSERT IGNORE INTO AlamatPembeli (id_pembeli, id_alamat, id_pesanan, is_default) VALUES (48, 19, NULL, FALSE);
INSERT IGNORE INTO AlamatPembeli (id_pembeli, id_alamat, id_pesanan, is_default) VALUES (49, 72, NULL, TRUE);
INSERT IGNORE INTO AlamatPembeli (id_pembeli, id_alamat, id_pesanan, is_default) VALUES (49, 47, NULL, FALSE);
INSERT IGNORE INTO AlamatPembeli (id_pembeli, id_alamat, id_pesanan, is_default) VALUES (50, 92, NULL, TRUE);
INSERT IGNORE INTO AlamatPembeli (id_pembeli, id_alamat, id_pesanan, is_default) VALUES (51, 26, NULL, TRUE);
INSERT IGNORE INTO AlamatPembeli (id_pembeli, id_alamat, id_pesanan, is_default) VALUES (51, 28, NULL, FALSE);
INSERT IGNORE INTO AlamatPembeli (id_pembeli, id_alamat, id_pesanan, is_default) VALUES (52, 38, NULL, TRUE);
INSERT IGNORE INTO AlamatPembeli (id_pembeli, id_alamat, id_pesanan, is_default) VALUES (52, 88, NULL, FALSE);
INSERT IGNORE INTO AlamatPembeli (id_pembeli, id_alamat, id_pesanan, is_default) VALUES (52, 84, NULL, FALSE);
INSERT IGNORE INTO AlamatPembeli (id_pembeli, id_alamat, id_pesanan, is_default) VALUES (53, 57, NULL, TRUE);
INSERT IGNORE INTO AlamatPembeli (id_pembeli, id_alamat, id_pesanan, is_default) VALUES (53, 89, NULL, FALSE);
INSERT IGNORE INTO AlamatPembeli (id_pembeli, id_alamat, id_pesanan, is_default) VALUES (53, 48, NULL, FALSE);
INSERT IGNORE INTO AlamatPembeli (id_pembeli, id_alamat, id_pesanan, is_default) VALUES (54, 77, NULL, TRUE);
INSERT IGNORE INTO AlamatPembeli (id_pembeli, id_alamat, id_pesanan, is_default) VALUES (54, 21, NULL, FALSE);
INSERT IGNORE INTO AlamatPembeli (id_pembeli, id_alamat, id_pesanan, is_default) VALUES (54, 47, NULL, FALSE);
INSERT IGNORE INTO AlamatPembeli (id_pembeli, id_alamat, id_pesanan, is_default) VALUES (55, 13, NULL, TRUE);
INSERT IGNORE INTO AlamatPembeli (id_pembeli, id_alamat, id_pesanan, is_default) VALUES (55, 48, NULL, FALSE);
INSERT IGNORE INTO AlamatPembeli (id_pembeli, id_alamat, id_pesanan, is_default) VALUES (55, 65, NULL, FALSE);
INSERT IGNORE INTO AlamatPembeli (id_pembeli, id_alamat, id_pesanan, is_default) VALUES (56, 35, NULL, TRUE);
INSERT IGNORE INTO AlamatPembeli (id_pembeli, id_alamat, id_pesanan, is_default) VALUES (56, 14, NULL, FALSE);
INSERT IGNORE INTO AlamatPembeli (id_pembeli, id_alamat, id_pesanan, is_default) VALUES (57, 33, NULL, TRUE);
INSERT IGNORE INTO AlamatPembeli (id_pembeli, id_alamat, id_pesanan, is_default) VALUES (57, 15, NULL, FALSE);
INSERT IGNORE INTO AlamatPembeli (id_pembeli, id_alamat, id_pesanan, is_default) VALUES (58, 67, NULL, TRUE);
INSERT IGNORE INTO AlamatPembeli (id_pembeli, id_alamat, id_pesanan, is_default) VALUES (58, 58, NULL, FALSE);
INSERT IGNORE INTO AlamatPembeli (id_pembeli, id_alamat, id_pesanan, is_default) VALUES (58, 78, NULL, FALSE);
INSERT IGNORE INTO AlamatPembeli (id_pembeli, id_alamat, id_pesanan, is_default) VALUES (59, 39, NULL, TRUE);
INSERT IGNORE INTO AlamatPembeli (id_pembeli, id_alamat, id_pesanan, is_default) VALUES (59, 33, NULL, FALSE);
INSERT IGNORE INTO AlamatPembeli (id_pembeli, id_alamat, id_pesanan, is_default) VALUES (60, 64, NULL, TRUE);
INSERT IGNORE INTO AlamatPembeli (id_pembeli, id_alamat, id_pesanan, is_default) VALUES (60, 72, NULL, FALSE);

-- Keranjang
INSERT IGNORE INTO Keranjang (id_keranjang, id_pembeli) VALUES (1, 1);
INSERT IGNORE INTO Keranjang (id_keranjang, id_pembeli) VALUES (2, 2);
INSERT IGNORE INTO Keranjang (id_keranjang, id_pembeli) VALUES (3, 3);
INSERT IGNORE INTO Keranjang (id_keranjang, id_pembeli) VALUES (4, 4);
INSERT IGNORE INTO Keranjang (id_keranjang, id_pembeli) VALUES (5, 5);
INSERT IGNORE INTO Keranjang (id_keranjang, id_pembeli) VALUES (6, 6);
INSERT IGNORE INTO Keranjang (id_keranjang, id_pembeli) VALUES (7, 7);
INSERT IGNORE INTO Keranjang (id_keranjang, id_pembeli) VALUES (8, 8);
INSERT IGNORE INTO Keranjang (id_keranjang, id_pembeli) VALUES (9, 9);
INSERT IGNORE INTO Keranjang (id_keranjang, id_pembeli) VALUES (10, 10);
INSERT IGNORE INTO Keranjang (id_keranjang, id_pembeli) VALUES (11, 11);
INSERT IGNORE INTO Keranjang (id_keranjang, id_pembeli) VALUES (12, 12);
INSERT IGNORE INTO Keranjang (id_keranjang, id_pembeli) VALUES (13, 13);
INSERT IGNORE INTO Keranjang (id_keranjang, id_pembeli) VALUES (14, 14);
INSERT IGNORE INTO Keranjang (id_keranjang, id_pembeli) VALUES (15, 15);
INSERT IGNORE INTO Keranjang (id_keranjang, id_pembeli) VALUES (16, 16);
INSERT IGNORE INTO Keranjang (id_keranjang, id_pembeli) VALUES (17, 17);
INSERT IGNORE INTO Keranjang (id_keranjang, id_pembeli) VALUES (18, 18);
INSERT IGNORE INTO Keranjang (id_keranjang, id_pembeli) VALUES (19, 19);
INSERT IGNORE INTO Keranjang (id_keranjang, id_pembeli) VALUES (20, 20);
INSERT IGNORE INTO Keranjang (id_keranjang, id_pembeli) VALUES (21, 21);
INSERT IGNORE INTO Keranjang (id_keranjang, id_pembeli) VALUES (22, 22);
INSERT IGNORE INTO Keranjang (id_keranjang, id_pembeli) VALUES (23, 23);
INSERT IGNORE INTO Keranjang (id_keranjang, id_pembeli) VALUES (24, 24);
INSERT IGNORE INTO Keranjang (id_keranjang, id_pembeli) VALUES (25, 25);
INSERT IGNORE INTO Keranjang (id_keranjang, id_pembeli) VALUES (26, 26);
INSERT IGNORE INTO Keranjang (id_keranjang, id_pembeli) VALUES (27, 27);
INSERT IGNORE INTO Keranjang (id_keranjang, id_pembeli) VALUES (28, 28);
INSERT IGNORE INTO Keranjang (id_keranjang, id_pembeli) VALUES (29, 29);
INSERT IGNORE INTO Keranjang (id_keranjang, id_pembeli) VALUES (30, 30);
INSERT IGNORE INTO Keranjang (id_keranjang, id_pembeli) VALUES (31, 31);
INSERT IGNORE INTO Keranjang (id_keranjang, id_pembeli) VALUES (32, 32);
INSERT IGNORE INTO Keranjang (id_keranjang, id_pembeli) VALUES (33, 33);
INSERT IGNORE INTO Keranjang (id_keranjang, id_pembeli) VALUES (34, 34);
INSERT IGNORE INTO Keranjang (id_keranjang, id_pembeli) VALUES (35, 35);
INSERT IGNORE INTO Keranjang (id_keranjang, id_pembeli) VALUES (36, 36);
INSERT IGNORE INTO Keranjang (id_keranjang, id_pembeli) VALUES (37, 37);
INSERT IGNORE INTO Keranjang (id_keranjang, id_pembeli) VALUES (38, 38);
INSERT IGNORE INTO Keranjang (id_keranjang, id_pembeli) VALUES (39, 39);
INSERT IGNORE INTO Keranjang (id_keranjang, id_pembeli) VALUES (40, 40);
INSERT IGNORE INTO Keranjang (id_keranjang, id_pembeli) VALUES (41, 41);
INSERT IGNORE INTO Keranjang (id_keranjang, id_pembeli) VALUES (42, 42);
INSERT IGNORE INTO Keranjang (id_keranjang, id_pembeli) VALUES (43, 43);
INSERT IGNORE INTO Keranjang (id_keranjang, id_pembeli) VALUES (44, 44);
INSERT IGNORE INTO Keranjang (id_keranjang, id_pembeli) VALUES (45, 45);
INSERT IGNORE INTO Keranjang (id_keranjang, id_pembeli) VALUES (46, 46);
INSERT IGNORE INTO Keranjang (id_keranjang, id_pembeli) VALUES (47, 47);
INSERT IGNORE INTO Keranjang (id_keranjang, id_pembeli) VALUES (48, 48);
INSERT IGNORE INTO Keranjang (id_keranjang, id_pembeli) VALUES (49, 49);
INSERT IGNORE INTO Keranjang (id_keranjang, id_pembeli) VALUES (50, 50);
INSERT IGNORE INTO Keranjang (id_keranjang, id_pembeli) VALUES (51, 51);
INSERT IGNORE INTO Keranjang (id_keranjang, id_pembeli) VALUES (52, 52);
INSERT IGNORE INTO Keranjang (id_keranjang, id_pembeli) VALUES (53, 53);
INSERT IGNORE INTO Keranjang (id_keranjang, id_pembeli) VALUES (54, 54);
INSERT IGNORE INTO Keranjang (id_keranjang, id_pembeli) VALUES (55, 55);
INSERT IGNORE INTO Keranjang (id_keranjang, id_pembeli) VALUES (56, 56);
INSERT IGNORE INTO Keranjang (id_keranjang, id_pembeli) VALUES (57, 57);
INSERT IGNORE INTO Keranjang (id_keranjang, id_pembeli) VALUES (58, 58);
INSERT IGNORE INTO Keranjang (id_keranjang, id_pembeli) VALUES (59, 59);
INSERT IGNORE INTO Keranjang (id_keranjang, id_pembeli) VALUES (60, 60);

-- AtributVarian
INSERT IGNORE INTO AtributVarian (atribut_varian, nama) VALUES ('WARNA', 'Warna');
INSERT IGNORE INTO AtributVarian (atribut_varian, nama) VALUES ('UKURAN', 'Ukuran');
INSERT IGNORE INTO AtributVarian (atribut_varian, nama) VALUES ('MATERIAL', 'Material');
INSERT IGNORE INTO AtributVarian (atribut_varian, nama) VALUES ('RAM', 'RAM');
INSERT IGNORE INTO AtributVarian (atribut_varian, nama) VALUES ('STORAGE_INTERNAL', 'Penyimpanan Internal');
INSERT IGNORE INTO AtributVarian (atribut_varian, nama) VALUES ('JENIS_KAIN', 'Jenis Kain');
INSERT IGNORE INTO AtributVarian (atribut_varian, nama) VALUES ('RESOLUSI_LAYAR', 'Resolusi Layar');

-- Produk, VarianProduk, ProdukVarianAtribut
INSERT IGNORE INTO Produk (id_produk, id_penjual, nama, deskripsi) VALUES (1, 35, 'Monetize Ubiquitous Roi Premium', 'Iusto placeat delectus beatae facere. Dignissimos itaque laboriosam laudantium possimus incidunt soluta. Repellat autem aliquam deleniti.');
INSERT IGNORE INTO VarianProduk (sku, harga, stok) VALUES ('SKU000001', 1770410.17, 145);
INSERT IGNORE INTO ProdukVarianAtribut (id_produk, atribut_varian, sku, nilai) VALUES (1, 'WARNA', 'SKU000001', 'Biru muda');
INSERT IGNORE INTO ProdukVarianAtribut (id_produk, atribut_varian, sku, nilai) VALUES (1, 'UKURAN', 'SKU000001', '41');
INSERT IGNORE INTO ProdukVarianAtribut (id_produk, atribut_varian, sku, nilai) VALUES (1, 'RAM', 'SKU000001', '4GB');
INSERT IGNORE INTO Produk (id_produk, id_penjual, nama, deskripsi) VALUES (2, 42, 'Incubate Customized Infrastructures Premium', 'Esse veniam dicta eaque laudantium architecto cupiditate distinctio. Eligendi aliquid impedit maiores.');
INSERT IGNORE INTO VarianProduk (sku, harga, stok) VALUES ('SKU000002', 393513.14, 19);
INSERT IGNORE INTO ProdukVarianAtribut (id_produk, atribut_varian, sku, nilai) VALUES (2, 'MATERIAL', 'SKU000002', 'Polyester Blend');
INSERT IGNORE INTO ProdukVarianAtribut (id_produk, atribut_varian, sku, nilai) VALUES (2, 'RESOLUSI_LAYAR', 'SKU000002', 'HD');
INSERT IGNORE INTO Produk (id_produk, id_penjual, nama, deskripsi) VALUES (3, 33, 'Seize User-Centric Markets Serbaguna', 'Quas beatae ducimus exercitationem. Eligendi accusamus repudiandae ipsam. Distinctio ipsa dignissimos.');
INSERT IGNORE INTO VarianProduk (sku, harga, stok) VALUES ('SKU000003', 1098710.92, 79);
INSERT IGNORE INTO ProdukVarianAtribut (id_produk, atribut_varian, sku, nilai) VALUES (3, 'WARNA', 'SKU000003', 'Zaitun');
INSERT IGNORE INTO Produk (id_produk, id_penjual, nama, deskripsi) VALUES (4, 11, 'Strategize B2C Experiences Serbaguna', 'Quam iure libero voluptatum. Debitis ea illo amet ab.');
INSERT IGNORE INTO VarianProduk (sku, harga, stok) VALUES ('SKU000004', 529841.53, 60);
INSERT IGNORE INTO ProdukVarianAtribut (id_produk, atribut_varian, sku, nilai) VALUES (4, 'RAM', 'SKU000004', '16GB');
INSERT IGNORE INTO VarianProduk (sku, harga, stok) VALUES ('SKU000005', 1466813.53, 78);
INSERT IGNORE INTO ProdukVarianAtribut (id_produk, atribut_varian, sku, nilai) VALUES (4, 'JENIS_KAIN', 'SKU000005', 'Denim');
INSERT IGNORE INTO ProdukVarianAtribut (id_produk, atribut_varian, sku, nilai) VALUES (4, 'UKURAN', 'SKU000005', '38');
INSERT IGNORE INTO VarianProduk (sku, harga, stok) VALUES ('SKU000006', 2574969.16, 50);
INSERT IGNORE INTO ProdukVarianAtribut (id_produk, atribut_varian, sku, nilai) VALUES (4, 'JENIS_KAIN', 'SKU000006', 'Rayon');
INSERT IGNORE INTO Produk (id_produk, id_penjual, nama, deskripsi) VALUES (5, 47, 'Re-Contextualize Robust Niches Edisi Terbatas', 'Sequi voluptate dicta rem quod. Sint praesentium nesciunt.');
INSERT IGNORE INTO VarianProduk (sku, harga, stok) VALUES ('SKU000007', 1305923.13, 12);
INSERT IGNORE INTO ProdukVarianAtribut (id_produk, atribut_varian, sku, nilai) VALUES (5, 'RAM', 'SKU000007', '4GB');
INSERT IGNORE INTO ProdukVarianAtribut (id_produk, atribut_varian, sku, nilai) VALUES (5, 'UKURAN', 'SKU000007', 'M');
INSERT IGNORE INTO ProdukVarianAtribut (id_produk, atribut_varian, sku, nilai) VALUES (5, 'JENIS_KAIN', 'SKU000007', 'Satin');
INSERT IGNORE INTO VarianProduk (sku, harga, stok) VALUES ('SKU000008', 2229855.07, 83);
INSERT IGNORE INTO ProdukVarianAtribut (id_produk, atribut_varian, sku, nilai) VALUES (5, 'MATERIAL', 'SKU000008', 'Plastik ABS Food Grade');
INSERT IGNORE INTO ProdukVarianAtribut (id_produk, atribut_varian, sku, nilai) VALUES (5, 'UKURAN', 'SKU000008', '39');
INSERT IGNORE INTO ProdukVarianAtribut (id_produk, atribut_varian, sku, nilai) VALUES (5, 'RESOLUSI_LAYAR', 'SKU000008', 'FHD');
INSERT IGNORE INTO VarianProduk (sku, harga, stok) VALUES ('SKU000009', 162462.94, 124);
INSERT IGNORE INTO ProdukVarianAtribut (id_produk, atribut_varian, sku, nilai) VALUES (5, 'MATERIAL', 'SKU000009', 'Kulit Sintetis PU');
INSERT IGNORE INTO ProdukVarianAtribut (id_produk, atribut_varian, sku, nilai) VALUES (5, 'RAM', 'SKU000009', '32GB');
INSERT IGNORE INTO ProdukVarianAtribut (id_produk, atribut_varian, sku, nilai) VALUES (5, 'UKURAN', 'SKU000009', '42');
INSERT IGNORE INTO Produk (id_produk, id_penjual, nama, deskripsi) VALUES (6, 40, 'Iterate World-Class Networks Modern', 'Repellat impedit iste incidunt rem esse cupiditate. Laudantium consectetur beatae consequatur distinctio error. Aliquid qui ad neque rerum tempora.');
INSERT IGNORE INTO VarianProduk (sku, harga, stok) VALUES ('SKU000010', 32578.54, 107);
INSERT IGNORE INTO ProdukVarianAtribut (id_produk, atribut_varian, sku, nilai) VALUES (6, 'WARNA', 'SKU000010', 'Hijau');
INSERT IGNORE INTO ProdukVarianAtribut (id_produk, atribut_varian, sku, nilai) VALUES (6, 'JENIS_KAIN', 'SKU000010', 'Denim');
INSERT IGNORE INTO ProdukVarianAtribut (id_produk, atribut_varian, sku, nilai) VALUES (6, 'MATERIAL', 'SKU000010', 'Polyester Blend');
INSERT IGNORE INTO Produk (id_produk, id_penjual, nama, deskripsi) VALUES (7, 20, 'Mesh Innovative Supply-Chains Modern', 'Ratione dicta dolores quos at similique. Quisquam ducimus animi. Quam ea dolorem autem assumenda commodi ipsum fugit. Hic dolore dolores sapiente.');
INSERT IGNORE INTO VarianProduk (sku, harga, stok) VALUES ('SKU000011', 363235.85, 135);
INSERT IGNORE INTO ProdukVarianAtribut (id_produk, atribut_varian, sku, nilai) VALUES (7, 'RAM', 'SKU000011', '8GB');
INSERT IGNORE INTO ProdukVarianAtribut (id_produk, atribut_varian, sku, nilai) VALUES (7, 'WARNA', 'SKU000011', 'Ungu');
INSERT IGNORE INTO ProdukVarianAtribut (id_produk, atribut_varian, sku, nilai) VALUES (7, 'RESOLUSI_LAYAR', 'SKU000011', 'QHD');
INSERT IGNORE INTO Produk (id_produk, id_penjual, nama, deskripsi) VALUES (8, 1, 'Brand Wireless Technologies Serbaguna', 'Sit sint provident explicabo earum nam temporibus. Dolore natus enim ullam magnam rerum. Nobis id quo qui quos nemo.');
INSERT IGNORE INTO VarianProduk (sku, harga, stok) VALUES ('SKU000012', 2188997.93, 133);
INSERT IGNORE INTO ProdukVarianAtribut (id_produk, atribut_varian, sku, nilai) VALUES (8, 'RAM', 'SKU000012', '4GB');
INSERT IGNORE INTO ProdukVarianAtribut (id_produk, atribut_varian, sku, nilai) VALUES (8, 'JENIS_KAIN', 'SKU000012', 'Rayon');
INSERT IGNORE INTO VarianProduk (sku, harga, stok) VALUES ('SKU000013', 491597.56, 102);
INSERT IGNORE INTO ProdukVarianAtribut (id_produk, atribut_varian, sku, nilai) VALUES (8, 'STORAGE_INTERNAL', 'SKU000013', '256GB');
INSERT IGNORE INTO ProdukVarianAtribut (id_produk, atribut_varian, sku, nilai) VALUES (8, 'JENIS_KAIN', 'SKU000013', 'Flanel');
INSERT IGNORE INTO ProdukVarianAtribut (id_produk, atribut_varian, sku, nilai) VALUES (8, 'UKURAN', 'SKU000013', '41');
INSERT IGNORE INTO Produk (id_produk, id_penjual, nama, deskripsi) VALUES (9, 47, 'Facilitate Vertical Applications Serbaguna', 'Delectus blanditiis deserunt repellendus modi. Accusamus sit exercitationem ut impedit. Eligendi facere atque aliquid. Exercitationem quasi officia aliquam. Rem dicta impedit saepe aperiam.');
INSERT IGNORE INTO VarianProduk (sku, harga, stok) VALUES ('SKU000014', 75473.05, 61);
INSERT IGNORE INTO ProdukVarianAtribut (id_produk, atribut_varian, sku, nilai) VALUES (9, 'STORAGE_INTERNAL', 'SKU000014', '1TB');
INSERT IGNORE INTO ProdukVarianAtribut (id_produk, atribut_varian, sku, nilai) VALUES (9, 'RESOLUSI_LAYAR', 'SKU000014', '4K');
INSERT IGNORE INTO VarianProduk (sku, harga, stok) VALUES ('SKU000015', 145753.14, 87);
INSERT IGNORE INTO ProdukVarianAtribut (id_produk, atribut_varian, sku, nilai) VALUES (9, 'RAM', 'SKU000015', '8GB');
INSERT IGNORE INTO ProdukVarianAtribut (id_produk, atribut_varian, sku, nilai) VALUES (9, 'JENIS_KAIN', 'SKU000015', 'Rayon');
INSERT IGNORE INTO VarianProduk (sku, harga, stok) VALUES ('SKU000016', 1626439.42, 30);
INSERT IGNORE INTO ProdukVarianAtribut (id_produk, atribut_varian, sku, nilai) VALUES (9, 'JENIS_KAIN', 'SKU000016', 'Satin');
INSERT IGNORE INTO ProdukVarianAtribut (id_produk, atribut_varian, sku, nilai) VALUES (9, 'MATERIAL', 'SKU000016', 'Stainless Steel 304');
INSERT IGNORE INTO Produk (id_produk, id_penjual, nama, deskripsi) VALUES (10, 43, 'Incubate Revolutionary Portals Edisi Terbatas', 'Magnam quia excepturi itaque. Sint doloribus illum at. Provident commodi magni beatae id quod. Necessitatibus debitis possimus eveniet odit.');
INSERT IGNORE INTO VarianProduk (sku, harga, stok) VALUES ('SKU000017', 292257.6, 43);
INSERT IGNORE INTO ProdukVarianAtribut (id_produk, atribut_varian, sku, nilai) VALUES (10, 'MATERIAL', 'SKU000017', 'Polyester Blend');
INSERT IGNORE INTO ProdukVarianAtribut (id_produk, atribut_varian, sku, nilai) VALUES (10, 'STORAGE_INTERNAL', 'SKU000017', '256GB');
INSERT IGNORE INTO VarianProduk (sku, harga, stok) VALUES ('SKU000018', 2245775.64, 112);
INSERT IGNORE INTO ProdukVarianAtribut (id_produk, atribut_varian, sku, nilai) VALUES (10, 'STORAGE_INTERNAL', 'SKU000018', '1TB');
INSERT IGNORE INTO ProdukVarianAtribut (id_produk, atribut_varian, sku, nilai) VALUES (10, 'RESOLUSI_LAYAR', 'SKU000018', '4K');
INSERT IGNORE INTO ProdukVarianAtribut (id_produk, atribut_varian, sku, nilai) VALUES (10, 'JENIS_KAIN', 'SKU000018', 'Rayon');
INSERT IGNORE INTO Produk (id_produk, id_penjual, nama, deskripsi) VALUES (11, 46, 'Optimize Vertical Relationships Serbaguna', 'Est porro quaerat. Quas perferendis reiciendis labore in nesciunt.');
INSERT IGNORE INTO VarianProduk (sku, harga, stok) VALUES ('SKU000019', 1857101.76, 8);
INSERT IGNORE INTO ProdukVarianAtribut (id_produk, atribut_varian, sku, nilai) VALUES (11, 'JENIS_KAIN', 'SKU000019', 'Denim');
INSERT IGNORE INTO ProdukVarianAtribut (id_produk, atribut_varian, sku, nilai) VALUES (11, 'RESOLUSI_LAYAR', 'SKU000019', '4K');
INSERT IGNORE INTO ProdukVarianAtribut (id_produk, atribut_varian, sku, nilai) VALUES (11, 'WARNA', 'SKU000019', 'Emas');
INSERT IGNORE INTO Produk (id_produk, id_penjual, nama, deskripsi) VALUES (12, 1, 'Drive Cross-Platform Vortals Edisi Terbatas', 'Error mollitia omnis totam voluptate. Voluptate cupiditate rem provident. Cupiditate dicta nulla maiores quo magnam.');
INSERT IGNORE INTO VarianProduk (sku, harga, stok) VALUES ('SKU000020', 295345.83, 17);
INSERT IGNORE INTO ProdukVarianAtribut (id_produk, atribut_varian, sku, nilai) VALUES (12, 'WARNA', 'SKU000020', 'Perak');
INSERT IGNORE INTO ProdukVarianAtribut (id_produk, atribut_varian, sku, nilai) VALUES (12, 'MATERIAL', 'SKU000020', 'Katun Combed 30s');
INSERT IGNORE INTO ProdukVarianAtribut (id_produk, atribut_varian, sku, nilai) VALUES (12, 'UKURAN', 'SKU000020', 'XXL');
INSERT IGNORE INTO VarianProduk (sku, harga, stok) VALUES ('SKU000021', 2025002.74, 137);
INSERT IGNORE INTO ProdukVarianAtribut (id_produk, atribut_varian, sku, nilai) VALUES (12, 'RAM', 'SKU000021', '12GB');
INSERT IGNORE INTO ProdukVarianAtribut (id_produk, atribut_varian, sku, nilai) VALUES (12, 'STORAGE_INTERNAL', 'SKU000021', '128GB');
INSERT IGNORE INTO Produk (id_produk, id_penjual, nama, deskripsi) VALUES (13, 14, 'Enhance Collaborative Models Modern', 'Consectetur aut impedit perspiciatis ex aut quisquam. Voluptatem earum aliquam rerum facere aspernatur nisi. Est deserunt molestiae excepturi voluptatum modi quo.');
INSERT IGNORE INTO VarianProduk (sku, harga, stok) VALUES ('SKU000022', 562440.1, 2);
INSERT IGNORE INTO ProdukVarianAtribut (id_produk, atribut_varian, sku, nilai) VALUES (13, 'STORAGE_INTERNAL', 'SKU000022', '512GB');
INSERT IGNORE INTO ProdukVarianAtribut (id_produk, atribut_varian, sku, nilai) VALUES (13, 'MATERIAL', 'SKU000022', 'Kanvas Tebal');
INSERT IGNORE INTO VarianProduk (sku, harga, stok) VALUES ('SKU000023', 2130697.06, 128);
INSERT IGNORE INTO ProdukVarianAtribut (id_produk, atribut_varian, sku, nilai) VALUES (13, 'RESOLUSI_LAYAR', 'SKU000023', 'QHD');
INSERT IGNORE INTO Produk (id_produk, id_penjual, nama, deskripsi) VALUES (14, 10, 'Enable Next-Generation Interfaces Serbaguna', 'Autem quasi porro dolorem voluptas odio omnis. Ad quam veniam corrupti minus sed deserunt velit.');
INSERT IGNORE INTO VarianProduk (sku, harga, stok) VALUES ('SKU000024', 1882868.83, 18);
INSERT IGNORE INTO ProdukVarianAtribut (id_produk, atribut_varian, sku, nilai) VALUES (14, 'RAM', 'SKU000024', '32GB');
INSERT IGNORE INTO VarianProduk (sku, harga, stok) VALUES ('SKU000025', 2322582.33, 106);
INSERT IGNORE INTO ProdukVarianAtribut (id_produk, atribut_varian, sku, nilai) VALUES (14, 'UKURAN', 'SKU000025', '38');
INSERT IGNORE INTO Produk (id_produk, id_penjual, nama, deskripsi) VALUES (15, 28, 'Engineer Proactive Synergies Modern', 'Porro perspiciatis voluptas. Quod autem dignissimos.');
INSERT IGNORE INTO VarianProduk (sku, harga, stok) VALUES ('SKU000026', 2912877.78, 24);
INSERT IGNORE INTO ProdukVarianAtribut (id_produk, atribut_varian, sku, nilai) VALUES (15, 'RESOLUSI_LAYAR', 'SKU000026', '4K');
INSERT IGNORE INTO ProdukVarianAtribut (id_produk, atribut_varian, sku, nilai) VALUES (15, 'JENIS_KAIN', 'SKU000026', 'Satin');
INSERT IGNORE INTO ProdukVarianAtribut (id_produk, atribut_varian, sku, nilai) VALUES (15, 'WARNA', 'SKU000026', 'Coklat');
INSERT IGNORE INTO VarianProduk (sku, harga, stok) VALUES ('SKU000027', 1016198.06, 95);
INSERT IGNORE INTO ProdukVarianAtribut (id_produk, atribut_varian, sku, nilai) VALUES (15, 'STORAGE_INTERNAL', 'SKU000027', '1TB');
INSERT IGNORE INTO ProdukVarianAtribut (id_produk, atribut_varian, sku, nilai) VALUES (15, 'JENIS_KAIN', 'SKU000027', 'Denim');
INSERT IGNORE INTO VarianProduk (sku, harga, stok) VALUES ('SKU000028', 2910159.76, 16);
INSERT IGNORE INTO ProdukVarianAtribut (id_produk, atribut_varian, sku, nilai) VALUES (15, 'MATERIAL', 'SKU000028', 'Kanvas Tebal');
INSERT IGNORE INTO ProdukVarianAtribut (id_produk, atribut_varian, sku, nilai) VALUES (15, 'WARNA', 'SKU000028', 'Jingga');
INSERT IGNORE INTO Produk (id_produk, id_penjual, nama, deskripsi) VALUES (16, 25, 'Engage Clicks-And-Mortar Partnerships Premium', 'Non rerum maxime sed et. Voluptatum sapiente mollitia repellendus facilis illum eum.');
INSERT IGNORE INTO VarianProduk (sku, harga, stok) VALUES ('SKU000029', 2929202.04, 106);
INSERT IGNORE INTO ProdukVarianAtribut (id_produk, atribut_varian, sku, nilai) VALUES (16, 'RESOLUSI_LAYAR', 'SKU000029', 'FHD');
INSERT IGNORE INTO ProdukVarianAtribut (id_produk, atribut_varian, sku, nilai) VALUES (16, 'MATERIAL', 'SKU000029', 'Kanvas Tebal');
INSERT IGNORE INTO VarianProduk (sku, harga, stok) VALUES ('SKU000030', 1696267.13, 132);
INSERT IGNORE INTO ProdukVarianAtribut (id_produk, atribut_varian, sku, nilai) VALUES (16, 'UKURAN', 'SKU000030', '39');
INSERT IGNORE INTO ProdukVarianAtribut (id_produk, atribut_varian, sku, nilai) VALUES (16, 'WARNA', 'SKU000030', 'Hijau muda');
INSERT IGNORE INTO VarianProduk (sku, harga, stok) VALUES ('SKU000031', 168878.2, 4);
INSERT IGNORE INTO ProdukVarianAtribut (id_produk, atribut_varian, sku, nilai) VALUES (16, 'JENIS_KAIN', 'SKU000031', 'Satin');
INSERT IGNORE INTO ProdukVarianAtribut (id_produk, atribut_varian, sku, nilai) VALUES (16, 'MATERIAL', 'SKU000031', 'Kulit Sintetis PU');
INSERT IGNORE INTO Produk (id_produk, id_penjual, nama, deskripsi) VALUES (17, 28, 'Cultivate Global Channels Edisi Terbatas', 'Quibusdam facere quidem molestias minus quisquam tempora. Error illum quas.');
INSERT IGNORE INTO VarianProduk (sku, harga, stok) VALUES ('SKU000032', 2196646.1, 64);
INSERT IGNORE INTO ProdukVarianAtribut (id_produk, atribut_varian, sku, nilai) VALUES (17, 'MATERIAL', 'SKU000032', 'Katun Combed 30s');
INSERT IGNORE INTO VarianProduk (sku, harga, stok) VALUES ('SKU000033', 722988.04, 96);
INSERT IGNORE INTO ProdukVarianAtribut (id_produk, atribut_varian, sku, nilai) VALUES (17, 'RESOLUSI_LAYAR', 'SKU000033', 'HD');
INSERT IGNORE INTO VarianProduk (sku, harga, stok) VALUES ('SKU000034', 1600599.36, 72);
INSERT IGNORE INTO ProdukVarianAtribut (id_produk, atribut_varian, sku, nilai) VALUES (17, 'JENIS_KAIN', 'SKU000034', 'Rayon');
INSERT IGNORE INTO Produk (id_produk, id_penjual, nama, deskripsi) VALUES (18, 12, 'Re-Intermediate Mission-Critical Initiatives Edisi Terbatas', 'Cum quae expedita accusantium quod asperiores similique. Ipsam ullam magnam provident laboriosam.');
INSERT IGNORE INTO VarianProduk (sku, harga, stok) VALUES ('SKU000035', 2553338.08, 90);
INSERT IGNORE INTO ProdukVarianAtribut (id_produk, atribut_varian, sku, nilai) VALUES (18, 'STORAGE_INTERNAL', 'SKU000035', '512GB');
INSERT IGNORE INTO ProdukVarianAtribut (id_produk, atribut_varian, sku, nilai) VALUES (18, 'WARNA', 'SKU000035', 'Merah');
INSERT IGNORE INTO Produk (id_produk, id_penjual, nama, deskripsi) VALUES (19, 28, 'Strategize Intuitive Deliverables Modern', 'Laborum id incidunt tempora. Unde commodi voluptas eius. Dolor corporis nostrum illum nemo.');
INSERT IGNORE INTO VarianProduk (sku, harga, stok) VALUES ('SKU000036', 1441230.87, 116);
INSERT IGNORE INTO ProdukVarianAtribut (id_produk, atribut_varian, sku, nilai) VALUES (19, 'JENIS_KAIN', 'SKU000036', 'Denim');
INSERT IGNORE INTO ProdukVarianAtribut (id_produk, atribut_varian, sku, nilai) VALUES (19, 'UKURAN', 'SKU000036', 'XXL');
INSERT IGNORE INTO Produk (id_produk, id_penjual, nama, deskripsi) VALUES (20, 47, 'Unleash Distributed Users Premium', 'Aperiam recusandae beatae dicta nobis. Recusandae excepturi quidem quaerat soluta.');
INSERT IGNORE INTO VarianProduk (sku, harga, stok) VALUES ('SKU000037', 2346631.11, 53);
INSERT IGNORE INTO ProdukVarianAtribut (id_produk, atribut_varian, sku, nilai) VALUES (20, 'UKURAN', 'SKU000037', 'L');
INSERT IGNORE INTO ProdukVarianAtribut (id_produk, atribut_varian, sku, nilai) VALUES (20, 'JENIS_KAIN', 'SKU000037', 'Rayon');
INSERT IGNORE INTO VarianProduk (sku, harga, stok) VALUES ('SKU000038', 2183323.67, 23);
INSERT IGNORE INTO ProdukVarianAtribut (id_produk, atribut_varian, sku, nilai) VALUES (20, 'JENIS_KAIN', 'SKU000038', 'Satin');
INSERT IGNORE INTO ProdukVarianAtribut (id_produk, atribut_varian, sku, nilai) VALUES (20, 'RESOLUSI_LAYAR', 'SKU000038', 'FHD');
INSERT IGNORE INTO VarianProduk (sku, harga, stok) VALUES ('SKU000039', 2626780.34, 98);
INSERT IGNORE INTO ProdukVarianAtribut (id_produk, atribut_varian, sku, nilai) VALUES (20, 'MATERIAL', 'SKU000039', 'Stainless Steel 304');
INSERT IGNORE INTO Produk (id_produk, id_penjual, nama, deskripsi) VALUES (21, 10, 'Benchmark Proactive Mindshare Serbaguna', 'Iusto facere maxime minima libero accusamus recusandae dolorum. Quae omnis nisi cupiditate est.');
INSERT IGNORE INTO VarianProduk (sku, harga, stok) VALUES ('SKU000040', 2107629.4, 44);
INSERT IGNORE INTO ProdukVarianAtribut (id_produk, atribut_varian, sku, nilai) VALUES (21, 'JENIS_KAIN', 'SKU000040', 'Flanel');
INSERT IGNORE INTO ProdukVarianAtribut (id_produk, atribut_varian, sku, nilai) VALUES (21, 'STORAGE_INTERNAL', 'SKU000040', '512GB');
INSERT IGNORE INTO VarianProduk (sku, harga, stok) VALUES ('SKU000041', 1977439.21, 27);
INSERT IGNORE INTO ProdukVarianAtribut (id_produk, atribut_varian, sku, nilai) VALUES (21, 'WARNA', 'SKU000041', 'Zaitun');
INSERT IGNORE INTO VarianProduk (sku, harga, stok) VALUES ('SKU000042', 2063081.64, 129);
INSERT IGNORE INTO ProdukVarianAtribut (id_produk, atribut_varian, sku, nilai) VALUES (21, 'STORAGE_INTERNAL', 'SKU000042', '1TB');
INSERT IGNORE INTO ProdukVarianAtribut (id_produk, atribut_varian, sku, nilai) VALUES (21, 'JENIS_KAIN', 'SKU000042', 'Satin');
INSERT IGNORE INTO ProdukVarianAtribut (id_produk, atribut_varian, sku, nilai) VALUES (21, 'WARNA', 'SKU000042', 'Biru');
INSERT IGNORE INTO Produk (id_produk, id_penjual, nama, deskripsi) VALUES (22, 8, 'Streamline Distributed E-Commerce Edisi Terbatas', 'Consequuntur adipisci praesentium aspernatur earum voluptatum beatae. Ullam laudantium et dicta veniam a voluptates. Distinctio placeat maxime nostrum adipisci. Enim hic earum. Dignissimos aspernatur reiciendis quaerat quia facilis debitis.');
INSERT IGNORE INTO VarianProduk (sku, harga, stok) VALUES ('SKU000043', 709864.23, 57);
INSERT IGNORE INTO ProdukVarianAtribut (id_produk, atribut_varian, sku, nilai) VALUES (22, 'UKURAN', 'SKU000043', '38');
INSERT IGNORE INTO VarianProduk (sku, harga, stok) VALUES ('SKU000044', 2890200.47, 22);
INSERT IGNORE INTO ProdukVarianAtribut (id_produk, atribut_varian, sku, nilai) VALUES (22, 'RAM', 'SKU000044', '32GB');
INSERT IGNORE INTO Produk (id_produk, id_penjual, nama, deskripsi) VALUES (23, 36, 'Innovate 24/7 Experiences Modern', 'Eaque numquam ad aspernatur officia quae. Quas dolorem magnam quis ex dicta.');
INSERT IGNORE INTO VarianProduk (sku, harga, stok) VALUES ('SKU000045', 2878438.5, 125);
INSERT IGNORE INTO ProdukVarianAtribut (id_produk, atribut_varian, sku, nilai) VALUES (23, 'RAM', 'SKU000045', '8GB');
INSERT IGNORE INTO ProdukVarianAtribut (id_produk, atribut_varian, sku, nilai) VALUES (23, 'RESOLUSI_LAYAR', 'SKU000045', 'HD');
INSERT IGNORE INTO Produk (id_produk, id_penjual, nama, deskripsi) VALUES (24, 26, 'Expedite Transparent Metrics Edisi Terbatas', 'Cumque totam ea sequi quam quis. Sed blanditiis esse non. Odio veniam facilis enim culpa voluptatibus. Est ipsum corrupti eveniet culpa.');
INSERT IGNORE INTO VarianProduk (sku, harga, stok) VALUES ('SKU000046', 118933.5, 66);
INSERT IGNORE INTO ProdukVarianAtribut (id_produk, atribut_varian, sku, nilai) VALUES (24, 'MATERIAL', 'SKU000046', 'Stainless Steel 304');
INSERT IGNORE INTO ProdukVarianAtribut (id_produk, atribut_varian, sku, nilai) VALUES (24, 'UKURAN', 'SKU000046', '42');
INSERT IGNORE INTO ProdukVarianAtribut (id_produk, atribut_varian, sku, nilai) VALUES (24, 'JENIS_KAIN', 'SKU000046', 'Flanel');
INSERT IGNORE INTO Produk (id_produk, id_penjual, nama, deskripsi) VALUES (25, 7, 'Visualize User-Centric E-Services Modern', 'Nostrum laudantium in unde deserunt inventore.');
INSERT IGNORE INTO VarianProduk (sku, harga, stok) VALUES ('SKU000047', 2596733.11, 119);
INSERT IGNORE INTO ProdukVarianAtribut (id_produk, atribut_varian, sku, nilai) VALUES (25, 'STORAGE_INTERNAL', 'SKU000047', '256GB');
INSERT IGNORE INTO ProdukVarianAtribut (id_produk, atribut_varian, sku, nilai) VALUES (25, 'JENIS_KAIN', 'SKU000047', 'Satin');
INSERT IGNORE INTO VarianProduk (sku, harga, stok) VALUES ('SKU000048', 262268.86, 95);
INSERT IGNORE INTO ProdukVarianAtribut (id_produk, atribut_varian, sku, nilai) VALUES (25, 'STORAGE_INTERNAL', 'SKU000048', '128GB');
INSERT IGNORE INTO ProdukVarianAtribut (id_produk, atribut_varian, sku, nilai) VALUES (25, 'RAM', 'SKU000048', '16GB');
INSERT IGNORE INTO VarianProduk (sku, harga, stok) VALUES ('SKU000049', 1707203.17, 149);
INSERT IGNORE INTO ProdukVarianAtribut (id_produk, atribut_varian, sku, nilai) VALUES (25, 'RAM', 'SKU000049', '32GB');
INSERT IGNORE INTO ProdukVarianAtribut (id_produk, atribut_varian, sku, nilai) VALUES (25, 'WARNA', 'SKU000049', 'Kuning');
INSERT IGNORE INTO ProdukVarianAtribut (id_produk, atribut_varian, sku, nilai) VALUES (25, 'JENIS_KAIN', 'SKU000049', 'Satin');
INSERT IGNORE INTO Produk (id_produk, id_penjual, nama, deskripsi) VALUES (26, 7, 'Synthesize One-To-One Initiatives Premium', 'Iste repudiandae velit iure. Atque dignissimos blanditiis incidunt perspiciatis aliquam. Nulla velit distinctio maxime. Dolorum quod atque dolores quasi facilis.');
INSERT IGNORE INTO VarianProduk (sku, harga, stok) VALUES ('SKU000050', 2891847.69, 125);
INSERT IGNORE INTO ProdukVarianAtribut (id_produk, atribut_varian, sku, nilai) VALUES (26, 'JENIS_KAIN', 'SKU000050', 'Satin');
INSERT IGNORE INTO ProdukVarianAtribut (id_produk, atribut_varian, sku, nilai) VALUES (26, 'RAM', 'SKU000050', '12GB');
INSERT IGNORE INTO ProdukVarianAtribut (id_produk, atribut_varian, sku, nilai) VALUES (26, 'STORAGE_INTERNAL', 'SKU000050', '128GB');
INSERT IGNORE INTO Produk (id_produk, id_penjual, nama, deskripsi) VALUES (27, 8, 'Synergize Sticky E-Services Premium', 'Hic saepe vitae blanditiis illum nihil iusto laboriosam. Consectetur labore dolorum repellat. Suscipit impedit nemo sit. Tenetur perferendis nam et eveniet officiis.');
INSERT IGNORE INTO VarianProduk (sku, harga, stok) VALUES ('SKU000051', 467846.73, 142);
INSERT IGNORE INTO ProdukVarianAtribut (id_produk, atribut_varian, sku, nilai) VALUES (27, 'STORAGE_INTERNAL', 'SKU000051', '64GB');
INSERT IGNORE INTO ProdukVarianAtribut (id_produk, atribut_varian, sku, nilai) VALUES (27, 'RAM', 'SKU000051', '16GB');
INSERT IGNORE INTO VarianProduk (sku, harga, stok) VALUES ('SKU000052', 2066670.37, 124);
INSERT IGNORE INTO ProdukVarianAtribut (id_produk, atribut_varian, sku, nilai) VALUES (27, 'MATERIAL', 'SKU000052', 'Kulit Sintetis PU');
INSERT IGNORE INTO VarianProduk (sku, harga, stok) VALUES ('SKU000053', 1139874.17, 28);
INSERT IGNORE INTO ProdukVarianAtribut (id_produk, atribut_varian, sku, nilai) VALUES (27, 'UKURAN', 'SKU000053', 'S');
INSERT IGNORE INTO ProdukVarianAtribut (id_produk, atribut_varian, sku, nilai) VALUES (27, 'RAM', 'SKU000053', '8GB');
INSERT IGNORE INTO ProdukVarianAtribut (id_produk, atribut_varian, sku, nilai) VALUES (27, 'RESOLUSI_LAYAR', 'SKU000053', 'QHD');
INSERT IGNORE INTO Produk (id_produk, id_penjual, nama, deskripsi) VALUES (28, 48, 'Innovate User-Centric Infrastructures Serbaguna', 'Neque dolorem non nisi accusamus modi eum. Impedit a itaque culpa quod.');
INSERT IGNORE INTO VarianProduk (sku, harga, stok) VALUES ('SKU000054', 1404276.0, 87);
INSERT IGNORE INTO ProdukVarianAtribut (id_produk, atribut_varian, sku, nilai) VALUES (28, 'UKURAN', 'SKU000054', 'S');
INSERT IGNORE INTO ProdukVarianAtribut (id_produk, atribut_varian, sku, nilai) VALUES (28, 'MATERIAL', 'SKU000054', 'Polyester Blend');
INSERT IGNORE INTO VarianProduk (sku, harga, stok) VALUES ('SKU000055', 507991.25, 83);
INSERT IGNORE INTO ProdukVarianAtribut (id_produk, atribut_varian, sku, nilai) VALUES (28, 'JENIS_KAIN', 'SKU000055', 'Flanel');
INSERT IGNORE INTO ProdukVarianAtribut (id_produk, atribut_varian, sku, nilai) VALUES (28, 'MATERIAL', 'SKU000055', 'Kulit Sintetis PU');
INSERT IGNORE INTO ProdukVarianAtribut (id_produk, atribut_varian, sku, nilai) VALUES (28, 'STORAGE_INTERNAL', 'SKU000055', '64GB');
INSERT IGNORE INTO Produk (id_produk, id_penjual, nama, deskripsi) VALUES (29, 49, 'Cultivate User-Centric Schemas Serbaguna', 'Doloremque ipsa dicta soluta. Sunt veniam architecto aliquid aperiam.');
INSERT IGNORE INTO VarianProduk (sku, harga, stok) VALUES ('SKU000056', 2271855.98, 28);
INSERT IGNORE INTO ProdukVarianAtribut (id_produk, atribut_varian, sku, nilai) VALUES (29, 'JENIS_KAIN', 'SKU000056', 'Rayon');
INSERT IGNORE INTO ProdukVarianAtribut (id_produk, atribut_varian, sku, nilai) VALUES (29, 'STORAGE_INTERNAL', 'SKU000056', '128GB');
INSERT IGNORE INTO VarianProduk (sku, harga, stok) VALUES ('SKU000057', 391718.48, 43);
INSERT IGNORE INTO ProdukVarianAtribut (id_produk, atribut_varian, sku, nilai) VALUES (29, 'STORAGE_INTERNAL', 'SKU000057', '128GB');
INSERT IGNORE INTO ProdukVarianAtribut (id_produk, atribut_varian, sku, nilai) VALUES (29, 'UKURAN', 'SKU000057', '41');
INSERT IGNORE INTO VarianProduk (sku, harga, stok) VALUES ('SKU000058', 749395.43, 75);
INSERT IGNORE INTO ProdukVarianAtribut (id_produk, atribut_varian, sku, nilai) VALUES (29, 'MATERIAL', 'SKU000058', 'Polyester Blend');
INSERT IGNORE INTO Produk (id_produk, id_penjual, nama, deskripsi) VALUES (30, 32, 'Transform Bricks-And-Clicks Functionalities Serbaguna', 'Assumenda natus harum ab tempora deserunt. Quasi occaecati quibusdam necessitatibus. Nihil temporibus dignissimos.');
INSERT IGNORE INTO VarianProduk (sku, harga, stok) VALUES ('SKU000059', 409529.95, 116);
INSERT IGNORE INTO ProdukVarianAtribut (id_produk, atribut_varian, sku, nilai) VALUES (30, 'WARNA', 'SKU000059', 'Hitam');
INSERT IGNORE INTO Produk (id_produk, id_penjual, nama, deskripsi) VALUES (31, 13, 'Seize Granular Channels Serbaguna', 'Doloribus occaecati aperiam tempora. Adipisci minima asperiores minima possimus amet.');
INSERT IGNORE INTO VarianProduk (sku, harga, stok) VALUES ('SKU000060', 2150633.36, 94);
INSERT IGNORE INTO ProdukVarianAtribut (id_produk, atribut_varian, sku, nilai) VALUES (31, 'RESOLUSI_LAYAR', 'SKU000060', '4K');
INSERT IGNORE INTO ProdukVarianAtribut (id_produk, atribut_varian, sku, nilai) VALUES (31, 'UKURAN', 'SKU000060', '39');
INSERT IGNORE INTO ProdukVarianAtribut (id_produk, atribut_varian, sku, nilai) VALUES (31, 'RAM', 'SKU000060', '16GB');
INSERT IGNORE INTO VarianProduk (sku, harga, stok) VALUES ('SKU000061', 1689527.84, 1);
INSERT IGNORE INTO ProdukVarianAtribut (id_produk, atribut_varian, sku, nilai) VALUES (31, 'UKURAN', 'SKU000061', 'L');
INSERT IGNORE INTO Produk (id_produk, id_penjual, nama, deskripsi) VALUES (32, 12, 'Visualize Compelling Vortals Premium', 'Asperiores tempora quas.');
INSERT IGNORE INTO VarianProduk (sku, harga, stok) VALUES ('SKU000062', 1809606.77, 72);
INSERT IGNORE INTO ProdukVarianAtribut (id_produk, atribut_varian, sku, nilai) VALUES (32, 'RAM', 'SKU000062', '16GB');
INSERT IGNORE INTO Produk (id_produk, id_penjual, nama, deskripsi) VALUES (33, 33, 'Grow Value-Added Deliverables Modern', 'Aperiam molestiae non. Aut consectetur libero.');
INSERT IGNORE INTO VarianProduk (sku, harga, stok) VALUES ('SKU000063', 1330574.46, 129);
INSERT IGNORE INTO ProdukVarianAtribut (id_produk, atribut_varian, sku, nilai) VALUES (33, 'STORAGE_INTERNAL', 'SKU000063', '64GB');
INSERT IGNORE INTO ProdukVarianAtribut (id_produk, atribut_varian, sku, nilai) VALUES (33, 'RESOLUSI_LAYAR', 'SKU000063', 'FHD');
INSERT IGNORE INTO VarianProduk (sku, harga, stok) VALUES ('SKU000064', 2556433.09, 27);
INSERT IGNORE INTO ProdukVarianAtribut (id_produk, atribut_varian, sku, nilai) VALUES (33, 'UKURAN', 'SKU000064', 'L');
INSERT IGNORE INTO Produk (id_produk, id_penjual, nama, deskripsi) VALUES (34, 29, 'Leverage Enterprise Mindshare Modern', 'Quia porro corrupti incidunt quaerat sint alias. Iusto rem aliquid mollitia inventore nulla autem. Dolor tenetur odit maiores neque nulla. Velit maiores impedit commodi maiores molestias.');
INSERT IGNORE INTO VarianProduk (sku, harga, stok) VALUES ('SKU000065', 2418847.32, 104);
INSERT IGNORE INTO ProdukVarianAtribut (id_produk, atribut_varian, sku, nilai) VALUES (34, 'RAM', 'SKU000065', '32GB');
INSERT IGNORE INTO VarianProduk (sku, harga, stok) VALUES ('SKU000066', 34693.77, 50);
INSERT IGNORE INTO ProdukVarianAtribut (id_produk, atribut_varian, sku, nilai) VALUES (34, 'STORAGE_INTERNAL', 'SKU000066', '128GB');
INSERT IGNORE INTO ProdukVarianAtribut (id_produk, atribut_varian, sku, nilai) VALUES (34, 'RESOLUSI_LAYAR', 'SKU000066', '4K');
INSERT IGNORE INTO VarianProduk (sku, harga, stok) VALUES ('SKU000067', 1648456.58, 2);
INSERT IGNORE INTO ProdukVarianAtribut (id_produk, atribut_varian, sku, nilai) VALUES (34, 'STORAGE_INTERNAL', 'SKU000067', '512GB');
INSERT IGNORE INTO ProdukVarianAtribut (id_produk, atribut_varian, sku, nilai) VALUES (34, 'RAM', 'SKU000067', '8GB');
INSERT IGNORE INTO Produk (id_produk, id_penjual, nama, deskripsi) VALUES (35, 24, 'Morph Sticky Relationships Serbaguna', 'Rem est excepturi. Rerum autem rerum optio. Vel laborum dolorem possimus modi.');
INSERT IGNORE INTO VarianProduk (sku, harga, stok) VALUES ('SKU000068', 1594014.15, 121);
INSERT IGNORE INTO ProdukVarianAtribut (id_produk, atribut_varian, sku, nilai) VALUES (35, 'RESOLUSI_LAYAR', 'SKU000068', '4K');
INSERT IGNORE INTO ProdukVarianAtribut (id_produk, atribut_varian, sku, nilai) VALUES (35, 'JENIS_KAIN', 'SKU000068', 'Satin');
INSERT IGNORE INTO ProdukVarianAtribut (id_produk, atribut_varian, sku, nilai) VALUES (35, 'STORAGE_INTERNAL', 'SKU000068', '1TB');
INSERT IGNORE INTO Produk (id_produk, id_penjual, nama, deskripsi) VALUES (36, 5, 'Incentivize Visionary Vortals Serbaguna', 'Numquam magni itaque nesciunt autem nihil. Dolorem voluptatem aspernatur incidunt in atque.');
INSERT IGNORE INTO VarianProduk (sku, harga, stok) VALUES ('SKU000069', 2258208.47, 88);
INSERT IGNORE INTO ProdukVarianAtribut (id_produk, atribut_varian, sku, nilai) VALUES (36, 'WARNA', 'SKU000069', 'Koral');
INSERT IGNORE INTO ProdukVarianAtribut (id_produk, atribut_varian, sku, nilai) VALUES (36, 'UKURAN', 'SKU000069', '41');
INSERT IGNORE INTO VarianProduk (sku, harga, stok) VALUES ('SKU000070', 602746.67, 44);
INSERT IGNORE INTO ProdukVarianAtribut (id_produk, atribut_varian, sku, nilai) VALUES (36, 'RESOLUSI_LAYAR', 'SKU000070', 'HD');
INSERT IGNORE INTO ProdukVarianAtribut (id_produk, atribut_varian, sku, nilai) VALUES (36, 'STORAGE_INTERNAL', 'SKU000070', '512GB');
INSERT IGNORE INTO Produk (id_produk, id_penjual, nama, deskripsi) VALUES (37, 20, 'E-Enable Virtual Models Premium', 'Velit reiciendis nam hic beatae.');
INSERT IGNORE INTO VarianProduk (sku, harga, stok) VALUES ('SKU000071', 1259842.14, 18);
INSERT IGNORE INTO ProdukVarianAtribut (id_produk, atribut_varian, sku, nilai) VALUES (37, 'RAM', 'SKU000071', '8GB');
INSERT IGNORE INTO Produk (id_produk, id_penjual, nama, deskripsi) VALUES (38, 29, 'Strategize Mission-Critical Solutions Premium', 'Molestiae esse magni dolorem cum. Fuga accusamus doloremque nam dolor eligendi. Minima rem incidunt iure.');
INSERT IGNORE INTO VarianProduk (sku, harga, stok) VALUES ('SKU000072', 1687722.28, 51);
INSERT IGNORE INTO ProdukVarianAtribut (id_produk, atribut_varian, sku, nilai) VALUES (38, 'RAM', 'SKU000072', '4GB');
INSERT IGNORE INTO ProdukVarianAtribut (id_produk, atribut_varian, sku, nilai) VALUES (38, 'RESOLUSI_LAYAR', 'SKU000072', 'HD');
INSERT IGNORE INTO VarianProduk (sku, harga, stok) VALUES ('SKU000073', 803477.38, 116);
INSERT IGNORE INTO ProdukVarianAtribut (id_produk, atribut_varian, sku, nilai) VALUES (38, 'WARNA', 'SKU000073', 'Coklat tua');
INSERT IGNORE INTO ProdukVarianAtribut (id_produk, atribut_varian, sku, nilai) VALUES (38, 'JENIS_KAIN', 'SKU000073', 'Satin');
INSERT IGNORE INTO ProdukVarianAtribut (id_produk, atribut_varian, sku, nilai) VALUES (38, 'RESOLUSI_LAYAR', 'SKU000073', 'QHD');
INSERT IGNORE INTO VarianProduk (sku, harga, stok) VALUES ('SKU000074', 2245885.87, 8);
INSERT IGNORE INTO ProdukVarianAtribut (id_produk, atribut_varian, sku, nilai) VALUES (38, 'RAM', 'SKU000074', '8GB');
INSERT IGNORE INTO Produk (id_produk, id_penjual, nama, deskripsi) VALUES (39, 1, 'Strategize Killer E-Commerce Premium', 'Facilis commodi neque in blanditiis vel. Eveniet a deserunt libero architecto ad neque.');
INSERT IGNORE INTO VarianProduk (sku, harga, stok) VALUES ('SKU000075', 721115.59, 145);
INSERT IGNORE INTO ProdukVarianAtribut (id_produk, atribut_varian, sku, nilai) VALUES (39, 'JENIS_KAIN', 'SKU000075', 'Flanel');
INSERT IGNORE INTO ProdukVarianAtribut (id_produk, atribut_varian, sku, nilai) VALUES (39, 'RAM', 'SKU000075', '4GB');
INSERT IGNORE INTO ProdukVarianAtribut (id_produk, atribut_varian, sku, nilai) VALUES (39, 'MATERIAL', 'SKU000075', 'Plastik ABS Food Grade');
INSERT IGNORE INTO VarianProduk (sku, harga, stok) VALUES ('SKU000076', 1222526.62, 150);
INSERT IGNORE INTO ProdukVarianAtribut (id_produk, atribut_varian, sku, nilai) VALUES (39, 'UKURAN', 'SKU000076', 'All Size');
INSERT IGNORE INTO ProdukVarianAtribut (id_produk, atribut_varian, sku, nilai) VALUES (39, 'RAM', 'SKU000076', '4GB');
INSERT IGNORE INTO Produk (id_produk, id_penjual, nama, deskripsi) VALUES (40, 20, 'Enable Magnetic Channels Premium', 'Corrupti dolore perspiciatis distinctio. Veritatis voluptatibus amet aspernatur accusantium.');
INSERT IGNORE INTO VarianProduk (sku, harga, stok) VALUES ('SKU000077', 919134.11, 44);
INSERT IGNORE INTO ProdukVarianAtribut (id_produk, atribut_varian, sku, nilai) VALUES (40, 'RAM', 'SKU000077', '32GB');
INSERT IGNORE INTO ProdukVarianAtribut (id_produk, atribut_varian, sku, nilai) VALUES (40, 'RESOLUSI_LAYAR', 'SKU000077', '4K');
INSERT IGNORE INTO Produk (id_produk, id_penjual, nama, deskripsi) VALUES (41, 40, 'Revolutionize Out-Of-The-Box Portals Premium', 'Voluptas minima iste non.');
INSERT IGNORE INTO VarianProduk (sku, harga, stok) VALUES ('SKU000078', 337493.87, 39);
INSERT IGNORE INTO ProdukVarianAtribut (id_produk, atribut_varian, sku, nilai) VALUES (41, 'RESOLUSI_LAYAR', 'SKU000078', '4K');
INSERT IGNORE INTO VarianProduk (sku, harga, stok) VALUES ('SKU000079', 1140208.18, 4);
INSERT IGNORE INTO ProdukVarianAtribut (id_produk, atribut_varian, sku, nilai) VALUES (41, 'MATERIAL', 'SKU000079', 'Kanvas Tebal');
INSERT IGNORE INTO ProdukVarianAtribut (id_produk, atribut_varian, sku, nilai) VALUES (41, 'WARNA', 'SKU000079', 'Magenta');
INSERT IGNORE INTO Produk (id_produk, id_penjual, nama, deskripsi) VALUES (42, 31, 'Revolutionize Virtual Applications Edisi Terbatas', 'Velit sed fugit tempore alias illo veniam harum. Nemo nihil inventore sapiente error. Rerum eos nisi nisi illo saepe earum. Sequi culpa eligendi soluta repellat minus. Quam velit voluptate impedit.');
INSERT IGNORE INTO VarianProduk (sku, harga, stok) VALUES ('SKU000080', 1063179.05, 67);
INSERT IGNORE INTO ProdukVarianAtribut (id_produk, atribut_varian, sku, nilai) VALUES (42, 'JENIS_KAIN', 'SKU000080', 'Flanel');
INSERT IGNORE INTO ProdukVarianAtribut (id_produk, atribut_varian, sku, nilai) VALUES (42, 'STORAGE_INTERNAL', 'SKU000080', '1TB');
INSERT IGNORE INTO ProdukVarianAtribut (id_produk, atribut_varian, sku, nilai) VALUES (42, 'WARNA', 'SKU000080', 'Emas');
INSERT IGNORE INTO Produk (id_produk, id_penjual, nama, deskripsi) VALUES (43, 22, 'Strategize Impactful Initiatives Modern', 'Totam cumque tempora maxime fuga error nihil. Accusamus illum architecto quidem earum fugit dolore labore. Dolorum architecto quaerat repellat fugiat fuga.');
INSERT IGNORE INTO VarianProduk (sku, harga, stok) VALUES ('SKU000081', 2576786.91, 77);
INSERT IGNORE INTO ProdukVarianAtribut (id_produk, atribut_varian, sku, nilai) VALUES (43, 'RESOLUSI_LAYAR', 'SKU000081', '4K');
INSERT IGNORE INTO ProdukVarianAtribut (id_produk, atribut_varian, sku, nilai) VALUES (43, 'WARNA', 'SKU000081', 'Biru dongker');
INSERT IGNORE INTO VarianProduk (sku, harga, stok) VALUES ('SKU000082', 1953203.02, 78);
INSERT IGNORE INTO ProdukVarianAtribut (id_produk, atribut_varian, sku, nilai) VALUES (43, 'JENIS_KAIN', 'SKU000082', 'Denim');
INSERT IGNORE INTO Produk (id_produk, id_penjual, nama, deskripsi) VALUES (44, 25, 'Orchestrate B2C Networks Modern', 'Commodi blanditiis corporis. Dicta explicabo odio quae aliquam. Laborum maxime dolores dignissimos excepturi ipsum quia. Officia fuga doloribus voluptatibus adipisci id. Cum cupiditate quasi minus.');
INSERT IGNORE INTO VarianProduk (sku, harga, stok) VALUES ('SKU000083', 451517.92, 43);
INSERT IGNORE INTO ProdukVarianAtribut (id_produk, atribut_varian, sku, nilai) VALUES (44, 'RESOLUSI_LAYAR', 'SKU000083', '4K');
INSERT IGNORE INTO ProdukVarianAtribut (id_produk, atribut_varian, sku, nilai) VALUES (44, 'JENIS_KAIN', 'SKU000083', 'Flanel');
INSERT IGNORE INTO ProdukVarianAtribut (id_produk, atribut_varian, sku, nilai) VALUES (44, 'WARNA', 'SKU000083', 'Kuning');
INSERT IGNORE INTO VarianProduk (sku, harga, stok) VALUES ('SKU000084', 624549.2, 80);
INSERT IGNORE INTO ProdukVarianAtribut (id_produk, atribut_varian, sku, nilai) VALUES (44, 'RESOLUSI_LAYAR', 'SKU000084', '4K');
INSERT IGNORE INTO ProdukVarianAtribut (id_produk, atribut_varian, sku, nilai) VALUES (44, 'WARNA', 'SKU000084', 'Koral');
INSERT IGNORE INTO ProdukVarianAtribut (id_produk, atribut_varian, sku, nilai) VALUES (44, 'RAM', 'SKU000084', '4GB');
INSERT IGNORE INTO Produk (id_produk, id_penjual, nama, deskripsi) VALUES (45, 24, 'Engineer Innovative Systems Serbaguna', 'Non est quod voluptas minima enim mollitia tempora. Delectus odio error incidunt.');
INSERT IGNORE INTO VarianProduk (sku, harga, stok) VALUES ('SKU000085', 1203398.66, 85);
INSERT IGNORE INTO ProdukVarianAtribut (id_produk, atribut_varian, sku, nilai) VALUES (45, 'JENIS_KAIN', 'SKU000085', 'Satin');
INSERT IGNORE INTO Produk (id_produk, id_penjual, nama, deskripsi) VALUES (46, 18, 'Transition Enterprise Platforms Serbaguna', 'Incidunt possimus vero porro. Ut ipsum quae corporis eius doloremque. Iure accusantium magnam repudiandae.');
INSERT IGNORE INTO VarianProduk (sku, harga, stok) VALUES ('SKU000086', 118692.85, 7);
INSERT IGNORE INTO ProdukVarianAtribut (id_produk, atribut_varian, sku, nilai) VALUES (46, 'RAM', 'SKU000086', '12GB');
INSERT IGNORE INTO ProdukVarianAtribut (id_produk, atribut_varian, sku, nilai) VALUES (46, 'UKURAN', 'SKU000086', 'L');
INSERT IGNORE INTO ProdukVarianAtribut (id_produk, atribut_varian, sku, nilai) VALUES (46, 'STORAGE_INTERNAL', 'SKU000086', '64GB');
INSERT IGNORE INTO VarianProduk (sku, harga, stok) VALUES ('SKU000087', 1980250.73, 28);
INSERT IGNORE INTO ProdukVarianAtribut (id_produk, atribut_varian, sku, nilai) VALUES (46, 'WARNA', 'SKU000087', 'Hijau tua');
INSERT IGNORE INTO Produk (id_produk, id_penjual, nama, deskripsi) VALUES (47, 14, 'Syndicate Open-Source Bandwidth Premium', 'Numquam ipsam quos provident alias tempore. Et molestiae quo voluptas accusamus ut non.');
INSERT IGNORE INTO VarianProduk (sku, harga, stok) VALUES ('SKU000088', 2135763.62, 94);
INSERT IGNORE INTO ProdukVarianAtribut (id_produk, atribut_varian, sku, nilai) VALUES (47, 'RESOLUSI_LAYAR', 'SKU000088', 'QHD');
INSERT IGNORE INTO VarianProduk (sku, harga, stok) VALUES ('SKU000089', 1684289.25, 44);
INSERT IGNORE INTO ProdukVarianAtribut (id_produk, atribut_varian, sku, nilai) VALUES (47, 'WARNA', 'SKU000089', 'Koral');
INSERT IGNORE INTO ProdukVarianAtribut (id_produk, atribut_varian, sku, nilai) VALUES (47, 'MATERIAL', 'SKU000089', 'Plastik ABS Food Grade');
INSERT IGNORE INTO VarianProduk (sku, harga, stok) VALUES ('SKU000090', 1194467.12, 131);
INSERT IGNORE INTO ProdukVarianAtribut (id_produk, atribut_varian, sku, nilai) VALUES (47, 'WARNA', 'SKU000090', 'Abu-abu');
INSERT IGNORE INTO Produk (id_produk, id_penjual, nama, deskripsi) VALUES (48, 50, 'Seize Killer Deliverables Premium', 'Vitae blanditiis corrupti iusto. Rem ducimus quos magnam.');
INSERT IGNORE INTO VarianProduk (sku, harga, stok) VALUES ('SKU000091', 519046.19, 111);
INSERT IGNORE INTO ProdukVarianAtribut (id_produk, atribut_varian, sku, nilai) VALUES (48, 'RESOLUSI_LAYAR', 'SKU000091', 'QHD');
INSERT IGNORE INTO ProdukVarianAtribut (id_produk, atribut_varian, sku, nilai) VALUES (48, 'UKURAN', 'SKU000091', 'L');
INSERT IGNORE INTO Produk (id_produk, id_penjual, nama, deskripsi) VALUES (49, 24, 'Reinvent Rich E-Markets Modern', 'Odio optio voluptatem distinctio delectus possimus. Omnis cupiditate ex quia libero. Officia ipsam repellat sit cupiditate. Accusamus repellat soluta neque enim voluptate quod. Provident enim saepe ratione distinctio temporibus.');
INSERT IGNORE INTO VarianProduk (sku, harga, stok) VALUES ('SKU000092', 182197.56, 75);
INSERT IGNORE INTO ProdukVarianAtribut (id_produk, atribut_varian, sku, nilai) VALUES (49, 'STORAGE_INTERNAL', 'SKU000092', '1TB');
INSERT IGNORE INTO ProdukVarianAtribut (id_produk, atribut_varian, sku, nilai) VALUES (49, 'MATERIAL', 'SKU000092', 'Polyester Blend');
INSERT IGNORE INTO Produk (id_produk, id_penjual, nama, deskripsi) VALUES (50, 30, 'Deliver Rich Technologies Serbaguna', 'Sint similique nulla velit excepturi earum itaque ratione. Temporibus minima a aliquam sequi. Fuga nostrum laboriosam nemo doloribus unde ab tenetur.');
INSERT IGNORE INTO VarianProduk (sku, harga, stok) VALUES ('SKU000093', 900605.59, 51);
INSERT IGNORE INTO ProdukVarianAtribut (id_produk, atribut_varian, sku, nilai) VALUES (50, 'UKURAN', 'SKU000093', 'M');
INSERT IGNORE INTO Produk (id_produk, id_penjual, nama, deskripsi) VALUES (51, 2, 'Grow Proactive Paradigms Edisi Terbatas', 'Cupiditate quaerat praesentium suscipit nesciunt. Placeat esse vitae reiciendis neque recusandae at. In omnis ad odio veniam quaerat totam. Suscipit provident fuga ipsum non quidem. Dolorem tempore facere nisi adipisci incidunt aperiam.');
INSERT IGNORE INTO VarianProduk (sku, harga, stok) VALUES ('SKU000094', 501627.41, 103);
INSERT IGNORE INTO ProdukVarianAtribut (id_produk, atribut_varian, sku, nilai) VALUES (51, 'STORAGE_INTERNAL', 'SKU000094', '64GB');
INSERT IGNORE INTO ProdukVarianAtribut (id_produk, atribut_varian, sku, nilai) VALUES (51, 'WARNA', 'SKU000094', 'Ungu');
INSERT IGNORE INTO ProdukVarianAtribut (id_produk, atribut_varian, sku, nilai) VALUES (51, 'JENIS_KAIN', 'SKU000094', 'Rayon');
INSERT IGNORE INTO VarianProduk (sku, harga, stok) VALUES ('SKU000095', 392422.86, 7);
INSERT IGNORE INTO ProdukVarianAtribut (id_produk, atribut_varian, sku, nilai) VALUES (51, 'STORAGE_INTERNAL', 'SKU000095', '256GB');
INSERT IGNORE INTO Produk (id_produk, id_penjual, nama, deskripsi) VALUES (52, 33, 'Scale Seamless E-Markets Modern', 'Possimus officiis nesciunt ullam reprehenderit molestiae. Libero aspernatur unde unde.');
INSERT IGNORE INTO VarianProduk (sku, harga, stok) VALUES ('SKU000096', 2171730.54, 103);
INSERT IGNORE INTO ProdukVarianAtribut (id_produk, atribut_varian, sku, nilai) VALUES (52, 'RAM', 'SKU000096', '8GB');
INSERT IGNORE INTO ProdukVarianAtribut (id_produk, atribut_varian, sku, nilai) VALUES (52, 'STORAGE_INTERNAL', 'SKU000096', '128GB');
INSERT IGNORE INTO ProdukVarianAtribut (id_produk, atribut_varian, sku, nilai) VALUES (52, 'JENIS_KAIN', 'SKU000096', 'Denim');
INSERT IGNORE INTO Produk (id_produk, id_penjual, nama, deskripsi) VALUES (53, 29, 'Engage Clicks-And-Mortar E-Services Serbaguna', 'Enim id blanditiis quae. Pariatur soluta praesentium error. Cupiditate repudiandae ullam necessitatibus.');
INSERT IGNORE INTO VarianProduk (sku, harga, stok) VALUES ('SKU000097', 2705430.84, 60);
INSERT IGNORE INTO ProdukVarianAtribut (id_produk, atribut_varian, sku, nilai) VALUES (53, 'JENIS_KAIN', 'SKU000097', 'Rayon');
INSERT IGNORE INTO ProdukVarianAtribut (id_produk, atribut_varian, sku, nilai) VALUES (53, 'WARNA', 'SKU000097', 'Kuning');
INSERT IGNORE INTO ProdukVarianAtribut (id_produk, atribut_varian, sku, nilai) VALUES (53, 'MATERIAL', 'SKU000097', 'Polyester Blend');
INSERT IGNORE INTO VarianProduk (sku, harga, stok) VALUES ('SKU000098', 601216.55, 92);
INSERT IGNORE INTO ProdukVarianAtribut (id_produk, atribut_varian, sku, nilai) VALUES (53, 'MATERIAL', 'SKU000098', 'Polyester Blend');
INSERT IGNORE INTO ProdukVarianAtribut (id_produk, atribut_varian, sku, nilai) VALUES (53, 'STORAGE_INTERNAL', 'SKU000098', '1TB');
INSERT IGNORE INTO Produk (id_produk, id_penjual, nama, deskripsi) VALUES (54, 6, 'Engage Viral Relationships Edisi Terbatas', 'Tenetur eligendi molestiae voluptatem enim voluptatem. Optio dolores asperiores quis dolore ea. Vitae sint accusamus aut.');
INSERT IGNORE INTO VarianProduk (sku, harga, stok) VALUES ('SKU000099', 2931026.46, 64);
INSERT IGNORE INTO ProdukVarianAtribut (id_produk, atribut_varian, sku, nilai) VALUES (54, 'MATERIAL', 'SKU000099', 'Kulit Sintetis PU');
INSERT IGNORE INTO VarianProduk (sku, harga, stok) VALUES ('SKU000100', 99442.16, 88);
INSERT IGNORE INTO ProdukVarianAtribut (id_produk, atribut_varian, sku, nilai) VALUES (54, 'STORAGE_INTERNAL', 'SKU000100', '64GB');
INSERT IGNORE INTO ProdukVarianAtribut (id_produk, atribut_varian, sku, nilai) VALUES (54, 'RAM', 'SKU000100', '4GB');
INSERT IGNORE INTO Produk (id_produk, id_penjual, nama, deskripsi) VALUES (55, 38, 'E-Enable Clicks-And-Mortar Interfaces Serbaguna', 'Corporis architecto consequuntur voluptatum ullam provident. Unde quam eaque nulla dolorum aliquid. Corporis eveniet quibusdam assumenda sit. Fuga voluptas distinctio consequatur odio nemo atque.');
INSERT IGNORE INTO VarianProduk (sku, harga, stok) VALUES ('SKU000101', 1406628.69, 21);
INSERT IGNORE INTO ProdukVarianAtribut (id_produk, atribut_varian, sku, nilai) VALUES (55, 'RAM', 'SKU000101', '4GB');
INSERT IGNORE INTO VarianProduk (sku, harga, stok) VALUES ('SKU000102', 1991950.36, 7);
INSERT IGNORE INTO ProdukVarianAtribut (id_produk, atribut_varian, sku, nilai) VALUES (55, 'RESOLUSI_LAYAR', 'SKU000102', 'QHD');
INSERT IGNORE INTO ProdukVarianAtribut (id_produk, atribut_varian, sku, nilai) VALUES (55, 'WARNA', 'SKU000102', 'Hijau');
INSERT IGNORE INTO ProdukVarianAtribut (id_produk, atribut_varian, sku, nilai) VALUES (55, 'MATERIAL', 'SKU000102', 'Kanvas Tebal');
INSERT IGNORE INTO VarianProduk (sku, harga, stok) VALUES ('SKU000103', 117102.36, 63);
INSERT IGNORE INTO ProdukVarianAtribut (id_produk, atribut_varian, sku, nilai) VALUES (55, 'WARNA', 'SKU000103', 'Merah marun');
INSERT IGNORE INTO ProdukVarianAtribut (id_produk, atribut_varian, sku, nilai) VALUES (55, 'RESOLUSI_LAYAR', 'SKU000103', '4K');
INSERT IGNORE INTO ProdukVarianAtribut (id_produk, atribut_varian, sku, nilai) VALUES (55, 'MATERIAL', 'SKU000103', 'Katun Combed 30s');
INSERT IGNORE INTO Produk (id_produk, id_penjual, nama, deskripsi) VALUES (56, 15, 'Brand Innovative Paradigms Edisi Terbatas', 'Hic dolores dolores adipisci. Distinctio occaecati alias distinctio occaecati rerum. Fugit alias tempora atque nostrum laudantium sunt nulla.');
INSERT IGNORE INTO VarianProduk (sku, harga, stok) VALUES ('SKU000104', 1080725.08, 22);
INSERT IGNORE INTO ProdukVarianAtribut (id_produk, atribut_varian, sku, nilai) VALUES (56, 'RESOLUSI_LAYAR', 'SKU000104', 'QHD');
INSERT IGNORE INTO ProdukVarianAtribut (id_produk, atribut_varian, sku, nilai) VALUES (56, 'STORAGE_INTERNAL', 'SKU000104', '1TB');
INSERT IGNORE INTO VarianProduk (sku, harga, stok) VALUES ('SKU000105', 612361.68, 135);
INSERT IGNORE INTO ProdukVarianAtribut (id_produk, atribut_varian, sku, nilai) VALUES (56, 'RESOLUSI_LAYAR', 'SKU000105', '4K');
INSERT IGNORE INTO ProdukVarianAtribut (id_produk, atribut_varian, sku, nilai) VALUES (56, 'JENIS_KAIN', 'SKU000105', 'Flanel');
INSERT IGNORE INTO ProdukVarianAtribut (id_produk, atribut_varian, sku, nilai) VALUES (56, 'WARNA', 'SKU000105', 'Kuning');
INSERT IGNORE INTO VarianProduk (sku, harga, stok) VALUES ('SKU000106', 2754775.43, 94);
INSERT IGNORE INTO ProdukVarianAtribut (id_produk, atribut_varian, sku, nilai) VALUES (56, 'STORAGE_INTERNAL', 'SKU000106', '128GB');
INSERT IGNORE INTO ProdukVarianAtribut (id_produk, atribut_varian, sku, nilai) VALUES (56, 'JENIS_KAIN', 'SKU000106', 'Denim');
INSERT IGNORE INTO ProdukVarianAtribut (id_produk, atribut_varian, sku, nilai) VALUES (56, 'RAM', 'SKU000106', '16GB');
INSERT IGNORE INTO Produk (id_produk, id_penjual, nama, deskripsi) VALUES (57, 47, 'Redefine Wireless Solutions Premium', 'Ullam mollitia et animi atque aperiam est. Quas porro harum quibusdam. Assumenda voluptate repudiandae facilis quas nostrum repellat voluptate. Similique maiores reprehenderit molestias. Nemo officia molestias.');
INSERT IGNORE INTO VarianProduk (sku, harga, stok) VALUES ('SKU000107', 2104018.8, 90);
INSERT IGNORE INTO ProdukVarianAtribut (id_produk, atribut_varian, sku, nilai) VALUES (57, 'STORAGE_INTERNAL', 'SKU000107', '128GB');
INSERT IGNORE INTO VarianProduk (sku, harga, stok) VALUES ('SKU000108', 2354593.5, 117);
INSERT IGNORE INTO ProdukVarianAtribut (id_produk, atribut_varian, sku, nilai) VALUES (57, 'WARNA', 'SKU000108', 'Abu-abu');
INSERT IGNORE INTO ProdukVarianAtribut (id_produk, atribut_varian, sku, nilai) VALUES (57, 'UKURAN', 'SKU000108', 'XL');
INSERT IGNORE INTO VarianProduk (sku, harga, stok) VALUES ('SKU000109', 1314660.66, 125);
INSERT IGNORE INTO ProdukVarianAtribut (id_produk, atribut_varian, sku, nilai) VALUES (57, 'RESOLUSI_LAYAR', 'SKU000109', '4K');
INSERT IGNORE INTO Produk (id_produk, id_penjual, nama, deskripsi) VALUES (58, 29, 'Engage Open-Source Deliverables Serbaguna', 'Odio perspiciatis similique. Quam quam occaecati modi.');
INSERT IGNORE INTO VarianProduk (sku, harga, stok) VALUES ('SKU000110', 189100.58, 123);
INSERT IGNORE INTO ProdukVarianAtribut (id_produk, atribut_varian, sku, nilai) VALUES (58, 'JENIS_KAIN', 'SKU000110', 'Satin');
INSERT IGNORE INTO ProdukVarianAtribut (id_produk, atribut_varian, sku, nilai) VALUES (58, 'WARNA', 'SKU000110', 'Biru');
INSERT IGNORE INTO Produk (id_produk, id_penjual, nama, deskripsi) VALUES (59, 17, 'Re-Contextualize Collaborative Synergies Serbaguna', 'Minus perferendis porro non sed molestiae nostrum accusamus. In beatae cum eligendi.');
INSERT IGNORE INTO VarianProduk (sku, harga, stok) VALUES ('SKU000111', 373481.79, 103);
INSERT IGNORE INTO ProdukVarianAtribut (id_produk, atribut_varian, sku, nilai) VALUES (59, 'MATERIAL', 'SKU000111', 'Plastik ABS Food Grade');
INSERT IGNORE INTO ProdukVarianAtribut (id_produk, atribut_varian, sku, nilai) VALUES (59, 'WARNA', 'SKU000111', 'Ungu');
INSERT IGNORE INTO VarianProduk (sku, harga, stok) VALUES ('SKU000112', 853282.09, 44);
INSERT IGNORE INTO ProdukVarianAtribut (id_produk, atribut_varian, sku, nilai) VALUES (59, 'UKURAN', 'SKU000112', '39');
INSERT IGNORE INTO Produk (id_produk, id_penjual, nama, deskripsi) VALUES (60, 21, 'Scale Best-Of-Breed Experiences Edisi Terbatas', 'Pariatur numquam natus in nihil enim impedit. Maiores nihil iure minima.');
INSERT IGNORE INTO VarianProduk (sku, harga, stok) VALUES ('SKU000113', 1535175.27, 90);
INSERT IGNORE INTO ProdukVarianAtribut (id_produk, atribut_varian, sku, nilai) VALUES (60, 'STORAGE_INTERNAL', 'SKU000113', '64GB');
INSERT IGNORE INTO VarianProduk (sku, harga, stok) VALUES ('SKU000114', 1317340.92, 141);
INSERT IGNORE INTO ProdukVarianAtribut (id_produk, atribut_varian, sku, nilai) VALUES (60, 'RAM', 'SKU000114', '12GB');
INSERT IGNORE INTO Produk (id_produk, id_penjual, nama, deskripsi) VALUES (61, 11, 'Whiteboard Wireless Content Edisi Terbatas', 'Voluptatibus expedita dicta reprehenderit amet. Quis distinctio dolorem fuga sit mollitia.');
INSERT IGNORE INTO VarianProduk (sku, harga, stok) VALUES ('SKU000115', 159761.89, 119);
INSERT IGNORE INTO ProdukVarianAtribut (id_produk, atribut_varian, sku, nilai) VALUES (61, 'RAM', 'SKU000115', '4GB');
INSERT IGNORE INTO VarianProduk (sku, harga, stok) VALUES ('SKU000116', 951334.83, 131);
INSERT IGNORE INTO ProdukVarianAtribut (id_produk, atribut_varian, sku, nilai) VALUES (61, 'WARNA', 'SKU000116', 'Hitam');
INSERT IGNORE INTO ProdukVarianAtribut (id_produk, atribut_varian, sku, nilai) VALUES (61, 'RESOLUSI_LAYAR', 'SKU000116', '4K');
INSERT IGNORE INTO ProdukVarianAtribut (id_produk, atribut_varian, sku, nilai) VALUES (61, 'JENIS_KAIN', 'SKU000116', 'Satin');
INSERT IGNORE INTO VarianProduk (sku, harga, stok) VALUES ('SKU000117', 2206953.33, 122);
INSERT IGNORE INTO ProdukVarianAtribut (id_produk, atribut_varian, sku, nilai) VALUES (61, 'WARNA', 'SKU000117', 'Coklat tua');
INSERT IGNORE INTO ProdukVarianAtribut (id_produk, atribut_varian, sku, nilai) VALUES (61, 'RAM', 'SKU000117', '12GB');
INSERT IGNORE INTO Produk (id_produk, id_penjual, nama, deskripsi) VALUES (62, 8, 'Re-Intermediate Killer Communities Premium', 'Doloribus aliquid rerum mollitia alias. Perferendis magni perferendis aperiam perspiciatis inventore non. Excepturi inventore delectus voluptatum. Unde in quod recusandae perferendis. Quod minima repellat a ut.');
INSERT IGNORE INTO VarianProduk (sku, harga, stok) VALUES ('SKU000118', 2102337.21, 122);
INSERT IGNORE INTO ProdukVarianAtribut (id_produk, atribut_varian, sku, nilai) VALUES (62, 'WARNA', 'SKU000118', 'Hijau muda');
INSERT IGNORE INTO VarianProduk (sku, harga, stok) VALUES ('SKU000119', 377926.25, 117);
INSERT IGNORE INTO ProdukVarianAtribut (id_produk, atribut_varian, sku, nilai) VALUES (62, 'JENIS_KAIN', 'SKU000119', 'Rayon');
INSERT IGNORE INTO ProdukVarianAtribut (id_produk, atribut_varian, sku, nilai) VALUES (62, 'UKURAN', 'SKU000119', 'M');
INSERT IGNORE INTO VarianProduk (sku, harga, stok) VALUES ('SKU000120', 2585565.42, 17);
INSERT IGNORE INTO ProdukVarianAtribut (id_produk, atribut_varian, sku, nilai) VALUES (62, 'JENIS_KAIN', 'SKU000120', 'Rayon');
INSERT IGNORE INTO ProdukVarianAtribut (id_produk, atribut_varian, sku, nilai) VALUES (62, 'UKURAN', 'SKU000120', '41');
INSERT IGNORE INTO Produk (id_produk, id_penjual, nama, deskripsi) VALUES (63, 30, 'Innovate Granular Users Premium', 'Esse exercitationem magnam ipsam veritatis iusto nesciunt. Molestiae blanditiis soluta reiciendis ipsum. Ullam eveniet vel magnam. Voluptates corrupti doloribus facilis fugiat vitae.');
INSERT IGNORE INTO VarianProduk (sku, harga, stok) VALUES ('SKU000121', 345600.3, 134);
INSERT IGNORE INTO ProdukVarianAtribut (id_produk, atribut_varian, sku, nilai) VALUES (63, 'RAM', 'SKU000121', '16GB');
INSERT IGNORE INTO ProdukVarianAtribut (id_produk, atribut_varian, sku, nilai) VALUES (63, 'MATERIAL', 'SKU000121', 'Polyester Blend');
INSERT IGNORE INTO Produk (id_produk, id_penjual, nama, deskripsi) VALUES (64, 2, 'Orchestrate Cross-Platform Initiatives Edisi Terbatas', 'Temporibus recusandae nisi cupiditate officiis assumenda amet dolorum. Nulla accusamus iste numquam cupiditate ut.');
INSERT IGNORE INTO VarianProduk (sku, harga, stok) VALUES ('SKU000122', 2759454.55, 7);
INSERT IGNORE INTO ProdukVarianAtribut (id_produk, atribut_varian, sku, nilai) VALUES (64, 'MATERIAL', 'SKU000122', 'Kulit Sintetis PU');
INSERT IGNORE INTO ProdukVarianAtribut (id_produk, atribut_varian, sku, nilai) VALUES (64, 'UKURAN', 'SKU000122', '42');
INSERT IGNORE INTO VarianProduk (sku, harga, stok) VALUES ('SKU000123', 2832785.11, 53);
INSERT IGNORE INTO ProdukVarianAtribut (id_produk, atribut_varian, sku, nilai) VALUES (64, 'UKURAN', 'SKU000123', 'L');
INSERT IGNORE INTO Produk (id_produk, id_penjual, nama, deskripsi) VALUES (65, 30, 'Implement Web-Enabled Channels Edisi Terbatas', 'Reiciendis nihil iusto eius dolore. Eaque vel similique dolores soluta.');
INSERT IGNORE INTO VarianProduk (sku, harga, stok) VALUES ('SKU000124', 1566966.98, 6);
INSERT IGNORE INTO ProdukVarianAtribut (id_produk, atribut_varian, sku, nilai) VALUES (65, 'STORAGE_INTERNAL', 'SKU000124', '512GB');
INSERT IGNORE INTO VarianProduk (sku, harga, stok) VALUES ('SKU000125', 2716896.14, 130);
INSERT IGNORE INTO ProdukVarianAtribut (id_produk, atribut_varian, sku, nilai) VALUES (65, 'STORAGE_INTERNAL', 'SKU000125', '512GB');
INSERT IGNORE INTO ProdukVarianAtribut (id_produk, atribut_varian, sku, nilai) VALUES (65, 'RAM', 'SKU000125', '12GB');
INSERT IGNORE INTO VarianProduk (sku, harga, stok) VALUES ('SKU000126', 2653728.24, 103);
INSERT IGNORE INTO ProdukVarianAtribut (id_produk, atribut_varian, sku, nilai) VALUES (65, 'RAM', 'SKU000126', '12GB');
INSERT IGNORE INTO Produk (id_produk, id_penjual, nama, deskripsi) VALUES (66, 4, 'Streamline Cross-Platform Methodologies Serbaguna', 'Dolores corrupti dolores in facilis incidunt blanditiis. Quas commodi error et. Occaecati sed reprehenderit omnis nobis. Saepe fugiat dolores nam voluptatum pariatur.');
INSERT IGNORE INTO VarianProduk (sku, harga, stok) VALUES ('SKU000127', 2173628.89, 95);
INSERT IGNORE INTO ProdukVarianAtribut (id_produk, atribut_varian, sku, nilai) VALUES (66, 'JENIS_KAIN', 'SKU000127', 'Satin');
INSERT IGNORE INTO VarianProduk (sku, harga, stok) VALUES ('SKU000128', 2821916.8, 100);
INSERT IGNORE INTO ProdukVarianAtribut (id_produk, atribut_varian, sku, nilai) VALUES (66, 'JENIS_KAIN', 'SKU000128', 'Satin');
INSERT IGNORE INTO VarianProduk (sku, harga, stok) VALUES ('SKU000129', 2081341.68, 122);
INSERT IGNORE INTO ProdukVarianAtribut (id_produk, atribut_varian, sku, nilai) VALUES (66, 'RAM', 'SKU000129', '32GB');
INSERT IGNORE INTO ProdukVarianAtribut (id_produk, atribut_varian, sku, nilai) VALUES (66, 'JENIS_KAIN', 'SKU000129', 'Rayon');
INSERT IGNORE INTO ProdukVarianAtribut (id_produk, atribut_varian, sku, nilai) VALUES (66, 'STORAGE_INTERNAL', 'SKU000129', '64GB');
INSERT IGNORE INTO Produk (id_produk, id_penjual, nama, deskripsi) VALUES (67, 9, 'Visualize Efficient Info-Mediaries Edisi Terbatas', 'Sapiente explicabo voluptatum quibusdam. Voluptates quo accusamus veritatis consectetur architecto impedit laborum.');
INSERT IGNORE INTO VarianProduk (sku, harga, stok) VALUES ('SKU000130', 778880.61, 114);
INSERT IGNORE INTO ProdukVarianAtribut (id_produk, atribut_varian, sku, nilai) VALUES (67, 'JENIS_KAIN', 'SKU000130', 'Flanel');
INSERT IGNORE INTO ProdukVarianAtribut (id_produk, atribut_varian, sku, nilai) VALUES (67, 'RAM', 'SKU000130', '12GB');
INSERT IGNORE INTO ProdukVarianAtribut (id_produk, atribut_varian, sku, nilai) VALUES (67, 'WARNA', 'SKU000130', 'Merah marun');
INSERT IGNORE INTO VarianProduk (sku, harga, stok) VALUES ('SKU000131', 2809694.89, 88);
INSERT IGNORE INTO ProdukVarianAtribut (id_produk, atribut_varian, sku, nilai) VALUES (67, 'WARNA', 'SKU000131', 'Magenta');
INSERT IGNORE INTO Produk (id_produk, id_penjual, nama, deskripsi) VALUES (68, 36, 'Engage Ubiquitous Schemas Serbaguna', 'Omnis eaque itaque sunt. Placeat autem voluptatibus porro. Mollitia maxime minus adipisci id unde ullam excepturi.');
INSERT IGNORE INTO VarianProduk (sku, harga, stok) VALUES ('SKU000132', 1517851.35, 116);
INSERT IGNORE INTO ProdukVarianAtribut (id_produk, atribut_varian, sku, nilai) VALUES (68, 'WARNA', 'SKU000132', 'Merah jambu');
INSERT IGNORE INTO VarianProduk (sku, harga, stok) VALUES ('SKU000133', 2008073.69, 111);
INSERT IGNORE INTO ProdukVarianAtribut (id_produk, atribut_varian, sku, nilai) VALUES (68, 'MATERIAL', 'SKU000133', 'Kulit Sintetis PU');
INSERT IGNORE INTO VarianProduk (sku, harga, stok) VALUES ('SKU000134', 2060747.22, 149);
INSERT IGNORE INTO ProdukVarianAtribut (id_produk, atribut_varian, sku, nilai) VALUES (68, 'UKURAN', 'SKU000134', 'XXL');
INSERT IGNORE INTO Produk (id_produk, id_penjual, nama, deskripsi) VALUES (69, 8, 'Syndicate Clicks-And-Mortar Interfaces Modern', 'Eius accusantium repudiandae.');
INSERT IGNORE INTO VarianProduk (sku, harga, stok) VALUES ('SKU000135', 97778.58, 85);
INSERT IGNORE INTO ProdukVarianAtribut (id_produk, atribut_varian, sku, nilai) VALUES (69, 'UKURAN', 'SKU000135', '40');
INSERT IGNORE INTO ProdukVarianAtribut (id_produk, atribut_varian, sku, nilai) VALUES (69, 'JENIS_KAIN', 'SKU000135', 'Denim');
INSERT IGNORE INTO VarianProduk (sku, harga, stok) VALUES ('SKU000136', 1466522.98, 81);
INSERT IGNORE INTO ProdukVarianAtribut (id_produk, atribut_varian, sku, nilai) VALUES (69, 'WARNA', 'SKU000136', 'Magenta');
INSERT IGNORE INTO ProdukVarianAtribut (id_produk, atribut_varian, sku, nilai) VALUES (69, 'STORAGE_INTERNAL', 'SKU000136', '128GB');
INSERT IGNORE INTO ProdukVarianAtribut (id_produk, atribut_varian, sku, nilai) VALUES (69, 'RAM', 'SKU000136', '12GB');
INSERT IGNORE INTO VarianProduk (sku, harga, stok) VALUES ('SKU000137', 1477871.79, 101);
INSERT IGNORE INTO ProdukVarianAtribut (id_produk, atribut_varian, sku, nilai) VALUES (69, 'UKURAN', 'SKU000137', 'XXL');
INSERT IGNORE INTO Produk (id_produk, id_penjual, nama, deskripsi) VALUES (70, 28, 'Synergize Frictionless Solutions Modern', 'Libero voluptatibus nam at. Blanditiis veniam harum sed repudiandae debitis. Laudantium atque tempora deleniti illum. Eaque eos rerum quam maxime laborum neque.');
INSERT IGNORE INTO VarianProduk (sku, harga, stok) VALUES ('SKU000138', 257479.86, 32);
INSERT IGNORE INTO ProdukVarianAtribut (id_produk, atribut_varian, sku, nilai) VALUES (70, 'UKURAN', 'SKU000138', 'S');
INSERT IGNORE INTO VarianProduk (sku, harga, stok) VALUES ('SKU000139', 2405860.34, 27);
INSERT IGNORE INTO ProdukVarianAtribut (id_produk, atribut_varian, sku, nilai) VALUES (70, 'RAM', 'SKU000139', '16GB');
INSERT IGNORE INTO ProdukVarianAtribut (id_produk, atribut_varian, sku, nilai) VALUES (70, 'STORAGE_INTERNAL', 'SKU000139', '128GB');
INSERT IGNORE INTO ProdukVarianAtribut (id_produk, atribut_varian, sku, nilai) VALUES (70, 'MATERIAL', 'SKU000139', 'Stainless Steel 304');
INSERT IGNORE INTO VarianProduk (sku, harga, stok) VALUES ('SKU000140', 1046460.81, 38);
INSERT IGNORE INTO ProdukVarianAtribut (id_produk, atribut_varian, sku, nilai) VALUES (70, 'RESOLUSI_LAYAR', 'SKU000140', '4K');
INSERT IGNORE INTO ProdukVarianAtribut (id_produk, atribut_varian, sku, nilai) VALUES (70, 'JENIS_KAIN', 'SKU000140', 'Flanel');
INSERT IGNORE INTO Produk (id_produk, id_penjual, nama, deskripsi) VALUES (71, 16, 'Reinvent Cross-Media Models Serbaguna', 'Temporibus reprehenderit eum nostrum culpa ipsum alias. Incidunt nam hic non deserunt tenetur placeat. Quidem in veritatis dolores recusandae eligendi enim dolor.');
INSERT IGNORE INTO VarianProduk (sku, harga, stok) VALUES ('SKU000141', 2154635.16, 113);
INSERT IGNORE INTO ProdukVarianAtribut (id_produk, atribut_varian, sku, nilai) VALUES (71, 'UKURAN', 'SKU000141', 'L');
INSERT IGNORE INTO ProdukVarianAtribut (id_produk, atribut_varian, sku, nilai) VALUES (71, 'RAM', 'SKU000141', '12GB');
INSERT IGNORE INTO VarianProduk (sku, harga, stok) VALUES ('SKU000142', 2724761.26, 36);
INSERT IGNORE INTO ProdukVarianAtribut (id_produk, atribut_varian, sku, nilai) VALUES (71, 'UKURAN', 'SKU000142', 'XL');
INSERT IGNORE INTO ProdukVarianAtribut (id_produk, atribut_varian, sku, nilai) VALUES (71, 'RESOLUSI_LAYAR', 'SKU000142', '4K');
INSERT IGNORE INTO Produk (id_produk, id_penjual, nama, deskripsi) VALUES (72, 49, 'Exploit Wireless Methodologies Edisi Terbatas', 'Vel unde eveniet animi possimus. Odit delectus minus dolore.');
INSERT IGNORE INTO VarianProduk (sku, harga, stok) VALUES ('SKU000143', 2171323.42, 3);
INSERT IGNORE INTO ProdukVarianAtribut (id_produk, atribut_varian, sku, nilai) VALUES (72, 'WARNA', 'SKU000143', 'Nila');
INSERT IGNORE INTO Produk (id_produk, id_penjual, nama, deskripsi) VALUES (73, 5, 'Streamline Bleeding-Edge Initiatives Premium', 'Neque cupiditate asperiores sint molestias quisquam. Quam blanditiis distinctio vero non. Fugit minima corrupti quod. Doloribus sequi eius quam quo.');
INSERT IGNORE INTO VarianProduk (sku, harga, stok) VALUES ('SKU000144', 2831962.62, 6);
INSERT IGNORE INTO ProdukVarianAtribut (id_produk, atribut_varian, sku, nilai) VALUES (73, 'RAM', 'SKU000144', '16GB');
INSERT IGNORE INTO ProdukVarianAtribut (id_produk, atribut_varian, sku, nilai) VALUES (73, 'STORAGE_INTERNAL', 'SKU000144', '512GB');
INSERT IGNORE INTO ProdukVarianAtribut (id_produk, atribut_varian, sku, nilai) VALUES (73, 'MATERIAL', 'SKU000144', 'Kanvas Tebal');
INSERT IGNORE INTO Produk (id_produk, id_penjual, nama, deskripsi) VALUES (74, 32, 'Transition Web-Enabled Metrics Serbaguna', 'Recusandae nostrum consectetur dolor culpa magni eveniet unde. Assumenda esse ipsa atque.');
INSERT IGNORE INTO VarianProduk (sku, harga, stok) VALUES ('SKU000145', 1227719.89, 17);
INSERT IGNORE INTO ProdukVarianAtribut (id_produk, atribut_varian, sku, nilai) VALUES (74, 'MATERIAL', 'SKU000145', 'Polyester Blend');
INSERT IGNORE INTO VarianProduk (sku, harga, stok) VALUES ('SKU000146', 271613.85, 41);
INSERT IGNORE INTO ProdukVarianAtribut (id_produk, atribut_varian, sku, nilai) VALUES (74, 'RAM', 'SKU000146', '16GB');
INSERT IGNORE INTO Produk (id_produk, id_penjual, nama, deskripsi) VALUES (75, 42, 'Aggregate Open-Source Action-Items Serbaguna', 'Iste ducimus illum repudiandae. Velit in facere eveniet veritatis. Deleniti nihil maiores placeat sit.');
INSERT IGNORE INTO VarianProduk (sku, harga, stok) VALUES ('SKU000147', 172901.98, 146);
INSERT IGNORE INTO ProdukVarianAtribut (id_produk, atribut_varian, sku, nilai) VALUES (75, 'MATERIAL', 'SKU000147', 'Kanvas Tebal');
INSERT IGNORE INTO ProdukVarianAtribut (id_produk, atribut_varian, sku, nilai) VALUES (75, 'WARNA', 'SKU000147', 'Biru muda');
INSERT IGNORE INTO VarianProduk (sku, harga, stok) VALUES ('SKU000148', 926890.29, 106);
INSERT IGNORE INTO ProdukVarianAtribut (id_produk, atribut_varian, sku, nilai) VALUES (75, 'RAM', 'SKU000148', '8GB');
INSERT IGNORE INTO ProdukVarianAtribut (id_produk, atribut_varian, sku, nilai) VALUES (75, 'STORAGE_INTERNAL', 'SKU000148', '128GB');
INSERT IGNORE INTO ProdukVarianAtribut (id_produk, atribut_varian, sku, nilai) VALUES (75, 'MATERIAL', 'SKU000148', 'Stainless Steel 304');
INSERT IGNORE INTO VarianProduk (sku, harga, stok) VALUES ('SKU000149', 1344802.05, 51);
INSERT IGNORE INTO ProdukVarianAtribut (id_produk, atribut_varian, sku, nilai) VALUES (75, 'RESOLUSI_LAYAR', 'SKU000149', 'FHD');
INSERT IGNORE INTO ProdukVarianAtribut (id_produk, atribut_varian, sku, nilai) VALUES (75, 'MATERIAL', 'SKU000149', 'Katun Combed 30s');
INSERT IGNORE INTO Produk (id_produk, id_penjual, nama, deskripsi) VALUES (76, 12, 'Visualize Ubiquitous Models Serbaguna', 'Temporibus natus provident aliquam minus explicabo eligendi.');
INSERT IGNORE INTO VarianProduk (sku, harga, stok) VALUES ('SKU000150', 2136586.34, 62);
INSERT IGNORE INTO ProdukVarianAtribut (id_produk, atribut_varian, sku, nilai) VALUES (76, 'RESOLUSI_LAYAR', 'SKU000150', 'HD');
INSERT IGNORE INTO ProdukVarianAtribut (id_produk, atribut_varian, sku, nilai) VALUES (76, 'JENIS_KAIN', 'SKU000150', 'Satin');
INSERT IGNORE INTO ProdukVarianAtribut (id_produk, atribut_varian, sku, nilai) VALUES (76, 'STORAGE_INTERNAL', 'SKU000150', '512GB');
INSERT IGNORE INTO VarianProduk (sku, harga, stok) VALUES ('SKU000151', 858346.28, 132);
INSERT IGNORE INTO ProdukVarianAtribut (id_produk, atribut_varian, sku, nilai) VALUES (76, 'WARNA', 'SKU000151', 'Perak');
INSERT IGNORE INTO ProdukVarianAtribut (id_produk, atribut_varian, sku, nilai) VALUES (76, 'JENIS_KAIN', 'SKU000151', 'Satin');
INSERT IGNORE INTO Produk (id_produk, id_penjual, nama, deskripsi) VALUES (77, 7, 'Incubate Best-Of-Breed Relationships Edisi Terbatas', 'Voluptates ullam doloribus corporis minus. Culpa laboriosam reiciendis voluptatem ducimus deleniti.');
INSERT IGNORE INTO VarianProduk (sku, harga, stok) VALUES ('SKU000152', 1012178.67, 46);
INSERT IGNORE INTO ProdukVarianAtribut (id_produk, atribut_varian, sku, nilai) VALUES (77, 'STORAGE_INTERNAL', 'SKU000152', '512GB');
INSERT IGNORE INTO VarianProduk (sku, harga, stok) VALUES ('SKU000153', 496047.9, 7);
INSERT IGNORE INTO ProdukVarianAtribut (id_produk, atribut_varian, sku, nilai) VALUES (77, 'JENIS_KAIN', 'SKU000153', 'Satin');
INSERT IGNORE INTO Produk (id_produk, id_penjual, nama, deskripsi) VALUES (78, 28, 'Repurpose End-To-End Mindshare Serbaguna', 'Culpa rerum aspernatur qui officiis distinctio facilis. Culpa suscipit fuga dicta. Molestias facilis iste labore deleniti.');
INSERT IGNORE INTO VarianProduk (sku, harga, stok) VALUES ('SKU000154', 1487591.05, 45);
INSERT IGNORE INTO ProdukVarianAtribut (id_produk, atribut_varian, sku, nilai) VALUES (78, 'UKURAN', 'SKU000154', '40');
INSERT IGNORE INTO VarianProduk (sku, harga, stok) VALUES ('SKU000155', 2523189.05, 100);
INSERT IGNORE INTO ProdukVarianAtribut (id_produk, atribut_varian, sku, nilai) VALUES (78, 'UKURAN', 'SKU000155', '40');
INSERT IGNORE INTO ProdukVarianAtribut (id_produk, atribut_varian, sku, nilai) VALUES (78, 'MATERIAL', 'SKU000155', 'Kanvas Tebal');
INSERT IGNORE INTO VarianProduk (sku, harga, stok) VALUES ('SKU000156', 1827839.54, 84);
INSERT IGNORE INTO ProdukVarianAtribut (id_produk, atribut_varian, sku, nilai) VALUES (78, 'MATERIAL', 'SKU000156', 'Polyester Blend');
INSERT IGNORE INTO ProdukVarianAtribut (id_produk, atribut_varian, sku, nilai) VALUES (78, 'JENIS_KAIN', 'SKU000156', 'Satin');
INSERT IGNORE INTO ProdukVarianAtribut (id_produk, atribut_varian, sku, nilai) VALUES (78, 'UKURAN', 'SKU000156', 'S');
INSERT IGNORE INTO Produk (id_produk, id_penjual, nama, deskripsi) VALUES (79, 1, 'Incubate Real-Time Mindshare Edisi Terbatas', 'Non quasi voluptatibus illo sapiente iste cumque. Qui ipsa minima veniam. Voluptates magnam minima hic nemo.');
INSERT IGNORE INTO VarianProduk (sku, harga, stok) VALUES ('SKU000157', 2436132.14, 76);
INSERT IGNORE INTO ProdukVarianAtribut (id_produk, atribut_varian, sku, nilai) VALUES (79, 'STORAGE_INTERNAL', 'SKU000157', '128GB');
INSERT IGNORE INTO ProdukVarianAtribut (id_produk, atribut_varian, sku, nilai) VALUES (79, 'WARNA', 'SKU000157', 'Merah marun');
INSERT IGNORE INTO ProdukVarianAtribut (id_produk, atribut_varian, sku, nilai) VALUES (79, 'RESOLUSI_LAYAR', 'SKU000157', 'HD');
INSERT IGNORE INTO Produk (id_produk, id_penjual, nama, deskripsi) VALUES (80, 45, 'Grow Plug-And-Play Bandwidth Premium', 'Facilis molestias eveniet soluta quos. Libero sed dolores in. Ea velit eaque debitis commodi blanditiis repellendus. Sit earum explicabo corporis.');
INSERT IGNORE INTO VarianProduk (sku, harga, stok) VALUES ('SKU000158', 2688926.29, 88);
INSERT IGNORE INTO ProdukVarianAtribut (id_produk, atribut_varian, sku, nilai) VALUES (80, 'WARNA', 'SKU000158', 'Ungu');
INSERT IGNORE INTO ProdukVarianAtribut (id_produk, atribut_varian, sku, nilai) VALUES (80, 'UKURAN', 'SKU000158', 'S');
INSERT IGNORE INTO VarianProduk (sku, harga, stok) VALUES ('SKU000159', 468258.36, 137);
INSERT IGNORE INTO ProdukVarianAtribut (id_produk, atribut_varian, sku, nilai) VALUES (80, 'RAM', 'SKU000159', '8GB');
INSERT IGNORE INTO ProdukVarianAtribut (id_produk, atribut_varian, sku, nilai) VALUES (80, 'STORAGE_INTERNAL', 'SKU000159', '256GB');
INSERT IGNORE INTO ProdukVarianAtribut (id_produk, atribut_varian, sku, nilai) VALUES (80, 'UKURAN', 'SKU000159', 'XL');
INSERT IGNORE INTO VarianProduk (sku, harga, stok) VALUES ('SKU000160', 916104.55, 3);
INSERT IGNORE INTO ProdukVarianAtribut (id_produk, atribut_varian, sku, nilai) VALUES (80, 'RESOLUSI_LAYAR', 'SKU000160', 'HD');
INSERT IGNORE INTO ProdukVarianAtribut (id_produk, atribut_varian, sku, nilai) VALUES (80, 'JENIS_KAIN', 'SKU000160', 'Rayon');
INSERT IGNORE INTO Produk (id_produk, id_penjual, nama, deskripsi) VALUES (81, 2, 'Disintermediate B2C Paradigms Edisi Terbatas', 'Perspiciatis quibusdam maiores tempora. Adipisci recusandae aut quibusdam occaecati.');
INSERT IGNORE INTO VarianProduk (sku, harga, stok) VALUES ('SKU000161', 1361066.23, 11);
INSERT IGNORE INTO ProdukVarianAtribut (id_produk, atribut_varian, sku, nilai) VALUES (81, 'RESOLUSI_LAYAR', 'SKU000161', 'QHD');
INSERT IGNORE INTO VarianProduk (sku, harga, stok) VALUES ('SKU000162', 2443797.54, 75);
INSERT IGNORE INTO ProdukVarianAtribut (id_produk, atribut_varian, sku, nilai) VALUES (81, 'RAM', 'SKU000162', '16GB');
INSERT IGNORE INTO ProdukVarianAtribut (id_produk, atribut_varian, sku, nilai) VALUES (81, 'STORAGE_INTERNAL', 'SKU000162', '128GB');
INSERT IGNORE INTO Produk (id_produk, id_penjual, nama, deskripsi) VALUES (82, 44, 'Leverage Robust Mindshare Serbaguna', 'Cum voluptatibus rem tempore quaerat harum unde. Fuga quibusdam tenetur non natus. Facilis magnam eum explicabo.');
INSERT IGNORE INTO VarianProduk (sku, harga, stok) VALUES ('SKU000163', 1441745.54, 136);
INSERT IGNORE INTO ProdukVarianAtribut (id_produk, atribut_varian, sku, nilai) VALUES (82, 'MATERIAL', 'SKU000163', 'Kulit Sintetis PU');
INSERT IGNORE INTO ProdukVarianAtribut (id_produk, atribut_varian, sku, nilai) VALUES (82, 'RESOLUSI_LAYAR', 'SKU000163', 'HD');
INSERT IGNORE INTO Produk (id_produk, id_penjual, nama, deskripsi) VALUES (83, 24, 'Scale Impactful Models Edisi Terbatas', 'Tempore saepe aut expedita eum. Fuga saepe magnam autem et. Veniam cupiditate sunt veniam deleniti assumenda commodi. Asperiores ducimus a maiores. Ea vero recusandae.');
INSERT IGNORE INTO VarianProduk (sku, harga, stok) VALUES ('SKU000164', 543525.81, 42);
INSERT IGNORE INTO ProdukVarianAtribut (id_produk, atribut_varian, sku, nilai) VALUES (83, 'RAM', 'SKU000164', '12GB');
INSERT IGNORE INTO VarianProduk (sku, harga, stok) VALUES ('SKU000165', 1940152.84, 96);
INSERT IGNORE INTO ProdukVarianAtribut (id_produk, atribut_varian, sku, nilai) VALUES (83, 'MATERIAL', 'SKU000165', 'Kanvas Tebal');
INSERT IGNORE INTO VarianProduk (sku, harga, stok) VALUES ('SKU000166', 2775497.48, 35);
INSERT IGNORE INTO ProdukVarianAtribut (id_produk, atribut_varian, sku, nilai) VALUES (83, 'WARNA', 'SKU000166', 'Putih');
INSERT IGNORE INTO Produk (id_produk, id_penjual, nama, deskripsi) VALUES (84, 50, 'Enhance Intuitive Methodologies Modern', 'Veniam dolorem sapiente dignissimos. At quia quas. Optio dolor facilis cumque perferendis.');
INSERT IGNORE INTO VarianProduk (sku, harga, stok) VALUES ('SKU000167', 2797335.3, 131);
INSERT IGNORE INTO ProdukVarianAtribut (id_produk, atribut_varian, sku, nilai) VALUES (84, 'RAM', 'SKU000167', '4GB');
INSERT IGNORE INTO ProdukVarianAtribut (id_produk, atribut_varian, sku, nilai) VALUES (84, 'RESOLUSI_LAYAR', 'SKU000167', '4K');
INSERT IGNORE INTO ProdukVarianAtribut (id_produk, atribut_varian, sku, nilai) VALUES (84, 'JENIS_KAIN', 'SKU000167', 'Rayon');
INSERT IGNORE INTO Produk (id_produk, id_penjual, nama, deskripsi) VALUES (85, 43, 'Transform Dot-Com Platforms Premium', 'Fuga accusamus reiciendis veniam nisi. Ut quasi nam perferendis ad possimus aspernatur. Culpa dolor sequi laudantium rerum delectus expedita corrupti.');
INSERT IGNORE INTO VarianProduk (sku, harga, stok) VALUES ('SKU000168', 1512572.71, 1);
INSERT IGNORE INTO ProdukVarianAtribut (id_produk, atribut_varian, sku, nilai) VALUES (85, 'UKURAN', 'SKU000168', '41');
INSERT IGNORE INTO ProdukVarianAtribut (id_produk, atribut_varian, sku, nilai) VALUES (85, 'MATERIAL', 'SKU000168', 'Kulit Sintetis PU');
INSERT IGNORE INTO Produk (id_produk, id_penjual, nama, deskripsi) VALUES (86, 30, 'Monetize Cutting-Edge Markets Edisi Terbatas', 'Beatae incidunt molestias fugiat mollitia. Voluptas exercitationem ducimus iste tempora corrupti atque.');
INSERT IGNORE INTO VarianProduk (sku, harga, stok) VALUES ('SKU000169', 165585.06, 115);
INSERT IGNORE INTO ProdukVarianAtribut (id_produk, atribut_varian, sku, nilai) VALUES (86, 'JENIS_KAIN', 'SKU000169', 'Satin');
INSERT IGNORE INTO Produk (id_produk, id_penjual, nama, deskripsi) VALUES (87, 46, 'Enable Virtual Metrics Edisi Terbatas', 'Aut qui itaque totam placeat. Quae praesentium repudiandae labore. Pariatur ratione ut repellendus eligendi.');
INSERT IGNORE INTO VarianProduk (sku, harga, stok) VALUES ('SKU000170', 1136855.94, 62);
INSERT IGNORE INTO ProdukVarianAtribut (id_produk, atribut_varian, sku, nilai) VALUES (87, 'WARNA', 'SKU000170', 'Ungu');
INSERT IGNORE INTO ProdukVarianAtribut (id_produk, atribut_varian, sku, nilai) VALUES (87, 'JENIS_KAIN', 'SKU000170', 'Denim');
INSERT IGNORE INTO VarianProduk (sku, harga, stok) VALUES ('SKU000171', 336862.61, 67);
INSERT IGNORE INTO ProdukVarianAtribut (id_produk, atribut_varian, sku, nilai) VALUES (87, 'STORAGE_INTERNAL', 'SKU000171', '256GB');
INSERT IGNORE INTO ProdukVarianAtribut (id_produk, atribut_varian, sku, nilai) VALUES (87, 'RAM', 'SKU000171', '8GB');
INSERT IGNORE INTO ProdukVarianAtribut (id_produk, atribut_varian, sku, nilai) VALUES (87, 'RESOLUSI_LAYAR', 'SKU000171', 'FHD');
INSERT IGNORE INTO Produk (id_produk, id_penjual, nama, deskripsi) VALUES (88, 10, 'Engineer B2C Initiatives Edisi Terbatas', 'Iusto soluta doloremque eius sed. Hic nostrum et odit fugiat minus molestias. Expedita eaque ipsam ea.');
INSERT IGNORE INTO VarianProduk (sku, harga, stok) VALUES ('SKU000172', 2812374.28, 52);
INSERT IGNORE INTO ProdukVarianAtribut (id_produk, atribut_varian, sku, nilai) VALUES (88, 'UKURAN', 'SKU000172', '42');
INSERT IGNORE INTO ProdukVarianAtribut (id_produk, atribut_varian, sku, nilai) VALUES (88, 'RESOLUSI_LAYAR', 'SKU000172', '4K');
INSERT IGNORE INTO ProdukVarianAtribut (id_produk, atribut_varian, sku, nilai) VALUES (88, 'RAM', 'SKU000172', '32GB');
INSERT IGNORE INTO VarianProduk (sku, harga, stok) VALUES ('SKU000173', 2824328.71, 97);
INSERT IGNORE INTO ProdukVarianAtribut (id_produk, atribut_varian, sku, nilai) VALUES (88, 'UKURAN', 'SKU000173', 'L');
INSERT IGNORE INTO ProdukVarianAtribut (id_produk, atribut_varian, sku, nilai) VALUES (88, 'JENIS_KAIN', 'SKU000173', 'Rayon');
INSERT IGNORE INTO ProdukVarianAtribut (id_produk, atribut_varian, sku, nilai) VALUES (88, 'WARNA', 'SKU000173', 'Hijau tua');
INSERT IGNORE INTO VarianProduk (sku, harga, stok) VALUES ('SKU000174', 2720321.61, 125);
INSERT IGNORE INTO ProdukVarianAtribut (id_produk, atribut_varian, sku, nilai) VALUES (88, 'STORAGE_INTERNAL', 'SKU000174', '256GB');
INSERT IGNORE INTO ProdukVarianAtribut (id_produk, atribut_varian, sku, nilai) VALUES (88, 'WARNA', 'SKU000174', 'Biru');
INSERT IGNORE INTO ProdukVarianAtribut (id_produk, atribut_varian, sku, nilai) VALUES (88, 'UKURAN', 'SKU000174', 'XXL');
INSERT IGNORE INTO Produk (id_produk, id_penjual, nama, deskripsi) VALUES (89, 32, 'Aggregate 24/365 Metrics Serbaguna', 'Quis ab rem. Perspiciatis excepturi veniam veniam.');
INSERT IGNORE INTO VarianProduk (sku, harga, stok) VALUES ('SKU000175', 1769702.1, 43);
INSERT IGNORE INTO ProdukVarianAtribut (id_produk, atribut_varian, sku, nilai) VALUES (89, 'WARNA', 'SKU000175', 'Nila');
INSERT IGNORE INTO Produk (id_produk, id_penjual, nama, deskripsi) VALUES (90, 14, 'Matrix End-To-End Users Edisi Terbatas', 'Ipsa aliquam explicabo ut architecto. Aliquam inventore est eius excepturi ipsum nisi.');
INSERT IGNORE INTO VarianProduk (sku, harga, stok) VALUES ('SKU000176', 2712815.52, 54);
INSERT IGNORE INTO ProdukVarianAtribut (id_produk, atribut_varian, sku, nilai) VALUES (90, 'WARNA', 'SKU000176', 'Hitam');
INSERT IGNORE INTO ProdukVarianAtribut (id_produk, atribut_varian, sku, nilai) VALUES (90, 'RESOLUSI_LAYAR', 'SKU000176', 'QHD');
INSERT IGNORE INTO Produk (id_produk, id_penjual, nama, deskripsi) VALUES (91, 26, 'Facilitate Intuitive Solutions Premium', 'Nam soluta quo fugiat dolorem necessitatibus.');
INSERT IGNORE INTO VarianProduk (sku, harga, stok) VALUES ('SKU000177', 2336578.82, 116);
INSERT IGNORE INTO ProdukVarianAtribut (id_produk, atribut_varian, sku, nilai) VALUES (91, 'RAM', 'SKU000177', '12GB');
INSERT IGNORE INTO ProdukVarianAtribut (id_produk, atribut_varian, sku, nilai) VALUES (91, 'UKURAN', 'SKU000177', '42');
INSERT IGNORE INTO VarianProduk (sku, harga, stok) VALUES ('SKU000178', 2481564.63, 123);
INSERT IGNORE INTO ProdukVarianAtribut (id_produk, atribut_varian, sku, nilai) VALUES (91, 'UKURAN', 'SKU000178', 'XXL');
INSERT IGNORE INTO ProdukVarianAtribut (id_produk, atribut_varian, sku, nilai) VALUES (91, 'STORAGE_INTERNAL', 'SKU000178', '128GB');
INSERT IGNORE INTO ProdukVarianAtribut (id_produk, atribut_varian, sku, nilai) VALUES (91, 'RESOLUSI_LAYAR', 'SKU000178', 'HD');
INSERT IGNORE INTO Produk (id_produk, id_penjual, nama, deskripsi) VALUES (92, 15, 'Revolutionize Distributed Infrastructures Edisi Terbatas', 'Incidunt in rem fuga soluta quisquam. Facere architecto a soluta.');
INSERT IGNORE INTO VarianProduk (sku, harga, stok) VALUES ('SKU000179', 2343913.41, 120);
INSERT IGNORE INTO ProdukVarianAtribut (id_produk, atribut_varian, sku, nilai) VALUES (92, 'RAM', 'SKU000179', '12GB');
INSERT IGNORE INTO ProdukVarianAtribut (id_produk, atribut_varian, sku, nilai) VALUES (92, 'MATERIAL', 'SKU000179', 'Kulit Sintetis PU');
INSERT IGNORE INTO Produk (id_produk, id_penjual, nama, deskripsi) VALUES (93, 29, 'Whiteboard Cross-Media Schemas Premium', 'Cumque id quo minima numquam illo error. Sint libero expedita ducimus ad illo.');
INSERT IGNORE INTO VarianProduk (sku, harga, stok) VALUES ('SKU000180', 495877.97, 30);
INSERT IGNORE INTO ProdukVarianAtribut (id_produk, atribut_varian, sku, nilai) VALUES (93, 'UKURAN', 'SKU000180', '39');
INSERT IGNORE INTO ProdukVarianAtribut (id_produk, atribut_varian, sku, nilai) VALUES (93, 'STORAGE_INTERNAL', 'SKU000180', '512GB');
INSERT IGNORE INTO VarianProduk (sku, harga, stok) VALUES ('SKU000181', 1803717.13, 62);
INSERT IGNORE INTO ProdukVarianAtribut (id_produk, atribut_varian, sku, nilai) VALUES (93, 'JENIS_KAIN', 'SKU000181', 'Denim');
INSERT IGNORE INTO ProdukVarianAtribut (id_produk, atribut_varian, sku, nilai) VALUES (93, 'WARNA', 'SKU000181', 'Coklat');
INSERT IGNORE INTO VarianProduk (sku, harga, stok) VALUES ('SKU000182', 2455775.77, 116);
INSERT IGNORE INTO ProdukVarianAtribut (id_produk, atribut_varian, sku, nilai) VALUES (93, 'STORAGE_INTERNAL', 'SKU000182', '256GB');
INSERT IGNORE INTO Produk (id_produk, id_penjual, nama, deskripsi) VALUES (94, 22, 'Synergize Collaborative Convergence Premium', 'Nostrum aut labore explicabo ipsam numquam adipisci. Cupiditate corrupti unde doloribus delectus laborum ut. Culpa nesciunt maxime sit aperiam. Autem odit vitae aliquid.');
INSERT IGNORE INTO VarianProduk (sku, harga, stok) VALUES ('SKU000183', 2591491.9, 82);
INSERT IGNORE INTO ProdukVarianAtribut (id_produk, atribut_varian, sku, nilai) VALUES (94, 'WARNA', 'SKU000183', 'Nila');
INSERT IGNORE INTO VarianProduk (sku, harga, stok) VALUES ('SKU000184', 1315490.54, 58);
INSERT IGNORE INTO ProdukVarianAtribut (id_produk, atribut_varian, sku, nilai) VALUES (94, 'UKURAN', 'SKU000184', 'L');
INSERT IGNORE INTO ProdukVarianAtribut (id_produk, atribut_varian, sku, nilai) VALUES (94, 'RESOLUSI_LAYAR', 'SKU000184', 'QHD');
INSERT IGNORE INTO ProdukVarianAtribut (id_produk, atribut_varian, sku, nilai) VALUES (94, 'RAM', 'SKU000184', '12GB');
INSERT IGNORE INTO VarianProduk (sku, harga, stok) VALUES ('SKU000185', 810799.65, 51);
INSERT IGNORE INTO ProdukVarianAtribut (id_produk, atribut_varian, sku, nilai) VALUES (94, 'JENIS_KAIN', 'SKU000185', 'Satin');
INSERT IGNORE INTO Produk (id_produk, id_penjual, nama, deskripsi) VALUES (95, 47, 'Architect Open-Source Eyeballs Serbaguna', 'Assumenda aliquid excepturi omnis occaecati. Architecto perspiciatis accusantium at aliquam molestias. Perferendis delectus assumenda tempore id eaque voluptate aut.');
INSERT IGNORE INTO VarianProduk (sku, harga, stok) VALUES ('SKU000186', 2565149.07, 60);
INSERT IGNORE INTO ProdukVarianAtribut (id_produk, atribut_varian, sku, nilai) VALUES (95, 'MATERIAL', 'SKU000186', 'Plastik ABS Food Grade');
INSERT IGNORE INTO ProdukVarianAtribut (id_produk, atribut_varian, sku, nilai) VALUES (95, 'UKURAN', 'SKU000186', 'All Size');
INSERT IGNORE INTO VarianProduk (sku, harga, stok) VALUES ('SKU000187', 2365246.66, 53);
INSERT IGNORE INTO ProdukVarianAtribut (id_produk, atribut_varian, sku, nilai) VALUES (95, 'UKURAN', 'SKU000187', 'S');
INSERT IGNORE INTO Produk (id_produk, id_penjual, nama, deskripsi) VALUES (96, 45, 'Innovate Real-Time Eyeballs Premium', 'Iste possimus facilis atque nisi eveniet. Illum soluta fugit officia.');
INSERT IGNORE INTO VarianProduk (sku, harga, stok) VALUES ('SKU000188', 2859874.2, 107);
INSERT IGNORE INTO ProdukVarianAtribut (id_produk, atribut_varian, sku, nilai) VALUES (96, 'RAM', 'SKU000188', '4GB');
INSERT IGNORE INTO Produk (id_produk, id_penjual, nama, deskripsi) VALUES (97, 5, 'Target Synergistic Applications Serbaguna', 'Earum unde quisquam nobis voluptates. Iusto qui iusto corporis.');
INSERT IGNORE INTO VarianProduk (sku, harga, stok) VALUES ('SKU000189', 80207.29, 130);
INSERT IGNORE INTO ProdukVarianAtribut (id_produk, atribut_varian, sku, nilai) VALUES (97, 'WARNA', 'SKU000189', 'Biru muda');
INSERT IGNORE INTO ProdukVarianAtribut (id_produk, atribut_varian, sku, nilai) VALUES (97, 'RESOLUSI_LAYAR', 'SKU000189', 'HD');
INSERT IGNORE INTO ProdukVarianAtribut (id_produk, atribut_varian, sku, nilai) VALUES (97, 'STORAGE_INTERNAL', 'SKU000189', '256GB');
INSERT IGNORE INTO Produk (id_produk, id_penjual, nama, deskripsi) VALUES (98, 24, 'Enhance Vertical Bandwidth Edisi Terbatas', 'Officia hic architecto saepe. Dignissimos porro minus consequuntur dolore tempore. Doloremque doloremque odit perferendis suscipit sed fugiat aspernatur.');
INSERT IGNORE INTO VarianProduk (sku, harga, stok) VALUES ('SKU000190', 2918568.13, 69);
INSERT IGNORE INTO ProdukVarianAtribut (id_produk, atribut_varian, sku, nilai) VALUES (98, 'STORAGE_INTERNAL', 'SKU000190', '512GB');
INSERT IGNORE INTO ProdukVarianAtribut (id_produk, atribut_varian, sku, nilai) VALUES (98, 'RESOLUSI_LAYAR', 'SKU000190', '4K');
INSERT IGNORE INTO VarianProduk (sku, harga, stok) VALUES ('SKU000191', 1425556.32, 102);
INSERT IGNORE INTO ProdukVarianAtribut (id_produk, atribut_varian, sku, nilai) VALUES (98, 'RAM', 'SKU000191', '12GB');
INSERT IGNORE INTO ProdukVarianAtribut (id_produk, atribut_varian, sku, nilai) VALUES (98, 'RESOLUSI_LAYAR', 'SKU000191', '4K');
INSERT IGNORE INTO Produk (id_produk, id_penjual, nama, deskripsi) VALUES (99, 49, 'Engage Bricks-And-Clicks E-Services Modern', 'Odio dolorem consequuntur error expedita consectetur a. In minus dignissimos laboriosam dolores non.');
INSERT IGNORE INTO VarianProduk (sku, harga, stok) VALUES ('SKU000192', 1822022.06, 75);
INSERT IGNORE INTO ProdukVarianAtribut (id_produk, atribut_varian, sku, nilai) VALUES (99, 'RESOLUSI_LAYAR', 'SKU000192', 'HD');
INSERT IGNORE INTO ProdukVarianAtribut (id_produk, atribut_varian, sku, nilai) VALUES (99, 'UKURAN', 'SKU000192', 'All Size');
INSERT IGNORE INTO VarianProduk (sku, harga, stok) VALUES ('SKU000193', 1601362.84, 120);
INSERT IGNORE INTO ProdukVarianAtribut (id_produk, atribut_varian, sku, nilai) VALUES (99, 'MATERIAL', 'SKU000193', 'Kulit Sintetis PU');
INSERT IGNORE INTO ProdukVarianAtribut (id_produk, atribut_varian, sku, nilai) VALUES (99, 'WARNA', 'SKU000193', 'Hijau muda');
INSERT IGNORE INTO ProdukVarianAtribut (id_produk, atribut_varian, sku, nilai) VALUES (99, 'UKURAN', 'SKU000193', '40');
INSERT IGNORE INTO Produk (id_produk, id_penjual, nama, deskripsi) VALUES (100, 13, 'Scale Dynamic Models Edisi Terbatas', 'Reprehenderit alias error sed. Pariatur similique architecto ullam molestiae at. Dolor suscipit vero deserunt.');
INSERT IGNORE INTO VarianProduk (sku, harga, stok) VALUES ('SKU000194', 864278.98, 148);
INSERT IGNORE INTO ProdukVarianAtribut (id_produk, atribut_varian, sku, nilai) VALUES (100, 'UKURAN', 'SKU000194', '38');
INSERT IGNORE INTO ProdukVarianAtribut (id_produk, atribut_varian, sku, nilai) VALUES (100, 'MATERIAL', 'SKU000194', 'Polyester Blend');
INSERT IGNORE INTO ProdukVarianAtribut (id_produk, atribut_varian, sku, nilai) VALUES (100, 'JENIS_KAIN', 'SKU000194', 'Denim');

-- Gambar
INSERT IGNORE INTO Gambar (id_gambar, gambar) VALUES (1, 'img/item/placeholder_1.jpg');
INSERT IGNORE INTO Gambar (id_gambar, gambar) VALUES (2, 'img/item/placeholder_2.jpg');
INSERT IGNORE INTO Gambar (id_gambar, gambar) VALUES (3, 'img/item/placeholder_3.jpg');
INSERT IGNORE INTO Gambar (id_gambar, gambar) VALUES (4, 'img/item/placeholder_4.jpg');
INSERT IGNORE INTO Gambar (id_gambar, gambar) VALUES (5, 'img/item/placeholder_5.jpg');
INSERT IGNORE INTO Gambar (id_gambar, gambar) VALUES (6, 'img/item/placeholder_6.jpg');
INSERT IGNORE INTO Gambar (id_gambar, gambar) VALUES (7, 'img/item/placeholder_7.jpg');
INSERT IGNORE INTO Gambar (id_gambar, gambar) VALUES (8, 'img/item/placeholder_8.jpg');
INSERT IGNORE INTO Gambar (id_gambar, gambar) VALUES (9, 'img/item/placeholder_9.jpg');
INSERT IGNORE INTO Gambar (id_gambar, gambar) VALUES (10, 'img/item/placeholder_10.jpg');
INSERT IGNORE INTO Gambar (id_gambar, gambar) VALUES (11, 'img/item/placeholder_11.jpg');
INSERT IGNORE INTO Gambar (id_gambar, gambar) VALUES (12, 'img/item/placeholder_12.jpg');
INSERT IGNORE INTO Gambar (id_gambar, gambar) VALUES (13, 'img/item/placeholder_13.jpg');
INSERT IGNORE INTO Gambar (id_gambar, gambar) VALUES (14, 'img/item/placeholder_14.jpg');
INSERT IGNORE INTO Gambar (id_gambar, gambar) VALUES (15, 'img/item/placeholder_15.jpg');
INSERT IGNORE INTO Gambar (id_gambar, gambar) VALUES (16, 'img/item/placeholder_16.jpg');
INSERT IGNORE INTO Gambar (id_gambar, gambar) VALUES (17, 'img/item/placeholder_17.jpg');
INSERT IGNORE INTO Gambar (id_gambar, gambar) VALUES (18, 'img/item/placeholder_18.jpg');
INSERT IGNORE INTO Gambar (id_gambar, gambar) VALUES (19, 'img/item/placeholder_19.jpg');
INSERT IGNORE INTO Gambar (id_gambar, gambar) VALUES (20, 'img/item/placeholder_20.jpg');
INSERT IGNORE INTO Gambar (id_gambar, gambar) VALUES (21, 'img/item/placeholder_21.jpg');
INSERT IGNORE INTO Gambar (id_gambar, gambar) VALUES (22, 'img/item/placeholder_22.jpg');
INSERT IGNORE INTO Gambar (id_gambar, gambar) VALUES (23, 'img/item/placeholder_23.jpg');
INSERT IGNORE INTO Gambar (id_gambar, gambar) VALUES (24, 'img/item/placeholder_24.jpg');
INSERT IGNORE INTO Gambar (id_gambar, gambar) VALUES (25, 'img/item/placeholder_25.jpg');
INSERT IGNORE INTO Gambar (id_gambar, gambar) VALUES (26, 'img/item/placeholder_26.jpg');
INSERT IGNORE INTO Gambar (id_gambar, gambar) VALUES (27, 'img/item/placeholder_27.jpg');
INSERT IGNORE INTO Gambar (id_gambar, gambar) VALUES (28, 'img/item/placeholder_28.jpg');
INSERT IGNORE INTO Gambar (id_gambar, gambar) VALUES (29, 'img/item/placeholder_29.jpg');
INSERT IGNORE INTO Gambar (id_gambar, gambar) VALUES (30, 'img/item/placeholder_30.jpg');
INSERT IGNORE INTO Gambar (id_gambar, gambar) VALUES (31, 'img/item/placeholder_31.jpg');
INSERT IGNORE INTO Gambar (id_gambar, gambar) VALUES (32, 'img/item/placeholder_32.jpg');
INSERT IGNORE INTO Gambar (id_gambar, gambar) VALUES (33, 'img/item/placeholder_33.jpg');
INSERT IGNORE INTO Gambar (id_gambar, gambar) VALUES (34, 'img/item/placeholder_34.jpg');
INSERT IGNORE INTO Gambar (id_gambar, gambar) VALUES (35, 'img/item/placeholder_35.jpg');
INSERT IGNORE INTO Gambar (id_gambar, gambar) VALUES (36, 'img/item/placeholder_36.jpg');
INSERT IGNORE INTO Gambar (id_gambar, gambar) VALUES (37, 'img/item/placeholder_37.jpg');
INSERT IGNORE INTO Gambar (id_gambar, gambar) VALUES (38, 'img/item/placeholder_38.jpg');
INSERT IGNORE INTO Gambar (id_gambar, gambar) VALUES (39, 'img/item/placeholder_39.jpg');
INSERT IGNORE INTO Gambar (id_gambar, gambar) VALUES (40, 'img/item/placeholder_40.jpg');
INSERT IGNORE INTO Gambar (id_gambar, gambar) VALUES (41, 'img/item/placeholder_41.jpg');
INSERT IGNORE INTO Gambar (id_gambar, gambar) VALUES (42, 'img/item/placeholder_42.jpg');
INSERT IGNORE INTO Gambar (id_gambar, gambar) VALUES (43, 'img/item/placeholder_43.jpg');
INSERT IGNORE INTO Gambar (id_gambar, gambar) VALUES (44, 'img/item/placeholder_44.jpg');
INSERT IGNORE INTO Gambar (id_gambar, gambar) VALUES (45, 'img/item/placeholder_45.jpg');
INSERT IGNORE INTO Gambar (id_gambar, gambar) VALUES (46, 'img/item/placeholder_46.jpg');
INSERT IGNORE INTO Gambar (id_gambar, gambar) VALUES (47, 'img/item/placeholder_47.jpg');
INSERT IGNORE INTO Gambar (id_gambar, gambar) VALUES (48, 'img/item/placeholder_48.jpg');
INSERT IGNORE INTO Gambar (id_gambar, gambar) VALUES (49, 'img/item/placeholder_49.jpg');
INSERT IGNORE INTO Gambar (id_gambar, gambar) VALUES (50, 'img/item/placeholder_50.jpg');
INSERT IGNORE INTO Gambar (id_gambar, gambar) VALUES (51, 'img/item/placeholder_51.jpg');
INSERT IGNORE INTO Gambar (id_gambar, gambar) VALUES (52, 'img/item/placeholder_52.jpg');
INSERT IGNORE INTO Gambar (id_gambar, gambar) VALUES (53, 'img/item/placeholder_53.jpg');
INSERT IGNORE INTO Gambar (id_gambar, gambar) VALUES (54, 'img/item/placeholder_54.jpg');
INSERT IGNORE INTO Gambar (id_gambar, gambar) VALUES (55, 'img/item/placeholder_55.jpg');
INSERT IGNORE INTO Gambar (id_gambar, gambar) VALUES (56, 'img/item/placeholder_56.jpg');
INSERT IGNORE INTO Gambar (id_gambar, gambar) VALUES (57, 'img/item/placeholder_57.jpg');
INSERT IGNORE INTO Gambar (id_gambar, gambar) VALUES (58, 'img/item/placeholder_58.jpg');
INSERT IGNORE INTO Gambar (id_gambar, gambar) VALUES (59, 'img/item/placeholder_59.jpg');
INSERT IGNORE INTO Gambar (id_gambar, gambar) VALUES (60, 'img/item/placeholder_60.jpg');
INSERT IGNORE INTO Gambar (id_gambar, gambar) VALUES (61, 'img/item/placeholder_61.jpg');
INSERT IGNORE INTO Gambar (id_gambar, gambar) VALUES (62, 'img/item/placeholder_62.jpg');
INSERT IGNORE INTO Gambar (id_gambar, gambar) VALUES (63, 'img/item/placeholder_63.jpg');
INSERT IGNORE INTO Gambar (id_gambar, gambar) VALUES (64, 'img/item/placeholder_64.jpg');
INSERT IGNORE INTO Gambar (id_gambar, gambar) VALUES (65, 'img/item/placeholder_65.jpg');
INSERT IGNORE INTO Gambar (id_gambar, gambar) VALUES (66, 'img/item/placeholder_66.jpg');
INSERT IGNORE INTO Gambar (id_gambar, gambar) VALUES (67, 'img/item/placeholder_67.jpg');
INSERT IGNORE INTO Gambar (id_gambar, gambar) VALUES (68, 'img/item/placeholder_68.jpg');
INSERT IGNORE INTO Gambar (id_gambar, gambar) VALUES (69, 'img/item/placeholder_69.jpg');
INSERT IGNORE INTO Gambar (id_gambar, gambar) VALUES (70, 'img/item/placeholder_70.jpg');
INSERT IGNORE INTO Gambar (id_gambar, gambar) VALUES (71, 'img/item/placeholder_71.jpg');
INSERT IGNORE INTO Gambar (id_gambar, gambar) VALUES (72, 'img/item/placeholder_72.jpg');
INSERT IGNORE INTO Gambar (id_gambar, gambar) VALUES (73, 'img/item/placeholder_73.jpg');
INSERT IGNORE INTO Gambar (id_gambar, gambar) VALUES (74, 'img/item/placeholder_74.jpg');
INSERT IGNORE INTO Gambar (id_gambar, gambar) VALUES (75, 'img/item/placeholder_75.jpg');
INSERT IGNORE INTO Gambar (id_gambar, gambar) VALUES (76, 'img/item/placeholder_76.jpg');
INSERT IGNORE INTO Gambar (id_gambar, gambar) VALUES (77, 'img/item/placeholder_77.jpg');
INSERT IGNORE INTO Gambar (id_gambar, gambar) VALUES (78, 'img/item/placeholder_78.jpg');
INSERT IGNORE INTO Gambar (id_gambar, gambar) VALUES (79, 'img/item/placeholder_79.jpg');
INSERT IGNORE INTO Gambar (id_gambar, gambar) VALUES (80, 'img/item/placeholder_80.jpg');
INSERT IGNORE INTO Gambar (id_gambar, gambar) VALUES (81, 'img/item/placeholder_81.jpg');
INSERT IGNORE INTO Gambar (id_gambar, gambar) VALUES (82, 'img/item/placeholder_82.jpg');
INSERT IGNORE INTO Gambar (id_gambar, gambar) VALUES (83, 'img/item/placeholder_83.jpg');
INSERT IGNORE INTO Gambar (id_gambar, gambar) VALUES (84, 'img/item/placeholder_84.jpg');
INSERT IGNORE INTO Gambar (id_gambar, gambar) VALUES (85, 'img/item/placeholder_85.jpg');
INSERT IGNORE INTO Gambar (id_gambar, gambar) VALUES (86, 'img/item/placeholder_86.jpg');
INSERT IGNORE INTO Gambar (id_gambar, gambar) VALUES (87, 'img/item/placeholder_87.jpg');
INSERT IGNORE INTO Gambar (id_gambar, gambar) VALUES (88, 'img/item/placeholder_88.jpg');
INSERT IGNORE INTO Gambar (id_gambar, gambar) VALUES (89, 'img/item/placeholder_89.jpg');
INSERT IGNORE INTO Gambar (id_gambar, gambar) VALUES (90, 'img/item/placeholder_90.jpg');
INSERT IGNORE INTO Gambar (id_gambar, gambar) VALUES (91, 'img/item/placeholder_91.jpg');
INSERT IGNORE INTO Gambar (id_gambar, gambar) VALUES (92, 'img/item/placeholder_92.jpg');
INSERT IGNORE INTO Gambar (id_gambar, gambar) VALUES (93, 'img/item/placeholder_93.jpg');
INSERT IGNORE INTO Gambar (id_gambar, gambar) VALUES (94, 'img/item/placeholder_94.jpg');
INSERT IGNORE INTO Gambar (id_gambar, gambar) VALUES (95, 'img/item/placeholder_95.jpg');
INSERT IGNORE INTO Gambar (id_gambar, gambar) VALUES (96, 'img/item/placeholder_96.jpg');
INSERT IGNORE INTO Gambar (id_gambar, gambar) VALUES (97, 'img/item/placeholder_97.jpg');
INSERT IGNORE INTO Gambar (id_gambar, gambar) VALUES (98, 'img/item/placeholder_98.jpg');
INSERT IGNORE INTO Gambar (id_gambar, gambar) VALUES (99, 'img/item/placeholder_99.jpg');
INSERT IGNORE INTO Gambar (id_gambar, gambar) VALUES (100, 'img/item/placeholder_100.jpg');
INSERT IGNORE INTO Gambar (id_gambar, gambar) VALUES (101, 'img/item/placeholder_101.jpg');
INSERT IGNORE INTO Gambar (id_gambar, gambar) VALUES (102, 'img/item/placeholder_102.jpg');
INSERT IGNORE INTO Gambar (id_gambar, gambar) VALUES (103, 'img/item/placeholder_103.jpg');
INSERT IGNORE INTO Gambar (id_gambar, gambar) VALUES (104, 'img/item/placeholder_104.jpg');
INSERT IGNORE INTO Gambar (id_gambar, gambar) VALUES (105, 'img/item/placeholder_105.jpg');
INSERT IGNORE INTO Gambar (id_gambar, gambar) VALUES (106, 'img/item/placeholder_106.jpg');
INSERT IGNORE INTO Gambar (id_gambar, gambar) VALUES (107, 'img/item/placeholder_107.jpg');
INSERT IGNORE INTO Gambar (id_gambar, gambar) VALUES (108, 'img/item/placeholder_108.jpg');
INSERT IGNORE INTO Gambar (id_gambar, gambar) VALUES (109, 'img/item/placeholder_109.jpg');
INSERT IGNORE INTO Gambar (id_gambar, gambar) VALUES (110, 'img/item/placeholder_110.jpg');
INSERT IGNORE INTO Gambar (id_gambar, gambar) VALUES (111, 'img/item/placeholder_111.jpg');
INSERT IGNORE INTO Gambar (id_gambar, gambar) VALUES (112, 'img/item/placeholder_112.jpg');
INSERT IGNORE INTO Gambar (id_gambar, gambar) VALUES (113, 'img/item/placeholder_113.jpg');
INSERT IGNORE INTO Gambar (id_gambar, gambar) VALUES (114, 'img/item/placeholder_114.jpg');
INSERT IGNORE INTO Gambar (id_gambar, gambar) VALUES (115, 'img/item/placeholder_115.jpg');
INSERT IGNORE INTO Gambar (id_gambar, gambar) VALUES (116, 'img/item/placeholder_116.jpg');
INSERT IGNORE INTO Gambar (id_gambar, gambar) VALUES (117, 'img/item/placeholder_117.jpg');
INSERT IGNORE INTO Gambar (id_gambar, gambar) VALUES (118, 'img/item/placeholder_118.jpg');
INSERT IGNORE INTO Gambar (id_gambar, gambar) VALUES (119, 'img/item/placeholder_119.jpg');
INSERT IGNORE INTO Gambar (id_gambar, gambar) VALUES (120, 'img/item/placeholder_120.jpg');
INSERT IGNORE INTO Gambar (id_gambar, gambar) VALUES (121, 'img/item/placeholder_121.jpg');
INSERT IGNORE INTO Gambar (id_gambar, gambar) VALUES (122, 'img/item/placeholder_122.jpg');
INSERT IGNORE INTO Gambar (id_gambar, gambar) VALUES (123, 'img/item/placeholder_123.jpg');
INSERT IGNORE INTO Gambar (id_gambar, gambar) VALUES (124, 'img/item/placeholder_124.jpg');
INSERT IGNORE INTO Gambar (id_gambar, gambar) VALUES (125, 'img/item/placeholder_125.jpg');
INSERT IGNORE INTO Gambar (id_gambar, gambar) VALUES (126, 'img/item/placeholder_126.jpg');
INSERT IGNORE INTO Gambar (id_gambar, gambar) VALUES (127, 'img/item/placeholder_127.jpg');
INSERT IGNORE INTO Gambar (id_gambar, gambar) VALUES (128, 'img/item/placeholder_128.jpg');
INSERT IGNORE INTO Gambar (id_gambar, gambar) VALUES (129, 'img/item/placeholder_129.jpg');
INSERT IGNORE INTO Gambar (id_gambar, gambar) VALUES (130, 'img/item/placeholder_130.jpg');
INSERT IGNORE INTO Gambar (id_gambar, gambar) VALUES (131, 'img/item/placeholder_131.jpg');
INSERT IGNORE INTO Gambar (id_gambar, gambar) VALUES (132, 'img/item/placeholder_132.jpg');
INSERT IGNORE INTO Gambar (id_gambar, gambar) VALUES (133, 'img/item/placeholder_133.jpg');
INSERT IGNORE INTO Gambar (id_gambar, gambar) VALUES (134, 'img/item/placeholder_134.jpg');
INSERT IGNORE INTO Gambar (id_gambar, gambar) VALUES (135, 'img/item/placeholder_135.jpg');
INSERT IGNORE INTO Gambar (id_gambar, gambar) VALUES (136, 'img/item/placeholder_136.jpg');
INSERT IGNORE INTO Gambar (id_gambar, gambar) VALUES (137, 'img/item/placeholder_137.jpg');
INSERT IGNORE INTO Gambar (id_gambar, gambar) VALUES (138, 'img/item/placeholder_138.jpg');
INSERT IGNORE INTO Gambar (id_gambar, gambar) VALUES (139, 'img/item/placeholder_139.jpg');
INSERT IGNORE INTO Gambar (id_gambar, gambar) VALUES (140, 'img/item/placeholder_140.jpg');
INSERT IGNORE INTO Gambar (id_gambar, gambar) VALUES (141, 'img/item/placeholder_141.jpg');
INSERT IGNORE INTO Gambar (id_gambar, gambar) VALUES (142, 'img/item/placeholder_142.jpg');
INSERT IGNORE INTO Gambar (id_gambar, gambar) VALUES (143, 'img/item/placeholder_143.jpg');
INSERT IGNORE INTO Gambar (id_gambar, gambar) VALUES (144, 'img/item/placeholder_144.jpg');
INSERT IGNORE INTO Gambar (id_gambar, gambar) VALUES (145, 'img/item/placeholder_145.jpg');
INSERT IGNORE INTO Gambar (id_gambar, gambar) VALUES (146, 'img/item/placeholder_146.jpg');
INSERT IGNORE INTO Gambar (id_gambar, gambar) VALUES (147, 'img/item/placeholder_147.jpg');
INSERT IGNORE INTO Gambar (id_gambar, gambar) VALUES (148, 'img/item/placeholder_148.jpg');
INSERT IGNORE INTO Gambar (id_gambar, gambar) VALUES (149, 'img/item/placeholder_149.jpg');
INSERT IGNORE INTO Gambar (id_gambar, gambar) VALUES (150, 'img/item/placeholder_150.jpg');
INSERT IGNORE INTO Gambar (id_gambar, gambar) VALUES (151, 'img/item/placeholder_151.jpg');
INSERT IGNORE INTO Gambar (id_gambar, gambar) VALUES (152, 'img/item/placeholder_152.jpg');
INSERT IGNORE INTO Gambar (id_gambar, gambar) VALUES (153, 'img/item/placeholder_153.jpg');
INSERT IGNORE INTO Gambar (id_gambar, gambar) VALUES (154, 'img/item/placeholder_154.jpg');
INSERT IGNORE INTO Gambar (id_gambar, gambar) VALUES (155, 'img/item/placeholder_155.jpg');
INSERT IGNORE INTO Gambar (id_gambar, gambar) VALUES (156, 'img/item/placeholder_156.jpg');
INSERT IGNORE INTO Gambar (id_gambar, gambar) VALUES (157, 'img/item/placeholder_157.jpg');
INSERT IGNORE INTO Gambar (id_gambar, gambar) VALUES (158, 'img/item/placeholder_158.jpg');
INSERT IGNORE INTO Gambar (id_gambar, gambar) VALUES (159, 'img/item/placeholder_159.jpg');
INSERT IGNORE INTO Gambar (id_gambar, gambar) VALUES (160, 'img/item/placeholder_160.jpg');
INSERT IGNORE INTO Gambar (id_gambar, gambar) VALUES (161, 'img/item/placeholder_161.jpg');
INSERT IGNORE INTO Gambar (id_gambar, gambar) VALUES (162, 'img/item/placeholder_162.jpg');
INSERT IGNORE INTO Gambar (id_gambar, gambar) VALUES (163, 'img/item/placeholder_163.jpg');
INSERT IGNORE INTO Gambar (id_gambar, gambar) VALUES (164, 'img/item/placeholder_164.jpg');
INSERT IGNORE INTO Gambar (id_gambar, gambar) VALUES (165, 'img/item/placeholder_165.jpg');
INSERT IGNORE INTO Gambar (id_gambar, gambar) VALUES (166, 'img/item/placeholder_166.jpg');
INSERT IGNORE INTO Gambar (id_gambar, gambar) VALUES (167, 'img/item/placeholder_167.jpg');
INSERT IGNORE INTO Gambar (id_gambar, gambar) VALUES (168, 'img/item/placeholder_168.jpg');
INSERT IGNORE INTO Gambar (id_gambar, gambar) VALUES (169, 'img/item/placeholder_169.jpg');
INSERT IGNORE INTO Gambar (id_gambar, gambar) VALUES (170, 'img/item/placeholder_170.jpg');
INSERT IGNORE INTO Gambar (id_gambar, gambar) VALUES (171, 'img/item/placeholder_171.jpg');
INSERT IGNORE INTO Gambar (id_gambar, gambar) VALUES (172, 'img/item/placeholder_172.jpg');
INSERT IGNORE INTO Gambar (id_gambar, gambar) VALUES (173, 'img/item/placeholder_173.jpg');
INSERT IGNORE INTO Gambar (id_gambar, gambar) VALUES (174, 'img/item/placeholder_174.jpg');
INSERT IGNORE INTO Gambar (id_gambar, gambar) VALUES (175, 'img/item/placeholder_175.jpg');
INSERT IGNORE INTO Gambar (id_gambar, gambar) VALUES (176, 'img/item/placeholder_176.jpg');
INSERT IGNORE INTO Gambar (id_gambar, gambar) VALUES (177, 'img/item/placeholder_177.jpg');
INSERT IGNORE INTO Gambar (id_gambar, gambar) VALUES (178, 'img/item/placeholder_178.jpg');
INSERT IGNORE INTO Gambar (id_gambar, gambar) VALUES (179, 'img/item/placeholder_179.jpg');
INSERT IGNORE INTO Gambar (id_gambar, gambar) VALUES (180, 'img/item/placeholder_180.jpg');
INSERT IGNORE INTO Gambar (id_gambar, gambar) VALUES (181, 'img/item/placeholder_181.jpg');
INSERT IGNORE INTO Gambar (id_gambar, gambar) VALUES (182, 'img/item/placeholder_182.jpg');
INSERT IGNORE INTO Gambar (id_gambar, gambar) VALUES (183, 'img/item/placeholder_183.jpg');
INSERT IGNORE INTO Gambar (id_gambar, gambar) VALUES (184, 'img/item/placeholder_184.jpg');
INSERT IGNORE INTO Gambar (id_gambar, gambar) VALUES (185, 'img/item/placeholder_185.jpg');
INSERT IGNORE INTO Gambar (id_gambar, gambar) VALUES (186, 'img/item/placeholder_186.jpg');
INSERT IGNORE INTO Gambar (id_gambar, gambar) VALUES (187, 'img/item/placeholder_187.jpg');
INSERT IGNORE INTO Gambar (id_gambar, gambar) VALUES (188, 'img/item/placeholder_188.jpg');
INSERT IGNORE INTO Gambar (id_gambar, gambar) VALUES (189, 'img/item/placeholder_189.jpg');
INSERT IGNORE INTO Gambar (id_gambar, gambar) VALUES (190, 'img/item/placeholder_190.jpg');
INSERT IGNORE INTO Gambar (id_gambar, gambar) VALUES (191, 'img/item/placeholder_191.jpg');
INSERT IGNORE INTO Gambar (id_gambar, gambar) VALUES (192, 'img/item/placeholder_192.jpg');
INSERT IGNORE INTO Gambar (id_gambar, gambar) VALUES (193, 'img/item/placeholder_193.jpg');
INSERT IGNORE INTO Gambar (id_gambar, gambar) VALUES (194, 'img/item/placeholder_194.jpg');
INSERT IGNORE INTO Gambar (id_gambar, gambar) VALUES (195, 'img/item/placeholder_195.jpg');
INSERT IGNORE INTO Gambar (id_gambar, gambar) VALUES (196, 'img/item/placeholder_196.jpg');
INSERT IGNORE INTO Gambar (id_gambar, gambar) VALUES (197, 'img/item/placeholder_197.jpg');
INSERT IGNORE INTO Gambar (id_gambar, gambar) VALUES (198, 'img/item/placeholder_198.jpg');
INSERT IGNORE INTO Gambar (id_gambar, gambar) VALUES (199, 'img/item/placeholder_199.jpg');
INSERT IGNORE INTO Gambar (id_gambar, gambar) VALUES (200, 'img/item/placeholder_200.jpg');

-- GambarProduk
INSERT IGNORE INTO GambarProduk (id_produk, id_gambar) VALUES (1, 165);
INSERT IGNORE INTO GambarProduk (id_produk, id_gambar) VALUES (1, 172);
INSERT IGNORE INTO GambarProduk (id_produk, id_gambar) VALUES (2, 52);
INSERT IGNORE INTO GambarProduk (id_produk, id_gambar) VALUES (3, 64);
INSERT IGNORE INTO GambarProduk (id_produk, id_gambar) VALUES (3, 81);
INSERT IGNORE INTO GambarProduk (id_produk, id_gambar) VALUES (3, 128);
INSERT IGNORE INTO GambarProduk (id_produk, id_gambar) VALUES (4, 188);
INSERT IGNORE INTO GambarProduk (id_produk, id_gambar) VALUES (4, 116);
INSERT IGNORE INTO GambarProduk (id_produk, id_gambar) VALUES (5, 123);
INSERT IGNORE INTO GambarProduk (id_produk, id_gambar) VALUES (5, 48);
INSERT IGNORE INTO GambarProduk (id_produk, id_gambar) VALUES (6, 199);
INSERT IGNORE INTO GambarProduk (id_produk, id_gambar) VALUES (6, 45);
INSERT IGNORE INTO GambarProduk (id_produk, id_gambar) VALUES (7, 177);
INSERT IGNORE INTO GambarProduk (id_produk, id_gambar) VALUES (7, 68);
INSERT IGNORE INTO GambarProduk (id_produk, id_gambar) VALUES (7, 173);
INSERT IGNORE INTO GambarProduk (id_produk, id_gambar) VALUES (8, 86);
INSERT IGNORE INTO GambarProduk (id_produk, id_gambar) VALUES (9, 195);
INSERT IGNORE INTO GambarProduk (id_produk, id_gambar) VALUES (9, 128);
INSERT IGNORE INTO GambarProduk (id_produk, id_gambar) VALUES (9, 134);
INSERT IGNORE INTO GambarProduk (id_produk, id_gambar) VALUES (10, 29);
INSERT IGNORE INTO GambarProduk (id_produk, id_gambar) VALUES (10, 39);
INSERT IGNORE INTO GambarProduk (id_produk, id_gambar) VALUES (11, 101);
INSERT IGNORE INTO GambarProduk (id_produk, id_gambar) VALUES (11, 84);
INSERT IGNORE INTO GambarProduk (id_produk, id_gambar) VALUES (12, 86);
INSERT IGNORE INTO GambarProduk (id_produk, id_gambar) VALUES (12, 14);
INSERT IGNORE INTO GambarProduk (id_produk, id_gambar) VALUES (12, 49);
INSERT IGNORE INTO GambarProduk (id_produk, id_gambar) VALUES (13, 196);
INSERT IGNORE INTO GambarProduk (id_produk, id_gambar) VALUES (13, 172);
INSERT IGNORE INTO GambarProduk (id_produk, id_gambar) VALUES (14, 116);
INSERT IGNORE INTO GambarProduk (id_produk, id_gambar) VALUES (15, 61);
INSERT IGNORE INTO GambarProduk (id_produk, id_gambar) VALUES (15, 40);
INSERT IGNORE INTO GambarProduk (id_produk, id_gambar) VALUES (15, 88);
INSERT IGNORE INTO GambarProduk (id_produk, id_gambar) VALUES (16, 114);
INSERT IGNORE INTO GambarProduk (id_produk, id_gambar) VALUES (17, 67);
INSERT IGNORE INTO GambarProduk (id_produk, id_gambar) VALUES (18, 139);
INSERT IGNORE INTO GambarProduk (id_produk, id_gambar) VALUES (18, 60);
INSERT IGNORE INTO GambarProduk (id_produk, id_gambar) VALUES (18, 124);
INSERT IGNORE INTO GambarProduk (id_produk, id_gambar) VALUES (19, 92);
INSERT IGNORE INTO GambarProduk (id_produk, id_gambar) VALUES (20, 179);
INSERT IGNORE INTO GambarProduk (id_produk, id_gambar) VALUES (21, 44);
INSERT IGNORE INTO GambarProduk (id_produk, id_gambar) VALUES (22, 166);
INSERT IGNORE INTO GambarProduk (id_produk, id_gambar) VALUES (22, 200);
INSERT IGNORE INTO GambarProduk (id_produk, id_gambar) VALUES (22, 71);
INSERT IGNORE INTO GambarProduk (id_produk, id_gambar) VALUES (23, 126);
INSERT IGNORE INTO GambarProduk (id_produk, id_gambar) VALUES (23, 105);
INSERT IGNORE INTO GambarProduk (id_produk, id_gambar) VALUES (24, 123);
INSERT IGNORE INTO GambarProduk (id_produk, id_gambar) VALUES (24, 161);
INSERT IGNORE INTO GambarProduk (id_produk, id_gambar) VALUES (25, 113);
INSERT IGNORE INTO GambarProduk (id_produk, id_gambar) VALUES (25, 83);
INSERT IGNORE INTO GambarProduk (id_produk, id_gambar) VALUES (26, 176);
INSERT IGNORE INTO GambarProduk (id_produk, id_gambar) VALUES (27, 32);
INSERT IGNORE INTO GambarProduk (id_produk, id_gambar) VALUES (28, 97);
INSERT IGNORE INTO GambarProduk (id_produk, id_gambar) VALUES (28, 17);
INSERT IGNORE INTO GambarProduk (id_produk, id_gambar) VALUES (28, 18);
INSERT IGNORE INTO GambarProduk (id_produk, id_gambar) VALUES (29, 74);
INSERT IGNORE INTO GambarProduk (id_produk, id_gambar) VALUES (30, 107);
INSERT IGNORE INTO GambarProduk (id_produk, id_gambar) VALUES (31, 63);
INSERT IGNORE INTO GambarProduk (id_produk, id_gambar) VALUES (32, 30);
INSERT IGNORE INTO GambarProduk (id_produk, id_gambar) VALUES (32, 157);
INSERT IGNORE INTO GambarProduk (id_produk, id_gambar) VALUES (33, 39);
INSERT IGNORE INTO GambarProduk (id_produk, id_gambar) VALUES (34, 35);
INSERT IGNORE INTO GambarProduk (id_produk, id_gambar) VALUES (34, 1);
INSERT IGNORE INTO GambarProduk (id_produk, id_gambar) VALUES (34, 26);
INSERT IGNORE INTO GambarProduk (id_produk, id_gambar) VALUES (35, 146);
INSERT IGNORE INTO GambarProduk (id_produk, id_gambar) VALUES (36, 148);
INSERT IGNORE INTO GambarProduk (id_produk, id_gambar) VALUES (36, 93);
INSERT IGNORE INTO GambarProduk (id_produk, id_gambar) VALUES (37, 14);
INSERT IGNORE INTO GambarProduk (id_produk, id_gambar) VALUES (37, 5);
INSERT IGNORE INTO GambarProduk (id_produk, id_gambar) VALUES (37, 50);
INSERT IGNORE INTO GambarProduk (id_produk, id_gambar) VALUES (38, 44);
INSERT IGNORE INTO GambarProduk (id_produk, id_gambar) VALUES (38, 170);
INSERT IGNORE INTO GambarProduk (id_produk, id_gambar) VALUES (39, 106);
INSERT IGNORE INTO GambarProduk (id_produk, id_gambar) VALUES (40, 12);
INSERT IGNORE INTO GambarProduk (id_produk, id_gambar) VALUES (41, 181);
INSERT IGNORE INTO GambarProduk (id_produk, id_gambar) VALUES (41, 97);
INSERT IGNORE INTO GambarProduk (id_produk, id_gambar) VALUES (41, 194);
INSERT IGNORE INTO GambarProduk (id_produk, id_gambar) VALUES (42, 118);
INSERT IGNORE INTO GambarProduk (id_produk, id_gambar) VALUES (42, 93);
INSERT IGNORE INTO GambarProduk (id_produk, id_gambar) VALUES (43, 117);
INSERT IGNORE INTO GambarProduk (id_produk, id_gambar) VALUES (44, 129);
INSERT IGNORE INTO GambarProduk (id_produk, id_gambar) VALUES (45, 121);
INSERT IGNORE INTO GambarProduk (id_produk, id_gambar) VALUES (45, 85);
INSERT IGNORE INTO GambarProduk (id_produk, id_gambar) VALUES (46, 10);
INSERT IGNORE INTO GambarProduk (id_produk, id_gambar) VALUES (46, 158);
INSERT IGNORE INTO GambarProduk (id_produk, id_gambar) VALUES (47, 130);
INSERT IGNORE INTO GambarProduk (id_produk, id_gambar) VALUES (47, 105);
INSERT IGNORE INTO GambarProduk (id_produk, id_gambar) VALUES (47, 87);
INSERT IGNORE INTO GambarProduk (id_produk, id_gambar) VALUES (48, 23);
INSERT IGNORE INTO GambarProduk (id_produk, id_gambar) VALUES (48, 200);
INSERT IGNORE INTO GambarProduk (id_produk, id_gambar) VALUES (49, 81);
INSERT IGNORE INTO GambarProduk (id_produk, id_gambar) VALUES (50, 73);
INSERT IGNORE INTO GambarProduk (id_produk, id_gambar) VALUES (51, 32);
INSERT IGNORE INTO GambarProduk (id_produk, id_gambar) VALUES (52, 168);
INSERT IGNORE INTO GambarProduk (id_produk, id_gambar) VALUES (52, 164);
INSERT IGNORE INTO GambarProduk (id_produk, id_gambar) VALUES (53, 130);
INSERT IGNORE INTO GambarProduk (id_produk, id_gambar) VALUES (54, 132);
INSERT IGNORE INTO GambarProduk (id_produk, id_gambar) VALUES (54, 129);
INSERT IGNORE INTO GambarProduk (id_produk, id_gambar) VALUES (54, 86);
INSERT IGNORE INTO GambarProduk (id_produk, id_gambar) VALUES (55, 157);
INSERT IGNORE INTO GambarProduk (id_produk, id_gambar) VALUES (55, 170);
INSERT IGNORE INTO GambarProduk (id_produk, id_gambar) VALUES (55, 191);
INSERT IGNORE INTO GambarProduk (id_produk, id_gambar) VALUES (56, 166);
INSERT IGNORE INTO GambarProduk (id_produk, id_gambar) VALUES (56, 47);
INSERT IGNORE INTO GambarProduk (id_produk, id_gambar) VALUES (56, 50);
INSERT IGNORE INTO GambarProduk (id_produk, id_gambar) VALUES (57, 196);
INSERT IGNORE INTO GambarProduk (id_produk, id_gambar) VALUES (57, 182);
INSERT IGNORE INTO GambarProduk (id_produk, id_gambar) VALUES (58, 143);
INSERT IGNORE INTO GambarProduk (id_produk, id_gambar) VALUES (58, 43);
INSERT IGNORE INTO GambarProduk (id_produk, id_gambar) VALUES (59, 182);
INSERT IGNORE INTO GambarProduk (id_produk, id_gambar) VALUES (59, 64);
INSERT IGNORE INTO GambarProduk (id_produk, id_gambar) VALUES (60, 162);
INSERT IGNORE INTO GambarProduk (id_produk, id_gambar) VALUES (60, 130);
INSERT IGNORE INTO GambarProduk (id_produk, id_gambar) VALUES (60, 55);
INSERT IGNORE INTO GambarProduk (id_produk, id_gambar) VALUES (61, 138);
INSERT IGNORE INTO GambarProduk (id_produk, id_gambar) VALUES (61, 112);
INSERT IGNORE INTO GambarProduk (id_produk, id_gambar) VALUES (61, 58);
INSERT IGNORE INTO GambarProduk (id_produk, id_gambar) VALUES (62, 98);
INSERT IGNORE INTO GambarProduk (id_produk, id_gambar) VALUES (63, 6);
INSERT IGNORE INTO GambarProduk (id_produk, id_gambar) VALUES (63, 162);
INSERT IGNORE INTO GambarProduk (id_produk, id_gambar) VALUES (63, 113);
INSERT IGNORE INTO GambarProduk (id_produk, id_gambar) VALUES (64, 200);
INSERT IGNORE INTO GambarProduk (id_produk, id_gambar) VALUES (64, 109);
INSERT IGNORE INTO GambarProduk (id_produk, id_gambar) VALUES (65, 75);
INSERT IGNORE INTO GambarProduk (id_produk, id_gambar) VALUES (65, 108);
INSERT IGNORE INTO GambarProduk (id_produk, id_gambar) VALUES (66, 177);
INSERT IGNORE INTO GambarProduk (id_produk, id_gambar) VALUES (66, 185);
INSERT IGNORE INTO GambarProduk (id_produk, id_gambar) VALUES (66, 68);
INSERT IGNORE INTO GambarProduk (id_produk, id_gambar) VALUES (67, 198);
INSERT IGNORE INTO GambarProduk (id_produk, id_gambar) VALUES (68, 22);
INSERT IGNORE INTO GambarProduk (id_produk, id_gambar) VALUES (68, 180);
INSERT IGNORE INTO GambarProduk (id_produk, id_gambar) VALUES (69, 39);
INSERT IGNORE INTO GambarProduk (id_produk, id_gambar) VALUES (69, 68);
INSERT IGNORE INTO GambarProduk (id_produk, id_gambar) VALUES (70, 11);
INSERT IGNORE INTO GambarProduk (id_produk, id_gambar) VALUES (71, 10);
INSERT IGNORE INTO GambarProduk (id_produk, id_gambar) VALUES (71, 155);
INSERT IGNORE INTO GambarProduk (id_produk, id_gambar) VALUES (71, 9);
INSERT IGNORE INTO GambarProduk (id_produk, id_gambar) VALUES (72, 17);
INSERT IGNORE INTO GambarProduk (id_produk, id_gambar) VALUES (72, 164);
INSERT IGNORE INTO GambarProduk (id_produk, id_gambar) VALUES (72, 91);
INSERT IGNORE INTO GambarProduk (id_produk, id_gambar) VALUES (73, 31);
INSERT IGNORE INTO GambarProduk (id_produk, id_gambar) VALUES (74, 152);
INSERT IGNORE INTO GambarProduk (id_produk, id_gambar) VALUES (75, 34);
INSERT IGNORE INTO GambarProduk (id_produk, id_gambar) VALUES (75, 15);
INSERT IGNORE INTO GambarProduk (id_produk, id_gambar) VALUES (76, 70);
INSERT IGNORE INTO GambarProduk (id_produk, id_gambar) VALUES (77, 196);
INSERT IGNORE INTO GambarProduk (id_produk, id_gambar) VALUES (78, 13);
INSERT IGNORE INTO GambarProduk (id_produk, id_gambar) VALUES (78, 39);
INSERT IGNORE INTO GambarProduk (id_produk, id_gambar) VALUES (78, 190);
INSERT IGNORE INTO GambarProduk (id_produk, id_gambar) VALUES (79, 145);
INSERT IGNORE INTO GambarProduk (id_produk, id_gambar) VALUES (79, 189);
INSERT IGNORE INTO GambarProduk (id_produk, id_gambar) VALUES (80, 9);
INSERT IGNORE INTO GambarProduk (id_produk, id_gambar) VALUES (80, 141);
INSERT IGNORE INTO GambarProduk (id_produk, id_gambar) VALUES (80, 129);
INSERT IGNORE INTO GambarProduk (id_produk, id_gambar) VALUES (81, 161);
INSERT IGNORE INTO GambarProduk (id_produk, id_gambar) VALUES (82, 128);
INSERT IGNORE INTO GambarProduk (id_produk, id_gambar) VALUES (82, 15);
INSERT IGNORE INTO GambarProduk (id_produk, id_gambar) VALUES (83, 169);
INSERT IGNORE INTO GambarProduk (id_produk, id_gambar) VALUES (83, 137);
INSERT IGNORE INTO GambarProduk (id_produk, id_gambar) VALUES (84, 6);
INSERT IGNORE INTO GambarProduk (id_produk, id_gambar) VALUES (84, 126);
INSERT IGNORE INTO GambarProduk (id_produk, id_gambar) VALUES (85, 7);
INSERT IGNORE INTO GambarProduk (id_produk, id_gambar) VALUES (85, 69);
INSERT IGNORE INTO GambarProduk (id_produk, id_gambar) VALUES (86, 21);
INSERT IGNORE INTO GambarProduk (id_produk, id_gambar) VALUES (86, 90);
INSERT IGNORE INTO GambarProduk (id_produk, id_gambar) VALUES (87, 64);
INSERT IGNORE INTO GambarProduk (id_produk, id_gambar) VALUES (88, 20);
INSERT IGNORE INTO GambarProduk (id_produk, id_gambar) VALUES (89, 147);
INSERT IGNORE INTO GambarProduk (id_produk, id_gambar) VALUES (90, 125);
INSERT IGNORE INTO GambarProduk (id_produk, id_gambar) VALUES (91, 103);
INSERT IGNORE INTO GambarProduk (id_produk, id_gambar) VALUES (91, 67);
INSERT IGNORE INTO GambarProduk (id_produk, id_gambar) VALUES (92, 153);
INSERT IGNORE INTO GambarProduk (id_produk, id_gambar) VALUES (93, 48);
INSERT IGNORE INTO GambarProduk (id_produk, id_gambar) VALUES (94, 159);
INSERT IGNORE INTO GambarProduk (id_produk, id_gambar) VALUES (94, 133);
INSERT IGNORE INTO GambarProduk (id_produk, id_gambar) VALUES (95, 169);
INSERT IGNORE INTO GambarProduk (id_produk, id_gambar) VALUES (96, 45);
INSERT IGNORE INTO GambarProduk (id_produk, id_gambar) VALUES (96, 112);
INSERT IGNORE INTO GambarProduk (id_produk, id_gambar) VALUES (96, 78);
INSERT IGNORE INTO GambarProduk (id_produk, id_gambar) VALUES (97, 26);
INSERT IGNORE INTO GambarProduk (id_produk, id_gambar) VALUES (98, 95);
INSERT IGNORE INTO GambarProduk (id_produk, id_gambar) VALUES (99, 153);
INSERT IGNORE INTO GambarProduk (id_produk, id_gambar) VALUES (99, 45);
INSERT IGNORE INTO GambarProduk (id_produk, id_gambar) VALUES (99, 131);
INSERT IGNORE INTO GambarProduk (id_produk, id_gambar) VALUES (100, 126);
INSERT IGNORE INTO GambarProduk (id_produk, id_gambar) VALUES (100, 15);
INSERT IGNORE INTO GambarProduk (id_produk, id_gambar) VALUES (100, 7);

-- Tag
INSERT IGNORE INTO Tag (id_tag, nama) VALUES (1, 'Elektronik');
INSERT IGNORE INTO Tag (id_tag, nama) VALUES (2, 'Fashion Pria');
INSERT IGNORE INTO Tag (id_tag, nama) VALUES (3, 'Fashion Wanita');
INSERT IGNORE INTO Tag (id_tag, nama) VALUES (4, 'Rumah Tangga');
INSERT IGNORE INTO Tag (id_tag, nama) VALUES (5, 'Kesehatan');
INSERT IGNORE INTO Tag (id_tag, nama) VALUES (6, 'Kecantikan');
INSERT IGNORE INTO Tag (id_tag, nama) VALUES (7, 'Mainan Anak');
INSERT IGNORE INTO Tag (id_tag, nama) VALUES (8, 'Buku & Alat Tulis');
INSERT IGNORE INTO Tag (id_tag, nama) VALUES (9, 'Olahraga & Outdoor');
INSERT IGNORE INTO Tag (id_tag, nama) VALUES (10, 'Otomotif Parts');
INSERT IGNORE INTO Tag (id_tag, nama) VALUES (11, 'Voucher Digital');
INSERT IGNORE INTO Tag (id_tag, nama) VALUES (12, 'Hobi & Koleksi');
INSERT IGNORE INTO Tag (id_tag, nama) VALUES (13, 'Makanan & Minuman');
INSERT IGNORE INTO Tag (id_tag, nama) VALUES (14, 'Perlengkapan Bayi');
INSERT IGNORE INTO Tag (id_tag, nama) VALUES (15, 'Komputer & Aksesoris');
INSERT IGNORE INTO Tag (id_tag, nama) VALUES (16, 'Handphone & Tablet');
INSERT IGNORE INTO Tag (id_tag, nama) VALUES (17, 'Open-Architected Mission-Critical Time-Frame 17');
INSERT IGNORE INTO Tag (id_tag, nama) VALUES (18, 'Customer-Focused Scalable Architecture 18');
INSERT IGNORE INTO Tag (id_tag, nama) VALUES (19, 'Ameliorated Mission-Critical Capability 19');
INSERT IGNORE INTO Tag (id_tag, nama) VALUES (20, 'Fully-Configurable 5Thgeneration Throughput 20');
INSERT IGNORE INTO Tag (id_tag, nama) VALUES (21, 'Open-Architected Background Database 21');
INSERT IGNORE INTO Tag (id_tag, nama) VALUES (22, 'Operative 4Thgeneration Customer Loyalty 22');
INSERT IGNORE INTO Tag (id_tag, nama) VALUES (23, 'Customer-Focused Systematic Superstructure 23');
INSERT IGNORE INTO Tag (id_tag, nama) VALUES (24, 'Intuitive 24/7 Project 24');
INSERT IGNORE INTO Tag (id_tag, nama) VALUES (25, 'Organic 4Thgeneration Leverage 25');
INSERT IGNORE INTO Tag (id_tag, nama) VALUES (26, 'Inverse Heuristic Methodology 26');
INSERT IGNORE INTO Tag (id_tag, nama) VALUES (27, 'Progressive Tertiary Moratorium 27');
INSERT IGNORE INTO Tag (id_tag, nama) VALUES (28, 'Business-Focused Next Generation Throughput 28');
INSERT IGNORE INTO Tag (id_tag, nama) VALUES (29, 'Realigned Encompassing Encoding 29');
INSERT IGNORE INTO Tag (id_tag, nama) VALUES (30, 'Polarized Intangible Customer Loyalty 30');
INSERT IGNORE INTO Tag (id_tag, nama) VALUES (31, 'User-Friendly Methodical Focus Group 31');
INSERT IGNORE INTO Tag (id_tag, nama) VALUES (32, 'Total Homogeneous Extranet 32');
INSERT IGNORE INTO Tag (id_tag, nama) VALUES (33, 'Synchronized Zero-Defect Moderator 33');
INSERT IGNORE INTO Tag (id_tag, nama) VALUES (34, 'Virtual Static Instruction Set 34');
INSERT IGNORE INTO Tag (id_tag, nama) VALUES (35, 'Distributed Reciprocal Conglomeration 35');
INSERT IGNORE INTO Tag (id_tag, nama) VALUES (36, 'Seamless Actuating Emulation 36');
INSERT IGNORE INTO Tag (id_tag, nama) VALUES (37, 'Optimized Multimedia Graphic Interface 37');
INSERT IGNORE INTO Tag (id_tag, nama) VALUES (38, 'Upgradable Multi-Tasking Ability 38');
INSERT IGNORE INTO Tag (id_tag, nama) VALUES (39, 'Networked Real-Time Function 39');
INSERT IGNORE INTO Tag (id_tag, nama) VALUES (40, 'Multi-Layered Holistic Graphic Interface 40');
INSERT IGNORE INTO Tag (id_tag, nama) VALUES (41, 'Synergistic Web-Enabled Definition 41');
INSERT IGNORE INTO Tag (id_tag, nama) VALUES (42, 'Function-Based Secondary Matrices 42');
INSERT IGNORE INTO Tag (id_tag, nama) VALUES (43, 'Automated Next Generation Emulation 43');
INSERT IGNORE INTO Tag (id_tag, nama) VALUES (44, 'Grass-Roots Encompassing Ability 44');
INSERT IGNORE INTO Tag (id_tag, nama) VALUES (45, 'Adaptive Bottom-Line Graphic Interface 45');
INSERT IGNORE INTO Tag (id_tag, nama) VALUES (46, 'Synchronized Object-Oriented Contingency 46');
INSERT IGNORE INTO Tag (id_tag, nama) VALUES (47, 'Switchable Modular Projection 47');
INSERT IGNORE INTO Tag (id_tag, nama) VALUES (48, 'De-Engineered Bifurcated Instruction Set 48');
INSERT IGNORE INTO Tag (id_tag, nama) VALUES (49, 'Fundamental Bi-Directional Frame 49');
INSERT IGNORE INTO Tag (id_tag, nama) VALUES (50, 'Devolved National Complexity 50');
INSERT IGNORE INTO Tag (id_tag, nama) VALUES (51, 'Re-Contextualized Human-Resource Synergy 51');
INSERT IGNORE INTO Tag (id_tag, nama) VALUES (52, 'Fully-Configurable Grid-Enabled Function 52');
INSERT IGNORE INTO Tag (id_tag, nama) VALUES (53, 'Total Solution-Oriented Monitoring 53');
INSERT IGNORE INTO Tag (id_tag, nama) VALUES (54, 'Grass-Roots Even-Keeled Capability 54');
INSERT IGNORE INTO Tag (id_tag, nama) VALUES (55, 'Devolved Transitional Approach 55');
INSERT IGNORE INTO Tag (id_tag, nama) VALUES (56, 'Monitored Bifurcated Structure 56');
INSERT IGNORE INTO Tag (id_tag, nama) VALUES (57, 'Multi-Layered Heuristic Success 57');
INSERT IGNORE INTO Tag (id_tag, nama) VALUES (58, 'Focused Contextually-Based Open System 58');
INSERT IGNORE INTO Tag (id_tag, nama) VALUES (59, 'Proactive Fresh-Thinking Projection 59');
INSERT IGNORE INTO Tag (id_tag, nama) VALUES (60, 'Future-Proofed Cohesive Hardware 60');
INSERT IGNORE INTO Tag (id_tag, nama) VALUES (61, 'Organized Global Knowledgebase 61');
INSERT IGNORE INTO Tag (id_tag, nama) VALUES (62, 'Right-Sized Foreground Portal 62');
INSERT IGNORE INTO Tag (id_tag, nama) VALUES (63, 'Mandatory Object-Oriented Software 63');
INSERT IGNORE INTO Tag (id_tag, nama) VALUES (64, 'Synchronized Dedicated Conglomeration 64');
INSERT IGNORE INTO Tag (id_tag, nama) VALUES (65, 'Centralized Eco-Centric Framework 65');
INSERT IGNORE INTO Tag (id_tag, nama) VALUES (66, 'Robust Exuding Hardware 66');
INSERT IGNORE INTO Tag (id_tag, nama) VALUES (67, 'Object-Based Object-Oriented Instruction Set 67');
INSERT IGNORE INTO Tag (id_tag, nama) VALUES (68, 'User-Friendly 6Thgeneration Workforce 68');
INSERT IGNORE INTO Tag (id_tag, nama) VALUES (69, 'Robust 24/7 Array 69');
INSERT IGNORE INTO Tag (id_tag, nama) VALUES (70, 'Horizontal Executive Benchmark 70');
INSERT IGNORE INTO Tag (id_tag, nama) VALUES (71, 'Grass-Roots Composite Budgetary Management 71');
INSERT IGNORE INTO Tag (id_tag, nama) VALUES (72, 'Re-Contextualized Asynchronous Analyzer 72');
INSERT IGNORE INTO Tag (id_tag, nama) VALUES (73, 'Sharable 5Thgeneration Customer Loyalty 73');
INSERT IGNORE INTO Tag (id_tag, nama) VALUES (74, 'Object-Based Eco-Centric Strategy 74');
INSERT IGNORE INTO Tag (id_tag, nama) VALUES (75, 'Robust Responsive Encoding 75');
INSERT IGNORE INTO Tag (id_tag, nama) VALUES (76, 'Universal Mobile Forecast 76');
INSERT IGNORE INTO Tag (id_tag, nama) VALUES (77, 'De-Engineered Local Concept 77');
INSERT IGNORE INTO Tag (id_tag, nama) VALUES (78, 'Operative Static Instruction Set 78');
INSERT IGNORE INTO Tag (id_tag, nama) VALUES (79, 'Devolved Discrete Matrix 79');
INSERT IGNORE INTO Tag (id_tag, nama) VALUES (80, 'Switchable Full-Range Extranet 80');
INSERT IGNORE INTO Tag (id_tag, nama) VALUES (81, 'Enhanced Scalable Frame 81');
INSERT IGNORE INTO Tag (id_tag, nama) VALUES (82, 'Customizable Attitude-Oriented Definition 82');
INSERT IGNORE INTO Tag (id_tag, nama) VALUES (83, 'Cross-Group Foreground Budgetary Management 83');
INSERT IGNORE INTO Tag (id_tag, nama) VALUES (84, 'Total Leadingedge Monitoring 84');
INSERT IGNORE INTO Tag (id_tag, nama) VALUES (85, 'Switchable Coherent Interface 85');
INSERT IGNORE INTO Tag (id_tag, nama) VALUES (86, 'Synergized Bandwidth-Monitored Secured Line 86');
INSERT IGNORE INTO Tag (id_tag, nama) VALUES (87, 'Automated Optimizing Database 87');
INSERT IGNORE INTO Tag (id_tag, nama) VALUES (88, 'Monitored Radical Collaboration 88');
INSERT IGNORE INTO Tag (id_tag, nama) VALUES (89, 'Phased Demand-Driven Implementation 89');
INSERT IGNORE INTO Tag (id_tag, nama) VALUES (90, 'Public-Key Upward-Trending Middleware 90');
INSERT IGNORE INTO Tag (id_tag, nama) VALUES (91, 'Mandatory Holistic Complexity 91');
INSERT IGNORE INTO Tag (id_tag, nama) VALUES (92, 'Assimilated High-Level Open Architecture 92');
INSERT IGNORE INTO Tag (id_tag, nama) VALUES (93, 'Multi-Tiered 4Thgeneration Task-Force 93');
INSERT IGNORE INTO Tag (id_tag, nama) VALUES (94, 'Ergonomic Bottom-Line Concept 94');
INSERT IGNORE INTO Tag (id_tag, nama) VALUES (95, 'Robust Actuating Solution 95');
INSERT IGNORE INTO Tag (id_tag, nama) VALUES (96, 'Customer-Focused Bifurcated Emulation 96');
INSERT IGNORE INTO Tag (id_tag, nama) VALUES (97, 'Integrated Background Paradigm 97');
INSERT IGNORE INTO Tag (id_tag, nama) VALUES (98, 'Phased Systematic Firmware 98');
INSERT IGNORE INTO Tag (id_tag, nama) VALUES (99, 'Compatible Heuristic Emulation 99');
INSERT IGNORE INTO Tag (id_tag, nama) VALUES (100, 'Business-Focused 5Thgeneration Interface 100');
INSERT IGNORE INTO Tag (id_tag, nama) VALUES (101, 'Stand-Alone Grid-Enabled Open Architecture 101');
INSERT IGNORE INTO Tag (id_tag, nama) VALUES (102, 'Multi-Lateral Dedicated Instruction Set 102');
INSERT IGNORE INTO Tag (id_tag, nama) VALUES (103, 'Networked Multi-Tasking Parallelism 103');
INSERT IGNORE INTO Tag (id_tag, nama) VALUES (104, 'Secured Static Knowledge User 104');
INSERT IGNORE INTO Tag (id_tag, nama) VALUES (105, 'Compatible Web-Enabled Analyzer 105');
INSERT IGNORE INTO Tag (id_tag, nama) VALUES (106, 'Universal Solution-Oriented Local Area Network 106');
INSERT IGNORE INTO Tag (id_tag, nama) VALUES (107, 'Multi-Layered 6Thgeneration Capability 107');
INSERT IGNORE INTO Tag (id_tag, nama) VALUES (108, 'Cross-Group Human-Resource Matrices 108');
INSERT IGNORE INTO Tag (id_tag, nama) VALUES (109, 'Multi-Channeled Dedicated Customer Loyalty 109');
INSERT IGNORE INTO Tag (id_tag, nama) VALUES (110, 'Stand-Alone Grid-Enabled Architecture 110');
INSERT IGNORE INTO Tag (id_tag, nama) VALUES (111, 'Fully-Configurable Client-Server Open System 111');
INSERT IGNORE INTO Tag (id_tag, nama) VALUES (112, 'Quality-Focused Modular Approach 112');
INSERT IGNORE INTO Tag (id_tag, nama) VALUES (113, 'Progressive Asymmetric Conglomeration 113');
INSERT IGNORE INTO Tag (id_tag, nama) VALUES (114, 'Enhanced Attitude-Oriented Migration 114');
INSERT IGNORE INTO Tag (id_tag, nama) VALUES (115, 'Self-Enabling Methodical Artificial Intelligence 115');
INSERT IGNORE INTO Tag (id_tag, nama) VALUES (116, 'Profit-Focused 4Thgeneration Challenge 116');
INSERT IGNORE INTO Tag (id_tag, nama) VALUES (117, 'Business-Focused Grid-Enabled Parallelism 117');
INSERT IGNORE INTO Tag (id_tag, nama) VALUES (118, 'Multi-Tiered Intangible Project 118');
INSERT IGNORE INTO Tag (id_tag, nama) VALUES (119, 'Enhanced Transitional Application 119');
INSERT IGNORE INTO Tag (id_tag, nama) VALUES (120, 'De-Engineered Needs-Based Product 120');

-- TagProduk
INSERT IGNORE INTO TagProduk (id_produk, id_tag) VALUES (1, 79);
INSERT IGNORE INTO TagProduk (id_produk, id_tag) VALUES (1, 3);
INSERT IGNORE INTO TagProduk (id_produk, id_tag) VALUES (2, 110);
INSERT IGNORE INTO TagProduk (id_produk, id_tag) VALUES (3, 58);
INSERT IGNORE INTO TagProduk (id_produk, id_tag) VALUES (3, 8);
INSERT IGNORE INTO TagProduk (id_produk, id_tag) VALUES (4, 74);
INSERT IGNORE INTO TagProduk (id_produk, id_tag) VALUES (4, 78);
INSERT IGNORE INTO TagProduk (id_produk, id_tag) VALUES (5, 73);
INSERT IGNORE INTO TagProduk (id_produk, id_tag) VALUES (6, 99);
INSERT IGNORE INTO TagProduk (id_produk, id_tag) VALUES (6, 8);
INSERT IGNORE INTO TagProduk (id_produk, id_tag) VALUES (6, 53);
INSERT IGNORE INTO TagProduk (id_produk, id_tag) VALUES (6, 24);
INSERT IGNORE INTO TagProduk (id_produk, id_tag) VALUES (7, 98);
INSERT IGNORE INTO TagProduk (id_produk, id_tag) VALUES (7, 60);
INSERT IGNORE INTO TagProduk (id_produk, id_tag) VALUES (8, 120);
INSERT IGNORE INTO TagProduk (id_produk, id_tag) VALUES (8, 92);
INSERT IGNORE INTO TagProduk (id_produk, id_tag) VALUES (8, 24);
INSERT IGNORE INTO TagProduk (id_produk, id_tag) VALUES (8, 26);
INSERT IGNORE INTO TagProduk (id_produk, id_tag) VALUES (9, 43);
INSERT IGNORE INTO TagProduk (id_produk, id_tag) VALUES (10, 30);
INSERT IGNORE INTO TagProduk (id_produk, id_tag) VALUES (11, 23);
INSERT IGNORE INTO TagProduk (id_produk, id_tag) VALUES (11, 114);
INSERT IGNORE INTO TagProduk (id_produk, id_tag) VALUES (11, 15);
INSERT IGNORE INTO TagProduk (id_produk, id_tag) VALUES (11, 94);
INSERT IGNORE INTO TagProduk (id_produk, id_tag) VALUES (12, 65);
INSERT IGNORE INTO TagProduk (id_produk, id_tag) VALUES (12, 20);
INSERT IGNORE INTO TagProduk (id_produk, id_tag) VALUES (12, 119);
INSERT IGNORE INTO TagProduk (id_produk, id_tag) VALUES (12, 62);
INSERT IGNORE INTO TagProduk (id_produk, id_tag) VALUES (13, 91);
INSERT IGNORE INTO TagProduk (id_produk, id_tag) VALUES (13, 48);
INSERT IGNORE INTO TagProduk (id_produk, id_tag) VALUES (13, 24);
INSERT IGNORE INTO TagProduk (id_produk, id_tag) VALUES (14, 79);
INSERT IGNORE INTO TagProduk (id_produk, id_tag) VALUES (15, 105);
INSERT IGNORE INTO TagProduk (id_produk, id_tag) VALUES (15, 118);
INSERT IGNORE INTO TagProduk (id_produk, id_tag) VALUES (16, 95);
INSERT IGNORE INTO TagProduk (id_produk, id_tag) VALUES (16, 50);
INSERT IGNORE INTO TagProduk (id_produk, id_tag) VALUES (16, 28);
INSERT IGNORE INTO TagProduk (id_produk, id_tag) VALUES (17, 108);
INSERT IGNORE INTO TagProduk (id_produk, id_tag) VALUES (18, 48);
INSERT IGNORE INTO TagProduk (id_produk, id_tag) VALUES (18, 87);
INSERT IGNORE INTO TagProduk (id_produk, id_tag) VALUES (18, 108);
INSERT IGNORE INTO TagProduk (id_produk, id_tag) VALUES (18, 80);
INSERT IGNORE INTO TagProduk (id_produk, id_tag) VALUES (19, 102);
INSERT IGNORE INTO TagProduk (id_produk, id_tag) VALUES (19, 84);
INSERT IGNORE INTO TagProduk (id_produk, id_tag) VALUES (20, 46);
INSERT IGNORE INTO TagProduk (id_produk, id_tag) VALUES (20, 86);
INSERT IGNORE INTO TagProduk (id_produk, id_tag) VALUES (20, 119);
INSERT IGNORE INTO TagProduk (id_produk, id_tag) VALUES (21, 48);
INSERT IGNORE INTO TagProduk (id_produk, id_tag) VALUES (21, 91);
INSERT IGNORE INTO TagProduk (id_produk, id_tag) VALUES (22, 38);
INSERT IGNORE INTO TagProduk (id_produk, id_tag) VALUES (22, 10);
INSERT IGNORE INTO TagProduk (id_produk, id_tag) VALUES (23, 112);
INSERT IGNORE INTO TagProduk (id_produk, id_tag) VALUES (23, 103);
INSERT IGNORE INTO TagProduk (id_produk, id_tag) VALUES (23, 44);
INSERT IGNORE INTO TagProduk (id_produk, id_tag) VALUES (24, 66);
INSERT IGNORE INTO TagProduk (id_produk, id_tag) VALUES (24, 36);
INSERT IGNORE INTO TagProduk (id_produk, id_tag) VALUES (25, 37);
INSERT IGNORE INTO TagProduk (id_produk, id_tag) VALUES (25, 71);
INSERT IGNORE INTO TagProduk (id_produk, id_tag) VALUES (25, 92);
INSERT IGNORE INTO TagProduk (id_produk, id_tag) VALUES (25, 31);
INSERT IGNORE INTO TagProduk (id_produk, id_tag) VALUES (26, 90);
INSERT IGNORE INTO TagProduk (id_produk, id_tag) VALUES (26, 18);
INSERT IGNORE INTO TagProduk (id_produk, id_tag) VALUES (26, 69);
INSERT IGNORE INTO TagProduk (id_produk, id_tag) VALUES (27, 40);
INSERT IGNORE INTO TagProduk (id_produk, id_tag) VALUES (27, 8);
INSERT IGNORE INTO TagProduk (id_produk, id_tag) VALUES (27, 99);
INSERT IGNORE INTO TagProduk (id_produk, id_tag) VALUES (27, 107);
INSERT IGNORE INTO TagProduk (id_produk, id_tag) VALUES (28, 31);
INSERT IGNORE INTO TagProduk (id_produk, id_tag) VALUES (28, 6);
INSERT IGNORE INTO TagProduk (id_produk, id_tag) VALUES (28, 53);
INSERT IGNORE INTO TagProduk (id_produk, id_tag) VALUES (29, 23);
INSERT IGNORE INTO TagProduk (id_produk, id_tag) VALUES (29, 38);
INSERT IGNORE INTO TagProduk (id_produk, id_tag) VALUES (30, 72);
INSERT IGNORE INTO TagProduk (id_produk, id_tag) VALUES (30, 24);
INSERT IGNORE INTO TagProduk (id_produk, id_tag) VALUES (30, 48);
INSERT IGNORE INTO TagProduk (id_produk, id_tag) VALUES (31, 51);
INSERT IGNORE INTO TagProduk (id_produk, id_tag) VALUES (31, 116);
INSERT IGNORE INTO TagProduk (id_produk, id_tag) VALUES (31, 61);
INSERT IGNORE INTO TagProduk (id_produk, id_tag) VALUES (32, 92);
INSERT IGNORE INTO TagProduk (id_produk, id_tag) VALUES (32, 117);
INSERT IGNORE INTO TagProduk (id_produk, id_tag) VALUES (33, 29);
INSERT IGNORE INTO TagProduk (id_produk, id_tag) VALUES (33, 25);
INSERT IGNORE INTO TagProduk (id_produk, id_tag) VALUES (33, 86);
INSERT IGNORE INTO TagProduk (id_produk, id_tag) VALUES (33, 120);
INSERT IGNORE INTO TagProduk (id_produk, id_tag) VALUES (34, 38);
INSERT IGNORE INTO TagProduk (id_produk, id_tag) VALUES (34, 77);
INSERT IGNORE INTO TagProduk (id_produk, id_tag) VALUES (35, 63);
INSERT IGNORE INTO TagProduk (id_produk, id_tag) VALUES (35, 95);
INSERT IGNORE INTO TagProduk (id_produk, id_tag) VALUES (35, 13);
INSERT IGNORE INTO TagProduk (id_produk, id_tag) VALUES (35, 42);
INSERT IGNORE INTO TagProduk (id_produk, id_tag) VALUES (36, 3);
INSERT IGNORE INTO TagProduk (id_produk, id_tag) VALUES (36, 86);
INSERT IGNORE INTO TagProduk (id_produk, id_tag) VALUES (37, 79);
INSERT IGNORE INTO TagProduk (id_produk, id_tag) VALUES (37, 6);
INSERT IGNORE INTO TagProduk (id_produk, id_tag) VALUES (37, 5);
INSERT IGNORE INTO TagProduk (id_produk, id_tag) VALUES (38, 40);
INSERT IGNORE INTO TagProduk (id_produk, id_tag) VALUES (39, 36);
INSERT IGNORE INTO TagProduk (id_produk, id_tag) VALUES (39, 37);
INSERT IGNORE INTO TagProduk (id_produk, id_tag) VALUES (39, 48);
INSERT IGNORE INTO TagProduk (id_produk, id_tag) VALUES (40, 67);
INSERT IGNORE INTO TagProduk (id_produk, id_tag) VALUES (40, 43);
INSERT IGNORE INTO TagProduk (id_produk, id_tag) VALUES (40, 63);
INSERT IGNORE INTO TagProduk (id_produk, id_tag) VALUES (41, 21);
INSERT IGNORE INTO TagProduk (id_produk, id_tag) VALUES (41, 62);
INSERT IGNORE INTO TagProduk (id_produk, id_tag) VALUES (41, 34);
INSERT IGNORE INTO TagProduk (id_produk, id_tag) VALUES (42, 84);
INSERT IGNORE INTO TagProduk (id_produk, id_tag) VALUES (42, 51);
INSERT IGNORE INTO TagProduk (id_produk, id_tag) VALUES (43, 110);
INSERT IGNORE INTO TagProduk (id_produk, id_tag) VALUES (44, 87);
INSERT IGNORE INTO TagProduk (id_produk, id_tag) VALUES (44, 25);
INSERT IGNORE INTO TagProduk (id_produk, id_tag) VALUES (45, 101);
INSERT IGNORE INTO TagProduk (id_produk, id_tag) VALUES (46, 40);
INSERT IGNORE INTO TagProduk (id_produk, id_tag) VALUES (47, 48);
INSERT IGNORE INTO TagProduk (id_produk, id_tag) VALUES (47, 20);
INSERT IGNORE INTO TagProduk (id_produk, id_tag) VALUES (47, 51);
INSERT IGNORE INTO TagProduk (id_produk, id_tag) VALUES (48, 113);
INSERT IGNORE INTO TagProduk (id_produk, id_tag) VALUES (48, 60);
INSERT IGNORE INTO TagProduk (id_produk, id_tag) VALUES (48, 24);
INSERT IGNORE INTO TagProduk (id_produk, id_tag) VALUES (48, 7);
INSERT IGNORE INTO TagProduk (id_produk, id_tag) VALUES (49, 103);
INSERT IGNORE INTO TagProduk (id_produk, id_tag) VALUES (49, 14);
INSERT IGNORE INTO TagProduk (id_produk, id_tag) VALUES (50, 71);
INSERT IGNORE INTO TagProduk (id_produk, id_tag) VALUES (50, 97);
INSERT IGNORE INTO TagProduk (id_produk, id_tag) VALUES (51, 102);
INSERT IGNORE INTO TagProduk (id_produk, id_tag) VALUES (51, 105);
INSERT IGNORE INTO TagProduk (id_produk, id_tag) VALUES (51, 55);
INSERT IGNORE INTO TagProduk (id_produk, id_tag) VALUES (51, 33);
INSERT IGNORE INTO TagProduk (id_produk, id_tag) VALUES (52, 24);
INSERT IGNORE INTO TagProduk (id_produk, id_tag) VALUES (53, 41);
INSERT IGNORE INTO TagProduk (id_produk, id_tag) VALUES (53, 91);
INSERT IGNORE INTO TagProduk (id_produk, id_tag) VALUES (53, 80);
INSERT IGNORE INTO TagProduk (id_produk, id_tag) VALUES (53, 111);
INSERT IGNORE INTO TagProduk (id_produk, id_tag) VALUES (54, 18);
INSERT IGNORE INTO TagProduk (id_produk, id_tag) VALUES (55, 31);
INSERT IGNORE INTO TagProduk (id_produk, id_tag) VALUES (55, 64);
INSERT IGNORE INTO TagProduk (id_produk, id_tag) VALUES (55, 86);
INSERT IGNORE INTO TagProduk (id_produk, id_tag) VALUES (56, 12);
INSERT IGNORE INTO TagProduk (id_produk, id_tag) VALUES (56, 37);
INSERT IGNORE INTO TagProduk (id_produk, id_tag) VALUES (57, 102);
INSERT IGNORE INTO TagProduk (id_produk, id_tag) VALUES (57, 81);
INSERT IGNORE INTO TagProduk (id_produk, id_tag) VALUES (57, 52);
INSERT IGNORE INTO TagProduk (id_produk, id_tag) VALUES (57, 82);
INSERT IGNORE INTO TagProduk (id_produk, id_tag) VALUES (58, 2);
INSERT IGNORE INTO TagProduk (id_produk, id_tag) VALUES (58, 12);
INSERT IGNORE INTO TagProduk (id_produk, id_tag) VALUES (58, 56);
INSERT IGNORE INTO TagProduk (id_produk, id_tag) VALUES (59, 106);
INSERT IGNORE INTO TagProduk (id_produk, id_tag) VALUES (59, 104);
INSERT IGNORE INTO TagProduk (id_produk, id_tag) VALUES (59, 66);
INSERT IGNORE INTO TagProduk (id_produk, id_tag) VALUES (60, 17);
INSERT IGNORE INTO TagProduk (id_produk, id_tag) VALUES (60, 18);
INSERT IGNORE INTO TagProduk (id_produk, id_tag) VALUES (60, 83);
INSERT IGNORE INTO TagProduk (id_produk, id_tag) VALUES (60, 93);
INSERT IGNORE INTO TagProduk (id_produk, id_tag) VALUES (61, 17);
INSERT IGNORE INTO TagProduk (id_produk, id_tag) VALUES (62, 30);
INSERT IGNORE INTO TagProduk (id_produk, id_tag) VALUES (63, 68);
INSERT IGNORE INTO TagProduk (id_produk, id_tag) VALUES (64, 21);
INSERT IGNORE INTO TagProduk (id_produk, id_tag) VALUES (64, 31);
INSERT IGNORE INTO TagProduk (id_produk, id_tag) VALUES (65, 110);
INSERT IGNORE INTO TagProduk (id_produk, id_tag) VALUES (65, 109);
INSERT IGNORE INTO TagProduk (id_produk, id_tag) VALUES (65, 13);
INSERT IGNORE INTO TagProduk (id_produk, id_tag) VALUES (66, 77);
INSERT IGNORE INTO TagProduk (id_produk, id_tag) VALUES (66, 60);
INSERT IGNORE INTO TagProduk (id_produk, id_tag) VALUES (67, 6);
INSERT IGNORE INTO TagProduk (id_produk, id_tag) VALUES (68, 99);
INSERT IGNORE INTO TagProduk (id_produk, id_tag) VALUES (68, 104);
INSERT IGNORE INTO TagProduk (id_produk, id_tag) VALUES (68, 114);
INSERT IGNORE INTO TagProduk (id_produk, id_tag) VALUES (69, 7);
INSERT IGNORE INTO TagProduk (id_produk, id_tag) VALUES (69, 25);
INSERT IGNORE INTO TagProduk (id_produk, id_tag) VALUES (69, 18);
INSERT IGNORE INTO TagProduk (id_produk, id_tag) VALUES (70, 30);
INSERT IGNORE INTO TagProduk (id_produk, id_tag) VALUES (71, 89);
INSERT IGNORE INTO TagProduk (id_produk, id_tag) VALUES (72, 34);
INSERT IGNORE INTO TagProduk (id_produk, id_tag) VALUES (73, 73);
INSERT IGNORE INTO TagProduk (id_produk, id_tag) VALUES (74, 84);
INSERT IGNORE INTO TagProduk (id_produk, id_tag) VALUES (74, 105);
INSERT IGNORE INTO TagProduk (id_produk, id_tag) VALUES (74, 66);
INSERT IGNORE INTO TagProduk (id_produk, id_tag) VALUES (75, 76);
INSERT IGNORE INTO TagProduk (id_produk, id_tag) VALUES (75, 49);
INSERT IGNORE INTO TagProduk (id_produk, id_tag) VALUES (75, 28);
INSERT IGNORE INTO TagProduk (id_produk, id_tag) VALUES (76, 119);
INSERT IGNORE INTO TagProduk (id_produk, id_tag) VALUES (76, 51);
INSERT IGNORE INTO TagProduk (id_produk, id_tag) VALUES (76, 16);
INSERT IGNORE INTO TagProduk (id_produk, id_tag) VALUES (76, 49);
INSERT IGNORE INTO TagProduk (id_produk, id_tag) VALUES (77, 24);
INSERT IGNORE INTO TagProduk (id_produk, id_tag) VALUES (77, 86);
INSERT IGNORE INTO TagProduk (id_produk, id_tag) VALUES (77, 71);
INSERT IGNORE INTO TagProduk (id_produk, id_tag) VALUES (78, 32);
INSERT IGNORE INTO TagProduk (id_produk, id_tag) VALUES (78, 54);
INSERT IGNORE INTO TagProduk (id_produk, id_tag) VALUES (78, 48);
INSERT IGNORE INTO TagProduk (id_produk, id_tag) VALUES (79, 25);
INSERT IGNORE INTO TagProduk (id_produk, id_tag) VALUES (80, 37);
INSERT IGNORE INTO TagProduk (id_produk, id_tag) VALUES (81, 104);
INSERT IGNORE INTO TagProduk (id_produk, id_tag) VALUES (81, 82);
INSERT IGNORE INTO TagProduk (id_produk, id_tag) VALUES (81, 94);
INSERT IGNORE INTO TagProduk (id_produk, id_tag) VALUES (81, 74);
INSERT IGNORE INTO TagProduk (id_produk, id_tag) VALUES (82, 53);
INSERT IGNORE INTO TagProduk (id_produk, id_tag) VALUES (82, 49);
INSERT IGNORE INTO TagProduk (id_produk, id_tag) VALUES (82, 66);
INSERT IGNORE INTO TagProduk (id_produk, id_tag) VALUES (83, 13);
INSERT IGNORE INTO TagProduk (id_produk, id_tag) VALUES (83, 16);
INSERT IGNORE INTO TagProduk (id_produk, id_tag) VALUES (83, 91);
INSERT IGNORE INTO TagProduk (id_produk, id_tag) VALUES (83, 44);
INSERT IGNORE INTO TagProduk (id_produk, id_tag) VALUES (84, 60);
INSERT IGNORE INTO TagProduk (id_produk, id_tag) VALUES (84, 37);
INSERT IGNORE INTO TagProduk (id_produk, id_tag) VALUES (84, 55);
INSERT IGNORE INTO TagProduk (id_produk, id_tag) VALUES (84, 84);
INSERT IGNORE INTO TagProduk (id_produk, id_tag) VALUES (85, 97);
INSERT IGNORE INTO TagProduk (id_produk, id_tag) VALUES (86, 38);
INSERT IGNORE INTO TagProduk (id_produk, id_tag) VALUES (86, 28);
INSERT IGNORE INTO TagProduk (id_produk, id_tag) VALUES (86, 30);
INSERT IGNORE INTO TagProduk (id_produk, id_tag) VALUES (86, 92);
INSERT IGNORE INTO TagProduk (id_produk, id_tag) VALUES (87, 98);
INSERT IGNORE INTO TagProduk (id_produk, id_tag) VALUES (88, 94);
INSERT IGNORE INTO TagProduk (id_produk, id_tag) VALUES (88, 10);
INSERT IGNORE INTO TagProduk (id_produk, id_tag) VALUES (88, 4);
INSERT IGNORE INTO TagProduk (id_produk, id_tag) VALUES (89, 107);
INSERT IGNORE INTO TagProduk (id_produk, id_tag) VALUES (89, 108);
INSERT IGNORE INTO TagProduk (id_produk, id_tag) VALUES (89, 4);
INSERT IGNORE INTO TagProduk (id_produk, id_tag) VALUES (90, 40);
INSERT IGNORE INTO TagProduk (id_produk, id_tag) VALUES (90, 78);
INSERT IGNORE INTO TagProduk (id_produk, id_tag) VALUES (90, 82);
INSERT IGNORE INTO TagProduk (id_produk, id_tag) VALUES (90, 103);
INSERT IGNORE INTO TagProduk (id_produk, id_tag) VALUES (91, 48);
INSERT IGNORE INTO TagProduk (id_produk, id_tag) VALUES (91, 87);
INSERT IGNORE INTO TagProduk (id_produk, id_tag) VALUES (91, 6);
INSERT IGNORE INTO TagProduk (id_produk, id_tag) VALUES (91, 109);
INSERT IGNORE INTO TagProduk (id_produk, id_tag) VALUES (92, 118);
INSERT IGNORE INTO TagProduk (id_produk, id_tag) VALUES (92, 18);
INSERT IGNORE INTO TagProduk (id_produk, id_tag) VALUES (93, 60);
INSERT IGNORE INTO TagProduk (id_produk, id_tag) VALUES (93, 20);
INSERT IGNORE INTO TagProduk (id_produk, id_tag) VALUES (94, 99);
INSERT IGNORE INTO TagProduk (id_produk, id_tag) VALUES (94, 23);
INSERT IGNORE INTO TagProduk (id_produk, id_tag) VALUES (94, 82);
INSERT IGNORE INTO TagProduk (id_produk, id_tag) VALUES (94, 83);
INSERT IGNORE INTO TagProduk (id_produk, id_tag) VALUES (95, 66);
INSERT IGNORE INTO TagProduk (id_produk, id_tag) VALUES (95, 23);
INSERT IGNORE INTO TagProduk (id_produk, id_tag) VALUES (95, 92);
INSERT IGNORE INTO TagProduk (id_produk, id_tag) VALUES (96, 79);
INSERT IGNORE INTO TagProduk (id_produk, id_tag) VALUES (96, 48);
INSERT IGNORE INTO TagProduk (id_produk, id_tag) VALUES (96, 51);
INSERT IGNORE INTO TagProduk (id_produk, id_tag) VALUES (97, 79);
INSERT IGNORE INTO TagProduk (id_produk, id_tag) VALUES (98, 48);
INSERT IGNORE INTO TagProduk (id_produk, id_tag) VALUES (98, 93);
INSERT IGNORE INTO TagProduk (id_produk, id_tag) VALUES (99, 27);
INSERT IGNORE INTO TagProduk (id_produk, id_tag) VALUES (99, 15);
INSERT IGNORE INTO TagProduk (id_produk, id_tag) VALUES (99, 46);
INSERT IGNORE INTO TagProduk (id_produk, id_tag) VALUES (100, 58);
INSERT IGNORE INTO TagProduk (id_produk, id_tag) VALUES (100, 41);
INSERT IGNORE INTO TagProduk (id_produk, id_tag) VALUES (100, 112);
INSERT IGNORE INTO TagProduk (id_produk, id_tag) VALUES (100, 42);

-- BarangKeranjang
INSERT IGNORE INTO BarangKeranjang (id_keranjang, sku, kuantitas) VALUES (1, 'SKU000011', 2);
INSERT IGNORE INTO BarangKeranjang (id_keranjang, sku, kuantitas) VALUES (2, 'SKU000173', 2);
INSERT IGNORE INTO BarangKeranjang (id_keranjang, sku, kuantitas) VALUES (2, 'SKU000113', 1);
INSERT IGNORE INTO BarangKeranjang (id_keranjang, sku, kuantitas) VALUES (2, 'SKU000046', 3);
INSERT IGNORE INTO BarangKeranjang (id_keranjang, sku, kuantitas) VALUES (3, 'SKU000067', 3);
INSERT IGNORE INTO BarangKeranjang (id_keranjang, sku, kuantitas) VALUES (3, 'SKU000057', 3);
INSERT IGNORE INTO BarangKeranjang (id_keranjang, sku, kuantitas) VALUES (4, 'SKU000016', 3);
INSERT IGNORE INTO BarangKeranjang (id_keranjang, sku, kuantitas) VALUES (4, 'SKU000081', 1);
INSERT IGNORE INTO BarangKeranjang (id_keranjang, sku, kuantitas) VALUES (4, 'SKU000045', 2);
INSERT IGNORE INTO BarangKeranjang (id_keranjang, sku, kuantitas) VALUES (5, 'SKU000050', 2);
INSERT IGNORE INTO BarangKeranjang (id_keranjang, sku, kuantitas) VALUES (5, 'SKU000163', 1);
INSERT IGNORE INTO BarangKeranjang (id_keranjang, sku, kuantitas) VALUES (5, 'SKU000089', 2);
INSERT IGNORE INTO BarangKeranjang (id_keranjang, sku, kuantitas) VALUES (5, 'SKU000150', 3);
INSERT IGNORE INTO BarangKeranjang (id_keranjang, sku, kuantitas) VALUES (5, 'SKU000146', 2);
INSERT IGNORE INTO BarangKeranjang (id_keranjang, sku, kuantitas) VALUES (6, 'SKU000116', 2);
INSERT IGNORE INTO BarangKeranjang (id_keranjang, sku, kuantitas) VALUES (7, 'SKU000150', 3);
INSERT IGNORE INTO BarangKeranjang (id_keranjang, sku, kuantitas) VALUES (7, 'SKU000081', 3);
INSERT IGNORE INTO BarangKeranjang (id_keranjang, sku, kuantitas) VALUES (7, 'SKU000181', 1);
INSERT IGNORE INTO BarangKeranjang (id_keranjang, sku, kuantitas) VALUES (8, 'SKU000168', 2);
INSERT IGNORE INTO BarangKeranjang (id_keranjang, sku, kuantitas) VALUES (8, 'SKU000032', 3);
INSERT IGNORE INTO BarangKeranjang (id_keranjang, sku, kuantitas) VALUES (8, 'SKU000067', 1);
INSERT IGNORE INTO BarangKeranjang (id_keranjang, sku, kuantitas) VALUES (8, 'SKU000036', 2);
INSERT IGNORE INTO BarangKeranjang (id_keranjang, sku, kuantitas) VALUES (8, 'SKU000062', 1);
INSERT IGNORE INTO BarangKeranjang (id_keranjang, sku, kuantitas) VALUES (9, 'SKU000010', 2);
INSERT IGNORE INTO BarangKeranjang (id_keranjang, sku, kuantitas) VALUES (10, 'SKU000112', 2);
INSERT IGNORE INTO BarangKeranjang (id_keranjang, sku, kuantitas) VALUES (11, 'SKU000130', 3);
INSERT IGNORE INTO BarangKeranjang (id_keranjang, sku, kuantitas) VALUES (11, 'SKU000098', 1);
INSERT IGNORE INTO BarangKeranjang (id_keranjang, sku, kuantitas) VALUES (11, 'SKU000127', 1);
INSERT IGNORE INTO BarangKeranjang (id_keranjang, sku, kuantitas) VALUES (11, 'SKU000085', 2);
INSERT IGNORE INTO BarangKeranjang (id_keranjang, sku, kuantitas) VALUES (13, 'SKU000045', 3);
INSERT IGNORE INTO BarangKeranjang (id_keranjang, sku, kuantitas) VALUES (13, 'SKU000046', 2);
INSERT IGNORE INTO BarangKeranjang (id_keranjang, sku, kuantitas) VALUES (13, 'SKU000106', 2);
INSERT IGNORE INTO BarangKeranjang (id_keranjang, sku, kuantitas) VALUES (15, 'SKU000176', 1);
INSERT IGNORE INTO BarangKeranjang (id_keranjang, sku, kuantitas) VALUES (15, 'SKU000147', 1);
INSERT IGNORE INTO BarangKeranjang (id_keranjang, sku, kuantitas) VALUES (17, 'SKU000085', 3);
INSERT IGNORE INTO BarangKeranjang (id_keranjang, sku, kuantitas) VALUES (17, 'SKU000012', 2);
INSERT IGNORE INTO BarangKeranjang (id_keranjang, sku, kuantitas) VALUES (17, 'SKU000188', 1);
INSERT IGNORE INTO BarangKeranjang (id_keranjang, sku, kuantitas) VALUES (17, 'SKU000066', 2);
INSERT IGNORE INTO BarangKeranjang (id_keranjang, sku, kuantitas) VALUES (19, 'SKU000012', 2);
INSERT IGNORE INTO BarangKeranjang (id_keranjang, sku, kuantitas) VALUES (20, 'SKU000133', 3);
INSERT IGNORE INTO BarangKeranjang (id_keranjang, sku, kuantitas) VALUES (20, 'SKU000078', 2);
INSERT IGNORE INTO BarangKeranjang (id_keranjang, sku, kuantitas) VALUES (20, 'SKU000101', 1);
INSERT IGNORE INTO BarangKeranjang (id_keranjang, sku, kuantitas) VALUES (20, 'SKU000181', 1);
INSERT IGNORE INTO BarangKeranjang (id_keranjang, sku, kuantitas) VALUES (20, 'SKU000164', 3);
INSERT IGNORE INTO BarangKeranjang (id_keranjang, sku, kuantitas) VALUES (21, 'SKU000092', 3);
INSERT IGNORE INTO BarangKeranjang (id_keranjang, sku, kuantitas) VALUES (21, 'SKU000126', 3);
INSERT IGNORE INTO BarangKeranjang (id_keranjang, sku, kuantitas) VALUES (21, 'SKU000161', 2);
INSERT IGNORE INTO BarangKeranjang (id_keranjang, sku, kuantitas) VALUES (21, 'SKU000149', 1);
INSERT IGNORE INTO BarangKeranjang (id_keranjang, sku, kuantitas) VALUES (22, 'SKU000091', 3);
INSERT IGNORE INTO BarangKeranjang (id_keranjang, sku, kuantitas) VALUES (22, 'SKU000012', 3);
INSERT IGNORE INTO BarangKeranjang (id_keranjang, sku, kuantitas) VALUES (22, 'SKU000061', 1);
INSERT IGNORE INTO BarangKeranjang (id_keranjang, sku, kuantitas) VALUES (22, 'SKU000003', 3);
INSERT IGNORE INTO BarangKeranjang (id_keranjang, sku, kuantitas) VALUES (23, 'SKU000036', 2);
INSERT IGNORE INTO BarangKeranjang (id_keranjang, sku, kuantitas) VALUES (23, 'SKU000074', 2);
INSERT IGNORE INTO BarangKeranjang (id_keranjang, sku, kuantitas) VALUES (23, 'SKU000037', 2);
INSERT IGNORE INTO BarangKeranjang (id_keranjang, sku, kuantitas) VALUES (24, 'SKU000181', 3);
INSERT IGNORE INTO BarangKeranjang (id_keranjang, sku, kuantitas) VALUES (24, 'SKU000086', 1);
INSERT IGNORE INTO BarangKeranjang (id_keranjang, sku, kuantitas) VALUES (25, 'SKU000168', 1);
INSERT IGNORE INTO BarangKeranjang (id_keranjang, sku, kuantitas) VALUES (25, 'SKU000113', 2);
INSERT IGNORE INTO BarangKeranjang (id_keranjang, sku, kuantitas) VALUES (26, 'SKU000124', 2);
INSERT IGNORE INTO BarangKeranjang (id_keranjang, sku, kuantitas) VALUES (26, 'SKU000133', 2);
INSERT IGNORE INTO BarangKeranjang (id_keranjang, sku, kuantitas) VALUES (26, 'SKU000004', 1);
INSERT IGNORE INTO BarangKeranjang (id_keranjang, sku, kuantitas) VALUES (26, 'SKU000047', 3);
INSERT IGNORE INTO BarangKeranjang (id_keranjang, sku, kuantitas) VALUES (27, 'SKU000184', 2);
INSERT IGNORE INTO BarangKeranjang (id_keranjang, sku, kuantitas) VALUES (27, 'SKU000112', 1);
INSERT IGNORE INTO BarangKeranjang (id_keranjang, sku, kuantitas) VALUES (27, 'SKU000169', 1);
INSERT IGNORE INTO BarangKeranjang (id_keranjang, sku, kuantitas) VALUES (27, 'SKU000147', 3);
INSERT IGNORE INTO BarangKeranjang (id_keranjang, sku, kuantitas) VALUES (28, 'SKU000163', 1);
INSERT IGNORE INTO BarangKeranjang (id_keranjang, sku, kuantitas) VALUES (28, 'SKU000025', 1);
INSERT IGNORE INTO BarangKeranjang (id_keranjang, sku, kuantitas) VALUES (28, 'SKU000180', 3);
INSERT IGNORE INTO BarangKeranjang (id_keranjang, sku, kuantitas) VALUES (29, 'SKU000012', 2);
INSERT IGNORE INTO BarangKeranjang (id_keranjang, sku, kuantitas) VALUES (29, 'SKU000103', 2);
INSERT IGNORE INTO BarangKeranjang (id_keranjang, sku, kuantitas) VALUES (29, 'SKU000014', 1);
INSERT IGNORE INTO BarangKeranjang (id_keranjang, sku, kuantitas) VALUES (29, 'SKU000013', 2);
INSERT IGNORE INTO BarangKeranjang (id_keranjang, sku, kuantitas) VALUES (30, 'SKU000138', 2);
INSERT IGNORE INTO BarangKeranjang (id_keranjang, sku, kuantitas) VALUES (31, 'SKU000095', 1);
INSERT IGNORE INTO BarangKeranjang (id_keranjang, sku, kuantitas) VALUES (31, 'SKU000169', 3);
INSERT IGNORE INTO BarangKeranjang (id_keranjang, sku, kuantitas) VALUES (31, 'SKU000015', 3);
INSERT IGNORE INTO BarangKeranjang (id_keranjang, sku, kuantitas) VALUES (32, 'SKU000027', 1);
INSERT IGNORE INTO BarangKeranjang (id_keranjang, sku, kuantitas) VALUES (32, 'SKU000137', 1);
INSERT IGNORE INTO BarangKeranjang (id_keranjang, sku, kuantitas) VALUES (32, 'SKU000057', 3);
INSERT IGNORE INTO BarangKeranjang (id_keranjang, sku, kuantitas) VALUES (32, 'SKU000080', 3);
INSERT IGNORE INTO BarangKeranjang (id_keranjang, sku, kuantitas) VALUES (32, 'SKU000055', 2);
INSERT IGNORE INTO BarangKeranjang (id_keranjang, sku, kuantitas) VALUES (33, 'SKU000046', 1);
INSERT IGNORE INTO BarangKeranjang (id_keranjang, sku, kuantitas) VALUES (33, 'SKU000131', 2);
INSERT IGNORE INTO BarangKeranjang (id_keranjang, sku, kuantitas) VALUES (33, 'SKU000153', 1);
INSERT IGNORE INTO BarangKeranjang (id_keranjang, sku, kuantitas) VALUES (33, 'SKU000088', 3);
INSERT IGNORE INTO BarangKeranjang (id_keranjang, sku, kuantitas) VALUES (33, 'SKU000005', 1);
INSERT IGNORE INTO BarangKeranjang (id_keranjang, sku, kuantitas) VALUES (34, 'SKU000086', 2);
INSERT IGNORE INTO BarangKeranjang (id_keranjang, sku, kuantitas) VALUES (34, 'SKU000018', 1);
INSERT IGNORE INTO BarangKeranjang (id_keranjang, sku, kuantitas) VALUES (34, 'SKU000088', 3);
INSERT IGNORE INTO BarangKeranjang (id_keranjang, sku, kuantitas) VALUES (34, 'SKU000075', 3);
INSERT IGNORE INTO BarangKeranjang (id_keranjang, sku, kuantitas) VALUES (34, 'SKU000037', 3);
INSERT IGNORE INTO BarangKeranjang (id_keranjang, sku, kuantitas) VALUES (35, 'SKU000181', 1);
INSERT IGNORE INTO BarangKeranjang (id_keranjang, sku, kuantitas) VALUES (35, 'SKU000099', 3);
INSERT IGNORE INTO BarangKeranjang (id_keranjang, sku, kuantitas) VALUES (35, 'SKU000149', 3);
INSERT IGNORE INTO BarangKeranjang (id_keranjang, sku, kuantitas) VALUES (35, 'SKU000180', 3);
INSERT IGNORE INTO BarangKeranjang (id_keranjang, sku, kuantitas) VALUES (36, 'SKU000179', 1);
INSERT IGNORE INTO BarangKeranjang (id_keranjang, sku, kuantitas) VALUES (36, 'SKU000030', 1);
INSERT IGNORE INTO BarangKeranjang (id_keranjang, sku, kuantitas) VALUES (36, 'SKU000121', 3);
INSERT IGNORE INTO BarangKeranjang (id_keranjang, sku, kuantitas) VALUES (36, 'SKU000172', 1);
INSERT IGNORE INTO BarangKeranjang (id_keranjang, sku, kuantitas) VALUES (37, 'SKU000170', 2);
INSERT IGNORE INTO BarangKeranjang (id_keranjang, sku, kuantitas) VALUES (37, 'SKU000008', 1);
INSERT IGNORE INTO BarangKeranjang (id_keranjang, sku, kuantitas) VALUES (37, 'SKU000150', 1);
INSERT IGNORE INTO BarangKeranjang (id_keranjang, sku, kuantitas) VALUES (38, 'SKU000130', 2);
INSERT IGNORE INTO BarangKeranjang (id_keranjang, sku, kuantitas) VALUES (38, 'SKU000076', 1);
INSERT IGNORE INTO BarangKeranjang (id_keranjang, sku, kuantitas) VALUES (39, 'SKU000143', 2);
INSERT IGNORE INTO BarangKeranjang (id_keranjang, sku, kuantitas) VALUES (39, 'SKU000162', 3);
INSERT IGNORE INTO BarangKeranjang (id_keranjang, sku, kuantitas) VALUES (39, 'SKU000156', 3);
INSERT IGNORE INTO BarangKeranjang (id_keranjang, sku, kuantitas) VALUES (39, 'SKU000124', 2);
INSERT IGNORE INTO BarangKeranjang (id_keranjang, sku, kuantitas) VALUES (39, 'SKU000115', 1);
INSERT IGNORE INTO BarangKeranjang (id_keranjang, sku, kuantitas) VALUES (40, 'SKU000057', 1);
INSERT IGNORE INTO BarangKeranjang (id_keranjang, sku, kuantitas) VALUES (41, 'SKU000122', 3);
INSERT IGNORE INTO BarangKeranjang (id_keranjang, sku, kuantitas) VALUES (41, 'SKU000106', 1);
INSERT IGNORE INTO BarangKeranjang (id_keranjang, sku, kuantitas) VALUES (42, 'SKU000160', 3);
INSERT IGNORE INTO BarangKeranjang (id_keranjang, sku, kuantitas) VALUES (43, 'SKU000050', 2);
INSERT IGNORE INTO BarangKeranjang (id_keranjang, sku, kuantitas) VALUES (43, 'SKU000049', 1);
INSERT IGNORE INTO BarangKeranjang (id_keranjang, sku, kuantitas) VALUES (43, 'SKU000145', 1);
INSERT IGNORE INTO BarangKeranjang (id_keranjang, sku, kuantitas) VALUES (43, 'SKU000172', 2);
INSERT IGNORE INTO BarangKeranjang (id_keranjang, sku, kuantitas) VALUES (43, 'SKU000158', 2);
INSERT IGNORE INTO BarangKeranjang (id_keranjang, sku, kuantitas) VALUES (44, 'SKU000065', 3);
INSERT IGNORE INTO BarangKeranjang (id_keranjang, sku, kuantitas) VALUES (44, 'SKU000109', 1);
INSERT IGNORE INTO BarangKeranjang (id_keranjang, sku, kuantitas) VALUES (45, 'SKU000074', 1);
INSERT IGNORE INTO BarangKeranjang (id_keranjang, sku, kuantitas) VALUES (45, 'SKU000176', 2);
INSERT IGNORE INTO BarangKeranjang (id_keranjang, sku, kuantitas) VALUES (45, 'SKU000077', 3);
INSERT IGNORE INTO BarangKeranjang (id_keranjang, sku, kuantitas) VALUES (47, 'SKU000035', 1);
INSERT IGNORE INTO BarangKeranjang (id_keranjang, sku, kuantitas) VALUES (47, 'SKU000073', 3);
INSERT IGNORE INTO BarangKeranjang (id_keranjang, sku, kuantitas) VALUES (48, 'SKU000099', 3);
INSERT IGNORE INTO BarangKeranjang (id_keranjang, sku, kuantitas) VALUES (49, 'SKU000168', 1);
INSERT IGNORE INTO BarangKeranjang (id_keranjang, sku, kuantitas) VALUES (49, 'SKU000071', 3);
INSERT IGNORE INTO BarangKeranjang (id_keranjang, sku, kuantitas) VALUES (49, 'SKU000122', 3);
INSERT IGNORE INTO BarangKeranjang (id_keranjang, sku, kuantitas) VALUES (50, 'SKU000185', 2);
INSERT IGNORE INTO BarangKeranjang (id_keranjang, sku, kuantitas) VALUES (50, 'SKU000078', 2);
INSERT IGNORE INTO BarangKeranjang (id_keranjang, sku, kuantitas) VALUES (51, 'SKU000108', 2);
INSERT IGNORE INTO BarangKeranjang (id_keranjang, sku, kuantitas) VALUES (52, 'SKU000138', 2);
INSERT IGNORE INTO BarangKeranjang (id_keranjang, sku, kuantitas) VALUES (52, 'SKU000191', 1);
INSERT IGNORE INTO BarangKeranjang (id_keranjang, sku, kuantitas) VALUES (52, 'SKU000099', 1);
INSERT IGNORE INTO BarangKeranjang (id_keranjang, sku, kuantitas) VALUES (52, 'SKU000190', 3);
INSERT IGNORE INTO BarangKeranjang (id_keranjang, sku, kuantitas) VALUES (53, 'SKU000173', 3);
INSERT IGNORE INTO BarangKeranjang (id_keranjang, sku, kuantitas) VALUES (53, 'SKU000170', 1);
INSERT IGNORE INTO BarangKeranjang (id_keranjang, sku, kuantitas) VALUES (55, 'SKU000097', 3);
INSERT IGNORE INTO BarangKeranjang (id_keranjang, sku, kuantitas) VALUES (55, 'SKU000096', 2);
INSERT IGNORE INTO BarangKeranjang (id_keranjang, sku, kuantitas) VALUES (55, 'SKU000084', 3);
INSERT IGNORE INTO BarangKeranjang (id_keranjang, sku, kuantitas) VALUES (56, 'SKU000100', 3);
INSERT IGNORE INTO BarangKeranjang (id_keranjang, sku, kuantitas) VALUES (56, 'SKU000052', 3);
INSERT IGNORE INTO BarangKeranjang (id_keranjang, sku, kuantitas) VALUES (58, 'SKU000155', 3);
INSERT IGNORE INTO BarangKeranjang (id_keranjang, sku, kuantitas) VALUES (58, 'SKU000005', 3);
INSERT IGNORE INTO BarangKeranjang (id_keranjang, sku, kuantitas) VALUES (59, 'SKU000022', 3);
INSERT IGNORE INTO BarangKeranjang (id_keranjang, sku, kuantitas) VALUES (59, 'SKU000030', 3);
INSERT IGNORE INTO BarangKeranjang (id_keranjang, sku, kuantitas) VALUES (59, 'SKU000025', 1);
INSERT IGNORE INTO BarangKeranjang (id_keranjang, sku, kuantitas) VALUES (60, 'SKU000127', 2);

-- Pesanan
INSERT IGNORE INTO Pesanan (id_pesanan, id_pembeli, metode_pembayaran, metode_pengiriman, catatan, status_pesanan, waktu_pemesanan) VALUES (1, 46, 'COD', 'Anteraja Regular', NULL, 'Dibatalkan', '2025-05-08 02:07:14');
INSERT IGNORE INTO Pesanan (id_pesanan, id_pembeli, metode_pembayaran, metode_pengiriman, catatan, status_pesanan, waktu_pemesanan) VALUES (2, 18, 'OVO', 'Sicepat Gokil', NULL, 'Pending', '2025-02-24 23:51:14');
INSERT IGNORE INTO Pesanan (id_pesanan, id_pembeli, metode_pembayaran, metode_pengiriman, catatan, status_pesanan, waktu_pemesanan) VALUES (3, 3, 'Kartu Kredit Visa', 'Sicepat HALU', 'Aut porro dolores veritatis in quisquam eum.', 'Menunggu Pembayaran', '2025-04-23 11:39:14');
INSERT IGNORE INTO Pesanan (id_pesanan, id_pembeli, metode_pembayaran, metode_pengiriman, catatan, status_pesanan, waktu_pemesanan) VALUES (4, 16, 'ShopeePay', 'Grab SameDay', NULL, 'Pengembalian Dana', '2025-03-01 13:15:14');
INSERT IGNORE INTO Pesanan (id_pesanan, id_pembeli, metode_pembayaran, metode_pengiriman, catatan, status_pesanan, waktu_pemesanan) VALUES (5, 60, 'COD', 'Sicepat Gokil', 'Inventore animi minus minus nobis nemo.', 'Selesai', '2024-12-20 20:03:14');
INSERT IGNORE INTO Pesanan (id_pesanan, id_pembeli, metode_pembayaran, metode_pengiriman, catatan, status_pesanan, waktu_pemesanan) VALUES (6, 59, 'COD', 'Sicepat HALU', NULL, 'Dikirim', '2025-03-04 07:37:14');
INSERT IGNORE INTO Pesanan (id_pesanan, id_pembeli, metode_pembayaran, metode_pengiriman, catatan, status_pesanan, waktu_pemesanan) VALUES (7, 58, 'Kartu Kredit Visa', 'J&T Express', NULL, 'Dikirim', '2025-02-16 18:41:14');
INSERT IGNORE INTO Pesanan (id_pesanan, id_pembeli, metode_pembayaran, metode_pengiriman, catatan, status_pesanan, waktu_pemesanan) VALUES (8, 39, 'COD', 'Anteraja Regular', NULL, 'Diproses', '2025-04-15 08:45:14');
INSERT IGNORE INTO Pesanan (id_pesanan, id_pembeli, metode_pembayaran, metode_pengiriman, catatan, status_pesanan, waktu_pemesanan) VALUES (9, 32, 'Transfer Bank BCA', 'Ninja Xpress', 'Odit nisi omnis.', 'Dibatalkan', '2025-04-04 06:10:14');
INSERT IGNORE INTO Pesanan (id_pesanan, id_pembeli, metode_pembayaran, metode_pengiriman, catatan, status_pesanan, waktu_pemesanan) VALUES (10, 46, 'OVO', 'POS Indonesia', 'Exercitationem quasi laboriosam perferendis provident ab.', 'Selesai', '2025-01-28 02:11:14');
INSERT IGNORE INTO Pesanan (id_pesanan, id_pembeli, metode_pembayaran, metode_pengiriman, catatan, status_pesanan, waktu_pemesanan) VALUES (11, 22, 'Indomaret', 'Sicepat Gokil', NULL, 'Dikirim', '2025-01-08 20:19:14');
INSERT IGNORE INTO Pesanan (id_pesanan, id_pembeli, metode_pembayaran, metode_pengiriman, catatan, status_pesanan, waktu_pemesanan) VALUES (12, 59, 'Transfer Bank Mandiri', 'Sicepat HALU', NULL, 'Dibatalkan', '2024-11-30 13:47:14');
INSERT IGNORE INTO Pesanan (id_pesanan, id_pembeli, metode_pembayaran, metode_pengiriman, catatan, status_pesanan, waktu_pemesanan) VALUES (13, 39, 'Alfamart', 'JNE Trucking', 'Illum laudantium perferendis veniam in mollitia corporis sint adipisci similique quisquam sapiente quam repellat amet quam.', 'Selesai', '2024-11-21 12:28:14');
INSERT IGNORE INTO Pesanan (id_pesanan, id_pembeli, metode_pembayaran, metode_pengiriman, catatan, status_pesanan, waktu_pemesanan) VALUES (14, 17, 'Kartu Kredit Visa', 'J&T Express', NULL, 'Dikirim', '2025-02-01 14:00:14');
INSERT IGNORE INTO Pesanan (id_pesanan, id_pembeli, metode_pembayaran, metode_pengiriman, catatan, status_pesanan, waktu_pemesanan) VALUES (15, 14, 'Kartu Kredit Mastercard', 'Anteraja Regular', NULL, 'Selesai', '2025-02-02 19:27:14');
INSERT IGNORE INTO Pesanan (id_pesanan, id_pembeli, metode_pembayaran, metode_pengiriman, catatan, status_pesanan, waktu_pemesanan) VALUES (16, 19, 'ShopeePay', 'JNE YES', NULL, 'Pengembalian Dana', '2025-01-24 15:40:14');
INSERT IGNORE INTO Pesanan (id_pesanan, id_pembeli, metode_pembayaran, metode_pengiriman, catatan, status_pesanan, waktu_pemesanan) VALUES (17, 53, 'Indomaret', 'JNE Trucking', NULL, 'Selesai', '2025-03-22 06:34:14');
INSERT IGNORE INTO Pesanan (id_pesanan, id_pembeli, metode_pembayaran, metode_pengiriman, catatan, status_pesanan, waktu_pemesanan) VALUES (18, 35, 'Dana', 'POS Indonesia', 'Dignissimos cumque odit dolorum illo voluptates sapiente harum voluptates repudiandae asperiores accusamus eaque itaque rerum ipsa illum.', 'Dikirim', '2025-03-24 18:31:14');
INSERT IGNORE INTO Pesanan (id_pesanan, id_pembeli, metode_pembayaran, metode_pengiriman, catatan, status_pesanan, waktu_pemesanan) VALUES (19, 5, 'GoPay', 'Sicepat HALU', 'Sapiente porro hic animi voluptate molestias tempore alias.', 'Dibatalkan', '2025-03-25 09:59:14');
INSERT IGNORE INTO Pesanan (id_pesanan, id_pembeli, metode_pembayaran, metode_pengiriman, catatan, status_pesanan, waktu_pemesanan) VALUES (20, 58, 'Virtual Account BNI', 'J&T Express', NULL, 'Pending', '2025-03-18 00:23:14');
INSERT IGNORE INTO Pesanan (id_pesanan, id_pembeli, metode_pembayaran, metode_pengiriman, catatan, status_pesanan, waktu_pemesanan) VALUES (21, 40, 'Kartu Kredit Visa', 'Sicepat BEST', NULL, 'Dibatalkan', '2024-12-18 13:04:14');
INSERT IGNORE INTO Pesanan (id_pesanan, id_pembeli, metode_pembayaran, metode_pengiriman, catatan, status_pesanan, waktu_pemesanan) VALUES (22, 19, 'Kartu Kredit Mastercard', 'Anteraja Regular', NULL, 'Dibatalkan', '2024-12-09 04:13:14');
INSERT IGNORE INTO Pesanan (id_pesanan, id_pembeli, metode_pembayaran, metode_pengiriman, catatan, status_pesanan, waktu_pemesanan) VALUES (23, 42, 'Indomaret', 'Sicepat BEST', 'Sint cumque repellendus soluta ratione architecto architecto deserunt amet.', 'Dikirim', '2025-01-02 11:48:14');
INSERT IGNORE INTO Pesanan (id_pesanan, id_pembeli, metode_pembayaran, metode_pengiriman, catatan, status_pesanan, waktu_pemesanan) VALUES (24, 31, 'Indomaret', 'JNE REG', NULL, 'Menunggu Pembayaran', '2025-04-16 17:34:14');
INSERT IGNORE INTO Pesanan (id_pesanan, id_pembeli, metode_pembayaran, metode_pengiriman, catatan, status_pesanan, waktu_pemesanan) VALUES (25, 13, 'Transfer Bank BCA', 'J&T Express', NULL, 'Pending', '2025-04-21 04:22:14');
INSERT IGNORE INTO Pesanan (id_pesanan, id_pembeli, metode_pembayaran, metode_pengiriman, catatan, status_pesanan, waktu_pemesanan) VALUES (26, 42, 'Dana', 'JNE YES', 'Deleniti ea aspernatur tenetur reprehenderit sunt ut rem aut explicabo beatae similique facilis.', 'Menunggu Pembayaran', '2025-03-07 18:33:14');
INSERT IGNORE INTO Pesanan (id_pesanan, id_pembeli, metode_pembayaran, metode_pengiriman, catatan, status_pesanan, waktu_pemesanan) VALUES (27, 26, 'Indomaret', 'Gojek Instant', 'Autem deserunt odit tempora fuga sequi.', 'Pengembalian Dana', '2025-03-15 09:52:14');
INSERT IGNORE INTO Pesanan (id_pesanan, id_pembeli, metode_pembayaran, metode_pengiriman, catatan, status_pesanan, waktu_pemesanan) VALUES (28, 28, 'Kartu Kredit Visa', 'JNE Trucking', NULL, 'Pengembalian Dana', '2024-12-13 02:26:14');
INSERT IGNORE INTO Pesanan (id_pesanan, id_pembeli, metode_pembayaran, metode_pengiriman, catatan, status_pesanan, waktu_pemesanan) VALUES (29, 23, 'Virtual Account BNI', 'POS Indonesia', 'Ex porro corporis alias ratione aut amet nemo at repudiandae nulla fuga tenetur repudiandae est.', 'Pengembalian Dana', '2024-11-20 10:33:14');
INSERT IGNORE INTO Pesanan (id_pesanan, id_pembeli, metode_pembayaran, metode_pengiriman, catatan, status_pesanan, waktu_pemesanan) VALUES (30, 49, 'ShopeePay', 'POS Indonesia', NULL, 'Menunggu Pembayaran', '2025-02-23 07:14:14');
INSERT IGNORE INTO Pesanan (id_pesanan, id_pembeli, metode_pembayaran, metode_pengiriman, catatan, status_pesanan, waktu_pemesanan) VALUES (31, 28, 'Virtual Account BNI', 'J&T Express', NULL, 'Diproses', '2024-12-28 20:42:14');
INSERT IGNORE INTO Pesanan (id_pesanan, id_pembeli, metode_pembayaran, metode_pengiriman, catatan, status_pesanan, waktu_pemesanan) VALUES (32, 10, 'Virtual Account BNI', 'Gojek Instant', NULL, 'Selesai', '2025-02-11 18:54:14');
INSERT IGNORE INTO Pesanan (id_pesanan, id_pembeli, metode_pembayaran, metode_pengiriman, catatan, status_pesanan, waktu_pemesanan) VALUES (33, 57, 'GoPay', 'JNE REG', NULL, 'Menunggu Pembayaran', '2025-03-04 14:06:14');
INSERT IGNORE INTO Pesanan (id_pesanan, id_pembeli, metode_pembayaran, metode_pengiriman, catatan, status_pesanan, waktu_pemesanan) VALUES (34, 38, 'ShopeePay', 'JNE Trucking', NULL, 'Selesai', '2025-05-05 11:20:14');
INSERT IGNORE INTO Pesanan (id_pesanan, id_pembeli, metode_pembayaran, metode_pengiriman, catatan, status_pesanan, waktu_pemesanan) VALUES (35, 7, 'Kartu Kredit Mastercard', 'Ninja Xpress', NULL, 'Pending', '2024-12-30 07:03:14');
INSERT IGNORE INTO Pesanan (id_pesanan, id_pembeli, metode_pembayaran, metode_pengiriman, catatan, status_pesanan, waktu_pemesanan) VALUES (36, 23, 'Kartu Kredit Visa', 'J&T Express', NULL, 'Dibatalkan', '2024-11-21 14:23:14');
INSERT IGNORE INTO Pesanan (id_pesanan, id_pembeli, metode_pembayaran, metode_pengiriman, catatan, status_pesanan, waktu_pemesanan) VALUES (37, 34, 'ShopeePay', 'Sicepat Gokil', 'Dignissimos quo eos ullam nihil illo non nesciunt aliquid tenetur iure distinctio.', 'Diproses', '2025-04-16 19:15:14');
INSERT IGNORE INTO Pesanan (id_pesanan, id_pembeli, metode_pembayaran, metode_pengiriman, catatan, status_pesanan, waktu_pemesanan) VALUES (38, 36, 'GoPay', 'Gojek Instant', NULL, 'Pengembalian Dana', '2025-04-30 19:28:14');
INSERT IGNORE INTO Pesanan (id_pesanan, id_pembeli, metode_pembayaran, metode_pengiriman, catatan, status_pesanan, waktu_pemesanan) VALUES (39, 28, 'Dana', 'Anteraja Regular', 'Aut aspernatur eaque tempore iure quam.', 'Dikirim', '2025-01-15 07:35:14');
INSERT IGNORE INTO Pesanan (id_pesanan, id_pembeli, metode_pembayaran, metode_pengiriman, catatan, status_pesanan, waktu_pemesanan) VALUES (40, 14, 'GoPay', 'Gojek Instant', NULL, 'Selesai', '2024-11-26 22:59:14');
INSERT IGNORE INTO Pesanan (id_pesanan, id_pembeli, metode_pembayaran, metode_pengiriman, catatan, status_pesanan, waktu_pemesanan) VALUES (41, 47, 'ShopeePay', 'JNE REG', NULL, 'Menunggu Pembayaran', '2025-02-13 03:14:14');
INSERT IGNORE INTO Pesanan (id_pesanan, id_pembeli, metode_pembayaran, metode_pengiriman, catatan, status_pesanan, waktu_pemesanan) VALUES (42, 13, 'Indomaret', 'Sicepat BEST', NULL, 'Menunggu Pembayaran', '2025-05-14 16:16:14');
INSERT IGNORE INTO Pesanan (id_pesanan, id_pembeli, metode_pembayaran, metode_pengiriman, catatan, status_pesanan, waktu_pemesanan) VALUES (43, 32, 'Virtual Account BNI', 'JNE YES', NULL, 'Menunggu Pembayaran', '2025-01-30 23:05:14');
INSERT IGNORE INTO Pesanan (id_pesanan, id_pembeli, metode_pembayaran, metode_pengiriman, catatan, status_pesanan, waktu_pemesanan) VALUES (44, 13, 'Virtual Account BNI', 'Sicepat BEST', 'Veritatis veritatis nihil sapiente recusandae ratione hic illo nulla adipisci quo error aliquid similique.', 'Selesai', '2025-01-28 00:22:14');
INSERT IGNORE INTO Pesanan (id_pesanan, id_pembeli, metode_pembayaran, metode_pengiriman, catatan, status_pesanan, waktu_pemesanan) VALUES (45, 45, 'COD', 'Gojek Instant', 'Dolores distinctio molestiae sapiente eum nam ipsum cum nam nemo maiores.', 'Dibatalkan', '2025-01-15 21:44:14');
INSERT IGNORE INTO Pesanan (id_pesanan, id_pembeli, metode_pembayaran, metode_pengiriman, catatan, status_pesanan, waktu_pemesanan) VALUES (46, 47, 'OVO', 'JNE REG', NULL, 'Selesai', '2025-04-21 15:21:14');
INSERT IGNORE INTO Pesanan (id_pesanan, id_pembeli, metode_pembayaran, metode_pengiriman, catatan, status_pesanan, waktu_pemesanan) VALUES (47, 55, 'Transfer Bank BCA', 'POS Indonesia', NULL, 'Menunggu Pembayaran', '2025-04-26 06:15:14');
INSERT IGNORE INTO Pesanan (id_pesanan, id_pembeli, metode_pembayaran, metode_pengiriman, catatan, status_pesanan, waktu_pemesanan) VALUES (48, 24, 'ShopeePay', 'JNE YES', NULL, 'Selesai', '2025-04-07 04:37:14');
INSERT IGNORE INTO Pesanan (id_pesanan, id_pembeli, metode_pembayaran, metode_pengiriman, catatan, status_pesanan, waktu_pemesanan) VALUES (49, 26, 'Kartu Kredit Mastercard', 'Sicepat HALU', 'Quam vero laborum molestias sunt vitae numquam minus occaecati neque voluptatibus omnis.', 'Pengembalian Dana', '2025-03-11 14:23:14');
INSERT IGNORE INTO Pesanan (id_pesanan, id_pembeli, metode_pembayaran, metode_pengiriman, catatan, status_pesanan, waktu_pemesanan) VALUES (50, 37, 'OVO', 'J&T Express', NULL, 'Selesai', '2025-02-05 13:34:14');
INSERT IGNORE INTO Pesanan (id_pesanan, id_pembeli, metode_pembayaran, metode_pengiriman, catatan, status_pesanan, waktu_pemesanan) VALUES (51, 22, 'Kartu Kredit Visa', 'J&T Express', NULL, 'Dikirim', '2025-03-05 00:23:14');
INSERT IGNORE INTO Pesanan (id_pesanan, id_pembeli, metode_pembayaran, metode_pengiriman, catatan, status_pesanan, waktu_pemesanan) VALUES (52, 57, 'OVO', 'POS Indonesia', NULL, 'Dikirim', '2025-05-11 04:43:14');
INSERT IGNORE INTO Pesanan (id_pesanan, id_pembeli, metode_pembayaran, metode_pengiriman, catatan, status_pesanan, waktu_pemesanan) VALUES (53, 18, 'Alfamart', 'Sicepat Gokil', NULL, 'Menunggu Pembayaran', '2025-01-05 05:13:14');
INSERT IGNORE INTO Pesanan (id_pesanan, id_pembeli, metode_pembayaran, metode_pengiriman, catatan, status_pesanan, waktu_pemesanan) VALUES (54, 2, 'Transfer Bank BCA', 'Ninja Xpress', NULL, 'Dibatalkan', '2025-01-07 14:09:14');
INSERT IGNORE INTO Pesanan (id_pesanan, id_pembeli, metode_pembayaran, metode_pengiriman, catatan, status_pesanan, waktu_pemesanan) VALUES (55, 37, 'Kartu Kredit Visa', 'Ninja Xpress', NULL, 'Pengembalian Dana', '2025-05-16 06:47:14');
INSERT IGNORE INTO Pesanan (id_pesanan, id_pembeli, metode_pembayaran, metode_pengiriman, catatan, status_pesanan, waktu_pemesanan) VALUES (56, 49, 'Dana', 'JNE REG', NULL, 'Menunggu Pembayaran', '2025-02-05 22:15:14');
INSERT IGNORE INTO Pesanan (id_pesanan, id_pembeli, metode_pembayaran, metode_pengiriman, catatan, status_pesanan, waktu_pemesanan) VALUES (57, 10, 'OVO', 'JNE Trucking', 'Aliquid quisquam atque consequuntur possimus veniam voluptates praesentium dicta ipsum non nam dolore.', 'Selesai', '2024-12-08 20:46:14');
INSERT IGNORE INTO Pesanan (id_pesanan, id_pembeli, metode_pembayaran, metode_pengiriman, catatan, status_pesanan, waktu_pemesanan) VALUES (58, 34, 'Indomaret', 'JNE Trucking', 'Itaque distinctio repellat id.', 'Menunggu Pembayaran', '2024-12-06 23:34:14');
INSERT IGNORE INTO Pesanan (id_pesanan, id_pembeli, metode_pembayaran, metode_pengiriman, catatan, status_pesanan, waktu_pemesanan) VALUES (59, 46, 'Transfer Bank Mandiri', 'POS Indonesia', NULL, 'Diproses', '2025-02-07 12:39:14');
INSERT IGNORE INTO Pesanan (id_pesanan, id_pembeli, metode_pembayaran, metode_pengiriman, catatan, status_pesanan, waktu_pemesanan) VALUES (60, 45, 'Kartu Kredit Mastercard', 'Sicepat BEST', NULL, 'Menunggu Pembayaran', '2025-01-22 12:53:14');
INSERT IGNORE INTO Pesanan (id_pesanan, id_pembeli, metode_pembayaran, metode_pengiriman, catatan, status_pesanan, waktu_pemesanan) VALUES (61, 1, 'COD', 'Anteraja Regular', NULL, 'Pending', '2024-12-08 02:48:14');
INSERT IGNORE INTO Pesanan (id_pesanan, id_pembeli, metode_pembayaran, metode_pengiriman, catatan, status_pesanan, waktu_pemesanan) VALUES (62, 24, 'Indomaret', 'Anteraja Regular', 'Culpa mollitia doloribus voluptas cum doloribus amet possimus doloremque laborum.', 'Pengembalian Dana', '2025-04-23 05:14:14');
INSERT IGNORE INTO Pesanan (id_pesanan, id_pembeli, metode_pembayaran, metode_pengiriman, catatan, status_pesanan, waktu_pemesanan) VALUES (63, 28, 'Virtual Account BNI', 'Anteraja Regular', 'Eaque repellat ad architecto.', 'Menunggu Pembayaran', '2025-04-21 19:27:14');
INSERT IGNORE INTO Pesanan (id_pesanan, id_pembeli, metode_pembayaran, metode_pengiriman, catatan, status_pesanan, waktu_pemesanan) VALUES (64, 52, 'ShopeePay', 'JNE YES', NULL, 'Dikirim', '2025-01-06 13:53:14');
INSERT IGNORE INTO Pesanan (id_pesanan, id_pembeli, metode_pembayaran, metode_pengiriman, catatan, status_pesanan, waktu_pemesanan) VALUES (65, 48, 'Transfer Bank Mandiri', 'Sicepat BEST', 'Accusantium nostrum voluptatum eveniet sunt alias doloribus nemo aspernatur repudiandae.', 'Dibatalkan', '2025-03-16 05:15:14');
INSERT IGNORE INTO Pesanan (id_pesanan, id_pembeli, metode_pembayaran, metode_pengiriman, catatan, status_pesanan, waktu_pemesanan) VALUES (66, 58, 'Transfer Bank BCA', 'Sicepat HALU', NULL, 'Diproses', '2024-11-24 11:22:14');
INSERT IGNORE INTO Pesanan (id_pesanan, id_pembeli, metode_pembayaran, metode_pengiriman, catatan, status_pesanan, waktu_pemesanan) VALUES (67, 43, 'Transfer Bank Mandiri', 'Sicepat Gokil', NULL, 'Pengembalian Dana', '2025-05-11 01:37:14');
INSERT IGNORE INTO Pesanan (id_pesanan, id_pembeli, metode_pembayaran, metode_pengiriman, catatan, status_pesanan, waktu_pemesanan) VALUES (68, 22, 'Kartu Kredit Visa', 'JNE Trucking', 'Ratione esse pariatur commodi similique animi architecto enim velit illo.', 'Dikirim', '2025-05-09 11:35:14');
INSERT IGNORE INTO Pesanan (id_pesanan, id_pembeli, metode_pembayaran, metode_pengiriman, catatan, status_pesanan, waktu_pemesanan) VALUES (69, 14, 'Indomaret', 'Gojek Instant', NULL, 'Menunggu Pembayaran', '2025-04-06 13:52:14');
INSERT IGNORE INTO Pesanan (id_pesanan, id_pembeli, metode_pembayaran, metode_pengiriman, catatan, status_pesanan, waktu_pemesanan) VALUES (70, 16, 'Alfamart', 'Sicepat HALU', NULL, 'Dibatalkan', '2024-12-05 02:50:14');
INSERT IGNORE INTO Pesanan (id_pesanan, id_pembeli, metode_pembayaran, metode_pengiriman, catatan, status_pesanan, waktu_pemesanan) VALUES (71, 54, 'Indomaret', 'Sicepat HALU', NULL, 'Pengembalian Dana', '2025-05-05 08:29:14');
INSERT IGNORE INTO Pesanan (id_pesanan, id_pembeli, metode_pembayaran, metode_pengiriman, catatan, status_pesanan, waktu_pemesanan) VALUES (72, 50, 'Alfamart', 'Sicepat Gokil', 'Magnam totam ullam minima culpa quaerat sapiente accusamus itaque suscipit porro veritatis ea harum beatae aspernatur.', 'Dibatalkan', '2025-01-17 15:54:14');
INSERT IGNORE INTO Pesanan (id_pesanan, id_pembeli, metode_pembayaran, metode_pengiriman, catatan, status_pesanan, waktu_pemesanan) VALUES (73, 43, 'OVO', 'POS Indonesia', NULL, 'Pengembalian Dana', '2024-11-25 13:12:14');
INSERT IGNORE INTO Pesanan (id_pesanan, id_pembeli, metode_pembayaran, metode_pengiriman, catatan, status_pesanan, waktu_pemesanan) VALUES (74, 59, 'ShopeePay', 'Grab SameDay', 'Distinctio totam adipisci beatae quod officiis nulla praesentium eveniet soluta nesciunt quasi.', 'Pengembalian Dana', '2025-03-06 14:07:14');
INSERT IGNORE INTO Pesanan (id_pesanan, id_pembeli, metode_pembayaran, metode_pengiriman, catatan, status_pesanan, waktu_pemesanan) VALUES (75, 2, 'Dana', 'Grab SameDay', NULL, 'Selesai', '2025-02-23 14:39:14');
INSERT IGNORE INTO Pesanan (id_pesanan, id_pembeli, metode_pembayaran, metode_pengiriman, catatan, status_pesanan, waktu_pemesanan) VALUES (76, 35, 'Kartu Kredit Mastercard', 'Sicepat BEST', 'Nisi at dicta ad aliquid id dignissimos saepe consequuntur ipsa in reiciendis minima illo.', 'Pending', '2025-05-11 08:49:14');
INSERT IGNORE INTO Pesanan (id_pesanan, id_pembeli, metode_pembayaran, metode_pengiriman, catatan, status_pesanan, waktu_pemesanan) VALUES (77, 24, 'ShopeePay', 'JNE YES', NULL, 'Menunggu Pembayaran', '2025-03-16 10:04:14');
INSERT IGNORE INTO Pesanan (id_pesanan, id_pembeli, metode_pembayaran, metode_pengiriman, catatan, status_pesanan, waktu_pemesanan) VALUES (78, 1, 'Dana', 'J&T Express', 'Porro repellat qui voluptas harum a rem porro ut ad.', 'Dibatalkan', '2025-04-09 07:04:14');
INSERT IGNORE INTO Pesanan (id_pesanan, id_pembeli, metode_pembayaran, metode_pengiriman, catatan, status_pesanan, waktu_pemesanan) VALUES (79, 24, 'Alfamart', 'Sicepat HALU', NULL, 'Diproses', '2025-02-01 03:48:14');
INSERT IGNORE INTO Pesanan (id_pesanan, id_pembeli, metode_pembayaran, metode_pengiriman, catatan, status_pesanan, waktu_pemesanan) VALUES (80, 29, 'OVO', 'J&T Express', 'Quas laudantium nobis illo.', 'Dikirim', '2025-01-07 21:37:14');
INSERT IGNORE INTO Pesanan (id_pesanan, id_pembeli, metode_pembayaran, metode_pengiriman, catatan, status_pesanan, waktu_pemesanan) VALUES (81, 14, 'Transfer Bank BCA', 'Sicepat HALU', 'Consequuntur earum explicabo deserunt animi molestiae consequatur perspiciatis asperiores fugit rerum et.', 'Selesai', '2025-02-07 01:15:14');
INSERT IGNORE INTO Pesanan (id_pesanan, id_pembeli, metode_pembayaran, metode_pengiriman, catatan, status_pesanan, waktu_pemesanan) VALUES (82, 59, 'Transfer Bank Mandiri', 'Sicepat Gokil', 'Deserunt quidem adipisci ipsum iste tempora minus cupiditate nobis blanditiis quod.', 'Diproses', '2025-05-11 23:36:14');
INSERT IGNORE INTO Pesanan (id_pesanan, id_pembeli, metode_pembayaran, metode_pengiriman, catatan, status_pesanan, waktu_pemesanan) VALUES (83, 47, 'ShopeePay', 'Grab SameDay', NULL, 'Selesai', '2025-03-27 00:25:14');
INSERT IGNORE INTO Pesanan (id_pesanan, id_pembeli, metode_pembayaran, metode_pengiriman, catatan, status_pesanan, waktu_pemesanan) VALUES (84, 43, 'COD', 'POS Indonesia', NULL, 'Dibatalkan', '2024-12-16 10:52:14');
INSERT IGNORE INTO Pesanan (id_pesanan, id_pembeli, metode_pembayaran, metode_pengiriman, catatan, status_pesanan, waktu_pemesanan) VALUES (85, 29, 'Kartu Kredit Visa', 'Grab SameDay', NULL, 'Selesai', '2025-03-25 17:00:14');
INSERT IGNORE INTO Pesanan (id_pesanan, id_pembeli, metode_pembayaran, metode_pengiriman, catatan, status_pesanan, waktu_pemesanan) VALUES (86, 6, 'ShopeePay', 'Ninja Xpress', 'Non voluptas occaecati nisi numquam perspiciatis perferendis voluptates animi sed molestiae voluptas explicabo dolor impedit.', 'Dibatalkan', '2025-01-02 00:59:14');
INSERT IGNORE INTO Pesanan (id_pesanan, id_pembeli, metode_pembayaran, metode_pengiriman, catatan, status_pesanan, waktu_pemesanan) VALUES (87, 30, 'Kartu Kredit Visa', 'Sicepat BEST', 'Necessitatibus laboriosam doloremque a voluptas veritatis officia nihil cum voluptatibus consequatur veritatis quisquam excepturi fugit rem.', 'Selesai', '2025-01-02 21:10:14');
INSERT IGNORE INTO Pesanan (id_pesanan, id_pembeli, metode_pembayaran, metode_pengiriman, catatan, status_pesanan, waktu_pemesanan) VALUES (88, 3, 'GoPay', 'Anteraja Regular', NULL, 'Dibatalkan', '2024-11-24 19:26:14');
INSERT IGNORE INTO Pesanan (id_pesanan, id_pembeli, metode_pembayaran, metode_pengiriman, catatan, status_pesanan, waktu_pemesanan) VALUES (89, 17, 'Alfamart', 'JNE Trucking', NULL, 'Dikirim', '2024-12-24 13:52:14');
INSERT IGNORE INTO Pesanan (id_pesanan, id_pembeli, metode_pembayaran, metode_pengiriman, catatan, status_pesanan, waktu_pemesanan) VALUES (90, 27, 'Transfer Bank Mandiri', 'Sicepat BEST', NULL, 'Dibatalkan', '2024-12-02 17:32:14');
INSERT IGNORE INTO Pesanan (id_pesanan, id_pembeli, metode_pembayaran, metode_pengiriman, catatan, status_pesanan, waktu_pemesanan) VALUES (91, 4, 'Alfamart', 'Sicepat Gokil', NULL, 'Pending', '2025-03-16 06:34:14');
INSERT IGNORE INTO Pesanan (id_pesanan, id_pembeli, metode_pembayaran, metode_pengiriman, catatan, status_pesanan, waktu_pemesanan) VALUES (92, 49, 'Kartu Kredit Visa', 'Sicepat BEST', 'Eum aliquid accusantium itaque.', 'Diproses', '2025-03-15 05:04:14');
INSERT IGNORE INTO Pesanan (id_pesanan, id_pembeli, metode_pembayaran, metode_pengiriman, catatan, status_pesanan, waktu_pemesanan) VALUES (93, 7, 'ShopeePay', 'JNE YES', 'Repellat odit quos deserunt.', 'Dikirim', '2025-01-28 20:34:14');
INSERT IGNORE INTO Pesanan (id_pesanan, id_pembeli, metode_pembayaran, metode_pengiriman, catatan, status_pesanan, waktu_pemesanan) VALUES (94, 43, 'COD', 'Grab SameDay', 'Iste harum ratione maxime a blanditiis occaecati suscipit rerum exercitationem.', 'Pending', '2024-12-09 20:10:14');
INSERT IGNORE INTO Pesanan (id_pesanan, id_pembeli, metode_pembayaran, metode_pengiriman, catatan, status_pesanan, waktu_pemesanan) VALUES (95, 53, 'Transfer Bank Mandiri', 'Sicepat HALU', NULL, 'Selesai', '2025-05-10 08:50:14');
INSERT IGNORE INTO Pesanan (id_pesanan, id_pembeli, metode_pembayaran, metode_pengiriman, catatan, status_pesanan, waktu_pemesanan) VALUES (96, 3, 'ShopeePay', 'J&T Express', 'Doloremque veritatis quisquam vel ipsum ducimus quisquam et odio ducimus aperiam nam similique ut voluptate officiis omnis.', 'Pengembalian Dana', '2025-02-21 20:57:14');
INSERT IGNORE INTO Pesanan (id_pesanan, id_pembeli, metode_pembayaran, metode_pengiriman, catatan, status_pesanan, waktu_pemesanan) VALUES (97, 52, 'Kartu Kredit Mastercard', 'Anteraja Regular', NULL, 'Dikirim', '2025-05-14 05:09:14');
INSERT IGNORE INTO Pesanan (id_pesanan, id_pembeli, metode_pembayaran, metode_pengiriman, catatan, status_pesanan, waktu_pemesanan) VALUES (98, 15, 'Virtual Account BNI', 'Ninja Xpress', 'Voluptatum dolores perspiciatis sunt quisquam maiores mollitia quibusdam sequi consequatur molestias.', 'Selesai', '2025-02-01 02:36:14');
INSERT IGNORE INTO Pesanan (id_pesanan, id_pembeli, metode_pembayaran, metode_pengiriman, catatan, status_pesanan, waktu_pemesanan) VALUES (99, 7, 'Alfamart', 'Grab SameDay', 'Nulla modi odit assumenda libero nesciunt accusantium.', 'Selesai', '2025-01-17 16:31:14');
INSERT IGNORE INTO Pesanan (id_pesanan, id_pembeli, metode_pembayaran, metode_pengiriman, catatan, status_pesanan, waktu_pemesanan) VALUES (100, 40, 'Kartu Kredit Visa', 'Sicepat Gokil', NULL, 'Dikirim', '2024-11-20 03:47:14');

-- BarangPesanan
INSERT IGNORE INTO BarangPesanan (id_pesanan, sku, kuantitas) VALUES (1, 'SKU000126', 2);
INSERT IGNORE INTO BarangPesanan (id_pesanan, sku, kuantitas) VALUES (1, 'SKU000128', 1);
INSERT IGNORE INTO BarangPesanan (id_pesanan, sku, kuantitas) VALUES (2, 'SKU000015', 2);
INSERT IGNORE INTO BarangPesanan (id_pesanan, sku, kuantitas) VALUES (2, 'SKU000155', 2);
INSERT IGNORE INTO BarangPesanan (id_pesanan, sku, kuantitas) VALUES (3, 'SKU000013', 2);
INSERT IGNORE INTO BarangPesanan (id_pesanan, sku, kuantitas) VALUES (4, 'SKU000080', 2);
INSERT IGNORE INTO BarangPesanan (id_pesanan, sku, kuantitas) VALUES (4, 'SKU000148', 2);
INSERT IGNORE INTO BarangPesanan (id_pesanan, sku, kuantitas) VALUES (4, 'SKU000029', 2);
INSERT IGNORE INTO BarangPesanan (id_pesanan, sku, kuantitas) VALUES (4, 'SKU000145', 2);
INSERT IGNORE INTO BarangPesanan (id_pesanan, sku, kuantitas) VALUES (5, 'SKU000098', 2);
INSERT IGNORE INTO BarangPesanan (id_pesanan, sku, kuantitas) VALUES (6, 'SKU000076', 1);
INSERT IGNORE INTO BarangPesanan (id_pesanan, sku, kuantitas) VALUES (6, 'SKU000154', 1);
INSERT IGNORE INTO BarangPesanan (id_pesanan, sku, kuantitas) VALUES (6, 'SKU000029', 2);
INSERT IGNORE INTO BarangPesanan (id_pesanan, sku, kuantitas) VALUES (6, 'SKU000067', 2);
INSERT IGNORE INTO BarangPesanan (id_pesanan, sku, kuantitas) VALUES (7, 'SKU000106', 1);
INSERT IGNORE INTO BarangPesanan (id_pesanan, sku, kuantitas) VALUES (7, 'SKU000089', 2);
INSERT IGNORE INTO BarangPesanan (id_pesanan, sku, kuantitas) VALUES (7, 'SKU000108', 2);
INSERT IGNORE INTO BarangPesanan (id_pesanan, sku, kuantitas) VALUES (8, 'SKU000168', 2);
INSERT IGNORE INTO BarangPesanan (id_pesanan, sku, kuantitas) VALUES (8, 'SKU000186', 2);
INSERT IGNORE INTO BarangPesanan (id_pesanan, sku, kuantitas) VALUES (9, 'SKU000089', 1);
INSERT IGNORE INTO BarangPesanan (id_pesanan, sku, kuantitas) VALUES (9, 'SKU000022', 2);
INSERT IGNORE INTO BarangPesanan (id_pesanan, sku, kuantitas) VALUES (9, 'SKU000042', 2);
INSERT IGNORE INTO BarangPesanan (id_pesanan, sku, kuantitas) VALUES (9, 'SKU000092', 2);
INSERT IGNORE INTO BarangPesanan (id_pesanan, sku, kuantitas) VALUES (10, 'SKU000012', 2);
INSERT IGNORE INTO BarangPesanan (id_pesanan, sku, kuantitas) VALUES (10, 'SKU000115', 1);
INSERT IGNORE INTO BarangPesanan (id_pesanan, sku, kuantitas) VALUES (11, 'SKU000043', 1);
INSERT IGNORE INTO BarangPesanan (id_pesanan, sku, kuantitas) VALUES (12, 'SKU000120', 1);
INSERT IGNORE INTO BarangPesanan (id_pesanan, sku, kuantitas) VALUES (13, 'SKU000144', 1);
INSERT IGNORE INTO BarangPesanan (id_pesanan, sku, kuantitas) VALUES (13, 'SKU000150', 2);
INSERT IGNORE INTO BarangPesanan (id_pesanan, sku, kuantitas) VALUES (13, 'SKU000056', 2);
INSERT IGNORE INTO BarangPesanan (id_pesanan, sku, kuantitas) VALUES (14, 'SKU000180', 1);
INSERT IGNORE INTO BarangPesanan (id_pesanan, sku, kuantitas) VALUES (15, 'SKU000143', 2);
INSERT IGNORE INTO BarangPesanan (id_pesanan, sku, kuantitas) VALUES (15, 'SKU000089', 1);
INSERT IGNORE INTO BarangPesanan (id_pesanan, sku, kuantitas) VALUES (15, 'SKU000094', 2);
INSERT IGNORE INTO BarangPesanan (id_pesanan, sku, kuantitas) VALUES (16, 'SKU000099', 2);
INSERT IGNORE INTO BarangPesanan (id_pesanan, sku, kuantitas) VALUES (16, 'SKU000025', 1);
INSERT IGNORE INTO BarangPesanan (id_pesanan, sku, kuantitas) VALUES (17, 'SKU000120', 1);
INSERT IGNORE INTO BarangPesanan (id_pesanan, sku, kuantitas) VALUES (17, 'SKU000126', 2);
INSERT IGNORE INTO BarangPesanan (id_pesanan, sku, kuantitas) VALUES (17, 'SKU000032', 1);
INSERT IGNORE INTO BarangPesanan (id_pesanan, sku, kuantitas) VALUES (18, 'SKU000120', 1);
INSERT IGNORE INTO BarangPesanan (id_pesanan, sku, kuantitas) VALUES (18, 'SKU000115', 1);
INSERT IGNORE INTO BarangPesanan (id_pesanan, sku, kuantitas) VALUES (18, 'SKU000187', 1);
INSERT IGNORE INTO BarangPesanan (id_pesanan, sku, kuantitas) VALUES (18, 'SKU000153', 2);
INSERT IGNORE INTO BarangPesanan (id_pesanan, sku, kuantitas) VALUES (19, 'SKU000037', 2);
INSERT IGNORE INTO BarangPesanan (id_pesanan, sku, kuantitas) VALUES (19, 'SKU000107', 2);
INSERT IGNORE INTO BarangPesanan (id_pesanan, sku, kuantitas) VALUES (20, 'SKU000178', 2);
INSERT IGNORE INTO BarangPesanan (id_pesanan, sku, kuantitas) VALUES (21, 'SKU000152', 2);
INSERT IGNORE INTO BarangPesanan (id_pesanan, sku, kuantitas) VALUES (21, 'SKU000047', 2);
INSERT IGNORE INTO BarangPesanan (id_pesanan, sku, kuantitas) VALUES (21, 'SKU000053', 1);
INSERT IGNORE INTO BarangPesanan (id_pesanan, sku, kuantitas) VALUES (22, 'SKU000024', 1);
INSERT IGNORE INTO BarangPesanan (id_pesanan, sku, kuantitas) VALUES (22, 'SKU000059', 2);
INSERT IGNORE INTO BarangPesanan (id_pesanan, sku, kuantitas) VALUES (22, 'SKU000157', 1);
INSERT IGNORE INTO BarangPesanan (id_pesanan, sku, kuantitas) VALUES (23, 'SKU000167', 1);
INSERT IGNORE INTO BarangPesanan (id_pesanan, sku, kuantitas) VALUES (23, 'SKU000008', 1);
INSERT IGNORE INTO BarangPesanan (id_pesanan, sku, kuantitas) VALUES (24, 'SKU000165', 2);
INSERT IGNORE INTO BarangPesanan (id_pesanan, sku, kuantitas) VALUES (24, 'SKU000064', 1);
INSERT IGNORE INTO BarangPesanan (id_pesanan, sku, kuantitas) VALUES (24, 'SKU000119', 1);
INSERT IGNORE INTO BarangPesanan (id_pesanan, sku, kuantitas) VALUES (25, 'SKU000101', 1);
INSERT IGNORE INTO BarangPesanan (id_pesanan, sku, kuantitas) VALUES (25, 'SKU000130', 2);
INSERT IGNORE INTO BarangPesanan (id_pesanan, sku, kuantitas) VALUES (26, 'SKU000013', 2);
INSERT IGNORE INTO BarangPesanan (id_pesanan, sku, kuantitas) VALUES (26, 'SKU000172', 1);
INSERT IGNORE INTO BarangPesanan (id_pesanan, sku, kuantitas) VALUES (26, 'SKU000054', 1);
INSERT IGNORE INTO BarangPesanan (id_pesanan, sku, kuantitas) VALUES (26, 'SKU000138', 1);
INSERT IGNORE INTO BarangPesanan (id_pesanan, sku, kuantitas) VALUES (27, 'SKU000192', 2);
INSERT IGNORE INTO BarangPesanan (id_pesanan, sku, kuantitas) VALUES (28, 'SKU000187', 1);
INSERT IGNORE INTO BarangPesanan (id_pesanan, sku, kuantitas) VALUES (28, 'SKU000137', 2);
INSERT IGNORE INTO BarangPesanan (id_pesanan, sku, kuantitas) VALUES (28, 'SKU000140', 2);
INSERT IGNORE INTO BarangPesanan (id_pesanan, sku, kuantitas) VALUES (29, 'SKU000155', 1);
INSERT IGNORE INTO BarangPesanan (id_pesanan, sku, kuantitas) VALUES (29, 'SKU000031', 2);
INSERT IGNORE INTO BarangPesanan (id_pesanan, sku, kuantitas) VALUES (30, 'SKU000104', 1);
INSERT IGNORE INTO BarangPesanan (id_pesanan, sku, kuantitas) VALUES (30, 'SKU000183', 1);
INSERT IGNORE INTO BarangPesanan (id_pesanan, sku, kuantitas) VALUES (30, 'SKU000170', 2);
INSERT IGNORE INTO BarangPesanan (id_pesanan, sku, kuantitas) VALUES (31, 'SKU000100', 1);
INSERT IGNORE INTO BarangPesanan (id_pesanan, sku, kuantitas) VALUES (31, 'SKU000020', 2);
INSERT IGNORE INTO BarangPesanan (id_pesanan, sku, kuantitas) VALUES (32, 'SKU000077', 1);
INSERT IGNORE INTO BarangPesanan (id_pesanan, sku, kuantitas) VALUES (32, 'SKU000148', 2);
INSERT IGNORE INTO BarangPesanan (id_pesanan, sku, kuantitas) VALUES (32, 'SKU000093', 1);
INSERT IGNORE INTO BarangPesanan (id_pesanan, sku, kuantitas) VALUES (33, 'SKU000090', 1);
INSERT IGNORE INTO BarangPesanan (id_pesanan, sku, kuantitas) VALUES (33, 'SKU000179', 1);
INSERT IGNORE INTO BarangPesanan (id_pesanan, sku, kuantitas) VALUES (33, 'SKU000086', 2);
INSERT IGNORE INTO BarangPesanan (id_pesanan, sku, kuantitas) VALUES (33, 'SKU000194', 2);
INSERT IGNORE INTO BarangPesanan (id_pesanan, sku, kuantitas) VALUES (34, 'SKU000181', 1);
INSERT IGNORE INTO BarangPesanan (id_pesanan, sku, kuantitas) VALUES (34, 'SKU000045', 2);
INSERT IGNORE INTO BarangPesanan (id_pesanan, sku, kuantitas) VALUES (34, 'SKU000107', 1);
INSERT IGNORE INTO BarangPesanan (id_pesanan, sku, kuantitas) VALUES (35, 'SKU000051', 1);
INSERT IGNORE INTO BarangPesanan (id_pesanan, sku, kuantitas) VALUES (35, 'SKU000169', 1);
INSERT IGNORE INTO BarangPesanan (id_pesanan, sku, kuantitas) VALUES (35, 'SKU000150', 2);
INSERT IGNORE INTO BarangPesanan (id_pesanan, sku, kuantitas) VALUES (35, 'SKU000188', 2);
INSERT IGNORE INTO BarangPesanan (id_pesanan, sku, kuantitas) VALUES (36, 'SKU000033', 2);
INSERT IGNORE INTO BarangPesanan (id_pesanan, sku, kuantitas) VALUES (36, 'SKU000005', 1);
INSERT IGNORE INTO BarangPesanan (id_pesanan, sku, kuantitas) VALUES (36, 'SKU000152', 2);
INSERT IGNORE INTO BarangPesanan (id_pesanan, sku, kuantitas) VALUES (36, 'SKU000143', 1);
INSERT IGNORE INTO BarangPesanan (id_pesanan, sku, kuantitas) VALUES (37, 'SKU000093', 2);
INSERT IGNORE INTO BarangPesanan (id_pesanan, sku, kuantitas) VALUES (38, 'SKU000145', 2);
INSERT IGNORE INTO BarangPesanan (id_pesanan, sku, kuantitas) VALUES (38, 'SKU000033', 1);
INSERT IGNORE INTO BarangPesanan (id_pesanan, sku, kuantitas) VALUES (38, 'SKU000153', 1);
INSERT IGNORE INTO BarangPesanan (id_pesanan, sku, kuantitas) VALUES (38, 'SKU000060', 1);
INSERT IGNORE INTO BarangPesanan (id_pesanan, sku, kuantitas) VALUES (39, 'SKU000133', 2);
INSERT IGNORE INTO BarangPesanan (id_pesanan, sku, kuantitas) VALUES (39, 'SKU000094', 1);
INSERT IGNORE INTO BarangPesanan (id_pesanan, sku, kuantitas) VALUES (39, 'SKU000082', 2);
INSERT IGNORE INTO BarangPesanan (id_pesanan, sku, kuantitas) VALUES (40, 'SKU000175', 1);
INSERT IGNORE INTO BarangPesanan (id_pesanan, sku, kuantitas) VALUES (40, 'SKU000049', 2);
INSERT IGNORE INTO BarangPesanan (id_pesanan, sku, kuantitas) VALUES (41, 'SKU000119', 1);
INSERT IGNORE INTO BarangPesanan (id_pesanan, sku, kuantitas) VALUES (41, 'SKU000173', 2);
INSERT IGNORE INTO BarangPesanan (id_pesanan, sku, kuantitas) VALUES (41, 'SKU000101', 1);
INSERT IGNORE INTO BarangPesanan (id_pesanan, sku, kuantitas) VALUES (42, 'SKU000007', 1);
INSERT IGNORE INTO BarangPesanan (id_pesanan, sku, kuantitas) VALUES (42, 'SKU000121', 1);
INSERT IGNORE INTO BarangPesanan (id_pesanan, sku, kuantitas) VALUES (43, 'SKU000143', 2);
INSERT IGNORE INTO BarangPesanan (id_pesanan, sku, kuantitas) VALUES (44, 'SKU000027', 2);
INSERT IGNORE INTO BarangPesanan (id_pesanan, sku, kuantitas) VALUES (44, 'SKU000045', 1);
INSERT IGNORE INTO BarangPesanan (id_pesanan, sku, kuantitas) VALUES (44, 'SKU000114', 1);
INSERT IGNORE INTO BarangPesanan (id_pesanan, sku, kuantitas) VALUES (45, 'SKU000041', 1);
INSERT IGNORE INTO BarangPesanan (id_pesanan, sku, kuantitas) VALUES (45, 'SKU000066', 1);
INSERT IGNORE INTO BarangPesanan (id_pesanan, sku, kuantitas) VALUES (45, 'SKU000044', 1);
INSERT IGNORE INTO BarangPesanan (id_pesanan, sku, kuantitas) VALUES (46, 'SKU000185', 1);
INSERT IGNORE INTO BarangPesanan (id_pesanan, sku, kuantitas) VALUES (46, 'SKU000051', 1);
INSERT IGNORE INTO BarangPesanan (id_pesanan, sku, kuantitas) VALUES (46, 'SKU000145', 1);
INSERT IGNORE INTO BarangPesanan (id_pesanan, sku, kuantitas) VALUES (47, 'SKU000008', 1);
INSERT IGNORE INTO BarangPesanan (id_pesanan, sku, kuantitas) VALUES (47, 'SKU000178', 1);
INSERT IGNORE INTO BarangPesanan (id_pesanan, sku, kuantitas) VALUES (47, 'SKU000034', 2);
INSERT IGNORE INTO BarangPesanan (id_pesanan, sku, kuantitas) VALUES (47, 'SKU000063', 2);
INSERT IGNORE INTO BarangPesanan (id_pesanan, sku, kuantitas) VALUES (48, 'SKU000045', 1);
INSERT IGNORE INTO BarangPesanan (id_pesanan, sku, kuantitas) VALUES (48, 'SKU000128', 1);
INSERT IGNORE INTO BarangPesanan (id_pesanan, sku, kuantitas) VALUES (49, 'SKU000068', 1);
INSERT IGNORE INTO BarangPesanan (id_pesanan, sku, kuantitas) VALUES (49, 'SKU000127', 1);
INSERT IGNORE INTO BarangPesanan (id_pesanan, sku, kuantitas) VALUES (49, 'SKU000064', 2);
INSERT IGNORE INTO BarangPesanan (id_pesanan, sku, kuantitas) VALUES (49, 'SKU000042', 1);
INSERT IGNORE INTO BarangPesanan (id_pesanan, sku, kuantitas) VALUES (50, 'SKU000131', 2);
INSERT IGNORE INTO BarangPesanan (id_pesanan, sku, kuantitas) VALUES (50, 'SKU000092', 1);
INSERT IGNORE INTO BarangPesanan (id_pesanan, sku, kuantitas) VALUES (50, 'SKU000021', 1);
INSERT IGNORE INTO BarangPesanan (id_pesanan, sku, kuantitas) VALUES (51, 'SKU000022', 2);
INSERT IGNORE INTO BarangPesanan (id_pesanan, sku, kuantitas) VALUES (52, 'SKU000010', 2);
INSERT IGNORE INTO BarangPesanan (id_pesanan, sku, kuantitas) VALUES (52, 'SKU000049', 1);
INSERT IGNORE INTO BarangPesanan (id_pesanan, sku, kuantitas) VALUES (52, 'SKU000119', 1);
INSERT IGNORE INTO BarangPesanan (id_pesanan, sku, kuantitas) VALUES (53, 'SKU000112', 1);
INSERT IGNORE INTO BarangPesanan (id_pesanan, sku, kuantitas) VALUES (53, 'SKU000072', 1);
INSERT IGNORE INTO BarangPesanan (id_pesanan, sku, kuantitas) VALUES (53, 'SKU000156', 2);
INSERT IGNORE INTO BarangPesanan (id_pesanan, sku, kuantitas) VALUES (53, 'SKU000175', 2);
INSERT IGNORE INTO BarangPesanan (id_pesanan, sku, kuantitas) VALUES (54, 'SKU000002', 2);
INSERT IGNORE INTO BarangPesanan (id_pesanan, sku, kuantitas) VALUES (55, 'SKU000064', 2);
INSERT IGNORE INTO BarangPesanan (id_pesanan, sku, kuantitas) VALUES (56, 'SKU000116', 1);
INSERT IGNORE INTO BarangPesanan (id_pesanan, sku, kuantitas) VALUES (56, 'SKU000139', 1);
INSERT IGNORE INTO BarangPesanan (id_pesanan, sku, kuantitas) VALUES (56, 'SKU000063', 2);
INSERT IGNORE INTO BarangPesanan (id_pesanan, sku, kuantitas) VALUES (57, 'SKU000039', 1);
INSERT IGNORE INTO BarangPesanan (id_pesanan, sku, kuantitas) VALUES (57, 'SKU000167', 2);
INSERT IGNORE INTO BarangPesanan (id_pesanan, sku, kuantitas) VALUES (57, 'SKU000065', 1);
INSERT IGNORE INTO BarangPesanan (id_pesanan, sku, kuantitas) VALUES (57, 'SKU000160', 1);
INSERT IGNORE INTO BarangPesanan (id_pesanan, sku, kuantitas) VALUES (58, 'SKU000003', 2);
INSERT IGNORE INTO BarangPesanan (id_pesanan, sku, kuantitas) VALUES (58, 'SKU000063', 2);
INSERT IGNORE INTO BarangPesanan (id_pesanan, sku, kuantitas) VALUES (58, 'SKU000025', 2);
INSERT IGNORE INTO BarangPesanan (id_pesanan, sku, kuantitas) VALUES (59, 'SKU000114', 2);
INSERT IGNORE INTO BarangPesanan (id_pesanan, sku, kuantitas) VALUES (60, 'SKU000016', 1);
INSERT IGNORE INTO BarangPesanan (id_pesanan, sku, kuantitas) VALUES (60, 'SKU000192', 1);
INSERT IGNORE INTO BarangPesanan (id_pesanan, sku, kuantitas) VALUES (61, 'SKU000152', 2);
INSERT IGNORE INTO BarangPesanan (id_pesanan, sku, kuantitas) VALUES (61, 'SKU000124', 2);
INSERT IGNORE INTO BarangPesanan (id_pesanan, sku, kuantitas) VALUES (61, 'SKU000044', 2);
INSERT IGNORE INTO BarangPesanan (id_pesanan, sku, kuantitas) VALUES (61, 'SKU000056', 2);
INSERT IGNORE INTO BarangPesanan (id_pesanan, sku, kuantitas) VALUES (62, 'SKU000173', 2);
INSERT IGNORE INTO BarangPesanan (id_pesanan, sku, kuantitas) VALUES (62, 'SKU000025', 2);
INSERT IGNORE INTO BarangPesanan (id_pesanan, sku, kuantitas) VALUES (62, 'SKU000153', 1);
INSERT IGNORE INTO BarangPesanan (id_pesanan, sku, kuantitas) VALUES (62, 'SKU000180', 1);
INSERT IGNORE INTO BarangPesanan (id_pesanan, sku, kuantitas) VALUES (63, 'SKU000036', 2);
INSERT IGNORE INTO BarangPesanan (id_pesanan, sku, kuantitas) VALUES (63, 'SKU000110', 2);
INSERT IGNORE INTO BarangPesanan (id_pesanan, sku, kuantitas) VALUES (64, 'SKU000160', 1);
INSERT IGNORE INTO BarangPesanan (id_pesanan, sku, kuantitas) VALUES (64, 'SKU000134', 1);
INSERT IGNORE INTO BarangPesanan (id_pesanan, sku, kuantitas) VALUES (64, 'SKU000080', 2);
INSERT IGNORE INTO BarangPesanan (id_pesanan, sku, kuantitas) VALUES (65, 'SKU000170', 2);
INSERT IGNORE INTO BarangPesanan (id_pesanan, sku, kuantitas) VALUES (66, 'SKU000081', 1);
INSERT IGNORE INTO BarangPesanan (id_pesanan, sku, kuantitas) VALUES (66, 'SKU000057', 1);
INSERT IGNORE INTO BarangPesanan (id_pesanan, sku, kuantitas) VALUES (67, 'SKU000132', 1);
INSERT IGNORE INTO BarangPesanan (id_pesanan, sku, kuantitas) VALUES (68, 'SKU000004', 1);
INSERT IGNORE INTO BarangPesanan (id_pesanan, sku, kuantitas) VALUES (69, 'SKU000002', 1);
INSERT IGNORE INTO BarangPesanan (id_pesanan, sku, kuantitas) VALUES (69, 'SKU000050', 1);
INSERT IGNORE INTO BarangPesanan (id_pesanan, sku, kuantitas) VALUES (69, 'SKU000107', 2);
INSERT IGNORE INTO BarangPesanan (id_pesanan, sku, kuantitas) VALUES (69, 'SKU000128', 2);
INSERT IGNORE INTO BarangPesanan (id_pesanan, sku, kuantitas) VALUES (70, 'SKU000124', 2);
INSERT IGNORE INTO BarangPesanan (id_pesanan, sku, kuantitas) VALUES (70, 'SKU000191', 2);
INSERT IGNORE INTO BarangPesanan (id_pesanan, sku, kuantitas) VALUES (70, 'SKU000138', 2);
INSERT IGNORE INTO BarangPesanan (id_pesanan, sku, kuantitas) VALUES (70, 'SKU000054', 2);
INSERT IGNORE INTO BarangPesanan (id_pesanan, sku, kuantitas) VALUES (71, 'SKU000044', 1);
INSERT IGNORE INTO BarangPesanan (id_pesanan, sku, kuantitas) VALUES (71, 'SKU000017', 1);
INSERT IGNORE INTO BarangPesanan (id_pesanan, sku, kuantitas) VALUES (72, 'SKU000091', 2);
INSERT IGNORE INTO BarangPesanan (id_pesanan, sku, kuantitas) VALUES (73, 'SKU000045', 1);
INSERT IGNORE INTO BarangPesanan (id_pesanan, sku, kuantitas) VALUES (73, 'SKU000077', 2);
INSERT IGNORE INTO BarangPesanan (id_pesanan, sku, kuantitas) VALUES (73, 'SKU000166', 2);
INSERT IGNORE INTO BarangPesanan (id_pesanan, sku, kuantitas) VALUES (74, 'SKU000093', 1);
INSERT IGNORE INTO BarangPesanan (id_pesanan, sku, kuantitas) VALUES (75, 'SKU000134', 2);
INSERT IGNORE INTO BarangPesanan (id_pesanan, sku, kuantitas) VALUES (75, 'SKU000113', 1);
INSERT IGNORE INTO BarangPesanan (id_pesanan, sku, kuantitas) VALUES (75, 'SKU000152', 1);
INSERT IGNORE INTO BarangPesanan (id_pesanan, sku, kuantitas) VALUES (75, 'SKU000156', 2);
INSERT IGNORE INTO BarangPesanan (id_pesanan, sku, kuantitas) VALUES (76, 'SKU000089', 2);
INSERT IGNORE INTO BarangPesanan (id_pesanan, sku, kuantitas) VALUES (77, 'SKU000112', 1);
INSERT IGNORE INTO BarangPesanan (id_pesanan, sku, kuantitas) VALUES (78, 'SKU000141', 1);
INSERT IGNORE INTO BarangPesanan (id_pesanan, sku, kuantitas) VALUES (78, 'SKU000050', 1);
INSERT IGNORE INTO BarangPesanan (id_pesanan, sku, kuantitas) VALUES (79, 'SKU000169', 2);
INSERT IGNORE INTO BarangPesanan (id_pesanan, sku, kuantitas) VALUES (80, 'SKU000017', 2);
INSERT IGNORE INTO BarangPesanan (id_pesanan, sku, kuantitas) VALUES (81, 'SKU000030', 1);
INSERT IGNORE INTO BarangPesanan (id_pesanan, sku, kuantitas) VALUES (81, 'SKU000082', 2);
INSERT IGNORE INTO BarangPesanan (id_pesanan, sku, kuantitas) VALUES (81, 'SKU000046', 1);
INSERT IGNORE INTO BarangPesanan (id_pesanan, sku, kuantitas) VALUES (81, 'SKU000121', 1);
INSERT IGNORE INTO BarangPesanan (id_pesanan, sku, kuantitas) VALUES (82, 'SKU000125', 1);
INSERT IGNORE INTO BarangPesanan (id_pesanan, sku, kuantitas) VALUES (82, 'SKU000149', 2);
INSERT IGNORE INTO BarangPesanan (id_pesanan, sku, kuantitas) VALUES (82, 'SKU000173', 1);
INSERT IGNORE INTO BarangPesanan (id_pesanan, sku, kuantitas) VALUES (83, 'SKU000130', 2);
INSERT IGNORE INTO BarangPesanan (id_pesanan, sku, kuantitas) VALUES (83, 'SKU000127', 2);
INSERT IGNORE INTO BarangPesanan (id_pesanan, sku, kuantitas) VALUES (83, 'SKU000034', 2);
INSERT IGNORE INTO BarangPesanan (id_pesanan, sku, kuantitas) VALUES (83, 'SKU000089', 2);
INSERT IGNORE INTO BarangPesanan (id_pesanan, sku, kuantitas) VALUES (84, 'SKU000188', 2);
INSERT IGNORE INTO BarangPesanan (id_pesanan, sku, kuantitas) VALUES (85, 'SKU000009', 2);
INSERT IGNORE INTO BarangPesanan (id_pesanan, sku, kuantitas) VALUES (85, 'SKU000177', 1);
INSERT IGNORE INTO BarangPesanan (id_pesanan, sku, kuantitas) VALUES (85, 'SKU000010', 1);
INSERT IGNORE INTO BarangPesanan (id_pesanan, sku, kuantitas) VALUES (86, 'SKU000072', 1);
INSERT IGNORE INTO BarangPesanan (id_pesanan, sku, kuantitas) VALUES (86, 'SKU000118', 1);
INSERT IGNORE INTO BarangPesanan (id_pesanan, sku, kuantitas) VALUES (87, 'SKU000152', 1);
INSERT IGNORE INTO BarangPesanan (id_pesanan, sku, kuantitas) VALUES (87, 'SKU000151', 2);
INSERT IGNORE INTO BarangPesanan (id_pesanan, sku, kuantitas) VALUES (87, 'SKU000085', 2);
INSERT IGNORE INTO BarangPesanan (id_pesanan, sku, kuantitas) VALUES (87, 'SKU000082', 1);
INSERT IGNORE INTO BarangPesanan (id_pesanan, sku, kuantitas) VALUES (88, 'SKU000139', 1);
INSERT IGNORE INTO BarangPesanan (id_pesanan, sku, kuantitas) VALUES (88, 'SKU000022', 1);
INSERT IGNORE INTO BarangPesanan (id_pesanan, sku, kuantitas) VALUES (88, 'SKU000106', 1);
INSERT IGNORE INTO BarangPesanan (id_pesanan, sku, kuantitas) VALUES (88, 'SKU000067', 2);
INSERT IGNORE INTO BarangPesanan (id_pesanan, sku, kuantitas) VALUES (89, 'SKU000039', 1);
INSERT IGNORE INTO BarangPesanan (id_pesanan, sku, kuantitas) VALUES (89, 'SKU000121', 1);
INSERT IGNORE INTO BarangPesanan (id_pesanan, sku, kuantitas) VALUES (90, 'SKU000061', 1);
INSERT IGNORE INTO BarangPesanan (id_pesanan, sku, kuantitas) VALUES (91, 'SKU000120', 1);
INSERT IGNORE INTO BarangPesanan (id_pesanan, sku, kuantitas) VALUES (92, 'SKU000100', 2);
INSERT IGNORE INTO BarangPesanan (id_pesanan, sku, kuantitas) VALUES (92, 'SKU000090', 1);
INSERT IGNORE INTO BarangPesanan (id_pesanan, sku, kuantitas) VALUES (92, 'SKU000119', 1);
INSERT IGNORE INTO BarangPesanan (id_pesanan, sku, kuantitas) VALUES (92, 'SKU000097', 2);
INSERT IGNORE INTO BarangPesanan (id_pesanan, sku, kuantitas) VALUES (93, 'SKU000024', 1);
INSERT IGNORE INTO BarangPesanan (id_pesanan, sku, kuantitas) VALUES (93, 'SKU000069', 2);
INSERT IGNORE INTO BarangPesanan (id_pesanan, sku, kuantitas) VALUES (93, 'SKU000178', 1);
INSERT IGNORE INTO BarangPesanan (id_pesanan, sku, kuantitas) VALUES (94, 'SKU000085', 2);
INSERT IGNORE INTO BarangPesanan (id_pesanan, sku, kuantitas) VALUES (94, 'SKU000011', 1);
INSERT IGNORE INTO BarangPesanan (id_pesanan, sku, kuantitas) VALUES (94, 'SKU000112', 1);
INSERT IGNORE INTO BarangPesanan (id_pesanan, sku, kuantitas) VALUES (94, 'SKU000095', 2);
INSERT IGNORE INTO BarangPesanan (id_pesanan, sku, kuantitas) VALUES (95, 'SKU000090', 1);
INSERT IGNORE INTO BarangPesanan (id_pesanan, sku, kuantitas) VALUES (95, 'SKU000191', 2);
INSERT IGNORE INTO BarangPesanan (id_pesanan, sku, kuantitas) VALUES (95, 'SKU000099', 1);
INSERT IGNORE INTO BarangPesanan (id_pesanan, sku, kuantitas) VALUES (96, 'SKU000010', 2);
INSERT IGNORE INTO BarangPesanan (id_pesanan, sku, kuantitas) VALUES (96, 'SKU000032', 2);
INSERT IGNORE INTO BarangPesanan (id_pesanan, sku, kuantitas) VALUES (96, 'SKU000049', 2);
INSERT IGNORE INTO BarangPesanan (id_pesanan, sku, kuantitas) VALUES (97, 'SKU000060', 1);
INSERT IGNORE INTO BarangPesanan (id_pesanan, sku, kuantitas) VALUES (97, 'SKU000168', 2);
INSERT IGNORE INTO BarangPesanan (id_pesanan, sku, kuantitas) VALUES (97, 'SKU000023', 1);
INSERT IGNORE INTO BarangPesanan (id_pesanan, sku, kuantitas) VALUES (97, 'SKU000153', 2);
INSERT IGNORE INTO BarangPesanan (id_pesanan, sku, kuantitas) VALUES (98, 'SKU000146', 1);
INSERT IGNORE INTO BarangPesanan (id_pesanan, sku, kuantitas) VALUES (98, 'SKU000017', 1);
INSERT IGNORE INTO BarangPesanan (id_pesanan, sku, kuantitas) VALUES (99, 'SKU000016', 1);
INSERT IGNORE INTO BarangPesanan (id_pesanan, sku, kuantitas) VALUES (99, 'SKU000181', 1);
INSERT IGNORE INTO BarangPesanan (id_pesanan, sku, kuantitas) VALUES (100, 'SKU000075', 1);
INSERT IGNORE INTO BarangPesanan (id_pesanan, sku, kuantitas) VALUES (100, 'SKU000181', 1);

-- Wishlist
INSERT IGNORE INTO Wishlist (id_pembeli, id_produk) VALUES (1, 26);
INSERT IGNORE INTO Wishlist (id_pembeli, id_produk) VALUES (1, 21);
INSERT IGNORE INTO Wishlist (id_pembeli, id_produk) VALUES (1, 11);
INSERT IGNORE INTO Wishlist (id_pembeli, id_produk) VALUES (1, 68);
INSERT IGNORE INTO Wishlist (id_pembeli, id_produk) VALUES (1, 81);
INSERT IGNORE INTO Wishlist (id_pembeli, id_produk) VALUES (1, 23);
INSERT IGNORE INTO Wishlist (id_pembeli, id_produk) VALUES (2, 33);
INSERT IGNORE INTO Wishlist (id_pembeli, id_produk) VALUES (2, 7);
INSERT IGNORE INTO Wishlist (id_pembeli, id_produk) VALUES (3, 95);
INSERT IGNORE INTO Wishlist (id_pembeli, id_produk) VALUES (3, 96);
INSERT IGNORE INTO Wishlist (id_pembeli, id_produk) VALUES (4, 42);
INSERT IGNORE INTO Wishlist (id_pembeli, id_produk) VALUES (4, 5);
INSERT IGNORE INTO Wishlist (id_pembeli, id_produk) VALUES (5, 71);
INSERT IGNORE INTO Wishlist (id_pembeli, id_produk) VALUES (5, 31);
INSERT IGNORE INTO Wishlist (id_pembeli, id_produk) VALUES (5, 91);
INSERT IGNORE INTO Wishlist (id_pembeli, id_produk) VALUES (5, 38);
INSERT IGNORE INTO Wishlist (id_pembeli, id_produk) VALUES (7, 21);
INSERT IGNORE INTO Wishlist (id_pembeli, id_produk) VALUES (7, 6);
INSERT IGNORE INTO Wishlist (id_pembeli, id_produk) VALUES (7, 51);
INSERT IGNORE INTO Wishlist (id_pembeli, id_produk) VALUES (7, 30);
INSERT IGNORE INTO Wishlist (id_pembeli, id_produk) VALUES (7, 86);
INSERT IGNORE INTO Wishlist (id_pembeli, id_produk) VALUES (7, 95);
INSERT IGNORE INTO Wishlist (id_pembeli, id_produk) VALUES (7, 63);
INSERT IGNORE INTO Wishlist (id_pembeli, id_produk) VALUES (7, 22);
INSERT IGNORE INTO Wishlist (id_pembeli, id_produk) VALUES (7, 85);
INSERT IGNORE INTO Wishlist (id_pembeli, id_produk) VALUES (7, 16);
INSERT IGNORE INTO Wishlist (id_pembeli, id_produk) VALUES (8, 32);
INSERT IGNORE INTO Wishlist (id_pembeli, id_produk) VALUES (8, 51);
INSERT IGNORE INTO Wishlist (id_pembeli, id_produk) VALUES (8, 89);
INSERT IGNORE INTO Wishlist (id_pembeli, id_produk) VALUES (8, 39);
INSERT IGNORE INTO Wishlist (id_pembeli, id_produk) VALUES (8, 48);
INSERT IGNORE INTO Wishlist (id_pembeli, id_produk) VALUES (8, 22);
INSERT IGNORE INTO Wishlist (id_pembeli, id_produk) VALUES (8, 85);
INSERT IGNORE INTO Wishlist (id_pembeli, id_produk) VALUES (8, 49);
INSERT IGNORE INTO Wishlist (id_pembeli, id_produk) VALUES (8, 17);
INSERT IGNORE INTO Wishlist (id_pembeli, id_produk) VALUES (8, 90);
INSERT IGNORE INTO Wishlist (id_pembeli, id_produk) VALUES (9, 14);
INSERT IGNORE INTO Wishlist (id_pembeli, id_produk) VALUES (9, 94);
INSERT IGNORE INTO Wishlist (id_pembeli, id_produk) VALUES (9, 79);
INSERT IGNORE INTO Wishlist (id_pembeli, id_produk) VALUES (9, 69);
INSERT IGNORE INTO Wishlist (id_pembeli, id_produk) VALUES (10, 54);
INSERT IGNORE INTO Wishlist (id_pembeli, id_produk) VALUES (10, 79);
INSERT IGNORE INTO Wishlist (id_pembeli, id_produk) VALUES (10, 65);
INSERT IGNORE INTO Wishlist (id_pembeli, id_produk) VALUES (10, 71);
INSERT IGNORE INTO Wishlist (id_pembeli, id_produk) VALUES (10, 84);
INSERT IGNORE INTO Wishlist (id_pembeli, id_produk) VALUES (10, 77);
INSERT IGNORE INTO Wishlist (id_pembeli, id_produk) VALUES (15, 56);
INSERT IGNORE INTO Wishlist (id_pembeli, id_produk) VALUES (15, 95);
INSERT IGNORE INTO Wishlist (id_pembeli, id_produk) VALUES (15, 68);
INSERT IGNORE INTO Wishlist (id_pembeli, id_produk) VALUES (15, 59);
INSERT IGNORE INTO Wishlist (id_pembeli, id_produk) VALUES (15, 31);
INSERT IGNORE INTO Wishlist (id_pembeli, id_produk) VALUES (15, 28);
INSERT IGNORE INTO Wishlist (id_pembeli, id_produk) VALUES (15, 70);
INSERT IGNORE INTO Wishlist (id_pembeli, id_produk) VALUES (15, 36);
INSERT IGNORE INTO Wishlist (id_pembeli, id_produk) VALUES (16, 77);
INSERT IGNORE INTO Wishlist (id_pembeli, id_produk) VALUES (16, 24);
INSERT IGNORE INTO Wishlist (id_pembeli, id_produk) VALUES (16, 48);
INSERT IGNORE INTO Wishlist (id_pembeli, id_produk) VALUES (16, 40);
INSERT IGNORE INTO Wishlist (id_pembeli, id_produk) VALUES (16, 38);
INSERT IGNORE INTO Wishlist (id_pembeli, id_produk) VALUES (16, 76);
INSERT IGNORE INTO Wishlist (id_pembeli, id_produk) VALUES (17, 55);
INSERT IGNORE INTO Wishlist (id_pembeli, id_produk) VALUES (17, 59);
INSERT IGNORE INTO Wishlist (id_pembeli, id_produk) VALUES (17, 76);
INSERT IGNORE INTO Wishlist (id_pembeli, id_produk) VALUES (17, 51);
INSERT IGNORE INTO Wishlist (id_pembeli, id_produk) VALUES (17, 35);
INSERT IGNORE INTO Wishlist (id_pembeli, id_produk) VALUES (19, 57);
INSERT IGNORE INTO Wishlist (id_pembeli, id_produk) VALUES (19, 22);
INSERT IGNORE INTO Wishlist (id_pembeli, id_produk) VALUES (19, 88);
INSERT IGNORE INTO Wishlist (id_pembeli, id_produk) VALUES (19, 35);
INSERT IGNORE INTO Wishlist (id_pembeli, id_produk) VALUES (19, 19);
INSERT IGNORE INTO Wishlist (id_pembeli, id_produk) VALUES (19, 94);
INSERT IGNORE INTO Wishlist (id_pembeli, id_produk) VALUES (19, 93);
INSERT IGNORE INTO Wishlist (id_pembeli, id_produk) VALUES (19, 70);
INSERT IGNORE INTO Wishlist (id_pembeli, id_produk) VALUES (19, 63);
INSERT IGNORE INTO Wishlist (id_pembeli, id_produk) VALUES (20, 100);
INSERT IGNORE INTO Wishlist (id_pembeli, id_produk) VALUES (20, 94);
INSERT IGNORE INTO Wishlist (id_pembeli, id_produk) VALUES (20, 92);
INSERT IGNORE INTO Wishlist (id_pembeli, id_produk) VALUES (21, 2);
INSERT IGNORE INTO Wishlist (id_pembeli, id_produk) VALUES (21, 40);
INSERT IGNORE INTO Wishlist (id_pembeli, id_produk) VALUES (21, 20);
INSERT IGNORE INTO Wishlist (id_pembeli, id_produk) VALUES (21, 43);
INSERT IGNORE INTO Wishlist (id_pembeli, id_produk) VALUES (21, 74);
INSERT IGNORE INTO Wishlist (id_pembeli, id_produk) VALUES (21, 1);
INSERT IGNORE INTO Wishlist (id_pembeli, id_produk) VALUES (22, 87);
INSERT IGNORE INTO Wishlist (id_pembeli, id_produk) VALUES (23, 34);
INSERT IGNORE INTO Wishlist (id_pembeli, id_produk) VALUES (23, 38);
INSERT IGNORE INTO Wishlist (id_pembeli, id_produk) VALUES (23, 50);
INSERT IGNORE INTO Wishlist (id_pembeli, id_produk) VALUES (23, 31);
INSERT IGNORE INTO Wishlist (id_pembeli, id_produk) VALUES (23, 9);
INSERT IGNORE INTO Wishlist (id_pembeli, id_produk) VALUES (24, 62);
INSERT IGNORE INTO Wishlist (id_pembeli, id_produk) VALUES (25, 25);
INSERT IGNORE INTO Wishlist (id_pembeli, id_produk) VALUES (26, 30);
INSERT IGNORE INTO Wishlist (id_pembeli, id_produk) VALUES (26, 85);
INSERT IGNORE INTO Wishlist (id_pembeli, id_produk) VALUES (26, 6);
INSERT IGNORE INTO Wishlist (id_pembeli, id_produk) VALUES (26, 53);
INSERT IGNORE INTO Wishlist (id_pembeli, id_produk) VALUES (26, 79);
INSERT IGNORE INTO Wishlist (id_pembeli, id_produk) VALUES (27, 89);
INSERT IGNORE INTO Wishlist (id_pembeli, id_produk) VALUES (27, 77);
INSERT IGNORE INTO Wishlist (id_pembeli, id_produk) VALUES (27, 90);
INSERT IGNORE INTO Wishlist (id_pembeli, id_produk) VALUES (27, 21);
INSERT IGNORE INTO Wishlist (id_pembeli, id_produk) VALUES (27, 19);
INSERT IGNORE INTO Wishlist (id_pembeli, id_produk) VALUES (27, 58);
INSERT IGNORE INTO Wishlist (id_pembeli, id_produk) VALUES (27, 40);
INSERT IGNORE INTO Wishlist (id_pembeli, id_produk) VALUES (28, 42);
INSERT IGNORE INTO Wishlist (id_pembeli, id_produk) VALUES (28, 91);
INSERT IGNORE INTO Wishlist (id_pembeli, id_produk) VALUES (28, 71);
INSERT IGNORE INTO Wishlist (id_pembeli, id_produk) VALUES (28, 76);
INSERT IGNORE INTO Wishlist (id_pembeli, id_produk) VALUES (28, 7);
INSERT IGNORE INTO Wishlist (id_pembeli, id_produk) VALUES (28, 25);
INSERT IGNORE INTO Wishlist (id_pembeli, id_produk) VALUES (28, 79);
INSERT IGNORE INTO Wishlist (id_pembeli, id_produk) VALUES (28, 86);
INSERT IGNORE INTO Wishlist (id_pembeli, id_produk) VALUES (29, 40);
INSERT IGNORE INTO Wishlist (id_pembeli, id_produk) VALUES (29, 71);
INSERT IGNORE INTO Wishlist (id_pembeli, id_produk) VALUES (29, 87);
INSERT IGNORE INTO Wishlist (id_pembeli, id_produk) VALUES (29, 79);
INSERT IGNORE INTO Wishlist (id_pembeli, id_produk) VALUES (29, 46);
INSERT IGNORE INTO Wishlist (id_pembeli, id_produk) VALUES (29, 16);
INSERT IGNORE INTO Wishlist (id_pembeli, id_produk) VALUES (29, 52);
INSERT IGNORE INTO Wishlist (id_pembeli, id_produk) VALUES (29, 81);
INSERT IGNORE INTO Wishlist (id_pembeli, id_produk) VALUES (30, 57);
INSERT IGNORE INTO Wishlist (id_pembeli, id_produk) VALUES (32, 59);
INSERT IGNORE INTO Wishlist (id_pembeli, id_produk) VALUES (33, 52);
INSERT IGNORE INTO Wishlist (id_pembeli, id_produk) VALUES (34, 4);
INSERT IGNORE INTO Wishlist (id_pembeli, id_produk) VALUES (34, 5);
INSERT IGNORE INTO Wishlist (id_pembeli, id_produk) VALUES (34, 64);
INSERT IGNORE INTO Wishlist (id_pembeli, id_produk) VALUES (34, 22);
INSERT IGNORE INTO Wishlist (id_pembeli, id_produk) VALUES (34, 25);
INSERT IGNORE INTO Wishlist (id_pembeli, id_produk) VALUES (34, 46);
INSERT IGNORE INTO Wishlist (id_pembeli, id_produk) VALUES (34, 47);
INSERT IGNORE INTO Wishlist (id_pembeli, id_produk) VALUES (35, 4);
INSERT IGNORE INTO Wishlist (id_pembeli, id_produk) VALUES (36, 33);
INSERT IGNORE INTO Wishlist (id_pembeli, id_produk) VALUES (36, 69);
INSERT IGNORE INTO Wishlist (id_pembeli, id_produk) VALUES (37, 17);
INSERT IGNORE INTO Wishlist (id_pembeli, id_produk) VALUES (38, 86);
INSERT IGNORE INTO Wishlist (id_pembeli, id_produk) VALUES (38, 40);
INSERT IGNORE INTO Wishlist (id_pembeli, id_produk) VALUES (38, 53);
INSERT IGNORE INTO Wishlist (id_pembeli, id_produk) VALUES (39, 61);
INSERT IGNORE INTO Wishlist (id_pembeli, id_produk) VALUES (39, 83);
INSERT IGNORE INTO Wishlist (id_pembeli, id_produk) VALUES (39, 30);
INSERT IGNORE INTO Wishlist (id_pembeli, id_produk) VALUES (39, 66);
INSERT IGNORE INTO Wishlist (id_pembeli, id_produk) VALUES (39, 27);
INSERT IGNORE INTO Wishlist (id_pembeli, id_produk) VALUES (39, 68);
INSERT IGNORE INTO Wishlist (id_pembeli, id_produk) VALUES (39, 93);
INSERT IGNORE INTO Wishlist (id_pembeli, id_produk) VALUES (40, 13);
INSERT IGNORE INTO Wishlist (id_pembeli, id_produk) VALUES (40, 96);
INSERT IGNORE INTO Wishlist (id_pembeli, id_produk) VALUES (40, 52);
INSERT IGNORE INTO Wishlist (id_pembeli, id_produk) VALUES (40, 69);
INSERT IGNORE INTO Wishlist (id_pembeli, id_produk) VALUES (40, 62);
INSERT IGNORE INTO Wishlist (id_pembeli, id_produk) VALUES (40, 55);
INSERT IGNORE INTO Wishlist (id_pembeli, id_produk) VALUES (40, 84);
INSERT IGNORE INTO Wishlist (id_pembeli, id_produk) VALUES (40, 66);
INSERT IGNORE INTO Wishlist (id_pembeli, id_produk) VALUES (41, 34);
INSERT IGNORE INTO Wishlist (id_pembeli, id_produk) VALUES (41, 3);
INSERT IGNORE INTO Wishlist (id_pembeli, id_produk) VALUES (41, 100);
INSERT IGNORE INTO Wishlist (id_pembeli, id_produk) VALUES (41, 88);
INSERT IGNORE INTO Wishlist (id_pembeli, id_produk) VALUES (43, 59);
INSERT IGNORE INTO Wishlist (id_pembeli, id_produk) VALUES (43, 52);
INSERT IGNORE INTO Wishlist (id_pembeli, id_produk) VALUES (43, 41);
INSERT IGNORE INTO Wishlist (id_pembeli, id_produk) VALUES (43, 92);
INSERT IGNORE INTO Wishlist (id_pembeli, id_produk) VALUES (44, 97);
INSERT IGNORE INTO Wishlist (id_pembeli, id_produk) VALUES (44, 59);
INSERT IGNORE INTO Wishlist (id_pembeli, id_produk) VALUES (44, 50);
INSERT IGNORE INTO Wishlist (id_pembeli, id_produk) VALUES (44, 93);
INSERT IGNORE INTO Wishlist (id_pembeli, id_produk) VALUES (44, 2);
INSERT IGNORE INTO Wishlist (id_pembeli, id_produk) VALUES (44, 19);
INSERT IGNORE INTO Wishlist (id_pembeli, id_produk) VALUES (44, 66);
INSERT IGNORE INTO Wishlist (id_pembeli, id_produk) VALUES (44, 94);
INSERT IGNORE INTO Wishlist (id_pembeli, id_produk) VALUES (44, 70);
INSERT IGNORE INTO Wishlist (id_pembeli, id_produk) VALUES (44, 40);
INSERT IGNORE INTO Wishlist (id_pembeli, id_produk) VALUES (45, 60);
INSERT IGNORE INTO Wishlist (id_pembeli, id_produk) VALUES (46, 55);
INSERT IGNORE INTO Wishlist (id_pembeli, id_produk) VALUES (47, 9);
INSERT IGNORE INTO Wishlist (id_pembeli, id_produk) VALUES (47, 52);
INSERT IGNORE INTO Wishlist (id_pembeli, id_produk) VALUES (47, 47);
INSERT IGNORE INTO Wishlist (id_pembeli, id_produk) VALUES (48, 11);
INSERT IGNORE INTO Wishlist (id_pembeli, id_produk) VALUES (48, 29);
INSERT IGNORE INTO Wishlist (id_pembeli, id_produk) VALUES (48, 50);
INSERT IGNORE INTO Wishlist (id_pembeli, id_produk) VALUES (48, 49);
INSERT IGNORE INTO Wishlist (id_pembeli, id_produk) VALUES (48, 3);
INSERT IGNORE INTO Wishlist (id_pembeli, id_produk) VALUES (48, 47);
INSERT IGNORE INTO Wishlist (id_pembeli, id_produk) VALUES (48, 8);
INSERT IGNORE INTO Wishlist (id_pembeli, id_produk) VALUES (48, 21);
INSERT IGNORE INTO Wishlist (id_pembeli, id_produk) VALUES (49, 1);
INSERT IGNORE INTO Wishlist (id_pembeli, id_produk) VALUES (49, 38);
INSERT IGNORE INTO Wishlist (id_pembeli, id_produk) VALUES (49, 41);
INSERT IGNORE INTO Wishlist (id_pembeli, id_produk) VALUES (49, 87);
INSERT IGNORE INTO Wishlist (id_pembeli, id_produk) VALUES (49, 28);
INSERT IGNORE INTO Wishlist (id_pembeli, id_produk) VALUES (49, 46);
INSERT IGNORE INTO Wishlist (id_pembeli, id_produk) VALUES (49, 89);
INSERT IGNORE INTO Wishlist (id_pembeli, id_produk) VALUES (49, 7);
INSERT IGNORE INTO Wishlist (id_pembeli, id_produk) VALUES (49, 18);
INSERT IGNORE INTO Wishlist (id_pembeli, id_produk) VALUES (49, 80);
INSERT IGNORE INTO Wishlist (id_pembeli, id_produk) VALUES (50, 69);
INSERT IGNORE INTO Wishlist (id_pembeli, id_produk) VALUES (50, 27);
INSERT IGNORE INTO Wishlist (id_pembeli, id_produk) VALUES (50, 92);
INSERT IGNORE INTO Wishlist (id_pembeli, id_produk) VALUES (51, 8);
INSERT IGNORE INTO Wishlist (id_pembeli, id_produk) VALUES (51, 37);
INSERT IGNORE INTO Wishlist (id_pembeli, id_produk) VALUES (52, 97);
INSERT IGNORE INTO Wishlist (id_pembeli, id_produk) VALUES (52, 58);
INSERT IGNORE INTO Wishlist (id_pembeli, id_produk) VALUES (52, 71);
INSERT IGNORE INTO Wishlist (id_pembeli, id_produk) VALUES (52, 22);
INSERT IGNORE INTO Wishlist (id_pembeli, id_produk) VALUES (52, 25);
INSERT IGNORE INTO Wishlist (id_pembeli, id_produk) VALUES (53, 56);
INSERT IGNORE INTO Wishlist (id_pembeli, id_produk) VALUES (53, 61);
INSERT IGNORE INTO Wishlist (id_pembeli, id_produk) VALUES (53, 98);
INSERT IGNORE INTO Wishlist (id_pembeli, id_produk) VALUES (53, 32);
INSERT IGNORE INTO Wishlist (id_pembeli, id_produk) VALUES (53, 7);
INSERT IGNORE INTO Wishlist (id_pembeli, id_produk) VALUES (53, 10);
INSERT IGNORE INTO Wishlist (id_pembeli, id_produk) VALUES (53, 95);
INSERT IGNORE INTO Wishlist (id_pembeli, id_produk) VALUES (53, 12);
INSERT IGNORE INTO Wishlist (id_pembeli, id_produk) VALUES (53, 27);
INSERT IGNORE INTO Wishlist (id_pembeli, id_produk) VALUES (55, 58);
INSERT IGNORE INTO Wishlist (id_pembeli, id_produk) VALUES (55, 83);
INSERT IGNORE INTO Wishlist (id_pembeli, id_produk) VALUES (55, 79);
INSERT IGNORE INTO Wishlist (id_pembeli, id_produk) VALUES (55, 43);
INSERT IGNORE INTO Wishlist (id_pembeli, id_produk) VALUES (55, 44);
INSERT IGNORE INTO Wishlist (id_pembeli, id_produk) VALUES (56, 17);
INSERT IGNORE INTO Wishlist (id_pembeli, id_produk) VALUES (56, 61);
INSERT IGNORE INTO Wishlist (id_pembeli, id_produk) VALUES (56, 70);
INSERT IGNORE INTO Wishlist (id_pembeli, id_produk) VALUES (57, 24);
INSERT IGNORE INTO Wishlist (id_pembeli, id_produk) VALUES (57, 55);
INSERT IGNORE INTO Wishlist (id_pembeli, id_produk) VALUES (57, 45);
INSERT IGNORE INTO Wishlist (id_pembeli, id_produk) VALUES (57, 81);
INSERT IGNORE INTO Wishlist (id_pembeli, id_produk) VALUES (57, 27);
INSERT IGNORE INTO Wishlist (id_pembeli, id_produk) VALUES (58, 83);
INSERT IGNORE INTO Wishlist (id_pembeli, id_produk) VALUES (58, 90);
INSERT IGNORE INTO Wishlist (id_pembeli, id_produk) VALUES (59, 34);
INSERT IGNORE INTO Wishlist (id_pembeli, id_produk) VALUES (59, 41);
INSERT IGNORE INTO Wishlist (id_pembeli, id_produk) VALUES (59, 74);
INSERT IGNORE INTO Wishlist (id_pembeli, id_produk) VALUES (60, 86);
INSERT IGNORE INTO Wishlist (id_pembeli, id_produk) VALUES (60, 39);
INSERT IGNORE INTO Wishlist (id_pembeli, id_produk) VALUES (60, 17);
INSERT IGNORE INTO Wishlist (id_pembeli, id_produk) VALUES (60, 34);
INSERT IGNORE INTO Wishlist (id_pembeli, id_produk) VALUES (60, 8);
INSERT IGNORE INTO Wishlist (id_pembeli, id_produk) VALUES (60, 68);
INSERT IGNORE INTO Wishlist (id_pembeli, id_produk) VALUES (60, 72);

-- Ulasan
INSERT IGNORE INTO Ulasan (id_produk, id_pembeli, komentar, penilaian) VALUES (98, 16, 'Eos eligendi laborum consectetur. Distinctio vero perferendis officia cupiditate repudiandae ad.', 2);
INSERT IGNORE INTO Ulasan (id_produk, id_pembeli, komentar, penilaian) VALUES (56, 58, 'Nulla illo soluta natus nemo sunt.', 4);
INSERT IGNORE INTO Ulasan (id_produk, id_pembeli, komentar, penilaian) VALUES (57, 58, 'Officia occaecati vitae.', 5);
INSERT IGNORE INTO Ulasan (id_produk, id_pembeli, komentar, penilaian) VALUES (91, 58, 'At aliquid voluptates sit facilis odio. Eum in accusantium sed.', 4);
INSERT IGNORE INTO Ulasan (id_produk, id_pembeli, komentar, penilaian) VALUES (47, 58, 'Natus maxime temporibus blanditiis. Sunt similique necessitatibus necessitatibus fuga.', 2);
INSERT IGNORE INTO Ulasan (id_produk, id_pembeli, komentar, penilaian) VALUES (29, 58, 'Modi sed quibusdam dicta asperiores.', 4);
INSERT IGNORE INTO Ulasan (id_produk, id_pembeli, komentar, penilaian) VALUES (76, 39, 'Magnam repellat odio iure expedita. Voluptas praesentium autem nobis.', 1);
INSERT IGNORE INTO Ulasan (id_produk, id_pembeli, komentar, penilaian) VALUES (95, 39, 'Blanditiis cum delectus itaque hic deleniti. Soluta quam nihil cumque nobis ad molestias. Commodi exercitationem totam.', 2);
INSERT IGNORE INTO Ulasan (id_produk, id_pembeli, komentar, penilaian) VALUES (73, 39, 'Doloremque possimus quis molestias dolore omnis. Numquam alias mollitia.', 5);
INSERT IGNORE INTO Ulasan (id_produk, id_pembeli, komentar, penilaian) VALUES (85, 39, 'Voluptate recusandae veritatis eaque laudantium dolorum.', 2);
INSERT IGNORE INTO Ulasan (id_produk, id_pembeli, komentar, penilaian) VALUES (29, 39, 'Beatae sed et voluptates quam distinctio totam. Laudantium corporis quia consectetur.', 3);
INSERT IGNORE INTO Ulasan (id_produk, id_pembeli, komentar, penilaian) VALUES (47, 32, 'Odio commodi magni molestiae.', 2);
INSERT IGNORE INTO Ulasan (id_produk, id_pembeli, komentar, penilaian) VALUES (72, 32, 'Debitis veniam perferendis magni numquam eum ab facilis.', 3);
INSERT IGNORE INTO Ulasan (id_produk, id_pembeli, komentar, penilaian) VALUES (49, 32, 'Et possimus minima impedit optio debitis. Ipsa placeat voluptates voluptate.', 4);
INSERT IGNORE INTO Ulasan (id_produk, id_pembeli, komentar, penilaian) VALUES (13, 32, 'Nulla non est sed laborum laudantium perferendis.', 2);
INSERT IGNORE INTO Ulasan (id_produk, id_pembeli, komentar, penilaian) VALUES (4, 22, 'Quae expedita aliquid incidunt aspernatur. Pariatur modi praesentium autem cum exercitationem. Iste itaque iusto magnam.', 2);
INSERT IGNORE INTO Ulasan (id_produk, id_pembeli, komentar, penilaian) VALUES (22, 22, 'Est quas deleniti vitae itaque.', 1);
INSERT IGNORE INTO Ulasan (id_produk, id_pembeli, komentar, penilaian) VALUES (20, 17, 'Iste numquam dignissimos.', 3);
INSERT IGNORE INTO Ulasan (id_produk, id_pembeli, komentar, penilaian) VALUES (93, 17, 'Neque labore quasi est debitis ex expedita.', 2);
INSERT IGNORE INTO Ulasan (id_produk, id_pembeli, komentar, penilaian) VALUES (47, 14, 'Nihil reiciendis est at rerum repudiandae suscipit. Laudantium sed nostrum optio vitae error. Quidem soluta id a. Sapiente asperiores illo fugit iusto est.', 5);
INSERT IGNORE INTO Ulasan (id_produk, id_pembeli, komentar, penilaian) VALUES (26, 14, 'Accusamus architecto et impedit impedit. Laudantium qui esse suscipit consequatur perferendis natus. Neque adipisci veritatis natus reprehenderit officiis placeat. Quibusdam voluptates eaque ratione aperiam fugiat modi.', 5);
INSERT IGNORE INTO Ulasan (id_produk, id_pembeli, komentar, penilaian) VALUES (72, 14, 'Odio voluptas aut neque doloremque.', 2);
INSERT IGNORE INTO Ulasan (id_produk, id_pembeli, komentar, penilaian) VALUES (79, 19, 'Voluptates nihil ipsa natus.', 3);
INSERT IGNORE INTO Ulasan (id_produk, id_pembeli, komentar, penilaian) VALUES (54, 19, 'Inventore nobis veritatis voluptas.', 2);
INSERT IGNORE INTO Ulasan (id_produk, id_pembeli, komentar, penilaian) VALUES (98, 53, 'Ea consequatur esse. Dolorem cum earum ducimus reiciendis. Doloremque harum officia odit provident maiores ipsa ducimus.', 3);
INSERT IGNORE INTO Ulasan (id_produk, id_pembeli, komentar, penilaian) VALUES (95, 35, 'Debitis quae nesciunt dolorem ullam. Tempore vel eveniet. Omnis quaerat aliquid. Itaque dignissimos qui consequuntur delectus repellendus.', 5);
INSERT IGNORE INTO Ulasan (id_produk, id_pembeli, komentar, penilaian) VALUES (77, 35, 'Aperiam quisquam illo doloremque mollitia. Sed facilis libero.', 4);
INSERT IGNORE INTO Ulasan (id_produk, id_pembeli, komentar, penilaian) VALUES (61, 35, 'Fugit veritatis minus sapiente. Quia sapiente tempore neque ducimus cupiditate aliquid. Eos laudantium sit.', 4);
INSERT IGNORE INTO Ulasan (id_produk, id_pembeli, komentar, penilaian) VALUES (77, 40, 'Reprehenderit ipsam occaecati consequatur dolorum pariatur.', 4);
INSERT IGNORE INTO Ulasan (id_produk, id_pembeli, komentar, penilaian) VALUES (8, 42, 'Tempore voluptas tempore quia praesentium magni commodi optio.', 4);
INSERT IGNORE INTO Ulasan (id_produk, id_pembeli, komentar, penilaian) VALUES (84, 42, 'Dolorum temporibus ratione iste corporis necessitatibus. Quo deserunt officia maiores.', 3);
INSERT IGNORE INTO Ulasan (id_produk, id_pembeli, komentar, penilaian) VALUES (5, 42, 'Aliquid ducimus suscipit iste minus aliquid.', 2);
INSERT IGNORE INTO Ulasan (id_produk, id_pembeli, komentar, penilaian) VALUES (23, 13, 'Alias quis mollitia ullam repellendus. Blanditiis neque harum harum ab nam nesciunt perferendis. Nihil odit cupiditate quisquam alias eius illo dignissimos.', 2);
INSERT IGNORE INTO Ulasan (id_produk, id_pembeli, komentar, penilaian) VALUES (5, 13, 'Optio ad voluptatibus saepe corporis.', 3);
INSERT IGNORE INTO Ulasan (id_produk, id_pembeli, komentar, penilaian) VALUES (35, 26, 'Quam dolore error dolores suscipit quasi. Deleniti quae natus nobis non occaecati asperiores.', 3);
INSERT IGNORE INTO Ulasan (id_produk, id_pembeli, komentar, penilaian) VALUES (99, 26, 'Corporis molestias ab saepe.', 1);
INSERT IGNORE INTO Ulasan (id_produk, id_pembeli, komentar, penilaian) VALUES (68, 28, 'Quos inventore facere ipsum. Asperiores deserunt ipsum.', 3);
INSERT IGNORE INTO Ulasan (id_produk, id_pembeli, komentar, penilaian) VALUES (69, 28, 'Vel eaque ullam porro perferendis. Est alias enim iure.', 2);
INSERT IGNORE INTO Ulasan (id_produk, id_pembeli, komentar, penilaian) VALUES (77, 23, 'Facere natus soluta hic.', 3);
INSERT IGNORE INTO Ulasan (id_produk, id_pembeli, komentar, penilaian) VALUES (4, 23, 'Aut assumenda molestias iste sapiente recusandae ab.', 5);
INSERT IGNORE INTO Ulasan (id_produk, id_pembeli, komentar, penilaian) VALUES (16, 23, 'Molestias aliquid dolores porro aspernatur odit.', 2);
INSERT IGNORE INTO Ulasan (id_produk, id_pembeli, komentar, penilaian) VALUES (70, 49, 'Eaque quos numquam deleniti consequatur modi vitae. Adipisci eveniet delectus impedit magnam incidunt dolor amet. Omnis iure animi dolore doloremque mollitia.', 4);
INSERT IGNORE INTO Ulasan (id_produk, id_pembeli, komentar, penilaian) VALUES (53, 49, 'Corrupti adipisci harum similique nostrum doloremque maxime. Deleniti odit dolorem delectus.', 5);
INSERT IGNORE INTO Ulasan (id_produk, id_pembeli, komentar, penilaian) VALUES (40, 10, 'Molestiae assumenda voluptates sunt.', 5);
INSERT IGNORE INTO Ulasan (id_produk, id_pembeli, komentar, penilaian) VALUES (84, 10, 'Rerum sapiente nisi architecto.', 4);
INSERT IGNORE INTO Ulasan (id_produk, id_pembeli, komentar, penilaian) VALUES (92, 57, 'Deleniti libero minus officia aperiam.', 2);
INSERT IGNORE INTO Ulasan (id_produk, id_pembeli, komentar, penilaian) VALUES (46, 57, 'Eaque ad in iure ex dicta.', 4);
INSERT IGNORE INTO Ulasan (id_produk, id_pembeli, komentar, penilaian) VALUES (62, 57, 'Sed saepe impedit a deserunt optio quae.', 2);
INSERT IGNORE INTO Ulasan (id_produk, id_pembeli, komentar, penilaian) VALUES (6, 57, 'Odio dolores dolore voluptates unde ducimus. Molestiae architecto placeat facilis architecto omnis atque.', 1);
INSERT IGNORE INTO Ulasan (id_produk, id_pembeli, komentar, penilaian) VALUES (93, 38, 'Unde quisquam vel incidunt eos non. Accusantium iusto nemo beatae.', 2);
INSERT IGNORE INTO Ulasan (id_produk, id_pembeli, komentar, penilaian) VALUES (57, 38, 'Possimus molestias repellat voluptatibus asperiores optio dignissimos vero. Architecto molestiae aspernatur corporis.', 3);
INSERT IGNORE INTO Ulasan (id_produk, id_pembeli, komentar, penilaian) VALUES (67, 47, 'Ea modi perferendis atque enim.', 3);
INSERT IGNORE INTO Ulasan (id_produk, id_pembeli, komentar, penilaian) VALUES (74, 47, 'Optio harum inventore ipsam hic illum.', 4);
INSERT IGNORE INTO Ulasan (id_produk, id_pembeli, komentar, penilaian) VALUES (17, 47, 'Dolorum repellendus qui in reiciendis veritatis nam. Ipsum cumque illo fugiat quos quam. Delectus facere natus culpa veritatis.', 3);
INSERT IGNORE INTO Ulasan (id_produk, id_pembeli, komentar, penilaian) VALUES (47, 47, 'Voluptatibus optio excepturi.', 3);
INSERT IGNORE INTO Ulasan (id_produk, id_pembeli, komentar, penilaian) VALUES (21, 45, 'Quibusdam ex id quibusdam architecto. Ex quam sunt minus porro ut.', 3);
INSERT IGNORE INTO Ulasan (id_produk, id_pembeli, komentar, penilaian) VALUES (9, 45, 'Adipisci accusamus vitae dolorum quasi recusandae cum.', 5);
INSERT IGNORE INTO Ulasan (id_produk, id_pembeli, komentar, penilaian) VALUES (33, 55, 'Mollitia pariatur non sapiente laboriosam provident consequatur. Vitae quod ab voluptatum ad tenetur eos.', 1);
INSERT IGNORE INTO Ulasan (id_produk, id_pembeli, komentar, penilaian) VALUES (17, 55, 'Praesentium impedit cumque non sequi.', 1);
INSERT IGNORE INTO Ulasan (id_produk, id_pembeli, komentar, penilaian) VALUES (77, 24, 'Similique a iste laboriosam rem officia. Dolores dignissimos rerum porro libero. Voluptate sint non.', 2);
INSERT IGNORE INTO Ulasan (id_produk, id_pembeli, komentar, penilaian) VALUES (88, 24, 'Sequi ipsum aperiam inventore quaerat.', 1);
INSERT IGNORE INTO Ulasan (id_produk, id_pembeli, komentar, penilaian) VALUES (23, 24, 'Ullam illum ad atque perspiciatis neque. Perferendis aliquid magnam quo ipsam repudiandae maiores modi.', 2);
INSERT IGNORE INTO Ulasan (id_produk, id_pembeli, komentar, penilaian) VALUES (67, 37, 'Consequatur sit esse illum.', 5);
INSERT IGNORE INTO Ulasan (id_produk, id_pembeli, komentar, penilaian) VALUES (49, 37, 'Vel voluptates nesciunt quos unde aperiam aspernatur sed.', 3);
INSERT IGNORE INTO Ulasan (id_produk, id_pembeli, komentar, penilaian) VALUES (12, 37, 'Optio neque sed repudiandae velit.', 1);
INSERT IGNORE INTO Ulasan (id_produk, id_pembeli, komentar, penilaian) VALUES (2, 2, 'Impedit quos architecto perspiciatis quibusdam a.', 1);
INSERT IGNORE INTO Ulasan (id_produk, id_pembeli, komentar, penilaian) VALUES (78, 2, 'Dicta atque odit pariatur laboriosam eligendi magnam.', 1);
INSERT IGNORE INTO Ulasan (id_produk, id_pembeli, komentar, penilaian) VALUES (22, 1, 'Laborum consectetur corporis eius modi quis cum. Repellendus repellat magnam odit necessitatibus perspiciatis. Aperiam aliquam sed veniam ipsa. Doloribus vitae id.', 3);
INSERT IGNORE INTO Ulasan (id_produk, id_pembeli, komentar, penilaian) VALUES (85, 52, 'Eos inventore repellendus soluta cum. Cum tempore iure alias exercitationem harum placeat. Vel quidem voluptatem sequi officiis ut. Voluptatibus nostrum suscipit fugit.', 4);
INSERT IGNORE INTO Ulasan (id_produk, id_pembeli, komentar, penilaian) VALUES (80, 52, 'Perspiciatis dicta autem ratione eligendi perspiciatis. Sunt eius vero eaque eos occaecati.', 1);
INSERT IGNORE INTO Ulasan (id_produk, id_pembeli, komentar, penilaian) VALUES (87, 48, 'Ducimus quidem officiis vitae aliquid. Enim iste laboriosam quas debitis possimus quasi. Deserunt quasi nisi quod pariatur natus.', 5);
INSERT IGNORE INTO Ulasan (id_produk, id_pembeli, komentar, penilaian) VALUES (23, 43, 'Sed quae aut repellat delectus sit rerum. Dignissimos provident tempora nobis esse aut.', 5);
INSERT IGNORE INTO Ulasan (id_produk, id_pembeli, komentar, penilaian) VALUES (7, 43, 'Nam sit nesciunt ducimus vitae provident. Dolores esse natus totam quis.', 2);
INSERT IGNORE INTO Ulasan (id_produk, id_pembeli, komentar, penilaian) VALUES (68, 43, 'Eaque illum animi incidunt quas.', 4);
INSERT IGNORE INTO Ulasan (id_produk, id_pembeli, komentar, penilaian) VALUES (5, 29, 'Ratione ab consectetur et nemo suscipit cumque aut.', 1);
INSERT IGNORE INTO Ulasan (id_produk, id_pembeli, komentar, penilaian) VALUES (10, 29, 'Animi quibusdam porro. Exercitationem earum accusantium magnam. Error pariatur consequuntur enim. Quam vero libero enim itaque.', 1);
INSERT IGNORE INTO Ulasan (id_produk, id_pembeli, komentar, penilaian) VALUES (6, 29, 'Occaecati aliquid quod eum magnam impedit et. Excepturi velit illum ipsa sit. Rem facere ab aspernatur animi. Exercitationem eum corrupti doloribus qui praesentium officiis.', 5);
INSERT IGNORE INTO Ulasan (id_produk, id_pembeli, komentar, penilaian) VALUES (91, 29, 'Quas aut voluptates explicabo praesentium esse. Nostrum facilis aperiam quae.', 3);
INSERT IGNORE INTO Ulasan (id_produk, id_pembeli, komentar, penilaian) VALUES (43, 30, 'Ex quia excepturi ipsum ullam provident voluptatem. In perspiciatis nemo tenetur enim dolorum porro. Nisi eum saepe illo quidem eaque sit quo.', 1);
INSERT IGNORE INTO Ulasan (id_produk, id_pembeli, komentar, penilaian) VALUES (76, 30, 'Nam repudiandae vero nesciunt illo tenetur.', 2);
INSERT IGNORE INTO Ulasan (id_produk, id_pembeli, komentar, penilaian) VALUES (77, 30, 'Eaque nostrum incidunt provident eos.', 3);
INSERT IGNORE INTO Ulasan (id_produk, id_pembeli, komentar, penilaian) VALUES (45, 30, 'Dignissimos aperiam similique dolorum.', 3);
INSERT IGNORE INTO Ulasan (id_produk, id_pembeli, komentar, penilaian) VALUES (62, 4, 'Fugit voluptatum voluptas.', 1);
INSERT IGNORE INTO Ulasan (id_produk, id_pembeli, komentar, penilaian) VALUES (74, 15, 'Vero animi exercitationem ipsam laudantium officiis alias.', 3);
INSERT IGNORE INTO Ulasan (id_produk, id_pembeli, komentar, penilaian) VALUES (12, 22, 'Itaque delectus molestias cumque rem. Iste ratione tenetur illum deleniti praesentium autem.', 3);
INSERT IGNORE INTO Ulasan (id_produk, id_pembeli, komentar, penilaian) VALUES (94, 52, 'Eum magni repudiandae deserunt voluptas alias eius. Impedit modi incidunt voluptates. Sed maiores minima.', 4);
INSERT IGNORE INTO Ulasan (id_produk, id_pembeli, komentar, penilaian) VALUES (99, 5, 'Adipisci enim veniam laudantium odit. Consequatur non magni eum totam harum.', 3);
INSERT IGNORE INTO Ulasan (id_produk, id_pembeli, komentar, penilaian) VALUES (55, 40, 'Atque itaque ab reiciendis voluptate. Quis dolor praesentium. Molestiae sunt impedit quibusdam sint laborum est.', 4);
INSERT IGNORE INTO Ulasan (id_produk, id_pembeli, komentar, penilaian) VALUES (1, 54, 'Ratione sed laboriosam totam. Sit iure eum rerum natus saepe. Tenetur id suscipit esse iure omnis asperiores.', 4);
INSERT IGNORE INTO Ulasan (id_produk, id_pembeli, komentar, penilaian) VALUES (15, 28, 'Ad illo velit perferendis pariatur soluta aut eaque. Molestias sequi hic ex animi ab.', 3);
INSERT IGNORE INTO Ulasan (id_produk, id_pembeli, komentar, penilaian) VALUES (15, 4, 'Est beatae suscipit accusamus. Earum accusamus consequatur omnis aliquam earum maiores. Ad animi esse vero ipsa libero explicabo.', 5);
INSERT IGNORE INTO Ulasan (id_produk, id_pembeli, komentar, penilaian) VALUES (49, 59, 'Est ex ad sequi beatae. Sunt maxime eligendi vero veritatis nulla aut. Nemo laudantium optio eum. Aliquam deserunt accusamus sequi nam dolore.', 4);
INSERT IGNORE INTO Ulasan (id_produk, id_pembeli, komentar, penilaian) VALUES (62, 3, 'Sequi ad eveniet illo aspernatur pariatur incidunt. Ab iste doloremque ex necessitatibus iure.', 5);
INSERT IGNORE INTO Ulasan (id_produk, id_pembeli, komentar, penilaian) VALUES (61, 10, 'Minima nostrum recusandae dolorem neque tenetur. Quod culpa sequi accusantium adipisci blanditiis optio. At repellendus voluptates cumque.', 5);
INSERT IGNORE INTO Ulasan (id_produk, id_pembeli, komentar, penilaian) VALUES (34, 48, 'Placeat aspernatur cum error tenetur. Illo modi amet. Ut maiores occaecati nihil explicabo nisi delectus nemo.', 4);
INSERT IGNORE INTO Ulasan (id_produk, id_pembeli, komentar, penilaian) VALUES (61, 9, 'Quam dolores natus hic molestiae eum.
Veritatis cum quaerat quisquam. A minus quaerat occaecati recusandae nemo culpa.
Quas ducimus quisquam animi.', 3);
INSERT IGNORE INTO Ulasan (id_produk, id_pembeli, komentar, penilaian) VALUES (30, 31, 'Laboriosam placeat dignissimos sapiente ipsam illum. Molestiae necessitatibus sit corrupti soluta.', 5);
INSERT IGNORE INTO Ulasan (id_produk, id_pembeli, komentar, penilaian) VALUES (76, 28, 'Quia possimus exercitationem corporis. Optio doloremque iste cum sunt excepturi.', 3);
INSERT IGNORE INTO Ulasan (id_produk, id_pembeli, komentar, penilaian) VALUES (50, 45, 'Culpa perspiciatis quae. Sequi molestiae dolor commodi.', 3);
INSERT IGNORE INTO Ulasan (id_produk, id_pembeli, komentar, penilaian) VALUES (13, 52, 'Est dolores at totam. Mollitia quod sunt quidem debitis. Eius atque in provident nostrum.', 4);

-- Teman
INSERT IGNORE INTO Teman (id_diikuti, id_mengikuti) VALUES (88, 1);
INSERT IGNORE INTO Teman (id_diikuti, id_mengikuti) VALUES (101, 2);
INSERT IGNORE INTO Teman (id_diikuti, id_mengikuti) VALUES (65, 2);
INSERT IGNORE INTO Teman (id_diikuti, id_mengikuti) VALUES (103, 2);
INSERT IGNORE INTO Teman (id_diikuti, id_mengikuti) VALUES (52, 2);
INSERT IGNORE INTO Teman (id_diikuti, id_mengikuti) VALUES (80, 3);
INSERT IGNORE INTO Teman (id_diikuti, id_mengikuti) VALUES (21, 3);
INSERT IGNORE INTO Teman (id_diikuti, id_mengikuti) VALUES (59, 3);
INSERT IGNORE INTO Teman (id_diikuti, id_mengikuti) VALUES (102, 3);
INSERT IGNORE INTO Teman (id_diikuti, id_mengikuti) VALUES (55, 3);
INSERT IGNORE INTO Teman (id_diikuti, id_mengikuti) VALUES (50, 3);
INSERT IGNORE INTO Teman (id_diikuti, id_mengikuti) VALUES (88, 4);
INSERT IGNORE INTO Teman (id_diikuti, id_mengikuti) VALUES (13, 4);
INSERT IGNORE INTO Teman (id_diikuti, id_mengikuti) VALUES (110, 5);
INSERT IGNORE INTO Teman (id_diikuti, id_mengikuti) VALUES (18, 5);
INSERT IGNORE INTO Teman (id_diikuti, id_mengikuti) VALUES (85, 5);
INSERT IGNORE INTO Teman (id_diikuti, id_mengikuti) VALUES (53, 5);
INSERT IGNORE INTO Teman (id_diikuti, id_mengikuti) VALUES (69, 5);
INSERT IGNORE INTO Teman (id_diikuti, id_mengikuti) VALUES (31, 5);
INSERT IGNORE INTO Teman (id_diikuti, id_mengikuti) VALUES (99, 5);
INSERT IGNORE INTO Teman (id_diikuti, id_mengikuti) VALUES (87, 6);
INSERT IGNORE INTO Teman (id_diikuti, id_mengikuti) VALUES (45, 6);
INSERT IGNORE INTO Teman (id_diikuti, id_mengikuti) VALUES (35, 6);
INSERT IGNORE INTO Teman (id_diikuti, id_mengikuti) VALUES (102, 7);
INSERT IGNORE INTO Teman (id_diikuti, id_mengikuti) VALUES (64, 7);
INSERT IGNORE INTO Teman (id_diikuti, id_mengikuti) VALUES (69, 7);
INSERT IGNORE INTO Teman (id_diikuti, id_mengikuti) VALUES (28, 8);
INSERT IGNORE INTO Teman (id_diikuti, id_mengikuti) VALUES (62, 9);
INSERT IGNORE INTO Teman (id_diikuti, id_mengikuti) VALUES (100, 9);
INSERT IGNORE INTO Teman (id_diikuti, id_mengikuti) VALUES (107, 10);
INSERT IGNORE INTO Teman (id_diikuti, id_mengikuti) VALUES (109, 10);
INSERT IGNORE INTO Teman (id_diikuti, id_mengikuti) VALUES (72, 11);
INSERT IGNORE INTO Teman (id_diikuti, id_mengikuti) VALUES (107, 12);
INSERT IGNORE INTO Teman (id_diikuti, id_mengikuti) VALUES (72, 12);
INSERT IGNORE INTO Teman (id_diikuti, id_mengikuti) VALUES (46, 13);
INSERT IGNORE INTO Teman (id_diikuti, id_mengikuti) VALUES (44, 13);
INSERT IGNORE INTO Teman (id_diikuti, id_mengikuti) VALUES (25, 13);
INSERT IGNORE INTO Teman (id_diikuti, id_mengikuti) VALUES (106, 14);
INSERT IGNORE INTO Teman (id_diikuti, id_mengikuti) VALUES (53, 14);
INSERT IGNORE INTO Teman (id_diikuti, id_mengikuti) VALUES (7, 15);
INSERT IGNORE INTO Teman (id_diikuti, id_mengikuti) VALUES (103, 15);
INSERT IGNORE INTO Teman (id_diikuti, id_mengikuti) VALUES (73, 15);
INSERT IGNORE INTO Teman (id_diikuti, id_mengikuti) VALUES (29, 15);
INSERT IGNORE INTO Teman (id_diikuti, id_mengikuti) VALUES (83, 15);
INSERT IGNORE INTO Teman (id_diikuti, id_mengikuti) VALUES (13, 15);
INSERT IGNORE INTO Teman (id_diikuti, id_mengikuti) VALUES (87, 16);
INSERT IGNORE INTO Teman (id_diikuti, id_mengikuti) VALUES (52, 16);
INSERT IGNORE INTO Teman (id_diikuti, id_mengikuti) VALUES (25, 16);
INSERT IGNORE INTO Teman (id_diikuti, id_mengikuti) VALUES (91, 19);
INSERT IGNORE INTO Teman (id_diikuti, id_mengikuti) VALUES (46, 19);
INSERT IGNORE INTO Teman (id_diikuti, id_mengikuti) VALUES (104, 19);
INSERT IGNORE INTO Teman (id_diikuti, id_mengikuti) VALUES (63, 19);
INSERT IGNORE INTO Teman (id_diikuti, id_mengikuti) VALUES (97, 20);
INSERT IGNORE INTO Teman (id_diikuti, id_mengikuti) VALUES (15, 20);
INSERT IGNORE INTO Teman (id_diikuti, id_mengikuti) VALUES (69, 20);
INSERT IGNORE INTO Teman (id_diikuti, id_mengikuti) VALUES (81, 20);
INSERT IGNORE INTO Teman (id_diikuti, id_mengikuti) VALUES (96, 20);
INSERT IGNORE INTO Teman (id_diikuti, id_mengikuti) VALUES (62, 21);
INSERT IGNORE INTO Teman (id_diikuti, id_mengikuti) VALUES (63, 21);
INSERT IGNORE INTO Teman (id_diikuti, id_mengikuti) VALUES (5, 21);
INSERT IGNORE INTO Teman (id_diikuti, id_mengikuti) VALUES (31, 21);
INSERT IGNORE INTO Teman (id_diikuti, id_mengikuti) VALUES (85, 22);
INSERT IGNORE INTO Teman (id_diikuti, id_mengikuti) VALUES (55, 22);
INSERT IGNORE INTO Teman (id_diikuti, id_mengikuti) VALUES (59, 22);
INSERT IGNORE INTO Teman (id_diikuti, id_mengikuti) VALUES (70, 23);
INSERT IGNORE INTO Teman (id_diikuti, id_mengikuti) VALUES (71, 23);
INSERT IGNORE INTO Teman (id_diikuti, id_mengikuti) VALUES (69, 23);
INSERT IGNORE INTO Teman (id_diikuti, id_mengikuti) VALUES (47, 23);
INSERT IGNORE INTO Teman (id_diikuti, id_mengikuti) VALUES (20, 23);
INSERT IGNORE INTO Teman (id_diikuti, id_mengikuti) VALUES (61, 23);
INSERT IGNORE INTO Teman (id_diikuti, id_mengikuti) VALUES (2, 24);
INSERT IGNORE INTO Teman (id_diikuti, id_mengikuti) VALUES (52, 24);
INSERT IGNORE INTO Teman (id_diikuti, id_mengikuti) VALUES (51, 24);
INSERT IGNORE INTO Teman (id_diikuti, id_mengikuti) VALUES (22, 24);
INSERT IGNORE INTO Teman (id_diikuti, id_mengikuti) VALUES (26, 24);
INSERT IGNORE INTO Teman (id_diikuti, id_mengikuti) VALUES (9, 25);
INSERT IGNORE INTO Teman (id_diikuti, id_mengikuti) VALUES (107, 25);
INSERT IGNORE INTO Teman (id_diikuti, id_mengikuti) VALUES (108, 25);
INSERT IGNORE INTO Teman (id_diikuti, id_mengikuti) VALUES (56, 25);
INSERT IGNORE INTO Teman (id_diikuti, id_mengikuti) VALUES (7, 25);
INSERT IGNORE INTO Teman (id_diikuti, id_mengikuti) VALUES (103, 25);
INSERT IGNORE INTO Teman (id_diikuti, id_mengikuti) VALUES (98, 25);
INSERT IGNORE INTO Teman (id_diikuti, id_mengikuti) VALUES (100, 26);
INSERT IGNORE INTO Teman (id_diikuti, id_mengikuti) VALUES (14, 26);
INSERT IGNORE INTO Teman (id_diikuti, id_mengikuti) VALUES (105, 26);
INSERT IGNORE INTO Teman (id_diikuti, id_mengikuti) VALUES (27, 26);
INSERT IGNORE INTO Teman (id_diikuti, id_mengikuti) VALUES (15, 26);
INSERT IGNORE INTO Teman (id_diikuti, id_mengikuti) VALUES (76, 27);
INSERT IGNORE INTO Teman (id_diikuti, id_mengikuti) VALUES (67, 27);
INSERT IGNORE INTO Teman (id_diikuti, id_mengikuti) VALUES (89, 27);
INSERT IGNORE INTO Teman (id_diikuti, id_mengikuti) VALUES (88, 27);
INSERT IGNORE INTO Teman (id_diikuti, id_mengikuti) VALUES (58, 27);
INSERT IGNORE INTO Teman (id_diikuti, id_mengikuti) VALUES (42, 28);
INSERT IGNORE INTO Teman (id_diikuti, id_mengikuti) VALUES (18, 28);
INSERT IGNORE INTO Teman (id_diikuti, id_mengikuti) VALUES (23, 28);
INSERT IGNORE INTO Teman (id_diikuti, id_mengikuti) VALUES (82, 28);
INSERT IGNORE INTO Teman (id_diikuti, id_mengikuti) VALUES (35, 28);
INSERT IGNORE INTO Teman (id_diikuti, id_mengikuti) VALUES (22, 28);
INSERT IGNORE INTO Teman (id_diikuti, id_mengikuti) VALUES (110, 28);
INSERT IGNORE INTO Teman (id_diikuti, id_mengikuti) VALUES (42, 30);
INSERT IGNORE INTO Teman (id_diikuti, id_mengikuti) VALUES (109, 30);
INSERT IGNORE INTO Teman (id_diikuti, id_mengikuti) VALUES (105, 30);
INSERT IGNORE INTO Teman (id_diikuti, id_mengikuti) VALUES (35, 30);
INSERT IGNORE INTO Teman (id_diikuti, id_mengikuti) VALUES (18, 31);
INSERT IGNORE INTO Teman (id_diikuti, id_mengikuti) VALUES (73, 31);
INSERT IGNORE INTO Teman (id_diikuti, id_mengikuti) VALUES (52, 31);
INSERT IGNORE INTO Teman (id_diikuti, id_mengikuti) VALUES (82, 31);
INSERT IGNORE INTO Teman (id_diikuti, id_mengikuti) VALUES (72, 31);
INSERT IGNORE INTO Teman (id_diikuti, id_mengikuti) VALUES (46, 31);
INSERT IGNORE INTO Teman (id_diikuti, id_mengikuti) VALUES (58, 31);
INSERT IGNORE INTO Teman (id_diikuti, id_mengikuti) VALUES (21, 32);
INSERT IGNORE INTO Teman (id_diikuti, id_mengikuti) VALUES (84, 32);
INSERT IGNORE INTO Teman (id_diikuti, id_mengikuti) VALUES (60, 33);
INSERT IGNORE INTO Teman (id_diikuti, id_mengikuti) VALUES (82, 33);
INSERT IGNORE INTO Teman (id_diikuti, id_mengikuti) VALUES (30, 33);
INSERT IGNORE INTO Teman (id_diikuti, id_mengikuti) VALUES (109, 33);
INSERT IGNORE INTO Teman (id_diikuti, id_mengikuti) VALUES (54, 33);
INSERT IGNORE INTO Teman (id_diikuti, id_mengikuti) VALUES (39, 33);
INSERT IGNORE INTO Teman (id_diikuti, id_mengikuti) VALUES (77, 33);
INSERT IGNORE INTO Teman (id_diikuti, id_mengikuti) VALUES (56, 34);
INSERT IGNORE INTO Teman (id_diikuti, id_mengikuti) VALUES (70, 34);
INSERT IGNORE INTO Teman (id_diikuti, id_mengikuti) VALUES (92, 34);
INSERT IGNORE INTO Teman (id_diikuti, id_mengikuti) VALUES (74, 34);
INSERT IGNORE INTO Teman (id_diikuti, id_mengikuti) VALUES (58, 34);
INSERT IGNORE INTO Teman (id_diikuti, id_mengikuti) VALUES (21, 34);
INSERT IGNORE INTO Teman (id_diikuti, id_mengikuti) VALUES (66, 35);
INSERT IGNORE INTO Teman (id_diikuti, id_mengikuti) VALUES (71, 35);
INSERT IGNORE INTO Teman (id_diikuti, id_mengikuti) VALUES (5, 35);
INSERT IGNORE INTO Teman (id_diikuti, id_mengikuti) VALUES (108, 35);
INSERT IGNORE INTO Teman (id_diikuti, id_mengikuti) VALUES (68, 35);
INSERT IGNORE INTO Teman (id_diikuti, id_mengikuti) VALUES (101, 35);
INSERT IGNORE INTO Teman (id_diikuti, id_mengikuti) VALUES (25, 35);
INSERT IGNORE INTO Teman (id_diikuti, id_mengikuti) VALUES (74, 36);
INSERT IGNORE INTO Teman (id_diikuti, id_mengikuti) VALUES (81, 36);
INSERT IGNORE INTO Teman (id_diikuti, id_mengikuti) VALUES (57, 36);
INSERT IGNORE INTO Teman (id_diikuti, id_mengikuti) VALUES (67, 36);
INSERT IGNORE INTO Teman (id_diikuti, id_mengikuti) VALUES (105, 36);
INSERT IGNORE INTO Teman (id_diikuti, id_mengikuti) VALUES (4, 37);
INSERT IGNORE INTO Teman (id_diikuti, id_mengikuti) VALUES (5, 37);
INSERT IGNORE INTO Teman (id_diikuti, id_mengikuti) VALUES (73, 37);
INSERT IGNORE INTO Teman (id_diikuti, id_mengikuti) VALUES (10, 37);
INSERT IGNORE INTO Teman (id_diikuti, id_mengikuti) VALUES (15, 37);
INSERT IGNORE INTO Teman (id_diikuti, id_mengikuti) VALUES (40, 37);
INSERT IGNORE INTO Teman (id_diikuti, id_mengikuti) VALUES (36, 38);
INSERT IGNORE INTO Teman (id_diikuti, id_mengikuti) VALUES (80, 38);
INSERT IGNORE INTO Teman (id_diikuti, id_mengikuti) VALUES (59, 38);
INSERT IGNORE INTO Teman (id_diikuti, id_mengikuti) VALUES (81, 39);
INSERT IGNORE INTO Teman (id_diikuti, id_mengikuti) VALUES (51, 39);
INSERT IGNORE INTO Teman (id_diikuti, id_mengikuti) VALUES (106, 40);
INSERT IGNORE INTO Teman (id_diikuti, id_mengikuti) VALUES (87, 40);
INSERT IGNORE INTO Teman (id_diikuti, id_mengikuti) VALUES (73, 40);
INSERT IGNORE INTO Teman (id_diikuti, id_mengikuti) VALUES (71, 41);
INSERT IGNORE INTO Teman (id_diikuti, id_mengikuti) VALUES (79, 41);
INSERT IGNORE INTO Teman (id_diikuti, id_mengikuti) VALUES (92, 41);
INSERT IGNORE INTO Teman (id_diikuti, id_mengikuti) VALUES (80, 41);
INSERT IGNORE INTO Teman (id_diikuti, id_mengikuti) VALUES (2, 42);
INSERT IGNORE INTO Teman (id_diikuti, id_mengikuti) VALUES (69, 42);
INSERT IGNORE INTO Teman (id_diikuti, id_mengikuti) VALUES (6, 44);
INSERT IGNORE INTO Teman (id_diikuti, id_mengikuti) VALUES (104, 44);
INSERT IGNORE INTO Teman (id_diikuti, id_mengikuti) VALUES (46, 44);
INSERT IGNORE INTO Teman (id_diikuti, id_mengikuti) VALUES (35, 44);
INSERT IGNORE INTO Teman (id_diikuti, id_mengikuti) VALUES (41, 44);
INSERT IGNORE INTO Teman (id_diikuti, id_mengikuti) VALUES (74, 44);
INSERT IGNORE INTO Teman (id_diikuti, id_mengikuti) VALUES (25, 45);
INSERT IGNORE INTO Teman (id_diikuti, id_mengikuti) VALUES (100, 45);
INSERT IGNORE INTO Teman (id_diikuti, id_mengikuti) VALUES (55, 45);
INSERT IGNORE INTO Teman (id_diikuti, id_mengikuti) VALUES (5, 45);
INSERT IGNORE INTO Teman (id_diikuti, id_mengikuti) VALUES (54, 45);
INSERT IGNORE INTO Teman (id_diikuti, id_mengikuti) VALUES (96, 45);
INSERT IGNORE INTO Teman (id_diikuti, id_mengikuti) VALUES (95, 47);
INSERT IGNORE INTO Teman (id_diikuti, id_mengikuti) VALUES (63, 48);
INSERT IGNORE INTO Teman (id_diikuti, id_mengikuti) VALUES (66, 48);
INSERT IGNORE INTO Teman (id_diikuti, id_mengikuti) VALUES (34, 48);
INSERT IGNORE INTO Teman (id_diikuti, id_mengikuti) VALUES (9, 51);
INSERT IGNORE INTO Teman (id_diikuti, id_mengikuti) VALUES (101, 51);
INSERT IGNORE INTO Teman (id_diikuti, id_mengikuti) VALUES (67, 52);
INSERT IGNORE INTO Teman (id_diikuti, id_mengikuti) VALUES (31, 52);
INSERT IGNORE INTO Teman (id_diikuti, id_mengikuti) VALUES (89, 52);
INSERT IGNORE INTO Teman (id_diikuti, id_mengikuti) VALUES (105, 52);
INSERT IGNORE INTO Teman (id_diikuti, id_mengikuti) VALUES (43, 52);
INSERT IGNORE INTO Teman (id_diikuti, id_mengikuti) VALUES (87, 53);
INSERT IGNORE INTO Teman (id_diikuti, id_mengikuti) VALUES (57, 53);
INSERT IGNORE INTO Teman (id_diikuti, id_mengikuti) VALUES (21, 54);
INSERT IGNORE INTO Teman (id_diikuti, id_mengikuti) VALUES (63, 54);
INSERT IGNORE INTO Teman (id_diikuti, id_mengikuti) VALUES (43, 54);
INSERT IGNORE INTO Teman (id_diikuti, id_mengikuti) VALUES (32, 54);
INSERT IGNORE INTO Teman (id_diikuti, id_mengikuti) VALUES (3, 55);
INSERT IGNORE INTO Teman (id_diikuti, id_mengikuti) VALUES (106, 55);
INSERT IGNORE INTO Teman (id_diikuti, id_mengikuti) VALUES (33, 55);
INSERT IGNORE INTO Teman (id_diikuti, id_mengikuti) VALUES (100, 55);
INSERT IGNORE INTO Teman (id_diikuti, id_mengikuti) VALUES (35, 55);
INSERT IGNORE INTO Teman (id_diikuti, id_mengikuti) VALUES (42, 56);
INSERT IGNORE INTO Teman (id_diikuti, id_mengikuti) VALUES (68, 56);
INSERT IGNORE INTO Teman (id_diikuti, id_mengikuti) VALUES (98, 56);
INSERT IGNORE INTO Teman (id_diikuti, id_mengikuti) VALUES (44, 56);
INSERT IGNORE INTO Teman (id_diikuti, id_mengikuti) VALUES (22, 57);
INSERT IGNORE INTO Teman (id_diikuti, id_mengikuti) VALUES (86, 57);
INSERT IGNORE INTO Teman (id_diikuti, id_mengikuti) VALUES (68, 57);
INSERT IGNORE INTO Teman (id_diikuti, id_mengikuti) VALUES (61, 57);
INSERT IGNORE INTO Teman (id_diikuti, id_mengikuti) VALUES (110, 57);
INSERT IGNORE INTO Teman (id_diikuti, id_mengikuti) VALUES (99, 57);
INSERT IGNORE INTO Teman (id_diikuti, id_mengikuti) VALUES (99, 59);
INSERT IGNORE INTO Teman (id_diikuti, id_mengikuti) VALUES (99, 60);
INSERT IGNORE INTO Teman (id_diikuti, id_mengikuti) VALUES (90, 60);
INSERT IGNORE INTO Teman (id_diikuti, id_mengikuti) VALUES (77, 60);
INSERT IGNORE INTO Teman (id_diikuti, id_mengikuti) VALUES (31, 62);
INSERT IGNORE INTO Teman (id_diikuti, id_mengikuti) VALUES (68, 62);
INSERT IGNORE INTO Teman (id_diikuti, id_mengikuti) VALUES (51, 62);
INSERT IGNORE INTO Teman (id_diikuti, id_mengikuti) VALUES (1, 62);
INSERT IGNORE INTO Teman (id_diikuti, id_mengikuti) VALUES (14, 62);
INSERT IGNORE INTO Teman (id_diikuti, id_mengikuti) VALUES (44, 62);
INSERT IGNORE INTO Teman (id_diikuti, id_mengikuti) VALUES (87, 62);
INSERT IGNORE INTO Teman (id_diikuti, id_mengikuti) VALUES (53, 64);
INSERT IGNORE INTO Teman (id_diikuti, id_mengikuti) VALUES (28, 64);
INSERT IGNORE INTO Teman (id_diikuti, id_mengikuti) VALUES (60, 64);
INSERT IGNORE INTO Teman (id_diikuti, id_mengikuti) VALUES (47, 64);
INSERT IGNORE INTO Teman (id_diikuti, id_mengikuti) VALUES (29, 64);
INSERT IGNORE INTO Teman (id_diikuti, id_mengikuti) VALUES (37, 64);
INSERT IGNORE INTO Teman (id_diikuti, id_mengikuti) VALUES (81, 65);
INSERT IGNORE INTO Teman (id_diikuti, id_mengikuti) VALUES (11, 66);
INSERT IGNORE INTO Teman (id_diikuti, id_mengikuti) VALUES (92, 66);
INSERT IGNORE INTO Teman (id_diikuti, id_mengikuti) VALUES (1, 66);
INSERT IGNORE INTO Teman (id_diikuti, id_mengikuti) VALUES (95, 66);
INSERT IGNORE INTO Teman (id_diikuti, id_mengikuti) VALUES (36, 66);
INSERT IGNORE INTO Teman (id_diikuti, id_mengikuti) VALUES (103, 67);
INSERT IGNORE INTO Teman (id_diikuti, id_mengikuti) VALUES (38, 67);
INSERT IGNORE INTO Teman (id_diikuti, id_mengikuti) VALUES (74, 67);
INSERT IGNORE INTO Teman (id_diikuti, id_mengikuti) VALUES (31, 67);
INSERT IGNORE INTO Teman (id_diikuti, id_mengikuti) VALUES (64, 67);
INSERT IGNORE INTO Teman (id_diikuti, id_mengikuti) VALUES (34, 67);
INSERT IGNORE INTO Teman (id_diikuti, id_mengikuti) VALUES (50, 68);
INSERT IGNORE INTO Teman (id_diikuti, id_mengikuti) VALUES (4, 68);
INSERT IGNORE INTO Teman (id_diikuti, id_mengikuti) VALUES (35, 68);
INSERT IGNORE INTO Teman (id_diikuti, id_mengikuti) VALUES (85, 68);
INSERT IGNORE INTO Teman (id_diikuti, id_mengikuti) VALUES (63, 68);
INSERT IGNORE INTO Teman (id_diikuti, id_mengikuti) VALUES (26, 68);
INSERT IGNORE INTO Teman (id_diikuti, id_mengikuti) VALUES (45, 69);
INSERT IGNORE INTO Teman (id_diikuti, id_mengikuti) VALUES (61, 70);
INSERT IGNORE INTO Teman (id_diikuti, id_mengikuti) VALUES (38, 70);
INSERT IGNORE INTO Teman (id_diikuti, id_mengikuti) VALUES (40, 70);
INSERT IGNORE INTO Teman (id_diikuti, id_mengikuti) VALUES (65, 70);
INSERT IGNORE INTO Teman (id_diikuti, id_mengikuti) VALUES (69, 71);
INSERT IGNORE INTO Teman (id_diikuti, id_mengikuti) VALUES (81, 71);
INSERT IGNORE INTO Teman (id_diikuti, id_mengikuti) VALUES (55, 71);
INSERT IGNORE INTO Teman (id_diikuti, id_mengikuti) VALUES (58, 71);
INSERT IGNORE INTO Teman (id_diikuti, id_mengikuti) VALUES (13, 71);
INSERT IGNORE INTO Teman (id_diikuti, id_mengikuti) VALUES (21, 71);
INSERT IGNORE INTO Teman (id_diikuti, id_mengikuti) VALUES (74, 73);
INSERT IGNORE INTO Teman (id_diikuti, id_mengikuti) VALUES (5, 73);
INSERT IGNORE INTO Teman (id_diikuti, id_mengikuti) VALUES (79, 75);
INSERT IGNORE INTO Teman (id_diikuti, id_mengikuti) VALUES (72, 75);
INSERT IGNORE INTO Teman (id_diikuti, id_mengikuti) VALUES (80, 75);
INSERT IGNORE INTO Teman (id_diikuti, id_mengikuti) VALUES (106, 75);
INSERT IGNORE INTO Teman (id_diikuti, id_mengikuti) VALUES (17, 76);
INSERT IGNORE INTO Teman (id_diikuti, id_mengikuti) VALUES (15, 77);
INSERT IGNORE INTO Teman (id_diikuti, id_mengikuti) VALUES (31, 77);
INSERT IGNORE INTO Teman (id_diikuti, id_mengikuti) VALUES (80, 77);
INSERT IGNORE INTO Teman (id_diikuti, id_mengikuti) VALUES (79, 78);
INSERT IGNORE INTO Teman (id_diikuti, id_mengikuti) VALUES (41, 78);
INSERT IGNORE INTO Teman (id_diikuti, id_mengikuti) VALUES (43, 78);
INSERT IGNORE INTO Teman (id_diikuti, id_mengikuti) VALUES (32, 78);
INSERT IGNORE INTO Teman (id_diikuti, id_mengikuti) VALUES (66, 78);
INSERT IGNORE INTO Teman (id_diikuti, id_mengikuti) VALUES (72, 79);
INSERT IGNORE INTO Teman (id_diikuti, id_mengikuti) VALUES (33, 81);
INSERT IGNORE INTO Teman (id_diikuti, id_mengikuti) VALUES (103, 81);
INSERT IGNORE INTO Teman (id_diikuti, id_mengikuti) VALUES (51, 81);
INSERT IGNORE INTO Teman (id_diikuti, id_mengikuti) VALUES (44, 81);
INSERT IGNORE INTO Teman (id_diikuti, id_mengikuti) VALUES (12, 82);
INSERT IGNORE INTO Teman (id_diikuti, id_mengikuti) VALUES (50, 82);
INSERT IGNORE INTO Teman (id_diikuti, id_mengikuti) VALUES (94, 82);
INSERT IGNORE INTO Teman (id_diikuti, id_mengikuti) VALUES (94, 83);
INSERT IGNORE INTO Teman (id_diikuti, id_mengikuti) VALUES (2, 83);
INSERT IGNORE INTO Teman (id_diikuti, id_mengikuti) VALUES (62, 83);
INSERT IGNORE INTO Teman (id_diikuti, id_mengikuti) VALUES (35, 83);
INSERT IGNORE INTO Teman (id_diikuti, id_mengikuti) VALUES (66, 83);
INSERT IGNORE INTO Teman (id_diikuti, id_mengikuti) VALUES (54, 83);
INSERT IGNORE INTO Teman (id_diikuti, id_mengikuti) VALUES (85, 83);
INSERT IGNORE INTO Teman (id_diikuti, id_mengikuti) VALUES (78, 84);
INSERT IGNORE INTO Teman (id_diikuti, id_mengikuti) VALUES (53, 84);
INSERT IGNORE INTO Teman (id_diikuti, id_mengikuti) VALUES (37, 84);
INSERT IGNORE INTO Teman (id_diikuti, id_mengikuti) VALUES (91, 85);
INSERT IGNORE INTO Teman (id_diikuti, id_mengikuti) VALUES (28, 85);
INSERT IGNORE INTO Teman (id_diikuti, id_mengikuti) VALUES (66, 85);
INSERT IGNORE INTO Teman (id_diikuti, id_mengikuti) VALUES (69, 85);
INSERT IGNORE INTO Teman (id_diikuti, id_mengikuti) VALUES (93, 85);
INSERT IGNORE INTO Teman (id_diikuti, id_mengikuti) VALUES (1, 85);
INSERT IGNORE INTO Teman (id_diikuti, id_mengikuti) VALUES (74, 86);
INSERT IGNORE INTO Teman (id_diikuti, id_mengikuti) VALUES (90, 86);
INSERT IGNORE INTO Teman (id_diikuti, id_mengikuti) VALUES (66, 87);
INSERT IGNORE INTO Teman (id_diikuti, id_mengikuti) VALUES (36, 87);
INSERT IGNORE INTO Teman (id_diikuti, id_mengikuti) VALUES (96, 87);
INSERT IGNORE INTO Teman (id_diikuti, id_mengikuti) VALUES (105, 88);
INSERT IGNORE INTO Teman (id_diikuti, id_mengikuti) VALUES (78, 88);
INSERT IGNORE INTO Teman (id_diikuti, id_mengikuti) VALUES (7, 88);
INSERT IGNORE INTO Teman (id_diikuti, id_mengikuti) VALUES (109, 88);
INSERT IGNORE INTO Teman (id_diikuti, id_mengikuti) VALUES (107, 88);
INSERT IGNORE INTO Teman (id_diikuti, id_mengikuti) VALUES (45, 88);
INSERT IGNORE INTO Teman (id_diikuti, id_mengikuti) VALUES (6, 89);
INSERT IGNORE INTO Teman (id_diikuti, id_mengikuti) VALUES (48, 89);
INSERT IGNORE INTO Teman (id_diikuti, id_mengikuti) VALUES (98, 89);
INSERT IGNORE INTO Teman (id_diikuti, id_mengikuti) VALUES (108, 89);
INSERT IGNORE INTO Teman (id_diikuti, id_mengikuti) VALUES (28, 89);
INSERT IGNORE INTO Teman (id_diikuti, id_mengikuti) VALUES (58, 90);
INSERT IGNORE INTO Teman (id_diikuti, id_mengikuti) VALUES (65, 90);
INSERT IGNORE INTO Teman (id_diikuti, id_mengikuti) VALUES (107, 90);
INSERT IGNORE INTO Teman (id_diikuti, id_mengikuti) VALUES (93, 90);
INSERT IGNORE INTO Teman (id_diikuti, id_mengikuti) VALUES (18, 91);
INSERT IGNORE INTO Teman (id_diikuti, id_mengikuti) VALUES (39, 91);
INSERT IGNORE INTO Teman (id_diikuti, id_mengikuti) VALUES (41, 91);
INSERT IGNORE INTO Teman (id_diikuti, id_mengikuti) VALUES (75, 91);
INSERT IGNORE INTO Teman (id_diikuti, id_mengikuti) VALUES (32, 91);
INSERT IGNORE INTO Teman (id_diikuti, id_mengikuti) VALUES (21, 92);
INSERT IGNORE INTO Teman (id_diikuti, id_mengikuti) VALUES (49, 94);
INSERT IGNORE INTO Teman (id_diikuti, id_mengikuti) VALUES (13, 95);
INSERT IGNORE INTO Teman (id_diikuti, id_mengikuti) VALUES (44, 95);
INSERT IGNORE INTO Teman (id_diikuti, id_mengikuti) VALUES (27, 95);
INSERT IGNORE INTO Teman (id_diikuti, id_mengikuti) VALUES (53, 95);
INSERT IGNORE INTO Teman (id_diikuti, id_mengikuti) VALUES (63, 95);
INSERT IGNORE INTO Teman (id_diikuti, id_mengikuti) VALUES (109, 97);
INSERT IGNORE INTO Teman (id_diikuti, id_mengikuti) VALUES (2, 97);
INSERT IGNORE INTO Teman (id_diikuti, id_mengikuti) VALUES (93, 97);
INSERT IGNORE INTO Teman (id_diikuti, id_mengikuti) VALUES (66, 98);
INSERT IGNORE INTO Teman (id_diikuti, id_mengikuti) VALUES (6, 98);
INSERT IGNORE INTO Teman (id_diikuti, id_mengikuti) VALUES (67, 98);
INSERT IGNORE INTO Teman (id_diikuti, id_mengikuti) VALUES (109, 98);
INSERT IGNORE INTO Teman (id_diikuti, id_mengikuti) VALUES (56, 98);
INSERT IGNORE INTO Teman (id_diikuti, id_mengikuti) VALUES (53, 98);
INSERT IGNORE INTO Teman (id_diikuti, id_mengikuti) VALUES (73, 99);
INSERT IGNORE INTO Teman (id_diikuti, id_mengikuti) VALUES (42, 99);
INSERT IGNORE INTO Teman (id_diikuti, id_mengikuti) VALUES (19, 99);
INSERT IGNORE INTO Teman (id_diikuti, id_mengikuti) VALUES (78, 99);
INSERT IGNORE INTO Teman (id_diikuti, id_mengikuti) VALUES (29, 99);
INSERT IGNORE INTO Teman (id_diikuti, id_mengikuti) VALUES (92, 99);
INSERT IGNORE INTO Teman (id_diikuti, id_mengikuti) VALUES (91, 99);
INSERT IGNORE INTO Teman (id_diikuti, id_mengikuti) VALUES (107, 100);
INSERT IGNORE INTO Teman (id_diikuti, id_mengikuti) VALUES (48, 100);
INSERT IGNORE INTO Teman (id_diikuti, id_mengikuti) VALUES (57, 100);
INSERT IGNORE INTO Teman (id_diikuti, id_mengikuti) VALUES (56, 100);
INSERT IGNORE INTO Teman (id_diikuti, id_mengikuti) VALUES (100, 101);
INSERT IGNORE INTO Teman (id_diikuti, id_mengikuti) VALUES (95, 102);
INSERT IGNORE INTO Teman (id_diikuti, id_mengikuti) VALUES (106, 102);
INSERT IGNORE INTO Teman (id_diikuti, id_mengikuti) VALUES (63, 102);
INSERT IGNORE INTO Teman (id_diikuti, id_mengikuti) VALUES (103, 102);
INSERT IGNORE INTO Teman (id_diikuti, id_mengikuti) VALUES (96, 102);
INSERT IGNORE INTO Teman (id_diikuti, id_mengikuti) VALUES (19, 103);
INSERT IGNORE INTO Teman (id_diikuti, id_mengikuti) VALUES (78, 103);
INSERT IGNORE INTO Teman (id_diikuti, id_mengikuti) VALUES (37, 103);
INSERT IGNORE INTO Teman (id_diikuti, id_mengikuti) VALUES (57, 103);
INSERT IGNORE INTO Teman (id_diikuti, id_mengikuti) VALUES (15, 103);
INSERT IGNORE INTO Teman (id_diikuti, id_mengikuti) VALUES (96, 103);
INSERT IGNORE INTO Teman (id_diikuti, id_mengikuti) VALUES (70, 104);
INSERT IGNORE INTO Teman (id_diikuti, id_mengikuti) VALUES (100, 104);
INSERT IGNORE INTO Teman (id_diikuti, id_mengikuti) VALUES (72, 104);
INSERT IGNORE INTO Teman (id_diikuti, id_mengikuti) VALUES (29, 105);
INSERT IGNORE INTO Teman (id_diikuti, id_mengikuti) VALUES (110, 105);
INSERT IGNORE INTO Teman (id_diikuti, id_mengikuti) VALUES (94, 105);
INSERT IGNORE INTO Teman (id_diikuti, id_mengikuti) VALUES (48, 105);
INSERT IGNORE INTO Teman (id_diikuti, id_mengikuti) VALUES (16, 105);
INSERT IGNORE INTO Teman (id_diikuti, id_mengikuti) VALUES (80, 106);
INSERT IGNORE INTO Teman (id_diikuti, id_mengikuti) VALUES (109, 106);
INSERT IGNORE INTO Teman (id_diikuti, id_mengikuti) VALUES (79, 107);
INSERT IGNORE INTO Teman (id_diikuti, id_mengikuti) VALUES (87, 107);
INSERT IGNORE INTO Teman (id_diikuti, id_mengikuti) VALUES (44, 107);
INSERT IGNORE INTO Teman (id_diikuti, id_mengikuti) VALUES (11, 109);
