CREATE DATABASE IF NOT EXISTS ecommerce;
USE ecommerce;

CREATE TABLE IF NOT EXISTS Alamat (
    id_alamat INT PRIMARY KEY,
    provinsi VARCHAR(255),
    kota VARCHAR(255),
    jalan VARCHAR(255)
);

CREATE TABLE IF NOT EXISTS Pengguna (
    id_pengguna INT PRIMARY KEY,
    email VARCHAR(255) UNIQUE,
    password VARCHAR(255),
    nama_lengkap VARCHAR(255),
    tgl_lahir DATE,
    no_telp VARCHAR(20),
    foto_profil VARCHAR(255),
    is_penjual BOOLEAN
);

CREATE TABLE IF NOT EXISTS Penjual (
    id_penjual INT PRIMARY KEY,
    id_pengguna INT,
    ktp VARCHAR(255),
    foto_diri VARCHAR(255),
    is_verified BOOLEAN,
    FOREIGN KEY (id_pengguna) REFERENCES Pengguna(id_pengguna)
);

CREATE TABLE IF NOT EXISTS Pembeli (
    id_pembeli INT PRIMARY KEY,
    id_pengguna INT,
    FOREIGN KEY (id_pengguna) REFERENCES Pengguna(id_pengguna)
);

CREATE TABLE IF NOT EXISTS AlamatPembeli (
    id_alamat_pembeli INT PRIMARY KEY, -- New surrogate PK
    id_pembeli INT,
    id_alamat INT,
    FOREIGN KEY (id_pembeli) REFERENCES Pembeli(id_pembeli),
    FOREIGN KEY (id_alamat) REFERENCES Alamat(id_alamat)
);

CREATE TABLE IF NOT EXISTS AlamatDefault (
    id_alamat_pembeli INT PRIMARY KEY, -- FK to AlamatPembeli.id_alamat_pembeli
    is_default BOOLEAN DEFAULT TRUE, -- As per image, though TRUE is implied by presence
    FOREIGN KEY (id_alamat_pembeli) REFERENCES AlamatPembeli(id_alamat_pembeli)
);

CREATE TABLE IF NOT EXISTS Keranjang (
    id_keranjang INT PRIMARY KEY,
    id_pembeli INT,
    FOREIGN KEY (id_pembeli) REFERENCES Pembeli(id_pembeli)
);

CREATE TABLE IF NOT EXISTS Produk (
    id_produk INT PRIMARY KEY,
    id_penjual INT,
    nama VARCHAR(255),
    deskripsi TEXT,
    FOREIGN KEY (id_penjual) REFERENCES Penjual(id_penjual)
);

CREATE TABLE IF NOT EXISTS VarianProduk (
    sku VARCHAR(50) PRIMARY KEY,
    id_produk INT, -- Added FK to Produk
    harga DECIMAL(10, 2),
    stok INT,
    FOREIGN KEY (id_produk) REFERENCES Produk(id_produk)
);

CREATE TABLE IF NOT EXISTS AtributVarian (
    atribut_varian VARCHAR(50) PRIMARY KEY,
    nama VARCHAR(100)
);

CREATE TABLE IF NOT EXISTS ProdukVarianAtribut (
    id_produk INT,
    atribut_varian VARCHAR(50),
    sku VARCHAR(50),
    nilai VARCHAR(100),
    PRIMARY KEY (id_produk, atribut_varian, sku),
    FOREIGN KEY (id_produk) REFERENCES Produk(id_produk),
    FOREIGN KEY (atribut_varian) REFERENCES AtributVarian(atribut_varian),
    FOREIGN KEY (sku) REFERENCES VarianProduk(sku)
);

CREATE TABLE IF NOT EXISTS Gambar (
    id_gambar INT PRIMARY KEY,
    gambar VARCHAR(255)
);

CREATE TABLE IF NOT EXISTS GambarProduk (
    id_produk INT,
    id_gambar INT,
    PRIMARY KEY (id_produk, id_gambar),
    FOREIGN KEY (id_produk) REFERENCES Produk(id_produk),
    FOREIGN KEY (id_gambar) REFERENCES Gambar(id_gambar)
);

CREATE TABLE IF NOT EXISTS Tag (
    id_tag INT PRIMARY KEY,
    nama VARCHAR(50)
);

CREATE TABLE IF NOT EXISTS TagProduk (
    id_produk INT,
    id_tag INT,
    PRIMARY KEY (id_produk, id_tag),
    FOREIGN KEY (id_produk) REFERENCES Produk(id_produk),
    FOREIGN KEY (id_tag) REFERENCES Tag(id_tag)
);

CREATE TABLE IF NOT EXISTS BarangKeranjang (
    id_keranjang INT,
    sku VARCHAR(50),
    kuantitas INT,
    PRIMARY KEY (id_keranjang, sku),
    FOREIGN KEY (id_keranjang) REFERENCES Keranjang(id_keranjang),
    FOREIGN KEY (sku) REFERENCES VarianProduk(sku)
);

CREATE TABLE IF NOT EXISTS Pesanan (
    id_pesanan INT PRIMARY KEY,
    id_pembeli INT,
    id_alamat_pembeli INT, -- Added FK to AlamatPembeli
    metode_pembayaran VARCHAR(50),
    metode_pengiriman VARCHAR(50),
    catatan TEXT,
    status_pesanan VARCHAR(50),
    waktu_pemesanan TIMESTAMP,
    FOREIGN KEY (id_pembeli) REFERENCES Pembeli(id_pembeli),
    FOREIGN KEY (id_alamat_pembeli) REFERENCES AlamatPembeli(id_alamat_pembeli)
);

CREATE TABLE IF NOT EXISTS BarangPesanan (
    id_pesanan INT,
    sku VARCHAR(50),
    kuantitas INT,
    PRIMARY KEY (id_pesanan, sku),
    FOREIGN KEY (id_pesanan) REFERENCES Pesanan(id_pesanan),
    FOREIGN KEY (sku) REFERENCES VarianProduk(sku)
);

CREATE TABLE IF NOT EXISTS Wishlist (
    id_pembeli INT,
    id_produk INT,
    PRIMARY KEY (id_pembeli, id_produk),
    FOREIGN KEY (id_pembeli) REFERENCES Pembeli(id_pembeli),
    FOREIGN KEY (id_produk) REFERENCES Produk(id_produk)
);

CREATE TABLE IF NOT EXISTS Ulasan (
    id_produk INT,
    id_pembeli INT,
    komentar TEXT,
    penilaian INT,
    PRIMARY KEY (id_produk, id_pembeli),
    FOREIGN KEY (id_produk) REFERENCES Produk(id_produk),
    FOREIGN KEY (id_pembeli) REFERENCES Pembeli(id_pembeli)
);

CREATE TABLE IF NOT EXISTS Teman (
    id_diikuti INT,
    id_mengikuti INT,
    PRIMARY KEY (id_diikuti, id_mengikuti),
    FOREIGN KEY (id_diikuti) REFERENCES Pengguna(id_pengguna),
    FOREIGN KEY (id_mengikuti) REFERENCES Pengguna(id_pengguna)
);

-- SEEDER DATA

-- Alamat
INSERT IGNORE INTO Alamat (id_alamat, provinsi, kota, jalan) VALUES (1, 'Kalimantan Barat', 'Tegal', 'Jalan Cikutra Timur No. 438');
INSERT IGNORE INTO Alamat (id_alamat, provinsi, kota, jalan) VALUES (2, 'Papua Barat', 'Semarang', 'Gang Tubagus Ismail No. 35');
INSERT IGNORE INTO Alamat (id_alamat, provinsi, kota, jalan) VALUES (3, 'Kalimantan Selatan', 'Tanjungpinang', 'Gg. Erlangga No. 80');
INSERT IGNORE INTO Alamat (id_alamat, provinsi, kota, jalan) VALUES (4, 'Sumatera Utara', 'Dumai', 'Jalan Gedebage Selatan No. 753');
INSERT IGNORE INTO Alamat (id_alamat, provinsi, kota, jalan) VALUES (5, 'Lampung', 'Lhokseumawe', 'Jalan Cihampelas No. 5');
INSERT IGNORE INTO Alamat (id_alamat, provinsi, kota, jalan) VALUES (6, 'Kalimantan Timur', 'Palu', 'Jl. Pacuan Kuda No. 195');
INSERT IGNORE INTO Alamat (id_alamat, provinsi, kota, jalan) VALUES (7, 'Jawa Tengah', 'Kota Administrasi Jakarta Pusat', 'Jalan Wonoayu No. 3');
INSERT IGNORE INTO Alamat (id_alamat, provinsi, kota, jalan) VALUES (8, 'Sulawesi Barat', 'Malang', 'Jalan Joyoboyo No. 04');
INSERT IGNORE INTO Alamat (id_alamat, provinsi, kota, jalan) VALUES (9, 'Kalimantan Barat', 'Padang', 'Jl. Dr. Djunjunan No. 5');
INSERT IGNORE INTO Alamat (id_alamat, provinsi, kota, jalan) VALUES (10, 'Sumatera Selatan', 'Makassar', 'Gang Cikutra Barat No. 89');
INSERT IGNORE INTO Alamat (id_alamat, provinsi, kota, jalan) VALUES (11, 'Gorontalo', 'Tebingtinggi', 'Jl. Pasteur No. 961');
INSERT IGNORE INTO Alamat (id_alamat, provinsi, kota, jalan) VALUES (12, 'Sulawesi Utara', 'Banjarbaru', 'Jalan Rajawali Barat No. 70');
INSERT IGNORE INTO Alamat (id_alamat, provinsi, kota, jalan) VALUES (13, 'Sumatera Selatan', 'Pekalongan', 'Gang Asia Afrika No. 0');
INSERT IGNORE INTO Alamat (id_alamat, provinsi, kota, jalan) VALUES (14, 'Kalimantan Tengah', 'Banjar', 'Gang Suniaraja No. 19');
INSERT IGNORE INTO Alamat (id_alamat, provinsi, kota, jalan) VALUES (15, 'Maluku Utara', 'Lhokseumawe', 'Jl. Pasteur No. 95');
INSERT IGNORE INTO Alamat (id_alamat, provinsi, kota, jalan) VALUES (16, 'DKI Jakarta', 'Surabaya', 'Jalan Pasirkoja No. 5');
INSERT IGNORE INTO Alamat (id_alamat, provinsi, kota, jalan) VALUES (17, 'Bali', 'Palopo', 'Jl. Jend. A. Yani No. 2');
INSERT IGNORE INTO Alamat (id_alamat, provinsi, kota, jalan) VALUES (18, 'Kalimantan Selatan', 'Samarinda', 'Jalan Abdul Muis No. 3');
INSERT IGNORE INTO Alamat (id_alamat, provinsi, kota, jalan) VALUES (19, 'Sulawesi Selatan', 'Kota Administrasi Jakarta Pusat', 'Jalan Sentot Alibasa No. 8');
INSERT IGNORE INTO Alamat (id_alamat, provinsi, kota, jalan) VALUES (20, 'Nusa Tenggara Timur', 'Kediri', 'Gang Antapani Lama No. 2');
INSERT IGNORE INTO Alamat (id_alamat, provinsi, kota, jalan) VALUES (21, 'Kalimantan Timur', 'Sukabumi', 'Jl. Cempaka No. 9');
INSERT IGNORE INTO Alamat (id_alamat, provinsi, kota, jalan) VALUES (22, 'Sumatera Barat', 'Cimahi', 'Jalan Cihampelas No. 8');
INSERT IGNORE INTO Alamat (id_alamat, provinsi, kota, jalan) VALUES (23, 'Lampung', 'Ternate', 'Gg. Gegerkalong Hilir No. 916');
INSERT IGNORE INTO Alamat (id_alamat, provinsi, kota, jalan) VALUES (24, 'Kalimantan Timur', 'Tegal', 'Jl. Moch. Ramdan No. 340');
INSERT IGNORE INTO Alamat (id_alamat, provinsi, kota, jalan) VALUES (25, 'Bengkulu', 'Medan', 'Gg. PHH. Mustofa No. 274');
INSERT IGNORE INTO Alamat (id_alamat, provinsi, kota, jalan) VALUES (26, 'DKI Jakarta', 'Tanjungpinang', 'Gang Otto Iskandardinata No. 46');
INSERT IGNORE INTO Alamat (id_alamat, provinsi, kota, jalan) VALUES (27, 'Gorontalo', 'Purwokerto', 'Gg. K.H. Wahid Hasyim No. 604');
INSERT IGNORE INTO Alamat (id_alamat, provinsi, kota, jalan) VALUES (28, 'Jawa Barat', 'Malang', 'Gang KH Amin Jasuta No. 0');
INSERT IGNORE INTO Alamat (id_alamat, provinsi, kota, jalan) VALUES (29, 'DKI Jakarta', 'Serang', 'Jl. Ciumbuleuit No. 1');
INSERT IGNORE INTO Alamat (id_alamat, provinsi, kota, jalan) VALUES (30, 'Jambi', 'Depok', 'Gg. Astana Anyar No. 769');
INSERT IGNORE INTO Alamat (id_alamat, provinsi, kota, jalan) VALUES (31, 'Banten', 'Lhokseumawe', 'Jl. Medokan Ayu No. 0');
INSERT IGNORE INTO Alamat (id_alamat, provinsi, kota, jalan) VALUES (32, 'DI Yogyakarta', 'Kota Administrasi Jakarta Pusat', 'Gg. Gegerkalong Hilir No. 472');
INSERT IGNORE INTO Alamat (id_alamat, provinsi, kota, jalan) VALUES (33, 'DI Yogyakarta', 'Kotamobagu', 'Jl. H.J Maemunah No. 60');
INSERT IGNORE INTO Alamat (id_alamat, provinsi, kota, jalan) VALUES (34, 'Gorontalo', 'Mojokerto', 'Gg. Bangka Raya No. 112');
INSERT IGNORE INTO Alamat (id_alamat, provinsi, kota, jalan) VALUES (35, 'Sulawesi Selatan', 'Manado', 'Gg. Dipenogoro No. 253');
INSERT IGNORE INTO Alamat (id_alamat, provinsi, kota, jalan) VALUES (36, 'Sumatera Selatan', 'Tarakan', 'Gang BKR No. 17');
INSERT IGNORE INTO Alamat (id_alamat, provinsi, kota, jalan) VALUES (37, 'Kepulauan Bangka Belitung', 'Prabumulih', 'Gang Ronggowarsito No. 29');
INSERT IGNORE INTO Alamat (id_alamat, provinsi, kota, jalan) VALUES (38, 'Maluku', 'Bitung', 'Gang S. Parman No. 68');
INSERT IGNORE INTO Alamat (id_alamat, provinsi, kota, jalan) VALUES (39, 'Kalimantan Selatan', 'Medan', 'Gg. Jend. A. Yani No. 9');
INSERT IGNORE INTO Alamat (id_alamat, provinsi, kota, jalan) VALUES (40, 'Kalimantan Selatan', 'Tanjungbalai', 'Jl. Dipenogoro No. 614');
INSERT IGNORE INTO Alamat (id_alamat, provinsi, kota, jalan) VALUES (41, 'Riau', 'Tanjungbalai', 'Jalan Cihampelas No. 8');
INSERT IGNORE INTO Alamat (id_alamat, provinsi, kota, jalan) VALUES (42, 'Jawa Timur', 'Bogor', 'Jl. Cihampelas No. 6');
INSERT IGNORE INTO Alamat (id_alamat, provinsi, kota, jalan) VALUES (43, 'Jambi', 'Gorontalo', 'Jl. Waringin No. 9');
INSERT IGNORE INTO Alamat (id_alamat, provinsi, kota, jalan) VALUES (44, 'Sulawesi Utara', 'Semarang', 'Gg. Jayawijaya No. 2');
INSERT IGNORE INTO Alamat (id_alamat, provinsi, kota, jalan) VALUES (45, 'Kepulauan Bangka Belitung', 'Tangerang Selatan', 'Jl. PHH. Mustofa No. 52');
INSERT IGNORE INTO Alamat (id_alamat, provinsi, kota, jalan) VALUES (46, 'Jawa Timur', 'Meulaboh', 'Jalan KH Amin Jasuta No. 447');
INSERT IGNORE INTO Alamat (id_alamat, provinsi, kota, jalan) VALUES (47, 'Lampung', 'Makassar', 'Jl. M.T Haryono No. 73');
INSERT IGNORE INTO Alamat (id_alamat, provinsi, kota, jalan) VALUES (48, 'Sulawesi Utara', 'Dumai', 'Jalan Ronggowarsito No. 317');
INSERT IGNORE INTO Alamat (id_alamat, provinsi, kota, jalan) VALUES (49, 'Sulawesi Barat', 'Pasuruan', 'Gg. Rungkut Industri No. 842');
INSERT IGNORE INTO Alamat (id_alamat, provinsi, kota, jalan) VALUES (50, 'Kepulauan Riau', 'Tanjungpinang', 'Jalan Siliwangi No. 4');
INSERT IGNORE INTO Alamat (id_alamat, provinsi, kota, jalan) VALUES (51, 'Gorontalo', 'Pekalongan', 'Gg. Pasir Koja No. 51');
INSERT IGNORE INTO Alamat (id_alamat, provinsi, kota, jalan) VALUES (52, 'Kalimantan Timur', 'Manado', 'Gang HOS. Cokroaminoto No. 80');
INSERT IGNORE INTO Alamat (id_alamat, provinsi, kota, jalan) VALUES (53, 'Sumatera Selatan', 'Payakumbuh', 'Gang Kendalsari No. 418');
INSERT IGNORE INTO Alamat (id_alamat, provinsi, kota, jalan) VALUES (54, 'Jawa Tengah', 'Prabumulih', 'Jalan Antapani Lama No. 8');
INSERT IGNORE INTO Alamat (id_alamat, provinsi, kota, jalan) VALUES (55, 'Nusa Tenggara Timur', 'Pariaman', 'Gang M.T Haryono No. 97');
INSERT IGNORE INTO Alamat (id_alamat, provinsi, kota, jalan) VALUES (56, 'Sumatera Selatan', 'Manado', 'Jalan Dipatiukur No. 035');
INSERT IGNORE INTO Alamat (id_alamat, provinsi, kota, jalan) VALUES (57, 'DI Yogyakarta', 'Pematangsiantar', 'Jalan Jakarta No. 103');
INSERT IGNORE INTO Alamat (id_alamat, provinsi, kota, jalan) VALUES (58, 'Sumatera Barat', 'Kota Administrasi Jakarta Pusat', 'Jalan Rajawali Barat No. 05');
INSERT IGNORE INTO Alamat (id_alamat, provinsi, kota, jalan) VALUES (59, 'Jambi', 'Probolinggo', 'Gg. Jend. A. Yani No. 0');
INSERT IGNORE INTO Alamat (id_alamat, provinsi, kota, jalan) VALUES (60, 'Sumatera Barat', 'Tangerang Selatan', 'Jl. Rajawali Barat No. 43');
INSERT IGNORE INTO Alamat (id_alamat, provinsi, kota, jalan) VALUES (61, 'Maluku', 'Denpasar', 'Gg. Tubagus Ismail No. 10');
INSERT IGNORE INTO Alamat (id_alamat, provinsi, kota, jalan) VALUES (62, 'Jawa Barat', 'Bogor', 'Jl. Veteran No. 243');
INSERT IGNORE INTO Alamat (id_alamat, provinsi, kota, jalan) VALUES (63, 'Maluku Utara', 'Sukabumi', 'Gg. H.J Maemunah No. 234');
INSERT IGNORE INTO Alamat (id_alamat, provinsi, kota, jalan) VALUES (64, 'Sulawesi Selatan', 'Langsa', 'Gang Gegerkalong Hilir No. 808');
INSERT IGNORE INTO Alamat (id_alamat, provinsi, kota, jalan) VALUES (65, 'Sumatera Selatan', 'Parepare', 'Jalan PHH. Mustofa No. 0');
INSERT IGNORE INTO Alamat (id_alamat, provinsi, kota, jalan) VALUES (66, 'Riau', 'Banjarmasin', 'Jalan Yos Sudarso No. 68');
INSERT IGNORE INTO Alamat (id_alamat, provinsi, kota, jalan) VALUES (67, 'Sulawesi Barat', 'Binjai', 'Gang Cikutra Timur No. 22');
INSERT IGNORE INTO Alamat (id_alamat, provinsi, kota, jalan) VALUES (68, 'Jambi', 'Madiun', 'Jl. Gardujati No. 89');
INSERT IGNORE INTO Alamat (id_alamat, provinsi, kota, jalan) VALUES (69, 'Jawa Tengah', 'Subulussalam', 'Jl. Ahmad Yani No. 3');
INSERT IGNORE INTO Alamat (id_alamat, provinsi, kota, jalan) VALUES (70, 'Kalimantan Tengah', 'Langsa', 'Gang Waringin No. 508');
INSERT IGNORE INTO Alamat (id_alamat, provinsi, kota, jalan) VALUES (71, 'Maluku Utara', 'Tidore Kepulauan', 'Gg. Ciumbuleuit No. 0');
INSERT IGNORE INTO Alamat (id_alamat, provinsi, kota, jalan) VALUES (72, 'Papua Barat', 'Malang', 'Gang S. Parman No. 6');
INSERT IGNORE INTO Alamat (id_alamat, provinsi, kota, jalan) VALUES (73, 'Sulawesi Tengah', 'Bandung', 'Gang Ahmad Yani No. 569');
INSERT IGNORE INTO Alamat (id_alamat, provinsi, kota, jalan) VALUES (74, 'Jawa Timur', 'Serang', 'Jl. Rajiman No. 8');
INSERT IGNORE INTO Alamat (id_alamat, provinsi, kota, jalan) VALUES (75, 'Kalimantan Timur', 'Prabumulih', 'Gg. Sadang Serang No. 3');
INSERT IGNORE INTO Alamat (id_alamat, provinsi, kota, jalan) VALUES (76, 'Papua Barat', 'Blitar', 'Gang Sukajadi No. 445');
INSERT IGNORE INTO Alamat (id_alamat, provinsi, kota, jalan) VALUES (77, 'Jawa Timur', 'Cilegon', 'Jl. Cikutra Timur No. 5');
INSERT IGNORE INTO Alamat (id_alamat, provinsi, kota, jalan) VALUES (78, 'Kepulauan Bangka Belitung', 'Tanjungpinang', 'Gg. Waringin No. 44');
INSERT IGNORE INTO Alamat (id_alamat, provinsi, kota, jalan) VALUES (79, 'Kepulauan Riau', 'Tangerang Selatan', 'Gang Suniaraja No. 07');
INSERT IGNORE INTO Alamat (id_alamat, provinsi, kota, jalan) VALUES (80, 'Banten', 'Kota Administrasi Jakarta Utara', 'Jalan Jend. Sudirman No. 8');
INSERT IGNORE INTO Alamat (id_alamat, provinsi, kota, jalan) VALUES (81, 'Jambi', 'Purwokerto', 'Jl. Cihampelas No. 29');
INSERT IGNORE INTO Alamat (id_alamat, provinsi, kota, jalan) VALUES (82, 'Lampung', 'Kota Administrasi Jakarta Pusat', 'Gang Moch. Toha No. 51');
INSERT IGNORE INTO Alamat (id_alamat, provinsi, kota, jalan) VALUES (83, 'Kalimantan Barat', 'Purwokerto', 'Gg. Kebonjati No. 6');
INSERT IGNORE INTO Alamat (id_alamat, provinsi, kota, jalan) VALUES (84, 'DI Yogyakarta', 'Pekanbaru', 'Gang Cihampelas No. 2');
INSERT IGNORE INTO Alamat (id_alamat, provinsi, kota, jalan) VALUES (85, 'Papua', 'Kota Administrasi Jakarta Pusat', 'Gang Kendalsari No. 452');
INSERT IGNORE INTO Alamat (id_alamat, provinsi, kota, jalan) VALUES (86, 'Kalimantan Utara', 'Depok', 'Gang Rungkut Industri No. 707');
INSERT IGNORE INTO Alamat (id_alamat, provinsi, kota, jalan) VALUES (87, 'Lampung', 'Palu', 'Jl. HOS. Cokroaminoto No. 26');
INSERT IGNORE INTO Alamat (id_alamat, provinsi, kota, jalan) VALUES (88, 'Gorontalo', 'Sukabumi', 'Jalan Monginsidi No. 696');
INSERT IGNORE INTO Alamat (id_alamat, provinsi, kota, jalan) VALUES (89, 'Bali', 'Pangkalpinang', 'Jalan Cihampelas No. 86');
INSERT IGNORE INTO Alamat (id_alamat, provinsi, kota, jalan) VALUES (90, 'Kepulauan Bangka Belitung', 'Bandung', 'Jl. Sentot Alibasa No. 9');
INSERT IGNORE INTO Alamat (id_alamat, provinsi, kota, jalan) VALUES (91, 'DI Yogyakarta', 'Mojokerto', 'Gang Raya Ujungberung No. 2');
INSERT IGNORE INTO Alamat (id_alamat, provinsi, kota, jalan) VALUES (92, 'Lampung', 'Bukittinggi', 'Gg. Stasiun Wonokromo No. 88');
INSERT IGNORE INTO Alamat (id_alamat, provinsi, kota, jalan) VALUES (93, 'Gorontalo', 'Ambon', 'Jalan Ciumbuleuit No. 239');
INSERT IGNORE INTO Alamat (id_alamat, provinsi, kota, jalan) VALUES (94, 'Bengkulu', 'Batu', 'Gg. Jend. Sudirman No. 6');
INSERT IGNORE INTO Alamat (id_alamat, provinsi, kota, jalan) VALUES (95, 'Kalimantan Barat', 'Probolinggo', 'Jl. Ahmad Dahlan No. 2');
INSERT IGNORE INTO Alamat (id_alamat, provinsi, kota, jalan) VALUES (96, 'Kalimantan Tengah', 'Dumai', 'Jalan Stasiun Wonokromo No. 6');
INSERT IGNORE INTO Alamat (id_alamat, provinsi, kota, jalan) VALUES (97, 'Banten', 'Palopo', 'Gang Cihampelas No. 2');
INSERT IGNORE INTO Alamat (id_alamat, provinsi, kota, jalan) VALUES (98, 'Riau', 'Padang', 'Jalan Jend. Sudirman No. 09');
INSERT IGNORE INTO Alamat (id_alamat, provinsi, kota, jalan) VALUES (99, 'Jawa Timur', 'Bogor', 'Gg. Peta No. 4');
INSERT IGNORE INTO Alamat (id_alamat, provinsi, kota, jalan) VALUES (100, 'Jawa Barat', 'Surakarta', 'Jl. Tubagus Ismail No. 821');

-- Pengguna
INSERT IGNORE INTO Pengguna (id_pengguna, email, password, nama_lengkap, tgl_lahir, no_telp, foto_profil, is_penjual) VALUES (1, 'rajatapuspa@example.net', '+fN56_4!3&%M', 'Putri Nababan', '1974-06-29', '+62 (0561) 603-0428', 'profil/user1.jpg', TRUE);
INSERT IGNORE INTO Pengguna (id_pengguna, email, password, nama_lengkap, tgl_lahir, no_telp, foto_profil, is_penjual) VALUES (2, 'zmardhiyah@example.com', '+tKIen5uT83+', 'Paramita Mayasari', '1999-08-16', '+62 (096) 351-0574', 'profil/user2.jpg', TRUE);
INSERT IGNORE INTO Pengguna (id_pengguna, email, password, nama_lengkap, tgl_lahir, no_telp, foto_profil, is_penjual) VALUES (3, 'aryanihairyanto@example.org', 'F!$89Bd45(@5', 'Dt. Kawaya Mulyani, S.T.', '1981-06-11', '+62-035-169-4459', 'profil/user3.jpg', TRUE);
INSERT IGNORE INTO Pengguna (id_pengguna, email, password, nama_lengkap, tgl_lahir, no_telp, foto_profil, is_penjual) VALUES (4, 'yunitasitumorang@example.com', '9r5(sa2@%!PJ', 'R.A. Vera Sinaga', '2000-09-22', '+62 (66) 727 6297', 'profil/user4.jpg', TRUE);
INSERT IGNORE INTO Pengguna (id_pengguna, email, password, nama_lengkap, tgl_lahir, no_telp, foto_profil, is_penjual) VALUES (5, 'hariyahupik@example.org', 'Vxe%b6hOR5lD', 'Drs. Harsana Puspita', '1990-11-18', '(092) 110 4910', 'profil/user5.jpg', TRUE);
INSERT IGNORE INTO Pengguna (id_pengguna, email, password, nama_lengkap, tgl_lahir, no_telp, foto_profil, is_penjual) VALUES (6, 'hnurdiyanti@example.com', '_A8OApbow%vD', 'Caturangga Haryanto', '1969-10-18', '(029) 113 0421', 'profil/user6.jpg', TRUE);
INSERT IGNORE INTO Pengguna (id_pengguna, email, password, nama_lengkap, tgl_lahir, no_telp, foto_profil, is_penjual) VALUES (7, 'ykuswoyo@example.net', 'N!Y3uECt&$M%', 'Sutan Uda Novitasari, S.Pd', '2000-05-12', '(026) 018 9332', 'profil/user7.jpg', TRUE);
INSERT IGNORE INTO Pengguna (id_pengguna, email, password, nama_lengkap, tgl_lahir, no_telp, foto_profil, is_penjual) VALUES (8, 'npertiwi@example.org', '*uxXj7Ojah02', 'R. Uda Sudiati', '1995-06-12', '+62 (0114) 858 0733', 'profil/user8.jpg', TRUE);
INSERT IGNORE INTO Pengguna (id_pengguna, email, password, nama_lengkap, tgl_lahir, no_telp, foto_profil, is_penjual) VALUES (9, 'iswahyudibakidin@example.com', 'A^sX0EfmtW65', 'Puti Uyainah', '1973-04-27', '+62-31-061-6263', 'profil/user9.jpg', TRUE);
INSERT IGNORE INTO Pengguna (id_pengguna, email, password, nama_lengkap, tgl_lahir, no_telp, foto_profil, is_penjual) VALUES (10, 'pangeran32@example.com', '*vkOFH&49zQi', 'Harsaya Iswahyudi', '1993-06-29', '+62 (794) 376-6289', 'profil/user10.jpg', TRUE);
INSERT IGNORE INTO Pengguna (id_pengguna, email, password, nama_lengkap, tgl_lahir, no_telp, foto_profil, is_penjual) VALUES (11, 'inamaga@example.com', '7ZrCzWyv$oi4', 'Dt. Danu Pangestu, S.IP', '1992-06-13', '+62 (66) 326-6989', 'profil/user11.jpg', TRUE);
INSERT IGNORE INTO Pengguna (id_pengguna, email, password, nama_lengkap, tgl_lahir, no_telp, foto_profil, is_penjual) VALUES (12, 'pudjiastutiemin@example.net', 'f%59bIHrL5qQ', 'Johan Adriansyah', '1988-06-03', '+62 (99) 931-7897', 'profil/user12.jpg', TRUE);
INSERT IGNORE INTO Pengguna (id_pengguna, email, password, nama_lengkap, tgl_lahir, no_telp, foto_profil, is_penjual) VALUES (13, 'haryantidarmanto@example.org', '4c#(Ljwvl^6A', 'Patricia Yuniar', '1974-08-05', '0854661595', 'profil/user13.jpg', TRUE);
INSERT IGNORE INTO Pengguna (id_pengguna, email, password, nama_lengkap, tgl_lahir, no_telp, foto_profil, is_penjual) VALUES (14, 'tina77@example.net', 'G$IXPZ_j)7v2', 'Ade Anggraini', '1970-06-06', '+62-055-443-1606', 'profil/user14.jpg', TRUE);
INSERT IGNORE INTO Pengguna (id_pengguna, email, password, nama_lengkap, tgl_lahir, no_telp, foto_profil, is_penjual) VALUES (15, 'hidayantonasim@example.net', '*6!QprhM3zZX', 'Eli Hidayanto, S.IP', '1967-03-24', '+62 (04) 284 6027', 'profil/user15.jpg', TRUE);
INSERT IGNORE INTO Pengguna (id_pengguna, email, password, nama_lengkap, tgl_lahir, no_telp, foto_profil, is_penjual) VALUES (16, 'najampurwanti@example.org', 'PgS(BJhI(S2V', 'Rangga Yolanda', '1971-11-11', '(0399) 550 5731', 'profil/user16.jpg', TRUE);
INSERT IGNORE INTO Pengguna (id_pengguna, email, password, nama_lengkap, tgl_lahir, no_telp, foto_profil, is_penjual) VALUES (17, 'bsantoso@example.com', ')m*nh4+aV1Mx', 'Ella Hidayanto', '1984-02-10', '+62-079-151-0709', 'profil/user17.jpg', TRUE);
INSERT IGNORE INTO Pengguna (id_pengguna, email, password, nama_lengkap, tgl_lahir, no_telp, foto_profil, is_penjual) VALUES (18, 'esaptono@example.org', 'Ap67yxz7&9!S', 'T. Upik Wacana', '1999-06-03', '+62 (18) 295 3687', 'profil/user18.jpg', TRUE);
INSERT IGNORE INTO Pengguna (id_pengguna, email, password, nama_lengkap, tgl_lahir, no_telp, foto_profil, is_penjual) VALUES (19, 'vprayoga@example.com', '^*1(tCo#YL(N', 'Jumari Narpati', '1984-11-09', '(011) 685-9984', 'profil/user19.jpg', TRUE);
INSERT IGNORE INTO Pengguna (id_pengguna, email, password, nama_lengkap, tgl_lahir, no_telp, foto_profil, is_penjual) VALUES (20, 'rnatsir@example.com', '*6f2QcK*y6ZX', 'R.M. Bakijan Marbun, M.M.', '1984-07-20', '(0582) 083 5373', 'profil/user20.jpg', TRUE);
INSERT IGNORE INTO Pengguna (id_pengguna, email, password, nama_lengkap, tgl_lahir, no_telp, foto_profil, is_penjual) VALUES (21, 'lhastuti@example.com', '6T)ZTgv2r%#4', 'Drs. Radit Yuliarti, S.E.I', '1981-03-12', '+62-0587-720-5012', 'profil/user21.jpg', TRUE);
INSERT IGNORE INTO Pengguna (id_pengguna, email, password, nama_lengkap, tgl_lahir, no_telp, foto_profil, is_penjual) VALUES (22, 'galarsihombing@example.org', 'q02UOybJl_j@', 'Galuh Gunarto', '2003-07-12', '+62-735-007-2036', 'profil/user22.jpg', TRUE);
INSERT IGNORE INTO Pengguna (id_pengguna, email, password, nama_lengkap, tgl_lahir, no_telp, foto_profil, is_penjual) VALUES (23, 'bhandayani@example.com', '+lEqY31c!1zE', 'Nadia Manullang', '1981-12-20', '+62-066-032-2227', 'profil/user23.jpg', TRUE);
INSERT IGNORE INTO Pengguna (id_pengguna, email, password, nama_lengkap, tgl_lahir, no_telp, foto_profil, is_penjual) VALUES (24, 'kasiyah47@example.com', '0TIXAlIwm#4U', 'Dadi Kuswoyo', '1973-06-21', '+62 (011) 624 8887', 'profil/user24.jpg', TRUE);
INSERT IGNORE INTO Pengguna (id_pengguna, email, password, nama_lengkap, tgl_lahir, no_telp, foto_profil, is_penjual) VALUES (25, 'wastutibalamantri@example.org', '^2WspCvMzzL4', 'R. Jagaraga Suartini, S.Kom', '1994-10-08', '(009) 510 1907', 'profil/user25.jpg', TRUE);
INSERT IGNORE INTO Pengguna (id_pengguna, email, password, nama_lengkap, tgl_lahir, no_telp, foto_profil, is_penjual) VALUES (26, 'firgantorodanuja@example.org', 'G#!oSyvfGh4$', 'Hartana Wibowo, M.Pd', '1979-06-16', '+62-173-508-9711', 'profil/user26.jpg', TRUE);
INSERT IGNORE INTO Pengguna (id_pengguna, email, password, nama_lengkap, tgl_lahir, no_telp, foto_profil, is_penjual) VALUES (27, 'hani06@example.com', 'x#!7VTKvnqv!', 'Laila Saefullah, S.E.', '1976-06-03', '(003) 038 9891', 'profil/user27.jpg', TRUE);
INSERT IGNORE INTO Pengguna (id_pengguna, email, password, nama_lengkap, tgl_lahir, no_telp, foto_profil, is_penjual) VALUES (28, 'anggriawanbelinda@example.org', '!4zR2Lxa$8LM', 'Laras Tarihoran', '1987-03-20', '085 746 4773', 'profil/user28.jpg', TRUE);
INSERT IGNORE INTO Pengguna (id_pengguna, email, password, nama_lengkap, tgl_lahir, no_telp, foto_profil, is_penjual) VALUES (29, 'bambang68@example.org', 'VciOhC!N^C6E', 'Umi Nugroho', '1974-07-25', '+62 (0432) 575-2475', 'profil/user29.jpg', TRUE);
INSERT IGNORE INTO Pengguna (id_pengguna, email, password, nama_lengkap, tgl_lahir, no_telp, foto_profil, is_penjual) VALUES (30, 'wardi94@example.com', '9+(T$Skm56J4', 'dr. Caraka Halimah', '1964-10-12', '+62 (033) 509-6404', 'profil/user30.jpg', TRUE);
INSERT IGNORE INTO Pengguna (id_pengguna, email, password, nama_lengkap, tgl_lahir, no_telp, foto_profil, is_penjual) VALUES (31, 'crahmawati@example.com', 'qIl4vrDx$HWj', 'Purwa Sinaga', '2004-11-03', '+62-0950-826-0805', 'profil/user31.jpg', TRUE);
INSERT IGNORE INTO Pengguna (id_pengguna, email, password, nama_lengkap, tgl_lahir, no_telp, foto_profil, is_penjual) VALUES (32, 'jarwadinapitupulu@example.com', 'MyNf)VnpV%76', 'Ratih Hutasoit', '1988-10-31', '+62-20-745-9220', 'profil/user32.jpg', TRUE);
INSERT IGNORE INTO Pengguna (id_pengguna, email, password, nama_lengkap, tgl_lahir, no_telp, foto_profil, is_penjual) VALUES (33, 'prabawapertiwi@example.org', '3PzNog4*^q!S', 'Silvia Simanjuntak', '2001-11-28', '(066) 978 9419', 'profil/user33.jpg', TRUE);
INSERT IGNORE INTO Pengguna (id_pengguna, email, password, nama_lengkap, tgl_lahir, no_telp, foto_profil, is_penjual) VALUES (34, 'kayun51@example.net', '8)so0QB)fp0P', 'H. Prabu Gunawan', '1976-09-02', '+62 (26) 460-5692', 'profil/user34.jpg', TRUE);
INSERT IGNORE INTO Pengguna (id_pengguna, email, password, nama_lengkap, tgl_lahir, no_telp, foto_profil, is_penjual) VALUES (35, 'uyainahdasa@example.com', 'kkNzlc5H$7Y@', 'Ganjaran Budiman, S.E.I', '2001-11-01', '+62 (23) 710-4372', 'profil/user35.jpg', TRUE);
INSERT IGNORE INTO Pengguna (id_pengguna, email, password, nama_lengkap, tgl_lahir, no_telp, foto_profil, is_penjual) VALUES (36, 'uyainahikin@example.com', 'Vxwx)pBr*)44', 'Talia Budiyanto', '1995-07-28', '+62-528-449-0635', 'profil/user36.jpg', TRUE);
INSERT IGNORE INTO Pengguna (id_pengguna, email, password, nama_lengkap, tgl_lahir, no_telp, foto_profil, is_penjual) VALUES (37, 'cmanullang@example.com', 'g#4h&nIk9@Fy', 'Nadia Suwarno', '1987-01-31', '(0608) 543-1712', 'profil/user37.jpg', TRUE);
INSERT IGNORE INTO Pengguna (id_pengguna, email, password, nama_lengkap, tgl_lahir, no_telp, foto_profil, is_penjual) VALUES (38, 'satyaaryani@example.com', 'vjlK@EOt_A25', 'Abyasa Prasetyo, S.Gz', '1968-05-18', '(040) 079-0099', 'profil/user38.jpg', TRUE);
INSERT IGNORE INTO Pengguna (id_pengguna, email, password, nama_lengkap, tgl_lahir, no_telp, foto_profil, is_penjual) VALUES (39, 'purwantigina@example.com', 'tdA$pY4XVe1U', 'Melinda Hartati, M.TI.', '1975-11-04', '087 776 7200', 'profil/user39.jpg', TRUE);
INSERT IGNORE INTO Pengguna (id_pengguna, email, password, nama_lengkap, tgl_lahir, no_telp, foto_profil, is_penjual) VALUES (40, 'nasyidahkarsana@example.org', 'Ki7T&zRt$MlU', 'T. Jumadi Hakim, S.Ked', '1986-07-09', '(0768) 558-3742', 'profil/user40.jpg', TRUE);
INSERT IGNORE INTO Pengguna (id_pengguna, email, password, nama_lengkap, tgl_lahir, no_telp, foto_profil, is_penjual) VALUES (41, 'gramadan@example.net', ')lYNOsJ322l#', 'Timbul Halimah', '1988-09-22', '+62 (31) 276 0542', 'profil/user41.jpg', TRUE);
INSERT IGNORE INTO Pengguna (id_pengguna, email, password, nama_lengkap, tgl_lahir, no_telp, foto_profil, is_penjual) VALUES (42, 'napitupululuis@example.com', '3#3L7Ao6NeLj', 'Karsa Nuraini', '1966-11-11', '(0474) 376-4175', 'profil/user42.jpg', TRUE);
INSERT IGNORE INTO Pengguna (id_pengguna, email, password, nama_lengkap, tgl_lahir, no_telp, foto_profil, is_penjual) VALUES (43, 'hendriadriansyah@example.org', '$kPfPlR$#l69', 'Sidiq Sitompul', '1986-08-25', '(057) 597-1170', 'profil/user43.jpg', TRUE);
INSERT IGNORE INTO Pengguna (id_pengguna, email, password, nama_lengkap, tgl_lahir, no_telp, foto_profil, is_penjual) VALUES (44, 'pangeransiregar@example.com', '5fHrERfo@9LJ', 'Zulfa Novitasari, S.T.', '1984-11-17', '+62 (802) 662-6823', 'profil/user44.jpg', TRUE);
INSERT IGNORE INTO Pengguna (id_pengguna, email, password, nama_lengkap, tgl_lahir, no_telp, foto_profil, is_penjual) VALUES (45, 'puspasarielon@example.com', '$bO#K&mS9oCG', 'T. Asirwada Sudiati, S.Pd', '1982-08-17', '+62 (43) 514 1255', 'profil/user45.jpg', TRUE);
INSERT IGNORE INTO Pengguna (id_pengguna, email, password, nama_lengkap, tgl_lahir, no_telp, foto_profil, is_penjual) VALUES (46, 'prayogayosef@example.com', '0ah6l8No&*Ut', 'Gara Saragih', '1966-01-07', '+62 (016) 416-3460', 'profil/user46.jpg', TRUE);
INSERT IGNORE INTO Pengguna (id_pengguna, email, password, nama_lengkap, tgl_lahir, no_telp, foto_profil, is_penjual) VALUES (47, 'dsuwarno@example.net', 'rFsLKrx#%1LH', 'Kania Palastri', '2004-10-14', '(0324) 220 4106', 'profil/user47.jpg', TRUE);
INSERT IGNORE INTO Pengguna (id_pengguna, email, password, nama_lengkap, tgl_lahir, no_telp, foto_profil, is_penjual) VALUES (48, 'hutapeadirja@example.net', '(%2WxCwQZYEO', 'drg. Kania Pratiwi', '1981-05-05', '+62 (030) 682 3633', 'profil/user48.jpg', TRUE);
INSERT IGNORE INTO Pengguna (id_pengguna, email, password, nama_lengkap, tgl_lahir, no_telp, foto_profil, is_penjual) VALUES (49, 'sprabowo@example.org', 'eW+R6AFp1z^W', 'Wage Mangunsong', '1999-12-25', '+62 (034) 876 2199', 'profil/user49.jpg', TRUE);
INSERT IGNORE INTO Pengguna (id_pengguna, email, password, nama_lengkap, tgl_lahir, no_telp, foto_profil, is_penjual) VALUES (50, 'nababanbella@example.com', '2CIGthgA_xS^', 'R.M. Jaswadi Aryani', '2002-09-12', '+62 (041) 506-1081', 'profil/user50.jpg', TRUE);
INSERT IGNORE INTO Pengguna (id_pengguna, email, password, nama_lengkap, tgl_lahir, no_telp, foto_profil, is_penjual) VALUES (51, 'karimanrahayu@example.com', '&8zRp0IsZ7UV', 'Shania Hutapea', '2009-02-24', '+62 (080) 930-9989', 'profil/user51.jpg', FALSE);
INSERT IGNORE INTO Pengguna (id_pengguna, email, password, nama_lengkap, tgl_lahir, no_telp, foto_profil, is_penjual) VALUES (52, 'vickywidodo@example.net', 'I$Q_OvO#9w0S', 'Tgk. Nilam Pudjiastuti', '1991-07-12', '088 273 6470', 'profil/user52.jpg', FALSE);
INSERT IGNORE INTO Pengguna (id_pengguna, email, password, nama_lengkap, tgl_lahir, no_telp, foto_profil, is_penjual) VALUES (53, 'shakila64@example.com', 'CoP!nYeu@vT0', 'Akarsana Samosir', '2003-05-20', '+62 (080) 724 4566', 'profil/user53.jpg', FALSE);
INSERT IGNORE INTO Pengguna (id_pengguna, email, password, nama_lengkap, tgl_lahir, no_telp, foto_profil, is_penjual) VALUES (54, 'vicky29@example.org', '^7MpYsGw+w)q', 'Maryadi Puspita', '1981-04-27', '(0676) 246-7545', 'profil/user54.jpg', FALSE);
INSERT IGNORE INTO Pengguna (id_pengguna, email, password, nama_lengkap, tgl_lahir, no_telp, foto_profil, is_penjual) VALUES (55, 'mursitahutasoit@example.net', '&1DdktdC8pA6', 'Sutan Kusuma Hutasoit', '1982-09-30', '0873710877', 'profil/user55.jpg', FALSE);
INSERT IGNORE INTO Pengguna (id_pengguna, email, password, nama_lengkap, tgl_lahir, no_telp, foto_profil, is_penjual) VALUES (56, 'hutagalungkamal@example.org', 'O#WMX^@BUb(1', 'Jane Lestari', '1974-05-14', '+62-93-360-8715', 'profil/user56.jpg', FALSE);
INSERT IGNORE INTO Pengguna (id_pengguna, email, password, nama_lengkap, tgl_lahir, no_telp, foto_profil, is_penjual) VALUES (57, 'pangestuputra@example.com', 'emhA3EcZIRL^', 'drg. Kamila Hartati', '2009-08-02', '+62 (363) 709 6933', 'profil/user57.jpg', FALSE);
INSERT IGNORE INTO Pengguna (id_pengguna, email, password, nama_lengkap, tgl_lahir, no_telp, foto_profil, is_penjual) VALUES (58, 'adriansyahnilam@example.com', '@SxSy8Q%Y5x*', 'Bajragin Waskita, S.E.I', '2000-03-24', '+62 (609) 246-0992', 'profil/user58.jpg', FALSE);
INSERT IGNORE INTO Pengguna (id_pengguna, email, password, nama_lengkap, tgl_lahir, no_telp, foto_profil, is_penjual) VALUES (59, 'erikgunawan@example.net', 'Z@S4C3Xj@EcC', 'Olga Puspasari', '1954-08-24', '+62-487-338-7795', 'profil/user59.jpg', FALSE);
INSERT IGNORE INTO Pengguna (id_pengguna, email, password, nama_lengkap, tgl_lahir, no_telp, foto_profil, is_penjual) VALUES (60, 'zsuartini@example.com', '$9UOQjI_Bp7v', 'Upik Nasyidah', '2010-02-09', '+62 (702) 399 9880', 'profil/user60.jpg', FALSE);
INSERT IGNORE INTO Pengguna (id_pengguna, email, password, nama_lengkap, tgl_lahir, no_telp, foto_profil, is_penjual) VALUES (61, 'ratnamustofa@example.com', '^67lKDwgBRAy', 'Oskar Kusumo', '2007-06-02', '(0998) 188 1720', 'profil/user61.jpg', FALSE);
INSERT IGNORE INTO Pengguna (id_pengguna, email, password, nama_lengkap, tgl_lahir, no_telp, foto_profil, is_penjual) VALUES (62, 'xsitumorang@example.net', 'a2DtKZbo^QZ$', 'dr. Farhunnisa Farida', '2008-02-26', '+62 (0724) 842-1417', 'profil/user62.jpg', FALSE);
INSERT IGNORE INTO Pengguna (id_pengguna, email, password, nama_lengkap, tgl_lahir, no_telp, foto_profil, is_penjual) VALUES (63, 'xagustina@example.net', 'AM2VBlg8@)2A', 'Tina Situmorang', '1989-12-02', '+62 (036) 532-2171', 'profil/user63.jpg', FALSE);
INSERT IGNORE INTO Pengguna (id_pengguna, email, password, nama_lengkap, tgl_lahir, no_telp, foto_profil, is_penjual) VALUES (64, 'jono73@example.com', 'U)0A$EaitQLC', 'drg. Jamalia Haryanti', '1957-12-01', '+62 (809) 484-1952', 'profil/user64.jpg', FALSE);
INSERT IGNORE INTO Pengguna (id_pengguna, email, password, nama_lengkap, tgl_lahir, no_telp, foto_profil, is_penjual) VALUES (65, 'gambira90@example.com', '$8#Muabio*6T', 'Sutan Ajimat Ramadan', '1999-06-12', '+62 (0842) 272 4222', 'profil/user65.jpg', FALSE);
INSERT IGNORE INTO Pengguna (id_pengguna, email, password, nama_lengkap, tgl_lahir, no_telp, foto_profil, is_penjual) VALUES (66, 'xsimanjuntak@example.net', 'iDJ+O9l2DCa7', 'Yulia Hutasoit', '1995-09-03', '+62 (0023) 243 7907', 'profil/user66.jpg', FALSE);
INSERT IGNORE INTO Pengguna (id_pengguna, email, password, nama_lengkap, tgl_lahir, no_telp, foto_profil, is_penjual) VALUES (67, 'alikabudiman@example.org', '+$ZbNiY5xA3I', 'Latika Puspasari', '2002-04-15', '+62 (0763) 984 9352', 'profil/user67.jpg', FALSE);
INSERT IGNORE INTO Pengguna (id_pengguna, email, password, nama_lengkap, tgl_lahir, no_telp, foto_profil, is_penjual) VALUES (68, 'hmaryadi@example.org', 'l1NGMF_q#s6z', 'Puti Laksita', '1978-01-29', '+62-967-877-2316', 'profil/user68.jpg', FALSE);
INSERT IGNORE INTO Pengguna (id_pengguna, email, password, nama_lengkap, tgl_lahir, no_telp, foto_profil, is_penjual) VALUES (69, 'radriansyah@example.org', 'i%1evmxr320V', 'Digdaya Natsir', '2009-05-14', '+62 (464) 428-0303', 'profil/user69.jpg', FALSE);
INSERT IGNORE INTO Pengguna (id_pengguna, email, password, nama_lengkap, tgl_lahir, no_telp, foto_profil, is_penjual) VALUES (70, 'uyainahajimat@example.net', 'XCB2CMfE)j_P', 'Opan Lestari', '1979-02-19', '(0313) 506 3283', 'profil/user70.jpg', FALSE);
INSERT IGNORE INTO Pengguna (id_pengguna, email, password, nama_lengkap, tgl_lahir, no_telp, foto_profil, is_penjual) VALUES (71, 'winarnocatur@example.net', '!iFCs)LLC5nl', 'Diana Permadi, S.Pd', '1971-06-18', '+62 (037) 006 0014', 'profil/user71.jpg', FALSE);
INSERT IGNORE INTO Pengguna (id_pengguna, email, password, nama_lengkap, tgl_lahir, no_telp, foto_profil, is_penjual) VALUES (72, 'cintarajasa@example.org', '$%t57)zL2TVj', 'Hj. Ira Damanik', '1957-08-02', '0833005447', 'profil/user72.jpg', FALSE);
INSERT IGNORE INTO Pengguna (id_pengguna, email, password, nama_lengkap, tgl_lahir, no_telp, foto_profil, is_penjual) VALUES (73, 'prasetyobagya@example.org', 'lPC%3YwHz&39', 'Cut Lili Zulaika', '2009-03-18', '(0872) 130 3625', 'profil/user73.jpg', FALSE);
INSERT IGNORE INTO Pengguna (id_pengguna, email, password, nama_lengkap, tgl_lahir, no_telp, foto_profil, is_penjual) VALUES (74, 'ndabukke@example.net', 'J40&gaH6@ka*', 'Puti Sitorus, S.E.', '1963-04-20', '+62 (022) 454 3917', 'profil/user74.jpg', FALSE);
INSERT IGNORE INTO Pengguna (id_pengguna, email, password, nama_lengkap, tgl_lahir, no_telp, foto_profil, is_penjual) VALUES (75, 'saptonolasmono@example.org', '$zK@ddhhW80Z', 'Dt. Lega Prasetyo', '1958-05-22', '+62 (15) 024-7776', 'profil/user75.jpg', FALSE);
INSERT IGNORE INTO Pengguna (id_pengguna, email, password, nama_lengkap, tgl_lahir, no_telp, foto_profil, is_penjual) VALUES (76, 'pranowosalsabila@example.com', '!1#jO@(m1SX3', 'Lanang Oktaviani', '1958-12-23', '(044) 769 2197', 'profil/user76.jpg', FALSE);
INSERT IGNORE INTO Pengguna (id_pengguna, email, password, nama_lengkap, tgl_lahir, no_telp, foto_profil, is_penjual) VALUES (77, 'marpaungratna@example.com', 'WkI$9OzeP#kh', 'Yance Thamrin', '1962-07-25', '+62 (95) 737 8257', 'profil/user77.jpg', FALSE);
INSERT IGNORE INTO Pengguna (id_pengguna, email, password, nama_lengkap, tgl_lahir, no_telp, foto_profil, is_penjual) VALUES (78, 'utamakezia@example.org', '9p(%bk3B*E(X', 'Novi Yolanda', '1973-03-14', '(070) 406 8449', 'profil/user78.jpg', FALSE);
INSERT IGNORE INTO Pengguna (id_pengguna, email, password, nama_lengkap, tgl_lahir, no_telp, foto_profil, is_penjual) VALUES (79, 'vkuswandari@example.net', '#qXKtujyzS3j', 'Banawa Maheswara, S.Ked', '1966-10-15', '(0097) 361 4520', 'profil/user79.jpg', FALSE);
INSERT IGNORE INTO Pengguna (id_pengguna, email, password, nama_lengkap, tgl_lahir, no_telp, foto_profil, is_penjual) VALUES (80, 'winarnoputri@example.org', '$dSoYgOeV4Fj', 'Cornelia Yolanda', '1979-07-07', '+62 (065) 568-5714', 'profil/user80.jpg', FALSE);
INSERT IGNORE INTO Pengguna (id_pengguna, email, password, nama_lengkap, tgl_lahir, no_telp, foto_profil, is_penjual) VALUES (81, 'alambana32@example.net', 'XC6S7bxsU$U)', 'R. Maida Wacana', '1975-06-19', '(0694) 520 7691', 'profil/user81.jpg', FALSE);
INSERT IGNORE INTO Pengguna (id_pengguna, email, password, nama_lengkap, tgl_lahir, no_telp, foto_profil, is_penjual) VALUES (82, 'reksa65@example.org', 'ak@+xiMo$$E4', 'Kajen Sirait', '1985-04-11', '+62-012-141-1893', 'profil/user82.jpg', FALSE);
INSERT IGNORE INTO Pengguna (id_pengguna, email, password, nama_lengkap, tgl_lahir, no_telp, foto_profil, is_penjual) VALUES (83, 'purnawatirangga@example.com', 'eYn4jQdo@8NY', 'Balangga Safitri, S.Pd', '1963-02-08', '+62 (97) 631 6609', 'profil/user83.jpg', FALSE);
INSERT IGNORE INTO Pengguna (id_pengguna, email, password, nama_lengkap, tgl_lahir, no_telp, foto_profil, is_penjual) VALUES (84, 'usadahafshah@example.org', 'Jh8#n0$MPXpN', 'Lukman Narpati', '1956-07-30', '+62 (922) 304 2265', 'profil/user84.jpg', FALSE);
INSERT IGNORE INTO Pengguna (id_pengguna, email, password, nama_lengkap, tgl_lahir, no_telp, foto_profil, is_penjual) VALUES (85, 'tarihoranlintang@example.net', '*m516S@uHQ6O', 'Indah Yolanda', '1956-01-03', '+62 (986) 148 3557', 'profil/user85.jpg', FALSE);
INSERT IGNORE INTO Pengguna (id_pengguna, email, password, nama_lengkap, tgl_lahir, no_telp, foto_profil, is_penjual) VALUES (86, 'ywasita@example.com', 'oK%9fGlq%BC^', 'Ir. Rachel Mardhiyah', '2009-08-21', '+62-0116-438-9108', 'profil/user86.jpg', FALSE);
INSERT IGNORE INTO Pengguna (id_pengguna, email, password, nama_lengkap, tgl_lahir, no_telp, foto_profil, is_penjual) VALUES (87, 'wastutiutama@example.org', 'S88#mShqD_9F', 'Cut Maya Saefullah, S.E.', '1984-08-05', '(048) 519 2977', 'profil/user87.jpg', FALSE);
INSERT IGNORE INTO Pengguna (id_pengguna, email, password, nama_lengkap, tgl_lahir, no_telp, foto_profil, is_penjual) VALUES (88, 'paramitazulkarnain@example.net', '^9qxV&q*_l2c', 'Hesti Hidayanto', '2006-10-06', '+62 (036) 669 2695', 'profil/user88.jpg', FALSE);
INSERT IGNORE INTO Pengguna (id_pengguna, email, password, nama_lengkap, tgl_lahir, no_telp, foto_profil, is_penjual) VALUES (89, 'agus19@example.org', '$TwHpcJro*2J', 'Taufan Uyainah', '1991-05-10', '+62 (20) 763 3223', 'profil/user89.jpg', FALSE);
INSERT IGNORE INTO Pengguna (id_pengguna, email, password, nama_lengkap, tgl_lahir, no_telp, foto_profil, is_penjual) VALUES (90, 'tsalahudin@example.com', 'sz3OFkEz#C5Y', 'Padmi Prayoga, M.Kom.', '2000-01-07', '+62 (29) 864-8272', 'profil/user90.jpg', FALSE);
INSERT IGNORE INTO Pengguna (id_pengguna, email, password, nama_lengkap, tgl_lahir, no_telp, foto_profil, is_penjual) VALUES (91, 'muyainah@example.org', 'G2hxMM_i^S6z', 'Samiah Mahendra', '1983-07-10', '0875286714', 'profil/user91.jpg', FALSE);
INSERT IGNORE INTO Pengguna (id_pengguna, email, password, nama_lengkap, tgl_lahir, no_telp, foto_profil, is_penjual) VALUES (92, 'ediwasita@example.net', 'DTc6AIq0_y)W', 'Hj. Najwa Setiawan', '1984-10-24', '+62-71-732-9484', 'profil/user92.jpg', FALSE);
INSERT IGNORE INTO Pengguna (id_pengguna, email, password, nama_lengkap, tgl_lahir, no_telp, foto_profil, is_penjual) VALUES (93, 'dnasyiah@example.com', 'XUH8SdBW_YR2', 'Hasta Prabowo', '2006-02-25', '+62 (653) 870-8477', 'profil/user93.jpg', FALSE);
INSERT IGNORE INTO Pengguna (id_pengguna, email, password, nama_lengkap, tgl_lahir, no_telp, foto_profil, is_penjual) VALUES (94, 'tambarahmi@example.org', '(#Am&9)bDm8I', 'Drs. Najam Hardiansyah, S.Pt', '1975-02-06', '+62 (076) 801-8692', 'profil/user94.jpg', FALSE);
INSERT IGNORE INTO Pengguna (id_pengguna, email, password, nama_lengkap, tgl_lahir, no_telp, foto_profil, is_penjual) VALUES (95, 'lnurdiyanti@example.org', '!Mm+ZzI^G+62', 'Darmaji Marpaung, S.E.', '2007-06-13', '+62-013-995-7812', 'profil/user95.jpg', FALSE);
INSERT IGNORE INTO Pengguna (id_pengguna, email, password, nama_lengkap, tgl_lahir, no_telp, foto_profil, is_penjual) VALUES (96, 'surya07@example.org', '54F(K2Rc)+g3', 'Harsanto Lazuardi', '1992-09-13', '+62-0037-522-1517', 'profil/user96.jpg', FALSE);
INSERT IGNORE INTO Pengguna (id_pengguna, email, password, nama_lengkap, tgl_lahir, no_telp, foto_profil, is_penjual) VALUES (97, 'palastrijoko@example.org', 'xI3%Qz6t(wW%', 'Yunita Thamrin', '1968-06-21', '086 351 2137', 'profil/user97.jpg', FALSE);
INSERT IGNORE INTO Pengguna (id_pengguna, email, password, nama_lengkap, tgl_lahir, no_telp, foto_profil, is_penjual) VALUES (98, 'putri91@example.org', 'JcOMKMg*3@5P', 'Darmana Napitupulu, S.Kom', '1962-04-22', '087 161 2718', 'profil/user98.jpg', FALSE);
INSERT IGNORE INTO Pengguna (id_pengguna, email, password, nama_lengkap, tgl_lahir, no_telp, foto_profil, is_penjual) VALUES (99, 'twulandari@example.com', ')jH@GVgR3W&V', 'Ibrahim Thamrin', '1970-10-23', '+62 (0709) 411 2130', 'profil/user99.jpg', FALSE);
INSERT IGNORE INTO Pengguna (id_pengguna, email, password, nama_lengkap, tgl_lahir, no_telp, foto_profil, is_penjual) VALUES (100, 'malik81@example.com', ')waG(6LyUY@1', 'Nabila Putra', '1964-06-11', '0826738656', 'profil/user100.jpg', FALSE);
INSERT IGNORE INTO Pengguna (id_pengguna, email, password, nama_lengkap, tgl_lahir, no_telp, foto_profil, is_penjual) VALUES (101, 'yonomansur@example.net', '*F8mx^Lyq!@7', 'drg. Nasrullah Nababan', '1999-08-30', '+62 (120) 294 2317', 'profil/user101.jpg', FALSE);
INSERT IGNORE INTO Pengguna (id_pengguna, email, password, nama_lengkap, tgl_lahir, no_telp, foto_profil, is_penjual) VALUES (102, 'rahmipertiwi@example.net', ')PuqlvuyQE1B', 'T. Baktianto Halim, S.E.I', '1987-01-17', '+62 (20) 852 0386', 'profil/user102.jpg', FALSE);
INSERT IGNORE INTO Pengguna (id_pengguna, email, password, nama_lengkap, tgl_lahir, no_telp, foto_profil, is_penjual) VALUES (103, 'jelita83@example.org', 'o*odlaQ#Jb8D', 'Fitria Wacana', '1971-07-12', '+62-22-330-2299', 'profil/user103.jpg', FALSE);
INSERT IGNORE INTO Pengguna (id_pengguna, email, password, nama_lengkap, tgl_lahir, no_telp, foto_profil, is_penjual) VALUES (104, 'bramadan@example.org', '3QI(@tzg$3NA', 'Sutan Labuh Haryanti, M.Farm', '1977-07-20', '+62 (0749) 369-1113', 'profil/user104.jpg', FALSE);
INSERT IGNORE INTO Pengguna (id_pengguna, email, password, nama_lengkap, tgl_lahir, no_telp, foto_profil, is_penjual) VALUES (105, 'ypradipta@example.com', 'ng^HKPzyct8!', 'Dodo Pangestu', '1967-05-20', '+62 (207) 762 5651', 'profil/user105.jpg', FALSE);
INSERT IGNORE INTO Pengguna (id_pengguna, email, password, nama_lengkap, tgl_lahir, no_telp, foto_profil, is_penjual) VALUES (106, 'maryatitania@example.org', 'AR9@pg^%7qDP', 'Maras Mansur, S.T.', '2003-07-05', '086 907 6859', 'profil/user106.jpg', FALSE);
INSERT IGNORE INTO Pengguna (id_pengguna, email, password, nama_lengkap, tgl_lahir, no_telp, foto_profil, is_penjual) VALUES (107, 'wageprabowo@example.net', '7$()w)5XQ*KF', 'Drs. Farah Rahimah, S.T.', '2004-04-10', '+62 (0803) 890 3784', 'profil/user107.jpg', FALSE);
INSERT IGNORE INTO Pengguna (id_pengguna, email, password, nama_lengkap, tgl_lahir, no_telp, foto_profil, is_penjual) VALUES (108, 'manullangartawan@example.com', 'xaCBTsi#Y&7I', 'Drs. Kamal Najmudin, S.Psi', '1973-09-06', '+62 (315) 807-6513', 'profil/user108.jpg', FALSE);
INSERT IGNORE INTO Pengguna (id_pengguna, email, password, nama_lengkap, tgl_lahir, no_telp, foto_profil, is_penjual) VALUES (109, 'alikawidodo@example.net', 'PV45zBqE0*+K', 'Atmaja Mayasari', '2004-02-13', '+62 (281) 173 0266', 'profil/user109.jpg', FALSE);
INSERT IGNORE INTO Pengguna (id_pengguna, email, password, nama_lengkap, tgl_lahir, no_telp, foto_profil, is_penjual) VALUES (110, 'kajen07@example.net', '(&fL&vDS#60N', 'Nilam Padmasari', '1984-06-15', '+62 (0168) 478 4923', 'profil/user110.jpg', FALSE);

-- Penjual
INSERT IGNORE INTO Penjual (id_penjual, id_pengguna, ktp, foto_diri, is_verified) VALUES ({penjual_id_counter}, {p_id_pengguna}, '{ktp_val}', '{foto_diri}', {is_verified});
INSERT IGNORE INTO Penjual (id_penjual, id_pengguna, ktp, foto_diri, is_verified) VALUES ({penjual_id_counter}, {p_id_pengguna}, '{ktp_val}', '{foto_diri}', {is_verified});
INSERT IGNORE INTO Penjual (id_penjual, id_pengguna, ktp, foto_diri, is_verified) VALUES ({penjual_id_counter}, {p_id_pengguna}, '{ktp_val}', '{foto_diri}', {is_verified});
INSERT IGNORE INTO Penjual (id_penjual, id_pengguna, ktp, foto_diri, is_verified) VALUES ({penjual_id_counter}, {p_id_pengguna}, '{ktp_val}', '{foto_diri}', {is_verified});
INSERT IGNORE INTO Penjual (id_penjual, id_pengguna, ktp, foto_diri, is_verified) VALUES ({penjual_id_counter}, {p_id_pengguna}, '{ktp_val}', '{foto_diri}', {is_verified});
INSERT IGNORE INTO Penjual (id_penjual, id_pengguna, ktp, foto_diri, is_verified) VALUES ({penjual_id_counter}, {p_id_pengguna}, '{ktp_val}', '{foto_diri}', {is_verified});
INSERT IGNORE INTO Penjual (id_penjual, id_pengguna, ktp, foto_diri, is_verified) VALUES ({penjual_id_counter}, {p_id_pengguna}, '{ktp_val}', '{foto_diri}', {is_verified});
INSERT IGNORE INTO Penjual (id_penjual, id_pengguna, ktp, foto_diri, is_verified) VALUES ({penjual_id_counter}, {p_id_pengguna}, '{ktp_val}', '{foto_diri}', {is_verified});
INSERT IGNORE INTO Penjual (id_penjual, id_pengguna, ktp, foto_diri, is_verified) VALUES ({penjual_id_counter}, {p_id_pengguna}, '{ktp_val}', '{foto_diri}', {is_verified});
INSERT IGNORE INTO Penjual (id_penjual, id_pengguna, ktp, foto_diri, is_verified) VALUES ({penjual_id_counter}, {p_id_pengguna}, '{ktp_val}', '{foto_diri}', {is_verified});
INSERT IGNORE INTO Penjual (id_penjual, id_pengguna, ktp, foto_diri, is_verified) VALUES ({penjual_id_counter}, {p_id_pengguna}, '{ktp_val}', '{foto_diri}', {is_verified});
INSERT IGNORE INTO Penjual (id_penjual, id_pengguna, ktp, foto_diri, is_verified) VALUES ({penjual_id_counter}, {p_id_pengguna}, '{ktp_val}', '{foto_diri}', {is_verified});
INSERT IGNORE INTO Penjual (id_penjual, id_pengguna, ktp, foto_diri, is_verified) VALUES ({penjual_id_counter}, {p_id_pengguna}, '{ktp_val}', '{foto_diri}', {is_verified});
INSERT IGNORE INTO Penjual (id_penjual, id_pengguna, ktp, foto_diri, is_verified) VALUES ({penjual_id_counter}, {p_id_pengguna}, '{ktp_val}', '{foto_diri}', {is_verified});
INSERT IGNORE INTO Penjual (id_penjual, id_pengguna, ktp, foto_diri, is_verified) VALUES ({penjual_id_counter}, {p_id_pengguna}, '{ktp_val}', '{foto_diri}', {is_verified});
INSERT IGNORE INTO Penjual (id_penjual, id_pengguna, ktp, foto_diri, is_verified) VALUES ({penjual_id_counter}, {p_id_pengguna}, '{ktp_val}', '{foto_diri}', {is_verified});
INSERT IGNORE INTO Penjual (id_penjual, id_pengguna, ktp, foto_diri, is_verified) VALUES ({penjual_id_counter}, {p_id_pengguna}, '{ktp_val}', '{foto_diri}', {is_verified});
INSERT IGNORE INTO Penjual (id_penjual, id_pengguna, ktp, foto_diri, is_verified) VALUES ({penjual_id_counter}, {p_id_pengguna}, '{ktp_val}', '{foto_diri}', {is_verified});
INSERT IGNORE INTO Penjual (id_penjual, id_pengguna, ktp, foto_diri, is_verified) VALUES ({penjual_id_counter}, {p_id_pengguna}, '{ktp_val}', '{foto_diri}', {is_verified});
INSERT IGNORE INTO Penjual (id_penjual, id_pengguna, ktp, foto_diri, is_verified) VALUES ({penjual_id_counter}, {p_id_pengguna}, '{ktp_val}', '{foto_diri}', {is_verified});
INSERT IGNORE INTO Penjual (id_penjual, id_pengguna, ktp, foto_diri, is_verified) VALUES ({penjual_id_counter}, {p_id_pengguna}, '{ktp_val}', '{foto_diri}', {is_verified});
INSERT IGNORE INTO Penjual (id_penjual, id_pengguna, ktp, foto_diri, is_verified) VALUES ({penjual_id_counter}, {p_id_pengguna}, '{ktp_val}', '{foto_diri}', {is_verified});
INSERT IGNORE INTO Penjual (id_penjual, id_pengguna, ktp, foto_diri, is_verified) VALUES ({penjual_id_counter}, {p_id_pengguna}, '{ktp_val}', '{foto_diri}', {is_verified});
INSERT IGNORE INTO Penjual (id_penjual, id_pengguna, ktp, foto_diri, is_verified) VALUES ({penjual_id_counter}, {p_id_pengguna}, '{ktp_val}', '{foto_diri}', {is_verified});
INSERT IGNORE INTO Penjual (id_penjual, id_pengguna, ktp, foto_diri, is_verified) VALUES ({penjual_id_counter}, {p_id_pengguna}, '{ktp_val}', '{foto_diri}', {is_verified});
INSERT IGNORE INTO Penjual (id_penjual, id_pengguna, ktp, foto_diri, is_verified) VALUES ({penjual_id_counter}, {p_id_pengguna}, '{ktp_val}', '{foto_diri}', {is_verified});
INSERT IGNORE INTO Penjual (id_penjual, id_pengguna, ktp, foto_diri, is_verified) VALUES ({penjual_id_counter}, {p_id_pengguna}, '{ktp_val}', '{foto_diri}', {is_verified});
INSERT IGNORE INTO Penjual (id_penjual, id_pengguna, ktp, foto_diri, is_verified) VALUES ({penjual_id_counter}, {p_id_pengguna}, '{ktp_val}', '{foto_diri}', {is_verified});
INSERT IGNORE INTO Penjual (id_penjual, id_pengguna, ktp, foto_diri, is_verified) VALUES ({penjual_id_counter}, {p_id_pengguna}, '{ktp_val}', '{foto_diri}', {is_verified});
INSERT IGNORE INTO Penjual (id_penjual, id_pengguna, ktp, foto_diri, is_verified) VALUES ({penjual_id_counter}, {p_id_pengguna}, '{ktp_val}', '{foto_diri}', {is_verified});
INSERT IGNORE INTO Penjual (id_penjual, id_pengguna, ktp, foto_diri, is_verified) VALUES ({penjual_id_counter}, {p_id_pengguna}, '{ktp_val}', '{foto_diri}', {is_verified});
INSERT IGNORE INTO Penjual (id_penjual, id_pengguna, ktp, foto_diri, is_verified) VALUES ({penjual_id_counter}, {p_id_pengguna}, '{ktp_val}', '{foto_diri}', {is_verified});
INSERT IGNORE INTO Penjual (id_penjual, id_pengguna, ktp, foto_diri, is_verified) VALUES ({penjual_id_counter}, {p_id_pengguna}, '{ktp_val}', '{foto_diri}', {is_verified});
INSERT IGNORE INTO Penjual (id_penjual, id_pengguna, ktp, foto_diri, is_verified) VALUES ({penjual_id_counter}, {p_id_pengguna}, '{ktp_val}', '{foto_diri}', {is_verified});
INSERT IGNORE INTO Penjual (id_penjual, id_pengguna, ktp, foto_diri, is_verified) VALUES ({penjual_id_counter}, {p_id_pengguna}, '{ktp_val}', '{foto_diri}', {is_verified});
INSERT IGNORE INTO Penjual (id_penjual, id_pengguna, ktp, foto_diri, is_verified) VALUES ({penjual_id_counter}, {p_id_pengguna}, '{ktp_val}', '{foto_diri}', {is_verified});
INSERT IGNORE INTO Penjual (id_penjual, id_pengguna, ktp, foto_diri, is_verified) VALUES ({penjual_id_counter}, {p_id_pengguna}, '{ktp_val}', '{foto_diri}', {is_verified});
INSERT IGNORE INTO Penjual (id_penjual, id_pengguna, ktp, foto_diri, is_verified) VALUES ({penjual_id_counter}, {p_id_pengguna}, '{ktp_val}', '{foto_diri}', {is_verified});
INSERT IGNORE INTO Penjual (id_penjual, id_pengguna, ktp, foto_diri, is_verified) VALUES ({penjual_id_counter}, {p_id_pengguna}, '{ktp_val}', '{foto_diri}', {is_verified});
INSERT IGNORE INTO Penjual (id_penjual, id_pengguna, ktp, foto_diri, is_verified) VALUES ({penjual_id_counter}, {p_id_pengguna}, '{ktp_val}', '{foto_diri}', {is_verified});
INSERT IGNORE INTO Penjual (id_penjual, id_pengguna, ktp, foto_diri, is_verified) VALUES ({penjual_id_counter}, {p_id_pengguna}, '{ktp_val}', '{foto_diri}', {is_verified});
INSERT IGNORE INTO Penjual (id_penjual, id_pengguna, ktp, foto_diri, is_verified) VALUES ({penjual_id_counter}, {p_id_pengguna}, '{ktp_val}', '{foto_diri}', {is_verified});
INSERT IGNORE INTO Penjual (id_penjual, id_pengguna, ktp, foto_diri, is_verified) VALUES ({penjual_id_counter}, {p_id_pengguna}, '{ktp_val}', '{foto_diri}', {is_verified});
INSERT IGNORE INTO Penjual (id_penjual, id_pengguna, ktp, foto_diri, is_verified) VALUES ({penjual_id_counter}, {p_id_pengguna}, '{ktp_val}', '{foto_diri}', {is_verified});
INSERT IGNORE INTO Penjual (id_penjual, id_pengguna, ktp, foto_diri, is_verified) VALUES ({penjual_id_counter}, {p_id_pengguna}, '{ktp_val}', '{foto_diri}', {is_verified});
INSERT IGNORE INTO Penjual (id_penjual, id_pengguna, ktp, foto_diri, is_verified) VALUES ({penjual_id_counter}, {p_id_pengguna}, '{ktp_val}', '{foto_diri}', {is_verified});
INSERT IGNORE INTO Penjual (id_penjual, id_pengguna, ktp, foto_diri, is_verified) VALUES ({penjual_id_counter}, {p_id_pengguna}, '{ktp_val}', '{foto_diri}', {is_verified});
INSERT IGNORE INTO Penjual (id_penjual, id_pengguna, ktp, foto_diri, is_verified) VALUES ({penjual_id_counter}, {p_id_pengguna}, '{ktp_val}', '{foto_diri}', {is_verified});
INSERT IGNORE INTO Penjual (id_penjual, id_pengguna, ktp, foto_diri, is_verified) VALUES ({penjual_id_counter}, {p_id_pengguna}, '{ktp_val}', '{foto_diri}', {is_verified});
INSERT IGNORE INTO Penjual (id_penjual, id_pengguna, ktp, foto_diri, is_verified) VALUES ({penjual_id_counter}, {p_id_pengguna}, '{ktp_val}', '{foto_diri}', {is_verified});

-- Pembeli
INSERT IGNORE INTO Pembeli (id_pembeli, id_pengguna) VALUES (1, 51);
INSERT IGNORE INTO Pembeli (id_pembeli, id_pengguna) VALUES (2, 52);
INSERT IGNORE INTO Pembeli (id_pembeli, id_pengguna) VALUES (3, 53);
INSERT IGNORE INTO Pembeli (id_pembeli, id_pengguna) VALUES (4, 54);
INSERT IGNORE INTO Pembeli (id_pembeli, id_pengguna) VALUES (5, 55);
INSERT IGNORE INTO Pembeli (id_pembeli, id_pengguna) VALUES (6, 56);
INSERT IGNORE INTO Pembeli (id_pembeli, id_pengguna) VALUES (7, 57);
INSERT IGNORE INTO Pembeli (id_pembeli, id_pengguna) VALUES (8, 58);
INSERT IGNORE INTO Pembeli (id_pembeli, id_pengguna) VALUES (9, 59);
INSERT IGNORE INTO Pembeli (id_pembeli, id_pengguna) VALUES (10, 60);
INSERT IGNORE INTO Pembeli (id_pembeli, id_pengguna) VALUES (11, 61);
INSERT IGNORE INTO Pembeli (id_pembeli, id_pengguna) VALUES (12, 62);
INSERT IGNORE INTO Pembeli (id_pembeli, id_pengguna) VALUES (13, 63);
INSERT IGNORE INTO Pembeli (id_pembeli, id_pengguna) VALUES (14, 64);
INSERT IGNORE INTO Pembeli (id_pembeli, id_pengguna) VALUES (15, 65);
INSERT IGNORE INTO Pembeli (id_pembeli, id_pengguna) VALUES (16, 66);
INSERT IGNORE INTO Pembeli (id_pembeli, id_pengguna) VALUES (17, 67);
INSERT IGNORE INTO Pembeli (id_pembeli, id_pengguna) VALUES (18, 68);
INSERT IGNORE INTO Pembeli (id_pembeli, id_pengguna) VALUES (19, 69);
INSERT IGNORE INTO Pembeli (id_pembeli, id_pengguna) VALUES (20, 70);
INSERT IGNORE INTO Pembeli (id_pembeli, id_pengguna) VALUES (21, 71);
INSERT IGNORE INTO Pembeli (id_pembeli, id_pengguna) VALUES (22, 72);
INSERT IGNORE INTO Pembeli (id_pembeli, id_pengguna) VALUES (23, 73);
INSERT IGNORE INTO Pembeli (id_pembeli, id_pengguna) VALUES (24, 74);
INSERT IGNORE INTO Pembeli (id_pembeli, id_pengguna) VALUES (25, 75);
INSERT IGNORE INTO Pembeli (id_pembeli, id_pengguna) VALUES (26, 76);
INSERT IGNORE INTO Pembeli (id_pembeli, id_pengguna) VALUES (27, 77);
INSERT IGNORE INTO Pembeli (id_pembeli, id_pengguna) VALUES (28, 78);
INSERT IGNORE INTO Pembeli (id_pembeli, id_pengguna) VALUES (29, 79);
INSERT IGNORE INTO Pembeli (id_pembeli, id_pengguna) VALUES (30, 80);
INSERT IGNORE INTO Pembeli (id_pembeli, id_pengguna) VALUES (31, 81);
INSERT IGNORE INTO Pembeli (id_pembeli, id_pengguna) VALUES (32, 82);
INSERT IGNORE INTO Pembeli (id_pembeli, id_pengguna) VALUES (33, 83);
INSERT IGNORE INTO Pembeli (id_pembeli, id_pengguna) VALUES (34, 84);
INSERT IGNORE INTO Pembeli (id_pembeli, id_pengguna) VALUES (35, 85);
INSERT IGNORE INTO Pembeli (id_pembeli, id_pengguna) VALUES (36, 86);
INSERT IGNORE INTO Pembeli (id_pembeli, id_pengguna) VALUES (37, 87);
INSERT IGNORE INTO Pembeli (id_pembeli, id_pengguna) VALUES (38, 88);
INSERT IGNORE INTO Pembeli (id_pembeli, id_pengguna) VALUES (39, 89);
INSERT IGNORE INTO Pembeli (id_pembeli, id_pengguna) VALUES (40, 90);
INSERT IGNORE INTO Pembeli (id_pembeli, id_pengguna) VALUES (41, 91);
INSERT IGNORE INTO Pembeli (id_pembeli, id_pengguna) VALUES (42, 92);
INSERT IGNORE INTO Pembeli (id_pembeli, id_pengguna) VALUES (43, 93);
INSERT IGNORE INTO Pembeli (id_pembeli, id_pengguna) VALUES (44, 94);
INSERT IGNORE INTO Pembeli (id_pembeli, id_pengguna) VALUES (45, 95);
INSERT IGNORE INTO Pembeli (id_pembeli, id_pengguna) VALUES (46, 96);
INSERT IGNORE INTO Pembeli (id_pembeli, id_pengguna) VALUES (47, 97);
INSERT IGNORE INTO Pembeli (id_pembeli, id_pengguna) VALUES (48, 98);
INSERT IGNORE INTO Pembeli (id_pembeli, id_pengguna) VALUES (49, 99);
INSERT IGNORE INTO Pembeli (id_pembeli, id_pengguna) VALUES (50, 100);
INSERT IGNORE INTO Pembeli (id_pembeli, id_pengguna) VALUES (51, 101);
INSERT IGNORE INTO Pembeli (id_pembeli, id_pengguna) VALUES (52, 102);
INSERT IGNORE INTO Pembeli (id_pembeli, id_pengguna) VALUES (53, 103);
INSERT IGNORE INTO Pembeli (id_pembeli, id_pengguna) VALUES (54, 104);
INSERT IGNORE INTO Pembeli (id_pembeli, id_pengguna) VALUES (55, 105);
INSERT IGNORE INTO Pembeli (id_pembeli, id_pengguna) VALUES (56, 106);
INSERT IGNORE INTO Pembeli (id_pembeli, id_pengguna) VALUES (57, 107);
INSERT IGNORE INTO Pembeli (id_pembeli, id_pengguna) VALUES (58, 108);
INSERT IGNORE INTO Pembeli (id_pembeli, id_pengguna) VALUES (59, 109);
INSERT IGNORE INTO Pembeli (id_pembeli, id_pengguna) VALUES (60, 110);

-- AlamatPembeli
INSERT IGNORE INTO AlamatPembeli (id_alamat_pembeli, id_pembeli, id_alamat) VALUES (1, 1, 27);
INSERT IGNORE INTO AlamatPembeli (id_alamat_pembeli, id_pembeli, id_alamat) VALUES (2, 2, 15);
INSERT IGNORE INTO AlamatPembeli (id_alamat_pembeli, id_pembeli, id_alamat) VALUES (3, 2, 65);
INSERT IGNORE INTO AlamatPembeli (id_alamat_pembeli, id_pembeli, id_alamat) VALUES (4, 3, 94);
INSERT IGNORE INTO AlamatPembeli (id_alamat_pembeli, id_pembeli, id_alamat) VALUES (5, 3, 74);
INSERT IGNORE INTO AlamatPembeli (id_alamat_pembeli, id_pembeli, id_alamat) VALUES (6, 3, 93);
INSERT IGNORE INTO AlamatPembeli (id_alamat_pembeli, id_pembeli, id_alamat) VALUES (7, 4, 15);
INSERT IGNORE INTO AlamatPembeli (id_alamat_pembeli, id_pembeli, id_alamat) VALUES (8, 4, 78);
INSERT IGNORE INTO AlamatPembeli (id_alamat_pembeli, id_pembeli, id_alamat) VALUES (9, 4, 21);
INSERT IGNORE INTO AlamatPembeli (id_alamat_pembeli, id_pembeli, id_alamat) VALUES (10, 5, 55);
INSERT IGNORE INTO AlamatPembeli (id_alamat_pembeli, id_pembeli, id_alamat) VALUES (11, 5, 99);
INSERT IGNORE INTO AlamatPembeli (id_alamat_pembeli, id_pembeli, id_alamat) VALUES (12, 5, 33);
INSERT IGNORE INTO AlamatPembeli (id_alamat_pembeli, id_pembeli, id_alamat) VALUES (13, 6, 73);
INSERT IGNORE INTO AlamatPembeli (id_alamat_pembeli, id_pembeli, id_alamat) VALUES (14, 6, 76);
INSERT IGNORE INTO AlamatPembeli (id_alamat_pembeli, id_pembeli, id_alamat) VALUES (15, 7, 39);
INSERT IGNORE INTO AlamatPembeli (id_alamat_pembeli, id_pembeli, id_alamat) VALUES (16, 7, 98);
INSERT IGNORE INTO AlamatPembeli (id_alamat_pembeli, id_pembeli, id_alamat) VALUES (17, 7, 18);
INSERT IGNORE INTO AlamatPembeli (id_alamat_pembeli, id_pembeli, id_alamat) VALUES (18, 8, 24);
INSERT IGNORE INTO AlamatPembeli (id_alamat_pembeli, id_pembeli, id_alamat) VALUES (19, 9, 67);
INSERT IGNORE INTO AlamatPembeli (id_alamat_pembeli, id_pembeli, id_alamat) VALUES (20, 9, 25);
INSERT IGNORE INTO AlamatPembeli (id_alamat_pembeli, id_pembeli, id_alamat) VALUES (21, 10, 89);
INSERT IGNORE INTO AlamatPembeli (id_alamat_pembeli, id_pembeli, id_alamat) VALUES (22, 10, 76);
INSERT IGNORE INTO AlamatPembeli (id_alamat_pembeli, id_pembeli, id_alamat) VALUES (23, 11, 74);
INSERT IGNORE INTO AlamatPembeli (id_alamat_pembeli, id_pembeli, id_alamat) VALUES (24, 11, 20);
INSERT IGNORE INTO AlamatPembeli (id_alamat_pembeli, id_pembeli, id_alamat) VALUES (25, 12, 89);
INSERT IGNORE INTO AlamatPembeli (id_alamat_pembeli, id_pembeli, id_alamat) VALUES (26, 13, 7);
INSERT IGNORE INTO AlamatPembeli (id_alamat_pembeli, id_pembeli, id_alamat) VALUES (27, 13, 44);
INSERT IGNORE INTO AlamatPembeli (id_alamat_pembeli, id_pembeli, id_alamat) VALUES (28, 14, 67);
INSERT IGNORE INTO AlamatPembeli (id_alamat_pembeli, id_pembeli, id_alamat) VALUES (29, 14, 52);
INSERT IGNORE INTO AlamatPembeli (id_alamat_pembeli, id_pembeli, id_alamat) VALUES (30, 15, 71);
INSERT IGNORE INTO AlamatPembeli (id_alamat_pembeli, id_pembeli, id_alamat) VALUES (31, 15, 90);
INSERT IGNORE INTO AlamatPembeli (id_alamat_pembeli, id_pembeli, id_alamat) VALUES (32, 15, 30);
INSERT IGNORE INTO AlamatPembeli (id_alamat_pembeli, id_pembeli, id_alamat) VALUES (33, 16, 25);
INSERT IGNORE INTO AlamatPembeli (id_alamat_pembeli, id_pembeli, id_alamat) VALUES (34, 17, 31);
INSERT IGNORE INTO AlamatPembeli (id_alamat_pembeli, id_pembeli, id_alamat) VALUES (35, 17, 50);
INSERT IGNORE INTO AlamatPembeli (id_alamat_pembeli, id_pembeli, id_alamat) VALUES (36, 17, 76);
INSERT IGNORE INTO AlamatPembeli (id_alamat_pembeli, id_pembeli, id_alamat) VALUES (37, 18, 1);
INSERT IGNORE INTO AlamatPembeli (id_alamat_pembeli, id_pembeli, id_alamat) VALUES (38, 18, 91);
INSERT IGNORE INTO AlamatPembeli (id_alamat_pembeli, id_pembeli, id_alamat) VALUES (39, 19, 18);
INSERT IGNORE INTO AlamatPembeli (id_alamat_pembeli, id_pembeli, id_alamat) VALUES (40, 19, 23);
INSERT IGNORE INTO AlamatPembeli (id_alamat_pembeli, id_pembeli, id_alamat) VALUES (41, 19, 55);
INSERT IGNORE INTO AlamatPembeli (id_alamat_pembeli, id_pembeli, id_alamat) VALUES (42, 20, 43);
INSERT IGNORE INTO AlamatPembeli (id_alamat_pembeli, id_pembeli, id_alamat) VALUES (43, 20, 95);
INSERT IGNORE INTO AlamatPembeli (id_alamat_pembeli, id_pembeli, id_alamat) VALUES (44, 20, 6);
INSERT IGNORE INTO AlamatPembeli (id_alamat_pembeli, id_pembeli, id_alamat) VALUES (45, 21, 87);
INSERT IGNORE INTO AlamatPembeli (id_alamat_pembeli, id_pembeli, id_alamat) VALUES (46, 22, 65);
INSERT IGNORE INTO AlamatPembeli (id_alamat_pembeli, id_pembeli, id_alamat) VALUES (47, 22, 100);
INSERT IGNORE INTO AlamatPembeli (id_alamat_pembeli, id_pembeli, id_alamat) VALUES (48, 22, 5);
INSERT IGNORE INTO AlamatPembeli (id_alamat_pembeli, id_pembeli, id_alamat) VALUES (49, 23, 33);
INSERT IGNORE INTO AlamatPembeli (id_alamat_pembeli, id_pembeli, id_alamat) VALUES (50, 23, 25);
INSERT IGNORE INTO AlamatPembeli (id_alamat_pembeli, id_pembeli, id_alamat) VALUES (51, 24, 41);
INSERT IGNORE INTO AlamatPembeli (id_alamat_pembeli, id_pembeli, id_alamat) VALUES (52, 24, 19);
INSERT IGNORE INTO AlamatPembeli (id_alamat_pembeli, id_pembeli, id_alamat) VALUES (53, 25, 25);
INSERT IGNORE INTO AlamatPembeli (id_alamat_pembeli, id_pembeli, id_alamat) VALUES (54, 26, 36);
INSERT IGNORE INTO AlamatPembeli (id_alamat_pembeli, id_pembeli, id_alamat) VALUES (55, 27, 54);
INSERT IGNORE INTO AlamatPembeli (id_alamat_pembeli, id_pembeli, id_alamat) VALUES (56, 27, 15);
INSERT IGNORE INTO AlamatPembeli (id_alamat_pembeli, id_pembeli, id_alamat) VALUES (57, 28, 50);
INSERT IGNORE INTO AlamatPembeli (id_alamat_pembeli, id_pembeli, id_alamat) VALUES (58, 28, 89);
INSERT IGNORE INTO AlamatPembeli (id_alamat_pembeli, id_pembeli, id_alamat) VALUES (59, 29, 85);
INSERT IGNORE INTO AlamatPembeli (id_alamat_pembeli, id_pembeli, id_alamat) VALUES (60, 29, 23);
INSERT IGNORE INTO AlamatPembeli (id_alamat_pembeli, id_pembeli, id_alamat) VALUES (61, 30, 38);
INSERT IGNORE INTO AlamatPembeli (id_alamat_pembeli, id_pembeli, id_alamat) VALUES (62, 30, 34);
INSERT IGNORE INTO AlamatPembeli (id_alamat_pembeli, id_pembeli, id_alamat) VALUES (63, 31, 86);
INSERT IGNORE INTO AlamatPembeli (id_alamat_pembeli, id_pembeli, id_alamat) VALUES (64, 31, 65);
INSERT IGNORE INTO AlamatPembeli (id_alamat_pembeli, id_pembeli, id_alamat) VALUES (65, 32, 64);
INSERT IGNORE INTO AlamatPembeli (id_alamat_pembeli, id_pembeli, id_alamat) VALUES (66, 33, 76);
INSERT IGNORE INTO AlamatPembeli (id_alamat_pembeli, id_pembeli, id_alamat) VALUES (67, 33, 88);
INSERT IGNORE INTO AlamatPembeli (id_alamat_pembeli, id_pembeli, id_alamat) VALUES (68, 34, 72);
INSERT IGNORE INTO AlamatPembeli (id_alamat_pembeli, id_pembeli, id_alamat) VALUES (69, 34, 21);
INSERT IGNORE INTO AlamatPembeli (id_alamat_pembeli, id_pembeli, id_alamat) VALUES (70, 35, 62);
INSERT IGNORE INTO AlamatPembeli (id_alamat_pembeli, id_pembeli, id_alamat) VALUES (71, 35, 14);
INSERT IGNORE INTO AlamatPembeli (id_alamat_pembeli, id_pembeli, id_alamat) VALUES (72, 36, 15);
INSERT IGNORE INTO AlamatPembeli (id_alamat_pembeli, id_pembeli, id_alamat) VALUES (73, 37, 70);
INSERT IGNORE INTO AlamatPembeli (id_alamat_pembeli, id_pembeli, id_alamat) VALUES (74, 37, 9);
INSERT IGNORE INTO AlamatPembeli (id_alamat_pembeli, id_pembeli, id_alamat) VALUES (75, 38, 27);
INSERT IGNORE INTO AlamatPembeli (id_alamat_pembeli, id_pembeli, id_alamat) VALUES (76, 38, 44);
INSERT IGNORE INTO AlamatPembeli (id_alamat_pembeli, id_pembeli, id_alamat) VALUES (77, 38, 92);
INSERT IGNORE INTO AlamatPembeli (id_alamat_pembeli, id_pembeli, id_alamat) VALUES (78, 39, 97);
INSERT IGNORE INTO AlamatPembeli (id_alamat_pembeli, id_pembeli, id_alamat) VALUES (79, 39, 9);
INSERT IGNORE INTO AlamatPembeli (id_alamat_pembeli, id_pembeli, id_alamat) VALUES (80, 39, 30);
INSERT IGNORE INTO AlamatPembeli (id_alamat_pembeli, id_pembeli, id_alamat) VALUES (81, 40, 65);
INSERT IGNORE INTO AlamatPembeli (id_alamat_pembeli, id_pembeli, id_alamat) VALUES (82, 40, 33);
INSERT IGNORE INTO AlamatPembeli (id_alamat_pembeli, id_pembeli, id_alamat) VALUES (83, 40, 37);
INSERT IGNORE INTO AlamatPembeli (id_alamat_pembeli, id_pembeli, id_alamat) VALUES (84, 41, 26);
INSERT IGNORE INTO AlamatPembeli (id_alamat_pembeli, id_pembeli, id_alamat) VALUES (85, 41, 61);
INSERT IGNORE INTO AlamatPembeli (id_alamat_pembeli, id_pembeli, id_alamat) VALUES (86, 42, 84);
INSERT IGNORE INTO AlamatPembeli (id_alamat_pembeli, id_pembeli, id_alamat) VALUES (87, 42, 53);
INSERT IGNORE INTO AlamatPembeli (id_alamat_pembeli, id_pembeli, id_alamat) VALUES (88, 42, 36);
INSERT IGNORE INTO AlamatPembeli (id_alamat_pembeli, id_pembeli, id_alamat) VALUES (89, 43, 42);
INSERT IGNORE INTO AlamatPembeli (id_alamat_pembeli, id_pembeli, id_alamat) VALUES (90, 44, 30);
INSERT IGNORE INTO AlamatPembeli (id_alamat_pembeli, id_pembeli, id_alamat) VALUES (91, 44, 53);
INSERT IGNORE INTO AlamatPembeli (id_alamat_pembeli, id_pembeli, id_alamat) VALUES (92, 45, 96);
INSERT IGNORE INTO AlamatPembeli (id_alamat_pembeli, id_pembeli, id_alamat) VALUES (93, 46, 38);
INSERT IGNORE INTO AlamatPembeli (id_alamat_pembeli, id_pembeli, id_alamat) VALUES (94, 46, 66);
INSERT IGNORE INTO AlamatPembeli (id_alamat_pembeli, id_pembeli, id_alamat) VALUES (95, 46, 1);
INSERT IGNORE INTO AlamatPembeli (id_alamat_pembeli, id_pembeli, id_alamat) VALUES (96, 47, 30);
INSERT IGNORE INTO AlamatPembeli (id_alamat_pembeli, id_pembeli, id_alamat) VALUES (97, 48, 87);
INSERT IGNORE INTO AlamatPembeli (id_alamat_pembeli, id_pembeli, id_alamat) VALUES (98, 49, 100);
INSERT IGNORE INTO AlamatPembeli (id_alamat_pembeli, id_pembeli, id_alamat) VALUES (99, 49, 4);
INSERT IGNORE INTO AlamatPembeli (id_alamat_pembeli, id_pembeli, id_alamat) VALUES (100, 50, 58);
INSERT IGNORE INTO AlamatPembeli (id_alamat_pembeli, id_pembeli, id_alamat) VALUES (101, 51, 67);
INSERT IGNORE INTO AlamatPembeli (id_alamat_pembeli, id_pembeli, id_alamat) VALUES (102, 51, 7);
INSERT IGNORE INTO AlamatPembeli (id_alamat_pembeli, id_pembeli, id_alamat) VALUES (103, 51, 35);
INSERT IGNORE INTO AlamatPembeli (id_alamat_pembeli, id_pembeli, id_alamat) VALUES (104, 52, 95);
INSERT IGNORE INTO AlamatPembeli (id_alamat_pembeli, id_pembeli, id_alamat) VALUES (105, 53, 46);
INSERT IGNORE INTO AlamatPembeli (id_alamat_pembeli, id_pembeli, id_alamat) VALUES (106, 53, 9);
INSERT IGNORE INTO AlamatPembeli (id_alamat_pembeli, id_pembeli, id_alamat) VALUES (107, 53, 33);
INSERT IGNORE INTO AlamatPembeli (id_alamat_pembeli, id_pembeli, id_alamat) VALUES (108, 54, 12);
INSERT IGNORE INTO AlamatPembeli (id_alamat_pembeli, id_pembeli, id_alamat) VALUES (109, 54, 78);
INSERT IGNORE INTO AlamatPembeli (id_alamat_pembeli, id_pembeli, id_alamat) VALUES (110, 55, 52);
INSERT IGNORE INTO AlamatPembeli (id_alamat_pembeli, id_pembeli, id_alamat) VALUES (111, 55, 70);
INSERT IGNORE INTO AlamatPembeli (id_alamat_pembeli, id_pembeli, id_alamat) VALUES (112, 55, 73);
INSERT IGNORE INTO AlamatPembeli (id_alamat_pembeli, id_pembeli, id_alamat) VALUES (113, 56, 61);
INSERT IGNORE INTO AlamatPembeli (id_alamat_pembeli, id_pembeli, id_alamat) VALUES (114, 56, 95);
INSERT IGNORE INTO AlamatPembeli (id_alamat_pembeli, id_pembeli, id_alamat) VALUES (115, 57, 10);
INSERT IGNORE INTO AlamatPembeli (id_alamat_pembeli, id_pembeli, id_alamat) VALUES (116, 57, 76);
INSERT IGNORE INTO AlamatPembeli (id_alamat_pembeli, id_pembeli, id_alamat) VALUES (117, 58, 53);
INSERT IGNORE INTO AlamatPembeli (id_alamat_pembeli, id_pembeli, id_alamat) VALUES (118, 58, 64);
INSERT IGNORE INTO AlamatPembeli (id_alamat_pembeli, id_pembeli, id_alamat) VALUES (119, 58, 70);
INSERT IGNORE INTO AlamatPembeli (id_alamat_pembeli, id_pembeli, id_alamat) VALUES (120, 59, 54);
INSERT IGNORE INTO AlamatPembeli (id_alamat_pembeli, id_pembeli, id_alamat) VALUES (121, 59, 92);
INSERT IGNORE INTO AlamatPembeli (id_alamat_pembeli, id_pembeli, id_alamat) VALUES (122, 59, 60);
INSERT IGNORE INTO AlamatPembeli (id_alamat_pembeli, id_pembeli, id_alamat) VALUES (123, 60, 87);

-- AlamatDefault
INSERT IGNORE INTO AlamatDefault (id_alamat_pembeli, is_default) VALUES (1, TRUE);
INSERT IGNORE INTO AlamatDefault (id_alamat_pembeli, is_default) VALUES (2, TRUE);
INSERT IGNORE INTO AlamatDefault (id_alamat_pembeli, is_default) VALUES (4, TRUE);
INSERT IGNORE INTO AlamatDefault (id_alamat_pembeli, is_default) VALUES (8, TRUE);
INSERT IGNORE INTO AlamatDefault (id_alamat_pembeli, is_default) VALUES (12, TRUE);
INSERT IGNORE INTO AlamatDefault (id_alamat_pembeli, is_default) VALUES (14, TRUE);
INSERT IGNORE INTO AlamatDefault (id_alamat_pembeli, is_default) VALUES (15, TRUE);
INSERT IGNORE INTO AlamatDefault (id_alamat_pembeli, is_default) VALUES (18, TRUE);
INSERT IGNORE INTO AlamatDefault (id_alamat_pembeli, is_default) VALUES (19, TRUE);
INSERT IGNORE INTO AlamatDefault (id_alamat_pembeli, is_default) VALUES (22, TRUE);
INSERT IGNORE INTO AlamatDefault (id_alamat_pembeli, is_default) VALUES (24, TRUE);
INSERT IGNORE INTO AlamatDefault (id_alamat_pembeli, is_default) VALUES (25, TRUE);
INSERT IGNORE INTO AlamatDefault (id_alamat_pembeli, is_default) VALUES (26, TRUE);
INSERT IGNORE INTO AlamatDefault (id_alamat_pembeli, is_default) VALUES (28, TRUE);
INSERT IGNORE INTO AlamatDefault (id_alamat_pembeli, is_default) VALUES (31, TRUE);
INSERT IGNORE INTO AlamatDefault (id_alamat_pembeli, is_default) VALUES (33, TRUE);
INSERT IGNORE INTO AlamatDefault (id_alamat_pembeli, is_default) VALUES (34, TRUE);
INSERT IGNORE INTO AlamatDefault (id_alamat_pembeli, is_default) VALUES (37, TRUE);
INSERT IGNORE INTO AlamatDefault (id_alamat_pembeli, is_default) VALUES (41, TRUE);
INSERT IGNORE INTO AlamatDefault (id_alamat_pembeli, is_default) VALUES (42, TRUE);
INSERT IGNORE INTO AlamatDefault (id_alamat_pembeli, is_default) VALUES (45, TRUE);
INSERT IGNORE INTO AlamatDefault (id_alamat_pembeli, is_default) VALUES (47, TRUE);
INSERT IGNORE INTO AlamatDefault (id_alamat_pembeli, is_default) VALUES (49, TRUE);
INSERT IGNORE INTO AlamatDefault (id_alamat_pembeli, is_default) VALUES (51, TRUE);
INSERT IGNORE INTO AlamatDefault (id_alamat_pembeli, is_default) VALUES (53, TRUE);
INSERT IGNORE INTO AlamatDefault (id_alamat_pembeli, is_default) VALUES (54, TRUE);
INSERT IGNORE INTO AlamatDefault (id_alamat_pembeli, is_default) VALUES (56, TRUE);
INSERT IGNORE INTO AlamatDefault (id_alamat_pembeli, is_default) VALUES (58, TRUE);
INSERT IGNORE INTO AlamatDefault (id_alamat_pembeli, is_default) VALUES (60, TRUE);
INSERT IGNORE INTO AlamatDefault (id_alamat_pembeli, is_default) VALUES (61, TRUE);
INSERT IGNORE INTO AlamatDefault (id_alamat_pembeli, is_default) VALUES (63, TRUE);
INSERT IGNORE INTO AlamatDefault (id_alamat_pembeli, is_default) VALUES (65, TRUE);
INSERT IGNORE INTO AlamatDefault (id_alamat_pembeli, is_default) VALUES (66, TRUE);
INSERT IGNORE INTO AlamatDefault (id_alamat_pembeli, is_default) VALUES (68, TRUE);
INSERT IGNORE INTO AlamatDefault (id_alamat_pembeli, is_default) VALUES (70, TRUE);
INSERT IGNORE INTO AlamatDefault (id_alamat_pembeli, is_default) VALUES (72, TRUE);
INSERT IGNORE INTO AlamatDefault (id_alamat_pembeli, is_default) VALUES (74, TRUE);
INSERT IGNORE INTO AlamatDefault (id_alamat_pembeli, is_default) VALUES (75, TRUE);
INSERT IGNORE INTO AlamatDefault (id_alamat_pembeli, is_default) VALUES (80, TRUE);
INSERT IGNORE INTO AlamatDefault (id_alamat_pembeli, is_default) VALUES (83, TRUE);
INSERT IGNORE INTO AlamatDefault (id_alamat_pembeli, is_default) VALUES (84, TRUE);
INSERT IGNORE INTO AlamatDefault (id_alamat_pembeli, is_default) VALUES (86, TRUE);
INSERT IGNORE INTO AlamatDefault (id_alamat_pembeli, is_default) VALUES (89, TRUE);
INSERT IGNORE INTO AlamatDefault (id_alamat_pembeli, is_default) VALUES (91, TRUE);
INSERT IGNORE INTO AlamatDefault (id_alamat_pembeli, is_default) VALUES (92, TRUE);
INSERT IGNORE INTO AlamatDefault (id_alamat_pembeli, is_default) VALUES (94, TRUE);
INSERT IGNORE INTO AlamatDefault (id_alamat_pembeli, is_default) VALUES (96, TRUE);
INSERT IGNORE INTO AlamatDefault (id_alamat_pembeli, is_default) VALUES (97, TRUE);
INSERT IGNORE INTO AlamatDefault (id_alamat_pembeli, is_default) VALUES (99, TRUE);
INSERT IGNORE INTO AlamatDefault (id_alamat_pembeli, is_default) VALUES (100, TRUE);
INSERT IGNORE INTO AlamatDefault (id_alamat_pembeli, is_default) VALUES (103, TRUE);
INSERT IGNORE INTO AlamatDefault (id_alamat_pembeli, is_default) VALUES (104, TRUE);
INSERT IGNORE INTO AlamatDefault (id_alamat_pembeli, is_default) VALUES (106, TRUE);
INSERT IGNORE INTO AlamatDefault (id_alamat_pembeli, is_default) VALUES (109, TRUE);
INSERT IGNORE INTO AlamatDefault (id_alamat_pembeli, is_default) VALUES (111, TRUE);
INSERT IGNORE INTO AlamatDefault (id_alamat_pembeli, is_default) VALUES (114, TRUE);
INSERT IGNORE INTO AlamatDefault (id_alamat_pembeli, is_default) VALUES (116, TRUE);
INSERT IGNORE INTO AlamatDefault (id_alamat_pembeli, is_default) VALUES (117, TRUE);
INSERT IGNORE INTO AlamatDefault (id_alamat_pembeli, is_default) VALUES (120, TRUE);
INSERT IGNORE INTO AlamatDefault (id_alamat_pembeli, is_default) VALUES (123, TRUE);

-- Keranjang
INSERT IGNORE INTO Keranjang (id_keranjang, id_pembeli) VALUES (1, 1);
INSERT IGNORE INTO Keranjang (id_keranjang, id_pembeli) VALUES (2, 2);
INSERT IGNORE INTO Keranjang (id_keranjang, id_pembeli) VALUES (3, 3);
INSERT IGNORE INTO Keranjang (id_keranjang, id_pembeli) VALUES (4, 4);
INSERT IGNORE INTO Keranjang (id_keranjang, id_pembeli) VALUES (5, 5);
INSERT IGNORE INTO Keranjang (id_keranjang, id_pembeli) VALUES (6, 6);
INSERT IGNORE INTO Keranjang (id_keranjang, id_pembeli) VALUES (7, 7);
INSERT IGNORE INTO Keranjang (id_keranjang, id_pembeli) VALUES (8, 8);
INSERT IGNORE INTO Keranjang (id_keranjang, id_pembeli) VALUES (9, 9);
INSERT IGNORE INTO Keranjang (id_keranjang, id_pembeli) VALUES (10, 10);
INSERT IGNORE INTO Keranjang (id_keranjang, id_pembeli) VALUES (11, 11);
INSERT IGNORE INTO Keranjang (id_keranjang, id_pembeli) VALUES (12, 12);
INSERT IGNORE INTO Keranjang (id_keranjang, id_pembeli) VALUES (13, 13);
INSERT IGNORE INTO Keranjang (id_keranjang, id_pembeli) VALUES (14, 14);
INSERT IGNORE INTO Keranjang (id_keranjang, id_pembeli) VALUES (15, 15);
INSERT IGNORE INTO Keranjang (id_keranjang, id_pembeli) VALUES (16, 16);
INSERT IGNORE INTO Keranjang (id_keranjang, id_pembeli) VALUES (17, 17);
INSERT IGNORE INTO Keranjang (id_keranjang, id_pembeli) VALUES (18, 18);
INSERT IGNORE INTO Keranjang (id_keranjang, id_pembeli) VALUES (19, 19);
INSERT IGNORE INTO Keranjang (id_keranjang, id_pembeli) VALUES (20, 20);
INSERT IGNORE INTO Keranjang (id_keranjang, id_pembeli) VALUES (21, 21);
INSERT IGNORE INTO Keranjang (id_keranjang, id_pembeli) VALUES (22, 22);
INSERT IGNORE INTO Keranjang (id_keranjang, id_pembeli) VALUES (23, 23);
INSERT IGNORE INTO Keranjang (id_keranjang, id_pembeli) VALUES (24, 24);
INSERT IGNORE INTO Keranjang (id_keranjang, id_pembeli) VALUES (25, 25);
INSERT IGNORE INTO Keranjang (id_keranjang, id_pembeli) VALUES (26, 26);
INSERT IGNORE INTO Keranjang (id_keranjang, id_pembeli) VALUES (27, 27);
INSERT IGNORE INTO Keranjang (id_keranjang, id_pembeli) VALUES (28, 28);
INSERT IGNORE INTO Keranjang (id_keranjang, id_pembeli) VALUES (29, 29);
INSERT IGNORE INTO Keranjang (id_keranjang, id_pembeli) VALUES (30, 30);
INSERT IGNORE INTO Keranjang (id_keranjang, id_pembeli) VALUES (31, 31);
INSERT IGNORE INTO Keranjang (id_keranjang, id_pembeli) VALUES (32, 32);
INSERT IGNORE INTO Keranjang (id_keranjang, id_pembeli) VALUES (33, 33);
INSERT IGNORE INTO Keranjang (id_keranjang, id_pembeli) VALUES (34, 34);
INSERT IGNORE INTO Keranjang (id_keranjang, id_pembeli) VALUES (35, 35);
INSERT IGNORE INTO Keranjang (id_keranjang, id_pembeli) VALUES (36, 36);
INSERT IGNORE INTO Keranjang (id_keranjang, id_pembeli) VALUES (37, 37);
INSERT IGNORE INTO Keranjang (id_keranjang, id_pembeli) VALUES (38, 38);
INSERT IGNORE INTO Keranjang (id_keranjang, id_pembeli) VALUES (39, 39);
INSERT IGNORE INTO Keranjang (id_keranjang, id_pembeli) VALUES (40, 40);
INSERT IGNORE INTO Keranjang (id_keranjang, id_pembeli) VALUES (41, 41);
INSERT IGNORE INTO Keranjang (id_keranjang, id_pembeli) VALUES (42, 42);
INSERT IGNORE INTO Keranjang (id_keranjang, id_pembeli) VALUES (43, 43);
INSERT IGNORE INTO Keranjang (id_keranjang, id_pembeli) VALUES (44, 44);
INSERT IGNORE INTO Keranjang (id_keranjang, id_pembeli) VALUES (45, 45);
INSERT IGNORE INTO Keranjang (id_keranjang, id_pembeli) VALUES (46, 46);
INSERT IGNORE INTO Keranjang (id_keranjang, id_pembeli) VALUES (47, 47);
INSERT IGNORE INTO Keranjang (id_keranjang, id_pembeli) VALUES (48, 48);
INSERT IGNORE INTO Keranjang (id_keranjang, id_pembeli) VALUES (49, 49);
INSERT IGNORE INTO Keranjang (id_keranjang, id_pembeli) VALUES (50, 50);
INSERT IGNORE INTO Keranjang (id_keranjang, id_pembeli) VALUES (51, 51);
INSERT IGNORE INTO Keranjang (id_keranjang, id_pembeli) VALUES (52, 52);
INSERT IGNORE INTO Keranjang (id_keranjang, id_pembeli) VALUES (53, 53);
INSERT IGNORE INTO Keranjang (id_keranjang, id_pembeli) VALUES (54, 54);
INSERT IGNORE INTO Keranjang (id_keranjang, id_pembeli) VALUES (55, 55);
INSERT IGNORE INTO Keranjang (id_keranjang, id_pembeli) VALUES (56, 56);
INSERT IGNORE INTO Keranjang (id_keranjang, id_pembeli) VALUES (57, 57);
INSERT IGNORE INTO Keranjang (id_keranjang, id_pembeli) VALUES (58, 58);
INSERT IGNORE INTO Keranjang (id_keranjang, id_pembeli) VALUES (59, 59);
INSERT IGNORE INTO Keranjang (id_keranjang, id_pembeli) VALUES (60, 60);

-- AtributVarian
INSERT IGNORE INTO AtributVarian (atribut_varian, nama) VALUES ('WARNA', 'Warna');
INSERT IGNORE INTO AtributVarian (atribut_varian, nama) VALUES ('UKURAN', 'Ukuran');
INSERT IGNORE INTO AtributVarian (atribut_varian, nama) VALUES ('MATERIAL', 'Material');
INSERT IGNORE INTO AtributVarian (atribut_varian, nama) VALUES ('RAM', 'RAM');
INSERT IGNORE INTO AtributVarian (atribut_varian, nama) VALUES ('STORAGE_INTERNAL', 'Penyimpanan Internal');
INSERT IGNORE INTO AtributVarian (atribut_varian, nama) VALUES ('JENIS_KAIN', 'Jenis Kain');
INSERT IGNORE INTO AtributVarian (atribut_varian, nama) VALUES ('RESOLUSI_LAYAR', 'Resolusi Layar');

-- Produk, VarianProduk, ProdukVarianAtribut
INSERT IGNORE INTO Produk (id_produk, id_penjual, nama, deskripsi) VALUES (1, 18, 'Unleash Proactive Deliverables Serbaguna', 'Possimus aut quae magnam at fugiat. Voluptatem aut perferendis.');
INSERT IGNORE INTO VarianProduk (sku, id_produk, harga, stok) VALUES ('SKU000001', 1, 961672.57, 107);
INSERT IGNORE INTO ProdukVarianAtribut (id_produk, atribut_varian, sku, nilai) VALUES (1, 'STORAGE_INTERNAL', 'SKU000001', '64GB');
INSERT IGNORE INTO ProdukVarianAtribut (id_produk, atribut_varian, sku, nilai) VALUES (1, 'JENIS_KAIN', 'SKU000001', 'Rayon');
INSERT IGNORE INTO ProdukVarianAtribut (id_produk, atribut_varian, sku, nilai) VALUES (1, 'RESOLUSI_LAYAR', 'SKU000001', 'QHD');
INSERT IGNORE INTO VarianProduk (sku, id_produk, harga, stok) VALUES ('SKU000002', 1, 2199245.52, 36);
INSERT IGNORE INTO ProdukVarianAtribut (id_produk, atribut_varian, sku, nilai) VALUES (1, 'WARNA', 'SKU000002', 'Coklat');
INSERT IGNORE INTO Produk (id_produk, id_penjual, nama, deskripsi) VALUES (2, 49, 'Syndicate Out-Of-The-Box Relationships Serbaguna', 'Ad praesentium itaque similique facere. Vitae enim veniam distinctio voluptates. Ad ab quos animi hic quas enim dolorem.');
INSERT IGNORE INTO VarianProduk (sku, id_produk, harga, stok) VALUES ('SKU000003', 2, 280517.55, 118);
INSERT IGNORE INTO ProdukVarianAtribut (id_produk, atribut_varian, sku, nilai) VALUES (2, 'RAM', 'SKU000003', '32GB');
INSERT IGNORE INTO VarianProduk (sku, id_produk, harga, stok) VALUES ('SKU000004', 2, 1157134.76, 7);
INSERT IGNORE INTO ProdukVarianAtribut (id_produk, atribut_varian, sku, nilai) VALUES (2, 'RESOLUSI_LAYAR', 'SKU000004', '4K');
INSERT IGNORE INTO Produk (id_produk, id_penjual, nama, deskripsi) VALUES (3, 13, 'Enhance Vertical Content Serbaguna', 'Magni exercitationem natus ratione ex.');
INSERT IGNORE INTO VarianProduk (sku, id_produk, harga, stok) VALUES ('SKU000005', 3, 532699.59, 127);
INSERT IGNORE INTO ProdukVarianAtribut (id_produk, atribut_varian, sku, nilai) VALUES (3, 'STORAGE_INTERNAL', 'SKU000005', '64GB');
INSERT IGNORE INTO VarianProduk (sku, id_produk, harga, stok) VALUES ('SKU000006', 3, 2865995.04, 44);
INSERT IGNORE INTO ProdukVarianAtribut (id_produk, atribut_varian, sku, nilai) VALUES (3, 'UKURAN', 'SKU000006', '40');
INSERT IGNORE INTO ProdukVarianAtribut (id_produk, atribut_varian, sku, nilai) VALUES (3, 'STORAGE_INTERNAL', 'SKU000006', '64GB');
INSERT IGNORE INTO ProdukVarianAtribut (id_produk, atribut_varian, sku, nilai) VALUES (3, 'WARNA', 'SKU000006', 'Merah');
INSERT IGNORE INTO VarianProduk (sku, id_produk, harga, stok) VALUES ('SKU000007', 3, 1823198.62, 134);
INSERT IGNORE INTO ProdukVarianAtribut (id_produk, atribut_varian, sku, nilai) VALUES (3, 'RESOLUSI_LAYAR', 'SKU000007', 'HD');
INSERT IGNORE INTO Produk (id_produk, id_penjual, nama, deskripsi) VALUES (4, 44, 'Utilize Clicks-And-Mortar Communities Serbaguna', 'Culpa consequatur accusamus distinctio ab. Voluptates quia vel voluptatibus asperiores laborum corrupti.');
INSERT IGNORE INTO VarianProduk (sku, id_produk, harga, stok) VALUES ('SKU000008', 4, 2097021.08, 68);
INSERT IGNORE INTO ProdukVarianAtribut (id_produk, atribut_varian, sku, nilai) VALUES (4, 'MATERIAL', 'SKU000008', 'Kanvas Tebal');
INSERT IGNORE INTO ProdukVarianAtribut (id_produk, atribut_varian, sku, nilai) VALUES (4, 'UKURAN', 'SKU000008', 'All Size');
INSERT IGNORE INTO ProdukVarianAtribut (id_produk, atribut_varian, sku, nilai) VALUES (4, 'RESOLUSI_LAYAR', 'SKU000008', 'HD');
INSERT IGNORE INTO VarianProduk (sku, id_produk, harga, stok) VALUES ('SKU000009', 4, 2359389.85, 94);
INSERT IGNORE INTO ProdukVarianAtribut (id_produk, atribut_varian, sku, nilai) VALUES (4, 'RESOLUSI_LAYAR', 'SKU000009', '4K');
INSERT IGNORE INTO ProdukVarianAtribut (id_produk, atribut_varian, sku, nilai) VALUES (4, 'JENIS_KAIN', 'SKU000009', 'Flanel');
INSERT IGNORE INTO VarianProduk (sku, id_produk, harga, stok) VALUES ('SKU000010', 4, 2595911.3, 105);
INSERT IGNORE INTO ProdukVarianAtribut (id_produk, atribut_varian, sku, nilai) VALUES (4, 'RESOLUSI_LAYAR', 'SKU000010', '4K');
INSERT IGNORE INTO ProdukVarianAtribut (id_produk, atribut_varian, sku, nilai) VALUES (4, 'RAM', 'SKU000010', '32GB');
INSERT IGNORE INTO ProdukVarianAtribut (id_produk, atribut_varian, sku, nilai) VALUES (4, 'UKURAN', 'SKU000010', 'XXL');
INSERT IGNORE INTO Produk (id_produk, id_penjual, nama, deskripsi) VALUES (5, 27, 'Benchmark Customized Technologies Modern', 'Placeat culpa maiores eum. Id veritatis cupiditate in sed iure molestias. Repellat pariatur voluptate magnam eveniet ut. Corporis non iste maxime autem ea.');
INSERT IGNORE INTO VarianProduk (sku, id_produk, harga, stok) VALUES ('SKU000011', 5, 1714401.17, 25);
INSERT IGNORE INTO ProdukVarianAtribut (id_produk, atribut_varian, sku, nilai) VALUES (5, 'JENIS_KAIN', 'SKU000011', 'Satin');
INSERT IGNORE INTO VarianProduk (sku, id_produk, harga, stok) VALUES ('SKU000012', 5, 2762297.28, 77);
INSERT IGNORE INTO ProdukVarianAtribut (id_produk, atribut_varian, sku, nilai) VALUES (5, 'RAM', 'SKU000012', '32GB');
INSERT IGNORE INTO ProdukVarianAtribut (id_produk, atribut_varian, sku, nilai) VALUES (5, 'STORAGE_INTERNAL', 'SKU000012', '128GB');
INSERT IGNORE INTO ProdukVarianAtribut (id_produk, atribut_varian, sku, nilai) VALUES (5, 'RESOLUSI_LAYAR', 'SKU000012', 'FHD');
INSERT IGNORE INTO Produk (id_produk, id_penjual, nama, deskripsi) VALUES (6, 6, 'Enable Open-Source Bandwidth Serbaguna', 'Quibusdam esse maxime asperiores quod ducimus. Distinctio saepe quaerat facilis consequatur.');
INSERT IGNORE INTO VarianProduk (sku, id_produk, harga, stok) VALUES ('SKU000013', 6, 2586315.14, 14);
INSERT IGNORE INTO ProdukVarianAtribut (id_produk, atribut_varian, sku, nilai) VALUES (6, 'WARNA', 'SKU000013', 'Merah jambu');
INSERT IGNORE INTO ProdukVarianAtribut (id_produk, atribut_varian, sku, nilai) VALUES (6, 'JENIS_KAIN', 'SKU000013', 'Denim');
INSERT IGNORE INTO ProdukVarianAtribut (id_produk, atribut_varian, sku, nilai) VALUES (6, 'UKURAN', 'SKU000013', 'XXL');
INSERT IGNORE INTO VarianProduk (sku, id_produk, harga, stok) VALUES ('SKU000014', 6, 206649.08, 132);
INSERT IGNORE INTO ProdukVarianAtribut (id_produk, atribut_varian, sku, nilai) VALUES (6, 'STORAGE_INTERNAL', 'SKU000014', '128GB');
INSERT IGNORE INTO ProdukVarianAtribut (id_produk, atribut_varian, sku, nilai) VALUES (6, 'MATERIAL', 'SKU000014', 'Kulit Sintetis PU');
INSERT IGNORE INTO ProdukVarianAtribut (id_produk, atribut_varian, sku, nilai) VALUES (6, 'WARNA', 'SKU000014', 'Hijau');
INSERT IGNORE INTO VarianProduk (sku, id_produk, harga, stok) VALUES ('SKU000015', 6, 559749.04, 49);
INSERT IGNORE INTO ProdukVarianAtribut (id_produk, atribut_varian, sku, nilai) VALUES (6, 'WARNA', 'SKU000015', 'Zaitun');
INSERT IGNORE INTO Produk (id_produk, id_penjual, nama, deskripsi) VALUES (7, 32, 'Disintermediate Distributed Relationships Edisi Terbatas', 'Alias rerum odit voluptatibus accusamus porro dolores. Dolorem facilis cumque molestiae tenetur hic.');
INSERT IGNORE INTO VarianProduk (sku, id_produk, harga, stok) VALUES ('SKU000016', 7, 2102545.33, 94);
INSERT IGNORE INTO ProdukVarianAtribut (id_produk, atribut_varian, sku, nilai) VALUES (7, 'JENIS_KAIN', 'SKU000016', 'Rayon');
INSERT IGNORE INTO ProdukVarianAtribut (id_produk, atribut_varian, sku, nilai) VALUES (7, 'RAM', 'SKU000016', '8GB');
INSERT IGNORE INTO VarianProduk (sku, id_produk, harga, stok) VALUES ('SKU000017', 7, 2707113.18, 144);
INSERT IGNORE INTO ProdukVarianAtribut (id_produk, atribut_varian, sku, nilai) VALUES (7, 'MATERIAL', 'SKU000017', 'Kanvas Tebal');
INSERT IGNORE INTO ProdukVarianAtribut (id_produk, atribut_varian, sku, nilai) VALUES (7, 'JENIS_KAIN', 'SKU000017', 'Flanel');
INSERT IGNORE INTO Produk (id_produk, id_penjual, nama, deskripsi) VALUES (8, 44, 'Scale Visionary Synergies Edisi Terbatas', 'Minus aliquid fuga. Dolorem amet veniam. Mollitia voluptas eum placeat autem facilis modi.');
INSERT IGNORE INTO VarianProduk (sku, id_produk, harga, stok) VALUES ('SKU000018', 8, 2789955.29, 113);
INSERT IGNORE INTO ProdukVarianAtribut (id_produk, atribut_varian, sku, nilai) VALUES (8, 'JENIS_KAIN', 'SKU000018', 'Satin');
INSERT IGNORE INTO ProdukVarianAtribut (id_produk, atribut_varian, sku, nilai) VALUES (8, 'MATERIAL', 'SKU000018', 'Stainless Steel 304');
INSERT IGNORE INTO Produk (id_produk, id_penjual, nama, deskripsi) VALUES (9, 18, 'Deploy Mission-Critical Interfaces Serbaguna', 'Aperiam in cum. Tempore ipsa exercitationem fugit.');
INSERT IGNORE INTO VarianProduk (sku, id_produk, harga, stok) VALUES ('SKU000019', 9, 607238.23, 9);
INSERT IGNORE INTO ProdukVarianAtribut (id_produk, atribut_varian, sku, nilai) VALUES (9, 'UKURAN', 'SKU000019', '42');
INSERT IGNORE INTO ProdukVarianAtribut (id_produk, atribut_varian, sku, nilai) VALUES (9, 'JENIS_KAIN', 'SKU000019', 'Rayon');
INSERT IGNORE INTO ProdukVarianAtribut (id_produk, atribut_varian, sku, nilai) VALUES (9, 'STORAGE_INTERNAL', 'SKU000019', '1TB');
INSERT IGNORE INTO Produk (id_produk, id_penjual, nama, deskripsi) VALUES (10, 42, 'Engineer Sticky Partnerships Serbaguna', 'Exercitationem recusandae occaecati perferendis fuga. Accusamus modi corporis.');
INSERT IGNORE INTO VarianProduk (sku, id_produk, harga, stok) VALUES ('SKU000020', 10, 1532525.36, 60);
INSERT IGNORE INTO ProdukVarianAtribut (id_produk, atribut_varian, sku, nilai) VALUES (10, 'RAM', 'SKU000020', '4GB');
INSERT IGNORE INTO ProdukVarianAtribut (id_produk, atribut_varian, sku, nilai) VALUES (10, 'JENIS_KAIN', 'SKU000020', 'Denim');
INSERT IGNORE INTO Produk (id_produk, id_penjual, nama, deskripsi) VALUES (11, 20, 'Deliver Leading-Edge E-Tailers Edisi Terbatas', 'Ducimus illo laborum aliquid ipsum minima quo. Excepturi illum illo minima corrupti dolor.');
INSERT IGNORE INTO VarianProduk (sku, id_produk, harga, stok) VALUES ('SKU000021', 11, 790088.07, 27);
INSERT IGNORE INTO ProdukVarianAtribut (id_produk, atribut_varian, sku, nilai) VALUES (11, 'RAM', 'SKU000021', '12GB');
INSERT IGNORE INTO ProdukVarianAtribut (id_produk, atribut_varian, sku, nilai) VALUES (11, 'STORAGE_INTERNAL', 'SKU000021', '1TB');
INSERT IGNORE INTO ProdukVarianAtribut (id_produk, atribut_varian, sku, nilai) VALUES (11, 'RESOLUSI_LAYAR', 'SKU000021', '4K');
INSERT IGNORE INTO Produk (id_produk, id_penjual, nama, deskripsi) VALUES (12, 29, 'Strategize Dot-Com Partnerships Modern', 'Suscipit cupiditate beatae quas animi quibusdam magnam quam. Veritatis mollitia provident dolorem in. Autem adipisci amet quisquam. Nesciunt autem reiciendis pariatur enim aliquam. Dolores exercitationem nisi itaque distinctio fuga.');
INSERT IGNORE INTO VarianProduk (sku, id_produk, harga, stok) VALUES ('SKU000022', 12, 1150278.43, 135);
INSERT IGNORE INTO ProdukVarianAtribut (id_produk, atribut_varian, sku, nilai) VALUES (12, 'STORAGE_INTERNAL', 'SKU000022', '64GB');
INSERT IGNORE INTO ProdukVarianAtribut (id_produk, atribut_varian, sku, nilai) VALUES (12, 'RESOLUSI_LAYAR', 'SKU000022', '4K');
INSERT IGNORE INTO VarianProduk (sku, id_produk, harga, stok) VALUES ('SKU000023', 12, 2301152.09, 120);
INSERT IGNORE INTO ProdukVarianAtribut (id_produk, atribut_varian, sku, nilai) VALUES (12, 'RESOLUSI_LAYAR', 'SKU000023', 'HD');
INSERT IGNORE INTO ProdukVarianAtribut (id_produk, atribut_varian, sku, nilai) VALUES (12, 'MATERIAL', 'SKU000023', 'Stainless Steel 304');
INSERT IGNORE INTO VarianProduk (sku, id_produk, harga, stok) VALUES ('SKU000024', 12, 1646057.53, 89);
INSERT IGNORE INTO ProdukVarianAtribut (id_produk, atribut_varian, sku, nilai) VALUES (12, 'STORAGE_INTERNAL', 'SKU000024', '256GB');
INSERT IGNORE INTO ProdukVarianAtribut (id_produk, atribut_varian, sku, nilai) VALUES (12, 'UKURAN', 'SKU000024', '41');
INSERT IGNORE INTO ProdukVarianAtribut (id_produk, atribut_varian, sku, nilai) VALUES (12, 'MATERIAL', 'SKU000024', 'Katun Combed 30s');
INSERT IGNORE INTO Produk (id_produk, id_penjual, nama, deskripsi) VALUES (13, 47, 'Architect Strategic Mindshare Premium', 'Odio sequi ducimus quidem. Dolores numquam cupiditate laboriosam iusto sunt possimus voluptatem.');
INSERT IGNORE INTO VarianProduk (sku, id_produk, harga, stok) VALUES ('SKU000025', 13, 468454.42, 11);
INSERT IGNORE INTO ProdukVarianAtribut (id_produk, atribut_varian, sku, nilai) VALUES (13, 'RAM', 'SKU000025', '32GB');
INSERT IGNORE INTO ProdukVarianAtribut (id_produk, atribut_varian, sku, nilai) VALUES (13, 'RESOLUSI_LAYAR', 'SKU000025', '4K');
INSERT IGNORE INTO Produk (id_produk, id_penjual, nama, deskripsi) VALUES (14, 30, 'Productize Wireless E-Markets Serbaguna', 'Eveniet hic animi facilis optio. Quo nihil blanditiis deleniti vitae velit nesciunt.');
INSERT IGNORE INTO VarianProduk (sku, id_produk, harga, stok) VALUES ('SKU000026', 14, 2970497.22, 101);
INSERT IGNORE INTO ProdukVarianAtribut (id_produk, atribut_varian, sku, nilai) VALUES (14, 'JENIS_KAIN', 'SKU000026', 'Flanel');
INSERT IGNORE INTO VarianProduk (sku, id_produk, harga, stok) VALUES ('SKU000027', 14, 2349745.66, 24);
INSERT IGNORE INTO ProdukVarianAtribut (id_produk, atribut_varian, sku, nilai) VALUES (14, 'STORAGE_INTERNAL', 'SKU000027', '512GB');
INSERT IGNORE INTO ProdukVarianAtribut (id_produk, atribut_varian, sku, nilai) VALUES (14, 'UKURAN', 'SKU000027', '41');
INSERT IGNORE INTO ProdukVarianAtribut (id_produk, atribut_varian, sku, nilai) VALUES (14, 'JENIS_KAIN', 'SKU000027', 'Flanel');
INSERT IGNORE INTO Produk (id_produk, id_penjual, nama, deskripsi) VALUES (15, 24, 'Aggregate Bricks-And-Clicks Platforms Edisi Terbatas', 'Dolorum in dolorem ipsa voluptatem perferendis. Neque itaque doloremque eveniet. Odio aliquid minus nulla deleniti laudantium.');
INSERT IGNORE INTO VarianProduk (sku, id_produk, harga, stok) VALUES ('SKU000028', 15, 1551925.89, 133);
INSERT IGNORE INTO ProdukVarianAtribut (id_produk, atribut_varian, sku, nilai) VALUES (15, 'STORAGE_INTERNAL', 'SKU000028', '64GB');
INSERT IGNORE INTO Produk (id_produk, id_penjual, nama, deskripsi) VALUES (16, 7, 'Generate Ubiquitous Channels Modern', 'Totam minima placeat debitis. Mollitia nobis optio cupiditate. Est repellat deserunt optio.');
INSERT IGNORE INTO VarianProduk (sku, id_produk, harga, stok) VALUES ('SKU000029', 16, 907628.19, 121);
INSERT IGNORE INTO ProdukVarianAtribut (id_produk, atribut_varian, sku, nilai) VALUES (16, 'UKURAN', 'SKU000029', 'S');
INSERT IGNORE INTO Produk (id_produk, id_penjual, nama, deskripsi) VALUES (17, 36, 'Synergize Interactive Channels Premium', 'Iusto fuga veritatis eaque.');
INSERT IGNORE INTO VarianProduk (sku, id_produk, harga, stok) VALUES ('SKU000030', 17, 1637839.85, 6);
INSERT IGNORE INTO ProdukVarianAtribut (id_produk, atribut_varian, sku, nilai) VALUES (17, 'RESOLUSI_LAYAR', 'SKU000030', 'HD');
INSERT IGNORE INTO ProdukVarianAtribut (id_produk, atribut_varian, sku, nilai) VALUES (17, 'UKURAN', 'SKU000030', '38');
INSERT IGNORE INTO VarianProduk (sku, id_produk, harga, stok) VALUES ('SKU000031', 17, 466778.96, 104);
INSERT IGNORE INTO ProdukVarianAtribut (id_produk, atribut_varian, sku, nilai) VALUES (17, 'RESOLUSI_LAYAR', 'SKU000031', 'HD');
INSERT IGNORE INTO VarianProduk (sku, id_produk, harga, stok) VALUES ('SKU000032', 17, 695224.97, 7);
INSERT IGNORE INTO ProdukVarianAtribut (id_produk, atribut_varian, sku, nilai) VALUES (17, 'RAM', 'SKU000032', '12GB');
INSERT IGNORE INTO ProdukVarianAtribut (id_produk, atribut_varian, sku, nilai) VALUES (17, 'RESOLUSI_LAYAR', 'SKU000032', '4K');
INSERT IGNORE INTO Produk (id_produk, id_penjual, nama, deskripsi) VALUES (18, 31, 'Maximize Granular Web-Readiness Edisi Terbatas', 'Molestias hic repellat minima sint ut sed. Impedit illo ducimus culpa quo voluptates aut. Consectetur iure nostrum.');
INSERT IGNORE INTO VarianProduk (sku, id_produk, harga, stok) VALUES ('SKU000033', 18, 2480558.04, 109);
INSERT IGNORE INTO ProdukVarianAtribut (id_produk, atribut_varian, sku, nilai) VALUES (18, 'JENIS_KAIN', 'SKU000033', 'Denim');
INSERT IGNORE INTO ProdukVarianAtribut (id_produk, atribut_varian, sku, nilai) VALUES (18, 'MATERIAL', 'SKU000033', 'Kanvas Tebal');
INSERT IGNORE INTO ProdukVarianAtribut (id_produk, atribut_varian, sku, nilai) VALUES (18, 'UKURAN', 'SKU000033', '42');
INSERT IGNORE INTO VarianProduk (sku, id_produk, harga, stok) VALUES ('SKU000034', 18, 981373.07, 108);
INSERT IGNORE INTO ProdukVarianAtribut (id_produk, atribut_varian, sku, nilai) VALUES (18, 'WARNA', 'SKU000034', 'Hijau muda');
INSERT IGNORE INTO ProdukVarianAtribut (id_produk, atribut_varian, sku, nilai) VALUES (18, 'MATERIAL', 'SKU000034', 'Polyester Blend');
INSERT IGNORE INTO ProdukVarianAtribut (id_produk, atribut_varian, sku, nilai) VALUES (18, 'STORAGE_INTERNAL', 'SKU000034', '1TB');
INSERT IGNORE INTO VarianProduk (sku, id_produk, harga, stok) VALUES ('SKU000035', 18, 781961.9, 100);
INSERT IGNORE INTO ProdukVarianAtribut (id_produk, atribut_varian, sku, nilai) VALUES (18, 'RESOLUSI_LAYAR', 'SKU000035', 'FHD');
INSERT IGNORE INTO ProdukVarianAtribut (id_produk, atribut_varian, sku, nilai) VALUES (18, 'MATERIAL', 'SKU000035', 'Polyester Blend');
INSERT IGNORE INTO Produk (id_produk, id_penjual, nama, deskripsi) VALUES (19, 36, 'Productize Web-Enabled E-Tailers Edisi Terbatas', 'Nesciunt eum ipsum quod error inventore dicta. Hic repellendus et voluptatem debitis quam eveniet. Ab mollitia consequatur fugiat illum velit perferendis.');
INSERT IGNORE INTO VarianProduk (sku, id_produk, harga, stok) VALUES ('SKU000036', 19, 2095167.26, 143);
INSERT IGNORE INTO ProdukVarianAtribut (id_produk, atribut_varian, sku, nilai) VALUES (19, 'WARNA', 'SKU000036', 'Putih');
INSERT IGNORE INTO Produk (id_produk, id_penjual, nama, deskripsi) VALUES (20, 42, 'Benchmark Distributed Deliverables Premium', 'Quae voluptate numquam ea corrupti laboriosam. Accusamus nobis sed cupiditate cupiditate. Nam accusantium provident molestias quis consequatur harum. Debitis incidunt repellat cupiditate deserunt facere eius sapiente.');
INSERT IGNORE INTO VarianProduk (sku, id_produk, harga, stok) VALUES ('SKU000037', 20, 2510136.05, 132);
INSERT IGNORE INTO ProdukVarianAtribut (id_produk, atribut_varian, sku, nilai) VALUES (20, 'WARNA', 'SKU000037', 'Koral');
INSERT IGNORE INTO ProdukVarianAtribut (id_produk, atribut_varian, sku, nilai) VALUES (20, 'RAM', 'SKU000037', '12GB');
INSERT IGNORE INTO Produk (id_produk, id_penjual, nama, deskripsi) VALUES (21, 20, 'Visualize Cutting-Edge Interfaces Edisi Terbatas', 'Deserunt quod et repellendus fuga veritatis. Nostrum delectus dignissimos quod impedit. Labore laboriosam quibusdam nobis rerum omnis tempore. Cupiditate atque fugit asperiores.');
INSERT IGNORE INTO VarianProduk (sku, id_produk, harga, stok) VALUES ('SKU000038', 21, 1483086.28, 35);
INSERT IGNORE INTO ProdukVarianAtribut (id_produk, atribut_varian, sku, nilai) VALUES (21, 'RAM', 'SKU000038', '8GB');
INSERT IGNORE INTO ProdukVarianAtribut (id_produk, atribut_varian, sku, nilai) VALUES (21, 'STORAGE_INTERNAL', 'SKU000038', '64GB');
INSERT IGNORE INTO VarianProduk (sku, id_produk, harga, stok) VALUES ('SKU000039', 21, 2974885.39, 126);
INSERT IGNORE INTO ProdukVarianAtribut (id_produk, atribut_varian, sku, nilai) VALUES (21, 'STORAGE_INTERNAL', 'SKU000039', '128GB');
INSERT IGNORE INTO ProdukVarianAtribut (id_produk, atribut_varian, sku, nilai) VALUES (21, 'WARNA', 'SKU000039', 'Biru dongker');
INSERT IGNORE INTO ProdukVarianAtribut (id_produk, atribut_varian, sku, nilai) VALUES (21, 'RESOLUSI_LAYAR', 'SKU000039', 'QHD');
INSERT IGNORE INTO Produk (id_produk, id_penjual, nama, deskripsi) VALUES (22, 23, 'Revolutionize Back-End Vortals Serbaguna', 'Laudantium fugit dolore. Minus illum earum neque. Ut id alias aperiam.');
INSERT IGNORE INTO VarianProduk (sku, id_produk, harga, stok) VALUES ('SKU000040', 22, 801571.52, 50);
INSERT IGNORE INTO ProdukVarianAtribut (id_produk, atribut_varian, sku, nilai) VALUES (22, 'JENIS_KAIN', 'SKU000040', 'Denim');
INSERT IGNORE INTO Produk (id_produk, id_penjual, nama, deskripsi) VALUES (23, 47, 'Orchestrate Front-End Technologies Modern', 'Temporibus voluptas ex nisi sunt exercitationem nihil repellat. Nobis iste id nemo commodi aut.');
INSERT IGNORE INTO VarianProduk (sku, id_produk, harga, stok) VALUES ('SKU000041', 23, 1578483.42, 100);
INSERT IGNORE INTO ProdukVarianAtribut (id_produk, atribut_varian, sku, nilai) VALUES (23, 'UKURAN', 'SKU000041', '41');
INSERT IGNORE INTO VarianProduk (sku, id_produk, harga, stok) VALUES ('SKU000042', 23, 162782.27, 65);
INSERT IGNORE INTO ProdukVarianAtribut (id_produk, atribut_varian, sku, nilai) VALUES (23, 'MATERIAL', 'SKU000042', 'Stainless Steel 304');
INSERT IGNORE INTO ProdukVarianAtribut (id_produk, atribut_varian, sku, nilai) VALUES (23, 'RAM', 'SKU000042', '32GB');
INSERT IGNORE INTO ProdukVarianAtribut (id_produk, atribut_varian, sku, nilai) VALUES (23, 'JENIS_KAIN', 'SKU000042', 'Rayon');
INSERT IGNORE INTO Produk (id_produk, id_penjual, nama, deskripsi) VALUES (24, 5, 'E-Enable Synergistic Partnerships Premium', 'Sed nemo porro molestias beatae totam nihil ducimus. Amet voluptas animi laboriosam aliquam dolore corrupti. Et autem voluptatibus illum.');
INSERT IGNORE INTO VarianProduk (sku, id_produk, harga, stok) VALUES ('SKU000043', 24, 1744887.11, 79);
INSERT IGNORE INTO ProdukVarianAtribut (id_produk, atribut_varian, sku, nilai) VALUES (24, 'WARNA', 'SKU000043', 'Biru');
INSERT IGNORE INTO ProdukVarianAtribut (id_produk, atribut_varian, sku, nilai) VALUES (24, 'RESOLUSI_LAYAR', 'SKU000043', 'HD');
INSERT IGNORE INTO ProdukVarianAtribut (id_produk, atribut_varian, sku, nilai) VALUES (24, 'RAM', 'SKU000043', '4GB');
INSERT IGNORE INTO VarianProduk (sku, id_produk, harga, stok) VALUES ('SKU000044', 24, 231894.06, 0);
INSERT IGNORE INTO ProdukVarianAtribut (id_produk, atribut_varian, sku, nilai) VALUES (24, 'WARNA', 'SKU000044', 'Hitam');
INSERT IGNORE INTO ProdukVarianAtribut (id_produk, atribut_varian, sku, nilai) VALUES (24, 'RESOLUSI_LAYAR', 'SKU000044', 'FHD');
INSERT IGNORE INTO Produk (id_produk, id_penjual, nama, deskripsi) VALUES (25, 18, 'Synergize Front-End Networks Edisi Terbatas', 'Expedita similique eius autem qui repellendus. Hic in sed molestiae. Provident alias sunt earum doloribus sint suscipit.');
INSERT IGNORE INTO VarianProduk (sku, id_produk, harga, stok) VALUES ('SKU000045', 25, 1119253.14, 107);
INSERT IGNORE INTO ProdukVarianAtribut (id_produk, atribut_varian, sku, nilai) VALUES (25, 'WARNA', 'SKU000045', 'Zaitun');
INSERT IGNORE INTO ProdukVarianAtribut (id_produk, atribut_varian, sku, nilai) VALUES (25, 'RAM', 'SKU000045', '8GB');
INSERT IGNORE INTO ProdukVarianAtribut (id_produk, atribut_varian, sku, nilai) VALUES (25, 'MATERIAL', 'SKU000045', 'Kulit Sintetis PU');
INSERT IGNORE INTO VarianProduk (sku, id_produk, harga, stok) VALUES ('SKU000046', 25, 2324376.09, 46);
INSERT IGNORE INTO ProdukVarianAtribut (id_produk, atribut_varian, sku, nilai) VALUES (25, 'RESOLUSI_LAYAR', 'SKU000046', 'HD');
INSERT IGNORE INTO ProdukVarianAtribut (id_produk, atribut_varian, sku, nilai) VALUES (25, 'JENIS_KAIN', 'SKU000046', 'Rayon');
INSERT IGNORE INTO ProdukVarianAtribut (id_produk, atribut_varian, sku, nilai) VALUES (25, 'STORAGE_INTERNAL', 'SKU000046', '256GB');
INSERT IGNORE INTO Produk (id_produk, id_penjual, nama, deskripsi) VALUES (26, 13, 'Redefine Global Metrics Modern', 'Aperiam tempora nihil nobis. Animi commodi quis exercitationem quasi.');
INSERT IGNORE INTO VarianProduk (sku, id_produk, harga, stok) VALUES ('SKU000047', 26, 1383689.3, 66);
INSERT IGNORE INTO ProdukVarianAtribut (id_produk, atribut_varian, sku, nilai) VALUES (26, 'MATERIAL', 'SKU000047', 'Katun Combed 30s');
INSERT IGNORE INTO ProdukVarianAtribut (id_produk, atribut_varian, sku, nilai) VALUES (26, 'UKURAN', 'SKU000047', 'M');
INSERT IGNORE INTO Produk (id_produk, id_penjual, nama, deskripsi) VALUES (27, 15, 'Repurpose Mission-Critical Functionalities Edisi Terbatas', 'Minus ipsam dicta quam maiores reprehenderit id. Harum maiores esse tempore. Vitae non architecto accusantium labore beatae quibusdam.');
INSERT IGNORE INTO VarianProduk (sku, id_produk, harga, stok) VALUES ('SKU000048', 27, 2222178.11, 111);
INSERT IGNORE INTO ProdukVarianAtribut (id_produk, atribut_varian, sku, nilai) VALUES (27, 'MATERIAL', 'SKU000048', 'Polyester Blend');
INSERT IGNORE INTO ProdukVarianAtribut (id_produk, atribut_varian, sku, nilai) VALUES (27, 'STORAGE_INTERNAL', 'SKU000048', '256GB');
INSERT IGNORE INTO Produk (id_produk, id_penjual, nama, deskripsi) VALUES (28, 3, 'Strategize Web-Enabled E-Services Premium', 'Illo laborum tempora iure accusantium omnis. Eos debitis assumenda. Sint aut nam ea veritatis eaque.');
INSERT IGNORE INTO VarianProduk (sku, id_produk, harga, stok) VALUES ('SKU000049', 28, 287579.84, 11);
INSERT IGNORE INTO ProdukVarianAtribut (id_produk, atribut_varian, sku, nilai) VALUES (28, 'UKURAN', 'SKU000049', 'M');
INSERT IGNORE INTO VarianProduk (sku, id_produk, harga, stok) VALUES ('SKU000050', 28, 251614.33, 44);
INSERT IGNORE INTO ProdukVarianAtribut (id_produk, atribut_varian, sku, nilai) VALUES (28, 'RESOLUSI_LAYAR', 'SKU000050', 'QHD');
INSERT IGNORE INTO ProdukVarianAtribut (id_produk, atribut_varian, sku, nilai) VALUES (28, 'MATERIAL', 'SKU000050', 'Kulit Sintetis PU');
INSERT IGNORE INTO VarianProduk (sku, id_produk, harga, stok) VALUES ('SKU000051', 28, 2643533.42, 99);
INSERT IGNORE INTO ProdukVarianAtribut (id_produk, atribut_varian, sku, nilai) VALUES (28, 'JENIS_KAIN', 'SKU000051', 'Flanel');
INSERT IGNORE INTO Produk (id_produk, id_penjual, nama, deskripsi) VALUES (29, 12, 'Matrix Dynamic Applications Edisi Terbatas', 'Asperiores culpa libero architecto odit eveniet nihil. Inventore optio maxime tempora earum tempore. Sit facere quis sequi exercitationem dignissimos incidunt.');
INSERT IGNORE INTO VarianProduk (sku, id_produk, harga, stok) VALUES ('SKU000052', 29, 1360076.48, 121);
INSERT IGNORE INTO ProdukVarianAtribut (id_produk, atribut_varian, sku, nilai) VALUES (29, 'RAM', 'SKU000052', '16GB');
INSERT IGNORE INTO ProdukVarianAtribut (id_produk, atribut_varian, sku, nilai) VALUES (29, 'MATERIAL', 'SKU000052', 'Stainless Steel 304');
INSERT IGNORE INTO VarianProduk (sku, id_produk, harga, stok) VALUES ('SKU000053', 29, 2109114.68, 14);
INSERT IGNORE INTO ProdukVarianAtribut (id_produk, atribut_varian, sku, nilai) VALUES (29, 'RESOLUSI_LAYAR', 'SKU000053', '4K');
INSERT IGNORE INTO VarianProduk (sku, id_produk, harga, stok) VALUES ('SKU000054', 29, 190777.2, 79);
INSERT IGNORE INTO ProdukVarianAtribut (id_produk, atribut_varian, sku, nilai) VALUES (29, 'UKURAN', 'SKU000054', 'L');
INSERT IGNORE INTO ProdukVarianAtribut (id_produk, atribut_varian, sku, nilai) VALUES (29, 'STORAGE_INTERNAL', 'SKU000054', '64GB');
INSERT IGNORE INTO ProdukVarianAtribut (id_produk, atribut_varian, sku, nilai) VALUES (29, 'RAM', 'SKU000054', '32GB');
INSERT IGNORE INTO Produk (id_produk, id_penjual, nama, deskripsi) VALUES (30, 2, 'Expedite Visionary Niches Serbaguna', 'Excepturi natus blanditiis repellendus magnam esse optio. Illum dolore unde doloremque delectus veniam amet.');
INSERT IGNORE INTO VarianProduk (sku, id_produk, harga, stok) VALUES ('SKU000055', 30, 1206356.95, 128);
INSERT IGNORE INTO ProdukVarianAtribut (id_produk, atribut_varian, sku, nilai) VALUES (30, 'STORAGE_INTERNAL', 'SKU000055', '256GB');
INSERT IGNORE INTO ProdukVarianAtribut (id_produk, atribut_varian, sku, nilai) VALUES (30, 'RESOLUSI_LAYAR', 'SKU000055', 'QHD');
INSERT IGNORE INTO ProdukVarianAtribut (id_produk, atribut_varian, sku, nilai) VALUES (30, 'UKURAN', 'SKU000055', '38');
INSERT IGNORE INTO VarianProduk (sku, id_produk, harga, stok) VALUES ('SKU000056', 30, 352735.54, 67);
INSERT IGNORE INTO ProdukVarianAtribut (id_produk, atribut_varian, sku, nilai) VALUES (30, 'JENIS_KAIN', 'SKU000056', 'Rayon');
INSERT IGNORE INTO ProdukVarianAtribut (id_produk, atribut_varian, sku, nilai) VALUES (30, 'MATERIAL', 'SKU000056', 'Katun Combed 30s');
INSERT IGNORE INTO VarianProduk (sku, id_produk, harga, stok) VALUES ('SKU000057', 30, 959064.37, 133);
INSERT IGNORE INTO ProdukVarianAtribut (id_produk, atribut_varian, sku, nilai) VALUES (30, 'UKURAN', 'SKU000057', 'XXL');
INSERT IGNORE INTO Produk (id_produk, id_penjual, nama, deskripsi) VALUES (31, 33, 'Mesh Wireless Vortals Edisi Terbatas', 'Repellat nesciunt accusamus saepe assumenda laboriosam repudiandae. Doloremque iure optio enim eos laboriosam voluptatum.');
INSERT IGNORE INTO VarianProduk (sku, id_produk, harga, stok) VALUES ('SKU000058', 31, 527603.13, 58);
INSERT IGNORE INTO ProdukVarianAtribut (id_produk, atribut_varian, sku, nilai) VALUES (31, 'MATERIAL', 'SKU000058', 'Kulit Sintetis PU');
INSERT IGNORE INTO ProdukVarianAtribut (id_produk, atribut_varian, sku, nilai) VALUES (31, 'UKURAN', 'SKU000058', 'All Size');
INSERT IGNORE INTO ProdukVarianAtribut (id_produk, atribut_varian, sku, nilai) VALUES (31, 'JENIS_KAIN', 'SKU000058', 'Rayon');
INSERT IGNORE INTO Produk (id_produk, id_penjual, nama, deskripsi) VALUES (32, 26, 'Re-Intermediate Back-End Synergies Premium', 'Suscipit esse minima voluptatibus ipsum. Culpa soluta repellendus earum saepe iusto quod. Consequatur eius mollitia aliquam at eius.');
INSERT IGNORE INTO VarianProduk (sku, id_produk, harga, stok) VALUES ('SKU000059', 32, 995318.37, 82);
INSERT IGNORE INTO ProdukVarianAtribut (id_produk, atribut_varian, sku, nilai) VALUES (32, 'UKURAN', 'SKU000059', 'S');
INSERT IGNORE INTO ProdukVarianAtribut (id_produk, atribut_varian, sku, nilai) VALUES (32, 'STORAGE_INTERNAL', 'SKU000059', '128GB');
INSERT IGNORE INTO ProdukVarianAtribut (id_produk, atribut_varian, sku, nilai) VALUES (32, 'WARNA', 'SKU000059', 'Kuning');
INSERT IGNORE INTO VarianProduk (sku, id_produk, harga, stok) VALUES ('SKU000060', 32, 1733837.99, 123);
INSERT IGNORE INTO ProdukVarianAtribut (id_produk, atribut_varian, sku, nilai) VALUES (32, 'MATERIAL', 'SKU000060', 'Stainless Steel 304');
INSERT IGNORE INTO Produk (id_produk, id_penjual, nama, deskripsi) VALUES (33, 12, 'Repurpose World-Class Deliverables Serbaguna', 'Repellendus exercitationem aliquam. Esse nam temporibus occaecati rerum nobis laudantium dolor. Hic ut autem corporis.');
INSERT IGNORE INTO VarianProduk (sku, id_produk, harga, stok) VALUES ('SKU000061', 33, 1435259.21, 30);
INSERT IGNORE INTO ProdukVarianAtribut (id_produk, atribut_varian, sku, nilai) VALUES (33, 'UKURAN', 'SKU000061', 'M');
INSERT IGNORE INTO ProdukVarianAtribut (id_produk, atribut_varian, sku, nilai) VALUES (33, 'WARNA', 'SKU000061', 'Zaitun');
INSERT IGNORE INTO ProdukVarianAtribut (id_produk, atribut_varian, sku, nilai) VALUES (33, 'JENIS_KAIN', 'SKU000061', 'Denim');
INSERT IGNORE INTO VarianProduk (sku, id_produk, harga, stok) VALUES ('SKU000062', 33, 1749762.75, 119);
INSERT IGNORE INTO ProdukVarianAtribut (id_produk, atribut_varian, sku, nilai) VALUES (33, 'JENIS_KAIN', 'SKU000062', 'Satin');
INSERT IGNORE INTO ProdukVarianAtribut (id_produk, atribut_varian, sku, nilai) VALUES (33, 'MATERIAL', 'SKU000062', 'Polyester Blend');
INSERT IGNORE INTO Produk (id_produk, id_penjual, nama, deskripsi) VALUES (34, 18, 'Benchmark Value-Added Niches Premium', 'Quos magni dolorum officiis illum. Veniam assumenda et possimus iure.');
INSERT IGNORE INTO VarianProduk (sku, id_produk, harga, stok) VALUES ('SKU000063', 34, 894232.84, 36);
INSERT IGNORE INTO ProdukVarianAtribut (id_produk, atribut_varian, sku, nilai) VALUES (34, 'WARNA', 'SKU000063', 'Merah');
INSERT IGNORE INTO ProdukVarianAtribut (id_produk, atribut_varian, sku, nilai) VALUES (34, 'MATERIAL', 'SKU000063', 'Kanvas Tebal');
INSERT IGNORE INTO Produk (id_produk, id_penjual, nama, deskripsi) VALUES (35, 42, 'Visualize Frictionless Content Modern', 'Voluptatibus animi cupiditate odio quod laboriosam sequi. Doloremque sapiente similique sunt mollitia.');
INSERT IGNORE INTO VarianProduk (sku, id_produk, harga, stok) VALUES ('SKU000064', 35, 989618.43, 111);
INSERT IGNORE INTO ProdukVarianAtribut (id_produk, atribut_varian, sku, nilai) VALUES (35, 'JENIS_KAIN', 'SKU000064', 'Satin');
INSERT IGNORE INTO ProdukVarianAtribut (id_produk, atribut_varian, sku, nilai) VALUES (35, 'RESOLUSI_LAYAR', 'SKU000064', 'QHD');
INSERT IGNORE INTO ProdukVarianAtribut (id_produk, atribut_varian, sku, nilai) VALUES (35, 'MATERIAL', 'SKU000064', 'Polyester Blend');
INSERT IGNORE INTO VarianProduk (sku, id_produk, harga, stok) VALUES ('SKU000065', 35, 1185347.65, 53);
INSERT IGNORE INTO ProdukVarianAtribut (id_produk, atribut_varian, sku, nilai) VALUES (35, 'RAM', 'SKU000065', '4GB');
INSERT IGNORE INTO VarianProduk (sku, id_produk, harga, stok) VALUES ('SKU000066', 35, 1487101.7, 111);
INSERT IGNORE INTO ProdukVarianAtribut (id_produk, atribut_varian, sku, nilai) VALUES (35, 'WARNA', 'SKU000066', 'Perak');
INSERT IGNORE INTO ProdukVarianAtribut (id_produk, atribut_varian, sku, nilai) VALUES (35, 'JENIS_KAIN', 'SKU000066', 'Rayon');
INSERT IGNORE INTO ProdukVarianAtribut (id_produk, atribut_varian, sku, nilai) VALUES (35, 'RESOLUSI_LAYAR', 'SKU000066', 'QHD');
INSERT IGNORE INTO Produk (id_produk, id_penjual, nama, deskripsi) VALUES (36, 25, 'Aggregate Dynamic Users Modern', 'Occaecati veritatis occaecati mollitia qui.');
INSERT IGNORE INTO VarianProduk (sku, id_produk, harga, stok) VALUES ('SKU000067', 36, 559310.79, 105);
INSERT IGNORE INTO ProdukVarianAtribut (id_produk, atribut_varian, sku, nilai) VALUES (36, 'RESOLUSI_LAYAR', 'SKU000067', '4K');
INSERT IGNORE INTO ProdukVarianAtribut (id_produk, atribut_varian, sku, nilai) VALUES (36, 'WARNA', 'SKU000067', 'Ungu tua');
INSERT IGNORE INTO ProdukVarianAtribut (id_produk, atribut_varian, sku, nilai) VALUES (36, 'STORAGE_INTERNAL', 'SKU000067', '1TB');
INSERT IGNORE INTO Produk (id_produk, id_penjual, nama, deskripsi) VALUES (37, 27, 'Iterate Granular Roi Edisi Terbatas', 'Perspiciatis voluptates quos inventore nesciunt. Ut a totam vitae officiis. Dolorem quibusdam culpa neque maxime eum ipsam.');
INSERT IGNORE INTO VarianProduk (sku, id_produk, harga, stok) VALUES ('SKU000068', 37, 2282375.36, 35);
INSERT IGNORE INTO ProdukVarianAtribut (id_produk, atribut_varian, sku, nilai) VALUES (37, 'STORAGE_INTERNAL', 'SKU000068', '256GB');
INSERT IGNORE INTO ProdukVarianAtribut (id_produk, atribut_varian, sku, nilai) VALUES (37, 'MATERIAL', 'SKU000068', 'Katun Combed 30s');
INSERT IGNORE INTO VarianProduk (sku, id_produk, harga, stok) VALUES ('SKU000069', 37, 2387732.53, 100);
INSERT IGNORE INTO ProdukVarianAtribut (id_produk, atribut_varian, sku, nilai) VALUES (37, 'WARNA', 'SKU000069', 'Hijau tua');
INSERT IGNORE INTO Produk (id_produk, id_penjual, nama, deskripsi) VALUES (38, 50, 'Aggregate Turn-Key E-Business Premium', 'Similique voluptates incidunt ad eius enim. Recusandae laborum saepe unde necessitatibus consectetur. Nisi quis dolores distinctio nemo animi. Quam expedita aut occaecati maxime nisi.');
INSERT IGNORE INTO VarianProduk (sku, id_produk, harga, stok) VALUES ('SKU000070', 38, 2115976.1, 116);
INSERT IGNORE INTO ProdukVarianAtribut (id_produk, atribut_varian, sku, nilai) VALUES (38, 'MATERIAL', 'SKU000070', 'Kanvas Tebal');
INSERT IGNORE INTO ProdukVarianAtribut (id_produk, atribut_varian, sku, nilai) VALUES (38, 'RESOLUSI_LAYAR', 'SKU000070', 'QHD');
INSERT IGNORE INTO Produk (id_produk, id_penjual, nama, deskripsi) VALUES (39, 31, 'E-Enable Value-Added Mindshare Modern', 'Temporibus atque sunt quasi quidem. Dolore nulla quae nisi mollitia sint aspernatur quidem. Tempore officiis soluta recusandae maiores. Voluptatem natus adipisci sunt ducimus. Neque magnam laborum temporibus labore quod odit.');
INSERT IGNORE INTO VarianProduk (sku, id_produk, harga, stok) VALUES ('SKU000071', 39, 1894961.08, 115);
INSERT IGNORE INTO ProdukVarianAtribut (id_produk, atribut_varian, sku, nilai) VALUES (39, 'STORAGE_INTERNAL', 'SKU000071', '128GB');
INSERT IGNORE INTO ProdukVarianAtribut (id_produk, atribut_varian, sku, nilai) VALUES (39, 'JENIS_KAIN', 'SKU000071', 'Denim');
INSERT IGNORE INTO ProdukVarianAtribut (id_produk, atribut_varian, sku, nilai) VALUES (39, 'WARNA', 'SKU000071', 'Merah marun');
INSERT IGNORE INTO VarianProduk (sku, id_produk, harga, stok) VALUES ('SKU000072', 39, 853239.7, 95);
INSERT IGNORE INTO ProdukVarianAtribut (id_produk, atribut_varian, sku, nilai) VALUES (39, 'JENIS_KAIN', 'SKU000072', 'Rayon');
INSERT IGNORE INTO VarianProduk (sku, id_produk, harga, stok) VALUES ('SKU000073', 39, 53214.13, 22);
INSERT IGNORE INTO ProdukVarianAtribut (id_produk, atribut_varian, sku, nilai) VALUES (39, 'RAM', 'SKU000073', '4GB');
INSERT IGNORE INTO ProdukVarianAtribut (id_produk, atribut_varian, sku, nilai) VALUES (39, 'RESOLUSI_LAYAR', 'SKU000073', 'HD');
INSERT IGNORE INTO Produk (id_produk, id_penjual, nama, deskripsi) VALUES (40, 15, 'Re-Contextualize Virtual Functionalities Modern', 'In voluptatem iure fugit. Aut tenetur iusto dignissimos cupiditate.');
INSERT IGNORE INTO VarianProduk (sku, id_produk, harga, stok) VALUES ('SKU000074', 40, 514264.88, 83);
INSERT IGNORE INTO ProdukVarianAtribut (id_produk, atribut_varian, sku, nilai) VALUES (40, 'UKURAN', 'SKU000074', '39');
INSERT IGNORE INTO ProdukVarianAtribut (id_produk, atribut_varian, sku, nilai) VALUES (40, 'RESOLUSI_LAYAR', 'SKU000074', 'HD');
INSERT IGNORE INTO ProdukVarianAtribut (id_produk, atribut_varian, sku, nilai) VALUES (40, 'JENIS_KAIN', 'SKU000074', 'Denim');
INSERT IGNORE INTO VarianProduk (sku, id_produk, harga, stok) VALUES ('SKU000075', 40, 647081.74, 33);
INSERT IGNORE INTO ProdukVarianAtribut (id_produk, atribut_varian, sku, nilai) VALUES (40, 'STORAGE_INTERNAL', 'SKU000075', '64GB');
INSERT IGNORE INTO ProdukVarianAtribut (id_produk, atribut_varian, sku, nilai) VALUES (40, 'UKURAN', 'SKU000075', '42');
INSERT IGNORE INTO Produk (id_produk, id_penjual, nama, deskripsi) VALUES (41, 29, 'Utilize Intuitive Eyeballs Serbaguna', 'Aliquam nesciunt maxime perspiciatis tempore minima unde. Ad tenetur expedita quibusdam exercitationem.');
INSERT IGNORE INTO VarianProduk (sku, id_produk, harga, stok) VALUES ('SKU000076', 41, 2949941.34, 123);
INSERT IGNORE INTO ProdukVarianAtribut (id_produk, atribut_varian, sku, nilai) VALUES (41, 'MATERIAL', 'SKU000076', 'Stainless Steel 304');
INSERT IGNORE INTO ProdukVarianAtribut (id_produk, atribut_varian, sku, nilai) VALUES (41, 'JENIS_KAIN', 'SKU000076', 'Satin');
INSERT IGNORE INTO ProdukVarianAtribut (id_produk, atribut_varian, sku, nilai) VALUES (41, 'WARNA', 'SKU000076', 'Biru muda');
INSERT IGNORE INTO VarianProduk (sku, id_produk, harga, stok) VALUES ('SKU000077', 41, 758308.11, 35);
INSERT IGNORE INTO ProdukVarianAtribut (id_produk, atribut_varian, sku, nilai) VALUES (41, 'MATERIAL', 'SKU000077', 'Plastik ABS Food Grade');
INSERT IGNORE INTO VarianProduk (sku, id_produk, harga, stok) VALUES ('SKU000078', 41, 639285.77, 131);
INSERT IGNORE INTO ProdukVarianAtribut (id_produk, atribut_varian, sku, nilai) VALUES (41, 'RAM', 'SKU000078', '4GB');
INSERT IGNORE INTO Produk (id_produk, id_penjual, nama, deskripsi) VALUES (42, 20, 'Matrix Granular Portals Modern', 'Repellat placeat amet numquam corrupti quam et. Voluptatibus natus officia sequi assumenda asperiores. Perferendis dignissimos commodi eligendi. Vero quod dicta laboriosam placeat.');
INSERT IGNORE INTO VarianProduk (sku, id_produk, harga, stok) VALUES ('SKU000079', 42, 2194016.09, 123);
INSERT IGNORE INTO ProdukVarianAtribut (id_produk, atribut_varian, sku, nilai) VALUES (42, 'RESOLUSI_LAYAR', 'SKU000079', 'FHD');
INSERT IGNORE INTO ProdukVarianAtribut (id_produk, atribut_varian, sku, nilai) VALUES (42, 'MATERIAL', 'SKU000079', 'Polyester Blend');
INSERT IGNORE INTO Produk (id_produk, id_penjual, nama, deskripsi) VALUES (43, 15, 'Visualize Ubiquitous Mindshare Premium', 'Repellendus commodi repudiandae quia. Veritatis ad dolore minus dolorum sunt. Qui soluta quasi omnis totam.');
INSERT IGNORE INTO VarianProduk (sku, id_produk, harga, stok) VALUES ('SKU000080', 43, 1727868.28, 80);
INSERT IGNORE INTO ProdukVarianAtribut (id_produk, atribut_varian, sku, nilai) VALUES (43, 'STORAGE_INTERNAL', 'SKU000080', '1TB');
INSERT IGNORE INTO ProdukVarianAtribut (id_produk, atribut_varian, sku, nilai) VALUES (43, 'RESOLUSI_LAYAR', 'SKU000080', '4K');
INSERT IGNORE INTO ProdukVarianAtribut (id_produk, atribut_varian, sku, nilai) VALUES (43, 'RAM', 'SKU000080', '16GB');
INSERT IGNORE INTO Produk (id_produk, id_penjual, nama, deskripsi) VALUES (44, 25, 'E-Enable Integrated E-Tailers Modern', 'Facilis architecto est ex unde. Molestiae ducimus alias excepturi quibusdam voluptatum. Ad perferendis soluta ducimus officia. Quisquam vero beatae cupiditate.');
INSERT IGNORE INTO VarianProduk (sku, id_produk, harga, stok) VALUES ('SKU000081', 44, 1694207.25, 0);
INSERT IGNORE INTO ProdukVarianAtribut (id_produk, atribut_varian, sku, nilai) VALUES (44, 'UKURAN', 'SKU000081', '41');
INSERT IGNORE INTO ProdukVarianAtribut (id_produk, atribut_varian, sku, nilai) VALUES (44, 'JENIS_KAIN', 'SKU000081', 'Flanel');
INSERT IGNORE INTO Produk (id_produk, id_penjual, nama, deskripsi) VALUES (45, 39, 'Cultivate Proactive Methodologies Edisi Terbatas', 'Saepe perferendis facilis incidunt.');
INSERT IGNORE INTO VarianProduk (sku, id_produk, harga, stok) VALUES ('SKU000082', 45, 351057.37, 137);
INSERT IGNORE INTO ProdukVarianAtribut (id_produk, atribut_varian, sku, nilai) VALUES (45, 'RAM', 'SKU000082', '12GB');
INSERT IGNORE INTO ProdukVarianAtribut (id_produk, atribut_varian, sku, nilai) VALUES (45, 'UKURAN', 'SKU000082', 'S');
INSERT IGNORE INTO VarianProduk (sku, id_produk, harga, stok) VALUES ('SKU000083', 45, 2256203.81, 118);
INSERT IGNORE INTO ProdukVarianAtribut (id_produk, atribut_varian, sku, nilai) VALUES (45, 'RAM', 'SKU000083', '8GB');
INSERT IGNORE INTO VarianProduk (sku, id_produk, harga, stok) VALUES ('SKU000084', 45, 1051920.87, 54);
INSERT IGNORE INTO ProdukVarianAtribut (id_produk, atribut_varian, sku, nilai) VALUES (45, 'RESOLUSI_LAYAR', 'SKU000084', 'HD');
INSERT IGNORE INTO Produk (id_produk, id_penjual, nama, deskripsi) VALUES (46, 36, 'Transition End-To-End Initiatives Modern', 'Quas rerum minima.');
INSERT IGNORE INTO VarianProduk (sku, id_produk, harga, stok) VALUES ('SKU000085', 46, 1952632.58, 129);
INSERT IGNORE INTO ProdukVarianAtribut (id_produk, atribut_varian, sku, nilai) VALUES (46, 'MATERIAL', 'SKU000085', 'Kanvas Tebal');
INSERT IGNORE INTO Produk (id_produk, id_penjual, nama, deskripsi) VALUES (47, 31, 'Disintermediate Dynamic Models Premium', 'Tenetur vero nam nisi cupiditate illo incidunt. Veniam delectus nam quam illo. Hic natus laborum ea accusantium.');
INSERT IGNORE INTO VarianProduk (sku, id_produk, harga, stok) VALUES ('SKU000086', 47, 1434160.0, 54);
INSERT IGNORE INTO ProdukVarianAtribut (id_produk, atribut_varian, sku, nilai) VALUES (47, 'WARNA', 'SKU000086', 'Hijau tua');
INSERT IGNORE INTO ProdukVarianAtribut (id_produk, atribut_varian, sku, nilai) VALUES (47, 'JENIS_KAIN', 'SKU000086', 'Satin');
INSERT IGNORE INTO VarianProduk (sku, id_produk, harga, stok) VALUES ('SKU000087', 47, 1058672.64, 122);
INSERT IGNORE INTO ProdukVarianAtribut (id_produk, atribut_varian, sku, nilai) VALUES (47, 'STORAGE_INTERNAL', 'SKU000087', '128GB');
INSERT IGNORE INTO ProdukVarianAtribut (id_produk, atribut_varian, sku, nilai) VALUES (47, 'RESOLUSI_LAYAR', 'SKU000087', '4K');
INSERT IGNORE INTO VarianProduk (sku, id_produk, harga, stok) VALUES ('SKU000088', 47, 1628727.59, 24);
INSERT IGNORE INTO ProdukVarianAtribut (id_produk, atribut_varian, sku, nilai) VALUES (47, 'MATERIAL', 'SKU000088', 'Polyester Blend');
INSERT IGNORE INTO ProdukVarianAtribut (id_produk, atribut_varian, sku, nilai) VALUES (47, 'RAM', 'SKU000088', '8GB');
INSERT IGNORE INTO ProdukVarianAtribut (id_produk, atribut_varian, sku, nilai) VALUES (47, 'RESOLUSI_LAYAR', 'SKU000088', 'HD');
INSERT IGNORE INTO Produk (id_produk, id_penjual, nama, deskripsi) VALUES (48, 20, 'Deploy Dynamic Eyeballs Modern', 'Quod culpa occaecati ducimus. Accusamus dolorem cum officia perferendis eveniet dolore.');
INSERT IGNORE INTO VarianProduk (sku, id_produk, harga, stok) VALUES ('SKU000089', 48, 2646416.57, 126);
INSERT IGNORE INTO ProdukVarianAtribut (id_produk, atribut_varian, sku, nilai) VALUES (48, 'UKURAN', 'SKU000089', 'XL');
INSERT IGNORE INTO ProdukVarianAtribut (id_produk, atribut_varian, sku, nilai) VALUES (48, 'RESOLUSI_LAYAR', 'SKU000089', 'QHD');
INSERT IGNORE INTO ProdukVarianAtribut (id_produk, atribut_varian, sku, nilai) VALUES (48, 'RAM', 'SKU000089', '12GB');
INSERT IGNORE INTO Produk (id_produk, id_penjual, nama, deskripsi) VALUES (49, 11, 'Syndicate Enterprise Solutions Modern', 'Praesentium necessitatibus tempora blanditiis quasi esse quia dolorum. Similique dolorem eius magni assumenda natus neque.');
INSERT IGNORE INTO VarianProduk (sku, id_produk, harga, stok) VALUES ('SKU000090', 49, 1207913.93, 58);
INSERT IGNORE INTO ProdukVarianAtribut (id_produk, atribut_varian, sku, nilai) VALUES (49, 'JENIS_KAIN', 'SKU000090', 'Flanel');
INSERT IGNORE INTO ProdukVarianAtribut (id_produk, atribut_varian, sku, nilai) VALUES (49, 'UKURAN', 'SKU000090', '38');
INSERT IGNORE INTO ProdukVarianAtribut (id_produk, atribut_varian, sku, nilai) VALUES (49, 'RESOLUSI_LAYAR', 'SKU000090', 'HD');
INSERT IGNORE INTO VarianProduk (sku, id_produk, harga, stok) VALUES ('SKU000091', 49, 1784036.09, 4);
INSERT IGNORE INTO ProdukVarianAtribut (id_produk, atribut_varian, sku, nilai) VALUES (49, 'MATERIAL', 'SKU000091', 'Katun Combed 30s');
INSERT IGNORE INTO ProdukVarianAtribut (id_produk, atribut_varian, sku, nilai) VALUES (49, 'UKURAN', 'SKU000091', '38');
INSERT IGNORE INTO VarianProduk (sku, id_produk, harga, stok) VALUES ('SKU000092', 49, 316754.34, 54);
INSERT IGNORE INTO ProdukVarianAtribut (id_produk, atribut_varian, sku, nilai) VALUES (49, 'WARNA', 'SKU000092', 'Perak');
INSERT IGNORE INTO ProdukVarianAtribut (id_produk, atribut_varian, sku, nilai) VALUES (49, 'UKURAN', 'SKU000092', '40');
INSERT IGNORE INTO ProdukVarianAtribut (id_produk, atribut_varian, sku, nilai) VALUES (49, 'STORAGE_INTERNAL', 'SKU000092', '1TB');
INSERT IGNORE INTO Produk (id_produk, id_penjual, nama, deskripsi) VALUES (50, 36, 'Embrace Front-End Bandwidth Modern', 'Nisi error laudantium rerum possimus excepturi. Itaque eligendi excepturi tempora odio quas harum ut. Nemo praesentium vitae eveniet iusto. Sunt non eaque suscipit.');
INSERT IGNORE INTO VarianProduk (sku, id_produk, harga, stok) VALUES ('SKU000093', 50, 2905192.37, 45);
INSERT IGNORE INTO ProdukVarianAtribut (id_produk, atribut_varian, sku, nilai) VALUES (50, 'WARNA', 'SKU000093', 'Magenta');
INSERT IGNORE INTO ProdukVarianAtribut (id_produk, atribut_varian, sku, nilai) VALUES (50, 'UKURAN', 'SKU000093', '42');
INSERT IGNORE INTO VarianProduk (sku, id_produk, harga, stok) VALUES ('SKU000094', 50, 1353406.01, 54);
INSERT IGNORE INTO ProdukVarianAtribut (id_produk, atribut_varian, sku, nilai) VALUES (50, 'JENIS_KAIN', 'SKU000094', 'Rayon');
INSERT IGNORE INTO ProdukVarianAtribut (id_produk, atribut_varian, sku, nilai) VALUES (50, 'MATERIAL', 'SKU000094', 'Kulit Sintetis PU');
INSERT IGNORE INTO Produk (id_produk, id_penjual, nama, deskripsi) VALUES (51, 30, 'Optimize Interactive Convergence Serbaguna', 'Modi veniam error. Nesciunt excepturi ipsa quas cum ab vitae.');
INSERT IGNORE INTO VarianProduk (sku, id_produk, harga, stok) VALUES ('SKU000095', 51, 1826893.55, 147);
INSERT IGNORE INTO ProdukVarianAtribut (id_produk, atribut_varian, sku, nilai) VALUES (51, 'STORAGE_INTERNAL', 'SKU000095', '64GB');
INSERT IGNORE INTO Produk (id_produk, id_penjual, nama, deskripsi) VALUES (52, 41, 'Synthesize Transparent Metrics Edisi Terbatas', 'Delectus nam facere cumque dolor molestias hic.');
INSERT IGNORE INTO VarianProduk (sku, id_produk, harga, stok) VALUES ('SKU000096', 52, 800407.42, 26);
INSERT IGNORE INTO ProdukVarianAtribut (id_produk, atribut_varian, sku, nilai) VALUES (52, 'JENIS_KAIN', 'SKU000096', 'Flanel');
INSERT IGNORE INTO VarianProduk (sku, id_produk, harga, stok) VALUES ('SKU000097', 52, 2457604.79, 84);
INSERT IGNORE INTO ProdukVarianAtribut (id_produk, atribut_varian, sku, nilai) VALUES (52, 'WARNA', 'SKU000097', 'Hitam');
INSERT IGNORE INTO VarianProduk (sku, id_produk, harga, stok) VALUES ('SKU000098', 52, 1201279.75, 137);
INSERT IGNORE INTO ProdukVarianAtribut (id_produk, atribut_varian, sku, nilai) VALUES (52, 'UKURAN', 'SKU000098', 'All Size');
INSERT IGNORE INTO ProdukVarianAtribut (id_produk, atribut_varian, sku, nilai) VALUES (52, 'MATERIAL', 'SKU000098', 'Katun Combed 30s');
INSERT IGNORE INTO Produk (id_produk, id_penjual, nama, deskripsi) VALUES (53, 12, 'Generate Bleeding-Edge Supply-Chains Modern', 'Autem excepturi ratione molestiae. Delectus atque tempore. Ut corrupti impedit sint dicta vero. Dicta eius mollitia.');
INSERT IGNORE INTO VarianProduk (sku, id_produk, harga, stok) VALUES ('SKU000099', 53, 2829072.53, 60);
INSERT IGNORE INTO ProdukVarianAtribut (id_produk, atribut_varian, sku, nilai) VALUES (53, 'WARNA', 'SKU000099', 'Jingga');
INSERT IGNORE INTO VarianProduk (sku, id_produk, harga, stok) VALUES ('SKU000100', 53, 1050153.94, 87);
INSERT IGNORE INTO ProdukVarianAtribut (id_produk, atribut_varian, sku, nilai) VALUES (53, 'RAM', 'SKU000100', '8GB');
INSERT IGNORE INTO Produk (id_produk, id_penjual, nama, deskripsi) VALUES (54, 37, 'Cultivate Holistic Experiences Serbaguna', 'Voluptatem deserunt laborum quaerat veniam quasi. Ipsum corrupti blanditiis consequatur iste autem. Similique veniam pariatur ad earum.');
INSERT IGNORE INTO VarianProduk (sku, id_produk, harga, stok) VALUES ('SKU000101', 54, 2366696.13, 16);
INSERT IGNORE INTO ProdukVarianAtribut (id_produk, atribut_varian, sku, nilai) VALUES (54, 'MATERIAL', 'SKU000101', 'Polyester Blend');
INSERT IGNORE INTO ProdukVarianAtribut (id_produk, atribut_varian, sku, nilai) VALUES (54, 'WARNA', 'SKU000101', 'Abu-abu');
INSERT IGNORE INTO VarianProduk (sku, id_produk, harga, stok) VALUES ('SKU000102', 54, 584289.52, 133);
INSERT IGNORE INTO ProdukVarianAtribut (id_produk, atribut_varian, sku, nilai) VALUES (54, 'UKURAN', 'SKU000102', '38');
INSERT IGNORE INTO ProdukVarianAtribut (id_produk, atribut_varian, sku, nilai) VALUES (54, 'RESOLUSI_LAYAR', 'SKU000102', 'HD');
INSERT IGNORE INTO ProdukVarianAtribut (id_produk, atribut_varian, sku, nilai) VALUES (54, 'JENIS_KAIN', 'SKU000102', 'Rayon');
INSERT IGNORE INTO Produk (id_produk, id_penjual, nama, deskripsi) VALUES (55, 11, 'Transition Plug-And-Play Applications Modern', 'Perferendis enim corrupti adipisci quasi inventore. Iure quod impedit laudantium sint adipisci. Totam earum occaecati. Impedit minima adipisci iusto voluptates itaque.');
INSERT IGNORE INTO VarianProduk (sku, id_produk, harga, stok) VALUES ('SKU000103', 55, 1461284.44, 129);
INSERT IGNORE INTO ProdukVarianAtribut (id_produk, atribut_varian, sku, nilai) VALUES (55, 'WARNA', 'SKU000103', 'Kuning');
INSERT IGNORE INTO ProdukVarianAtribut (id_produk, atribut_varian, sku, nilai) VALUES (55, 'RAM', 'SKU000103', '8GB');
INSERT IGNORE INTO ProdukVarianAtribut (id_produk, atribut_varian, sku, nilai) VALUES (55, 'MATERIAL', 'SKU000103', 'Kulit Sintetis PU');
INSERT IGNORE INTO VarianProduk (sku, id_produk, harga, stok) VALUES ('SKU000104', 55, 1821252.56, 138);
INSERT IGNORE INTO ProdukVarianAtribut (id_produk, atribut_varian, sku, nilai) VALUES (55, 'UKURAN', 'SKU000104', '40');
INSERT IGNORE INTO ProdukVarianAtribut (id_produk, atribut_varian, sku, nilai) VALUES (55, 'RAM', 'SKU000104', '8GB');
INSERT IGNORE INTO Produk (id_produk, id_penjual, nama, deskripsi) VALUES (56, 20, 'Engineer B2C Synergies Premium', 'Sit error laudantium optio nostrum dicta. Ipsam soluta hic architecto quas cumque nihil.');
INSERT IGNORE INTO VarianProduk (sku, id_produk, harga, stok) VALUES ('SKU000105', 56, 93870.49, 142);
INSERT IGNORE INTO ProdukVarianAtribut (id_produk, atribut_varian, sku, nilai) VALUES (56, 'MATERIAL', 'SKU000105', 'Polyester Blend');
INSERT IGNORE INTO VarianProduk (sku, id_produk, harga, stok) VALUES ('SKU000106', 56, 2151282.08, 133);
INSERT IGNORE INTO ProdukVarianAtribut (id_produk, atribut_varian, sku, nilai) VALUES (56, 'WARNA', 'SKU000106', 'Nila');
INSERT IGNORE INTO ProdukVarianAtribut (id_produk, atribut_varian, sku, nilai) VALUES (56, 'MATERIAL', 'SKU000106', 'Kulit Sintetis PU');
INSERT IGNORE INTO VarianProduk (sku, id_produk, harga, stok) VALUES ('SKU000107', 56, 886616.98, 100);
INSERT IGNORE INTO ProdukVarianAtribut (id_produk, atribut_varian, sku, nilai) VALUES (56, 'JENIS_KAIN', 'SKU000107', 'Satin');
INSERT IGNORE INTO Produk (id_produk, id_penjual, nama, deskripsi) VALUES (57, 46, 'Embrace Vertical Content Edisi Terbatas', 'Quia quo iusto id magni corrupti eaque.');
INSERT IGNORE INTO VarianProduk (sku, id_produk, harga, stok) VALUES ('SKU000108', 57, 1576729.41, 28);
INSERT IGNORE INTO ProdukVarianAtribut (id_produk, atribut_varian, sku, nilai) VALUES (57, 'WARNA', 'SKU000108', 'Coklat');
INSERT IGNORE INTO Produk (id_produk, id_penjual, nama, deskripsi) VALUES (58, 17, 'Target Robust Info-Mediaries Serbaguna', 'Incidunt optio quidem corrupti.');
INSERT IGNORE INTO VarianProduk (sku, id_produk, harga, stok) VALUES ('SKU000109', 58, 2390284.51, 79);
INSERT IGNORE INTO ProdukVarianAtribut (id_produk, atribut_varian, sku, nilai) VALUES (58, 'UKURAN', 'SKU000109', '41');
INSERT IGNORE INTO ProdukVarianAtribut (id_produk, atribut_varian, sku, nilai) VALUES (58, 'WARNA', 'SKU000109', 'Biru dongker');
INSERT IGNORE INTO VarianProduk (sku, id_produk, harga, stok) VALUES ('SKU000110', 58, 1115759.63, 109);
INSERT IGNORE INTO ProdukVarianAtribut (id_produk, atribut_varian, sku, nilai) VALUES (58, 'RAM', 'SKU000110', '16GB');
INSERT IGNORE INTO VarianProduk (sku, id_produk, harga, stok) VALUES ('SKU000111', 58, 951937.2, 110);
INSERT IGNORE INTO ProdukVarianAtribut (id_produk, atribut_varian, sku, nilai) VALUES (58, 'WARNA', 'SKU000111', 'Biru');
INSERT IGNORE INTO Produk (id_produk, id_penjual, nama, deskripsi) VALUES (59, 21, 'Productize Proactive E-Business Edisi Terbatas', 'Mollitia incidunt quisquam placeat. Illo voluptas optio.');
INSERT IGNORE INTO VarianProduk (sku, id_produk, harga, stok) VALUES ('SKU000112', 59, 1650215.38, 102);
INSERT IGNORE INTO ProdukVarianAtribut (id_produk, atribut_varian, sku, nilai) VALUES (59, 'RAM', 'SKU000112', '8GB');
INSERT IGNORE INTO ProdukVarianAtribut (id_produk, atribut_varian, sku, nilai) VALUES (59, 'WARNA', 'SKU000112', 'Biru laut');
INSERT IGNORE INTO VarianProduk (sku, id_produk, harga, stok) VALUES ('SKU000113', 59, 1762904.16, 2);
INSERT IGNORE INTO ProdukVarianAtribut (id_produk, atribut_varian, sku, nilai) VALUES (59, 'RAM', 'SKU000113', '12GB');
INSERT IGNORE INTO ProdukVarianAtribut (id_produk, atribut_varian, sku, nilai) VALUES (59, 'UKURAN', 'SKU000113', '41');
INSERT IGNORE INTO ProdukVarianAtribut (id_produk, atribut_varian, sku, nilai) VALUES (59, 'STORAGE_INTERNAL', 'SKU000113', '64GB');
INSERT IGNORE INTO Produk (id_produk, id_penjual, nama, deskripsi) VALUES (60, 33, 'Innovate Bricks-And-Clicks Systems Premium', 'Cupiditate eveniet consectetur numquam facere. Pariatur rerum impedit possimus veniam. Sed voluptate accusamus cupiditate suscipit quam fugit suscipit.');
INSERT IGNORE INTO VarianProduk (sku, id_produk, harga, stok) VALUES ('SKU000114', 60, 931295.47, 20);
INSERT IGNORE INTO ProdukVarianAtribut (id_produk, atribut_varian, sku, nilai) VALUES (60, 'MATERIAL', 'SKU000114', 'Kulit Sintetis PU');
INSERT IGNORE INTO ProdukVarianAtribut (id_produk, atribut_varian, sku, nilai) VALUES (60, 'UKURAN', 'SKU000114', 'All Size');
INSERT IGNORE INTO ProdukVarianAtribut (id_produk, atribut_varian, sku, nilai) VALUES (60, 'RAM', 'SKU000114', '4GB');
INSERT IGNORE INTO Produk (id_produk, id_penjual, nama, deskripsi) VALUES (61, 39, 'Deliver Wireless Metrics Edisi Terbatas', 'Porro commodi molestiae eaque. Accusamus temporibus nostrum ducimus. Hic voluptatem nobis distinctio amet blanditiis ullam consectetur. Quibusdam laboriosam sed vel dicta saepe aut eos.');
INSERT IGNORE INTO VarianProduk (sku, id_produk, harga, stok) VALUES ('SKU000115', 61, 215159.0, 60);
INSERT IGNORE INTO ProdukVarianAtribut (id_produk, atribut_varian, sku, nilai) VALUES (61, 'UKURAN', 'SKU000115', '41');
INSERT IGNORE INTO VarianProduk (sku, id_produk, harga, stok) VALUES ('SKU000116', 61, 673924.93, 51);
INSERT IGNORE INTO ProdukVarianAtribut (id_produk, atribut_varian, sku, nilai) VALUES (61, 'RAM', 'SKU000116', '4GB');
INSERT IGNORE INTO ProdukVarianAtribut (id_produk, atribut_varian, sku, nilai) VALUES (61, 'WARNA', 'SKU000116', 'Biru laut');
INSERT IGNORE INTO VarianProduk (sku, id_produk, harga, stok) VALUES ('SKU000117', 61, 761737.72, 7);
INSERT IGNORE INTO ProdukVarianAtribut (id_produk, atribut_varian, sku, nilai) VALUES (61, 'WARNA', 'SKU000117', 'Merah');
INSERT IGNORE INTO Produk (id_produk, id_penjual, nama, deskripsi) VALUES (62, 46, 'Morph Clicks-And-Mortar Initiatives Premium', 'Fugiat iste repellat. Dignissimos quam excepturi adipisci architecto optio fuga. Maxime consectetur eos labore vero voluptatem. Aperiam aliquid voluptates mollitia sapiente error.');
INSERT IGNORE INTO VarianProduk (sku, id_produk, harga, stok) VALUES ('SKU000118', 62, 1669663.59, 150);
INSERT IGNORE INTO ProdukVarianAtribut (id_produk, atribut_varian, sku, nilai) VALUES (62, 'UKURAN', 'SKU000118', 'XL');
INSERT IGNORE INTO ProdukVarianAtribut (id_produk, atribut_varian, sku, nilai) VALUES (62, 'RAM', 'SKU000118', '16GB');
INSERT IGNORE INTO Produk (id_produk, id_penjual, nama, deskripsi) VALUES (63, 33, 'Target Clicks-And-Mortar Interfaces Premium', 'Veritatis officiis maiores non perspiciatis voluptatem et. Veritatis minus excepturi debitis culpa doloribus eos.');
INSERT IGNORE INTO VarianProduk (sku, id_produk, harga, stok) VALUES ('SKU000119', 63, 2827009.81, 63);
INSERT IGNORE INTO ProdukVarianAtribut (id_produk, atribut_varian, sku, nilai) VALUES (63, 'WARNA', 'SKU000119', 'Magenta');
INSERT IGNORE INTO ProdukVarianAtribut (id_produk, atribut_varian, sku, nilai) VALUES (63, 'MATERIAL', 'SKU000119', 'Kulit Sintetis PU');
INSERT IGNORE INTO ProdukVarianAtribut (id_produk, atribut_varian, sku, nilai) VALUES (63, 'STORAGE_INTERNAL', 'SKU000119', '128GB');
INSERT IGNORE INTO VarianProduk (sku, id_produk, harga, stok) VALUES ('SKU000120', 63, 2156210.59, 88);
INSERT IGNORE INTO ProdukVarianAtribut (id_produk, atribut_varian, sku, nilai) VALUES (63, 'RESOLUSI_LAYAR', 'SKU000120', 'QHD');
INSERT IGNORE INTO ProdukVarianAtribut (id_produk, atribut_varian, sku, nilai) VALUES (63, 'RAM', 'SKU000120', '4GB');
INSERT IGNORE INTO VarianProduk (sku, id_produk, harga, stok) VALUES ('SKU000121', 63, 1875749.82, 87);
INSERT IGNORE INTO ProdukVarianAtribut (id_produk, atribut_varian, sku, nilai) VALUES (63, 'RESOLUSI_LAYAR', 'SKU000121', 'QHD');
INSERT IGNORE INTO ProdukVarianAtribut (id_produk, atribut_varian, sku, nilai) VALUES (63, 'MATERIAL', 'SKU000121', 'Polyester Blend');
INSERT IGNORE INTO ProdukVarianAtribut (id_produk, atribut_varian, sku, nilai) VALUES (63, 'WARNA', 'SKU000121', 'Merah marun');
INSERT IGNORE INTO Produk (id_produk, id_penjual, nama, deskripsi) VALUES (64, 40, 'Engineer Efficient Applications Premium', 'Ab deleniti dolor commodi nobis hic distinctio.');
INSERT IGNORE INTO VarianProduk (sku, id_produk, harga, stok) VALUES ('SKU000122', 64, 1959513.65, 127);
INSERT IGNORE INTO ProdukVarianAtribut (id_produk, atribut_varian, sku, nilai) VALUES (64, 'MATERIAL', 'SKU000122', 'Katun Combed 30s');
INSERT IGNORE INTO ProdukVarianAtribut (id_produk, atribut_varian, sku, nilai) VALUES (64, 'RESOLUSI_LAYAR', 'SKU000122', 'FHD');
INSERT IGNORE INTO VarianProduk (sku, id_produk, harga, stok) VALUES ('SKU000123', 64, 1673022.58, 111);
INSERT IGNORE INTO ProdukVarianAtribut (id_produk, atribut_varian, sku, nilai) VALUES (64, 'UKURAN', 'SKU000123', 'XXL');
INSERT IGNORE INTO ProdukVarianAtribut (id_produk, atribut_varian, sku, nilai) VALUES (64, 'STORAGE_INTERNAL', 'SKU000123', '512GB');
INSERT IGNORE INTO Produk (id_produk, id_penjual, nama, deskripsi) VALUES (65, 24, 'Orchestrate Proactive Technologies Premium', 'Placeat dolorem voluptatem excepturi harum delectus aspernatur quam. Modi unde amet placeat consectetur beatae excepturi. Repudiandae voluptatem esse.');
INSERT IGNORE INTO VarianProduk (sku, id_produk, harga, stok) VALUES ('SKU000124', 65, 2029693.56, 38);
INSERT IGNORE INTO ProdukVarianAtribut (id_produk, atribut_varian, sku, nilai) VALUES (65, 'WARNA', 'SKU000124', 'Jingga');
INSERT IGNORE INTO ProdukVarianAtribut (id_produk, atribut_varian, sku, nilai) VALUES (65, 'UKURAN', 'SKU000124', 'S');
INSERT IGNORE INTO VarianProduk (sku, id_produk, harga, stok) VALUES ('SKU000125', 65, 924180.67, 118);
INSERT IGNORE INTO ProdukVarianAtribut (id_produk, atribut_varian, sku, nilai) VALUES (65, 'UKURAN', 'SKU000125', 'XXL');
INSERT IGNORE INTO ProdukVarianAtribut (id_produk, atribut_varian, sku, nilai) VALUES (65, 'MATERIAL', 'SKU000125', 'Plastik ABS Food Grade');
INSERT IGNORE INTO ProdukVarianAtribut (id_produk, atribut_varian, sku, nilai) VALUES (65, 'STORAGE_INTERNAL', 'SKU000125', '64GB');
INSERT IGNORE INTO VarianProduk (sku, id_produk, harga, stok) VALUES ('SKU000126', 65, 991581.62, 84);
INSERT IGNORE INTO ProdukVarianAtribut (id_produk, atribut_varian, sku, nilai) VALUES (65, 'JENIS_KAIN', 'SKU000126', 'Rayon');
INSERT IGNORE INTO Produk (id_produk, id_penjual, nama, deskripsi) VALUES (66, 49, 'Strategize Intuitive Infrastructures Modern', 'Ullam porro minima vero rem inventore nam asperiores. Necessitatibus quaerat pariatur dolorem odio assumenda. Nisi minus placeat minima harum.');
INSERT IGNORE INTO VarianProduk (sku, id_produk, harga, stok) VALUES ('SKU000127', 66, 2523176.29, 1);
INSERT IGNORE INTO ProdukVarianAtribut (id_produk, atribut_varian, sku, nilai) VALUES (66, 'RAM', 'SKU000127', '8GB');
INSERT IGNORE INTO ProdukVarianAtribut (id_produk, atribut_varian, sku, nilai) VALUES (66, 'MATERIAL', 'SKU000127', 'Plastik ABS Food Grade');
INSERT IGNORE INTO Produk (id_produk, id_penjual, nama, deskripsi) VALUES (67, 19, 'Syndicate Out-Of-The-Box Niches Premium', 'Dolor aperiam ipsum ullam quo.');
INSERT IGNORE INTO VarianProduk (sku, id_produk, harga, stok) VALUES ('SKU000128', 67, 1582598.96, 53);
INSERT IGNORE INTO ProdukVarianAtribut (id_produk, atribut_varian, sku, nilai) VALUES (67, 'JENIS_KAIN', 'SKU000128', 'Rayon');
INSERT IGNORE INTO ProdukVarianAtribut (id_produk, atribut_varian, sku, nilai) VALUES (67, 'UKURAN', 'SKU000128', '38');
INSERT IGNORE INTO ProdukVarianAtribut (id_produk, atribut_varian, sku, nilai) VALUES (67, 'RESOLUSI_LAYAR', 'SKU000128', 'FHD');
INSERT IGNORE INTO VarianProduk (sku, id_produk, harga, stok) VALUES ('SKU000129', 67, 2011841.82, 59);
INSERT IGNORE INTO ProdukVarianAtribut (id_produk, atribut_varian, sku, nilai) VALUES (67, 'MATERIAL', 'SKU000129', 'Polyester Blend');
INSERT IGNORE INTO ProdukVarianAtribut (id_produk, atribut_varian, sku, nilai) VALUES (67, 'RAM', 'SKU000129', '4GB');
INSERT IGNORE INTO ProdukVarianAtribut (id_produk, atribut_varian, sku, nilai) VALUES (67, 'RESOLUSI_LAYAR', 'SKU000129', 'QHD');
INSERT IGNORE INTO Produk (id_produk, id_penjual, nama, deskripsi) VALUES (68, 19, 'Synthesize Wireless E-Markets Edisi Terbatas', 'Odio laudantium voluptate accusamus velit vero doloremque optio. Ipsa repudiandae sit sint numquam.');
INSERT IGNORE INTO VarianProduk (sku, id_produk, harga, stok) VALUES ('SKU000130', 68, 800651.75, 103);
INSERT IGNORE INTO ProdukVarianAtribut (id_produk, atribut_varian, sku, nilai) VALUES (68, 'WARNA', 'SKU000130', 'Coklat');
INSERT IGNORE INTO VarianProduk (sku, id_produk, harga, stok) VALUES ('SKU000131', 68, 2009171.62, 55);
INSERT IGNORE INTO ProdukVarianAtribut (id_produk, atribut_varian, sku, nilai) VALUES (68, 'JENIS_KAIN', 'SKU000131', 'Flanel');
INSERT IGNORE INTO ProdukVarianAtribut (id_produk, atribut_varian, sku, nilai) VALUES (68, 'RESOLUSI_LAYAR', 'SKU000131', 'HD');
INSERT IGNORE INTO ProdukVarianAtribut (id_produk, atribut_varian, sku, nilai) VALUES (68, 'MATERIAL', 'SKU000131', 'Katun Combed 30s');
INSERT IGNORE INTO Produk (id_produk, id_penjual, nama, deskripsi) VALUES (69, 41, 'Enhance Real-Time Web-Readiness Modern', 'Qui similique aut quos. Nam minus reprehenderit illo.');
INSERT IGNORE INTO VarianProduk (sku, id_produk, harga, stok) VALUES ('SKU000132', 69, 765554.65, 64);
INSERT IGNORE INTO ProdukVarianAtribut (id_produk, atribut_varian, sku, nilai) VALUES (69, 'STORAGE_INTERNAL', 'SKU000132', '64GB');
INSERT IGNORE INTO ProdukVarianAtribut (id_produk, atribut_varian, sku, nilai) VALUES (69, 'WARNA', 'SKU000132', 'Nila');
INSERT IGNORE INTO ProdukVarianAtribut (id_produk, atribut_varian, sku, nilai) VALUES (69, 'RAM', 'SKU000132', '16GB');
INSERT IGNORE INTO VarianProduk (sku, id_produk, harga, stok) VALUES ('SKU000133', 69, 1543866.08, 39);
INSERT IGNORE INTO ProdukVarianAtribut (id_produk, atribut_varian, sku, nilai) VALUES (69, 'STORAGE_INTERNAL', 'SKU000133', '128GB');
INSERT IGNORE INTO ProdukVarianAtribut (id_produk, atribut_varian, sku, nilai) VALUES (69, 'MATERIAL', 'SKU000133', 'Plastik ABS Food Grade');
INSERT IGNORE INTO ProdukVarianAtribut (id_produk, atribut_varian, sku, nilai) VALUES (69, 'UKURAN', 'SKU000133', '42');
INSERT IGNORE INTO Produk (id_produk, id_penjual, nama, deskripsi) VALUES (70, 46, 'Aggregate Global Synergies Modern', 'Hic voluptates mollitia praesentium dicta enim. Amet cumque magnam rem.');
INSERT IGNORE INTO VarianProduk (sku, id_produk, harga, stok) VALUES ('SKU000134', 70, 85871.58, 30);
INSERT IGNORE INTO ProdukVarianAtribut (id_produk, atribut_varian, sku, nilai) VALUES (70, 'JENIS_KAIN', 'SKU000134', 'Flanel');
INSERT IGNORE INTO ProdukVarianAtribut (id_produk, atribut_varian, sku, nilai) VALUES (70, 'MATERIAL', 'SKU000134', 'Kulit Sintetis PU');
INSERT IGNORE INTO Produk (id_produk, id_penjual, nama, deskripsi) VALUES (71, 8, 'Re-Intermediate B2C Roi Modern', 'Consequuntur et culpa ad quam tempora.');
INSERT IGNORE INTO VarianProduk (sku, id_produk, harga, stok) VALUES ('SKU000135', 71, 2636713.37, 53);
INSERT IGNORE INTO ProdukVarianAtribut (id_produk, atribut_varian, sku, nilai) VALUES (71, 'STORAGE_INTERNAL', 'SKU000135', '1TB');
INSERT IGNORE INTO ProdukVarianAtribut (id_produk, atribut_varian, sku, nilai) VALUES (71, 'UKURAN', 'SKU000135', 'S');
INSERT IGNORE INTO VarianProduk (sku, id_produk, harga, stok) VALUES ('SKU000136', 71, 1679650.01, 61);
INSERT IGNORE INTO ProdukVarianAtribut (id_produk, atribut_varian, sku, nilai) VALUES (71, 'RAM', 'SKU000136', '16GB');
INSERT IGNORE INTO ProdukVarianAtribut (id_produk, atribut_varian, sku, nilai) VALUES (71, 'JENIS_KAIN', 'SKU000136', 'Satin');
INSERT IGNORE INTO ProdukVarianAtribut (id_produk, atribut_varian, sku, nilai) VALUES (71, 'WARNA', 'SKU000136', 'Merah bata');
INSERT IGNORE INTO Produk (id_produk, id_penjual, nama, deskripsi) VALUES (72, 31, 'Grow B2C Relationships Premium', 'Laudantium quibusdam fuga sequi corrupti assumenda atque ipsa. In sequi suscipit voluptatibus dolorem rerum ullam quos.');
INSERT IGNORE INTO VarianProduk (sku, id_produk, harga, stok) VALUES ('SKU000137', 72, 1738446.4, 86);
INSERT IGNORE INTO ProdukVarianAtribut (id_produk, atribut_varian, sku, nilai) VALUES (72, 'RAM', 'SKU000137', '32GB');
INSERT IGNORE INTO ProdukVarianAtribut (id_produk, atribut_varian, sku, nilai) VALUES (72, 'UKURAN', 'SKU000137', 'S');
INSERT IGNORE INTO Produk (id_produk, id_penjual, nama, deskripsi) VALUES (73, 29, 'Cultivate Web-Enabled Action-Items Serbaguna', 'Repellendus rem earum vero tempora sapiente.');
INSERT IGNORE INTO VarianProduk (sku, id_produk, harga, stok) VALUES ('SKU000138', 73, 1497364.25, 137);
INSERT IGNORE INTO ProdukVarianAtribut (id_produk, atribut_varian, sku, nilai) VALUES (73, 'UKURAN', 'SKU000138', '38');
INSERT IGNORE INTO VarianProduk (sku, id_produk, harga, stok) VALUES ('SKU000139', 73, 1422698.23, 104);
INSERT IGNORE INTO ProdukVarianAtribut (id_produk, atribut_varian, sku, nilai) VALUES (73, 'STORAGE_INTERNAL', 'SKU000139', '64GB');
INSERT IGNORE INTO VarianProduk (sku, id_produk, harga, stok) VALUES ('SKU000140', 73, 2872516.96, 31);
INSERT IGNORE INTO ProdukVarianAtribut (id_produk, atribut_varian, sku, nilai) VALUES (73, 'RAM', 'SKU000140', '16GB');
INSERT IGNORE INTO ProdukVarianAtribut (id_produk, atribut_varian, sku, nilai) VALUES (73, 'MATERIAL', 'SKU000140', 'Plastik ABS Food Grade');
INSERT IGNORE INTO ProdukVarianAtribut (id_produk, atribut_varian, sku, nilai) VALUES (73, 'WARNA', 'SKU000140', 'Abu-abu');
INSERT IGNORE INTO Produk (id_produk, id_penjual, nama, deskripsi) VALUES (74, 46, 'Architect Synergistic Web-Readiness Edisi Terbatas', 'Quo veniam cum blanditiis assumenda.');
INSERT IGNORE INTO VarianProduk (sku, id_produk, harga, stok) VALUES ('SKU000141', 74, 896091.8, 14);
INSERT IGNORE INTO ProdukVarianAtribut (id_produk, atribut_varian, sku, nilai) VALUES (74, 'UKURAN', 'SKU000141', 'L');
INSERT IGNORE INTO ProdukVarianAtribut (id_produk, atribut_varian, sku, nilai) VALUES (74, 'RESOLUSI_LAYAR', 'SKU000141', 'QHD');
INSERT IGNORE INTO VarianProduk (sku, id_produk, harga, stok) VALUES ('SKU000142', 74, 62042.17, 41);
INSERT IGNORE INTO ProdukVarianAtribut (id_produk, atribut_varian, sku, nilai) VALUES (74, 'STORAGE_INTERNAL', 'SKU000142', '64GB');
INSERT IGNORE INTO ProdukVarianAtribut (id_produk, atribut_varian, sku, nilai) VALUES (74, 'WARNA', 'SKU000142', 'Merah jambu');
INSERT IGNORE INTO Produk (id_produk, id_penjual, nama, deskripsi) VALUES (75, 4, 'Brand Strategic Technologies Premium', 'Voluptatem esse non nemo ad. Vel accusamus odit dolorem ipsum. Perspiciatis veniam laborum officiis esse atque consectetur.');
INSERT IGNORE INTO VarianProduk (sku, id_produk, harga, stok) VALUES ('SKU000143', 75, 1630551.87, 126);
INSERT IGNORE INTO ProdukVarianAtribut (id_produk, atribut_varian, sku, nilai) VALUES (75, 'UKURAN', 'SKU000143', 'S');
INSERT IGNORE INTO Produk (id_produk, id_penjual, nama, deskripsi) VALUES (76, 12, 'Scale Virtual Platforms Premium', 'Consequuntur hic totam soluta illum esse. Eius deleniti aliquam est maxime maxime esse.');
INSERT IGNORE INTO VarianProduk (sku, id_produk, harga, stok) VALUES ('SKU000144', 76, 1448911.18, 76);
INSERT IGNORE INTO ProdukVarianAtribut (id_produk, atribut_varian, sku, nilai) VALUES (76, 'JENIS_KAIN', 'SKU000144', 'Satin');
INSERT IGNORE INTO ProdukVarianAtribut (id_produk, atribut_varian, sku, nilai) VALUES (76, 'STORAGE_INTERNAL', 'SKU000144', '128GB');
INSERT IGNORE INTO ProdukVarianAtribut (id_produk, atribut_varian, sku, nilai) VALUES (76, 'RAM', 'SKU000144', '4GB');
INSERT IGNORE INTO Produk (id_produk, id_penjual, nama, deskripsi) VALUES (77, 2, 'Enhance Distributed Portals Serbaguna', 'Est exercitationem odit delectus quas earum. Asperiores asperiores unde temporibus.');
INSERT IGNORE INTO VarianProduk (sku, id_produk, harga, stok) VALUES ('SKU000145', 77, 1591049.6, 13);
INSERT IGNORE INTO ProdukVarianAtribut (id_produk, atribut_varian, sku, nilai) VALUES (77, 'WARNA', 'SKU000145', 'Koral');
INSERT IGNORE INTO ProdukVarianAtribut (id_produk, atribut_varian, sku, nilai) VALUES (77, 'RAM', 'SKU000145', '8GB');
INSERT IGNORE INTO ProdukVarianAtribut (id_produk, atribut_varian, sku, nilai) VALUES (77, 'JENIS_KAIN', 'SKU000145', 'Denim');
INSERT IGNORE INTO VarianProduk (sku, id_produk, harga, stok) VALUES ('SKU000146', 77, 1523760.83, 132);
INSERT IGNORE INTO ProdukVarianAtribut (id_produk, atribut_varian, sku, nilai) VALUES (77, 'UKURAN', 'SKU000146', 'XXL');
INSERT IGNORE INTO ProdukVarianAtribut (id_produk, atribut_varian, sku, nilai) VALUES (77, 'JENIS_KAIN', 'SKU000146', 'Satin');
INSERT IGNORE INTO VarianProduk (sku, id_produk, harga, stok) VALUES ('SKU000147', 77, 929408.64, 43);
INSERT IGNORE INTO ProdukVarianAtribut (id_produk, atribut_varian, sku, nilai) VALUES (77, 'MATERIAL', 'SKU000147', 'Kanvas Tebal');
INSERT IGNORE INTO ProdukVarianAtribut (id_produk, atribut_varian, sku, nilai) VALUES (77, 'WARNA', 'SKU000147', 'Merah jambu');
INSERT IGNORE INTO ProdukVarianAtribut (id_produk, atribut_varian, sku, nilai) VALUES (77, 'UKURAN', 'SKU000147', 'L');
INSERT IGNORE INTO Produk (id_produk, id_penjual, nama, deskripsi) VALUES (78, 44, 'Target Killer E-Business Serbaguna', 'Amet ipsa cupiditate iusto reiciendis. Tempore veniam perspiciatis reiciendis accusamus repellat dolore dolorem.');
INSERT IGNORE INTO VarianProduk (sku, id_produk, harga, stok) VALUES ('SKU000148', 78, 1329825.16, 23);
INSERT IGNORE INTO ProdukVarianAtribut (id_produk, atribut_varian, sku, nilai) VALUES (78, 'UKURAN', 'SKU000148', 'S');
INSERT IGNORE INTO ProdukVarianAtribut (id_produk, atribut_varian, sku, nilai) VALUES (78, 'STORAGE_INTERNAL', 'SKU000148', '64GB');
INSERT IGNORE INTO ProdukVarianAtribut (id_produk, atribut_varian, sku, nilai) VALUES (78, 'RAM', 'SKU000148', '8GB');
INSERT IGNORE INTO Produk (id_produk, id_penjual, nama, deskripsi) VALUES (79, 10, 'Leverage Bricks-And-Clicks Partnerships Edisi Terbatas', 'Iste consectetur voluptas sapiente adipisci rem maiores atque. Porro quod quia qui ratione. Exercitationem occaecati corporis.');
INSERT IGNORE INTO VarianProduk (sku, id_produk, harga, stok) VALUES ('SKU000149', 79, 2587307.83, 72);
INSERT IGNORE INTO ProdukVarianAtribut (id_produk, atribut_varian, sku, nilai) VALUES (79, 'MATERIAL', 'SKU000149', 'Stainless Steel 304');
INSERT IGNORE INTO ProdukVarianAtribut (id_produk, atribut_varian, sku, nilai) VALUES (79, 'RAM', 'SKU000149', '32GB');
INSERT IGNORE INTO ProdukVarianAtribut (id_produk, atribut_varian, sku, nilai) VALUES (79, 'JENIS_KAIN', 'SKU000149', 'Rayon');
INSERT IGNORE INTO VarianProduk (sku, id_produk, harga, stok) VALUES ('SKU000150', 79, 540612.03, 77);
INSERT IGNORE INTO ProdukVarianAtribut (id_produk, atribut_varian, sku, nilai) VALUES (79, 'MATERIAL', 'SKU000150', 'Katun Combed 30s');
INSERT IGNORE INTO ProdukVarianAtribut (id_produk, atribut_varian, sku, nilai) VALUES (79, 'JENIS_KAIN', 'SKU000150', 'Satin');
INSERT IGNORE INTO ProdukVarianAtribut (id_produk, atribut_varian, sku, nilai) VALUES (79, 'STORAGE_INTERNAL', 'SKU000150', '256GB');
INSERT IGNORE INTO Produk (id_produk, id_penjual, nama, deskripsi) VALUES (80, 34, 'Engineer Cross-Media Eyeballs Premium', 'Non quaerat aspernatur libero repudiandae. Alias tempora asperiores laborum minus minus.');
INSERT IGNORE INTO VarianProduk (sku, id_produk, harga, stok) VALUES ('SKU000151', 80, 1932207.56, 36);
INSERT IGNORE INTO ProdukVarianAtribut (id_produk, atribut_varian, sku, nilai) VALUES (80, 'STORAGE_INTERNAL', 'SKU000151', '64GB');
INSERT IGNORE INTO ProdukVarianAtribut (id_produk, atribut_varian, sku, nilai) VALUES (80, 'UKURAN', 'SKU000151', '40');
INSERT IGNORE INTO Produk (id_produk, id_penjual, nama, deskripsi) VALUES (81, 36, 'Transition Dot-Com Users Premium', 'Dolorem qui asperiores nobis. Distinctio rem consequatur veniam molestias quam.');
INSERT IGNORE INTO VarianProduk (sku, id_produk, harga, stok) VALUES ('SKU000152', 81, 1053420.21, 88);
INSERT IGNORE INTO ProdukVarianAtribut (id_produk, atribut_varian, sku, nilai) VALUES (81, 'MATERIAL', 'SKU000152', 'Plastik ABS Food Grade');
INSERT IGNORE INTO VarianProduk (sku, id_produk, harga, stok) VALUES ('SKU000153', 81, 459807.62, 116);
INSERT IGNORE INTO ProdukVarianAtribut (id_produk, atribut_varian, sku, nilai) VALUES (81, 'RESOLUSI_LAYAR', 'SKU000153', 'FHD');
INSERT IGNORE INTO Produk (id_produk, id_penjual, nama, deskripsi) VALUES (82, 4, 'Mesh End-To-End Technologies Edisi Terbatas', 'Corrupti delectus aliquam aliquam voluptatum incidunt quidem. Laudantium repudiandae porro error impedit.');
INSERT IGNORE INTO VarianProduk (sku, id_produk, harga, stok) VALUES ('SKU000154', 82, 800807.96, 84);
INSERT IGNORE INTO ProdukVarianAtribut (id_produk, atribut_varian, sku, nilai) VALUES (82, 'RAM', 'SKU000154', '16GB');
INSERT IGNORE INTO ProdukVarianAtribut (id_produk, atribut_varian, sku, nilai) VALUES (82, 'JENIS_KAIN', 'SKU000154', 'Denim');
INSERT IGNORE INTO Produk (id_produk, id_penjual, nama, deskripsi) VALUES (83, 43, 'Cultivate Cross-Platform Paradigms Modern', 'Facere amet culpa esse dicta. Similique sequi omnis iure eos. Repudiandae quasi praesentium temporibus laboriosam ducimus.');
INSERT IGNORE INTO VarianProduk (sku, id_produk, harga, stok) VALUES ('SKU000155', 83, 249697.47, 132);
INSERT IGNORE INTO ProdukVarianAtribut (id_produk, atribut_varian, sku, nilai) VALUES (83, 'RAM', 'SKU000155', '4GB');
INSERT IGNORE INTO ProdukVarianAtribut (id_produk, atribut_varian, sku, nilai) VALUES (83, 'WARNA', 'SKU000155', 'Biru laut');
INSERT IGNORE INTO ProdukVarianAtribut (id_produk, atribut_varian, sku, nilai) VALUES (83, 'MATERIAL', 'SKU000155', 'Kulit Sintetis PU');
INSERT IGNORE INTO Produk (id_produk, id_penjual, nama, deskripsi) VALUES (84, 43, 'Enhance Impactful Applications Modern', 'In vel tenetur voluptatibus earum aut facere. Eius accusamus amet amet. Iusto assumenda reprehenderit nulla. Iusto sequi rerum quas veniam earum ex.');
INSERT IGNORE INTO VarianProduk (sku, id_produk, harga, stok) VALUES ('SKU000156', 84, 228261.77, 18);
INSERT IGNORE INTO ProdukVarianAtribut (id_produk, atribut_varian, sku, nilai) VALUES (84, 'RAM', 'SKU000156', '32GB');
INSERT IGNORE INTO VarianProduk (sku, id_produk, harga, stok) VALUES ('SKU000157', 84, 2820956.05, 91);
INSERT IGNORE INTO ProdukVarianAtribut (id_produk, atribut_varian, sku, nilai) VALUES (84, 'MATERIAL', 'SKU000157', 'Kulit Sintetis PU');
INSERT IGNORE INTO VarianProduk (sku, id_produk, harga, stok) VALUES ('SKU000158', 84, 428719.48, 117);
INSERT IGNORE INTO ProdukVarianAtribut (id_produk, atribut_varian, sku, nilai) VALUES (84, 'RAM', 'SKU000158', '4GB');
INSERT IGNORE INTO Produk (id_produk, id_penjual, nama, deskripsi) VALUES (85, 38, 'Maximize Leading-Edge Infrastructures Premium', 'Unde debitis totam dicta expedita.');
INSERT IGNORE INTO VarianProduk (sku, id_produk, harga, stok) VALUES ('SKU000159', 85, 2549982.06, 7);
INSERT IGNORE INTO ProdukVarianAtribut (id_produk, atribut_varian, sku, nilai) VALUES (85, 'JENIS_KAIN', 'SKU000159', 'Satin');
INSERT IGNORE INTO VarianProduk (sku, id_produk, harga, stok) VALUES ('SKU000160', 85, 828533.5, 39);
INSERT IGNORE INTO ProdukVarianAtribut (id_produk, atribut_varian, sku, nilai) VALUES (85, 'MATERIAL', 'SKU000160', 'Polyester Blend');
INSERT IGNORE INTO Produk (id_produk, id_penjual, nama, deskripsi) VALUES (86, 3, 'Harness Holistic Portals Serbaguna', 'Consequuntur quis debitis architecto. Inventore cupiditate quasi expedita blanditiis dolorum.');
INSERT IGNORE INTO VarianProduk (sku, id_produk, harga, stok) VALUES ('SKU000161', 86, 205250.98, 82);
INSERT IGNORE INTO ProdukVarianAtribut (id_produk, atribut_varian, sku, nilai) VALUES (86, 'UKURAN', 'SKU000161', 'XXL');
INSERT IGNORE INTO ProdukVarianAtribut (id_produk, atribut_varian, sku, nilai) VALUES (86, 'JENIS_KAIN', 'SKU000161', 'Flanel');
INSERT IGNORE INTO VarianProduk (sku, id_produk, harga, stok) VALUES ('SKU000162', 86, 1420734.19, 52);
INSERT IGNORE INTO ProdukVarianAtribut (id_produk, atribut_varian, sku, nilai) VALUES (86, 'MATERIAL', 'SKU000162', 'Stainless Steel 304');
INSERT IGNORE INTO VarianProduk (sku, id_produk, harga, stok) VALUES ('SKU000163', 86, 247399.22, 118);
INSERT IGNORE INTO ProdukVarianAtribut (id_produk, atribut_varian, sku, nilai) VALUES (86, 'MATERIAL', 'SKU000163', 'Stainless Steel 304');
INSERT IGNORE INTO ProdukVarianAtribut (id_produk, atribut_varian, sku, nilai) VALUES (86, 'WARNA', 'SKU000163', 'Biru dongker');
INSERT IGNORE INTO ProdukVarianAtribut (id_produk, atribut_varian, sku, nilai) VALUES (86, 'RAM', 'SKU000163', '12GB');
INSERT IGNORE INTO Produk (id_produk, id_penjual, nama, deskripsi) VALUES (87, 5, 'Exploit Mission-Critical Relationships Premium', 'Quasi quasi officiis temporibus ad impedit. Sed et libero vitae.');
INSERT IGNORE INTO VarianProduk (sku, id_produk, harga, stok) VALUES ('SKU000164', 87, 1802260.33, 134);
INSERT IGNORE INTO ProdukVarianAtribut (id_produk, atribut_varian, sku, nilai) VALUES (87, 'STORAGE_INTERNAL', 'SKU000164', '256GB');
INSERT IGNORE INTO VarianProduk (sku, id_produk, harga, stok) VALUES ('SKU000165', 87, 694196.98, 74);
INSERT IGNORE INTO ProdukVarianAtribut (id_produk, atribut_varian, sku, nilai) VALUES (87, 'UKURAN', 'SKU000165', '40');
INSERT IGNORE INTO ProdukVarianAtribut (id_produk, atribut_varian, sku, nilai) VALUES (87, 'RAM', 'SKU000165', '16GB');
INSERT IGNORE INTO ProdukVarianAtribut (id_produk, atribut_varian, sku, nilai) VALUES (87, 'STORAGE_INTERNAL', 'SKU000165', '512GB');
INSERT IGNORE INTO Produk (id_produk, id_penjual, nama, deskripsi) VALUES (88, 42, 'Extend Real-Time Initiatives Modern', 'Nam facere id officiis velit dolorem error. Deserunt pariatur consequatur eius quos error tempore. In neque eligendi repellendus accusamus. Natus vero adipisci praesentium. Labore quam nihil eaque numquam.');
INSERT IGNORE INTO VarianProduk (sku, id_produk, harga, stok) VALUES ('SKU000166', 88, 2969468.97, 100);
INSERT IGNORE INTO ProdukVarianAtribut (id_produk, atribut_varian, sku, nilai) VALUES (88, 'JENIS_KAIN', 'SKU000166', 'Flanel');
INSERT IGNORE INTO ProdukVarianAtribut (id_produk, atribut_varian, sku, nilai) VALUES (88, 'MATERIAL', 'SKU000166', 'Kulit Sintetis PU');
INSERT IGNORE INTO Produk (id_produk, id_penjual, nama, deskripsi) VALUES (89, 23, 'Enable Global Deliverables Modern', 'Consequuntur nostrum voluptates. Ipsam velit in quis sapiente tempora ipsum.');
INSERT IGNORE INTO VarianProduk (sku, id_produk, harga, stok) VALUES ('SKU000167', 89, 1031710.17, 0);
INSERT IGNORE INTO ProdukVarianAtribut (id_produk, atribut_varian, sku, nilai) VALUES (89, 'STORAGE_INTERNAL', 'SKU000167', '1TB');
INSERT IGNORE INTO VarianProduk (sku, id_produk, harga, stok) VALUES ('SKU000168', 89, 2462254.41, 10);
INSERT IGNORE INTO ProdukVarianAtribut (id_produk, atribut_varian, sku, nilai) VALUES (89, 'MATERIAL', 'SKU000168', 'Plastik ABS Food Grade');
INSERT IGNORE INTO ProdukVarianAtribut (id_produk, atribut_varian, sku, nilai) VALUES (89, 'RAM', 'SKU000168', '4GB');
INSERT IGNORE INTO VarianProduk (sku, id_produk, harga, stok) VALUES ('SKU000169', 89, 1205007.92, 108);
INSERT IGNORE INTO ProdukVarianAtribut (id_produk, atribut_varian, sku, nilai) VALUES (89, 'MATERIAL', 'SKU000169', 'Stainless Steel 304');
INSERT IGNORE INTO Produk (id_produk, id_penjual, nama, deskripsi) VALUES (90, 27, 'Incentivize Impactful Applications Edisi Terbatas', 'Cupiditate adipisci assumenda doloremque deleniti.');
INSERT IGNORE INTO VarianProduk (sku, id_produk, harga, stok) VALUES ('SKU000170', 90, 878422.27, 68);
INSERT IGNORE INTO ProdukVarianAtribut (id_produk, atribut_varian, sku, nilai) VALUES (90, 'WARNA', 'SKU000170', 'Magenta');
INSERT IGNORE INTO VarianProduk (sku, id_produk, harga, stok) VALUES ('SKU000171', 90, 2552833.15, 67);
INSERT IGNORE INTO ProdukVarianAtribut (id_produk, atribut_varian, sku, nilai) VALUES (90, 'RESOLUSI_LAYAR', 'SKU000171', 'HD');
INSERT IGNORE INTO ProdukVarianAtribut (id_produk, atribut_varian, sku, nilai) VALUES (90, 'RAM', 'SKU000171', '32GB');
INSERT IGNORE INTO Produk (id_produk, id_penjual, nama, deskripsi) VALUES (91, 7, 'Target Visionary Solutions Serbaguna', 'Quam dicta labore dicta totam. Blanditiis consectetur illum omnis dolore mollitia.');
INSERT IGNORE INTO VarianProduk (sku, id_produk, harga, stok) VALUES ('SKU000172', 91, 1124716.48, 36);
INSERT IGNORE INTO ProdukVarianAtribut (id_produk, atribut_varian, sku, nilai) VALUES (91, 'WARNA', 'SKU000172', 'Hijau');
INSERT IGNORE INTO ProdukVarianAtribut (id_produk, atribut_varian, sku, nilai) VALUES (91, 'RESOLUSI_LAYAR', 'SKU000172', 'QHD');
INSERT IGNORE INTO ProdukVarianAtribut (id_produk, atribut_varian, sku, nilai) VALUES (91, 'RAM', 'SKU000172', '4GB');
INSERT IGNORE INTO Produk (id_produk, id_penjual, nama, deskripsi) VALUES (92, 7, 'Synthesize 24/365 E-Markets Modern', 'Dolor beatae deleniti ipsam. Enim impedit dolorem dolorem. Voluptatum inventore perferendis repellat.');
INSERT IGNORE INTO VarianProduk (sku, id_produk, harga, stok) VALUES ('SKU000173', 92, 594859.9, 138);
INSERT IGNORE INTO ProdukVarianAtribut (id_produk, atribut_varian, sku, nilai) VALUES (92, 'RAM', 'SKU000173', '16GB');
INSERT IGNORE INTO ProdukVarianAtribut (id_produk, atribut_varian, sku, nilai) VALUES (92, 'WARNA', 'SKU000173', 'Kuning');
INSERT IGNORE INTO ProdukVarianAtribut (id_produk, atribut_varian, sku, nilai) VALUES (92, 'UKURAN', 'SKU000173', 'XXL');
INSERT IGNORE INTO VarianProduk (sku, id_produk, harga, stok) VALUES ('SKU000174', 92, 1303605.24, 141);
INSERT IGNORE INTO ProdukVarianAtribut (id_produk, atribut_varian, sku, nilai) VALUES (92, 'UKURAN', 'SKU000174', '41');
INSERT IGNORE INTO ProdukVarianAtribut (id_produk, atribut_varian, sku, nilai) VALUES (92, 'RESOLUSI_LAYAR', 'SKU000174', 'QHD');
INSERT IGNORE INTO VarianProduk (sku, id_produk, harga, stok) VALUES ('SKU000175', 92, 17654.74, 29);
INSERT IGNORE INTO ProdukVarianAtribut (id_produk, atribut_varian, sku, nilai) VALUES (92, 'MATERIAL', 'SKU000175', 'Stainless Steel 304');
INSERT IGNORE INTO ProdukVarianAtribut (id_produk, atribut_varian, sku, nilai) VALUES (92, 'UKURAN', 'SKU000175', 'M');
INSERT IGNORE INTO Produk (id_produk, id_penjual, nama, deskripsi) VALUES (93, 49, 'Revolutionize Dot-Com Functionalities Serbaguna', 'Totam sapiente quia nesciunt maiores soluta. Repudiandae nulla vel officiis.');
INSERT IGNORE INTO VarianProduk (sku, id_produk, harga, stok) VALUES ('SKU000176', 93, 2003560.76, 11);
INSERT IGNORE INTO ProdukVarianAtribut (id_produk, atribut_varian, sku, nilai) VALUES (93, 'MATERIAL', 'SKU000176', 'Katun Combed 30s');
INSERT IGNORE INTO ProdukVarianAtribut (id_produk, atribut_varian, sku, nilai) VALUES (93, 'JENIS_KAIN', 'SKU000176', 'Satin');
INSERT IGNORE INTO VarianProduk (sku, id_produk, harga, stok) VALUES ('SKU000177', 93, 1166382.21, 26);
INSERT IGNORE INTO ProdukVarianAtribut (id_produk, atribut_varian, sku, nilai) VALUES (93, 'RAM', 'SKU000177', '4GB');
INSERT IGNORE INTO ProdukVarianAtribut (id_produk, atribut_varian, sku, nilai) VALUES (93, 'JENIS_KAIN', 'SKU000177', 'Flanel');
INSERT IGNORE INTO ProdukVarianAtribut (id_produk, atribut_varian, sku, nilai) VALUES (93, 'STORAGE_INTERNAL', 'SKU000177', '512GB');
INSERT IGNORE INTO VarianProduk (sku, id_produk, harga, stok) VALUES ('SKU000178', 93, 2311353.95, 42);
INSERT IGNORE INTO ProdukVarianAtribut (id_produk, atribut_varian, sku, nilai) VALUES (93, 'UKURAN', 'SKU000178', 'XXL');
INSERT IGNORE INTO ProdukVarianAtribut (id_produk, atribut_varian, sku, nilai) VALUES (93, 'RAM', 'SKU000178', '8GB');
INSERT IGNORE INTO ProdukVarianAtribut (id_produk, atribut_varian, sku, nilai) VALUES (93, 'JENIS_KAIN', 'SKU000178', 'Rayon');
INSERT IGNORE INTO Produk (id_produk, id_penjual, nama, deskripsi) VALUES (94, 30, 'Morph Integrated Paradigms Edisi Terbatas', 'Odio quidem pariatur doloribus quo enim pariatur ea. Asperiores cumque vel et accusamus similique ad impedit.');
INSERT IGNORE INTO VarianProduk (sku, id_produk, harga, stok) VALUES ('SKU000179', 94, 1135295.14, 115);
INSERT IGNORE INTO ProdukVarianAtribut (id_produk, atribut_varian, sku, nilai) VALUES (94, 'STORAGE_INTERNAL', 'SKU000179', '256GB');
INSERT IGNORE INTO ProdukVarianAtribut (id_produk, atribut_varian, sku, nilai) VALUES (94, 'RESOLUSI_LAYAR', 'SKU000179', 'HD');
INSERT IGNORE INTO VarianProduk (sku, id_produk, harga, stok) VALUES ('SKU000180', 94, 80444.81, 117);
INSERT IGNORE INTO ProdukVarianAtribut (id_produk, atribut_varian, sku, nilai) VALUES (94, 'RAM', 'SKU000180', '16GB');
INSERT IGNORE INTO Produk (id_produk, id_penjual, nama, deskripsi) VALUES (95, 21, 'Re-Intermediate World-Class Experiences Serbaguna', 'Error expedita nulla illo dicta necessitatibus. Nam atque velit ea fugit adipisci. Quibusdam voluptatum vero totam.');
INSERT IGNORE INTO VarianProduk (sku, id_produk, harga, stok) VALUES ('SKU000181', 95, 2291649.88, 59);
INSERT IGNORE INTO ProdukVarianAtribut (id_produk, atribut_varian, sku, nilai) VALUES (95, 'UKURAN', 'SKU000181', '40');
INSERT IGNORE INTO ProdukVarianAtribut (id_produk, atribut_varian, sku, nilai) VALUES (95, 'RESOLUSI_LAYAR', 'SKU000181', 'HD');
INSERT IGNORE INTO VarianProduk (sku, id_produk, harga, stok) VALUES ('SKU000182', 95, 2621297.47, 127);
INSERT IGNORE INTO ProdukVarianAtribut (id_produk, atribut_varian, sku, nilai) VALUES (95, 'UKURAN', 'SKU000182', '38');
INSERT IGNORE INTO ProdukVarianAtribut (id_produk, atribut_varian, sku, nilai) VALUES (95, 'MATERIAL', 'SKU000182', 'Kulit Sintetis PU');
INSERT IGNORE INTO ProdukVarianAtribut (id_produk, atribut_varian, sku, nilai) VALUES (95, 'WARNA', 'SKU000182', 'Kuning');
INSERT IGNORE INTO VarianProduk (sku, id_produk, harga, stok) VALUES ('SKU000183', 95, 107275.76, 72);
INSERT IGNORE INTO ProdukVarianAtribut (id_produk, atribut_varian, sku, nilai) VALUES (95, 'WARNA', 'SKU000183', 'Emas');
INSERT IGNORE INTO ProdukVarianAtribut (id_produk, atribut_varian, sku, nilai) VALUES (95, 'STORAGE_INTERNAL', 'SKU000183', '256GB');
INSERT IGNORE INTO ProdukVarianAtribut (id_produk, atribut_varian, sku, nilai) VALUES (95, 'RESOLUSI_LAYAR', 'SKU000183', 'QHD');
INSERT IGNORE INTO Produk (id_produk, id_penjual, nama, deskripsi) VALUES (96, 31, 'Architect Next-Generation Methodologies Serbaguna', 'Vel sed excepturi cumque nemo. Corporis laboriosam magni recusandae molestias enim atque maiores. Nisi repellat quidem.');
INSERT IGNORE INTO VarianProduk (sku, id_produk, harga, stok) VALUES ('SKU000184', 96, 2123077.69, 0);
INSERT IGNORE INTO ProdukVarianAtribut (id_produk, atribut_varian, sku, nilai) VALUES (96, 'MATERIAL', 'SKU000184', 'Kulit Sintetis PU');
INSERT IGNORE INTO Produk (id_produk, id_penjual, nama, deskripsi) VALUES (97, 38, 'Morph Cross-Media Functionalities Edisi Terbatas', 'Minima non aperiam repudiandae quis. Animi placeat minima minus sequi suscipit. Sunt libero nostrum nemo nesciunt occaecati. Doloremque pariatur magni eligendi quasi libero.');
INSERT IGNORE INTO VarianProduk (sku, id_produk, harga, stok) VALUES ('SKU000185', 97, 740928.62, 31);
INSERT IGNORE INTO ProdukVarianAtribut (id_produk, atribut_varian, sku, nilai) VALUES (97, 'MATERIAL', 'SKU000185', 'Polyester Blend');
INSERT IGNORE INTO ProdukVarianAtribut (id_produk, atribut_varian, sku, nilai) VALUES (97, 'WARNA', 'SKU000185', 'Coklat');
INSERT IGNORE INTO ProdukVarianAtribut (id_produk, atribut_varian, sku, nilai) VALUES (97, 'RAM', 'SKU000185', '4GB');
INSERT IGNORE INTO VarianProduk (sku, id_produk, harga, stok) VALUES ('SKU000186', 97, 2836386.09, 29);
INSERT IGNORE INTO ProdukVarianAtribut (id_produk, atribut_varian, sku, nilai) VALUES (97, 'RESOLUSI_LAYAR', 'SKU000186', 'QHD');
INSERT IGNORE INTO VarianProduk (sku, id_produk, harga, stok) VALUES ('SKU000187', 97, 1484466.9, 63);
INSERT IGNORE INTO ProdukVarianAtribut (id_produk, atribut_varian, sku, nilai) VALUES (97, 'WARNA', 'SKU000187', 'Coklat');
INSERT IGNORE INTO Produk (id_produk, id_penjual, nama, deskripsi) VALUES (98, 28, 'Iterate Compelling Infrastructures Modern', 'Doloremque quis excepturi. Natus fugiat temporibus architecto.');
INSERT IGNORE INTO VarianProduk (sku, id_produk, harga, stok) VALUES ('SKU000188', 98, 1359557.69, 128);
INSERT IGNORE INTO ProdukVarianAtribut (id_produk, atribut_varian, sku, nilai) VALUES (98, 'JENIS_KAIN', 'SKU000188', 'Flanel');
INSERT IGNORE INTO VarianProduk (sku, id_produk, harga, stok) VALUES ('SKU000189', 98, 2213668.47, 42);
INSERT IGNORE INTO ProdukVarianAtribut (id_produk, atribut_varian, sku, nilai) VALUES (98, 'JENIS_KAIN', 'SKU000189', 'Flanel');
INSERT IGNORE INTO ProdukVarianAtribut (id_produk, atribut_varian, sku, nilai) VALUES (98, 'WARNA', 'SKU000189', 'Merah bata');
INSERT IGNORE INTO VarianProduk (sku, id_produk, harga, stok) VALUES ('SKU000190', 98, 2998361.5, 147);
INSERT IGNORE INTO ProdukVarianAtribut (id_produk, atribut_varian, sku, nilai) VALUES (98, 'MATERIAL', 'SKU000190', 'Kulit Sintetis PU');
INSERT IGNORE INTO Produk (id_produk, id_penjual, nama, deskripsi) VALUES (99, 19, 'Morph 24/7 Niches Serbaguna', 'Ratione excepturi veritatis veritatis. Amet in ex vel voluptatum blanditiis.');
INSERT IGNORE INTO VarianProduk (sku, id_produk, harga, stok) VALUES ('SKU000191', 99, 1935926.1, 93);
INSERT IGNORE INTO ProdukVarianAtribut (id_produk, atribut_varian, sku, nilai) VALUES (99, 'MATERIAL', 'SKU000191', 'Katun Combed 30s');
INSERT IGNORE INTO ProdukVarianAtribut (id_produk, atribut_varian, sku, nilai) VALUES (99, 'RESOLUSI_LAYAR', 'SKU000191', '4K');
INSERT IGNORE INTO ProdukVarianAtribut (id_produk, atribut_varian, sku, nilai) VALUES (99, 'JENIS_KAIN', 'SKU000191', 'Flanel');
INSERT IGNORE INTO VarianProduk (sku, id_produk, harga, stok) VALUES ('SKU000192', 99, 277525.84, 23);
INSERT IGNORE INTO ProdukVarianAtribut (id_produk, atribut_varian, sku, nilai) VALUES (99, 'JENIS_KAIN', 'SKU000192', 'Flanel');
INSERT IGNORE INTO ProdukVarianAtribut (id_produk, atribut_varian, sku, nilai) VALUES (99, 'MATERIAL', 'SKU000192', 'Kanvas Tebal');
INSERT IGNORE INTO VarianProduk (sku, id_produk, harga, stok) VALUES ('SKU000193', 99, 2591190.7, 118);
INSERT IGNORE INTO ProdukVarianAtribut (id_produk, atribut_varian, sku, nilai) VALUES (99, 'WARNA', 'SKU000193', 'Perak');
INSERT IGNORE INTO Produk (id_produk, id_penjual, nama, deskripsi) VALUES (100, 35, 'Drive Transparent Channels Serbaguna', 'Facilis ab quasi. Nihil iste dolore minus numquam. Dolorum natus eligendi eius sapiente. Minima vel incidunt numquam cumque adipisci explicabo voluptatem.');
INSERT IGNORE INTO VarianProduk (sku, id_produk, harga, stok) VALUES ('SKU000194', 100, 1462163.28, 30);
INSERT IGNORE INTO ProdukVarianAtribut (id_produk, atribut_varian, sku, nilai) VALUES (100, 'MATERIAL', 'SKU000194', 'Kanvas Tebal');
INSERT IGNORE INTO ProdukVarianAtribut (id_produk, atribut_varian, sku, nilai) VALUES (100, 'RAM', 'SKU000194', '8GB');
INSERT IGNORE INTO VarianProduk (sku, id_produk, harga, stok) VALUES ('SKU000195', 100, 2382276.88, 7);
INSERT IGNORE INTO ProdukVarianAtribut (id_produk, atribut_varian, sku, nilai) VALUES (100, 'JENIS_KAIN', 'SKU000195', 'Rayon');
INSERT IGNORE INTO VarianProduk (sku, id_produk, harga, stok) VALUES ('SKU000196', 100, 563349.47, 73);
INSERT IGNORE INTO ProdukVarianAtribut (id_produk, atribut_varian, sku, nilai) VALUES (100, 'JENIS_KAIN', 'SKU000196', 'Rayon');
INSERT IGNORE INTO ProdukVarianAtribut (id_produk, atribut_varian, sku, nilai) VALUES (100, 'MATERIAL', 'SKU000196', 'Kulit Sintetis PU');
INSERT IGNORE INTO ProdukVarianAtribut (id_produk, atribut_varian, sku, nilai) VALUES (100, 'UKURAN', 'SKU000196', 'M');

-- Gambar
INSERT IGNORE INTO Gambar (id_gambar, gambar) VALUES (1, 'img/item/placeholder_1.jpg');
INSERT IGNORE INTO Gambar (id_gambar, gambar) VALUES (2, 'img/item/placeholder_2.jpg');
INSERT IGNORE INTO Gambar (id_gambar, gambar) VALUES (3, 'img/item/placeholder_3.jpg');
INSERT IGNORE INTO Gambar (id_gambar, gambar) VALUES (4, 'img/item/placeholder_4.jpg');
INSERT IGNORE INTO Gambar (id_gambar, gambar) VALUES (5, 'img/item/placeholder_5.jpg');
INSERT IGNORE INTO Gambar (id_gambar, gambar) VALUES (6, 'img/item/placeholder_6.jpg');
INSERT IGNORE INTO Gambar (id_gambar, gambar) VALUES (7, 'img/item/placeholder_7.jpg');
INSERT IGNORE INTO Gambar (id_gambar, gambar) VALUES (8, 'img/item/placeholder_8.jpg');
INSERT IGNORE INTO Gambar (id_gambar, gambar) VALUES (9, 'img/item/placeholder_9.jpg');
INSERT IGNORE INTO Gambar (id_gambar, gambar) VALUES (10, 'img/item/placeholder_10.jpg');
INSERT IGNORE INTO Gambar (id_gambar, gambar) VALUES (11, 'img/item/placeholder_11.jpg');
INSERT IGNORE INTO Gambar (id_gambar, gambar) VALUES (12, 'img/item/placeholder_12.jpg');
INSERT IGNORE INTO Gambar (id_gambar, gambar) VALUES (13, 'img/item/placeholder_13.jpg');
INSERT IGNORE INTO Gambar (id_gambar, gambar) VALUES (14, 'img/item/placeholder_14.jpg');
INSERT IGNORE INTO Gambar (id_gambar, gambar) VALUES (15, 'img/item/placeholder_15.jpg');
INSERT IGNORE INTO Gambar (id_gambar, gambar) VALUES (16, 'img/item/placeholder_16.jpg');
INSERT IGNORE INTO Gambar (id_gambar, gambar) VALUES (17, 'img/item/placeholder_17.jpg');
INSERT IGNORE INTO Gambar (id_gambar, gambar) VALUES (18, 'img/item/placeholder_18.jpg');
INSERT IGNORE INTO Gambar (id_gambar, gambar) VALUES (19, 'img/item/placeholder_19.jpg');
INSERT IGNORE INTO Gambar (id_gambar, gambar) VALUES (20, 'img/item/placeholder_20.jpg');
INSERT IGNORE INTO Gambar (id_gambar, gambar) VALUES (21, 'img/item/placeholder_21.jpg');
INSERT IGNORE INTO Gambar (id_gambar, gambar) VALUES (22, 'img/item/placeholder_22.jpg');
INSERT IGNORE INTO Gambar (id_gambar, gambar) VALUES (23, 'img/item/placeholder_23.jpg');
INSERT IGNORE INTO Gambar (id_gambar, gambar) VALUES (24, 'img/item/placeholder_24.jpg');
INSERT IGNORE INTO Gambar (id_gambar, gambar) VALUES (25, 'img/item/placeholder_25.jpg');
INSERT IGNORE INTO Gambar (id_gambar, gambar) VALUES (26, 'img/item/placeholder_26.jpg');
INSERT IGNORE INTO Gambar (id_gambar, gambar) VALUES (27, 'img/item/placeholder_27.jpg');
INSERT IGNORE INTO Gambar (id_gambar, gambar) VALUES (28, 'img/item/placeholder_28.jpg');
INSERT IGNORE INTO Gambar (id_gambar, gambar) VALUES (29, 'img/item/placeholder_29.jpg');
INSERT IGNORE INTO Gambar (id_gambar, gambar) VALUES (30, 'img/item/placeholder_30.jpg');
INSERT IGNORE INTO Gambar (id_gambar, gambar) VALUES (31, 'img/item/placeholder_31.jpg');
INSERT IGNORE INTO Gambar (id_gambar, gambar) VALUES (32, 'img/item/placeholder_32.jpg');
INSERT IGNORE INTO Gambar (id_gambar, gambar) VALUES (33, 'img/item/placeholder_33.jpg');
INSERT IGNORE INTO Gambar (id_gambar, gambar) VALUES (34, 'img/item/placeholder_34.jpg');
INSERT IGNORE INTO Gambar (id_gambar, gambar) VALUES (35, 'img/item/placeholder_35.jpg');
INSERT IGNORE INTO Gambar (id_gambar, gambar) VALUES (36, 'img/item/placeholder_36.jpg');
INSERT IGNORE INTO Gambar (id_gambar, gambar) VALUES (37, 'img/item/placeholder_37.jpg');
INSERT IGNORE INTO Gambar (id_gambar, gambar) VALUES (38, 'img/item/placeholder_38.jpg');
INSERT IGNORE INTO Gambar (id_gambar, gambar) VALUES (39, 'img/item/placeholder_39.jpg');
INSERT IGNORE INTO Gambar (id_gambar, gambar) VALUES (40, 'img/item/placeholder_40.jpg');
INSERT IGNORE INTO Gambar (id_gambar, gambar) VALUES (41, 'img/item/placeholder_41.jpg');
INSERT IGNORE INTO Gambar (id_gambar, gambar) VALUES (42, 'img/item/placeholder_42.jpg');
INSERT IGNORE INTO Gambar (id_gambar, gambar) VALUES (43, 'img/item/placeholder_43.jpg');
INSERT IGNORE INTO Gambar (id_gambar, gambar) VALUES (44, 'img/item/placeholder_44.jpg');
INSERT IGNORE INTO Gambar (id_gambar, gambar) VALUES (45, 'img/item/placeholder_45.jpg');
INSERT IGNORE INTO Gambar (id_gambar, gambar) VALUES (46, 'img/item/placeholder_46.jpg');
INSERT IGNORE INTO Gambar (id_gambar, gambar) VALUES (47, 'img/item/placeholder_47.jpg');
INSERT IGNORE INTO Gambar (id_gambar, gambar) VALUES (48, 'img/item/placeholder_48.jpg');
INSERT IGNORE INTO Gambar (id_gambar, gambar) VALUES (49, 'img/item/placeholder_49.jpg');
INSERT IGNORE INTO Gambar (id_gambar, gambar) VALUES (50, 'img/item/placeholder_50.jpg');
INSERT IGNORE INTO Gambar (id_gambar, gambar) VALUES (51, 'img/item/placeholder_51.jpg');
INSERT IGNORE INTO Gambar (id_gambar, gambar) VALUES (52, 'img/item/placeholder_52.jpg');
INSERT IGNORE INTO Gambar (id_gambar, gambar) VALUES (53, 'img/item/placeholder_53.jpg');
INSERT IGNORE INTO Gambar (id_gambar, gambar) VALUES (54, 'img/item/placeholder_54.jpg');
INSERT IGNORE INTO Gambar (id_gambar, gambar) VALUES (55, 'img/item/placeholder_55.jpg');
INSERT IGNORE INTO Gambar (id_gambar, gambar) VALUES (56, 'img/item/placeholder_56.jpg');
INSERT IGNORE INTO Gambar (id_gambar, gambar) VALUES (57, 'img/item/placeholder_57.jpg');
INSERT IGNORE INTO Gambar (id_gambar, gambar) VALUES (58, 'img/item/placeholder_58.jpg');
INSERT IGNORE INTO Gambar (id_gambar, gambar) VALUES (59, 'img/item/placeholder_59.jpg');
INSERT IGNORE INTO Gambar (id_gambar, gambar) VALUES (60, 'img/item/placeholder_60.jpg');
INSERT IGNORE INTO Gambar (id_gambar, gambar) VALUES (61, 'img/item/placeholder_61.jpg');
INSERT IGNORE INTO Gambar (id_gambar, gambar) VALUES (62, 'img/item/placeholder_62.jpg');
INSERT IGNORE INTO Gambar (id_gambar, gambar) VALUES (63, 'img/item/placeholder_63.jpg');
INSERT IGNORE INTO Gambar (id_gambar, gambar) VALUES (64, 'img/item/placeholder_64.jpg');
INSERT IGNORE INTO Gambar (id_gambar, gambar) VALUES (65, 'img/item/placeholder_65.jpg');
INSERT IGNORE INTO Gambar (id_gambar, gambar) VALUES (66, 'img/item/placeholder_66.jpg');
INSERT IGNORE INTO Gambar (id_gambar, gambar) VALUES (67, 'img/item/placeholder_67.jpg');
INSERT IGNORE INTO Gambar (id_gambar, gambar) VALUES (68, 'img/item/placeholder_68.jpg');
INSERT IGNORE INTO Gambar (id_gambar, gambar) VALUES (69, 'img/item/placeholder_69.jpg');
INSERT IGNORE INTO Gambar (id_gambar, gambar) VALUES (70, 'img/item/placeholder_70.jpg');
INSERT IGNORE INTO Gambar (id_gambar, gambar) VALUES (71, 'img/item/placeholder_71.jpg');
INSERT IGNORE INTO Gambar (id_gambar, gambar) VALUES (72, 'img/item/placeholder_72.jpg');
INSERT IGNORE INTO Gambar (id_gambar, gambar) VALUES (73, 'img/item/placeholder_73.jpg');
INSERT IGNORE INTO Gambar (id_gambar, gambar) VALUES (74, 'img/item/placeholder_74.jpg');
INSERT IGNORE INTO Gambar (id_gambar, gambar) VALUES (75, 'img/item/placeholder_75.jpg');
INSERT IGNORE INTO Gambar (id_gambar, gambar) VALUES (76, 'img/item/placeholder_76.jpg');
INSERT IGNORE INTO Gambar (id_gambar, gambar) VALUES (77, 'img/item/placeholder_77.jpg');
INSERT IGNORE INTO Gambar (id_gambar, gambar) VALUES (78, 'img/item/placeholder_78.jpg');
INSERT IGNORE INTO Gambar (id_gambar, gambar) VALUES (79, 'img/item/placeholder_79.jpg');
INSERT IGNORE INTO Gambar (id_gambar, gambar) VALUES (80, 'img/item/placeholder_80.jpg');
INSERT IGNORE INTO Gambar (id_gambar, gambar) VALUES (81, 'img/item/placeholder_81.jpg');
INSERT IGNORE INTO Gambar (id_gambar, gambar) VALUES (82, 'img/item/placeholder_82.jpg');
INSERT IGNORE INTO Gambar (id_gambar, gambar) VALUES (83, 'img/item/placeholder_83.jpg');
INSERT IGNORE INTO Gambar (id_gambar, gambar) VALUES (84, 'img/item/placeholder_84.jpg');
INSERT IGNORE INTO Gambar (id_gambar, gambar) VALUES (85, 'img/item/placeholder_85.jpg');
INSERT IGNORE INTO Gambar (id_gambar, gambar) VALUES (86, 'img/item/placeholder_86.jpg');
INSERT IGNORE INTO Gambar (id_gambar, gambar) VALUES (87, 'img/item/placeholder_87.jpg');
INSERT IGNORE INTO Gambar (id_gambar, gambar) VALUES (88, 'img/item/placeholder_88.jpg');
INSERT IGNORE INTO Gambar (id_gambar, gambar) VALUES (89, 'img/item/placeholder_89.jpg');
INSERT IGNORE INTO Gambar (id_gambar, gambar) VALUES (90, 'img/item/placeholder_90.jpg');
INSERT IGNORE INTO Gambar (id_gambar, gambar) VALUES (91, 'img/item/placeholder_91.jpg');
INSERT IGNORE INTO Gambar (id_gambar, gambar) VALUES (92, 'img/item/placeholder_92.jpg');
INSERT IGNORE INTO Gambar (id_gambar, gambar) VALUES (93, 'img/item/placeholder_93.jpg');
INSERT IGNORE INTO Gambar (id_gambar, gambar) VALUES (94, 'img/item/placeholder_94.jpg');
INSERT IGNORE INTO Gambar (id_gambar, gambar) VALUES (95, 'img/item/placeholder_95.jpg');
INSERT IGNORE INTO Gambar (id_gambar, gambar) VALUES (96, 'img/item/placeholder_96.jpg');
INSERT IGNORE INTO Gambar (id_gambar, gambar) VALUES (97, 'img/item/placeholder_97.jpg');
INSERT IGNORE INTO Gambar (id_gambar, gambar) VALUES (98, 'img/item/placeholder_98.jpg');
INSERT IGNORE INTO Gambar (id_gambar, gambar) VALUES (99, 'img/item/placeholder_99.jpg');
INSERT IGNORE INTO Gambar (id_gambar, gambar) VALUES (100, 'img/item/placeholder_100.jpg');
INSERT IGNORE INTO Gambar (id_gambar, gambar) VALUES (101, 'img/item/placeholder_101.jpg');
INSERT IGNORE INTO Gambar (id_gambar, gambar) VALUES (102, 'img/item/placeholder_102.jpg');
INSERT IGNORE INTO Gambar (id_gambar, gambar) VALUES (103, 'img/item/placeholder_103.jpg');
INSERT IGNORE INTO Gambar (id_gambar, gambar) VALUES (104, 'img/item/placeholder_104.jpg');
INSERT IGNORE INTO Gambar (id_gambar, gambar) VALUES (105, 'img/item/placeholder_105.jpg');
INSERT IGNORE INTO Gambar (id_gambar, gambar) VALUES (106, 'img/item/placeholder_106.jpg');
INSERT IGNORE INTO Gambar (id_gambar, gambar) VALUES (107, 'img/item/placeholder_107.jpg');
INSERT IGNORE INTO Gambar (id_gambar, gambar) VALUES (108, 'img/item/placeholder_108.jpg');
INSERT IGNORE INTO Gambar (id_gambar, gambar) VALUES (109, 'img/item/placeholder_109.jpg');
INSERT IGNORE INTO Gambar (id_gambar, gambar) VALUES (110, 'img/item/placeholder_110.jpg');
INSERT IGNORE INTO Gambar (id_gambar, gambar) VALUES (111, 'img/item/placeholder_111.jpg');
INSERT IGNORE INTO Gambar (id_gambar, gambar) VALUES (112, 'img/item/placeholder_112.jpg');
INSERT IGNORE INTO Gambar (id_gambar, gambar) VALUES (113, 'img/item/placeholder_113.jpg');
INSERT IGNORE INTO Gambar (id_gambar, gambar) VALUES (114, 'img/item/placeholder_114.jpg');
INSERT IGNORE INTO Gambar (id_gambar, gambar) VALUES (115, 'img/item/placeholder_115.jpg');
INSERT IGNORE INTO Gambar (id_gambar, gambar) VALUES (116, 'img/item/placeholder_116.jpg');
INSERT IGNORE INTO Gambar (id_gambar, gambar) VALUES (117, 'img/item/placeholder_117.jpg');
INSERT IGNORE INTO Gambar (id_gambar, gambar) VALUES (118, 'img/item/placeholder_118.jpg');
INSERT IGNORE INTO Gambar (id_gambar, gambar) VALUES (119, 'img/item/placeholder_119.jpg');
INSERT IGNORE INTO Gambar (id_gambar, gambar) VALUES (120, 'img/item/placeholder_120.jpg');
INSERT IGNORE INTO Gambar (id_gambar, gambar) VALUES (121, 'img/item/placeholder_121.jpg');
INSERT IGNORE INTO Gambar (id_gambar, gambar) VALUES (122, 'img/item/placeholder_122.jpg');
INSERT IGNORE INTO Gambar (id_gambar, gambar) VALUES (123, 'img/item/placeholder_123.jpg');
INSERT IGNORE INTO Gambar (id_gambar, gambar) VALUES (124, 'img/item/placeholder_124.jpg');
INSERT IGNORE INTO Gambar (id_gambar, gambar) VALUES (125, 'img/item/placeholder_125.jpg');
INSERT IGNORE INTO Gambar (id_gambar, gambar) VALUES (126, 'img/item/placeholder_126.jpg');
INSERT IGNORE INTO Gambar (id_gambar, gambar) VALUES (127, 'img/item/placeholder_127.jpg');
INSERT IGNORE INTO Gambar (id_gambar, gambar) VALUES (128, 'img/item/placeholder_128.jpg');
INSERT IGNORE INTO Gambar (id_gambar, gambar) VALUES (129, 'img/item/placeholder_129.jpg');
INSERT IGNORE INTO Gambar (id_gambar, gambar) VALUES (130, 'img/item/placeholder_130.jpg');
INSERT IGNORE INTO Gambar (id_gambar, gambar) VALUES (131, 'img/item/placeholder_131.jpg');
INSERT IGNORE INTO Gambar (id_gambar, gambar) VALUES (132, 'img/item/placeholder_132.jpg');
INSERT IGNORE INTO Gambar (id_gambar, gambar) VALUES (133, 'img/item/placeholder_133.jpg');
INSERT IGNORE INTO Gambar (id_gambar, gambar) VALUES (134, 'img/item/placeholder_134.jpg');
INSERT IGNORE INTO Gambar (id_gambar, gambar) VALUES (135, 'img/item/placeholder_135.jpg');
INSERT IGNORE INTO Gambar (id_gambar, gambar) VALUES (136, 'img/item/placeholder_136.jpg');
INSERT IGNORE INTO Gambar (id_gambar, gambar) VALUES (137, 'img/item/placeholder_137.jpg');
INSERT IGNORE INTO Gambar (id_gambar, gambar) VALUES (138, 'img/item/placeholder_138.jpg');
INSERT IGNORE INTO Gambar (id_gambar, gambar) VALUES (139, 'img/item/placeholder_139.jpg');
INSERT IGNORE INTO Gambar (id_gambar, gambar) VALUES (140, 'img/item/placeholder_140.jpg');
INSERT IGNORE INTO Gambar (id_gambar, gambar) VALUES (141, 'img/item/placeholder_141.jpg');
INSERT IGNORE INTO Gambar (id_gambar, gambar) VALUES (142, 'img/item/placeholder_142.jpg');
INSERT IGNORE INTO Gambar (id_gambar, gambar) VALUES (143, 'img/item/placeholder_143.jpg');
INSERT IGNORE INTO Gambar (id_gambar, gambar) VALUES (144, 'img/item/placeholder_144.jpg');
INSERT IGNORE INTO Gambar (id_gambar, gambar) VALUES (145, 'img/item/placeholder_145.jpg');
INSERT IGNORE INTO Gambar (id_gambar, gambar) VALUES (146, 'img/item/placeholder_146.jpg');
INSERT IGNORE INTO Gambar (id_gambar, gambar) VALUES (147, 'img/item/placeholder_147.jpg');
INSERT IGNORE INTO Gambar (id_gambar, gambar) VALUES (148, 'img/item/placeholder_148.jpg');
INSERT IGNORE INTO Gambar (id_gambar, gambar) VALUES (149, 'img/item/placeholder_149.jpg');
INSERT IGNORE INTO Gambar (id_gambar, gambar) VALUES (150, 'img/item/placeholder_150.jpg');
INSERT IGNORE INTO Gambar (id_gambar, gambar) VALUES (151, 'img/item/placeholder_151.jpg');
INSERT IGNORE INTO Gambar (id_gambar, gambar) VALUES (152, 'img/item/placeholder_152.jpg');
INSERT IGNORE INTO Gambar (id_gambar, gambar) VALUES (153, 'img/item/placeholder_153.jpg');
INSERT IGNORE INTO Gambar (id_gambar, gambar) VALUES (154, 'img/item/placeholder_154.jpg');
INSERT IGNORE INTO Gambar (id_gambar, gambar) VALUES (155, 'img/item/placeholder_155.jpg');
INSERT IGNORE INTO Gambar (id_gambar, gambar) VALUES (156, 'img/item/placeholder_156.jpg');
INSERT IGNORE INTO Gambar (id_gambar, gambar) VALUES (157, 'img/item/placeholder_157.jpg');
INSERT IGNORE INTO Gambar (id_gambar, gambar) VALUES (158, 'img/item/placeholder_158.jpg');
INSERT IGNORE INTO Gambar (id_gambar, gambar) VALUES (159, 'img/item/placeholder_159.jpg');
INSERT IGNORE INTO Gambar (id_gambar, gambar) VALUES (160, 'img/item/placeholder_160.jpg');
INSERT IGNORE INTO Gambar (id_gambar, gambar) VALUES (161, 'img/item/placeholder_161.jpg');
INSERT IGNORE INTO Gambar (id_gambar, gambar) VALUES (162, 'img/item/placeholder_162.jpg');
INSERT IGNORE INTO Gambar (id_gambar, gambar) VALUES (163, 'img/item/placeholder_163.jpg');
INSERT IGNORE INTO Gambar (id_gambar, gambar) VALUES (164, 'img/item/placeholder_164.jpg');
INSERT IGNORE INTO Gambar (id_gambar, gambar) VALUES (165, 'img/item/placeholder_165.jpg');
INSERT IGNORE INTO Gambar (id_gambar, gambar) VALUES (166, 'img/item/placeholder_166.jpg');
INSERT IGNORE INTO Gambar (id_gambar, gambar) VALUES (167, 'img/item/placeholder_167.jpg');
INSERT IGNORE INTO Gambar (id_gambar, gambar) VALUES (168, 'img/item/placeholder_168.jpg');
INSERT IGNORE INTO Gambar (id_gambar, gambar) VALUES (169, 'img/item/placeholder_169.jpg');
INSERT IGNORE INTO Gambar (id_gambar, gambar) VALUES (170, 'img/item/placeholder_170.jpg');
INSERT IGNORE INTO Gambar (id_gambar, gambar) VALUES (171, 'img/item/placeholder_171.jpg');
INSERT IGNORE INTO Gambar (id_gambar, gambar) VALUES (172, 'img/item/placeholder_172.jpg');
INSERT IGNORE INTO Gambar (id_gambar, gambar) VALUES (173, 'img/item/placeholder_173.jpg');
INSERT IGNORE INTO Gambar (id_gambar, gambar) VALUES (174, 'img/item/placeholder_174.jpg');
INSERT IGNORE INTO Gambar (id_gambar, gambar) VALUES (175, 'img/item/placeholder_175.jpg');
INSERT IGNORE INTO Gambar (id_gambar, gambar) VALUES (176, 'img/item/placeholder_176.jpg');
INSERT IGNORE INTO Gambar (id_gambar, gambar) VALUES (177, 'img/item/placeholder_177.jpg');
INSERT IGNORE INTO Gambar (id_gambar, gambar) VALUES (178, 'img/item/placeholder_178.jpg');
INSERT IGNORE INTO Gambar (id_gambar, gambar) VALUES (179, 'img/item/placeholder_179.jpg');
INSERT IGNORE INTO Gambar (id_gambar, gambar) VALUES (180, 'img/item/placeholder_180.jpg');
INSERT IGNORE INTO Gambar (id_gambar, gambar) VALUES (181, 'img/item/placeholder_181.jpg');
INSERT IGNORE INTO Gambar (id_gambar, gambar) VALUES (182, 'img/item/placeholder_182.jpg');
INSERT IGNORE INTO Gambar (id_gambar, gambar) VALUES (183, 'img/item/placeholder_183.jpg');
INSERT IGNORE INTO Gambar (id_gambar, gambar) VALUES (184, 'img/item/placeholder_184.jpg');
INSERT IGNORE INTO Gambar (id_gambar, gambar) VALUES (185, 'img/item/placeholder_185.jpg');
INSERT IGNORE INTO Gambar (id_gambar, gambar) VALUES (186, 'img/item/placeholder_186.jpg');
INSERT IGNORE INTO Gambar (id_gambar, gambar) VALUES (187, 'img/item/placeholder_187.jpg');
INSERT IGNORE INTO Gambar (id_gambar, gambar) VALUES (188, 'img/item/placeholder_188.jpg');
INSERT IGNORE INTO Gambar (id_gambar, gambar) VALUES (189, 'img/item/placeholder_189.jpg');
INSERT IGNORE INTO Gambar (id_gambar, gambar) VALUES (190, 'img/item/placeholder_190.jpg');
INSERT IGNORE INTO Gambar (id_gambar, gambar) VALUES (191, 'img/item/placeholder_191.jpg');
INSERT IGNORE INTO Gambar (id_gambar, gambar) VALUES (192, 'img/item/placeholder_192.jpg');
INSERT IGNORE INTO Gambar (id_gambar, gambar) VALUES (193, 'img/item/placeholder_193.jpg');
INSERT IGNORE INTO Gambar (id_gambar, gambar) VALUES (194, 'img/item/placeholder_194.jpg');
INSERT IGNORE INTO Gambar (id_gambar, gambar) VALUES (195, 'img/item/placeholder_195.jpg');
INSERT IGNORE INTO Gambar (id_gambar, gambar) VALUES (196, 'img/item/placeholder_196.jpg');
INSERT IGNORE INTO Gambar (id_gambar, gambar) VALUES (197, 'img/item/placeholder_197.jpg');
INSERT IGNORE INTO Gambar (id_gambar, gambar) VALUES (198, 'img/item/placeholder_198.jpg');
INSERT IGNORE INTO Gambar (id_gambar, gambar) VALUES (199, 'img/item/placeholder_199.jpg');
INSERT IGNORE INTO Gambar (id_gambar, gambar) VALUES (200, 'img/item/placeholder_200.jpg');

-- GambarProduk
INSERT IGNORE INTO GambarProduk (id_produk, id_gambar) VALUES (1, 90);
INSERT IGNORE INTO GambarProduk (id_produk, id_gambar) VALUES (1, 30);
INSERT IGNORE INTO GambarProduk (id_produk, id_gambar) VALUES (1, 85);
INSERT IGNORE INTO GambarProduk (id_produk, id_gambar) VALUES (2, 26);
INSERT IGNORE INTO GambarProduk (id_produk, id_gambar) VALUES (3, 158);
INSERT IGNORE INTO GambarProduk (id_produk, id_gambar) VALUES (3, 25);
INSERT IGNORE INTO GambarProduk (id_produk, id_gambar) VALUES (4, 82);
INSERT IGNORE INTO GambarProduk (id_produk, id_gambar) VALUES (4, 18);
INSERT IGNORE INTO GambarProduk (id_produk, id_gambar) VALUES (4, 24);
INSERT IGNORE INTO GambarProduk (id_produk, id_gambar) VALUES (5, 139);
INSERT IGNORE INTO GambarProduk (id_produk, id_gambar) VALUES (5, 161);
INSERT IGNORE INTO GambarProduk (id_produk, id_gambar) VALUES (5, 183);
INSERT IGNORE INTO GambarProduk (id_produk, id_gambar) VALUES (6, 36);
INSERT IGNORE INTO GambarProduk (id_produk, id_gambar) VALUES (6, 122);
INSERT IGNORE INTO GambarProduk (id_produk, id_gambar) VALUES (7, 16);
INSERT IGNORE INTO GambarProduk (id_produk, id_gambar) VALUES (7, 46);
INSERT IGNORE INTO GambarProduk (id_produk, id_gambar) VALUES (7, 186);
INSERT IGNORE INTO GambarProduk (id_produk, id_gambar) VALUES (8, 158);
INSERT IGNORE INTO GambarProduk (id_produk, id_gambar) VALUES (9, 47);
INSERT IGNORE INTO GambarProduk (id_produk, id_gambar) VALUES (9, 67);
INSERT IGNORE INTO GambarProduk (id_produk, id_gambar) VALUES (10, 4);
INSERT IGNORE INTO GambarProduk (id_produk, id_gambar) VALUES (10, 121);
INSERT IGNORE INTO GambarProduk (id_produk, id_gambar) VALUES (11, 185);
INSERT IGNORE INTO GambarProduk (id_produk, id_gambar) VALUES (11, 158);
INSERT IGNORE INTO GambarProduk (id_produk, id_gambar) VALUES (11, 96);
INSERT IGNORE INTO GambarProduk (id_produk, id_gambar) VALUES (12, 62);
INSERT IGNORE INTO GambarProduk (id_produk, id_gambar) VALUES (12, 138);
INSERT IGNORE INTO GambarProduk (id_produk, id_gambar) VALUES (13, 141);
INSERT IGNORE INTO GambarProduk (id_produk, id_gambar) VALUES (13, 101);
INSERT IGNORE INTO GambarProduk (id_produk, id_gambar) VALUES (14, 2);
INSERT IGNORE INTO GambarProduk (id_produk, id_gambar) VALUES (14, 105);
INSERT IGNORE INTO GambarProduk (id_produk, id_gambar) VALUES (15, 102);
INSERT IGNORE INTO GambarProduk (id_produk, id_gambar) VALUES (15, 53);
INSERT IGNORE INTO GambarProduk (id_produk, id_gambar) VALUES (16, 109);
INSERT IGNORE INTO GambarProduk (id_produk, id_gambar) VALUES (16, 12);
INSERT IGNORE INTO GambarProduk (id_produk, id_gambar) VALUES (17, 31);
INSERT IGNORE INTO GambarProduk (id_produk, id_gambar) VALUES (17, 191);
INSERT IGNORE INTO GambarProduk (id_produk, id_gambar) VALUES (18, 147);
INSERT IGNORE INTO GambarProduk (id_produk, id_gambar) VALUES (18, 161);
INSERT IGNORE INTO GambarProduk (id_produk, id_gambar) VALUES (18, 186);
INSERT IGNORE INTO GambarProduk (id_produk, id_gambar) VALUES (19, 53);
INSERT IGNORE INTO GambarProduk (id_produk, id_gambar) VALUES (19, 54);
INSERT IGNORE INTO GambarProduk (id_produk, id_gambar) VALUES (20, 48);
INSERT IGNORE INTO GambarProduk (id_produk, id_gambar) VALUES (20, 196);
INSERT IGNORE INTO GambarProduk (id_produk, id_gambar) VALUES (20, 116);
INSERT IGNORE INTO GambarProduk (id_produk, id_gambar) VALUES (21, 21);
INSERT IGNORE INTO GambarProduk (id_produk, id_gambar) VALUES (22, 200);
INSERT IGNORE INTO GambarProduk (id_produk, id_gambar) VALUES (22, 14);
INSERT IGNORE INTO GambarProduk (id_produk, id_gambar) VALUES (22, 191);
INSERT IGNORE INTO GambarProduk (id_produk, id_gambar) VALUES (23, 10);
INSERT IGNORE INTO GambarProduk (id_produk, id_gambar) VALUES (24, 12);
INSERT IGNORE INTO GambarProduk (id_produk, id_gambar) VALUES (24, 162);
INSERT IGNORE INTO GambarProduk (id_produk, id_gambar) VALUES (25, 77);
INSERT IGNORE INTO GambarProduk (id_produk, id_gambar) VALUES (25, 29);
INSERT IGNORE INTO GambarProduk (id_produk, id_gambar) VALUES (26, 158);
INSERT IGNORE INTO GambarProduk (id_produk, id_gambar) VALUES (26, 18);
INSERT IGNORE INTO GambarProduk (id_produk, id_gambar) VALUES (27, 19);
INSERT IGNORE INTO GambarProduk (id_produk, id_gambar) VALUES (27, 40);
INSERT IGNORE INTO GambarProduk (id_produk, id_gambar) VALUES (28, 164);
INSERT IGNORE INTO GambarProduk (id_produk, id_gambar) VALUES (28, 106);
INSERT IGNORE INTO GambarProduk (id_produk, id_gambar) VALUES (28, 181);
INSERT IGNORE INTO GambarProduk (id_produk, id_gambar) VALUES (29, 200);
INSERT IGNORE INTO GambarProduk (id_produk, id_gambar) VALUES (29, 190);
INSERT IGNORE INTO GambarProduk (id_produk, id_gambar) VALUES (30, 32);
INSERT IGNORE INTO GambarProduk (id_produk, id_gambar) VALUES (30, 47);
INSERT IGNORE INTO GambarProduk (id_produk, id_gambar) VALUES (30, 63);
INSERT IGNORE INTO GambarProduk (id_produk, id_gambar) VALUES (31, 6);
INSERT IGNORE INTO GambarProduk (id_produk, id_gambar) VALUES (32, 110);
INSERT IGNORE INTO GambarProduk (id_produk, id_gambar) VALUES (33, 18);
INSERT IGNORE INTO GambarProduk (id_produk, id_gambar) VALUES (34, 142);
INSERT IGNORE INTO GambarProduk (id_produk, id_gambar) VALUES (34, 118);
INSERT IGNORE INTO GambarProduk (id_produk, id_gambar) VALUES (34, 8);
INSERT IGNORE INTO GambarProduk (id_produk, id_gambar) VALUES (35, 84);
INSERT IGNORE INTO GambarProduk (id_produk, id_gambar) VALUES (36, 72);
INSERT IGNORE INTO GambarProduk (id_produk, id_gambar) VALUES (36, 119);
INSERT IGNORE INTO GambarProduk (id_produk, id_gambar) VALUES (37, 154);
INSERT IGNORE INTO GambarProduk (id_produk, id_gambar) VALUES (37, 88);
INSERT IGNORE INTO GambarProduk (id_produk, id_gambar) VALUES (38, 104);
INSERT IGNORE INTO GambarProduk (id_produk, id_gambar) VALUES (39, 54);
INSERT IGNORE INTO GambarProduk (id_produk, id_gambar) VALUES (40, 70);
INSERT IGNORE INTO GambarProduk (id_produk, id_gambar) VALUES (40, 44);
INSERT IGNORE INTO GambarProduk (id_produk, id_gambar) VALUES (41, 25);
INSERT IGNORE INTO GambarProduk (id_produk, id_gambar) VALUES (42, 158);
INSERT IGNORE INTO GambarProduk (id_produk, id_gambar) VALUES (42, 192);
INSERT IGNORE INTO GambarProduk (id_produk, id_gambar) VALUES (42, 66);
INSERT IGNORE INTO GambarProduk (id_produk, id_gambar) VALUES (43, 139);
INSERT IGNORE INTO GambarProduk (id_produk, id_gambar) VALUES (44, 50);
INSERT IGNORE INTO GambarProduk (id_produk, id_gambar) VALUES (45, 109);
INSERT IGNORE INTO GambarProduk (id_produk, id_gambar) VALUES (45, 149);
INSERT IGNORE INTO GambarProduk (id_produk, id_gambar) VALUES (46, 140);
INSERT IGNORE INTO GambarProduk (id_produk, id_gambar) VALUES (46, 176);
INSERT IGNORE INTO GambarProduk (id_produk, id_gambar) VALUES (47, 160);
INSERT IGNORE INTO GambarProduk (id_produk, id_gambar) VALUES (48, 150);
INSERT IGNORE INTO GambarProduk (id_produk, id_gambar) VALUES (49, 200);
INSERT IGNORE INTO GambarProduk (id_produk, id_gambar) VALUES (50, 7);
INSERT IGNORE INTO GambarProduk (id_produk, id_gambar) VALUES (50, 17);
INSERT IGNORE INTO GambarProduk (id_produk, id_gambar) VALUES (51, 169);
INSERT IGNORE INTO GambarProduk (id_produk, id_gambar) VALUES (51, 91);
INSERT IGNORE INTO GambarProduk (id_produk, id_gambar) VALUES (52, 194);
INSERT IGNORE INTO GambarProduk (id_produk, id_gambar) VALUES (53, 28);
INSERT IGNORE INTO GambarProduk (id_produk, id_gambar) VALUES (53, 156);
INSERT IGNORE INTO GambarProduk (id_produk, id_gambar) VALUES (54, 5);
INSERT IGNORE INTO GambarProduk (id_produk, id_gambar) VALUES (54, 157);
INSERT IGNORE INTO GambarProduk (id_produk, id_gambar) VALUES (55, 144);
INSERT IGNORE INTO GambarProduk (id_produk, id_gambar) VALUES (55, 38);
INSERT IGNORE INTO GambarProduk (id_produk, id_gambar) VALUES (55, 181);
INSERT IGNORE INTO GambarProduk (id_produk, id_gambar) VALUES (56, 123);
INSERT IGNORE INTO GambarProduk (id_produk, id_gambar) VALUES (57, 123);
INSERT IGNORE INTO GambarProduk (id_produk, id_gambar) VALUES (58, 53);
INSERT IGNORE INTO GambarProduk (id_produk, id_gambar) VALUES (58, 135);
INSERT IGNORE INTO GambarProduk (id_produk, id_gambar) VALUES (58, 191);
INSERT IGNORE INTO GambarProduk (id_produk, id_gambar) VALUES (59, 83);
INSERT IGNORE INTO GambarProduk (id_produk, id_gambar) VALUES (59, 109);
INSERT IGNORE INTO GambarProduk (id_produk, id_gambar) VALUES (60, 46);
INSERT IGNORE INTO GambarProduk (id_produk, id_gambar) VALUES (60, 178);
INSERT IGNORE INTO GambarProduk (id_produk, id_gambar) VALUES (60, 42);
INSERT IGNORE INTO GambarProduk (id_produk, id_gambar) VALUES (61, 69);
INSERT IGNORE INTO GambarProduk (id_produk, id_gambar) VALUES (62, 179);
INSERT IGNORE INTO GambarProduk (id_produk, id_gambar) VALUES (62, 17);
INSERT IGNORE INTO GambarProduk (id_produk, id_gambar) VALUES (63, 67);
INSERT IGNORE INTO GambarProduk (id_produk, id_gambar) VALUES (64, 172);
INSERT IGNORE INTO GambarProduk (id_produk, id_gambar) VALUES (64, 153);
INSERT IGNORE INTO GambarProduk (id_produk, id_gambar) VALUES (65, 158);
INSERT IGNORE INTO GambarProduk (id_produk, id_gambar) VALUES (65, 3);
INSERT IGNORE INTO GambarProduk (id_produk, id_gambar) VALUES (66, 97);
INSERT IGNORE INTO GambarProduk (id_produk, id_gambar) VALUES (66, 106);
INSERT IGNORE INTO GambarProduk (id_produk, id_gambar) VALUES (66, 72);
INSERT IGNORE INTO GambarProduk (id_produk, id_gambar) VALUES (67, 75);
INSERT IGNORE INTO GambarProduk (id_produk, id_gambar) VALUES (68, 55);
INSERT IGNORE INTO GambarProduk (id_produk, id_gambar) VALUES (69, 31);
INSERT IGNORE INTO GambarProduk (id_produk, id_gambar) VALUES (70, 188);
INSERT IGNORE INTO GambarProduk (id_produk, id_gambar) VALUES (70, 123);
INSERT IGNORE INTO GambarProduk (id_produk, id_gambar) VALUES (71, 179);
INSERT IGNORE INTO GambarProduk (id_produk, id_gambar) VALUES (72, 138);
INSERT IGNORE INTO GambarProduk (id_produk, id_gambar) VALUES (73, 30);
INSERT IGNORE INTO GambarProduk (id_produk, id_gambar) VALUES (73, 188);
INSERT IGNORE INTO GambarProduk (id_produk, id_gambar) VALUES (74, 185);
INSERT IGNORE INTO GambarProduk (id_produk, id_gambar) VALUES (75, 57);
INSERT IGNORE INTO GambarProduk (id_produk, id_gambar) VALUES (75, 108);
INSERT IGNORE INTO GambarProduk (id_produk, id_gambar) VALUES (76, 104);
INSERT IGNORE INTO GambarProduk (id_produk, id_gambar) VALUES (77, 33);
INSERT IGNORE INTO GambarProduk (id_produk, id_gambar) VALUES (77, 73);
INSERT IGNORE INTO GambarProduk (id_produk, id_gambar) VALUES (78, 61);
INSERT IGNORE INTO GambarProduk (id_produk, id_gambar) VALUES (78, 3);
INSERT IGNORE INTO GambarProduk (id_produk, id_gambar) VALUES (78, 64);
INSERT IGNORE INTO GambarProduk (id_produk, id_gambar) VALUES (79, 38);
INSERT IGNORE INTO GambarProduk (id_produk, id_gambar) VALUES (80, 156);
INSERT IGNORE INTO GambarProduk (id_produk, id_gambar) VALUES (80, 25);
INSERT IGNORE INTO GambarProduk (id_produk, id_gambar) VALUES (81, 87);
INSERT IGNORE INTO GambarProduk (id_produk, id_gambar) VALUES (81, 51);
INSERT IGNORE INTO GambarProduk (id_produk, id_gambar) VALUES (81, 60);
INSERT IGNORE INTO GambarProduk (id_produk, id_gambar) VALUES (82, 156);
INSERT IGNORE INTO GambarProduk (id_produk, id_gambar) VALUES (82, 171);
INSERT IGNORE INTO GambarProduk (id_produk, id_gambar) VALUES (83, 150);
INSERT IGNORE INTO GambarProduk (id_produk, id_gambar) VALUES (83, 7);
INSERT IGNORE INTO GambarProduk (id_produk, id_gambar) VALUES (84, 197);
INSERT IGNORE INTO GambarProduk (id_produk, id_gambar) VALUES (84, 178);
INSERT IGNORE INTO GambarProduk (id_produk, id_gambar) VALUES (84, 10);
INSERT IGNORE INTO GambarProduk (id_produk, id_gambar) VALUES (85, 76);
INSERT IGNORE INTO GambarProduk (id_produk, id_gambar) VALUES (85, 109);
INSERT IGNORE INTO GambarProduk (id_produk, id_gambar) VALUES (85, 89);
INSERT IGNORE INTO GambarProduk (id_produk, id_gambar) VALUES (86, 147);
INSERT IGNORE INTO GambarProduk (id_produk, id_gambar) VALUES (86, 25);
INSERT IGNORE INTO GambarProduk (id_produk, id_gambar) VALUES (86, 38);
INSERT IGNORE INTO GambarProduk (id_produk, id_gambar) VALUES (87, 45);
INSERT IGNORE INTO GambarProduk (id_produk, id_gambar) VALUES (88, 89);
INSERT IGNORE INTO GambarProduk (id_produk, id_gambar) VALUES (88, 99);
INSERT IGNORE INTO GambarProduk (id_produk, id_gambar) VALUES (88, 170);
INSERT IGNORE INTO GambarProduk (id_produk, id_gambar) VALUES (89, 146);
INSERT IGNORE INTO GambarProduk (id_produk, id_gambar) VALUES (89, 187);
INSERT IGNORE INTO GambarProduk (id_produk, id_gambar) VALUES (89, 176);
INSERT IGNORE INTO GambarProduk (id_produk, id_gambar) VALUES (90, 143);
INSERT IGNORE INTO GambarProduk (id_produk, id_gambar) VALUES (90, 147);
INSERT IGNORE INTO GambarProduk (id_produk, id_gambar) VALUES (90, 13);
INSERT IGNORE INTO GambarProduk (id_produk, id_gambar) VALUES (91, 94);
INSERT IGNORE INTO GambarProduk (id_produk, id_gambar) VALUES (91, 57);
INSERT IGNORE INTO GambarProduk (id_produk, id_gambar) VALUES (92, 21);
INSERT IGNORE INTO GambarProduk (id_produk, id_gambar) VALUES (92, 47);
INSERT IGNORE INTO GambarProduk (id_produk, id_gambar) VALUES (92, 122);
INSERT IGNORE INTO GambarProduk (id_produk, id_gambar) VALUES (93, 141);
INSERT IGNORE INTO GambarProduk (id_produk, id_gambar) VALUES (93, 40);
INSERT IGNORE INTO GambarProduk (id_produk, id_gambar) VALUES (93, 75);
INSERT IGNORE INTO GambarProduk (id_produk, id_gambar) VALUES (94, 101);
INSERT IGNORE INTO GambarProduk (id_produk, id_gambar) VALUES (94, 26);
INSERT IGNORE INTO GambarProduk (id_produk, id_gambar) VALUES (94, 149);
INSERT IGNORE INTO GambarProduk (id_produk, id_gambar) VALUES (95, 124);
INSERT IGNORE INTO GambarProduk (id_produk, id_gambar) VALUES (95, 143);
INSERT IGNORE INTO GambarProduk (id_produk, id_gambar) VALUES (96, 125);
INSERT IGNORE INTO GambarProduk (id_produk, id_gambar) VALUES (96, 96);
INSERT IGNORE INTO GambarProduk (id_produk, id_gambar) VALUES (97, 137);
INSERT IGNORE INTO GambarProduk (id_produk, id_gambar) VALUES (98, 71);
INSERT IGNORE INTO GambarProduk (id_produk, id_gambar) VALUES (99, 22);
INSERT IGNORE INTO GambarProduk (id_produk, id_gambar) VALUES (99, 91);
INSERT IGNORE INTO GambarProduk (id_produk, id_gambar) VALUES (99, 147);
INSERT IGNORE INTO GambarProduk (id_produk, id_gambar) VALUES (100, 11);
INSERT IGNORE INTO GambarProduk (id_produk, id_gambar) VALUES (100, 137);

-- Tag
INSERT IGNORE INTO Tag (id_tag, nama) VALUES (1, 'Elektronik');
INSERT IGNORE INTO Tag (id_tag, nama) VALUES (2, 'Fashion Pria');
INSERT IGNORE INTO Tag (id_tag, nama) VALUES (3, 'Fashion Wanita');
INSERT IGNORE INTO Tag (id_tag, nama) VALUES (4, 'Rumah Tangga');
INSERT IGNORE INTO Tag (id_tag, nama) VALUES (5, 'Kesehatan');
INSERT IGNORE INTO Tag (id_tag, nama) VALUES (6, 'Kecantikan');
INSERT IGNORE INTO Tag (id_tag, nama) VALUES (7, 'Mainan Anak');
INSERT IGNORE INTO Tag (id_tag, nama) VALUES (8, 'Buku & Alat Tulis');
INSERT IGNORE INTO Tag (id_tag, nama) VALUES (9, 'Olahraga & Outdoor');
INSERT IGNORE INTO Tag (id_tag, nama) VALUES (10, 'Otomotif Parts');
INSERT IGNORE INTO Tag (id_tag, nama) VALUES (11, 'Voucher Digital');
INSERT IGNORE INTO Tag (id_tag, nama) VALUES (12, 'Hobi & Koleksi');
INSERT IGNORE INTO Tag (id_tag, nama) VALUES (13, 'Makanan & Minuman');
INSERT IGNORE INTO Tag (id_tag, nama) VALUES (14, 'Perlengkapan Bayi');
INSERT IGNORE INTO Tag (id_tag, nama) VALUES (15, 'Komputer & Aksesoris');
INSERT IGNORE INTO Tag (id_tag, nama) VALUES (16, 'Handphone & Tablet');
INSERT IGNORE INTO Tag (id_tag, nama) VALUES (17, 'Extended Context-Sensitive Neural-Net 17');
INSERT IGNORE INTO Tag (id_tag, nama) VALUES (18, 'Ameliorated Intangible Instruction Set 18');
INSERT IGNORE INTO Tag (id_tag, nama) VALUES (19, 'Persistent Discrete Core 19');
INSERT IGNORE INTO Tag (id_tag, nama) VALUES (20, 'Customizable Incremental Customer Loyalty 20');
INSERT IGNORE INTO Tag (id_tag, nama) VALUES (21, 'Extended Human-Resource Emulation 21');
INSERT IGNORE INTO Tag (id_tag, nama) VALUES (22, 'Synergistic Bandwidth-Monitored Encryption 22');
INSERT IGNORE INTO Tag (id_tag, nama) VALUES (23, 'Diverse Bottom-Line Moratorium 23');
INSERT IGNORE INTO Tag (id_tag, nama) VALUES (24, 'Digitized Client-Server Circuit 24');
INSERT IGNORE INTO Tag (id_tag, nama) VALUES (25, 'Innovative Discrete Methodology 25');
INSERT IGNORE INTO Tag (id_tag, nama) VALUES (26, 'Universal Discrete Budgetary Management 26');
INSERT IGNORE INTO Tag (id_tag, nama) VALUES (27, 'Persevering Explicit Contingency 27');
INSERT IGNORE INTO Tag (id_tag, nama) VALUES (28, 'Stand-Alone Reciprocal Application 28');
INSERT IGNORE INTO Tag (id_tag, nama) VALUES (29, 'Innovative Intangible Leverage 29');
INSERT IGNORE INTO Tag (id_tag, nama) VALUES (30, 'User-Centric Bandwidth-Monitored Superstructure 30');
INSERT IGNORE INTO Tag (id_tag, nama) VALUES (31, 'Virtual Uniform Implementation 31');
INSERT IGNORE INTO Tag (id_tag, nama) VALUES (32, 'Streamlined Dynamic Adapter 32');
INSERT IGNORE INTO Tag (id_tag, nama) VALUES (33, 'Face-To-Face Client-Driven Support 33');
INSERT IGNORE INTO Tag (id_tag, nama) VALUES (34, 'Organized System-Worthy Capability 34');
INSERT IGNORE INTO Tag (id_tag, nama) VALUES (35, 'Implemented Neutral Migration 35');
INSERT IGNORE INTO Tag (id_tag, nama) VALUES (36, 'Inverse Coherent Analyzer 36');
INSERT IGNORE INTO Tag (id_tag, nama) VALUES (37, 'Team-Oriented Web-Enabled Graphic Interface 37');
INSERT IGNORE INTO Tag (id_tag, nama) VALUES (38, 'Seamless Modular Ability 38');
INSERT IGNORE INTO Tag (id_tag, nama) VALUES (39, 'Realigned Dynamic Parallelism 39');
INSERT IGNORE INTO Tag (id_tag, nama) VALUES (40, 'Focused Fault-Tolerant Capacity 40');
INSERT IGNORE INTO Tag (id_tag, nama) VALUES (41, 'Ameliorated Zero Administration Model 41');
INSERT IGNORE INTO Tag (id_tag, nama) VALUES (42, 'Devolved Intangible Conglomeration 42');
INSERT IGNORE INTO Tag (id_tag, nama) VALUES (43, 'Distributed 6Thgeneration Monitoring 43');
INSERT IGNORE INTO Tag (id_tag, nama) VALUES (44, 'Synergized Dedicated Task-Force 44');
INSERT IGNORE INTO Tag (id_tag, nama) VALUES (45, 'Inverse 5Thgeneration Internet Solution 45');
INSERT IGNORE INTO Tag (id_tag, nama) VALUES (46, 'Monitored Explicit Challenge 46');
INSERT IGNORE INTO Tag (id_tag, nama) VALUES (47, 'Robust Multi-Tasking Function 47');
INSERT IGNORE INTO Tag (id_tag, nama) VALUES (48, 'Virtual Intermediate Knowledge User 48');
INSERT IGNORE INTO Tag (id_tag, nama) VALUES (49, 'Polarized Multimedia Knowledgebase 49');
INSERT IGNORE INTO Tag (id_tag, nama) VALUES (50, 'Cross-Group National Array 50');
INSERT IGNORE INTO Tag (id_tag, nama) VALUES (51, 'Profit-Focused 24Hour Challenge 51');
INSERT IGNORE INTO Tag (id_tag, nama) VALUES (52, 'Persistent Bi-Directional Initiative 52');
INSERT IGNORE INTO Tag (id_tag, nama) VALUES (53, 'Programmable 24/7 Workforce 53');
INSERT IGNORE INTO Tag (id_tag, nama) VALUES (54, 'Self-Enabling Tangible Data-Warehouse 54');
INSERT IGNORE INTO Tag (id_tag, nama) VALUES (55, 'Vision-Oriented Bandwidth-Monitored Open System 55');
INSERT IGNORE INTO Tag (id_tag, nama) VALUES (56, 'Expanded Asynchronous Intranet 56');
INSERT IGNORE INTO Tag (id_tag, nama) VALUES (57, 'Proactive Mission-Critical Data-Warehouse 57');
INSERT IGNORE INTO Tag (id_tag, nama) VALUES (58, 'Centralized Didactic Hub 58');
INSERT IGNORE INTO Tag (id_tag, nama) VALUES (59, 'Devolved Bifurcated Capability 59');
INSERT IGNORE INTO Tag (id_tag, nama) VALUES (60, 'Horizontal Secondary Task-Force 60');
INSERT IGNORE INTO Tag (id_tag, nama) VALUES (61, 'Ameliorated Directional Groupware 61');
INSERT IGNORE INTO Tag (id_tag, nama) VALUES (62, 'Function-Based Eco-Centric Encoding 62');
INSERT IGNORE INTO Tag (id_tag, nama) VALUES (63, 'Seamless Attitude-Oriented Monitoring 63');
INSERT IGNORE INTO Tag (id_tag, nama) VALUES (64, 'Synergized Interactive Workforce 64');
INSERT IGNORE INTO Tag (id_tag, nama) VALUES (65, 'Intuitive Value-Added Complexity 65');
INSERT IGNORE INTO Tag (id_tag, nama) VALUES (66, 'Multi-Layered Neutral Capability 66');
INSERT IGNORE INTO Tag (id_tag, nama) VALUES (67, 'Seamless Interactive Throughput 67');
INSERT IGNORE INTO Tag (id_tag, nama) VALUES (68, 'Triple-Buffered Content-Based Matrices 68');
INSERT IGNORE INTO Tag (id_tag, nama) VALUES (69, 'Stand-Alone Client-Driven Capability 69');
INSERT IGNORE INTO Tag (id_tag, nama) VALUES (70, 'Visionary Local Software 70');
INSERT IGNORE INTO Tag (id_tag, nama) VALUES (71, 'Assimilated 5Thgeneration Support 71');
INSERT IGNORE INTO Tag (id_tag, nama) VALUES (72, 'Open-Source Content-Based Product 72');
INSERT IGNORE INTO Tag (id_tag, nama) VALUES (73, 'Future-Proofed Well-Modulated Encoding 73');
INSERT IGNORE INTO Tag (id_tag, nama) VALUES (74, 'Reactive Systematic Concept 74');
INSERT IGNORE INTO Tag (id_tag, nama) VALUES (75, 'Visionary Multi-State Circuit 75');
INSERT IGNORE INTO Tag (id_tag, nama) VALUES (76, 'Synchronized User-Facing Functionalities 76');
INSERT IGNORE INTO Tag (id_tag, nama) VALUES (77, 'Organized Intangible Encryption 77');
INSERT IGNORE INTO Tag (id_tag, nama) VALUES (78, 'Face-To-Face Mobile Encoding 78');
INSERT IGNORE INTO Tag (id_tag, nama) VALUES (79, 'Optimized Eco-Centric Core 79');
INSERT IGNORE INTO Tag (id_tag, nama) VALUES (80, 'Pre-Emptive Executive Instruction Set 80');
INSERT IGNORE INTO Tag (id_tag, nama) VALUES (81, 'Optional Solution-Oriented Focus Group 81');
INSERT IGNORE INTO Tag (id_tag, nama) VALUES (82, 'Business-Focused Leadingedge Contingency 82');
INSERT IGNORE INTO Tag (id_tag, nama) VALUES (83, 'Front-Line Systemic Interface 83');
INSERT IGNORE INTO Tag (id_tag, nama) VALUES (84, 'Horizontal Multi-Tasking Intranet 84');
INSERT IGNORE INTO Tag (id_tag, nama) VALUES (85, 'User-Friendly Background Hub 85');
INSERT IGNORE INTO Tag (id_tag, nama) VALUES (86, 'Team-Oriented Executive Time-Frame 86');
INSERT IGNORE INTO Tag (id_tag, nama) VALUES (87, 'Realigned Intangible Approach 87');
INSERT IGNORE INTO Tag (id_tag, nama) VALUES (88, 'Multi-Tiered Leadingedge Time-Frame 88');
INSERT IGNORE INTO Tag (id_tag, nama) VALUES (89, 'Innovative Reciprocal Flexibility 89');
INSERT IGNORE INTO Tag (id_tag, nama) VALUES (90, 'Visionary Discrete Middleware 90');
INSERT IGNORE INTO Tag (id_tag, nama) VALUES (91, 'Customizable 5Thgeneration Project 91');
INSERT IGNORE INTO Tag (id_tag, nama) VALUES (92, 'User-Centric Bandwidth-Monitored Graphical User Interface 92');
INSERT IGNORE INTO Tag (id_tag, nama) VALUES (93, 'Extended Eco-Centric Customer Loyalty 93');
INSERT IGNORE INTO Tag (id_tag, nama) VALUES (94, 'Adaptive Fresh-Thinking Structure 94');
INSERT IGNORE INTO Tag (id_tag, nama) VALUES (95, 'Multi-Lateral Bifurcated Neural-Net 95');
INSERT IGNORE INTO Tag (id_tag, nama) VALUES (96, 'Front-Line 5Thgeneration Challenge 96');
INSERT IGNORE INTO Tag (id_tag, nama) VALUES (97, 'Extended 24/7 Methodology 97');
INSERT IGNORE INTO Tag (id_tag, nama) VALUES (98, 'Vision-Oriented Multimedia Success 98');
INSERT IGNORE INTO Tag (id_tag, nama) VALUES (99, 'Versatile Encompassing Paradigm 99');
INSERT IGNORE INTO Tag (id_tag, nama) VALUES (100, 'Sharable Didactic Help-Desk 100');
INSERT IGNORE INTO Tag (id_tag, nama) VALUES (101, 'Seamless 5Thgeneration Data-Warehouse 101');
INSERT IGNORE INTO Tag (id_tag, nama) VALUES (102, 'Organized Secondary Migration 102');
INSERT IGNORE INTO Tag (id_tag, nama) VALUES (103, 'Sharable Upward-Trending Definition 103');
INSERT IGNORE INTO Tag (id_tag, nama) VALUES (104, 'Down-Sized Logistical Toolset 104');
INSERT IGNORE INTO Tag (id_tag, nama) VALUES (105, 'Reactive Hybrid Analyzer 105');
INSERT IGNORE INTO Tag (id_tag, nama) VALUES (106, 'Persevering Human-Resource Focus Group 106');
INSERT IGNORE INTO Tag (id_tag, nama) VALUES (107, 'Programmable Discrete Approach 107');
INSERT IGNORE INTO Tag (id_tag, nama) VALUES (108, 'Adaptive 5Thgeneration Ability 108');
INSERT IGNORE INTO Tag (id_tag, nama) VALUES (109, 'Profound Zero Administration Hierarchy 109');
INSERT IGNORE INTO Tag (id_tag, nama) VALUES (110, 'Cloned Exuding Model 110');
INSERT IGNORE INTO Tag (id_tag, nama) VALUES (111, 'Triple-Buffered Background Infrastructure 111');
INSERT IGNORE INTO Tag (id_tag, nama) VALUES (112, 'Front-Line Zero Administration Hub 112');
INSERT IGNORE INTO Tag (id_tag, nama) VALUES (113, 'Optimized Asymmetric Leverage 113');
INSERT IGNORE INTO Tag (id_tag, nama) VALUES (114, 'Down-Sized Context-Sensitive Attitude 114');
INSERT IGNORE INTO Tag (id_tag, nama) VALUES (115, 'Polarized Web-Enabled Budgetary Management 115');
INSERT IGNORE INTO Tag (id_tag, nama) VALUES (116, 'Diverse Logistical Projection 116');
INSERT IGNORE INTO Tag (id_tag, nama) VALUES (117, 'Face-To-Face Maximized Capability 117');
INSERT IGNORE INTO Tag (id_tag, nama) VALUES (118, 'Multi-Tiered Explicit Website 118');
INSERT IGNORE INTO Tag (id_tag, nama) VALUES (119, 'Re-Contextualized Tertiary Artificial Intelligence 119');
INSERT IGNORE INTO Tag (id_tag, nama) VALUES (120, 'Robust Web-Enabled Instruction Set 120');

-- TagProduk
INSERT IGNORE INTO TagProduk (id_produk, id_tag) VALUES (1, 75);
INSERT IGNORE INTO TagProduk (id_produk, id_tag) VALUES (2, 36);
INSERT IGNORE INTO TagProduk (id_produk, id_tag) VALUES (3, 114);
INSERT IGNORE INTO TagProduk (id_produk, id_tag) VALUES (3, 95);
INSERT IGNORE INTO TagProduk (id_produk, id_tag) VALUES (3, 44);
INSERT IGNORE INTO TagProduk (id_produk, id_tag) VALUES (3, 93);
INSERT IGNORE INTO TagProduk (id_produk, id_tag) VALUES (4, 53);
INSERT IGNORE INTO TagProduk (id_produk, id_tag) VALUES (4, 64);
INSERT IGNORE INTO TagProduk (id_produk, id_tag) VALUES (4, 70);
INSERT IGNORE INTO TagProduk (id_produk, id_tag) VALUES (5, 104);
INSERT IGNORE INTO TagProduk (id_produk, id_tag) VALUES (5, 80);
INSERT IGNORE INTO TagProduk (id_produk, id_tag) VALUES (5, 93);
INSERT IGNORE INTO TagProduk (id_produk, id_tag) VALUES (6, 52);
INSERT IGNORE INTO TagProduk (id_produk, id_tag) VALUES (6, 89);
INSERT IGNORE INTO TagProduk (id_produk, id_tag) VALUES (6, 10);
INSERT IGNORE INTO TagProduk (id_produk, id_tag) VALUES (7, 17);
INSERT IGNORE INTO TagProduk (id_produk, id_tag) VALUES (8, 4);
INSERT IGNORE INTO TagProduk (id_produk, id_tag) VALUES (9, 73);
INSERT IGNORE INTO TagProduk (id_produk, id_tag) VALUES (10, 17);
INSERT IGNORE INTO TagProduk (id_produk, id_tag) VALUES (10, 68);
INSERT IGNORE INTO TagProduk (id_produk, id_tag) VALUES (10, 94);
INSERT IGNORE INTO TagProduk (id_produk, id_tag) VALUES (10, 120);
INSERT IGNORE INTO TagProduk (id_produk, id_tag) VALUES (11, 10);
INSERT IGNORE INTO TagProduk (id_produk, id_tag) VALUES (11, 22);
INSERT IGNORE INTO TagProduk (id_produk, id_tag) VALUES (12, 15);
INSERT IGNORE INTO TagProduk (id_produk, id_tag) VALUES (12, 2);
INSERT IGNORE INTO TagProduk (id_produk, id_tag) VALUES (13, 54);
INSERT IGNORE INTO TagProduk (id_produk, id_tag) VALUES (13, 32);
INSERT IGNORE INTO TagProduk (id_produk, id_tag) VALUES (13, 88);
INSERT IGNORE INTO TagProduk (id_produk, id_tag) VALUES (13, 7);
INSERT IGNORE INTO TagProduk (id_produk, id_tag) VALUES (14, 53);
INSERT IGNORE INTO TagProduk (id_produk, id_tag) VALUES (15, 11);
INSERT IGNORE INTO TagProduk (id_produk, id_tag) VALUES (16, 87);
INSERT IGNORE INTO TagProduk (id_produk, id_tag) VALUES (16, 5);
INSERT IGNORE INTO TagProduk (id_produk, id_tag) VALUES (17, 109);
INSERT IGNORE INTO TagProduk (id_produk, id_tag) VALUES (17, 66);
INSERT IGNORE INTO TagProduk (id_produk, id_tag) VALUES (17, 4);
INSERT IGNORE INTO TagProduk (id_produk, id_tag) VALUES (17, 29);
INSERT IGNORE INTO TagProduk (id_produk, id_tag) VALUES (18, 45);
INSERT IGNORE INTO TagProduk (id_produk, id_tag) VALUES (18, 58);
INSERT IGNORE INTO TagProduk (id_produk, id_tag) VALUES (18, 69);
INSERT IGNORE INTO TagProduk (id_produk, id_tag) VALUES (19, 46);
INSERT IGNORE INTO TagProduk (id_produk, id_tag) VALUES (19, 76);
INSERT IGNORE INTO TagProduk (id_produk, id_tag) VALUES (19, 35);
INSERT IGNORE INTO TagProduk (id_produk, id_tag) VALUES (20, 15);
INSERT IGNORE INTO TagProduk (id_produk, id_tag) VALUES (20, 32);
INSERT IGNORE INTO TagProduk (id_produk, id_tag) VALUES (20, 99);
INSERT IGNORE INTO TagProduk (id_produk, id_tag) VALUES (20, 48);
INSERT IGNORE INTO TagProduk (id_produk, id_tag) VALUES (21, 99);
INSERT IGNORE INTO TagProduk (id_produk, id_tag) VALUES (22, 25);
INSERT IGNORE INTO TagProduk (id_produk, id_tag) VALUES (22, 86);
INSERT IGNORE INTO TagProduk (id_produk, id_tag) VALUES (22, 69);
INSERT IGNORE INTO TagProduk (id_produk, id_tag) VALUES (23, 62);
INSERT IGNORE INTO TagProduk (id_produk, id_tag) VALUES (23, 90);
INSERT IGNORE INTO TagProduk (id_produk, id_tag) VALUES (23, 112);
INSERT IGNORE INTO TagProduk (id_produk, id_tag) VALUES (24, 83);
INSERT IGNORE INTO TagProduk (id_produk, id_tag) VALUES (24, 26);
INSERT IGNORE INTO TagProduk (id_produk, id_tag) VALUES (24, 40);
INSERT IGNORE INTO TagProduk (id_produk, id_tag) VALUES (25, 32);
INSERT IGNORE INTO TagProduk (id_produk, id_tag) VALUES (25, 18);
INSERT IGNORE INTO TagProduk (id_produk, id_tag) VALUES (25, 104);
INSERT IGNORE INTO TagProduk (id_produk, id_tag) VALUES (26, 62);
INSERT IGNORE INTO TagProduk (id_produk, id_tag) VALUES (27, 25);
INSERT IGNORE INTO TagProduk (id_produk, id_tag) VALUES (27, 51);
INSERT IGNORE INTO TagProduk (id_produk, id_tag) VALUES (27, 6);
INSERT IGNORE INTO TagProduk (id_produk, id_tag) VALUES (27, 84);
INSERT IGNORE INTO TagProduk (id_produk, id_tag) VALUES (28, 27);
INSERT IGNORE INTO TagProduk (id_produk, id_tag) VALUES (28, 62);
INSERT IGNORE INTO TagProduk (id_produk, id_tag) VALUES (28, 20);
INSERT IGNORE INTO TagProduk (id_produk, id_tag) VALUES (29, 35);
INSERT IGNORE INTO TagProduk (id_produk, id_tag) VALUES (29, 78);
INSERT IGNORE INTO TagProduk (id_produk, id_tag) VALUES (29, 33);
INSERT IGNORE INTO TagProduk (id_produk, id_tag) VALUES (30, 9);
INSERT IGNORE INTO TagProduk (id_produk, id_tag) VALUES (30, 94);
INSERT IGNORE INTO TagProduk (id_produk, id_tag) VALUES (30, 100);
INSERT IGNORE INTO TagProduk (id_produk, id_tag) VALUES (31, 86);
INSERT IGNORE INTO TagProduk (id_produk, id_tag) VALUES (31, 87);
INSERT IGNORE INTO TagProduk (id_produk, id_tag) VALUES (31, 88);
INSERT IGNORE INTO TagProduk (id_produk, id_tag) VALUES (32, 52);
INSERT IGNORE INTO TagProduk (id_produk, id_tag) VALUES (33, 55);
INSERT IGNORE INTO TagProduk (id_produk, id_tag) VALUES (33, 75);
INSERT IGNORE INTO TagProduk (id_produk, id_tag) VALUES (33, 66);
INSERT IGNORE INTO TagProduk (id_produk, id_tag) VALUES (33, 57);
INSERT IGNORE INTO TagProduk (id_produk, id_tag) VALUES (34, 82);
INSERT IGNORE INTO TagProduk (id_produk, id_tag) VALUES (34, 99);
INSERT IGNORE INTO TagProduk (id_produk, id_tag) VALUES (34, 6);
INSERT IGNORE INTO TagProduk (id_produk, id_tag) VALUES (35, 28);
INSERT IGNORE INTO TagProduk (id_produk, id_tag) VALUES (35, 61);
INSERT IGNORE INTO TagProduk (id_produk, id_tag) VALUES (35, 64);
INSERT IGNORE INTO TagProduk (id_produk, id_tag) VALUES (35, 75);
INSERT IGNORE INTO TagProduk (id_produk, id_tag) VALUES (36, 103);
INSERT IGNORE INTO TagProduk (id_produk, id_tag) VALUES (36, 46);
INSERT IGNORE INTO TagProduk (id_produk, id_tag) VALUES (36, 66);
INSERT IGNORE INTO TagProduk (id_produk, id_tag) VALUES (37, 25);
INSERT IGNORE INTO TagProduk (id_produk, id_tag) VALUES (37, 105);
INSERT IGNORE INTO TagProduk (id_produk, id_tag) VALUES (37, 53);
INSERT IGNORE INTO TagProduk (id_produk, id_tag) VALUES (38, 81);
INSERT IGNORE INTO TagProduk (id_produk, id_tag) VALUES (38, 19);
INSERT IGNORE INTO TagProduk (id_produk, id_tag) VALUES (38, 65);
INSERT IGNORE INTO TagProduk (id_produk, id_tag) VALUES (38, 18);
INSERT IGNORE INTO TagProduk (id_produk, id_tag) VALUES (39, 50);
INSERT IGNORE INTO TagProduk (id_produk, id_tag) VALUES (39, 25);
INSERT IGNORE INTO TagProduk (id_produk, id_tag) VALUES (39, 44);
INSERT IGNORE INTO TagProduk (id_produk, id_tag) VALUES (40, 46);
INSERT IGNORE INTO TagProduk (id_produk, id_tag) VALUES (40, 7);
INSERT IGNORE INTO TagProduk (id_produk, id_tag) VALUES (40, 68);
INSERT IGNORE INTO TagProduk (id_produk, id_tag) VALUES (41, 48);
INSERT IGNORE INTO TagProduk (id_produk, id_tag) VALUES (41, 18);
INSERT IGNORE INTO TagProduk (id_produk, id_tag) VALUES (42, 116);
INSERT IGNORE INTO TagProduk (id_produk, id_tag) VALUES (42, 85);
INSERT IGNORE INTO TagProduk (id_produk, id_tag) VALUES (42, 62);
INSERT IGNORE INTO TagProduk (id_produk, id_tag) VALUES (42, 115);
INSERT IGNORE INTO TagProduk (id_produk, id_tag) VALUES (43, 2);
INSERT IGNORE INTO TagProduk (id_produk, id_tag) VALUES (43, 91);
INSERT IGNORE INTO TagProduk (id_produk, id_tag) VALUES (43, 24);
INSERT IGNORE INTO TagProduk (id_produk, id_tag) VALUES (44, 100);
INSERT IGNORE INTO TagProduk (id_produk, id_tag) VALUES (44, 16);
INSERT IGNORE INTO TagProduk (id_produk, id_tag) VALUES (44, 44);
INSERT IGNORE INTO TagProduk (id_produk, id_tag) VALUES (45, 76);
INSERT IGNORE INTO TagProduk (id_produk, id_tag) VALUES (46, 70);
INSERT IGNORE INTO TagProduk (id_produk, id_tag) VALUES (46, 30);
INSERT IGNORE INTO TagProduk (id_produk, id_tag) VALUES (46, 39);
INSERT IGNORE INTO TagProduk (id_produk, id_tag) VALUES (47, 38);
INSERT IGNORE INTO TagProduk (id_produk, id_tag) VALUES (48, 26);
INSERT IGNORE INTO TagProduk (id_produk, id_tag) VALUES (48, 37);
INSERT IGNORE INTO TagProduk (id_produk, id_tag) VALUES (49, 18);
INSERT IGNORE INTO TagProduk (id_produk, id_tag) VALUES (50, 109);
INSERT IGNORE INTO TagProduk (id_produk, id_tag) VALUES (50, 82);
INSERT IGNORE INTO TagProduk (id_produk, id_tag) VALUES (50, 28);
INSERT IGNORE INTO TagProduk (id_produk, id_tag) VALUES (50, 100);
INSERT IGNORE INTO TagProduk (id_produk, id_tag) VALUES (51, 44);
INSERT IGNORE INTO TagProduk (id_produk, id_tag) VALUES (51, 57);
INSERT IGNORE INTO TagProduk (id_produk, id_tag) VALUES (52, 88);
INSERT IGNORE INTO TagProduk (id_produk, id_tag) VALUES (52, 30);
INSERT IGNORE INTO TagProduk (id_produk, id_tag) VALUES (53, 43);
INSERT IGNORE INTO TagProduk (id_produk, id_tag) VALUES (54, 91);
INSERT IGNORE INTO TagProduk (id_produk, id_tag) VALUES (54, 2);
INSERT IGNORE INTO TagProduk (id_produk, id_tag) VALUES (54, 48);
INSERT IGNORE INTO TagProduk (id_produk, id_tag) VALUES (54, 26);
INSERT IGNORE INTO TagProduk (id_produk, id_tag) VALUES (55, 117);
INSERT IGNORE INTO TagProduk (id_produk, id_tag) VALUES (55, 28);
INSERT IGNORE INTO TagProduk (id_produk, id_tag) VALUES (56, 33);
INSERT IGNORE INTO TagProduk (id_produk, id_tag) VALUES (57, 97);
INSERT IGNORE INTO TagProduk (id_produk, id_tag) VALUES (57, 11);
INSERT IGNORE INTO TagProduk (id_produk, id_tag) VALUES (58, 45);
INSERT IGNORE INTO TagProduk (id_produk, id_tag) VALUES (59, 23);
INSERT IGNORE INTO TagProduk (id_produk, id_tag) VALUES (59, 21);
INSERT IGNORE INTO TagProduk (id_produk, id_tag) VALUES (59, 72);
INSERT IGNORE INTO TagProduk (id_produk, id_tag) VALUES (60, 11);
INSERT IGNORE INTO TagProduk (id_produk, id_tag) VALUES (60, 93);
INSERT IGNORE INTO TagProduk (id_produk, id_tag) VALUES (60, 31);
INSERT IGNORE INTO TagProduk (id_produk, id_tag) VALUES (60, 92);
INSERT IGNORE INTO TagProduk (id_produk, id_tag) VALUES (61, 79);
INSERT IGNORE INTO TagProduk (id_produk, id_tag) VALUES (61, 108);
INSERT IGNORE INTO TagProduk (id_produk, id_tag) VALUES (62, 108);
INSERT IGNORE INTO TagProduk (id_produk, id_tag) VALUES (62, 37);
INSERT IGNORE INTO TagProduk (id_produk, id_tag) VALUES (63, 5);
INSERT IGNORE INTO TagProduk (id_produk, id_tag) VALUES (64, 93);
INSERT IGNORE INTO TagProduk (id_produk, id_tag) VALUES (64, 60);
INSERT IGNORE INTO TagProduk (id_produk, id_tag) VALUES (65, 49);
INSERT IGNORE INTO TagProduk (id_produk, id_tag) VALUES (65, 28);
INSERT IGNORE INTO TagProduk (id_produk, id_tag) VALUES (66, 46);
INSERT IGNORE INTO TagProduk (id_produk, id_tag) VALUES (66, 101);
INSERT IGNORE INTO TagProduk (id_produk, id_tag) VALUES (66, 92);
INSERT IGNORE INTO TagProduk (id_produk, id_tag) VALUES (67, 2);
INSERT IGNORE INTO TagProduk (id_produk, id_tag) VALUES (67, 52);
INSERT IGNORE INTO TagProduk (id_produk, id_tag) VALUES (67, 63);
INSERT IGNORE INTO TagProduk (id_produk, id_tag) VALUES (67, 111);
INSERT IGNORE INTO TagProduk (id_produk, id_tag) VALUES (68, 92);
INSERT IGNORE INTO TagProduk (id_produk, id_tag) VALUES (68, 104);
INSERT IGNORE INTO TagProduk (id_produk, id_tag) VALUES (68, 107);
INSERT IGNORE INTO TagProduk (id_produk, id_tag) VALUES (69, 118);
INSERT IGNORE INTO TagProduk (id_produk, id_tag) VALUES (69, 77);
INSERT IGNORE INTO TagProduk (id_produk, id_tag) VALUES (69, 109);
INSERT IGNORE INTO TagProduk (id_produk, id_tag) VALUES (69, 68);
INSERT IGNORE INTO TagProduk (id_produk, id_tag) VALUES (70, 12);
INSERT IGNORE INTO TagProduk (id_produk, id_tag) VALUES (70, 90);
INSERT IGNORE INTO TagProduk (id_produk, id_tag) VALUES (71, 76);
INSERT IGNORE INTO TagProduk (id_produk, id_tag) VALUES (71, 106);
INSERT IGNORE INTO TagProduk (id_produk, id_tag) VALUES (72, 81);
INSERT IGNORE INTO TagProduk (id_produk, id_tag) VALUES (72, 28);
INSERT IGNORE INTO TagProduk (id_produk, id_tag) VALUES (73, 50);
INSERT IGNORE INTO TagProduk (id_produk, id_tag) VALUES (74, 97);
INSERT IGNORE INTO TagProduk (id_produk, id_tag) VALUES (74, 58);
INSERT IGNORE INTO TagProduk (id_produk, id_tag) VALUES (75, 31);
INSERT IGNORE INTO TagProduk (id_produk, id_tag) VALUES (75, 77);
INSERT IGNORE INTO TagProduk (id_produk, id_tag) VALUES (75, 25);
INSERT IGNORE INTO TagProduk (id_produk, id_tag) VALUES (75, 112);
INSERT IGNORE INTO TagProduk (id_produk, id_tag) VALUES (76, 50);
INSERT IGNORE INTO TagProduk (id_produk, id_tag) VALUES (76, 119);
INSERT IGNORE INTO TagProduk (id_produk, id_tag) VALUES (76, 74);
INSERT IGNORE INTO TagProduk (id_produk, id_tag) VALUES (76, 77);
INSERT IGNORE INTO TagProduk (id_produk, id_tag) VALUES (77, 15);
INSERT IGNORE INTO TagProduk (id_produk, id_tag) VALUES (77, 99);
INSERT IGNORE INTO TagProduk (id_produk, id_tag) VALUES (77, 113);
INSERT IGNORE INTO TagProduk (id_produk, id_tag) VALUES (77, 59);
INSERT IGNORE INTO TagProduk (id_produk, id_tag) VALUES (78, 35);
INSERT IGNORE INTO TagProduk (id_produk, id_tag) VALUES (79, 66);
INSERT IGNORE INTO TagProduk (id_produk, id_tag) VALUES (79, 4);
INSERT IGNORE INTO TagProduk (id_produk, id_tag) VALUES (80, 21);
INSERT IGNORE INTO TagProduk (id_produk, id_tag) VALUES (80, 42);
INSERT IGNORE INTO TagProduk (id_produk, id_tag) VALUES (81, 90);
INSERT IGNORE INTO TagProduk (id_produk, id_tag) VALUES (81, 5);
INSERT IGNORE INTO TagProduk (id_produk, id_tag) VALUES (82, 22);
INSERT IGNORE INTO TagProduk (id_produk, id_tag) VALUES (82, 111);
INSERT IGNORE INTO TagProduk (id_produk, id_tag) VALUES (82, 46);
INSERT IGNORE INTO TagProduk (id_produk, id_tag) VALUES (83, 14);
INSERT IGNORE INTO TagProduk (id_produk, id_tag) VALUES (84, 69);
INSERT IGNORE INTO TagProduk (id_produk, id_tag) VALUES (84, 30);
INSERT IGNORE INTO TagProduk (id_produk, id_tag) VALUES (84, 60);
INSERT IGNORE INTO TagProduk (id_produk, id_tag) VALUES (84, 27);
INSERT IGNORE INTO TagProduk (id_produk, id_tag) VALUES (85, 58);
INSERT IGNORE INTO TagProduk (id_produk, id_tag) VALUES (85, 37);
INSERT IGNORE INTO TagProduk (id_produk, id_tag) VALUES (86, 71);
INSERT IGNORE INTO TagProduk (id_produk, id_tag) VALUES (86, 113);
INSERT IGNORE INTO TagProduk (id_produk, id_tag) VALUES (86, 12);
INSERT IGNORE INTO TagProduk (id_produk, id_tag) VALUES (86, 93);
INSERT IGNORE INTO TagProduk (id_produk, id_tag) VALUES (87, 70);
INSERT IGNORE INTO TagProduk (id_produk, id_tag) VALUES (87, 116);
INSERT IGNORE INTO TagProduk (id_produk, id_tag) VALUES (87, 31);
INSERT IGNORE INTO TagProduk (id_produk, id_tag) VALUES (87, 103);
INSERT IGNORE INTO TagProduk (id_produk, id_tag) VALUES (88, 32);
INSERT IGNORE INTO TagProduk (id_produk, id_tag) VALUES (88, 7);
INSERT IGNORE INTO TagProduk (id_produk, id_tag) VALUES (89, 112);
INSERT IGNORE INTO TagProduk (id_produk, id_tag) VALUES (89, 48);
INSERT IGNORE INTO TagProduk (id_produk, id_tag) VALUES (90, 100);
INSERT IGNORE INTO TagProduk (id_produk, id_tag) VALUES (90, 108);
INSERT IGNORE INTO TagProduk (id_produk, id_tag) VALUES (90, 75);
INSERT IGNORE INTO TagProduk (id_produk, id_tag) VALUES (90, 102);
INSERT IGNORE INTO TagProduk (id_produk, id_tag) VALUES (91, 90);
INSERT IGNORE INTO TagProduk (id_produk, id_tag) VALUES (92, 87);
INSERT IGNORE INTO TagProduk (id_produk, id_tag) VALUES (92, 86);
INSERT IGNORE INTO TagProduk (id_produk, id_tag) VALUES (92, 102);
INSERT IGNORE INTO TagProduk (id_produk, id_tag) VALUES (92, 112);
INSERT IGNORE INTO TagProduk (id_produk, id_tag) VALUES (93, 76);
INSERT IGNORE INTO TagProduk (id_produk, id_tag) VALUES (93, 79);
INSERT IGNORE INTO TagProduk (id_produk, id_tag) VALUES (93, 104);
INSERT IGNORE INTO TagProduk (id_produk, id_tag) VALUES (94, 14);
INSERT IGNORE INTO TagProduk (id_produk, id_tag) VALUES (94, 78);
INSERT IGNORE INTO TagProduk (id_produk, id_tag) VALUES (94, 33);
INSERT IGNORE INTO TagProduk (id_produk, id_tag) VALUES (94, 116);
INSERT IGNORE INTO TagProduk (id_produk, id_tag) VALUES (95, 27);
INSERT IGNORE INTO TagProduk (id_produk, id_tag) VALUES (96, 53);
INSERT IGNORE INTO TagProduk (id_produk, id_tag) VALUES (96, 17);
INSERT IGNORE INTO TagProduk (id_produk, id_tag) VALUES (96, 45);
INSERT IGNORE INTO TagProduk (id_produk, id_tag) VALUES (96, 99);
INSERT IGNORE INTO TagProduk (id_produk, id_tag) VALUES (97, 39);
INSERT IGNORE INTO TagProduk (id_produk, id_tag) VALUES (97, 7);
INSERT IGNORE INTO TagProduk (id_produk, id_tag) VALUES (97, 92);
INSERT IGNORE INTO TagProduk (id_produk, id_tag) VALUES (97, 59);
INSERT IGNORE INTO TagProduk (id_produk, id_tag) VALUES (98, 22);
INSERT IGNORE INTO TagProduk (id_produk, id_tag) VALUES (98, 111);
INSERT IGNORE INTO TagProduk (id_produk, id_tag) VALUES (98, 92);
INSERT IGNORE INTO TagProduk (id_produk, id_tag) VALUES (99, 4);
INSERT IGNORE INTO TagProduk (id_produk, id_tag) VALUES (99, 107);
INSERT IGNORE INTO TagProduk (id_produk, id_tag) VALUES (100, 110);
INSERT IGNORE INTO TagProduk (id_produk, id_tag) VALUES (100, 88);
INSERT IGNORE INTO TagProduk (id_produk, id_tag) VALUES (100, 44);

-- BarangKeranjang
INSERT IGNORE INTO BarangKeranjang (id_keranjang, sku, kuantitas) VALUES (1, 'SKU000125', 2);
INSERT IGNORE INTO BarangKeranjang (id_keranjang, sku, kuantitas) VALUES (1, 'SKU000060', 1);
INSERT IGNORE INTO BarangKeranjang (id_keranjang, sku, kuantitas) VALUES (1, 'SKU000170', 3);
INSERT IGNORE INTO BarangKeranjang (id_keranjang, sku, kuantitas) VALUES (2, 'SKU000152', 1);
INSERT IGNORE INTO BarangKeranjang (id_keranjang, sku, kuantitas) VALUES (2, 'SKU000124', 3);
INSERT IGNORE INTO BarangKeranjang (id_keranjang, sku, kuantitas) VALUES (3, 'SKU000181', 1);
INSERT IGNORE INTO BarangKeranjang (id_keranjang, sku, kuantitas) VALUES (3, 'SKU000080', 3);
INSERT IGNORE INTO BarangKeranjang (id_keranjang, sku, kuantitas) VALUES (3, 'SKU000092', 1);
INSERT IGNORE INTO BarangKeranjang (id_keranjang, sku, kuantitas) VALUES (3, 'SKU000162', 1);
INSERT IGNORE INTO BarangKeranjang (id_keranjang, sku, kuantitas) VALUES (3, 'SKU000028', 1);
INSERT IGNORE INTO BarangKeranjang (id_keranjang, sku, kuantitas) VALUES (5, 'SKU000182', 3);
INSERT IGNORE INTO BarangKeranjang (id_keranjang, sku, kuantitas) VALUES (5, 'SKU000033', 1);
INSERT IGNORE INTO BarangKeranjang (id_keranjang, sku, kuantitas) VALUES (5, 'SKU000166', 3);
INSERT IGNORE INTO BarangKeranjang (id_keranjang, sku, kuantitas) VALUES (5, 'SKU000074', 2);
INSERT IGNORE INTO BarangKeranjang (id_keranjang, sku, kuantitas) VALUES (5, 'SKU000004', 1);
INSERT IGNORE INTO BarangKeranjang (id_keranjang, sku, kuantitas) VALUES (7, 'SKU000064', 3);
INSERT IGNORE INTO BarangKeranjang (id_keranjang, sku, kuantitas) VALUES (7, 'SKU000037', 3);
INSERT IGNORE INTO BarangKeranjang (id_keranjang, sku, kuantitas) VALUES (7, 'SKU000143', 2);
INSERT IGNORE INTO BarangKeranjang (id_keranjang, sku, kuantitas) VALUES (7, 'SKU000141', 2);
INSERT IGNORE INTO BarangKeranjang (id_keranjang, sku, kuantitas) VALUES (7, 'SKU000140', 1);
INSERT IGNORE INTO BarangKeranjang (id_keranjang, sku, kuantitas) VALUES (8, 'SKU000156', 2);
INSERT IGNORE INTO BarangKeranjang (id_keranjang, sku, kuantitas) VALUES (8, 'SKU000010', 1);
INSERT IGNORE INTO BarangKeranjang (id_keranjang, sku, kuantitas) VALUES (9, 'SKU000058', 3);
INSERT IGNORE INTO BarangKeranjang (id_keranjang, sku, kuantitas) VALUES (9, 'SKU000027', 3);
INSERT IGNORE INTO BarangKeranjang (id_keranjang, sku, kuantitas) VALUES (9, 'SKU000057', 2);
INSERT IGNORE INTO BarangKeranjang (id_keranjang, sku, kuantitas) VALUES (10, 'SKU000078', 3);
INSERT IGNORE INTO BarangKeranjang (id_keranjang, sku, kuantitas) VALUES (10, 'SKU000063', 3);
INSERT IGNORE INTO BarangKeranjang (id_keranjang, sku, kuantitas) VALUES (10, 'SKU000196', 1);
INSERT IGNORE INTO BarangKeranjang (id_keranjang, sku, kuantitas) VALUES (11, 'SKU000051', 2);
INSERT IGNORE INTO BarangKeranjang (id_keranjang, sku, kuantitas) VALUES (11, 'SKU000072', 2);
INSERT IGNORE INTO BarangKeranjang (id_keranjang, sku, kuantitas) VALUES (11, 'SKU000169', 3);
INSERT IGNORE INTO BarangKeranjang (id_keranjang, sku, kuantitas) VALUES (12, 'SKU000019', 1);
INSERT IGNORE INTO BarangKeranjang (id_keranjang, sku, kuantitas) VALUES (12, 'SKU000193', 2);
INSERT IGNORE INTO BarangKeranjang (id_keranjang, sku, kuantitas) VALUES (12, 'SKU000138', 1);
INSERT IGNORE INTO BarangKeranjang (id_keranjang, sku, kuantitas) VALUES (13, 'SKU000014', 1);
INSERT IGNORE INTO BarangKeranjang (id_keranjang, sku, kuantitas) VALUES (13, 'SKU000134', 3);
INSERT IGNORE INTO BarangKeranjang (id_keranjang, sku, kuantitas) VALUES (13, 'SKU000053', 3);
INSERT IGNORE INTO BarangKeranjang (id_keranjang, sku, kuantitas) VALUES (14, 'SKU000030', 1);
INSERT IGNORE INTO BarangKeranjang (id_keranjang, sku, kuantitas) VALUES (14, 'SKU000015', 2);
INSERT IGNORE INTO BarangKeranjang (id_keranjang, sku, kuantitas) VALUES (14, 'SKU000185', 1);
INSERT IGNORE INTO BarangKeranjang (id_keranjang, sku, kuantitas) VALUES (15, 'SKU000190', 1);
INSERT IGNORE INTO BarangKeranjang (id_keranjang, sku, kuantitas) VALUES (15, 'SKU000109', 2);
INSERT IGNORE INTO BarangKeranjang (id_keranjang, sku, kuantitas) VALUES (15, 'SKU000173', 2);
INSERT IGNORE INTO BarangKeranjang (id_keranjang, sku, kuantitas) VALUES (16, 'SKU000128', 1);
INSERT IGNORE INTO BarangKeranjang (id_keranjang, sku, kuantitas) VALUES (16, 'SKU000102', 1);
INSERT IGNORE INTO BarangKeranjang (id_keranjang, sku, kuantitas) VALUES (16, 'SKU000165', 2);
INSERT IGNORE INTO BarangKeranjang (id_keranjang, sku, kuantitas) VALUES (16, 'SKU000082', 2);
INSERT IGNORE INTO BarangKeranjang (id_keranjang, sku, kuantitas) VALUES (17, 'SKU000159', 2);
INSERT IGNORE INTO BarangKeranjang (id_keranjang, sku, kuantitas) VALUES (18, 'SKU000174', 3);
INSERT IGNORE INTO BarangKeranjang (id_keranjang, sku, kuantitas) VALUES (18, 'SKU000021', 3);
INSERT IGNORE INTO BarangKeranjang (id_keranjang, sku, kuantitas) VALUES (19, 'SKU000125', 3);
INSERT IGNORE INTO BarangKeranjang (id_keranjang, sku, kuantitas) VALUES (19, 'SKU000151', 1);
INSERT IGNORE INTO BarangKeranjang (id_keranjang, sku, kuantitas) VALUES (19, 'SKU000091', 1);
INSERT IGNORE INTO BarangKeranjang (id_keranjang, sku, kuantitas) VALUES (19, 'SKU000061', 2);
INSERT IGNORE INTO BarangKeranjang (id_keranjang, sku, kuantitas) VALUES (19, 'SKU000138', 3);
INSERT IGNORE INTO BarangKeranjang (id_keranjang, sku, kuantitas) VALUES (20, 'SKU000071', 3);
INSERT IGNORE INTO BarangKeranjang (id_keranjang, sku, kuantitas) VALUES (20, 'SKU000080', 1);
INSERT IGNORE INTO BarangKeranjang (id_keranjang, sku, kuantitas) VALUES (20, 'SKU000065', 1);
INSERT IGNORE INTO BarangKeranjang (id_keranjang, sku, kuantitas) VALUES (20, 'SKU000177', 1);
INSERT IGNORE INTO BarangKeranjang (id_keranjang, sku, kuantitas) VALUES (20, 'SKU000170', 3);
INSERT IGNORE INTO BarangKeranjang (id_keranjang, sku, kuantitas) VALUES (21, 'SKU000135', 3);
INSERT IGNORE INTO BarangKeranjang (id_keranjang, sku, kuantitas) VALUES (22, 'SKU000008', 1);
INSERT IGNORE INTO BarangKeranjang (id_keranjang, sku, kuantitas) VALUES (22, 'SKU000022', 3);
INSERT IGNORE INTO BarangKeranjang (id_keranjang, sku, kuantitas) VALUES (22, 'SKU000171', 1);
INSERT IGNORE INTO BarangKeranjang (id_keranjang, sku, kuantitas) VALUES (22, 'SKU000115', 1);
INSERT IGNORE INTO BarangKeranjang (id_keranjang, sku, kuantitas) VALUES (22, 'SKU000080', 3);
INSERT IGNORE INTO BarangKeranjang (id_keranjang, sku, kuantitas) VALUES (23, 'SKU000163', 1);
INSERT IGNORE INTO BarangKeranjang (id_keranjang, sku, kuantitas) VALUES (23, 'SKU000077', 1);
INSERT IGNORE INTO BarangKeranjang (id_keranjang, sku, kuantitas) VALUES (23, 'SKU000112', 3);
INSERT IGNORE INTO BarangKeranjang (id_keranjang, sku, kuantitas) VALUES (24, 'SKU000117', 1);
INSERT IGNORE INTO BarangKeranjang (id_keranjang, sku, kuantitas) VALUES (24, 'SKU000006', 2);
INSERT IGNORE INTO BarangKeranjang (id_keranjang, sku, kuantitas) VALUES (24, 'SKU000127', 3);
INSERT IGNORE INTO BarangKeranjang (id_keranjang, sku, kuantitas) VALUES (25, 'SKU000093', 2);
INSERT IGNORE INTO BarangKeranjang (id_keranjang, sku, kuantitas) VALUES (25, 'SKU000080', 3);
INSERT IGNORE INTO BarangKeranjang (id_keranjang, sku, kuantitas) VALUES (26, 'SKU000119', 3);
INSERT IGNORE INTO BarangKeranjang (id_keranjang, sku, kuantitas) VALUES (26, 'SKU000071', 3);
INSERT IGNORE INTO BarangKeranjang (id_keranjang, sku, kuantitas) VALUES (27, 'SKU000040', 2);
INSERT IGNORE INTO BarangKeranjang (id_keranjang, sku, kuantitas) VALUES (27, 'SKU000011', 2);
INSERT IGNORE INTO BarangKeranjang (id_keranjang, sku, kuantitas) VALUES (27, 'SKU000024', 1);
INSERT IGNORE INTO BarangKeranjang (id_keranjang, sku, kuantitas) VALUES (27, 'SKU000051', 2);
INSERT IGNORE INTO BarangKeranjang (id_keranjang, sku, kuantitas) VALUES (27, 'SKU000036', 2);
INSERT IGNORE INTO BarangKeranjang (id_keranjang, sku, kuantitas) VALUES (28, 'SKU000083', 3);
INSERT IGNORE INTO BarangKeranjang (id_keranjang, sku, kuantitas) VALUES (28, 'SKU000086', 1);
INSERT IGNORE INTO BarangKeranjang (id_keranjang, sku, kuantitas) VALUES (28, 'SKU000118', 3);
INSERT IGNORE INTO BarangKeranjang (id_keranjang, sku, kuantitas) VALUES (28, 'SKU000013', 2);
INSERT IGNORE INTO BarangKeranjang (id_keranjang, sku, kuantitas) VALUES (30, 'SKU000044', 3);
INSERT IGNORE INTO BarangKeranjang (id_keranjang, sku, kuantitas) VALUES (31, 'SKU000017', 2);
INSERT IGNORE INTO BarangKeranjang (id_keranjang, sku, kuantitas) VALUES (31, 'SKU000107', 2);
INSERT IGNORE INTO BarangKeranjang (id_keranjang, sku, kuantitas) VALUES (31, 'SKU000014', 2);
INSERT IGNORE INTO BarangKeranjang (id_keranjang, sku, kuantitas) VALUES (31, 'SKU000155', 2);
INSERT IGNORE INTO BarangKeranjang (id_keranjang, sku, kuantitas) VALUES (31, 'SKU000006', 1);
INSERT IGNORE INTO BarangKeranjang (id_keranjang, sku, kuantitas) VALUES (32, 'SKU000095', 1);
INSERT IGNORE INTO BarangKeranjang (id_keranjang, sku, kuantitas) VALUES (33, 'SKU000118', 2);
INSERT IGNORE INTO BarangKeranjang (id_keranjang, sku, kuantitas) VALUES (33, 'SKU000095', 2);
INSERT IGNORE INTO BarangKeranjang (id_keranjang, sku, kuantitas) VALUES (34, 'SKU000096', 3);
INSERT IGNORE INTO BarangKeranjang (id_keranjang, sku, kuantitas) VALUES (34, 'SKU000106', 2);
INSERT IGNORE INTO BarangKeranjang (id_keranjang, sku, kuantitas) VALUES (34, 'SKU000115', 2);
INSERT IGNORE INTO BarangKeranjang (id_keranjang, sku, kuantitas) VALUES (34, 'SKU000031', 1);
INSERT IGNORE INTO BarangKeranjang (id_keranjang, sku, kuantitas) VALUES (35, 'SKU000066', 1);
INSERT IGNORE INTO BarangKeranjang (id_keranjang, sku, kuantitas) VALUES (35, 'SKU000100', 2);
INSERT IGNORE INTO BarangKeranjang (id_keranjang, sku, kuantitas) VALUES (35, 'SKU000152', 2);
INSERT IGNORE INTO BarangKeranjang (id_keranjang, sku, kuantitas) VALUES (35, 'SKU000035', 2);
INSERT IGNORE INTO BarangKeranjang (id_keranjang, sku, kuantitas) VALUES (36, 'SKU000025', 2);
INSERT IGNORE INTO BarangKeranjang (id_keranjang, sku, kuantitas) VALUES (36, 'SKU000012', 3);
INSERT IGNORE INTO BarangKeranjang (id_keranjang, sku, kuantitas) VALUES (36, 'SKU000153', 1);
INSERT IGNORE INTO BarangKeranjang (id_keranjang, sku, kuantitas) VALUES (36, 'SKU000045', 1);
INSERT IGNORE INTO BarangKeranjang (id_keranjang, sku, kuantitas) VALUES (36, 'SKU000013', 3);
INSERT IGNORE INTO BarangKeranjang (id_keranjang, sku, kuantitas) VALUES (38, 'SKU000158', 3);
INSERT IGNORE INTO BarangKeranjang (id_keranjang, sku, kuantitas) VALUES (41, 'SKU000089', 3);
INSERT IGNORE INTO BarangKeranjang (id_keranjang, sku, kuantitas) VALUES (41, 'SKU000002', 2);
INSERT IGNORE INTO BarangKeranjang (id_keranjang, sku, kuantitas) VALUES (41, 'SKU000192', 2);
INSERT IGNORE INTO BarangKeranjang (id_keranjang, sku, kuantitas) VALUES (42, 'SKU000075', 1);
INSERT IGNORE INTO BarangKeranjang (id_keranjang, sku, kuantitas) VALUES (42, 'SKU000126', 1);
INSERT IGNORE INTO BarangKeranjang (id_keranjang, sku, kuantitas) VALUES (42, 'SKU000016', 1);
INSERT IGNORE INTO BarangKeranjang (id_keranjang, sku, kuantitas) VALUES (42, 'SKU000163', 1);
INSERT IGNORE INTO BarangKeranjang (id_keranjang, sku, kuantitas) VALUES (42, 'SKU000167', 2);
INSERT IGNORE INTO BarangKeranjang (id_keranjang, sku, kuantitas) VALUES (43, 'SKU000093', 1);
INSERT IGNORE INTO BarangKeranjang (id_keranjang, sku, kuantitas) VALUES (44, 'SKU000013', 3);
INSERT IGNORE INTO BarangKeranjang (id_keranjang, sku, kuantitas) VALUES (45, 'SKU000115', 3);
INSERT IGNORE INTO BarangKeranjang (id_keranjang, sku, kuantitas) VALUES (46, 'SKU000145', 1);
INSERT IGNORE INTO BarangKeranjang (id_keranjang, sku, kuantitas) VALUES (46, 'SKU000125', 1);
INSERT IGNORE INTO BarangKeranjang (id_keranjang, sku, kuantitas) VALUES (46, 'SKU000032', 3);
INSERT IGNORE INTO BarangKeranjang (id_keranjang, sku, kuantitas) VALUES (46, 'SKU000183', 3);
INSERT IGNORE INTO BarangKeranjang (id_keranjang, sku, kuantitas) VALUES (46, 'SKU000022', 1);
INSERT IGNORE INTO BarangKeranjang (id_keranjang, sku, kuantitas) VALUES (47, 'SKU000041', 1);
INSERT IGNORE INTO BarangKeranjang (id_keranjang, sku, kuantitas) VALUES (47, 'SKU000013', 3);
INSERT IGNORE INTO BarangKeranjang (id_keranjang, sku, kuantitas) VALUES (47, 'SKU000032', 3);
INSERT IGNORE INTO BarangKeranjang (id_keranjang, sku, kuantitas) VALUES (47, 'SKU000048', 2);
INSERT IGNORE INTO BarangKeranjang (id_keranjang, sku, kuantitas) VALUES (47, 'SKU000150', 1);
INSERT IGNORE INTO BarangKeranjang (id_keranjang, sku, kuantitas) VALUES (48, 'SKU000109', 1);
INSERT IGNORE INTO BarangKeranjang (id_keranjang, sku, kuantitas) VALUES (48, 'SKU000182', 1);
INSERT IGNORE INTO BarangKeranjang (id_keranjang, sku, kuantitas) VALUES (48, 'SKU000140', 2);
INSERT IGNORE INTO BarangKeranjang (id_keranjang, sku, kuantitas) VALUES (48, 'SKU000014', 1);
INSERT IGNORE INTO BarangKeranjang (id_keranjang, sku, kuantitas) VALUES (48, 'SKU000009', 1);
INSERT IGNORE INTO BarangKeranjang (id_keranjang, sku, kuantitas) VALUES (51, 'SKU000023', 2);
INSERT IGNORE INTO BarangKeranjang (id_keranjang, sku, kuantitas) VALUES (53, 'SKU000066', 3);
INSERT IGNORE INTO BarangKeranjang (id_keranjang, sku, kuantitas) VALUES (53, 'SKU000155', 1);
INSERT IGNORE INTO BarangKeranjang (id_keranjang, sku, kuantitas) VALUES (53, 'SKU000117', 3);
INSERT IGNORE INTO BarangKeranjang (id_keranjang, sku, kuantitas) VALUES (53, 'SKU000160', 1);
INSERT IGNORE INTO BarangKeranjang (id_keranjang, sku, kuantitas) VALUES (53, 'SKU000124', 2);
INSERT IGNORE INTO BarangKeranjang (id_keranjang, sku, kuantitas) VALUES (54, 'SKU000155', 1);
INSERT IGNORE INTO BarangKeranjang (id_keranjang, sku, kuantitas) VALUES (54, 'SKU000026', 3);
INSERT IGNORE INTO BarangKeranjang (id_keranjang, sku, kuantitas) VALUES (54, 'SKU000023', 3);
INSERT IGNORE INTO BarangKeranjang (id_keranjang, sku, kuantitas) VALUES (55, 'SKU000087', 3);
INSERT IGNORE INTO BarangKeranjang (id_keranjang, sku, kuantitas) VALUES (55, 'SKU000046', 1);
INSERT IGNORE INTO BarangKeranjang (id_keranjang, sku, kuantitas) VALUES (56, 'SKU000002', 2);
INSERT IGNORE INTO BarangKeranjang (id_keranjang, sku, kuantitas) VALUES (56, 'SKU000075', 1);
INSERT IGNORE INTO BarangKeranjang (id_keranjang, sku, kuantitas) VALUES (56, 'SKU000047', 1);
INSERT IGNORE INTO BarangKeranjang (id_keranjang, sku, kuantitas) VALUES (56, 'SKU000155', 1);
INSERT IGNORE INTO BarangKeranjang (id_keranjang, sku, kuantitas) VALUES (56, 'SKU000070', 1);
INSERT IGNORE INTO BarangKeranjang (id_keranjang, sku, kuantitas) VALUES (58, 'SKU000182', 3);
INSERT IGNORE INTO BarangKeranjang (id_keranjang, sku, kuantitas) VALUES (58, 'SKU000120', 2);
INSERT IGNORE INTO BarangKeranjang (id_keranjang, sku, kuantitas) VALUES (60, 'SKU000072', 2);

-- Pesanan
INSERT IGNORE INTO Pesanan (id_pesanan, id_pembeli, id_alamat_pembeli, metode_pembayaran, metode_pengiriman, catatan, status_pesanan, waktu_pemesanan) VALUES (1, 35, 71, 'Transfer Bank BCA', 'J&T Express', 'Illum explicabo illo ullam perspiciatis.', 'Dikirim', '2025-01-28 02:11:30');
INSERT IGNORE INTO Pesanan (id_pesanan, id_pembeli, id_alamat_pembeli, metode_pembayaran, metode_pengiriman, catatan, status_pesanan, waktu_pemesanan) VALUES (2, 38, 76, 'Transfer Bank BCA', 'Sicepat BEST', NULL, 'Pending', '2025-05-14 04:46:30');
INSERT IGNORE INTO Pesanan (id_pesanan, id_pembeli, id_alamat_pembeli, metode_pembayaran, metode_pengiriman, catatan, status_pesanan, waktu_pemesanan) VALUES (3, 28, 58, 'OVO', 'Sicepat HALU', 'Sunt minima reiciendis porro labore explicabo provident laborum voluptatem.', 'Pending', '2025-05-23 02:30:30');
INSERT IGNORE INTO Pesanan (id_pesanan, id_pembeli, id_alamat_pembeli, metode_pembayaran, metode_pengiriman, catatan, status_pesanan, waktu_pemesanan) VALUES (4, 38, 76, 'GoPay', 'JNE REG', NULL, 'Pengembalian Dana', '2025-03-28 17:03:30');
INSERT IGNORE INTO Pesanan (id_pesanan, id_pembeli, id_alamat_pembeli, metode_pembayaran, metode_pengiriman, catatan, status_pesanan, waktu_pemesanan) VALUES (5, 4, 9, 'OVO', 'Sicepat HALU', NULL, 'Dibatalkan', '2025-01-07 15:44:30');
INSERT IGNORE INTO Pesanan (id_pesanan, id_pembeli, id_alamat_pembeli, metode_pembayaran, metode_pengiriman, catatan, status_pesanan, waktu_pemesanan) VALUES (6, 5, 10, 'Indomaret', 'Grab SameDay', 'Sapiente consectetur deleniti nam dolorum ratione optio debitis.', 'Menunggu Pembayaran', '2025-04-04 12:37:30');
INSERT IGNORE INTO Pesanan (id_pesanan, id_pembeli, id_alamat_pembeli, metode_pembayaran, metode_pengiriman, catatan, status_pesanan, waktu_pemesanan) VALUES (7, 57, 116, 'Transfer Bank Mandiri', 'Sicepat HALU', 'Quaerat excepturi inventore sit nobis molestiae perspiciatis.', 'Menunggu Pembayaran', '2025-01-02 22:38:30');
INSERT IGNORE INTO Pesanan (id_pesanan, id_pembeli, id_alamat_pembeli, metode_pembayaran, metode_pengiriman, catatan, status_pesanan, waktu_pemesanan) VALUES (8, 52, 104, 'Kartu Kredit Visa', 'POS Indonesia', NULL, 'Dikirim', '2025-03-24 22:16:30');
INSERT IGNORE INTO Pesanan (id_pesanan, id_pembeli, id_alamat_pembeli, metode_pembayaran, metode_pengiriman, catatan, status_pesanan, waktu_pemesanan) VALUES (9, 29, 60, 'OVO', 'Sicepat Gokil', 'Assumenda illo itaque laudantium dolorem dolorum veritatis ad quaerat voluptatum expedita nihil modi iste eum similique et.', 'Dibatalkan', '2024-12-15 01:02:30');
INSERT IGNORE INTO Pesanan (id_pesanan, id_pembeli, id_alamat_pembeli, metode_pembayaran, metode_pengiriman, catatan, status_pesanan, waktu_pemesanan) VALUES (10, 16, 33, 'ShopeePay', 'Sicepat Gokil', NULL, 'Dibatalkan', '2025-04-23 08:02:30');
INSERT IGNORE INTO Pesanan (id_pesanan, id_pembeli, id_alamat_pembeli, metode_pembayaran, metode_pengiriman, catatan, status_pesanan, waktu_pemesanan) VALUES (11, 58, 117, 'Kartu Kredit Visa', 'Grab SameDay', 'Eum qui quaerat deserunt possimus unde impedit vel doloribus aut iste fugit quis provident beatae autem itaque.', 'Pengembalian Dana', '2025-04-25 22:10:30');
INSERT IGNORE INTO Pesanan (id_pesanan, id_pembeli, id_alamat_pembeli, metode_pembayaran, metode_pengiriman, catatan, status_pesanan, waktu_pemesanan) VALUES (12, 41, 85, 'Kartu Kredit Visa', 'Gojek Instant', NULL, 'Diproses', '2025-04-13 10:41:30');
INSERT IGNORE INTO Pesanan (id_pesanan, id_pembeli, id_alamat_pembeli, metode_pembayaran, metode_pengiriman, catatan, status_pesanan, waktu_pemesanan) VALUES (13, 1, 1, 'Kartu Kredit Visa', 'POS Indonesia', NULL, 'Pending', '2025-03-12 08:07:30');
INSERT IGNORE INTO Pesanan (id_pesanan, id_pembeli, id_alamat_pembeli, metode_pembayaran, metode_pengiriman, catatan, status_pesanan, waktu_pemesanan) VALUES (14, 1, 1, 'ShopeePay', 'Ninja Xpress', NULL, 'Dibatalkan', '2024-12-07 09:45:30');
INSERT IGNORE INTO Pesanan (id_pesanan, id_pembeli, id_alamat_pembeli, metode_pembayaran, metode_pengiriman, catatan, status_pesanan, waktu_pemesanan) VALUES (15, 26, 54, 'Dana', 'J&T Express', 'Eius tenetur asperiores blanditiis eaque soluta impedit assumenda.', 'Pengembalian Dana', '2025-05-01 02:26:30');
INSERT IGNORE INTO Pesanan (id_pesanan, id_pembeli, id_alamat_pembeli, metode_pembayaran, metode_pengiriman, catatan, status_pesanan, waktu_pemesanan) VALUES (16, 28, 58, 'Indomaret', 'JNE YES', 'Cumque neque architecto provident minima repellat quisquam ipsam recusandae itaque beatae laborum cum.', 'Menunggu Pembayaran', '2025-03-16 04:20:30');
INSERT IGNORE INTO Pesanan (id_pesanan, id_pembeli, id_alamat_pembeli, metode_pembayaran, metode_pengiriman, catatan, status_pesanan, waktu_pemesanan) VALUES (17, 21, 45, 'Transfer Bank Mandiri', 'JNE REG', NULL, 'Pending', '2025-01-16 11:51:30');
INSERT IGNORE INTO Pesanan (id_pesanan, id_pembeli, id_alamat_pembeli, metode_pembayaran, metode_pengiriman, catatan, status_pesanan, waktu_pemesanan) VALUES (18, 39, 80, 'OVO', 'Sicepat HALU', NULL, 'Diproses', '2024-12-04 13:53:30');
INSERT IGNORE INTO Pesanan (id_pesanan, id_pembeli, id_alamat_pembeli, metode_pembayaran, metode_pengiriman, catatan, status_pesanan, waktu_pemesanan) VALUES (19, 19, 39, 'Transfer Bank Mandiri', 'Ninja Xpress', 'Corporis dicta nemo in expedita laudantium sint officia eligendi repudiandae qui aut animi repudiandae quae reiciendis.', 'Selesai', '2025-01-29 07:36:30');
INSERT IGNORE INTO Pesanan (id_pesanan, id_pembeli, id_alamat_pembeli, metode_pembayaran, metode_pengiriman, catatan, status_pesanan, waktu_pemesanan) VALUES (20, 35, 71, 'Transfer Bank BCA', 'JNE REG', NULL, 'Pending', '2025-03-16 06:36:30');
INSERT IGNORE INTO Pesanan (id_pesanan, id_pembeli, id_alamat_pembeli, metode_pembayaran, metode_pengiriman, catatan, status_pesanan, waktu_pemesanan) VALUES (21, 2, 3, 'Kartu Kredit Mastercard', 'Sicepat BEST', NULL, 'Pengembalian Dana', '2025-01-01 22:00:30');
INSERT IGNORE INTO Pesanan (id_pesanan, id_pembeli, id_alamat_pembeli, metode_pembayaran, metode_pengiriman, catatan, status_pesanan, waktu_pemesanan) VALUES (22, 21, 45, 'Kartu Kredit Mastercard', 'J&T Express', 'Reiciendis iusto minus a excepturi totam officiis commodi.', 'Dibatalkan', '2025-04-04 08:48:30');
INSERT IGNORE INTO Pesanan (id_pesanan, id_pembeli, id_alamat_pembeli, metode_pembayaran, metode_pengiriman, catatan, status_pesanan, waktu_pemesanan) VALUES (23, 14, 28, 'GoPay', 'Anteraja Regular', 'Asperiores reiciendis similique error inventore numquam voluptate facere a atque.', 'Selesai', '2025-01-09 23:57:30');
INSERT IGNORE INTO Pesanan (id_pesanan, id_pembeli, id_alamat_pembeli, metode_pembayaran, metode_pengiriman, catatan, status_pesanan, waktu_pemesanan) VALUES (24, 21, 45, 'ShopeePay', 'Sicepat Gokil', NULL, 'Dikirim', '2024-12-27 13:02:30');
INSERT IGNORE INTO Pesanan (id_pesanan, id_pembeli, id_alamat_pembeli, metode_pembayaran, metode_pengiriman, catatan, status_pesanan, waktu_pemesanan) VALUES (25, 20, 43, 'OVO', 'JNE YES', NULL, 'Diproses', '2025-02-08 18:53:30');
INSERT IGNORE INTO Pesanan (id_pesanan, id_pembeli, id_alamat_pembeli, metode_pembayaran, metode_pengiriman, catatan, status_pesanan, waktu_pemesanan) VALUES (26, 7, 17, 'COD', 'J&T Express', 'Omnis excepturi ullam vitae voluptas quod commodi ducimus nemo maiores nam nemo.', 'Selesai', '2025-03-15 15:08:30');
INSERT IGNORE INTO Pesanan (id_pesanan, id_pembeli, id_alamat_pembeli, metode_pembayaran, metode_pengiriman, catatan, status_pesanan, waktu_pemesanan) VALUES (27, 25, 53, 'Indomaret', 'POS Indonesia', 'Natus molestiae quaerat nostrum non distinctio dolorem quidem error ipsum nihil at libero sunt.', 'Menunggu Pembayaran', '2025-02-09 13:15:30');
INSERT IGNORE INTO Pesanan (id_pesanan, id_pembeli, id_alamat_pembeli, metode_pembayaran, metode_pengiriman, catatan, status_pesanan, waktu_pemesanan) VALUES (28, 41, 84, 'Kartu Kredit Mastercard', 'J&T Express', 'Delectus maiores reiciendis cupiditate vel recusandae architecto enim blanditiis.', 'Selesai', '2025-05-21 20:24:30');
INSERT IGNORE INTO Pesanan (id_pesanan, id_pembeli, id_alamat_pembeli, metode_pembayaran, metode_pengiriman, catatan, status_pesanan, waktu_pemesanan) VALUES (29, 5, 11, 'GoPay', 'JNE Trucking', NULL, 'Dikirim', '2025-05-26 07:59:30');
INSERT IGNORE INTO Pesanan (id_pesanan, id_pembeli, id_alamat_pembeli, metode_pembayaran, metode_pengiriman, catatan, status_pesanan, waktu_pemesanan) VALUES (30, 19, 39, 'GoPay', 'Gojek Instant', NULL, 'Selesai', '2024-12-19 03:54:30');
INSERT IGNORE INTO Pesanan (id_pesanan, id_pembeli, id_alamat_pembeli, metode_pembayaran, metode_pengiriman, catatan, status_pesanan, waktu_pemesanan) VALUES (31, 29, 59, 'Dana', 'Gojek Instant', NULL, 'Dibatalkan', '2025-05-20 15:02:30');
INSERT IGNORE INTO Pesanan (id_pesanan, id_pembeli, id_alamat_pembeli, metode_pembayaran, metode_pengiriman, catatan, status_pesanan, waktu_pemesanan) VALUES (32, 37, 73, 'Indomaret', 'Sicepat BEST', 'Laborum tempora officiis modi vel maiores porro nemo quam corrupti neque.', 'Menunggu Pembayaran', '2025-03-31 08:15:30');
INSERT IGNORE INTO Pesanan (id_pesanan, id_pembeli, id_alamat_pembeli, metode_pembayaran, metode_pengiriman, catatan, status_pesanan, waktu_pemesanan) VALUES (33, 57, 116, 'Dana', 'Sicepat BEST', NULL, 'Diproses', '2025-03-20 12:12:30');
INSERT IGNORE INTO Pesanan (id_pesanan, id_pembeli, id_alamat_pembeli, metode_pembayaran, metode_pengiriman, catatan, status_pesanan, waktu_pemesanan) VALUES (34, 17, 35, 'Virtual Account BNI', 'JNE Trucking', NULL, 'Pending', '2025-01-22 21:53:30');
INSERT IGNORE INTO Pesanan (id_pesanan, id_pembeli, id_alamat_pembeli, metode_pembayaran, metode_pengiriman, catatan, status_pesanan, waktu_pemesanan) VALUES (35, 3, 5, 'Kartu Kredit Mastercard', 'J&T Express', 'Voluptatem tempore minima consequatur commodi mollitia eaque beatae autem.', 'Menunggu Pembayaran', '2024-12-09 21:59:30');
INSERT IGNORE INTO Pesanan (id_pesanan, id_pembeli, id_alamat_pembeli, metode_pembayaran, metode_pengiriman, catatan, status_pesanan, waktu_pemesanan) VALUES (36, 57, 115, 'Transfer Bank BCA', 'Sicepat BEST', 'Similique dignissimos blanditiis nam odit excepturi.', 'Pending', '2025-01-11 01:30:30');
INSERT IGNORE INTO Pesanan (id_pesanan, id_pembeli, id_alamat_pembeli, metode_pembayaran, metode_pengiriman, catatan, status_pesanan, waktu_pemesanan) VALUES (37, 57, 116, 'Transfer Bank BCA', 'J&T Express', NULL, 'Diproses', '2025-05-06 06:16:30');
INSERT IGNORE INTO Pesanan (id_pesanan, id_pembeli, id_alamat_pembeli, metode_pembayaran, metode_pengiriman, catatan, status_pesanan, waktu_pemesanan) VALUES (38, 3, 5, 'Transfer Bank BCA', 'J&T Express', NULL, 'Pengembalian Dana', '2025-04-18 07:15:30');
INSERT IGNORE INTO Pesanan (id_pesanan, id_pembeli, id_alamat_pembeli, metode_pembayaran, metode_pengiriman, catatan, status_pesanan, waktu_pemesanan) VALUES (39, 54, 109, 'GoPay', 'J&T Express', NULL, 'Pending', '2025-03-04 22:20:30');
INSERT IGNORE INTO Pesanan (id_pesanan, id_pembeli, id_alamat_pembeli, metode_pembayaran, metode_pengiriman, catatan, status_pesanan, waktu_pemesanan) VALUES (40, 31, 63, 'Dana', 'JNE Trucking', 'Harum earum commodi eos repellat laudantium ratione dolore ipsa doloremque numquam ipsum natus quidem quisquam nesciunt minus nesciunt ipsa.', 'Selesai', '2024-12-15 14:38:30');
INSERT IGNORE INTO Pesanan (id_pesanan, id_pembeli, id_alamat_pembeli, metode_pembayaran, metode_pengiriman, catatan, status_pesanan, waktu_pemesanan) VALUES (41, 33, 67, 'GoPay', 'JNE YES', NULL, 'Diproses', '2025-05-26 23:13:30');
INSERT IGNORE INTO Pesanan (id_pesanan, id_pembeli, id_alamat_pembeli, metode_pembayaran, metode_pengiriman, catatan, status_pesanan, waktu_pemesanan) VALUES (42, 1, 1, 'Kartu Kredit Mastercard', 'Sicepat Gokil', NULL, 'Diproses', '2025-02-21 15:21:30');
INSERT IGNORE INTO Pesanan (id_pesanan, id_pembeli, id_alamat_pembeli, metode_pembayaran, metode_pengiriman, catatan, status_pesanan, waktu_pemesanan) VALUES (43, 11, 23, 'GoPay', 'JNE REG', 'Omnis inventore eius neque magnam impedit ipsum placeat eos a qui.', 'Dikirim', '2025-01-25 14:48:30');
INSERT IGNORE INTO Pesanan (id_pesanan, id_pembeli, id_alamat_pembeli, metode_pembayaran, metode_pengiriman, catatan, status_pesanan, waktu_pemesanan) VALUES (44, 13, 27, 'GoPay', 'JNE REG', NULL, 'Diproses', '2025-04-21 15:48:30');
INSERT IGNORE INTO Pesanan (id_pesanan, id_pembeli, id_alamat_pembeli, metode_pembayaran, metode_pengiriman, catatan, status_pesanan, waktu_pemesanan) VALUES (45, 21, 45, 'COD', 'Sicepat HALU', 'Adipisci sed doloribus ipsam dolorem inventore.', 'Menunggu Pembayaran', '2025-01-29 23:26:30');
INSERT IGNORE INTO Pesanan (id_pesanan, id_pembeli, id_alamat_pembeli, metode_pembayaran, metode_pengiriman, catatan, status_pesanan, waktu_pemesanan) VALUES (46, 47, 96, 'Dana', 'Gojek Instant', NULL, 'Selesai', '2024-12-10 21:26:30');
INSERT IGNORE INTO Pesanan (id_pesanan, id_pembeli, id_alamat_pembeli, metode_pembayaran, metode_pengiriman, catatan, status_pesanan, waktu_pemesanan) VALUES (47, 3, 4, 'ShopeePay', 'Sicepat BEST', 'Id accusamus mollitia quod voluptatibus modi hic qui minus exercitationem.', 'Menunggu Pembayaran', '2025-05-04 13:18:30');
INSERT IGNORE INTO Pesanan (id_pesanan, id_pembeli, id_alamat_pembeli, metode_pembayaran, metode_pengiriman, catatan, status_pesanan, waktu_pemesanan) VALUES (48, 1, 1, 'ShopeePay', 'JNE YES', 'Cumque consequuntur quam iste voluptatum ipsum quod nobis amet sit provident sed voluptate perspiciatis itaque tenetur maiores magnam.', 'Dikirim', '2025-02-02 14:28:30');
INSERT IGNORE INTO Pesanan (id_pesanan, id_pembeli, id_alamat_pembeli, metode_pembayaran, metode_pengiriman, catatan, status_pesanan, waktu_pemesanan) VALUES (49, 28, 58, 'Transfer Bank BCA', 'JNE YES', NULL, 'Pending', '2025-04-03 01:23:30');
INSERT IGNORE INTO Pesanan (id_pesanan, id_pembeli, id_alamat_pembeli, metode_pembayaran, metode_pengiriman, catatan, status_pesanan, waktu_pemesanan) VALUES (50, 58, 118, 'Kartu Kredit Mastercard', 'Anteraja Regular', 'Nam assumenda nemo quasi quod enim accusamus eveniet dolor.', 'Pending', '2025-05-06 03:36:30');
INSERT IGNORE INTO Pesanan (id_pesanan, id_pembeli, id_alamat_pembeli, metode_pembayaran, metode_pengiriman, catatan, status_pesanan, waktu_pemesanan) VALUES (51, 57, 115, 'Indomaret', 'Grab SameDay', NULL, 'Diproses', '2025-03-13 14:15:30');
INSERT IGNORE INTO Pesanan (id_pesanan, id_pembeli, id_alamat_pembeli, metode_pembayaran, metode_pengiriman, catatan, status_pesanan, waktu_pemesanan) VALUES (52, 57, 116, 'Dana', 'JNE Trucking', 'Maxime sapiente distinctio blanditiis in eius perferendis.', 'Menunggu Pembayaran', '2025-05-15 23:10:30');
INSERT IGNORE INTO Pesanan (id_pesanan, id_pembeli, id_alamat_pembeli, metode_pembayaran, metode_pengiriman, catatan, status_pesanan, waktu_pemesanan) VALUES (53, 12, 25, 'OVO', 'Sicepat BEST', NULL, 'Pending', '2025-04-04 04:40:30');
INSERT IGNORE INTO Pesanan (id_pesanan, id_pembeli, id_alamat_pembeli, metode_pembayaran, metode_pengiriman, catatan, status_pesanan, waktu_pemesanan) VALUES (54, 6, 14, 'Alfamart', 'JNE Trucking', NULL, 'Pending', '2025-01-25 20:38:30');
INSERT IGNORE INTO Pesanan (id_pesanan, id_pembeli, id_alamat_pembeli, metode_pembayaran, metode_pengiriman, catatan, status_pesanan, waktu_pemesanan) VALUES (55, 34, 69, 'Dana', 'Sicepat Gokil', 'Dignissimos nemo sapiente temporibus nemo est sunt rem est quis inventore maiores repellat.', 'Dibatalkan', '2025-03-01 03:39:30');
INSERT IGNORE INTO Pesanan (id_pesanan, id_pembeli, id_alamat_pembeli, metode_pembayaran, metode_pengiriman, catatan, status_pesanan, waktu_pemesanan) VALUES (56, 42, 88, 'Virtual Account BNI', 'Sicepat BEST', 'Voluptates nisi dolore iure tenetur quis tempore quia aliquid nam.', 'Menunggu Pembayaran', '2025-02-01 21:12:30');
INSERT IGNORE INTO Pesanan (id_pesanan, id_pembeli, id_alamat_pembeli, metode_pembayaran, metode_pengiriman, catatan, status_pesanan, waktu_pemesanan) VALUES (57, 15, 30, 'Virtual Account BNI', 'J&T Express', NULL, 'Selesai', '2025-02-12 13:13:30');
INSERT IGNORE INTO Pesanan (id_pesanan, id_pembeli, id_alamat_pembeli, metode_pembayaran, metode_pengiriman, catatan, status_pesanan, waktu_pemesanan) VALUES (58, 20, 42, 'Transfer Bank Mandiri', 'Sicepat Gokil', 'Dolorum tempora optio optio quas voluptatum commodi optio placeat voluptas dolore cum incidunt.', 'Selesai', '2025-05-24 00:04:30');
INSERT IGNORE INTO Pesanan (id_pesanan, id_pembeli, id_alamat_pembeli, metode_pembayaran, metode_pengiriman, catatan, status_pesanan, waktu_pemesanan) VALUES (59, 9, 20, 'Dana', 'Sicepat HALU', NULL, 'Pengembalian Dana', '2025-02-03 12:28:30');
INSERT IGNORE INTO Pesanan (id_pesanan, id_pembeli, id_alamat_pembeli, metode_pembayaran, metode_pengiriman, catatan, status_pesanan, waktu_pemesanan) VALUES (60, 19, 40, 'Transfer Bank BCA', 'POS Indonesia', NULL, 'Diproses', '2024-12-16 11:20:30');
INSERT IGNORE INTO Pesanan (id_pesanan, id_pembeli, id_alamat_pembeli, metode_pembayaran, metode_pengiriman, catatan, status_pesanan, waktu_pemesanan) VALUES (61, 25, 53, 'Alfamart', 'JNE Trucking', 'In rem velit veniam suscipit reiciendis labore quibusdam quidem dolorem perspiciatis.', 'Pengembalian Dana', '2025-04-17 05:23:30');
INSERT IGNORE INTO Pesanan (id_pesanan, id_pembeli, id_alamat_pembeli, metode_pembayaran, metode_pengiriman, catatan, status_pesanan, waktu_pemesanan) VALUES (62, 48, 97, 'Virtual Account BNI', 'Grab SameDay', NULL, 'Dikirim', '2024-12-20 23:56:30');
INSERT IGNORE INTO Pesanan (id_pesanan, id_pembeli, id_alamat_pembeli, metode_pembayaran, metode_pengiriman, catatan, status_pesanan, waktu_pemesanan) VALUES (63, 24, 51, 'Transfer Bank Mandiri', 'Grab SameDay', 'Corrupti exercitationem corrupti commodi voluptas architecto qui reprehenderit aliquam repellendus nam.', 'Menunggu Pembayaran', '2025-05-04 06:00:30');
INSERT IGNORE INTO Pesanan (id_pesanan, id_pembeli, id_alamat_pembeli, metode_pembayaran, metode_pengiriman, catatan, status_pesanan, waktu_pemesanan) VALUES (64, 44, 91, 'Kartu Kredit Visa', 'JNE YES', NULL, 'Diproses', '2025-04-06 12:37:30');
INSERT IGNORE INTO Pesanan (id_pesanan, id_pembeli, id_alamat_pembeli, metode_pembayaran, metode_pengiriman, catatan, status_pesanan, waktu_pemesanan) VALUES (65, 31, 64, 'COD', 'Sicepat HALU', NULL, 'Menunggu Pembayaran', '2024-12-14 21:41:30');
INSERT IGNORE INTO Pesanan (id_pesanan, id_pembeli, id_alamat_pembeli, metode_pembayaran, metode_pengiriman, catatan, status_pesanan, waktu_pemesanan) VALUES (66, 50, 100, 'COD', 'POS Indonesia', 'Ratione esse iusto quibusdam commodi recusandae reiciendis corrupti tempore.', 'Dikirim', '2025-02-19 12:54:30');
INSERT IGNORE INTO Pesanan (id_pesanan, id_pembeli, id_alamat_pembeli, metode_pembayaran, metode_pengiriman, catatan, status_pesanan, waktu_pemesanan) VALUES (67, 50, 100, 'Kartu Kredit Visa', 'Sicepat HALU', 'Soluta explicabo perspiciatis quos molestias ipsam doloribus similique vel libero voluptatem quia fugit repellendus laborum ad.', 'Dikirim', '2024-12-18 09:30:30');
INSERT IGNORE INTO Pesanan (id_pesanan, id_pembeli, id_alamat_pembeli, metode_pembayaran, metode_pengiriman, catatan, status_pesanan, waktu_pemesanan) VALUES (68, 53, 105, 'Kartu Kredit Mastercard', 'Gojek Instant', 'Aliquam sit maiores ut omnis earum.', 'Selesai', '2024-12-09 15:44:30');
INSERT IGNORE INTO Pesanan (id_pesanan, id_pembeli, id_alamat_pembeli, metode_pembayaran, metode_pengiriman, catatan, status_pesanan, waktu_pemesanan) VALUES (69, 20, 44, 'GoPay', 'Sicepat HALU', 'Iste quia voluptatem sapiente facere quod deserunt ducimus optio ut vel quidem itaque quisquam ipsum eius.', 'Pengembalian Dana', '2025-02-03 17:24:30');
INSERT IGNORE INTO Pesanan (id_pesanan, id_pembeli, id_alamat_pembeli, metode_pembayaran, metode_pengiriman, catatan, status_pesanan, waktu_pemesanan) VALUES (70, 1, 1, 'Virtual Account BNI', 'Anteraja Regular', NULL, 'Dikirim', '2025-05-30 04:31:30');
INSERT IGNORE INTO Pesanan (id_pesanan, id_pembeli, id_alamat_pembeli, metode_pembayaran, metode_pengiriman, catatan, status_pesanan, waktu_pemesanan) VALUES (71, 36, 72, 'Transfer Bank Mandiri', 'Gojek Instant', NULL, 'Diproses', '2025-01-06 21:03:30');
INSERT IGNORE INTO Pesanan (id_pesanan, id_pembeli, id_alamat_pembeli, metode_pembayaran, metode_pengiriman, catatan, status_pesanan, waktu_pemesanan) VALUES (72, 28, 58, 'Transfer Bank Mandiri', 'J&T Express', 'In sit deleniti magni modi illum omnis.', 'Pending', '2025-05-17 18:15:30');
INSERT IGNORE INTO Pesanan (id_pesanan, id_pembeli, id_alamat_pembeli, metode_pembayaran, metode_pengiriman, catatan, status_pesanan, waktu_pemesanan) VALUES (73, 6, 14, 'Dana', 'JNE REG', 'Ex saepe eaque.', 'Pengembalian Dana', '2025-02-04 13:43:30');
INSERT IGNORE INTO Pesanan (id_pesanan, id_pembeli, id_alamat_pembeli, metode_pembayaran, metode_pengiriman, catatan, status_pesanan, waktu_pemesanan) VALUES (74, 3, 5, 'Kartu Kredit Visa', 'Sicepat HALU', NULL, 'Pengembalian Dana', '2025-02-07 18:32:30');
INSERT IGNORE INTO Pesanan (id_pesanan, id_pembeli, id_alamat_pembeli, metode_pembayaran, metode_pengiriman, catatan, status_pesanan, waktu_pemesanan) VALUES (75, 10, 21, 'Dana', 'Grab SameDay', NULL, 'Dibatalkan', '2025-04-26 13:26:30');
INSERT IGNORE INTO Pesanan (id_pesanan, id_pembeli, id_alamat_pembeli, metode_pembayaran, metode_pengiriman, catatan, status_pesanan, waktu_pemesanan) VALUES (76, 48, 97, 'GoPay', 'JNE YES', NULL, 'Diproses', '2025-04-09 20:06:30');
INSERT IGNORE INTO Pesanan (id_pesanan, id_pembeli, id_alamat_pembeli, metode_pembayaran, metode_pengiriman, catatan, status_pesanan, waktu_pemesanan) VALUES (77, 1, 1, 'GoPay', 'Sicepat HALU', 'Beatae soluta adipisci necessitatibus accusantium fugit harum a magnam fugiat placeat dolor nostrum esse ipsa distinctio.', 'Selesai', '2025-05-09 08:57:30');
INSERT IGNORE INTO Pesanan (id_pesanan, id_pembeli, id_alamat_pembeli, metode_pembayaran, metode_pengiriman, catatan, status_pesanan, waktu_pemesanan) VALUES (78, 42, 86, 'Virtual Account BNI', 'Sicepat Gokil', NULL, 'Pending', '2025-01-30 02:42:30');
INSERT IGNORE INTO Pesanan (id_pesanan, id_pembeli, id_alamat_pembeli, metode_pembayaran, metode_pengiriman, catatan, status_pesanan, waktu_pemesanan) VALUES (79, 50, 100, 'Kartu Kredit Visa', 'J&T Express', 'Amet placeat cumque ab quos illo praesentium provident libero sit ab fugiat nobis.', 'Menunggu Pembayaran', '2025-04-18 23:30:30');
INSERT IGNORE INTO Pesanan (id_pesanan, id_pembeli, id_alamat_pembeli, metode_pembayaran, metode_pengiriman, catatan, status_pesanan, waktu_pemesanan) VALUES (80, 49, 99, 'Virtual Account BNI', 'Sicepat Gokil', 'Explicabo fugit neque.', 'Pending', '2025-05-05 01:46:30');
INSERT IGNORE INTO Pesanan (id_pesanan, id_pembeli, id_alamat_pembeli, metode_pembayaran, metode_pengiriman, catatan, status_pesanan, waktu_pemesanan) VALUES (81, 59, 121, 'Alfamart', 'J&T Express', NULL, 'Dikirim', '2025-01-02 07:06:30');
INSERT IGNORE INTO Pesanan (id_pesanan, id_pembeli, id_alamat_pembeli, metode_pembayaran, metode_pengiriman, catatan, status_pesanan, waktu_pemesanan) VALUES (82, 42, 88, 'Transfer Bank BCA', 'JNE YES', NULL, 'Pengembalian Dana', '2025-05-16 08:14:30');
INSERT IGNORE INTO Pesanan (id_pesanan, id_pembeli, id_alamat_pembeli, metode_pembayaran, metode_pengiriman, catatan, status_pesanan, waktu_pemesanan) VALUES (83, 41, 84, 'ShopeePay', 'JNE Trucking', NULL, 'Dibatalkan', '2025-01-22 23:43:30');
INSERT IGNORE INTO Pesanan (id_pesanan, id_pembeli, id_alamat_pembeli, metode_pembayaran, metode_pengiriman, catatan, status_pesanan, waktu_pemesanan) VALUES (84, 1, 1, 'Virtual Account BNI', 'JNE YES', 'Iste perspiciatis voluptates accusamus nobis odit temporibus cupiditate.', 'Selesai', '2025-03-01 21:41:30');
INSERT IGNORE INTO Pesanan (id_pesanan, id_pembeli, id_alamat_pembeli, metode_pembayaran, metode_pengiriman, catatan, status_pesanan, waktu_pemesanan) VALUES (85, 12, 25, 'Virtual Account BNI', 'Sicepat HALU', 'Doloremque cum aspernatur sequi et voluptatem tenetur ratione nemo dolorem dolorum nisi qui facere eaque exercitationem amet illum tempore.', 'Dikirim', '2024-12-05 22:34:30');
INSERT IGNORE INTO Pesanan (id_pesanan, id_pembeli, id_alamat_pembeli, metode_pembayaran, metode_pengiriman, catatan, status_pesanan, waktu_pemesanan) VALUES (86, 26, 54, 'Virtual Account BNI', 'JNE YES', 'Dignissimos magni qui iure facilis vel pariatur dolore.', 'Menunggu Pembayaran', '2025-05-05 18:43:30');
INSERT IGNORE INTO Pesanan (id_pesanan, id_pembeli, id_alamat_pembeli, metode_pembayaran, metode_pengiriman, catatan, status_pesanan, waktu_pemesanan) VALUES (87, 18, 37, 'Kartu Kredit Visa', 'Gojek Instant', NULL, 'Pending', '2024-12-29 17:29:30');
INSERT IGNORE INTO Pesanan (id_pesanan, id_pembeli, id_alamat_pembeli, metode_pembayaran, metode_pengiriman, catatan, status_pesanan, waktu_pemesanan) VALUES (88, 15, 31, 'Kartu Kredit Visa', 'JNE REG', NULL, 'Pending', '2025-05-01 03:07:30');
INSERT IGNORE INTO Pesanan (id_pesanan, id_pembeli, id_alamat_pembeli, metode_pembayaran, metode_pengiriman, catatan, status_pesanan, waktu_pemesanan) VALUES (89, 27, 55, 'Kartu Kredit Visa', 'POS Indonesia', 'Temporibus aspernatur a libero perferendis facilis ipsum iste suscipit nobis ex velit sint accusamus.', 'Menunggu Pembayaran', '2025-01-03 19:36:30');
INSERT IGNORE INTO Pesanan (id_pesanan, id_pembeli, id_alamat_pembeli, metode_pembayaran, metode_pengiriman, catatan, status_pesanan, waktu_pemesanan) VALUES (90, 13, 26, 'Transfer Bank BCA', 'Grab SameDay', 'Quia veniam omnis repudiandae at id fugit unde rem odit quam.', 'Pengembalian Dana', '2024-12-08 01:29:30');
INSERT IGNORE INTO Pesanan (id_pesanan, id_pembeli, id_alamat_pembeli, metode_pembayaran, metode_pengiriman, catatan, status_pesanan, waktu_pemesanan) VALUES (91, 3, 5, 'COD', 'Ninja Xpress', 'Ullam vel deserunt corporis placeat cumque vero.', 'Pending', '2025-01-25 22:41:30');
INSERT IGNORE INTO Pesanan (id_pesanan, id_pembeli, id_alamat_pembeli, metode_pembayaran, metode_pengiriman, catatan, status_pesanan, waktu_pemesanan) VALUES (92, 10, 21, 'GoPay', 'Ninja Xpress', NULL, 'Dikirim', '2024-12-10 15:47:30');
INSERT IGNORE INTO Pesanan (id_pesanan, id_pembeli, id_alamat_pembeli, metode_pembayaran, metode_pengiriman, catatan, status_pesanan, waktu_pemesanan) VALUES (93, 6, 14, 'Dana', 'JNE Trucking', 'Ratione veritatis unde rem corrupti aliquam nisi aliquid quisquam.', 'Dikirim', '2025-04-01 17:55:30');
INSERT IGNORE INTO Pesanan (id_pesanan, id_pembeli, id_alamat_pembeli, metode_pembayaran, metode_pengiriman, catatan, status_pesanan, waktu_pemesanan) VALUES (94, 47, 96, 'Dana', 'JNE REG', 'Officia maiores quam quaerat mollitia magni ut saepe minus.', 'Pengembalian Dana', '2025-01-24 17:44:30');
INSERT IGNORE INTO Pesanan (id_pesanan, id_pembeli, id_alamat_pembeli, metode_pembayaran, metode_pengiriman, catatan, status_pesanan, waktu_pemesanan) VALUES (95, 5, 12, 'ShopeePay', 'Gojek Instant', NULL, 'Dibatalkan', '2024-12-17 05:56:30');
INSERT IGNORE INTO Pesanan (id_pesanan, id_pembeli, id_alamat_pembeli, metode_pembayaran, metode_pengiriman, catatan, status_pesanan, waktu_pemesanan) VALUES (96, 4, 8, 'Transfer Bank BCA', 'Gojek Instant', 'Aliquid quasi veniam illo dolores impedit accusamus aut alias quae autem eius ratione provident.', 'Menunggu Pembayaran', '2025-04-03 03:25:30');
INSERT IGNORE INTO Pesanan (id_pesanan, id_pembeli, id_alamat_pembeli, metode_pembayaran, metode_pengiriman, catatan, status_pesanan, waktu_pemesanan) VALUES (97, 5, 11, 'Indomaret', 'Grab SameDay', 'Ipsum occaecati quo aliquid reprehenderit debitis assumenda rem minus quod beatae officiis labore nostrum rem veritatis ipsa praesentium.', 'Pengembalian Dana', '2025-05-18 19:25:30');
INSERT IGNORE INTO Pesanan (id_pesanan, id_pembeli, id_alamat_pembeli, metode_pembayaran, metode_pengiriman, catatan, status_pesanan, waktu_pemesanan) VALUES (98, 24, 51, 'ShopeePay', 'Sicepat Gokil', 'Ex beatae a totam non similique necessitatibus recusandae iure cumque porro.', 'Dikirim', '2025-01-31 07:02:30');
INSERT IGNORE INTO Pesanan (id_pesanan, id_pembeli, id_alamat_pembeli, metode_pembayaran, metode_pengiriman, catatan, status_pesanan, waktu_pemesanan) VALUES (99, 29, 59, 'COD', 'Anteraja Regular', 'Rem sint architecto natus assumenda.', 'Selesai', '2025-04-19 03:26:30');
INSERT IGNORE INTO Pesanan (id_pesanan, id_pembeli, id_alamat_pembeli, metode_pembayaran, metode_pengiriman, catatan, status_pesanan, waktu_pemesanan) VALUES (100, 10, 21, 'Transfer Bank Mandiri', 'Grab SameDay', NULL, 'Selesai', '2025-03-21 14:39:30');

-- BarangPesanan
INSERT IGNORE INTO BarangPesanan (id_pesanan, sku, kuantitas) VALUES (1, 'SKU000047', 1);
INSERT IGNORE INTO BarangPesanan (id_pesanan, sku, kuantitas) VALUES (1, 'SKU000061', 2);
INSERT IGNORE INTO BarangPesanan (id_pesanan, sku, kuantitas) VALUES (2, 'SKU000095', 2);
INSERT IGNORE INTO BarangPesanan (id_pesanan, sku, kuantitas) VALUES (2, 'SKU000179', 1);
INSERT IGNORE INTO BarangPesanan (id_pesanan, sku, kuantitas) VALUES (2, 'SKU000079', 2);
INSERT IGNORE INTO BarangPesanan (id_pesanan, sku, kuantitas) VALUES (2, 'SKU000191', 2);
INSERT IGNORE INTO BarangPesanan (id_pesanan, sku, kuantitas) VALUES (3, 'SKU000119', 1);
INSERT IGNORE INTO BarangPesanan (id_pesanan, sku, kuantitas) VALUES (3, 'SKU000150', 1);
INSERT IGNORE INTO BarangPesanan (id_pesanan, sku, kuantitas) VALUES (4, 'SKU000050', 1);
INSERT IGNORE INTO BarangPesanan (id_pesanan, sku, kuantitas) VALUES (5, 'SKU000139', 2);
INSERT IGNORE INTO BarangPesanan (id_pesanan, sku, kuantitas) VALUES (6, 'SKU000101', 2);
INSERT IGNORE INTO BarangPesanan (id_pesanan, sku, kuantitas) VALUES (6, 'SKU000165', 1);
INSERT IGNORE INTO BarangPesanan (id_pesanan, sku, kuantitas) VALUES (6, 'SKU000050', 1);
INSERT IGNORE INTO BarangPesanan (id_pesanan, sku, kuantitas) VALUES (7, 'SKU000100', 2);
INSERT IGNORE INTO BarangPesanan (id_pesanan, sku, kuantitas) VALUES (8, 'SKU000017', 2);
INSERT IGNORE INTO BarangPesanan (id_pesanan, sku, kuantitas) VALUES (8, 'SKU000139', 1);
INSERT IGNORE INTO BarangPesanan (id_pesanan, sku, kuantitas) VALUES (8, 'SKU000066', 1);
INSERT IGNORE INTO BarangPesanan (id_pesanan, sku, kuantitas) VALUES (9, 'SKU000062', 1);
INSERT IGNORE INTO BarangPesanan (id_pesanan, sku, kuantitas) VALUES (9, 'SKU000164', 1);
INSERT IGNORE INTO BarangPesanan (id_pesanan, sku, kuantitas) VALUES (10, 'SKU000053', 2);
INSERT IGNORE INTO BarangPesanan (id_pesanan, sku, kuantitas) VALUES (11, 'SKU000127', 2);
INSERT IGNORE INTO BarangPesanan (id_pesanan, sku, kuantitas) VALUES (11, 'SKU000046', 1);
INSERT IGNORE INTO BarangPesanan (id_pesanan, sku, kuantitas) VALUES (11, 'SKU000118', 1);
INSERT IGNORE INTO BarangPesanan (id_pesanan, sku, kuantitas) VALUES (11, 'SKU000020', 1);
INSERT IGNORE INTO BarangPesanan (id_pesanan, sku, kuantitas) VALUES (12, 'SKU000137', 2);
INSERT IGNORE INTO BarangPesanan (id_pesanan, sku, kuantitas) VALUES (12, 'SKU000114', 1);
INSERT IGNORE INTO BarangPesanan (id_pesanan, sku, kuantitas) VALUES (13, 'SKU000153', 1);
INSERT IGNORE INTO BarangPesanan (id_pesanan, sku, kuantitas) VALUES (14, 'SKU000185', 1);
INSERT IGNORE INTO BarangPesanan (id_pesanan, sku, kuantitas) VALUES (15, 'SKU000174', 2);
INSERT IGNORE INTO BarangPesanan (id_pesanan, sku, kuantitas) VALUES (16, 'SKU000079', 1);
INSERT IGNORE INTO BarangPesanan (id_pesanan, sku, kuantitas) VALUES (16, 'SKU000023', 2);
INSERT IGNORE INTO BarangPesanan (id_pesanan, sku, kuantitas) VALUES (16, 'SKU000196', 1);
INSERT IGNORE INTO BarangPesanan (id_pesanan, sku, kuantitas) VALUES (17, 'SKU000115', 1);
INSERT IGNORE INTO BarangPesanan (id_pesanan, sku, kuantitas) VALUES (17, 'SKU000076', 2);
INSERT IGNORE INTO BarangPesanan (id_pesanan, sku, kuantitas) VALUES (18, 'SKU000016', 2);
INSERT IGNORE INTO BarangPesanan (id_pesanan, sku, kuantitas) VALUES (18, 'SKU000158', 1);
INSERT IGNORE INTO BarangPesanan (id_pesanan, sku, kuantitas) VALUES (18, 'SKU000168', 1);
INSERT IGNORE INTO BarangPesanan (id_pesanan, sku, kuantitas) VALUES (18, 'SKU000125', 1);
INSERT IGNORE INTO BarangPesanan (id_pesanan, sku, kuantitas) VALUES (19, 'SKU000035', 2);
INSERT IGNORE INTO BarangPesanan (id_pesanan, sku, kuantitas) VALUES (19, 'SKU000132', 1);
INSERT IGNORE INTO BarangPesanan (id_pesanan, sku, kuantitas) VALUES (19, 'SKU000016', 1);
INSERT IGNORE INTO BarangPesanan (id_pesanan, sku, kuantitas) VALUES (19, 'SKU000027', 1);
INSERT IGNORE INTO BarangPesanan (id_pesanan, sku, kuantitas) VALUES (20, 'SKU000047', 1);
INSERT IGNORE INTO BarangPesanan (id_pesanan, sku, kuantitas) VALUES (20, 'SKU000023', 2);
INSERT IGNORE INTO BarangPesanan (id_pesanan, sku, kuantitas) VALUES (21, 'SKU000010', 1);
INSERT IGNORE INTO BarangPesanan (id_pesanan, sku, kuantitas) VALUES (21, 'SKU000120', 1);
INSERT IGNORE INTO BarangPesanan (id_pesanan, sku, kuantitas) VALUES (21, 'SKU000037', 2);
INSERT IGNORE INTO BarangPesanan (id_pesanan, sku, kuantitas) VALUES (21, 'SKU000127', 2);
INSERT IGNORE INTO BarangPesanan (id_pesanan, sku, kuantitas) VALUES (22, 'SKU000180', 2);
INSERT IGNORE INTO BarangPesanan (id_pesanan, sku, kuantitas) VALUES (22, 'SKU000072', 1);
INSERT IGNORE INTO BarangPesanan (id_pesanan, sku, kuantitas) VALUES (22, 'SKU000112', 1);
INSERT IGNORE INTO BarangPesanan (id_pesanan, sku, kuantitas) VALUES (23, 'SKU000132', 2);
INSERT IGNORE INTO BarangPesanan (id_pesanan, sku, kuantitas) VALUES (23, 'SKU000097', 1);
INSERT IGNORE INTO BarangPesanan (id_pesanan, sku, kuantitas) VALUES (24, 'SKU000033', 1);
INSERT IGNORE INTO BarangPesanan (id_pesanan, sku, kuantitas) VALUES (24, 'SKU000166', 1);
INSERT IGNORE INTO BarangPesanan (id_pesanan, sku, kuantitas) VALUES (25, 'SKU000129', 1);
INSERT IGNORE INTO BarangPesanan (id_pesanan, sku, kuantitas) VALUES (26, 'SKU000090', 1);
INSERT IGNORE INTO BarangPesanan (id_pesanan, sku, kuantitas) VALUES (26, 'SKU000027', 1);
INSERT IGNORE INTO BarangPesanan (id_pesanan, sku, kuantitas) VALUES (26, 'SKU000039', 2);
INSERT IGNORE INTO BarangPesanan (id_pesanan, sku, kuantitas) VALUES (27, 'SKU000001', 2);
INSERT IGNORE INTO BarangPesanan (id_pesanan, sku, kuantitas) VALUES (27, 'SKU000172', 2);
INSERT IGNORE INTO BarangPesanan (id_pesanan, sku, kuantitas) VALUES (27, 'SKU000183', 2);
INSERT IGNORE INTO BarangPesanan (id_pesanan, sku, kuantitas) VALUES (28, 'SKU000066', 1);
INSERT IGNORE INTO BarangPesanan (id_pesanan, sku, kuantitas) VALUES (28, 'SKU000137', 2);
INSERT IGNORE INTO BarangPesanan (id_pesanan, sku, kuantitas) VALUES (28, 'SKU000128', 1);
INSERT IGNORE INTO BarangPesanan (id_pesanan, sku, kuantitas) VALUES (29, 'SKU000142', 2);
INSERT IGNORE INTO BarangPesanan (id_pesanan, sku, kuantitas) VALUES (29, 'SKU000163', 2);
INSERT IGNORE INTO BarangPesanan (id_pesanan, sku, kuantitas) VALUES (29, 'SKU000044', 2);
INSERT IGNORE INTO BarangPesanan (id_pesanan, sku, kuantitas) VALUES (30, 'SKU000055', 2);
INSERT IGNORE INTO BarangPesanan (id_pesanan, sku, kuantitas) VALUES (30, 'SKU000031', 1);
INSERT IGNORE INTO BarangPesanan (id_pesanan, sku, kuantitas) VALUES (31, 'SKU000139', 1);
INSERT IGNORE INTO BarangPesanan (id_pesanan, sku, kuantitas) VALUES (31, 'SKU000030', 1);
INSERT IGNORE INTO BarangPesanan (id_pesanan, sku, kuantitas) VALUES (31, 'SKU000196', 1);
INSERT IGNORE INTO BarangPesanan (id_pesanan, sku, kuantitas) VALUES (31, 'SKU000092', 1);
INSERT IGNORE INTO BarangPesanan (id_pesanan, sku, kuantitas) VALUES (32, 'SKU000071', 2);
INSERT IGNORE INTO BarangPesanan (id_pesanan, sku, kuantitas) VALUES (33, 'SKU000190', 2);
INSERT IGNORE INTO BarangPesanan (id_pesanan, sku, kuantitas) VALUES (33, 'SKU000178', 1);
INSERT IGNORE INTO BarangPesanan (id_pesanan, sku, kuantitas) VALUES (33, 'SKU000012', 1);
INSERT IGNORE INTO BarangPesanan (id_pesanan, sku, kuantitas) VALUES (33, 'SKU000004', 1);
INSERT IGNORE INTO BarangPesanan (id_pesanan, sku, kuantitas) VALUES (34, 'SKU000120', 1);
INSERT IGNORE INTO BarangPesanan (id_pesanan, sku, kuantitas) VALUES (35, 'SKU000114', 1);
INSERT IGNORE INTO BarangPesanan (id_pesanan, sku, kuantitas) VALUES (35, 'SKU000087', 1);
INSERT IGNORE INTO BarangPesanan (id_pesanan, sku, kuantitas) VALUES (35, 'SKU000053', 1);
INSERT IGNORE INTO BarangPesanan (id_pesanan, sku, kuantitas) VALUES (36, 'SKU000107', 1);
INSERT IGNORE INTO BarangPesanan (id_pesanan, sku, kuantitas) VALUES (36, 'SKU000066', 2);
INSERT IGNORE INTO BarangPesanan (id_pesanan, sku, kuantitas) VALUES (36, 'SKU000068', 1);
INSERT IGNORE INTO BarangPesanan (id_pesanan, sku, kuantitas) VALUES (36, 'SKU000106', 1);
INSERT IGNORE INTO BarangPesanan (id_pesanan, sku, kuantitas) VALUES (37, 'SKU000098', 2);
INSERT IGNORE INTO BarangPesanan (id_pesanan, sku, kuantitas) VALUES (37, 'SKU000053', 2);
INSERT IGNORE INTO BarangPesanan (id_pesanan, sku, kuantitas) VALUES (37, 'SKU000086', 1);
INSERT IGNORE INTO BarangPesanan (id_pesanan, sku, kuantitas) VALUES (37, 'SKU000091', 1);
INSERT IGNORE INTO BarangPesanan (id_pesanan, sku, kuantitas) VALUES (38, 'SKU000025', 2);
INSERT IGNORE INTO BarangPesanan (id_pesanan, sku, kuantitas) VALUES (38, 'SKU000036', 2);
INSERT IGNORE INTO BarangPesanan (id_pesanan, sku, kuantitas) VALUES (38, 'SKU000178', 2);
INSERT IGNORE INTO BarangPesanan (id_pesanan, sku, kuantitas) VALUES (38, 'SKU000029', 2);
INSERT IGNORE INTO BarangPesanan (id_pesanan, sku, kuantitas) VALUES (39, 'SKU000073', 1);
INSERT IGNORE INTO BarangPesanan (id_pesanan, sku, kuantitas) VALUES (39, 'SKU000090', 1);
INSERT IGNORE INTO BarangPesanan (id_pesanan, sku, kuantitas) VALUES (40, 'SKU000065', 1);
INSERT IGNORE INTO BarangPesanan (id_pesanan, sku, kuantitas) VALUES (40, 'SKU000064', 2);
INSERT IGNORE INTO BarangPesanan (id_pesanan, sku, kuantitas) VALUES (41, 'SKU000173', 1);
INSERT IGNORE INTO BarangPesanan (id_pesanan, sku, kuantitas) VALUES (42, 'SKU000167', 1);
INSERT IGNORE INTO BarangPesanan (id_pesanan, sku, kuantitas) VALUES (42, 'SKU000134', 2);
INSERT IGNORE INTO BarangPesanan (id_pesanan, sku, kuantitas) VALUES (42, 'SKU000086', 1);
INSERT IGNORE INTO BarangPesanan (id_pesanan, sku, kuantitas) VALUES (42, 'SKU000010', 1);
INSERT IGNORE INTO BarangPesanan (id_pesanan, sku, kuantitas) VALUES (43, 'SKU000179', 1);
INSERT IGNORE INTO BarangPesanan (id_pesanan, sku, kuantitas) VALUES (44, 'SKU000027', 1);
INSERT IGNORE INTO BarangPesanan (id_pesanan, sku, kuantitas) VALUES (44, 'SKU000037', 2);
INSERT IGNORE INTO BarangPesanan (id_pesanan, sku, kuantitas) VALUES (44, 'SKU000195', 2);
INSERT IGNORE INTO BarangPesanan (id_pesanan, sku, kuantitas) VALUES (45, 'SKU000041', 1);
INSERT IGNORE INTO BarangPesanan (id_pesanan, sku, kuantitas) VALUES (45, 'SKU000110', 2);
INSERT IGNORE INTO BarangPesanan (id_pesanan, sku, kuantitas) VALUES (45, 'SKU000071', 2);
INSERT IGNORE INTO BarangPesanan (id_pesanan, sku, kuantitas) VALUES (45, 'SKU000132', 1);
INSERT IGNORE INTO BarangPesanan (id_pesanan, sku, kuantitas) VALUES (46, 'SKU000023', 2);
INSERT IGNORE INTO BarangPesanan (id_pesanan, sku, kuantitas) VALUES (46, 'SKU000126', 2);
INSERT IGNORE INTO BarangPesanan (id_pesanan, sku, kuantitas) VALUES (46, 'SKU000070', 2);
INSERT IGNORE INTO BarangPesanan (id_pesanan, sku, kuantitas) VALUES (46, 'SKU000049', 2);
INSERT IGNORE INTO BarangPesanan (id_pesanan, sku, kuantitas) VALUES (47, 'SKU000106', 1);
INSERT IGNORE INTO BarangPesanan (id_pesanan, sku, kuantitas) VALUES (48, 'SKU000114', 2);
INSERT IGNORE INTO BarangPesanan (id_pesanan, sku, kuantitas) VALUES (48, 'SKU000141', 1);
INSERT IGNORE INTO BarangPesanan (id_pesanan, sku, kuantitas) VALUES (48, 'SKU000096', 1);
INSERT IGNORE INTO BarangPesanan (id_pesanan, sku, kuantitas) VALUES (48, 'SKU000007', 1);
INSERT IGNORE INTO BarangPesanan (id_pesanan, sku, kuantitas) VALUES (49, 'SKU000178', 2);
INSERT IGNORE INTO BarangPesanan (id_pesanan, sku, kuantitas) VALUES (49, 'SKU000001', 1);
INSERT IGNORE INTO BarangPesanan (id_pesanan, sku, kuantitas) VALUES (50, 'SKU000170', 1);
INSERT IGNORE INTO BarangPesanan (id_pesanan, sku, kuantitas) VALUES (50, 'SKU000103', 1);
INSERT IGNORE INTO BarangPesanan (id_pesanan, sku, kuantitas) VALUES (50, 'SKU000075', 1);
INSERT IGNORE INTO BarangPesanan (id_pesanan, sku, kuantitas) VALUES (51, 'SKU000045', 1);
INSERT IGNORE INTO BarangPesanan (id_pesanan, sku, kuantitas) VALUES (52, 'SKU000136', 2);
INSERT IGNORE INTO BarangPesanan (id_pesanan, sku, kuantitas) VALUES (52, 'SKU000062', 2);
INSERT IGNORE INTO BarangPesanan (id_pesanan, sku, kuantitas) VALUES (53, 'SKU000184', 1);
INSERT IGNORE INTO BarangPesanan (id_pesanan, sku, kuantitas) VALUES (54, 'SKU000087', 1);
INSERT IGNORE INTO BarangPesanan (id_pesanan, sku, kuantitas) VALUES (54, 'SKU000011', 1);
INSERT IGNORE INTO BarangPesanan (id_pesanan, sku, kuantitas) VALUES (55, 'SKU000036', 1);
INSERT IGNORE INTO BarangPesanan (id_pesanan, sku, kuantitas) VALUES (56, 'SKU000134', 1);
INSERT IGNORE INTO BarangPesanan (id_pesanan, sku, kuantitas) VALUES (56, 'SKU000092', 1);
INSERT IGNORE INTO BarangPesanan (id_pesanan, sku, kuantitas) VALUES (56, 'SKU000031', 2);
INSERT IGNORE INTO BarangPesanan (id_pesanan, sku, kuantitas) VALUES (56, 'SKU000103', 1);
INSERT IGNORE INTO BarangPesanan (id_pesanan, sku, kuantitas) VALUES (57, 'SKU000039', 2);
INSERT IGNORE INTO BarangPesanan (id_pesanan, sku, kuantitas) VALUES (57, 'SKU000056', 1);
INSERT IGNORE INTO BarangPesanan (id_pesanan, sku, kuantitas) VALUES (57, 'SKU000044', 1);
INSERT IGNORE INTO BarangPesanan (id_pesanan, sku, kuantitas) VALUES (57, 'SKU000162', 1);
INSERT IGNORE INTO BarangPesanan (id_pesanan, sku, kuantitas) VALUES (58, 'SKU000086', 1);
INSERT IGNORE INTO BarangPesanan (id_pesanan, sku, kuantitas) VALUES (58, 'SKU000149', 1);
INSERT IGNORE INTO BarangPesanan (id_pesanan, sku, kuantitas) VALUES (59, 'SKU000090', 2);
INSERT IGNORE INTO BarangPesanan (id_pesanan, sku, kuantitas) VALUES (59, 'SKU000109', 1);
INSERT IGNORE INTO BarangPesanan (id_pesanan, sku, kuantitas) VALUES (60, 'SKU000164', 2);
INSERT IGNORE INTO BarangPesanan (id_pesanan, sku, kuantitas) VALUES (60, 'SKU000036', 1);
INSERT IGNORE INTO BarangPesanan (id_pesanan, sku, kuantitas) VALUES (60, 'SKU000194', 2);
INSERT IGNORE INTO BarangPesanan (id_pesanan, sku, kuantitas) VALUES (61, 'SKU000163', 2);
INSERT IGNORE INTO BarangPesanan (id_pesanan, sku, kuantitas) VALUES (61, 'SKU000183', 2);
INSERT IGNORE INTO BarangPesanan (id_pesanan, sku, kuantitas) VALUES (61, 'SKU000186', 2);
INSERT IGNORE INTO BarangPesanan (id_pesanan, sku, kuantitas) VALUES (61, 'SKU000050', 2);
INSERT IGNORE INTO BarangPesanan (id_pesanan, sku, kuantitas) VALUES (62, 'SKU000177', 2);
INSERT IGNORE INTO BarangPesanan (id_pesanan, sku, kuantitas) VALUES (62, 'SKU000082', 1);
INSERT IGNORE INTO BarangPesanan (id_pesanan, sku, kuantitas) VALUES (62, 'SKU000049', 2);
INSERT IGNORE INTO BarangPesanan (id_pesanan, sku, kuantitas) VALUES (63, 'SKU000016', 2);
INSERT IGNORE INTO BarangPesanan (id_pesanan, sku, kuantitas) VALUES (64, 'SKU000104', 1);
INSERT IGNORE INTO BarangPesanan (id_pesanan, sku, kuantitas) VALUES (64, 'SKU000160', 1);
INSERT IGNORE INTO BarangPesanan (id_pesanan, sku, kuantitas) VALUES (65, 'SKU000019', 2);
INSERT IGNORE INTO BarangPesanan (id_pesanan, sku, kuantitas) VALUES (65, 'SKU000114', 2);
INSERT IGNORE INTO BarangPesanan (id_pesanan, sku, kuantitas) VALUES (65, 'SKU000014', 2);
INSERT IGNORE INTO BarangPesanan (id_pesanan, sku, kuantitas) VALUES (66, 'SKU000083', 1);
INSERT IGNORE INTO BarangPesanan (id_pesanan, sku, kuantitas) VALUES (66, 'SKU000138', 1);
INSERT IGNORE INTO BarangPesanan (id_pesanan, sku, kuantitas) VALUES (66, 'SKU000149', 2);
INSERT IGNORE INTO BarangPesanan (id_pesanan, sku, kuantitas) VALUES (67, 'SKU000192', 2);
INSERT IGNORE INTO BarangPesanan (id_pesanan, sku, kuantitas) VALUES (67, 'SKU000041', 1);
INSERT IGNORE INTO BarangPesanan (id_pesanan, sku, kuantitas) VALUES (67, 'SKU000137', 2);
INSERT IGNORE INTO BarangPesanan (id_pesanan, sku, kuantitas) VALUES (68, 'SKU000055', 1);
INSERT IGNORE INTO BarangPesanan (id_pesanan, sku, kuantitas) VALUES (69, 'SKU000112', 1);
INSERT IGNORE INTO BarangPesanan (id_pesanan, sku, kuantitas) VALUES (70, 'SKU000138', 2);
INSERT IGNORE INTO BarangPesanan (id_pesanan, sku, kuantitas) VALUES (71, 'SKU000099', 2);
INSERT IGNORE INTO BarangPesanan (id_pesanan, sku, kuantitas) VALUES (71, 'SKU000162', 1);
INSERT IGNORE INTO BarangPesanan (id_pesanan, sku, kuantitas) VALUES (71, 'SKU000179', 2);
INSERT IGNORE INTO BarangPesanan (id_pesanan, sku, kuantitas) VALUES (71, 'SKU000148', 2);
INSERT IGNORE INTO BarangPesanan (id_pesanan, sku, kuantitas) VALUES (72, 'SKU000128', 1);
INSERT IGNORE INTO BarangPesanan (id_pesanan, sku, kuantitas) VALUES (72, 'SKU000051', 2);
INSERT IGNORE INTO BarangPesanan (id_pesanan, sku, kuantitas) VALUES (72, 'SKU000041', 1);
INSERT IGNORE INTO BarangPesanan (id_pesanan, sku, kuantitas) VALUES (72, 'SKU000005', 2);
INSERT IGNORE INTO BarangPesanan (id_pesanan, sku, kuantitas) VALUES (73, 'SKU000020', 1);
INSERT IGNORE INTO BarangPesanan (id_pesanan, sku, kuantitas) VALUES (73, 'SKU000159', 1);
INSERT IGNORE INTO BarangPesanan (id_pesanan, sku, kuantitas) VALUES (73, 'SKU000056', 2);
INSERT IGNORE INTO BarangPesanan (id_pesanan, sku, kuantitas) VALUES (73, 'SKU000083', 1);
INSERT IGNORE INTO BarangPesanan (id_pesanan, sku, kuantitas) VALUES (74, 'SKU000100', 1);
INSERT IGNORE INTO BarangPesanan (id_pesanan, sku, kuantitas) VALUES (74, 'SKU000131', 2);
INSERT IGNORE INTO BarangPesanan (id_pesanan, sku, kuantitas) VALUES (74, 'SKU000019', 1);
INSERT IGNORE INTO BarangPesanan (id_pesanan, sku, kuantitas) VALUES (74, 'SKU000127', 2);
INSERT IGNORE INTO BarangPesanan (id_pesanan, sku, kuantitas) VALUES (75, 'SKU000068', 1);
INSERT IGNORE INTO BarangPesanan (id_pesanan, sku, kuantitas) VALUES (76, 'SKU000075', 1);
INSERT IGNORE INTO BarangPesanan (id_pesanan, sku, kuantitas) VALUES (76, 'SKU000131', 1);
INSERT IGNORE INTO BarangPesanan (id_pesanan, sku, kuantitas) VALUES (76, 'SKU000106', 1);
INSERT IGNORE INTO BarangPesanan (id_pesanan, sku, kuantitas) VALUES (77, 'SKU000092', 1);
INSERT IGNORE INTO BarangPesanan (id_pesanan, sku, kuantitas) VALUES (78, 'SKU000018', 2);
INSERT IGNORE INTO BarangPesanan (id_pesanan, sku, kuantitas) VALUES (78, 'SKU000123', 1);
INSERT IGNORE INTO BarangPesanan (id_pesanan, sku, kuantitas) VALUES (78, 'SKU000103', 1);
INSERT IGNORE INTO BarangPesanan (id_pesanan, sku, kuantitas) VALUES (78, 'SKU000075', 1);
INSERT IGNORE INTO BarangPesanan (id_pesanan, sku, kuantitas) VALUES (79, 'SKU000012', 2);
INSERT IGNORE INTO BarangPesanan (id_pesanan, sku, kuantitas) VALUES (79, 'SKU000148', 1);
INSERT IGNORE INTO BarangPesanan (id_pesanan, sku, kuantitas) VALUES (80, 'SKU000094', 1);
INSERT IGNORE INTO BarangPesanan (id_pesanan, sku, kuantitas) VALUES (80, 'SKU000090', 2);
INSERT IGNORE INTO BarangPesanan (id_pesanan, sku, kuantitas) VALUES (80, 'SKU000020', 2);
INSERT IGNORE INTO BarangPesanan (id_pesanan, sku, kuantitas) VALUES (81, 'SKU000089', 1);
INSERT IGNORE INTO BarangPesanan (id_pesanan, sku, kuantitas) VALUES (81, 'SKU000140', 1);
INSERT IGNORE INTO BarangPesanan (id_pesanan, sku, kuantitas) VALUES (81, 'SKU000088', 1);
INSERT IGNORE INTO BarangPesanan (id_pesanan, sku, kuantitas) VALUES (82, 'SKU000046', 2);
INSERT IGNORE INTO BarangPesanan (id_pesanan, sku, kuantitas) VALUES (82, 'SKU000191', 1);
INSERT IGNORE INTO BarangPesanan (id_pesanan, sku, kuantitas) VALUES (82, 'SKU000115', 2);
INSERT IGNORE INTO BarangPesanan (id_pesanan, sku, kuantitas) VALUES (82, 'SKU000038', 2);
INSERT IGNORE INTO BarangPesanan (id_pesanan, sku, kuantitas) VALUES (83, 'SKU000072', 1);
INSERT IGNORE INTO BarangPesanan (id_pesanan, sku, kuantitas) VALUES (83, 'SKU000031', 1);
INSERT IGNORE INTO BarangPesanan (id_pesanan, sku, kuantitas) VALUES (83, 'SKU000166', 1);
INSERT IGNORE INTO BarangPesanan (id_pesanan, sku, kuantitas) VALUES (84, 'SKU000147', 2);
INSERT IGNORE INTO BarangPesanan (id_pesanan, sku, kuantitas) VALUES (85, 'SKU000055', 1);
INSERT IGNORE INTO BarangPesanan (id_pesanan, sku, kuantitas) VALUES (85, 'SKU000124', 1);
INSERT IGNORE INTO BarangPesanan (id_pesanan, sku, kuantitas) VALUES (86, 'SKU000132', 2);
INSERT IGNORE INTO BarangPesanan (id_pesanan, sku, kuantitas) VALUES (87, 'SKU000123', 1);
INSERT IGNORE INTO BarangPesanan (id_pesanan, sku, kuantitas) VALUES (87, 'SKU000012', 1);
INSERT IGNORE INTO BarangPesanan (id_pesanan, sku, kuantitas) VALUES (87, 'SKU000063', 2);
INSERT IGNORE INTO BarangPesanan (id_pesanan, sku, kuantitas) VALUES (88, 'SKU000153', 2);
INSERT IGNORE INTO BarangPesanan (id_pesanan, sku, kuantitas) VALUES (88, 'SKU000021', 2);
INSERT IGNORE INTO BarangPesanan (id_pesanan, sku, kuantitas) VALUES (89, 'SKU000119', 1);
INSERT IGNORE INTO BarangPesanan (id_pesanan, sku, kuantitas) VALUES (89, 'SKU000120', 2);
INSERT IGNORE INTO BarangPesanan (id_pesanan, sku, kuantitas) VALUES (89, 'SKU000122', 1);
INSERT IGNORE INTO BarangPesanan (id_pesanan, sku, kuantitas) VALUES (89, 'SKU000030', 2);
INSERT IGNORE INTO BarangPesanan (id_pesanan, sku, kuantitas) VALUES (90, 'SKU000094', 2);
INSERT IGNORE INTO BarangPesanan (id_pesanan, sku, kuantitas) VALUES (90, 'SKU000004', 1);
INSERT IGNORE INTO BarangPesanan (id_pesanan, sku, kuantitas) VALUES (90, 'SKU000052', 2);
INSERT IGNORE INTO BarangPesanan (id_pesanan, sku, kuantitas) VALUES (91, 'SKU000103', 2);
INSERT IGNORE INTO BarangPesanan (id_pesanan, sku, kuantitas) VALUES (92, 'SKU000060', 2);
INSERT IGNORE INTO BarangPesanan (id_pesanan, sku, kuantitas) VALUES (93, 'SKU000024', 1);
INSERT IGNORE INTO BarangPesanan (id_pesanan, sku, kuantitas) VALUES (93, 'SKU000075', 2);
INSERT IGNORE INTO BarangPesanan (id_pesanan, sku, kuantitas) VALUES (94, 'SKU000066', 2);
INSERT IGNORE INTO BarangPesanan (id_pesanan, sku, kuantitas) VALUES (95, 'SKU000016', 2);
INSERT IGNORE INTO BarangPesanan (id_pesanan, sku, kuantitas) VALUES (96, 'SKU000148', 2);
INSERT IGNORE INTO BarangPesanan (id_pesanan, sku, kuantitas) VALUES (96, 'SKU000048', 2);
INSERT IGNORE INTO BarangPesanan (id_pesanan, sku, kuantitas) VALUES (97, 'SKU000005', 2);
INSERT IGNORE INTO BarangPesanan (id_pesanan, sku, kuantitas) VALUES (97, 'SKU000064', 2);
INSERT IGNORE INTO BarangPesanan (id_pesanan, sku, kuantitas) VALUES (97, 'SKU000074', 1);
INSERT IGNORE INTO BarangPesanan (id_pesanan, sku, kuantitas) VALUES (98, 'SKU000069', 2);
INSERT IGNORE INTO BarangPesanan (id_pesanan, sku, kuantitas) VALUES (98, 'SKU000184', 1);
INSERT IGNORE INTO BarangPesanan (id_pesanan, sku, kuantitas) VALUES (98, 'SKU000136', 2);
INSERT IGNORE INTO BarangPesanan (id_pesanan, sku, kuantitas) VALUES (98, 'SKU000052', 2);
INSERT IGNORE INTO BarangPesanan (id_pesanan, sku, kuantitas) VALUES (99, 'SKU000086', 2);
INSERT IGNORE INTO BarangPesanan (id_pesanan, sku, kuantitas) VALUES (99, 'SKU000062', 1);
INSERT IGNORE INTO BarangPesanan (id_pesanan, sku, kuantitas) VALUES (100, 'SKU000010', 1);
INSERT IGNORE INTO BarangPesanan (id_pesanan, sku, kuantitas) VALUES (100, 'SKU000187', 2);
INSERT IGNORE INTO BarangPesanan (id_pesanan, sku, kuantitas) VALUES (100, 'SKU000149', 1);
INSERT IGNORE INTO BarangPesanan (id_pesanan, sku, kuantitas) VALUES (100, 'SKU000195', 2);

-- Wishlist
INSERT IGNORE INTO Wishlist (id_pembeli, id_produk) VALUES (1, 43);
INSERT IGNORE INTO Wishlist (id_pembeli, id_produk) VALUES (1, 35);
INSERT IGNORE INTO Wishlist (id_pembeli, id_produk) VALUES (1, 85);
INSERT IGNORE INTO Wishlist (id_pembeli, id_produk) VALUES (1, 46);
INSERT IGNORE INTO Wishlist (id_pembeli, id_produk) VALUES (1, 30);
INSERT IGNORE INTO Wishlist (id_pembeli, id_produk) VALUES (1, 64);
INSERT IGNORE INTO Wishlist (id_pembeli, id_produk) VALUES (1, 6);
INSERT IGNORE INTO Wishlist (id_pembeli, id_produk) VALUES (1, 41);
INSERT IGNORE INTO Wishlist (id_pembeli, id_produk) VALUES (2, 32);
INSERT IGNORE INTO Wishlist (id_pembeli, id_produk) VALUES (2, 89);
INSERT IGNORE INTO Wishlist (id_pembeli, id_produk) VALUES (2, 61);
INSERT IGNORE INTO Wishlist (id_pembeli, id_produk) VALUES (2, 45);
INSERT IGNORE INTO Wishlist (id_pembeli, id_produk) VALUES (2, 66);
INSERT IGNORE INTO Wishlist (id_pembeli, id_produk) VALUES (2, 40);
INSERT IGNORE INTO Wishlist (id_pembeli, id_produk) VALUES (2, 56);
INSERT IGNORE INTO Wishlist (id_pembeli, id_produk) VALUES (2, 53);
INSERT IGNORE INTO Wishlist (id_pembeli, id_produk) VALUES (3, 73);
INSERT IGNORE INTO Wishlist (id_pembeli, id_produk) VALUES (3, 9);
INSERT IGNORE INTO Wishlist (id_pembeli, id_produk) VALUES (3, 86);
INSERT IGNORE INTO Wishlist (id_pembeli, id_produk) VALUES (3, 61);
INSERT IGNORE INTO Wishlist (id_pembeli, id_produk) VALUES (3, 31);
INSERT IGNORE INTO Wishlist (id_pembeli, id_produk) VALUES (3, 93);
INSERT IGNORE INTO Wishlist (id_pembeli, id_produk) VALUES (4, 36);
INSERT IGNORE INTO Wishlist (id_pembeli, id_produk) VALUES (4, 41);
INSERT IGNORE INTO Wishlist (id_pembeli, id_produk) VALUES (4, 6);
INSERT IGNORE INTO Wishlist (id_pembeli, id_produk) VALUES (4, 51);
INSERT IGNORE INTO Wishlist (id_pembeli, id_produk) VALUES (4, 3);
INSERT IGNORE INTO Wishlist (id_pembeli, id_produk) VALUES (4, 94);
INSERT IGNORE INTO Wishlist (id_pembeli, id_produk) VALUES (4, 92);
INSERT IGNORE INTO Wishlist (id_pembeli, id_produk) VALUES (4, 98);
INSERT IGNORE INTO Wishlist (id_pembeli, id_produk) VALUES (4, 49);
INSERT IGNORE INTO Wishlist (id_pembeli, id_produk) VALUES (5, 11);
INSERT IGNORE INTO Wishlist (id_pembeli, id_produk) VALUES (5, 30);
INSERT IGNORE INTO Wishlist (id_pembeli, id_produk) VALUES (6, 32);
INSERT IGNORE INTO Wishlist (id_pembeli, id_produk) VALUES (6, 29);
INSERT IGNORE INTO Wishlist (id_pembeli, id_produk) VALUES (6, 90);
INSERT IGNORE INTO Wishlist (id_pembeli, id_produk) VALUES (6, 95);
INSERT IGNORE INTO Wishlist (id_pembeli, id_produk) VALUES (7, 19);
INSERT IGNORE INTO Wishlist (id_pembeli, id_produk) VALUES (7, 6);
INSERT IGNORE INTO Wishlist (id_pembeli, id_produk) VALUES (7, 59);
INSERT IGNORE INTO Wishlist (id_pembeli, id_produk) VALUES (8, 10);
INSERT IGNORE INTO Wishlist (id_pembeli, id_produk) VALUES (8, 68);
INSERT IGNORE INTO Wishlist (id_pembeli, id_produk) VALUES (8, 57);
INSERT IGNORE INTO Wishlist (id_pembeli, id_produk) VALUES (8, 33);
INSERT IGNORE INTO Wishlist (id_pembeli, id_produk) VALUES (8, 100);
INSERT IGNORE INTO Wishlist (id_pembeli, id_produk) VALUES (8, 96);
INSERT IGNORE INTO Wishlist (id_pembeli, id_produk) VALUES (8, 87);
INSERT IGNORE INTO Wishlist (id_pembeli, id_produk) VALUES (8, 82);
INSERT IGNORE INTO Wishlist (id_pembeli, id_produk) VALUES (9, 87);
INSERT IGNORE INTO Wishlist (id_pembeli, id_produk) VALUES (9, 77);
INSERT IGNORE INTO Wishlist (id_pembeli, id_produk) VALUES (11, 62);
INSERT IGNORE INTO Wishlist (id_pembeli, id_produk) VALUES (11, 81);
INSERT IGNORE INTO Wishlist (id_pembeli, id_produk) VALUES (11, 95);
INSERT IGNORE INTO Wishlist (id_pembeli, id_produk) VALUES (11, 13);
INSERT IGNORE INTO Wishlist (id_pembeli, id_produk) VALUES (11, 88);
INSERT IGNORE INTO Wishlist (id_pembeli, id_produk) VALUES (11, 57);
INSERT IGNORE INTO Wishlist (id_pembeli, id_produk) VALUES (11, 6);
INSERT IGNORE INTO Wishlist (id_pembeli, id_produk) VALUES (12, 15);
INSERT IGNORE INTO Wishlist (id_pembeli, id_produk) VALUES (12, 21);
INSERT IGNORE INTO Wishlist (id_pembeli, id_produk) VALUES (12, 35);
INSERT IGNORE INTO Wishlist (id_pembeli, id_produk) VALUES (12, 26);
INSERT IGNORE INTO Wishlist (id_pembeli, id_produk) VALUES (12, 73);
INSERT IGNORE INTO Wishlist (id_pembeli, id_produk) VALUES (13, 10);
INSERT IGNORE INTO Wishlist (id_pembeli, id_produk) VALUES (13, 97);
INSERT IGNORE INTO Wishlist (id_pembeli, id_produk) VALUES (13, 23);
INSERT IGNORE INTO Wishlist (id_pembeli, id_produk) VALUES (13, 68);
INSERT IGNORE INTO Wishlist (id_pembeli, id_produk) VALUES (14, 67);
INSERT IGNORE INTO Wishlist (id_pembeli, id_produk) VALUES (16, 43);
INSERT IGNORE INTO Wishlist (id_pembeli, id_produk) VALUES (16, 69);
INSERT IGNORE INTO Wishlist (id_pembeli, id_produk) VALUES (16, 23);
INSERT IGNORE INTO Wishlist (id_pembeli, id_produk) VALUES (16, 6);
INSERT IGNORE INTO Wishlist (id_pembeli, id_produk) VALUES (16, 65);
INSERT IGNORE INTO Wishlist (id_pembeli, id_produk) VALUES (16, 84);
INSERT IGNORE INTO Wishlist (id_pembeli, id_produk) VALUES (16, 52);
INSERT IGNORE INTO Wishlist (id_pembeli, id_produk) VALUES (17, 18);
INSERT IGNORE INTO Wishlist (id_pembeli, id_produk) VALUES (17, 61);
INSERT IGNORE INTO Wishlist (id_pembeli, id_produk) VALUES (17, 53);
INSERT IGNORE INTO Wishlist (id_pembeli, id_produk) VALUES (17, 33);
INSERT IGNORE INTO Wishlist (id_pembeli, id_produk) VALUES (19, 80);
INSERT IGNORE INTO Wishlist (id_pembeli, id_produk) VALUES (19, 87);
INSERT IGNORE INTO Wishlist (id_pembeli, id_produk) VALUES (19, 24);
INSERT IGNORE INTO Wishlist (id_pembeli, id_produk) VALUES (19, 78);
INSERT IGNORE INTO Wishlist (id_pembeli, id_produk) VALUES (19, 46);
INSERT IGNORE INTO Wishlist (id_pembeli, id_produk) VALUES (19, 19);
INSERT IGNORE INTO Wishlist (id_pembeli, id_produk) VALUES (19, 29);
INSERT IGNORE INTO Wishlist (id_pembeli, id_produk) VALUES (20, 18);
INSERT IGNORE INTO Wishlist (id_pembeli, id_produk) VALUES (20, 29);
INSERT IGNORE INTO Wishlist (id_pembeli, id_produk) VALUES (20, 67);
INSERT IGNORE INTO Wishlist (id_pembeli, id_produk) VALUES (20, 61);
INSERT IGNORE INTO Wishlist (id_pembeli, id_produk) VALUES (20, 73);
INSERT IGNORE INTO Wishlist (id_pembeli, id_produk) VALUES (20, 58);
INSERT IGNORE INTO Wishlist (id_pembeli, id_produk) VALUES (20, 42);
INSERT IGNORE INTO Wishlist (id_pembeli, id_produk) VALUES (21, 80);
INSERT IGNORE INTO Wishlist (id_pembeli, id_produk) VALUES (22, 13);
INSERT IGNORE INTO Wishlist (id_pembeli, id_produk) VALUES (22, 47);
INSERT IGNORE INTO Wishlist (id_pembeli, id_produk) VALUES (22, 73);
INSERT IGNORE INTO Wishlist (id_pembeli, id_produk) VALUES (22, 15);
INSERT IGNORE INTO Wishlist (id_pembeli, id_produk) VALUES (22, 55);
INSERT IGNORE INTO Wishlist (id_pembeli, id_produk) VALUES (22, 67);
INSERT IGNORE INTO Wishlist (id_pembeli, id_produk) VALUES (22, 82);
INSERT IGNORE INTO Wishlist (id_pembeli, id_produk) VALUES (23, 97);
INSERT IGNORE INTO Wishlist (id_pembeli, id_produk) VALUES (23, 84);
INSERT IGNORE INTO Wishlist (id_pembeli, id_produk) VALUES (23, 86);
INSERT IGNORE INTO Wishlist (id_pembeli, id_produk) VALUES (23, 67);
INSERT IGNORE INTO Wishlist (id_pembeli, id_produk) VALUES (23, 61);
INSERT IGNORE INTO Wishlist (id_pembeli, id_produk) VALUES (23, 74);
INSERT IGNORE INTO Wishlist (id_pembeli, id_produk) VALUES (23, 24);
INSERT IGNORE INTO Wishlist (id_pembeli, id_produk) VALUES (23, 82);
INSERT IGNORE INTO Wishlist (id_pembeli, id_produk) VALUES (24, 4);
INSERT IGNORE INTO Wishlist (id_pembeli, id_produk) VALUES (25, 72);
INSERT IGNORE INTO Wishlist (id_pembeli, id_produk) VALUES (26, 8);
INSERT IGNORE INTO Wishlist (id_pembeli, id_produk) VALUES (26, 96);
INSERT IGNORE INTO Wishlist (id_pembeli, id_produk) VALUES (26, 48);
INSERT IGNORE INTO Wishlist (id_pembeli, id_produk) VALUES (26, 1);
INSERT IGNORE INTO Wishlist (id_pembeli, id_produk) VALUES (26, 26);
INSERT IGNORE INTO Wishlist (id_pembeli, id_produk) VALUES (27, 100);
INSERT IGNORE INTO Wishlist (id_pembeli, id_produk) VALUES (27, 91);
INSERT IGNORE INTO Wishlist (id_pembeli, id_produk) VALUES (27, 55);
INSERT IGNORE INTO Wishlist (id_pembeli, id_produk) VALUES (27, 44);
INSERT IGNORE INTO Wishlist (id_pembeli, id_produk) VALUES (27, 14);
INSERT IGNORE INTO Wishlist (id_pembeli, id_produk) VALUES (27, 72);
INSERT IGNORE INTO Wishlist (id_pembeli, id_produk) VALUES (27, 52);
INSERT IGNORE INTO Wishlist (id_pembeli, id_produk) VALUES (27, 68);
INSERT IGNORE INTO Wishlist (id_pembeli, id_produk) VALUES (27, 33);
INSERT IGNORE INTO Wishlist (id_pembeli, id_produk) VALUES (27, 49);
INSERT IGNORE INTO Wishlist (id_pembeli, id_produk) VALUES (28, 34);
INSERT IGNORE INTO Wishlist (id_pembeli, id_produk) VALUES (28, 50);
INSERT IGNORE INTO Wishlist (id_pembeli, id_produk) VALUES (28, 70);
INSERT IGNORE INTO Wishlist (id_pembeli, id_produk) VALUES (28, 71);
INSERT IGNORE INTO Wishlist (id_pembeli, id_produk) VALUES (28, 88);
INSERT IGNORE INTO Wishlist (id_pembeli, id_produk) VALUES (28, 80);
INSERT IGNORE INTO Wishlist (id_pembeli, id_produk) VALUES (28, 57);
INSERT IGNORE INTO Wishlist (id_pembeli, id_produk) VALUES (28, 18);
INSERT IGNORE INTO Wishlist (id_pembeli, id_produk) VALUES (28, 24);
INSERT IGNORE INTO Wishlist (id_pembeli, id_produk) VALUES (28, 75);
INSERT IGNORE INTO Wishlist (id_pembeli, id_produk) VALUES (29, 98);
INSERT IGNORE INTO Wishlist (id_pembeli, id_produk) VALUES (29, 39);
INSERT IGNORE INTO Wishlist (id_pembeli, id_produk) VALUES (29, 55);
INSERT IGNORE INTO Wishlist (id_pembeli, id_produk) VALUES (29, 61);
INSERT IGNORE INTO Wishlist (id_pembeli, id_produk) VALUES (30, 54);
INSERT IGNORE INTO Wishlist (id_pembeli, id_produk) VALUES (30, 58);
INSERT IGNORE INTO Wishlist (id_pembeli, id_produk) VALUES (30, 6);
INSERT IGNORE INTO Wishlist (id_pembeli, id_produk) VALUES (30, 79);
INSERT IGNORE INTO Wishlist (id_pembeli, id_produk) VALUES (31, 16);
INSERT IGNORE INTO Wishlist (id_pembeli, id_produk) VALUES (31, 1);
INSERT IGNORE INTO Wishlist (id_pembeli, id_produk) VALUES (31, 83);
INSERT IGNORE INTO Wishlist (id_pembeli, id_produk) VALUES (32, 31);
INSERT IGNORE INTO Wishlist (id_pembeli, id_produk) VALUES (32, 21);
INSERT IGNORE INTO Wishlist (id_pembeli, id_produk) VALUES (32, 94);
INSERT IGNORE INTO Wishlist (id_pembeli, id_produk) VALUES (32, 93);
INSERT IGNORE INTO Wishlist (id_pembeli, id_produk) VALUES (33, 43);
INSERT IGNORE INTO Wishlist (id_pembeli, id_produk) VALUES (33, 33);
INSERT IGNORE INTO Wishlist (id_pembeli, id_produk) VALUES (33, 55);
INSERT IGNORE INTO Wishlist (id_pembeli, id_produk) VALUES (33, 17);
INSERT IGNORE INTO Wishlist (id_pembeli, id_produk) VALUES (33, 9);
INSERT IGNORE INTO Wishlist (id_pembeli, id_produk) VALUES (33, 51);
INSERT IGNORE INTO Wishlist (id_pembeli, id_produk) VALUES (34, 62);
INSERT IGNORE INTO Wishlist (id_pembeli, id_produk) VALUES (34, 24);
INSERT IGNORE INTO Wishlist (id_pembeli, id_produk) VALUES (34, 57);
INSERT IGNORE INTO Wishlist (id_pembeli, id_produk) VALUES (34, 20);
INSERT IGNORE INTO Wishlist (id_pembeli, id_produk) VALUES (34, 21);
INSERT IGNORE INTO Wishlist (id_pembeli, id_produk) VALUES (34, 35);
INSERT IGNORE INTO Wishlist (id_pembeli, id_produk) VALUES (35, 58);
INSERT IGNORE INTO Wishlist (id_pembeli, id_produk) VALUES (35, 6);
INSERT IGNORE INTO Wishlist (id_pembeli, id_produk) VALUES (35, 2);
INSERT IGNORE INTO Wishlist (id_pembeli, id_produk) VALUES (35, 61);
INSERT IGNORE INTO Wishlist (id_pembeli, id_produk) VALUES (35, 40);
INSERT IGNORE INTO Wishlist (id_pembeli, id_produk) VALUES (35, 92);
INSERT IGNORE INTO Wishlist (id_pembeli, id_produk) VALUES (35, 54);
INSERT IGNORE INTO Wishlist (id_pembeli, id_produk) VALUES (35, 90);
INSERT IGNORE INTO Wishlist (id_pembeli, id_produk) VALUES (35, 37);
INSERT IGNORE INTO Wishlist (id_pembeli, id_produk) VALUES (35, 52);
INSERT IGNORE INTO Wishlist (id_pembeli, id_produk) VALUES (36, 74);
INSERT IGNORE INTO Wishlist (id_pembeli, id_produk) VALUES (36, 92);
INSERT IGNORE INTO Wishlist (id_pembeli, id_produk) VALUES (36, 79);
INSERT IGNORE INTO Wishlist (id_pembeli, id_produk) VALUES (36, 77);
INSERT IGNORE INTO Wishlist (id_pembeli, id_produk) VALUES (36, 14);
INSERT IGNORE INTO Wishlist (id_pembeli, id_produk) VALUES (36, 43);
INSERT IGNORE INTO Wishlist (id_pembeli, id_produk) VALUES (36, 15);
INSERT IGNORE INTO Wishlist (id_pembeli, id_produk) VALUES (36, 37);
INSERT IGNORE INTO Wishlist (id_pembeli, id_produk) VALUES (36, 40);
INSERT IGNORE INTO Wishlist (id_pembeli, id_produk) VALUES (36, 47);
INSERT IGNORE INTO Wishlist (id_pembeli, id_produk) VALUES (37, 39);
INSERT IGNORE INTO Wishlist (id_pembeli, id_produk) VALUES (37, 36);
INSERT IGNORE INTO Wishlist (id_pembeli, id_produk) VALUES (37, 7);
INSERT IGNORE INTO Wishlist (id_pembeli, id_produk) VALUES (37, 43);
INSERT IGNORE INTO Wishlist (id_pembeli, id_produk) VALUES (37, 74);
INSERT IGNORE INTO Wishlist (id_pembeli, id_produk) VALUES (37, 93);
INSERT IGNORE INTO Wishlist (id_pembeli, id_produk) VALUES (37, 18);
INSERT IGNORE INTO Wishlist (id_pembeli, id_produk) VALUES (37, 25);
INSERT IGNORE INTO Wishlist (id_pembeli, id_produk) VALUES (38, 24);
INSERT IGNORE INTO Wishlist (id_pembeli, id_produk) VALUES (38, 85);
INSERT IGNORE INTO Wishlist (id_pembeli, id_produk) VALUES (40, 88);
INSERT IGNORE INTO Wishlist (id_pembeli, id_produk) VALUES (40, 2);
INSERT IGNORE INTO Wishlist (id_pembeli, id_produk) VALUES (40, 72);
INSERT IGNORE INTO Wishlist (id_pembeli, id_produk) VALUES (40, 38);
INSERT IGNORE INTO Wishlist (id_pembeli, id_produk) VALUES (40, 10);
INSERT IGNORE INTO Wishlist (id_pembeli, id_produk) VALUES (40, 75);
INSERT IGNORE INTO Wishlist (id_pembeli, id_produk) VALUES (40, 60);
INSERT IGNORE INTO Wishlist (id_pembeli, id_produk) VALUES (41, 58);
INSERT IGNORE INTO Wishlist (id_pembeli, id_produk) VALUES (41, 67);
INSERT IGNORE INTO Wishlist (id_pembeli, id_produk) VALUES (41, 19);
INSERT IGNORE INTO Wishlist (id_pembeli, id_produk) VALUES (41, 60);
INSERT IGNORE INTO Wishlist (id_pembeli, id_produk) VALUES (41, 33);
INSERT IGNORE INTO Wishlist (id_pembeli, id_produk) VALUES (41, 56);
INSERT IGNORE INTO Wishlist (id_pembeli, id_produk) VALUES (42, 92);
INSERT IGNORE INTO Wishlist (id_pembeli, id_produk) VALUES (42, 67);
INSERT IGNORE INTO Wishlist (id_pembeli, id_produk) VALUES (42, 9);
INSERT IGNORE INTO Wishlist (id_pembeli, id_produk) VALUES (42, 85);
INSERT IGNORE INTO Wishlist (id_pembeli, id_produk) VALUES (42, 95);
INSERT IGNORE INTO Wishlist (id_pembeli, id_produk) VALUES (42, 5);
INSERT IGNORE INTO Wishlist (id_pembeli, id_produk) VALUES (42, 40);
INSERT IGNORE INTO Wishlist (id_pembeli, id_produk) VALUES (42, 31);
INSERT IGNORE INTO Wishlist (id_pembeli, id_produk) VALUES (42, 28);
INSERT IGNORE INTO Wishlist (id_pembeli, id_produk) VALUES (43, 10);
INSERT IGNORE INTO Wishlist (id_pembeli, id_produk) VALUES (43, 35);
INSERT IGNORE INTO Wishlist (id_pembeli, id_produk) VALUES (43, 70);
INSERT IGNORE INTO Wishlist (id_pembeli, id_produk) VALUES (43, 41);
INSERT IGNORE INTO Wishlist (id_pembeli, id_produk) VALUES (43, 60);
INSERT IGNORE INTO Wishlist (id_pembeli, id_produk) VALUES (43, 53);
INSERT IGNORE INTO Wishlist (id_pembeli, id_produk) VALUES (43, 37);
INSERT IGNORE INTO Wishlist (id_pembeli, id_produk) VALUES (43, 48);
INSERT IGNORE INTO Wishlist (id_pembeli, id_produk) VALUES (43, 71);
INSERT IGNORE INTO Wishlist (id_pembeli, id_produk) VALUES (43, 81);
INSERT IGNORE INTO Wishlist (id_pembeli, id_produk) VALUES (44, 11);
INSERT IGNORE INTO Wishlist (id_pembeli, id_produk) VALUES (44, 100);
INSERT IGNORE INTO Wishlist (id_pembeli, id_produk) VALUES (44, 55);
INSERT IGNORE INTO Wishlist (id_pembeli, id_produk) VALUES (44, 95);
INSERT IGNORE INTO Wishlist (id_pembeli, id_produk) VALUES (44, 35);
INSERT IGNORE INTO Wishlist (id_pembeli, id_produk) VALUES (44, 7);
INSERT IGNORE INTO Wishlist (id_pembeli, id_produk) VALUES (45, 61);
INSERT IGNORE INTO Wishlist (id_pembeli, id_produk) VALUES (45, 63);
INSERT IGNORE INTO Wishlist (id_pembeli, id_produk) VALUES (45, 88);
INSERT IGNORE INTO Wishlist (id_pembeli, id_produk) VALUES (45, 59);
INSERT IGNORE INTO Wishlist (id_pembeli, id_produk) VALUES (45, 35);
INSERT IGNORE INTO Wishlist (id_pembeli, id_produk) VALUES (45, 12);
INSERT IGNORE INTO Wishlist (id_pembeli, id_produk) VALUES (45, 1);
INSERT IGNORE INTO Wishlist (id_pembeli, id_produk) VALUES (45, 89);
INSERT IGNORE INTO Wishlist (id_pembeli, id_produk) VALUES (45, 72);
INSERT IGNORE INTO Wishlist (id_pembeli, id_produk) VALUES (45, 53);
INSERT IGNORE INTO Wishlist (id_pembeli, id_produk) VALUES (46, 41);
INSERT IGNORE INTO Wishlist (id_pembeli, id_produk) VALUES (46, 11);
INSERT IGNORE INTO Wishlist (id_pembeli, id_produk) VALUES (46, 56);
INSERT IGNORE INTO Wishlist (id_pembeli, id_produk) VALUES (46, 42);
INSERT IGNORE INTO Wishlist (id_pembeli, id_produk) VALUES (46, 66);
INSERT IGNORE INTO Wishlist (id_pembeli, id_produk) VALUES (46, 93);
INSERT IGNORE INTO Wishlist (id_pembeli, id_produk) VALUES (46, 73);
INSERT IGNORE INTO Wishlist (id_pembeli, id_produk) VALUES (46, 38);
INSERT IGNORE INTO Wishlist (id_pembeli, id_produk) VALUES (47, 77);
INSERT IGNORE INTO Wishlist (id_pembeli, id_produk) VALUES (47, 9);
INSERT IGNORE INTO Wishlist (id_pembeli, id_produk) VALUES (47, 81);
INSERT IGNORE INTO Wishlist (id_pembeli, id_produk) VALUES (49, 9);
INSERT IGNORE INTO Wishlist (id_pembeli, id_produk) VALUES (49, 32);
INSERT IGNORE INTO Wishlist (id_pembeli, id_produk) VALUES (49, 8);
INSERT IGNORE INTO Wishlist (id_pembeli, id_produk) VALUES (49, 58);
INSERT IGNORE INTO Wishlist (id_pembeli, id_produk) VALUES (49, 70);
INSERT IGNORE INTO Wishlist (id_pembeli, id_produk) VALUES (49, 89);
INSERT IGNORE INTO Wishlist (id_pembeli, id_produk) VALUES (49, 36);
INSERT IGNORE INTO Wishlist (id_pembeli, id_produk) VALUES (49, 27);
INSERT IGNORE INTO Wishlist (id_pembeli, id_produk) VALUES (50, 31);
INSERT IGNORE INTO Wishlist (id_pembeli, id_produk) VALUES (50, 23);
INSERT IGNORE INTO Wishlist (id_pembeli, id_produk) VALUES (50, 44);
INSERT IGNORE INTO Wishlist (id_pembeli, id_produk) VALUES (50, 65);
INSERT IGNORE INTO Wishlist (id_pembeli, id_produk) VALUES (50, 37);
INSERT IGNORE INTO Wishlist (id_pembeli, id_produk) VALUES (51, 29);
INSERT IGNORE INTO Wishlist (id_pembeli, id_produk) VALUES (51, 69);
INSERT IGNORE INTO Wishlist (id_pembeli, id_produk) VALUES (51, 39);
INSERT IGNORE INTO Wishlist (id_pembeli, id_produk) VALUES (51, 34);
INSERT IGNORE INTO Wishlist (id_pembeli, id_produk) VALUES (52, 88);
INSERT IGNORE INTO Wishlist (id_pembeli, id_produk) VALUES (52, 92);
INSERT IGNORE INTO Wishlist (id_pembeli, id_produk) VALUES (52, 5);
INSERT IGNORE INTO Wishlist (id_pembeli, id_produk) VALUES (52, 63);
INSERT IGNORE INTO Wishlist (id_pembeli, id_produk) VALUES (52, 70);
INSERT IGNORE INTO Wishlist (id_pembeli, id_produk) VALUES (52, 30);
INSERT IGNORE INTO Wishlist (id_pembeli, id_produk) VALUES (53, 28);
INSERT IGNORE INTO Wishlist (id_pembeli, id_produk) VALUES (53, 50);
INSERT IGNORE INTO Wishlist (id_pembeli, id_produk) VALUES (53, 10);
INSERT IGNORE INTO Wishlist (id_pembeli, id_produk) VALUES (53, 52);
INSERT IGNORE INTO Wishlist (id_pembeli, id_produk) VALUES (53, 32);
INSERT IGNORE INTO Wishlist (id_pembeli, id_produk) VALUES (53, 90);
INSERT IGNORE INTO Wishlist (id_pembeli, id_produk) VALUES (53, 78);
INSERT IGNORE INTO Wishlist (id_pembeli, id_produk) VALUES (54, 47);
INSERT IGNORE INTO Wishlist (id_pembeli, id_produk) VALUES (54, 11);
INSERT IGNORE INTO Wishlist (id_pembeli, id_produk) VALUES (54, 66);
INSERT IGNORE INTO Wishlist (id_pembeli, id_produk) VALUES (54, 79);
INSERT IGNORE INTO Wishlist (id_pembeli, id_produk) VALUES (54, 49);
INSERT IGNORE INTO Wishlist (id_pembeli, id_produk) VALUES (55, 51);
INSERT IGNORE INTO Wishlist (id_pembeli, id_produk) VALUES (55, 67);
INSERT IGNORE INTO Wishlist (id_pembeli, id_produk) VALUES (55, 69);
INSERT IGNORE INTO Wishlist (id_pembeli, id_produk) VALUES (55, 26);
INSERT IGNORE INTO Wishlist (id_pembeli, id_produk) VALUES (55, 21);
INSERT IGNORE INTO Wishlist (id_pembeli, id_produk) VALUES (55, 56);
INSERT IGNORE INTO Wishlist (id_pembeli, id_produk) VALUES (56, 76);
INSERT IGNORE INTO Wishlist (id_pembeli, id_produk) VALUES (58, 69);
INSERT IGNORE INTO Wishlist (id_pembeli, id_produk) VALUES (58, 10);
INSERT IGNORE INTO Wishlist (id_pembeli, id_produk) VALUES (58, 48);
INSERT IGNORE INTO Wishlist (id_pembeli, id_produk) VALUES (58, 4);
INSERT IGNORE INTO Wishlist (id_pembeli, id_produk) VALUES (58, 56);
INSERT IGNORE INTO Wishlist (id_pembeli, id_produk) VALUES (58, 43);
INSERT IGNORE INTO Wishlist (id_pembeli, id_produk) VALUES (59, 12);
INSERT IGNORE INTO Wishlist (id_pembeli, id_produk) VALUES (59, 71);
INSERT IGNORE INTO Wishlist (id_pembeli, id_produk) VALUES (59, 82);
INSERT IGNORE INTO Wishlist (id_pembeli, id_produk) VALUES (59, 47);
INSERT IGNORE INTO Wishlist (id_pembeli, id_produk) VALUES (60, 6);
INSERT IGNORE INTO Wishlist (id_pembeli, id_produk) VALUES (60, 96);
INSERT IGNORE INTO Wishlist (id_pembeli, id_produk) VALUES (60, 19);
INSERT IGNORE INTO Wishlist (id_pembeli, id_produk) VALUES (60, 81);
INSERT IGNORE INTO Wishlist (id_pembeli, id_produk) VALUES (60, 34);

-- Ulasan
INSERT IGNORE INTO Ulasan (id_produk, id_pembeli, komentar, penilaian) VALUES (26, 35, 'Similique rem odit sed aperiam sapiente tempore.', 1);
INSERT IGNORE INTO Ulasan (id_produk, id_pembeli, komentar, penilaian) VALUES (67, 28, 'Qui magni delectus ab.', 1);
INSERT IGNORE INTO Ulasan (id_produk, id_pembeli, komentar, penilaian) VALUES (63, 28, 'Nostrum in magnam vel.', 4);
INSERT IGNORE INTO Ulasan (id_produk, id_pembeli, komentar, penilaian) VALUES (78, 4, 'Veritatis ipsum quidem ab.', 5);
INSERT IGNORE INTO Ulasan (id_produk, id_pembeli, komentar, penilaian) VALUES (27, 4, 'Possimus vero dignissimos dolorem iusto blanditiis qui. Reiciendis voluptas facere est ipsum quibusdam odit eos.', 1);
INSERT IGNORE INTO Ulasan (id_produk, id_pembeli, komentar, penilaian) VALUES (3, 5, 'Sed dolor placeat veniam.', 2);
INSERT IGNORE INTO Ulasan (id_produk, id_pembeli, komentar, penilaian) VALUES (35, 5, 'Cum quibusdam placeat eum dolorum quasi.', 3);
INSERT IGNORE INTO Ulasan (id_produk, id_pembeli, komentar, penilaian) VALUES (54, 5, 'Nisi eaque neque dolor.', 4);
INSERT IGNORE INTO Ulasan (id_produk, id_pembeli, komentar, penilaian) VALUES (87, 5, 'Nulla dicta dolore nam quo. Doloremque quis sit eius asperiores iusto pariatur.', 1);
INSERT IGNORE INTO Ulasan (id_produk, id_pembeli, komentar, penilaian) VALUES (56, 57, 'Repellendus nobis iure voluptatibus impedit perferendis corrupti.', 3);
INSERT IGNORE INTO Ulasan (id_produk, id_pembeli, komentar, penilaian) VALUES (7, 52, 'Rem recusandae nemo sequi nobis. Quisquam doloribus ut ad soluta doloribus.', 4);
INSERT IGNORE INTO Ulasan (id_produk, id_pembeli, komentar, penilaian) VALUES (73, 52, 'Id corporis commodi ratione libero quod maiores. Corrupti beatae corrupti.', 3);
INSERT IGNORE INTO Ulasan (id_produk, id_pembeli, komentar, penilaian) VALUES (35, 52, 'Natus nulla minima vel harum facere.', 5);
INSERT IGNORE INTO Ulasan (id_produk, id_pembeli, komentar, penilaian) VALUES (17, 29, 'Accusamus quos omnis delectus voluptatibus dicta cum.', 2);
INSERT IGNORE INTO Ulasan (id_produk, id_pembeli, komentar, penilaian) VALUES (17, 41, 'Ullam ipsum at nam sed cumque. Doloremque debitis quaerat quia cumque porro.', 1);
INSERT IGNORE INTO Ulasan (id_produk, id_pembeli, komentar, penilaian) VALUES (92, 26, 'Voluptas illo magnam dolore voluptatum.', 2);
INSERT IGNORE INTO Ulasan (id_produk, id_pembeli, komentar, penilaian) VALUES (69, 26, 'Ipsam unde maxime alias doloribus ipsam cupiditate.', 1);
INSERT IGNORE INTO Ulasan (id_produk, id_pembeli, komentar, penilaian) VALUES (18, 21, 'Nemo cumque cumque reiciendis dicta id.', 3);
INSERT IGNORE INTO Ulasan (id_produk, id_pembeli, komentar, penilaian) VALUES (59, 21, 'Voluptas repellendus nostrum ipsa aliquid.', 5);
INSERT IGNORE INTO Ulasan (id_produk, id_pembeli, komentar, penilaian) VALUES (84, 39, 'Quo dolores id inventore officiis odio ut.', 4);
INSERT IGNORE INTO Ulasan (id_produk, id_pembeli, komentar, penilaian) VALUES (89, 39, 'Labore distinctio veritatis commodi odit.', 1);
INSERT IGNORE INTO Ulasan (id_produk, id_pembeli, komentar, penilaian) VALUES (4, 2, 'Eveniet distinctio ab asperiores reprehenderit. Assumenda eum enim odio nobis quod. Nam laudantium ducimus incidunt quod repudiandae ut. Adipisci at sed corporis laboriosam deserunt.', 4);
INSERT IGNORE INTO Ulasan (id_produk, id_pembeli, komentar, penilaian) VALUES (63, 2, 'Nihil rerum ipsam necessitatibus vero id hic.', 1);
INSERT IGNORE INTO Ulasan (id_produk, id_pembeli, komentar, penilaian) VALUES (52, 14, 'Distinctio saepe cum nam vitae ex corporis. Pariatur repellat facilis ea autem minus. Et debitis natus eligendi dolorum.', 4);
INSERT IGNORE INTO Ulasan (id_produk, id_pembeli, komentar, penilaian) VALUES (69, 14, 'Repellat temporibus nesciunt vitae quaerat. Nam velit nisi labore possimus odio.', 3);
INSERT IGNORE INTO Ulasan (id_produk, id_pembeli, komentar, penilaian) VALUES (79, 20, 'Minus quam excepturi neque.', 3);
INSERT IGNORE INTO Ulasan (id_produk, id_pembeli, komentar, penilaian) VALUES (28, 25, 'Necessitatibus laudantium ex asperiores.', 1);
INSERT IGNORE INTO Ulasan (id_produk, id_pembeli, komentar, penilaian) VALUES (53, 3, 'Iure minima adipisci cupiditate ratione. Omnis voluptatum a.', 5);
INSERT IGNORE INTO Ulasan (id_produk, id_pembeli, komentar, penilaian) VALUES (9, 3, 'Vitae quia facere autem perferendis accusamus.', 4);
INSERT IGNORE INTO Ulasan (id_produk, id_pembeli, komentar, penilaian) VALUES (9, 31, 'Repudiandae sint quos corporis distinctio dolorem.', 5);
INSERT IGNORE INTO Ulasan (id_produk, id_pembeli, komentar, penilaian) VALUES (6, 31, 'Saepe aut perferendis aut id adipisci iste.', 2);
INSERT IGNORE INTO Ulasan (id_produk, id_pembeli, komentar, penilaian) VALUES (35, 31, 'Non porro ipsa sapiente. Iste itaque eum dicta illo voluptates harum.', 4);
INSERT IGNORE INTO Ulasan (id_produk, id_pembeli, komentar, penilaian) VALUES (60, 31, 'Debitis impedit iste sequi veritatis labore nobis.', 2);
INSERT IGNORE INTO Ulasan (id_produk, id_pembeli, komentar, penilaian) VALUES (92, 33, 'Voluptas consectetur alias iusto voluptatum tempora. At repudiandae doloremque aliquam.', 1);
INSERT IGNORE INTO Ulasan (id_produk, id_pembeli, komentar, penilaian) VALUES (94, 11, 'Totam ab earum placeat sed nobis dicta maxime. Exercitationem minima impedit quod laudantium magnam maiores.', 2);
INSERT IGNORE INTO Ulasan (id_produk, id_pembeli, komentar, penilaian) VALUES (10, 6, 'Soluta pariatur ducimus.', 2);
INSERT IGNORE INTO Ulasan (id_produk, id_pembeli, komentar, penilaian) VALUES (5, 6, 'Consectetur tempore veritatis fuga ad.', 3);
INSERT IGNORE INTO Ulasan (id_produk, id_pembeli, komentar, penilaian) VALUES (30, 6, 'Provident magnam quas quisquam quibusdam iste.', 2);
INSERT IGNORE INTO Ulasan (id_produk, id_pembeli, komentar, penilaian) VALUES (85, 6, 'Pariatur delectus omnis at. Dolor dignissimos possimus illo soluta sint.', 5);
INSERT IGNORE INTO Ulasan (id_produk, id_pembeli, komentar, penilaian) VALUES (40, 6, 'Unde nobis architecto commodi libero.', 2);
INSERT IGNORE INTO Ulasan (id_produk, id_pembeli, komentar, penilaian) VALUES (19, 34, 'Magnam nesciunt quis ratione suscipit laudantium ducimus. Cumque iusto eos facilis odio aspernatur quas.', 5);
INSERT IGNORE INTO Ulasan (id_produk, id_pembeli, komentar, penilaian) VALUES (21, 42, 'Numquam dolore sequi fuga fuga libero autem quo. Incidunt error ex placeat nesciunt esse. Quasi consequatur minus nulla similique.', 4);
INSERT IGNORE INTO Ulasan (id_produk, id_pembeli, komentar, penilaian) VALUES (64, 42, 'Natus vitae odit repudiandae occaecati.', 3);
INSERT IGNORE INTO Ulasan (id_produk, id_pembeli, komentar, penilaian) VALUES (49, 42, 'Veritatis repellendus repudiandae. Dolorem laboriosam quisquam saepe aperiam.', 5);
INSERT IGNORE INTO Ulasan (id_produk, id_pembeli, komentar, penilaian) VALUES (11, 15, 'Necessitatibus culpa quos sed pariatur necessitatibus totam. Accusantium cumque nihil delectus. Explicabo quos esse dolore eos. Rem iste repellat similique esse.', 5);
INSERT IGNORE INTO Ulasan (id_produk, id_pembeli, komentar, penilaian) VALUES (30, 15, 'Excepturi quas placeat deleniti esse odio. Deserunt dignissimos quam atque tempore.', 4);
INSERT IGNORE INTO Ulasan (id_produk, id_pembeli, komentar, penilaian) VALUES (24, 15, 'Quam nostrum cum maiores aperiam.', 3);
INSERT IGNORE INTO Ulasan (id_produk, id_pembeli, komentar, penilaian) VALUES (21, 15, 'Nobis possimus odit quis. Ipsam deleniti fugiat modi.', 2);
INSERT IGNORE INTO Ulasan (id_produk, id_pembeli, komentar, penilaian) VALUES (58, 9, 'Asperiores vel a ea.', 1);
INSERT IGNORE INTO Ulasan (id_produk, id_pembeli, komentar, penilaian) VALUES (49, 9, 'Soluta numquam eius nesciunt quod.', 1);
INSERT IGNORE INTO Ulasan (id_produk, id_pembeli, komentar, penilaian) VALUES (93, 48, 'Beatae unde aliquid laboriosam quasi consectetur optio.', 4);
INSERT IGNORE INTO Ulasan (id_produk, id_pembeli, komentar, penilaian) VALUES (56, 48, 'Explicabo tempora consequatur debitis laborum. Minus itaque fugiat commodi laborum. Iusto corporis natus.', 3);
INSERT IGNORE INTO Ulasan (id_produk, id_pembeli, komentar, penilaian) VALUES (68, 48, 'Quas nulla sunt nesciunt.', 4);
INSERT IGNORE INTO Ulasan (id_produk, id_pembeli, komentar, penilaian) VALUES (45, 48, 'Exercitationem doloremque sint repudiandae sapiente.', 4);
INSERT IGNORE INTO Ulasan (id_produk, id_pembeli, komentar, penilaian) VALUES (28, 48, 'Recusandae temporibus dolores similique. Quidem illum unde officiis optio quo.', 2);
INSERT IGNORE INTO Ulasan (id_produk, id_pembeli, komentar, penilaian) VALUES (96, 24, 'Beatae velit repellat eaque voluptate nobis id harum. Necessitatibus architecto ducimus accusantium libero pariatur sequi.', 4);
INSERT IGNORE INTO Ulasan (id_produk, id_pembeli, komentar, penilaian) VALUES (37, 24, 'Ad voluptates numquam dicta vel ullam. Pariatur ab amet accusantium debitis ad rerum. Dolor reiciendis dolorum excepturi excepturi sapiente atque.', 3);
INSERT IGNORE INTO Ulasan (id_produk, id_pembeli, komentar, penilaian) VALUES (29, 24, 'Molestias ducimus iusto atque accusamus. Deleniti quis optio occaecati.', 2);
INSERT IGNORE INTO Ulasan (id_produk, id_pembeli, komentar, penilaian) VALUES (85, 44, 'Pariatur beatae qui ad fuga nobis sed. Ipsa tenetur nisi ratione est placeat reiciendis.', 2);
INSERT IGNORE INTO Ulasan (id_produk, id_pembeli, komentar, penilaian) VALUES (55, 44, 'Consectetur temporibus eius quo dicta non fugit.', 2);
INSERT IGNORE INTO Ulasan (id_produk, id_pembeli, komentar, penilaian) VALUES (78, 50, 'Suscipit nam similique pariatur dolores illum autem. Tempore pariatur unde. Illum nisi ducimus illum ipsum.', 1);
INSERT IGNORE INTO Ulasan (id_produk, id_pembeli, komentar, penilaian) VALUES (99, 50, 'Eveniet facilis illo. Provident deleniti corporis omnis.', 4);
INSERT IGNORE INTO Ulasan (id_produk, id_pembeli, komentar, penilaian) VALUES (30, 53, 'Aliquid quos illum doloribus iusto. Necessitatibus molestiae voluptate.', 5);
INSERT IGNORE INTO Ulasan (id_produk, id_pembeli, komentar, penilaian) VALUES (78, 36, 'Magnam ullam dicta quibusdam iste. Corporis iusto sunt temporibus earum id explicabo quia.', 1);
INSERT IGNORE INTO Ulasan (id_produk, id_pembeli, komentar, penilaian) VALUES (53, 36, 'Numquam doloremque animi cumque et aut occaecati.', 1);
INSERT IGNORE INTO Ulasan (id_produk, id_pembeli, komentar, penilaian) VALUES (86, 36, 'Neque rem voluptatem id corporis quaerat voluptatibus.', 3);
INSERT IGNORE INTO Ulasan (id_produk, id_pembeli, komentar, penilaian) VALUES (37, 10, 'Ad vero odio asperiores nihil in quae.', 3);
INSERT IGNORE INTO Ulasan (id_produk, id_pembeli, komentar, penilaian) VALUES (79, 10, 'Commodi placeat officia officia dignissimos. Occaecati fugiat accusamus eius veniam assumenda.', 3);
INSERT IGNORE INTO Ulasan (id_produk, id_pembeli, komentar, penilaian) VALUES (4, 10, 'Quas laborum quisquam repellendus aliquam ea eos a. Dolorem dignissimos eos soluta facere. Impedit impedit eveniet omnis ipsam doloribus quasi incidunt.', 2);
INSERT IGNORE INTO Ulasan (id_produk, id_pembeli, komentar, penilaian) VALUES (97, 10, 'Labore temporibus reprehenderit omnis eum laboriosam. Repellendus corrupti doloremque eos quae aspernatur. Sequi quisquam nobis quidem.', 5);
INSERT IGNORE INTO Ulasan (id_produk, id_pembeli, komentar, penilaian) VALUES (10, 49, 'Vero quas voluptatibus rem accusamus in.', 3);
INSERT IGNORE INTO Ulasan (id_produk, id_pembeli, komentar, penilaian) VALUES (49, 49, 'Quo iure optio fugiat incidunt ipsa quo. Qui explicabo in deleniti sunt ratione soluta.', 1);
INSERT IGNORE INTO Ulasan (id_produk, id_pembeli, komentar, penilaian) VALUES (50, 49, 'Nisi aspernatur sed ullam mollitia.', 5);
INSERT IGNORE INTO Ulasan (id_produk, id_pembeli, komentar, penilaian) VALUES (34, 18, 'Error ea molestias quod architecto harum.', 5);
INSERT IGNORE INTO Ulasan (id_produk, id_pembeli, komentar, penilaian) VALUES (5, 18, 'Alias iste ut esse possimus quisquam laborum dolore.', 1);
INSERT IGNORE INTO Ulasan (id_produk, id_pembeli, komentar, penilaian) VALUES (64, 18, 'Fugiat laboriosam dolorem cumque officia aut. Iure voluptas mollitia. Deleniti delectus ad cum accusantium maxime illum nesciunt.', 2);
INSERT IGNORE INTO Ulasan (id_produk, id_pembeli, komentar, penilaian) VALUES (17, 27, 'Ea quas adipisci soluta nostrum molestiae.', 3);
INSERT IGNORE INTO Ulasan (id_produk, id_pembeli, komentar, penilaian) VALUES (63, 27, 'Officia quod eius eveniet. Blanditiis sint laboriosam repellat impedit. Facere vitae voluptas illum nisi alias.', 4);
INSERT IGNORE INTO Ulasan (id_produk, id_pembeli, komentar, penilaian) VALUES (64, 27, 'Repudiandae reprehenderit nam reiciendis laudantium aliquid ullam autem.', 3);
INSERT IGNORE INTO Ulasan (id_produk, id_pembeli, komentar, penilaian) VALUES (57, 53, 'Omnis occaecati pariatur aperiam ratione reprehenderit. Cumque sequi rem quo placeat nobis. Sint quia aliquam explicabo quis.', 5);
INSERT IGNORE INTO Ulasan (id_produk, id_pembeli, komentar, penilaian) VALUES (4, 37, 'Doloribus velit accusamus laborum.
Vero eius sunt non. Sint sint nulla aut repudiandae accusamus nihil. Sed maiores sunt ipsa.', 4);
INSERT IGNORE INTO Ulasan (id_produk, id_pembeli, komentar, penilaian) VALUES (55, 27, 'Officia perferendis provident possimus.
Ipsam aliquam saepe in voluptate deleniti. Excepturi et reiciendis molestias. Excepturi deserunt neque.', 3);
INSERT IGNORE INTO Ulasan (id_produk, id_pembeli, komentar, penilaian) VALUES (45, 19, 'Voluptatum nihil doloribus provident sit voluptates sapiente nemo. Eligendi molestiae magni qui temporibus rerum.', 4);
INSERT IGNORE INTO Ulasan (id_produk, id_pembeli, komentar, penilaian) VALUES (45, 1, 'Laboriosam nihil esse ipsa. Voluptatum praesentium ipsa voluptatem. Nulla earum voluptatum minima illum ducimus optio.', 5);
INSERT IGNORE INTO Ulasan (id_produk, id_pembeli, komentar, penilaian) VALUES (32, 3, 'Veritatis repudiandae natus maiores natus facere. Culpa quam facilis nihil facere.', 5);
INSERT IGNORE INTO Ulasan (id_produk, id_pembeli, komentar, penilaian) VALUES (51, 37, 'Sit ipsam delectus voluptatibus sunt. Quis ipsum unde explicabo quibusdam dicta delectus.', 5);
INSERT IGNORE INTO Ulasan (id_produk, id_pembeli, komentar, penilaian) VALUES (28, 16, 'Tempora sunt consequuntur nobis possimus cumque. Minima nisi delectus porro.', 5);
INSERT IGNORE INTO Ulasan (id_produk, id_pembeli, komentar, penilaian) VALUES (17, 43, 'Repellendus minima incidunt tempora pariatur veritatis. Rerum cumque porro autem. Quam perspiciatis harum quia nihil.
A repellat sunt necessitatibus.', 5);
INSERT IGNORE INTO Ulasan (id_produk, id_pembeli, komentar, penilaian) VALUES (84, 40, 'Sed sequi ut ab sed maiores fuga. Tenetur fuga et excepturi.', 3);
INSERT IGNORE INTO Ulasan (id_produk, id_pembeli, komentar, penilaian) VALUES (9, 50, 'Consectetur tenetur consectetur sit modi in aliquid.
Praesentium ad ipsam est ut possimus.', 5);
INSERT IGNORE INTO Ulasan (id_produk, id_pembeli, komentar, penilaian) VALUES (47, 57, 'Totam a quae nostrum numquam nam. Possimus itaque modi nostrum eligendi praesentium quaerat.', 4);
INSERT IGNORE INTO Ulasan (id_produk, id_pembeli, komentar, penilaian) VALUES (64, 30, 'Earum natus molestias. Qui necessitatibus culpa commodi numquam id sit.', 3);
INSERT IGNORE INTO Ulasan (id_produk, id_pembeli, komentar, penilaian) VALUES (43, 46, 'Quasi soluta ipsum dignissimos. Velit nesciunt aliquam enim praesentium magnam alias.', 3);
INSERT IGNORE INTO Ulasan (id_produk, id_pembeli, komentar, penilaian) VALUES (53, 40, 'Nihil quo corporis officia modi veritatis quo. Quis perferendis ad. Neque atque accusamus sunt amet quos fugit modi.', 5);
INSERT IGNORE INTO Ulasan (id_produk, id_pembeli, komentar, penilaian) VALUES (86, 54, 'Earum sunt temporibus necessitatibus sunt. Architecto consequuntur ratione aliquid maxime enim laboriosam.', 4);
INSERT IGNORE INTO Ulasan (id_produk, id_pembeli, komentar, penilaian) VALUES (21, 53, 'Ullam pariatur autem voluptatem. Asperiores qui nihil consequuntur. Incidunt nulla incidunt dolorem sint ab.', 4);
INSERT IGNORE INTO Ulasan (id_produk, id_pembeli, komentar, penilaian) VALUES (21, 8, 'Modi perspiciatis ullam voluptates. Ut cupiditate eveniet perspiciatis. Dolorem ex nobis incidunt vel similique.', 3);
INSERT IGNORE INTO Ulasan (id_produk, id_pembeli, komentar, penilaian) VALUES (36, 45, 'A voluptatibus quidem deserunt laborum quaerat iusto. Voluptatem perspiciatis illo excepturi nostrum.', 3);
INSERT IGNORE INTO Ulasan (id_produk, id_pembeli, komentar, penilaian) VALUES (12, 13, 'Nobis quia eveniet dicta minima. Nisi ab ex maiores officiis quas placeat earum.', 3);
INSERT IGNORE INTO Ulasan (id_produk, id_pembeli, komentar, penilaian) VALUES (94, 53, 'Laborum quam natus repudiandae alias deleniti.', 3);

-- Teman
INSERT IGNORE INTO Teman (id_diikuti, id_mengikuti) VALUES (56, 1);
INSERT IGNORE INTO Teman (id_diikuti, id_mengikuti) VALUES (54, 1);
INSERT IGNORE INTO Teman (id_diikuti, id_mengikuti) VALUES (38, 1);
INSERT IGNORE INTO Teman (id_diikuti, id_mengikuti) VALUES (7, 1);
INSERT IGNORE INTO Teman (id_diikuti, id_mengikuti) VALUES (79, 2);
INSERT IGNORE INTO Teman (id_diikuti, id_mengikuti) VALUES (46, 2);
INSERT IGNORE INTO Teman (id_diikuti, id_mengikuti) VALUES (59, 2);
INSERT IGNORE INTO Teman (id_diikuti, id_mengikuti) VALUES (19, 2);
INSERT IGNORE INTO Teman (id_diikuti, id_mengikuti) VALUES (30, 2);
INSERT IGNORE INTO Teman (id_diikuti, id_mengikuti) VALUES (43, 3);
INSERT IGNORE INTO Teman (id_diikuti, id_mengikuti) VALUES (108, 3);
INSERT IGNORE INTO Teman (id_diikuti, id_mengikuti) VALUES (63, 5);
INSERT IGNORE INTO Teman (id_diikuti, id_mengikuti) VALUES (61, 5);
INSERT IGNORE INTO Teman (id_diikuti, id_mengikuti) VALUES (74, 5);
INSERT IGNORE INTO Teman (id_diikuti, id_mengikuti) VALUES (74, 6);
INSERT IGNORE INTO Teman (id_diikuti, id_mengikuti) VALUES (61, 6);
INSERT IGNORE INTO Teman (id_diikuti, id_mengikuti) VALUES (77, 6);
INSERT IGNORE INTO Teman (id_diikuti, id_mengikuti) VALUES (20, 6);
INSERT IGNORE INTO Teman (id_diikuti, id_mengikuti) VALUES (33, 6);
INSERT IGNORE INTO Teman (id_diikuti, id_mengikuti) VALUES (23, 6);
INSERT IGNORE INTO Teman (id_diikuti, id_mengikuti) VALUES (32, 6);
INSERT IGNORE INTO Teman (id_diikuti, id_mengikuti) VALUES (34, 7);
INSERT IGNORE INTO Teman (id_diikuti, id_mengikuti) VALUES (12, 7);
INSERT IGNORE INTO Teman (id_diikuti, id_mengikuti) VALUES (88, 7);
INSERT IGNORE INTO Teman (id_diikuti, id_mengikuti) VALUES (4, 7);
INSERT IGNORE INTO Teman (id_diikuti, id_mengikuti) VALUES (59, 7);
INSERT IGNORE INTO Teman (id_diikuti, id_mengikuti) VALUES (53, 7);
INSERT IGNORE INTO Teman (id_diikuti, id_mengikuti) VALUES (36, 8);
INSERT IGNORE INTO Teman (id_diikuti, id_mengikuti) VALUES (98, 8);
INSERT IGNORE INTO Teman (id_diikuti, id_mengikuti) VALUES (77, 8);
INSERT IGNORE INTO Teman (id_diikuti, id_mengikuti) VALUES (29, 8);
INSERT IGNORE INTO Teman (id_diikuti, id_mengikuti) VALUES (50, 8);
INSERT IGNORE INTO Teman (id_diikuti, id_mengikuti) VALUES (72, 8);
INSERT IGNORE INTO Teman (id_diikuti, id_mengikuti) VALUES (54, 8);
INSERT IGNORE INTO Teman (id_diikuti, id_mengikuti) VALUES (52, 9);
INSERT IGNORE INTO Teman (id_diikuti, id_mengikuti) VALUES (32, 9);
INSERT IGNORE INTO Teman (id_diikuti, id_mengikuti) VALUES (109, 10);
INSERT IGNORE INTO Teman (id_diikuti, id_mengikuti) VALUES (50, 11);
INSERT IGNORE INTO Teman (id_diikuti, id_mengikuti) VALUES (40, 11);
INSERT IGNORE INTO Teman (id_diikuti, id_mengikuti) VALUES (23, 12);
INSERT IGNORE INTO Teman (id_diikuti, id_mengikuti) VALUES (1, 12);
INSERT IGNORE INTO Teman (id_diikuti, id_mengikuti) VALUES (56, 12);
INSERT IGNORE INTO Teman (id_diikuti, id_mengikuti) VALUES (57, 12);
INSERT IGNORE INTO Teman (id_diikuti, id_mengikuti) VALUES (88, 14);
INSERT IGNORE INTO Teman (id_diikuti, id_mengikuti) VALUES (24, 15);
INSERT IGNORE INTO Teman (id_diikuti, id_mengikuti) VALUES (70, 15);
INSERT IGNORE INTO Teman (id_diikuti, id_mengikuti) VALUES (43, 15);
INSERT IGNORE INTO Teman (id_diikuti, id_mengikuti) VALUES (66, 15);
INSERT IGNORE INTO Teman (id_diikuti, id_mengikuti) VALUES (6, 15);
INSERT IGNORE INTO Teman (id_diikuti, id_mengikuti) VALUES (29, 16);
INSERT IGNORE INTO Teman (id_diikuti, id_mengikuti) VALUES (8, 16);
INSERT IGNORE INTO Teman (id_diikuti, id_mengikuti) VALUES (42, 16);
INSERT IGNORE INTO Teman (id_diikuti, id_mengikuti) VALUES (99, 16);
INSERT IGNORE INTO Teman (id_diikuti, id_mengikuti) VALUES (55, 16);
INSERT IGNORE INTO Teman (id_diikuti, id_mengikuti) VALUES (77, 17);
INSERT IGNORE INTO Teman (id_diikuti, id_mengikuti) VALUES (104, 17);
INSERT IGNORE INTO Teman (id_diikuti, id_mengikuti) VALUES (96, 17);
INSERT IGNORE INTO Teman (id_diikuti, id_mengikuti) VALUES (82, 18);
INSERT IGNORE INTO Teman (id_diikuti, id_mengikuti) VALUES (34, 18);
INSERT IGNORE INTO Teman (id_diikuti, id_mengikuti) VALUES (56, 18);
INSERT IGNORE INTO Teman (id_diikuti, id_mengikuti) VALUES (61, 18);
INSERT IGNORE INTO Teman (id_diikuti, id_mengikuti) VALUES (106, 19);
INSERT IGNORE INTO Teman (id_diikuti, id_mengikuti) VALUES (35, 19);
INSERT IGNORE INTO Teman (id_diikuti, id_mengikuti) VALUES (68, 19);
INSERT IGNORE INTO Teman (id_diikuti, id_mengikuti) VALUES (20, 19);
INSERT IGNORE INTO Teman (id_diikuti, id_mengikuti) VALUES (93, 19);
INSERT IGNORE INTO Teman (id_diikuti, id_mengikuti) VALUES (43, 20);
INSERT IGNORE INTO Teman (id_diikuti, id_mengikuti) VALUES (42, 20);
INSERT IGNORE INTO Teman (id_diikuti, id_mengikuti) VALUES (21, 20);
INSERT IGNORE INTO Teman (id_diikuti, id_mengikuti) VALUES (64, 20);
INSERT IGNORE INTO Teman (id_diikuti, id_mengikuti) VALUES (48, 20);
INSERT IGNORE INTO Teman (id_diikuti, id_mengikuti) VALUES (81, 21);
INSERT IGNORE INTO Teman (id_diikuti, id_mengikuti) VALUES (16, 21);
INSERT IGNORE INTO Teman (id_diikuti, id_mengikuti) VALUES (24, 22);
INSERT IGNORE INTO Teman (id_diikuti, id_mengikuti) VALUES (96, 22);
INSERT IGNORE INTO Teman (id_diikuti, id_mengikuti) VALUES (23, 22);
INSERT IGNORE INTO Teman (id_diikuti, id_mengikuti) VALUES (103, 22);
INSERT IGNORE INTO Teman (id_diikuti, id_mengikuti) VALUES (85, 22);
INSERT IGNORE INTO Teman (id_diikuti, id_mengikuti) VALUES (43, 22);
INSERT IGNORE INTO Teman (id_diikuti, id_mengikuti) VALUES (27, 22);
INSERT IGNORE INTO Teman (id_diikuti, id_mengikuti) VALUES (70, 23);
INSERT IGNORE INTO Teman (id_diikuti, id_mengikuti) VALUES (65, 23);
INSERT IGNORE INTO Teman (id_diikuti, id_mengikuti) VALUES (6, 25);
INSERT IGNORE INTO Teman (id_diikuti, id_mengikuti) VALUES (55, 25);
INSERT IGNORE INTO Teman (id_diikuti, id_mengikuti) VALUES (27, 25);
INSERT IGNORE INTO Teman (id_diikuti, id_mengikuti) VALUES (78, 25);
INSERT IGNORE INTO Teman (id_diikuti, id_mengikuti) VALUES (13, 26);
INSERT IGNORE INTO Teman (id_diikuti, id_mengikuti) VALUES (11, 26);
INSERT IGNORE INTO Teman (id_diikuti, id_mengikuti) VALUES (99, 26);
INSERT IGNORE INTO Teman (id_diikuti, id_mengikuti) VALUES (83, 26);
INSERT IGNORE INTO Teman (id_diikuti, id_mengikuti) VALUES (18, 26);
INSERT IGNORE INTO Teman (id_diikuti, id_mengikuti) VALUES (73, 27);
INSERT IGNORE INTO Teman (id_diikuti, id_mengikuti) VALUES (33, 27);
INSERT IGNORE INTO Teman (id_diikuti, id_mengikuti) VALUES (85, 27);
INSERT IGNORE INTO Teman (id_diikuti, id_mengikuti) VALUES (23, 27);
INSERT IGNORE INTO Teman (id_diikuti, id_mengikuti) VALUES (22, 27);
INSERT IGNORE INTO Teman (id_diikuti, id_mengikuti) VALUES (72, 27);
INSERT IGNORE INTO Teman (id_diikuti, id_mengikuti) VALUES (67, 27);
INSERT IGNORE INTO Teman (id_diikuti, id_mengikuti) VALUES (102, 28);
INSERT IGNORE INTO Teman (id_diikuti, id_mengikuti) VALUES (17, 28);
INSERT IGNORE INTO Teman (id_diikuti, id_mengikuti) VALUES (108, 28);
INSERT IGNORE INTO Teman (id_diikuti, id_mengikuti) VALUES (91, 28);
INSERT IGNORE INTO Teman (id_diikuti, id_mengikuti) VALUES (104, 30);
INSERT IGNORE INTO Teman (id_diikuti, id_mengikuti) VALUES (99, 30);
INSERT IGNORE INTO Teman (id_diikuti, id_mengikuti) VALUES (49, 31);
INSERT IGNORE INTO Teman (id_diikuti, id_mengikuti) VALUES (79, 31);
INSERT IGNORE INTO Teman (id_diikuti, id_mengikuti) VALUES (16, 31);
INSERT IGNORE INTO Teman (id_diikuti, id_mengikuti) VALUES (22, 31);
INSERT IGNORE INTO Teman (id_diikuti, id_mengikuti) VALUES (25, 31);
INSERT IGNORE INTO Teman (id_diikuti, id_mengikuti) VALUES (37, 31);
INSERT IGNORE INTO Teman (id_diikuti, id_mengikuti) VALUES (22, 32);
INSERT IGNORE INTO Teman (id_diikuti, id_mengikuti) VALUES (29, 32);
INSERT IGNORE INTO Teman (id_diikuti, id_mengikuti) VALUES (19, 34);
INSERT IGNORE INTO Teman (id_diikuti, id_mengikuti) VALUES (15, 34);
INSERT IGNORE INTO Teman (id_diikuti, id_mengikuti) VALUES (20, 34);
INSERT IGNORE INTO Teman (id_diikuti, id_mengikuti) VALUES (1, 34);
INSERT IGNORE INTO Teman (id_diikuti, id_mengikuti) VALUES (100, 34);
INSERT IGNORE INTO Teman (id_diikuti, id_mengikuti) VALUES (35, 36);
INSERT IGNORE INTO Teman (id_diikuti, id_mengikuti) VALUES (90, 36);
INSERT IGNORE INTO Teman (id_diikuti, id_mengikuti) VALUES (70, 37);
INSERT IGNORE INTO Teman (id_diikuti, id_mengikuti) VALUES (44, 37);
INSERT IGNORE INTO Teman (id_diikuti, id_mengikuti) VALUES (19, 38);
INSERT IGNORE INTO Teman (id_diikuti, id_mengikuti) VALUES (98, 38);
INSERT IGNORE INTO Teman (id_diikuti, id_mengikuti) VALUES (45, 38);
INSERT IGNORE INTO Teman (id_diikuti, id_mengikuti) VALUES (8, 38);
INSERT IGNORE INTO Teman (id_diikuti, id_mengikuti) VALUES (21, 38);
INSERT IGNORE INTO Teman (id_diikuti, id_mengikuti) VALUES (60, 38);
INSERT IGNORE INTO Teman (id_diikuti, id_mengikuti) VALUES (89, 39);
INSERT IGNORE INTO Teman (id_diikuti, id_mengikuti) VALUES (62, 39);
INSERT IGNORE INTO Teman (id_diikuti, id_mengikuti) VALUES (93, 39);
INSERT IGNORE INTO Teman (id_diikuti, id_mengikuti) VALUES (42, 39);
INSERT IGNORE INTO Teman (id_diikuti, id_mengikuti) VALUES (61, 39);
INSERT IGNORE INTO Teman (id_diikuti, id_mengikuti) VALUES (92, 39);
INSERT IGNORE INTO Teman (id_diikuti, id_mengikuti) VALUES (55, 39);
INSERT IGNORE INTO Teman (id_diikuti, id_mengikuti) VALUES (49, 41);
INSERT IGNORE INTO Teman (id_diikuti, id_mengikuti) VALUES (82, 41);
INSERT IGNORE INTO Teman (id_diikuti, id_mengikuti) VALUES (46, 41);
INSERT IGNORE INTO Teman (id_diikuti, id_mengikuti) VALUES (92, 42);
INSERT IGNORE INTO Teman (id_diikuti, id_mengikuti) VALUES (53, 43);
INSERT IGNORE INTO Teman (id_diikuti, id_mengikuti) VALUES (74, 43);
INSERT IGNORE INTO Teman (id_diikuti, id_mengikuti) VALUES (15, 44);
INSERT IGNORE INTO Teman (id_diikuti, id_mengikuti) VALUES (75, 44);
INSERT IGNORE INTO Teman (id_diikuti, id_mengikuti) VALUES (55, 44);
INSERT IGNORE INTO Teman (id_diikuti, id_mengikuti) VALUES (97, 44);
INSERT IGNORE INTO Teman (id_diikuti, id_mengikuti) VALUES (7, 45);
INSERT IGNORE INTO Teman (id_diikuti, id_mengikuti) VALUES (109, 45);
INSERT IGNORE INTO Teman (id_diikuti, id_mengikuti) VALUES (96, 45);
INSERT IGNORE INTO Teman (id_diikuti, id_mengikuti) VALUES (85, 46);
INSERT IGNORE INTO Teman (id_diikuti, id_mengikuti) VALUES (12, 46);
INSERT IGNORE INTO Teman (id_diikuti, id_mengikuti) VALUES (49, 46);
INSERT IGNORE INTO Teman (id_diikuti, id_mengikuti) VALUES (27, 46);
INSERT IGNORE INTO Teman (id_diikuti, id_mengikuti) VALUES (81, 46);
INSERT IGNORE INTO Teman (id_diikuti, id_mengikuti) VALUES (86, 46);
INSERT IGNORE INTO Teman (id_diikuti, id_mengikuti) VALUES (21, 47);
INSERT IGNORE INTO Teman (id_diikuti, id_mengikuti) VALUES (21, 48);
INSERT IGNORE INTO Teman (id_diikuti, id_mengikuti) VALUES (92, 48);
INSERT IGNORE INTO Teman (id_diikuti, id_mengikuti) VALUES (88, 48);
INSERT IGNORE INTO Teman (id_diikuti, id_mengikuti) VALUES (107, 48);
INSERT IGNORE INTO Teman (id_diikuti, id_mengikuti) VALUES (44, 49);
INSERT IGNORE INTO Teman (id_diikuti, id_mengikuti) VALUES (58, 49);
INSERT IGNORE INTO Teman (id_diikuti, id_mengikuti) VALUES (19, 49);
INSERT IGNORE INTO Teman (id_diikuti, id_mengikuti) VALUES (105, 49);
INSERT IGNORE INTO Teman (id_diikuti, id_mengikuti) VALUES (109, 49);
INSERT IGNORE INTO Teman (id_diikuti, id_mengikuti) VALUES (75, 50);
INSERT IGNORE INTO Teman (id_diikuti, id_mengikuti) VALUES (39, 50);
INSERT IGNORE INTO Teman (id_diikuti, id_mengikuti) VALUES (3, 50);
INSERT IGNORE INTO Teman (id_diikuti, id_mengikuti) VALUES (58, 50);
INSERT IGNORE INTO Teman (id_diikuti, id_mengikuti) VALUES (49, 50);
INSERT IGNORE INTO Teman (id_diikuti, id_mengikuti) VALUES (28, 51);
INSERT IGNORE INTO Teman (id_diikuti, id_mengikuti) VALUES (30, 51);
INSERT IGNORE INTO Teman (id_diikuti, id_mengikuti) VALUES (101, 51);
INSERT IGNORE INTO Teman (id_diikuti, id_mengikuti) VALUES (15, 52);
INSERT IGNORE INTO Teman (id_diikuti, id_mengikuti) VALUES (42, 52);
INSERT IGNORE INTO Teman (id_diikuti, id_mengikuti) VALUES (60, 52);
INSERT IGNORE INTO Teman (id_diikuti, id_mengikuti) VALUES (29, 52);
INSERT IGNORE INTO Teman (id_diikuti, id_mengikuti) VALUES (77, 52);
INSERT IGNORE INTO Teman (id_diikuti, id_mengikuti) VALUES (85, 53);
INSERT IGNORE INTO Teman (id_diikuti, id_mengikuti) VALUES (97, 53);
INSERT IGNORE INTO Teman (id_diikuti, id_mengikuti) VALUES (103, 53);
INSERT IGNORE INTO Teman (id_diikuti, id_mengikuti) VALUES (96, 53);
INSERT IGNORE INTO Teman (id_diikuti, id_mengikuti) VALUES (43, 54);
INSERT IGNORE INTO Teman (id_diikuti, id_mengikuti) VALUES (98, 54);
INSERT IGNORE INTO Teman (id_diikuti, id_mengikuti) VALUES (40, 54);
INSERT IGNORE INTO Teman (id_diikuti, id_mengikuti) VALUES (81, 54);
INSERT IGNORE INTO Teman (id_diikuti, id_mengikuti) VALUES (23, 54);
INSERT IGNORE INTO Teman (id_diikuti, id_mengikuti) VALUES (76, 55);
INSERT IGNORE INTO Teman (id_diikuti, id_mengikuti) VALUES (109, 55);
INSERT IGNORE INTO Teman (id_diikuti, id_mengikuti) VALUES (6, 55);
INSERT IGNORE INTO Teman (id_diikuti, id_mengikuti) VALUES (80, 55);
INSERT IGNORE INTO Teman (id_diikuti, id_mengikuti) VALUES (91, 55);
INSERT IGNORE INTO Teman (id_diikuti, id_mengikuti) VALUES (34, 55);
INSERT IGNORE INTO Teman (id_diikuti, id_mengikuti) VALUES (39, 55);
INSERT IGNORE INTO Teman (id_diikuti, id_mengikuti) VALUES (81, 56);
INSERT IGNORE INTO Teman (id_diikuti, id_mengikuti) VALUES (77, 56);
INSERT IGNORE INTO Teman (id_diikuti, id_mengikuti) VALUES (50, 56);
INSERT IGNORE INTO Teman (id_diikuti, id_mengikuti) VALUES (30, 56);
INSERT IGNORE INTO Teman (id_diikuti, id_mengikuti) VALUES (85, 56);
INSERT IGNORE INTO Teman (id_diikuti, id_mengikuti) VALUES (110, 57);
INSERT IGNORE INTO Teman (id_diikuti, id_mengikuti) VALUES (99, 57);
INSERT IGNORE INTO Teman (id_diikuti, id_mengikuti) VALUES (56, 57);
INSERT IGNORE INTO Teman (id_diikuti, id_mengikuti) VALUES (76, 57);
INSERT IGNORE INTO Teman (id_diikuti, id_mengikuti) VALUES (82, 57);
INSERT IGNORE INTO Teman (id_diikuti, id_mengikuti) VALUES (69, 57);
INSERT IGNORE INTO Teman (id_diikuti, id_mengikuti) VALUES (95, 58);
INSERT IGNORE INTO Teman (id_diikuti, id_mengikuti) VALUES (97, 58);
INSERT IGNORE INTO Teman (id_diikuti, id_mengikuti) VALUES (72, 59);
INSERT IGNORE INTO Teman (id_diikuti, id_mengikuti) VALUES (36, 59);
INSERT IGNORE INTO Teman (id_diikuti, id_mengikuti) VALUES (77, 59);
INSERT IGNORE INTO Teman (id_diikuti, id_mengikuti) VALUES (68, 59);
INSERT IGNORE INTO Teman (id_diikuti, id_mengikuti) VALUES (65, 60);
INSERT IGNORE INTO Teman (id_diikuti, id_mengikuti) VALUES (108, 60);
INSERT IGNORE INTO Teman (id_diikuti, id_mengikuti) VALUES (24, 60);
INSERT IGNORE INTO Teman (id_diikuti, id_mengikuti) VALUES (104, 61);
INSERT IGNORE INTO Teman (id_diikuti, id_mengikuti) VALUES (86, 61);
INSERT IGNORE INTO Teman (id_diikuti, id_mengikuti) VALUES (23, 61);
INSERT IGNORE INTO Teman (id_diikuti, id_mengikuti) VALUES (57, 61);
INSERT IGNORE INTO Teman (id_diikuti, id_mengikuti) VALUES (102, 62);
INSERT IGNORE INTO Teman (id_diikuti, id_mengikuti) VALUES (27, 62);
INSERT IGNORE INTO Teman (id_diikuti, id_mengikuti) VALUES (104, 62);
INSERT IGNORE INTO Teman (id_diikuti, id_mengikuti) VALUES (79, 62);
INSERT IGNORE INTO Teman (id_diikuti, id_mengikuti) VALUES (74, 62);
INSERT IGNORE INTO Teman (id_diikuti, id_mengikuti) VALUES (40, 62);
INSERT IGNORE INTO Teman (id_diikuti, id_mengikuti) VALUES (18, 62);
INSERT IGNORE INTO Teman (id_diikuti, id_mengikuti) VALUES (101, 63);
INSERT IGNORE INTO Teman (id_diikuti, id_mengikuti) VALUES (65, 63);
INSERT IGNORE INTO Teman (id_diikuti, id_mengikuti) VALUES (37, 63);
INSERT IGNORE INTO Teman (id_diikuti, id_mengikuti) VALUES (54, 63);
INSERT IGNORE INTO Teman (id_diikuti, id_mengikuti) VALUES (26, 63);
INSERT IGNORE INTO Teman (id_diikuti, id_mengikuti) VALUES (77, 63);
INSERT IGNORE INTO Teman (id_diikuti, id_mengikuti) VALUES (67, 63);
INSERT IGNORE INTO Teman (id_diikuti, id_mengikuti) VALUES (79, 64);
INSERT IGNORE INTO Teman (id_diikuti, id_mengikuti) VALUES (110, 64);
INSERT IGNORE INTO Teman (id_diikuti, id_mengikuti) VALUES (15, 64);
INSERT IGNORE INTO Teman (id_diikuti, id_mengikuti) VALUES (77, 64);
INSERT IGNORE INTO Teman (id_diikuti, id_mengikuti) VALUES (32, 64);
INSERT IGNORE INTO Teman (id_diikuti, id_mengikuti) VALUES (26, 64);
INSERT IGNORE INTO Teman (id_diikuti, id_mengikuti) VALUES (6, 65);
INSERT IGNORE INTO Teman (id_diikuti, id_mengikuti) VALUES (76, 66);
INSERT IGNORE INTO Teman (id_diikuti, id_mengikuti) VALUES (80, 67);
INSERT IGNORE INTO Teman (id_diikuti, id_mengikuti) VALUES (92, 67);
INSERT IGNORE INTO Teman (id_diikuti, id_mengikuti) VALUES (82, 67);
INSERT IGNORE INTO Teman (id_diikuti, id_mengikuti) VALUES (35, 67);
INSERT IGNORE INTO Teman (id_diikuti, id_mengikuti) VALUES (4, 68);
INSERT IGNORE INTO Teman (id_diikuti, id_mengikuti) VALUES (25, 68);
INSERT IGNORE INTO Teman (id_diikuti, id_mengikuti) VALUES (50, 69);
INSERT IGNORE INTO Teman (id_diikuti, id_mengikuti) VALUES (23, 69);
INSERT IGNORE INTO Teman (id_diikuti, id_mengikuti) VALUES (46, 69);
INSERT IGNORE INTO Teman (id_diikuti, id_mengikuti) VALUES (78, 69);
INSERT IGNORE INTO Teman (id_diikuti, id_mengikuti) VALUES (74, 69);
INSERT IGNORE INTO Teman (id_diikuti, id_mengikuti) VALUES (28, 69);
INSERT IGNORE INTO Teman (id_diikuti, id_mengikuti) VALUES (89, 70);
INSERT IGNORE INTO Teman (id_diikuti, id_mengikuti) VALUES (5, 71);
INSERT IGNORE INTO Teman (id_diikuti, id_mengikuti) VALUES (33, 71);
INSERT IGNORE INTO Teman (id_diikuti, id_mengikuti) VALUES (67, 71);
INSERT IGNORE INTO Teman (id_diikuti, id_mengikuti) VALUES (27, 71);
INSERT IGNORE INTO Teman (id_diikuti, id_mengikuti) VALUES (39, 71);
INSERT IGNORE INTO Teman (id_diikuti, id_mengikuti) VALUES (31, 72);
INSERT IGNORE INTO Teman (id_diikuti, id_mengikuti) VALUES (84, 73);
INSERT IGNORE INTO Teman (id_diikuti, id_mengikuti) VALUES (31, 73);
INSERT IGNORE INTO Teman (id_diikuti, id_mengikuti) VALUES (61, 73);
INSERT IGNORE INTO Teman (id_diikuti, id_mengikuti) VALUES (81, 74);
INSERT IGNORE INTO Teman (id_diikuti, id_mengikuti) VALUES (66, 74);
INSERT IGNORE INTO Teman (id_diikuti, id_mengikuti) VALUES (77, 75);
INSERT IGNORE INTO Teman (id_diikuti, id_mengikuti) VALUES (23, 76);
INSERT IGNORE INTO Teman (id_diikuti, id_mengikuti) VALUES (76, 77);
INSERT IGNORE INTO Teman (id_diikuti, id_mengikuti) VALUES (52, 77);
INSERT IGNORE INTO Teman (id_diikuti, id_mengikuti) VALUES (65, 77);
INSERT IGNORE INTO Teman (id_diikuti, id_mengikuti) VALUES (29, 78);
INSERT IGNORE INTO Teman (id_diikuti, id_mengikuti) VALUES (82, 78);
INSERT IGNORE INTO Teman (id_diikuti, id_mengikuti) VALUES (95, 78);
INSERT IGNORE INTO Teman (id_diikuti, id_mengikuti) VALUES (110, 78);
INSERT IGNORE INTO Teman (id_diikuti, id_mengikuti) VALUES (89, 78);
INSERT IGNORE INTO Teman (id_diikuti, id_mengikuti) VALUES (11, 78);
INSERT IGNORE INTO Teman (id_diikuti, id_mengikuti) VALUES (60, 79);
INSERT IGNORE INTO Teman (id_diikuti, id_mengikuti) VALUES (44, 80);
INSERT IGNORE INTO Teman (id_diikuti, id_mengikuti) VALUES (78, 80);
INSERT IGNORE INTO Teman (id_diikuti, id_mengikuti) VALUES (92, 80);
INSERT IGNORE INTO Teman (id_diikuti, id_mengikuti) VALUES (102, 80);
INSERT IGNORE INTO Teman (id_diikuti, id_mengikuti) VALUES (82, 81);
INSERT IGNORE INTO Teman (id_diikuti, id_mengikuti) VALUES (13, 81);
INSERT IGNORE INTO Teman (id_diikuti, id_mengikuti) VALUES (19, 81);
INSERT IGNORE INTO Teman (id_diikuti, id_mengikuti) VALUES (95, 81);
INSERT IGNORE INTO Teman (id_diikuti, id_mengikuti) VALUES (79, 81);
INSERT IGNORE INTO Teman (id_diikuti, id_mengikuti) VALUES (8, 82);
INSERT IGNORE INTO Teman (id_diikuti, id_mengikuti) VALUES (7, 82);
INSERT IGNORE INTO Teman (id_diikuti, id_mengikuti) VALUES (35, 82);
INSERT IGNORE INTO Teman (id_diikuti, id_mengikuti) VALUES (45, 82);
INSERT IGNORE INTO Teman (id_diikuti, id_mengikuti) VALUES (70, 82);
INSERT IGNORE INTO Teman (id_diikuti, id_mengikuti) VALUES (56, 83);
INSERT IGNORE INTO Teman (id_diikuti, id_mengikuti) VALUES (40, 84);
INSERT IGNORE INTO Teman (id_diikuti, id_mengikuti) VALUES (48, 84);
INSERT IGNORE INTO Teman (id_diikuti, id_mengikuti) VALUES (57, 84);
INSERT IGNORE INTO Teman (id_diikuti, id_mengikuti) VALUES (80, 84);
INSERT IGNORE INTO Teman (id_diikuti, id_mengikuti) VALUES (99, 85);
INSERT IGNORE INTO Teman (id_diikuti, id_mengikuti) VALUES (104, 85);
INSERT IGNORE INTO Teman (id_diikuti, id_mengikuti) VALUES (55, 85);
INSERT IGNORE INTO Teman (id_diikuti, id_mengikuti) VALUES (72, 85);
INSERT IGNORE INTO Teman (id_diikuti, id_mengikuti) VALUES (48, 85);
INSERT IGNORE INTO Teman (id_diikuti, id_mengikuti) VALUES (33, 85);
INSERT IGNORE INTO Teman (id_diikuti, id_mengikuti) VALUES (19, 85);
INSERT IGNORE INTO Teman (id_diikuti, id_mengikuti) VALUES (10, 86);
INSERT IGNORE INTO Teman (id_diikuti, id_mengikuti) VALUES (98, 86);
INSERT IGNORE INTO Teman (id_diikuti, id_mengikuti) VALUES (44, 87);
INSERT IGNORE INTO Teman (id_diikuti, id_mengikuti) VALUES (70, 87);
INSERT IGNORE INTO Teman (id_diikuti, id_mengikuti) VALUES (71, 87);
INSERT IGNORE INTO Teman (id_diikuti, id_mengikuti) VALUES (50, 87);
INSERT IGNORE INTO Teman (id_diikuti, id_mengikuti) VALUES (37, 87);
INSERT IGNORE INTO Teman (id_diikuti, id_mengikuti) VALUES (27, 87);
INSERT IGNORE INTO Teman (id_diikuti, id_mengikuti) VALUES (56, 87);
INSERT IGNORE INTO Teman (id_diikuti, id_mengikuti) VALUES (14, 88);
INSERT IGNORE INTO Teman (id_diikuti, id_mengikuti) VALUES (37, 88);
INSERT IGNORE INTO Teman (id_diikuti, id_mengikuti) VALUES (20, 88);
INSERT IGNORE INTO Teman (id_diikuti, id_mengikuti) VALUES (79, 88);
INSERT IGNORE INTO Teman (id_diikuti, id_mengikuti) VALUES (35, 88);
INSERT IGNORE INTO Teman (id_diikuti, id_mengikuti) VALUES (85, 88);
INSERT IGNORE INTO Teman (id_diikuti, id_mengikuti) VALUES (48, 89);
INSERT IGNORE INTO Teman (id_diikuti, id_mengikuti) VALUES (77, 89);
INSERT IGNORE INTO Teman (id_diikuti, id_mengikuti) VALUES (31, 90);
INSERT IGNORE INTO Teman (id_diikuti, id_mengikuti) VALUES (87, 90);
INSERT IGNORE INTO Teman (id_diikuti, id_mengikuti) VALUES (14, 90);
INSERT IGNORE INTO Teman (id_diikuti, id_mengikuti) VALUES (69, 90);
INSERT IGNORE INTO Teman (id_diikuti, id_mengikuti) VALUES (92, 90);
INSERT IGNORE INTO Teman (id_diikuti, id_mengikuti) VALUES (49, 90);
INSERT IGNORE INTO Teman (id_diikuti, id_mengikuti) VALUES (57, 91);
INSERT IGNORE INTO Teman (id_diikuti, id_mengikuti) VALUES (28, 91);
INSERT IGNORE INTO Teman (id_diikuti, id_mengikuti) VALUES (7, 91);
INSERT IGNORE INTO Teman (id_diikuti, id_mengikuti) VALUES (75, 91);
INSERT IGNORE INTO Teman (id_diikuti, id_mengikuti) VALUES (104, 92);
INSERT IGNORE INTO Teman (id_diikuti, id_mengikuti) VALUES (46, 92);
INSERT IGNORE INTO Teman (id_diikuti, id_mengikuti) VALUES (22, 92);
INSERT IGNORE INTO Teman (id_diikuti, id_mengikuti) VALUES (16, 92);
INSERT IGNORE INTO Teman (id_diikuti, id_mengikuti) VALUES (54, 92);
INSERT IGNORE INTO Teman (id_diikuti, id_mengikuti) VALUES (17, 92);
INSERT IGNORE INTO Teman (id_diikuti, id_mengikuti) VALUES (69, 93);
INSERT IGNORE INTO Teman (id_diikuti, id_mengikuti) VALUES (60, 94);
INSERT IGNORE INTO Teman (id_diikuti, id_mengikuti) VALUES (54, 94);
INSERT IGNORE INTO Teman (id_diikuti, id_mengikuti) VALUES (7, 94);
INSERT IGNORE INTO Teman (id_diikuti, id_mengikuti) VALUES (11, 94);
INSERT IGNORE INTO Teman (id_diikuti, id_mengikuti) VALUES (27, 94);
INSERT IGNORE INTO Teman (id_diikuti, id_mengikuti) VALUES (101, 94);
INSERT IGNORE INTO Teman (id_diikuti, id_mengikuti) VALUES (104, 94);
INSERT IGNORE INTO Teman (id_diikuti, id_mengikuti) VALUES (28, 95);
INSERT IGNORE INTO Teman (id_diikuti, id_mengikuti) VALUES (1, 95);
INSERT IGNORE INTO Teman (id_diikuti, id_mengikuti) VALUES (98, 95);
INSERT IGNORE INTO Teman (id_diikuti, id_mengikuti) VALUES (39, 95);
INSERT IGNORE INTO Teman (id_diikuti, id_mengikuti) VALUES (94, 95);
INSERT IGNORE INTO Teman (id_diikuti, id_mengikuti) VALUES (100, 95);
INSERT IGNORE INTO Teman (id_diikuti, id_mengikuti) VALUES (37, 95);
INSERT IGNORE INTO Teman (id_diikuti, id_mengikuti) VALUES (42, 97);
INSERT IGNORE INTO Teman (id_diikuti, id_mengikuti) VALUES (101, 98);
INSERT IGNORE INTO Teman (id_diikuti, id_mengikuti) VALUES (59, 98);
INSERT IGNORE INTO Teman (id_diikuti, id_mengikuti) VALUES (92, 98);
INSERT IGNORE INTO Teman (id_diikuti, id_mengikuti) VALUES (103, 99);
INSERT IGNORE INTO Teman (id_diikuti, id_mengikuti) VALUES (29, 100);
INSERT IGNORE INTO Teman (id_diikuti, id_mengikuti) VALUES (78, 100);
INSERT IGNORE INTO Teman (id_diikuti, id_mengikuti) VALUES (78, 101);
INSERT IGNORE INTO Teman (id_diikuti, id_mengikuti) VALUES (12, 102);
INSERT IGNORE INTO Teman (id_diikuti, id_mengikuti) VALUES (51, 102);
INSERT IGNORE INTO Teman (id_diikuti, id_mengikuti) VALUES (90, 102);
INSERT IGNORE INTO Teman (id_diikuti, id_mengikuti) VALUES (50, 102);
INSERT IGNORE INTO Teman (id_diikuti, id_mengikuti) VALUES (104, 102);
INSERT IGNORE INTO Teman (id_diikuti, id_mengikuti) VALUES (106, 102);
INSERT IGNORE INTO Teman (id_diikuti, id_mengikuti) VALUES (13, 103);
INSERT IGNORE INTO Teman (id_diikuti, id_mengikuti) VALUES (14, 103);
INSERT IGNORE INTO Teman (id_diikuti, id_mengikuti) VALUES (56, 103);
INSERT IGNORE INTO Teman (id_diikuti, id_mengikuti) VALUES (57, 103);
INSERT IGNORE INTO Teman (id_diikuti, id_mengikuti) VALUES (44, 103);
INSERT IGNORE INTO Teman (id_diikuti, id_mengikuti) VALUES (33, 103);
INSERT IGNORE INTO Teman (id_diikuti, id_mengikuti) VALUES (93, 104);
INSERT IGNORE INTO Teman (id_diikuti, id_mengikuti) VALUES (46, 105);
INSERT IGNORE INTO Teman (id_diikuti, id_mengikuti) VALUES (59, 105);
INSERT IGNORE INTO Teman (id_diikuti, id_mengikuti) VALUES (26, 106);
INSERT IGNORE INTO Teman (id_diikuti, id_mengikuti) VALUES (14, 107);
INSERT IGNORE INTO Teman (id_diikuti, id_mengikuti) VALUES (18, 107);
INSERT IGNORE INTO Teman (id_diikuti, id_mengikuti) VALUES (19, 107);
INSERT IGNORE INTO Teman (id_diikuti, id_mengikuti) VALUES (28, 107);
INSERT IGNORE INTO Teman (id_diikuti, id_mengikuti) VALUES (77, 107);
INSERT IGNORE INTO Teman (id_diikuti, id_mengikuti) VALUES (41, 108);
INSERT IGNORE INTO Teman (id_diikuti, id_mengikuti) VALUES (73, 108);
INSERT IGNORE INTO Teman (id_diikuti, id_mengikuti) VALUES (6, 108);
INSERT IGNORE INTO Teman (id_diikuti, id_mengikuti) VALUES (2, 109);
INSERT IGNORE INTO Teman (id_diikuti, id_mengikuti) VALUES (22, 109);
INSERT IGNORE INTO Teman (id_diikuti, id_mengikuti) VALUES (9, 109);
INSERT IGNORE INTO Teman (id_diikuti, id_mengikuti) VALUES (45, 109);
INSERT IGNORE INTO Teman (id_diikuti, id_mengikuti) VALUES (13, 109);
INSERT IGNORE INTO Teman (id_diikuti, id_mengikuti) VALUES (103, 109);
INSERT IGNORE INTO Teman (id_diikuti, id_mengikuti) VALUES (19, 109);
INSERT IGNORE INTO Teman (id_diikuti, id_mengikuti) VALUES (23, 110);
INSERT IGNORE INTO Teman (id_diikuti, id_mengikuti) VALUES (51, 110);
INSERT IGNORE INTO Teman (id_diikuti, id_mengikuti) VALUES (47, 110);
INSERT IGNORE INTO Teman (id_diikuti, id_mengikuti) VALUES (70, 110);
INSERT IGNORE INTO Teman (id_diikuti, id_mengikuti) VALUES (44, 110);
INSERT IGNORE INTO Teman (id_diikuti, id_mengikuti) VALUES (1, 110);
