CREATE DATABASE IF NOT EXISTS ecommerce;
USE ecommerce;

CREATE TABLE IF NOT EXISTS Alamat (
    id_alamat INT PRIMARY KEY,
    provinsi VARCHAR(255),
    kota VARCHAR(255),
    jalan VARCHAR(255)
);

CREATE TABLE IF NOT EXISTS Pengguna (
    id_pengguna INT PRIMARY KEY,
    email VARCHAR(255) UNIQUE,
    password VARCHAR(255),
    nama_lengkap VARCHAR(255),
    tgl_lahir DATE,
    no_telp VARCHAR(20),
    foto_profil VARCHAR(255),
    is_penjual BOOLEAN
);

CREATE TABLE IF NOT EXISTS Penjual (
    id_penjual INT PRIMARY KEY,
    id_pengguna INT,
    ktp VARCHAR(255),
    foto_diri VARCHAR(255),
    is_verified BOOLEAN,
    FOREIGN KEY (id_pengguna) REFERENCES Pengguna(id_pengguna)
);

CREATE TABLE IF NOT EXISTS Pembeli (
    id_pembeli INT PRIMARY KEY,
    id_pengguna INT,
    FOREIGN KEY (id_pengguna) REFERENCES Pengguna(id_pengguna)
);

CREATE TABLE IF NOT EXISTS AlamatPembeli (
    id_alamat_pembeli INT PRIMARY KEY, -- New surrogate PK
    id_pembeli INT,
    id_alamat INT,
    FOREIGN KEY (id_pembeli) REFERENCES Pembeli(id_pembeli),
    FOREIGN KEY (id_alamat) REFERENCES Alamat(id_alamat)
);

CREATE TABLE IF NOT EXISTS AlamatDefault (
    id_alamat_pembeli INT PRIMARY KEY,
    is_default BOOLEAN DEFAULT TRUE,
    FOREIGN KEY (id_alamat_pembeli) REFERENCES AlamatPembeli(id_alamat_pembeli)
);

CREATE TABLE IF NOT EXISTS Keranjang (
    id_keranjang INT PRIMARY KEY,
    id_pembeli INT,
    FOREIGN KEY (id_pembeli) REFERENCES Pembeli(id_pembeli)
);

CREATE TABLE IF NOT EXISTS Produk (
    id_produk INT PRIMARY KEY,
    id_penjual INT,
    nama VARCHAR(255),
    deskripsi TEXT,
    FOREIGN KEY (id_penjual) REFERENCES Penjual(id_penjual)
);

CREATE TABLE IF NOT EXISTS VarianProduk (
    sku VARCHAR(50) PRIMARY KEY,
    id_produk INT, -- Added FK to Produk
    harga DECIMAL(10, 2),
    stok INT,
    FOREIGN KEY (id_produk) REFERENCES Produk(id_produk)
);

CREATE TABLE IF NOT EXISTS AtributVarian (
    atribut_varian VARCHAR(50) PRIMARY KEY,
    nama VARCHAR(100)
);

CREATE TABLE IF NOT EXISTS ProdukVarianAtribut (
    id_produk INT,
    atribut_varian VARCHAR(50),
    sku VARCHAR(50),
    nilai VARCHAR(100),
    PRIMARY KEY (id_produk, atribut_varian, sku),
    FOREIGN KEY (id_produk) REFERENCES Produk(id_produk),
    FOREIGN KEY (atribut_varian) REFERENCES AtributVarian(atribut_varian),
    FOREIGN KEY (sku) REFERENCES VarianProduk(sku)
);

CREATE TABLE IF NOT EXISTS Gambar (
    id_gambar INT PRIMARY KEY,
    gambar VARCHAR(255)
);

CREATE TABLE IF NOT EXISTS GambarProduk (
    id_produk INT,
    id_gambar INT,
    PRIMARY KEY (id_produk, id_gambar),
    FOREIGN KEY (id_produk) REFERENCES Produk(id_produk),
    FOREIGN KEY (id_gambar) REFERENCES Gambar(id_gambar)
);

CREATE TABLE IF NOT EXISTS Tag (
    id_tag INT PRIMARY KEY,
    nama VARCHAR(50)
);

CREATE TABLE IF NOT EXISTS TagProduk (
    id_produk INT,
    id_tag INT,
    PRIMARY KEY (id_produk, id_tag),
    FOREIGN KEY (id_produk) REFERENCES Produk(id_produk),
    FOREIGN KEY (id_tag) REFERENCES Tag(id_tag)
);

CREATE TABLE IF NOT EXISTS BarangKeranjang (
    id_keranjang INT,
    sku VARCHAR(50),
    kuantitas INT,
    PRIMARY KEY (id_keranjang, sku),
    FOREIGN KEY (id_keranjang) REFERENCES Keranjang(id_keranjang),
    FOREIGN KEY (sku) REFERENCES VarianProduk(sku)
);

CREATE TABLE IF NOT EXISTS Pesanan (
    id_pesanan INT PRIMARY KEY,
    id_pembeli INT,
    id_alamat_pembeli INT, -- Added FK to AlamatPembeli
    metode_pembayaran VARCHAR(50),
    metode_pengiriman VARCHAR(50),
    catatan TEXT,
    status_pesanan VARCHAR(50),
    waktu_pemesanan TIMESTAMP,
    FOREIGN KEY (id_pembeli) REFERENCES Pembeli(id_pembeli),
    FOREIGN KEY (id_alamat_pembeli) REFERENCES AlamatPembeli(id_alamat_pembeli)
);

CREATE TABLE IF NOT EXISTS BarangPesanan (
    id_pesanan INT,
    sku VARCHAR(50),
    kuantitas INT,
    PRIMARY KEY (id_pesanan, sku),
    FOREIGN KEY (id_pesanan) REFERENCES Pesanan(id_pesanan),
    FOREIGN KEY (sku) REFERENCES VarianProduk(sku)
);

CREATE TABLE IF NOT EXISTS Wishlist (
    id_pembeli INT,
    id_produk INT,
    PRIMARY KEY (id_pembeli, id_produk),
    FOREIGN KEY (id_pembeli) REFERENCES Pembeli(id_pembeli),
    FOREIGN KEY (id_produk) REFERENCES Produk(id_produk)
);

CREATE TABLE IF NOT EXISTS Ulasan (
    id_produk INT,
    id_pembeli INT,
    komentar TEXT,
    penilaian INT,
    PRIMARY KEY (id_produk, id_pembeli),
    FOREIGN KEY (id_produk) REFERENCES Produk(id_produk),
    FOREIGN KEY (id_pembeli) REFERENCES Pembeli(id_pembeli)
);

CREATE TABLE IF NOT EXISTS Teman (
    id_diikuti INT,
    id_mengikuti INT,
    PRIMARY KEY (id_diikuti, id_mengikuti),
    FOREIGN KEY (id_diikuti) REFERENCES Pengguna(id_pengguna),
    FOREIGN KEY (id_mengikuti) REFERENCES Pengguna(id_pengguna)
);

-- SEEDER DATA

-- Alamat
INSERT IGNORE INTO Alamat (id_alamat, provinsi, kota, jalan) VALUES (1, 'Sumatera Utara', 'Pekanbaru', 'Gg. Cihampelas No. 407');
INSERT IGNORE INTO Alamat (id_alamat, provinsi, kota, jalan) VALUES (2, 'Lampung', 'Tangerang Selatan', 'Jalan Kebonjati No. 98');
INSERT IGNORE INTO Alamat (id_alamat, provinsi, kota, jalan) VALUES (3, 'Maluku', 'Singkawang', 'Jalan Raya Ujungberung No. 6');
INSERT IGNORE INTO Alamat (id_alamat, provinsi, kota, jalan) VALUES (4, 'Nusa Tenggara Barat', 'Meulaboh', 'Jalan Jend. Sudirman No. 3');
INSERT IGNORE INTO Alamat (id_alamat, provinsi, kota, jalan) VALUES (5, 'Sulawesi Utara', 'Payakumbuh', 'Jl. Ir. H. Djuanda No. 46');
INSERT IGNORE INTO Alamat (id_alamat, provinsi, kota, jalan) VALUES (6, 'Papua Barat', 'Sibolga', 'Jl. Cihampelas No. 28');
INSERT IGNORE INTO Alamat (id_alamat, provinsi, kota, jalan) VALUES (7, 'Lampung', 'Lhokseumawe', 'Jl. Pasirkoja No. 284');
INSERT IGNORE INTO Alamat (id_alamat, provinsi, kota, jalan) VALUES (8, 'Riau', 'Sabang', 'Jalan Rumah Sakit No. 232');
INSERT IGNORE INTO Alamat (id_alamat, provinsi, kota, jalan) VALUES (9, 'DKI Jakarta', 'Solok', 'Jalan Jend. Sudirman No. 39');
INSERT IGNORE INTO Alamat (id_alamat, provinsi, kota, jalan) VALUES (10, 'Kalimantan Tengah', 'Cilegon', 'Gang HOS. Cokroaminoto No. 530');
INSERT IGNORE INTO Alamat (id_alamat, provinsi, kota, jalan) VALUES (11, 'Sumatera Barat', 'Ambon', 'Gg. Indragiri No. 39');
INSERT IGNORE INTO Alamat (id_alamat, provinsi, kota, jalan) VALUES (12, 'Jawa Timur', 'Kupang', 'Gang Pelajar Pejuang No. 35');
INSERT IGNORE INTO Alamat (id_alamat, provinsi, kota, jalan) VALUES (13, 'Jawa Tengah', 'Cilegon', 'Gg. Erlangga No. 02');
INSERT IGNORE INTO Alamat (id_alamat, provinsi, kota, jalan) VALUES (14, 'Papua', 'Tangerang Selatan', 'Gang Gedebage Selatan No. 816');
INSERT IGNORE INTO Alamat (id_alamat, provinsi, kota, jalan) VALUES (15, 'Sulawesi Tengah', 'Kota Administrasi Jakarta Utara', 'Gang Soekarno Hatta No. 072');
INSERT IGNORE INTO Alamat (id_alamat, provinsi, kota, jalan) VALUES (16, 'Jawa Tengah', 'Sibolga', 'Jl. Veteran No. 8');
INSERT IGNORE INTO Alamat (id_alamat, provinsi, kota, jalan) VALUES (17, 'Sumatera Utara', 'Banjarmasin', 'Jalan Rajiman No. 40');
INSERT IGNORE INTO Alamat (id_alamat, provinsi, kota, jalan) VALUES (18, 'Sulawesi Tenggara', 'Padang Sidempuan', 'Gg. H.J Maemunah No. 6');
INSERT IGNORE INTO Alamat (id_alamat, provinsi, kota, jalan) VALUES (19, 'Banten', 'Batu', 'Gg. Cikutra Barat No. 6');
INSERT IGNORE INTO Alamat (id_alamat, provinsi, kota, jalan) VALUES (20, 'Sumatera Selatan', 'Palu', 'Jalan Rawamangun No. 026');
INSERT IGNORE INTO Alamat (id_alamat, provinsi, kota, jalan) VALUES (21, 'Nusa Tenggara Barat', 'Pontianak', 'Jalan Joyoboyo No. 9');
INSERT IGNORE INTO Alamat (id_alamat, provinsi, kota, jalan) VALUES (22, 'Kalimantan Timur', 'Langsa', 'Gg. Ir. H. Djuanda No. 4');
INSERT IGNORE INTO Alamat (id_alamat, provinsi, kota, jalan) VALUES (23, 'Kepulauan Bangka Belitung', 'Tanjungbalai', 'Jl. Medokan Ayu No. 42');
INSERT IGNORE INTO Alamat (id_alamat, provinsi, kota, jalan) VALUES (24, 'Jawa Tengah', 'Madiun', 'Gang Surapati No. 145');
INSERT IGNORE INTO Alamat (id_alamat, provinsi, kota, jalan) VALUES (25, 'Aceh', 'Kota Administrasi Jakarta Selatan', 'Jalan Gardujati No. 52');
INSERT IGNORE INTO Alamat (id_alamat, provinsi, kota, jalan) VALUES (26, 'Nusa Tenggara Timur', 'Surabaya', 'Gg. Jend. A. Yani No. 9');
INSERT IGNORE INTO Alamat (id_alamat, provinsi, kota, jalan) VALUES (27, 'Sumatera Utara', 'Probolinggo', 'Gg. Stasiun Wonokromo No. 1');
INSERT IGNORE INTO Alamat (id_alamat, provinsi, kota, jalan) VALUES (28, 'Kalimantan Selatan', 'Sorong', 'Jalan W.R. Supratman No. 48');
INSERT IGNORE INTO Alamat (id_alamat, provinsi, kota, jalan) VALUES (29, 'Jawa Barat', 'Blitar', 'Gang Joyoboyo No. 238');
INSERT IGNORE INTO Alamat (id_alamat, provinsi, kota, jalan) VALUES (30, 'Riau', 'Sorong', 'Jl. PHH. Mustofa No. 2');
INSERT IGNORE INTO Alamat (id_alamat, provinsi, kota, jalan) VALUES (31, 'DKI Jakarta', 'Samarinda', 'Jalan Cihampelas No. 850');
INSERT IGNORE INTO Alamat (id_alamat, provinsi, kota, jalan) VALUES (32, 'Kalimantan Selatan', 'Lhokseumawe', 'Gg. Ciwastra No. 58');
INSERT IGNORE INTO Alamat (id_alamat, provinsi, kota, jalan) VALUES (33, 'Bali', 'Sukabumi', 'Jalan Otto Iskandardinata No. 9');
INSERT IGNORE INTO Alamat (id_alamat, provinsi, kota, jalan) VALUES (34, 'DKI Jakarta', 'Palembang', 'Gg. Joyoboyo No. 50');
INSERT IGNORE INTO Alamat (id_alamat, provinsi, kota, jalan) VALUES (35, 'Kalimantan Utara', 'Bukittinggi', 'Gang Cihampelas No. 94');
INSERT IGNORE INTO Alamat (id_alamat, provinsi, kota, jalan) VALUES (36, 'Kalimantan Tengah', 'Manado', 'Gang Astana Anyar No. 42');
INSERT IGNORE INTO Alamat (id_alamat, provinsi, kota, jalan) VALUES (37, 'Jawa Barat', 'Bima', 'Gang KH Amin Jasuta No. 627');
INSERT IGNORE INTO Alamat (id_alamat, provinsi, kota, jalan) VALUES (38, 'Bali', 'Lubuklinggau', 'Gang BKR No. 44');
INSERT IGNORE INTO Alamat (id_alamat, provinsi, kota, jalan) VALUES (39, 'Aceh', 'Jambi', 'Gang Tebet Barat Dalam No. 3');
INSERT IGNORE INTO Alamat (id_alamat, provinsi, kota, jalan) VALUES (40, 'Maluku', 'Malang', 'Gang Jamika No. 673');
INSERT IGNORE INTO Alamat (id_alamat, provinsi, kota, jalan) VALUES (41, 'Kepulauan Bangka Belitung', 'Balikpapan', 'Gg. Indragiri No. 2');
INSERT IGNORE INTO Alamat (id_alamat, provinsi, kota, jalan) VALUES (42, 'Sulawesi Utara', 'Ternate', 'Gg. Soekarno Hatta No. 7');
INSERT IGNORE INTO Alamat (id_alamat, provinsi, kota, jalan) VALUES (43, 'Bali', 'Tangerang', 'Gg. Cihampelas No. 639');
INSERT IGNORE INTO Alamat (id_alamat, provinsi, kota, jalan) VALUES (44, 'Nusa Tenggara Timur', 'Metro', 'Jalan Sadang Serang No. 736');
INSERT IGNORE INTO Alamat (id_alamat, provinsi, kota, jalan) VALUES (45, 'Sulawesi Tenggara', 'Meulaboh', 'Gg. Stasiun Wonokromo No. 7');
INSERT IGNORE INTO Alamat (id_alamat, provinsi, kota, jalan) VALUES (46, 'Kalimantan Barat', 'Mataram', 'Gang Tubagus Ismail No. 08');
INSERT IGNORE INTO Alamat (id_alamat, provinsi, kota, jalan) VALUES (47, 'Nusa Tenggara Barat', 'Palopo', 'Jalan Pacuan Kuda No. 325');
INSERT IGNORE INTO Alamat (id_alamat, provinsi, kota, jalan) VALUES (48, 'Bali', 'Bitung', 'Jl. Laswi No. 2');
INSERT IGNORE INTO Alamat (id_alamat, provinsi, kota, jalan) VALUES (49, 'Nusa Tenggara Barat', 'Yogyakarta', 'Jl. Kutisari Selatan No. 40');
INSERT IGNORE INTO Alamat (id_alamat, provinsi, kota, jalan) VALUES (50, 'Sulawesi Utara', 'Bandung', 'Gang Waringin No. 844');
INSERT IGNORE INTO Alamat (id_alamat, provinsi, kota, jalan) VALUES (51, 'Kalimantan Tengah', 'Binjai', 'Gang Jayawijaya No. 199');
INSERT IGNORE INTO Alamat (id_alamat, provinsi, kota, jalan) VALUES (52, 'Kalimantan Utara', 'Kendari', 'Jl. K.H. Wahid Hasyim No. 7');
INSERT IGNORE INTO Alamat (id_alamat, provinsi, kota, jalan) VALUES (53, 'Nusa Tenggara Barat', 'Solok', 'Gang Rawamangun No. 2');
INSERT IGNORE INTO Alamat (id_alamat, provinsi, kota, jalan) VALUES (54, 'DI Yogyakarta', 'Banda Aceh', 'Gang Cikapayang No. 396');
INSERT IGNORE INTO Alamat (id_alamat, provinsi, kota, jalan) VALUES (55, 'Sumatera Barat', 'Balikpapan', 'Jalan S. Parman No. 241');
INSERT IGNORE INTO Alamat (id_alamat, provinsi, kota, jalan) VALUES (56, 'Banten', 'Kediri', 'Jalan Kendalsari No. 654');
INSERT IGNORE INTO Alamat (id_alamat, provinsi, kota, jalan) VALUES (57, 'Kalimantan Tengah', 'Palangkaraya', 'Jl. Surapati No. 08');
INSERT IGNORE INTO Alamat (id_alamat, provinsi, kota, jalan) VALUES (58, 'Nusa Tenggara Timur', 'Bandar Lampung', 'Jalan Moch. Ramdan No. 65');
INSERT IGNORE INTO Alamat (id_alamat, provinsi, kota, jalan) VALUES (59, 'Nusa Tenggara Timur', 'Palangkaraya', 'Gg. Jend. A. Yani No. 572');
INSERT IGNORE INTO Alamat (id_alamat, provinsi, kota, jalan) VALUES (60, 'Kalimantan Utara', 'Bontang', 'Gg. Kutisari Selatan No. 969');
INSERT IGNORE INTO Alamat (id_alamat, provinsi, kota, jalan) VALUES (61, 'Riau', 'Langsa', 'Jl. Jayawijaya No. 903');
INSERT IGNORE INTO Alamat (id_alamat, provinsi, kota, jalan) VALUES (62, 'DI Yogyakarta', 'Padang', 'Gg. Jamika No. 029');
INSERT IGNORE INTO Alamat (id_alamat, provinsi, kota, jalan) VALUES (63, 'Nusa Tenggara Barat', 'Mojokerto', 'Gang Asia Afrika No. 117');
INSERT IGNORE INTO Alamat (id_alamat, provinsi, kota, jalan) VALUES (64, 'Maluku Utara', 'Kupang', 'Gang H.J Maemunah No. 147');
INSERT IGNORE INTO Alamat (id_alamat, provinsi, kota, jalan) VALUES (65, 'Maluku', 'Pasuruan', 'Jalan Kebonjati No. 15');
INSERT IGNORE INTO Alamat (id_alamat, provinsi, kota, jalan) VALUES (66, 'Sumatera Selatan', 'Sibolga', 'Jl. Rawamangun No. 85');
INSERT IGNORE INTO Alamat (id_alamat, provinsi, kota, jalan) VALUES (67, 'Kalimantan Barat', 'Bitung', 'Gang Rajawali Barat No. 3');
INSERT IGNORE INTO Alamat (id_alamat, provinsi, kota, jalan) VALUES (68, 'Jawa Tengah', 'Jambi', 'Jl. Rumah Sakit No. 366');
INSERT IGNORE INTO Alamat (id_alamat, provinsi, kota, jalan) VALUES (69, 'Sulawesi Selatan', 'Tanjungbalai', 'Gg. S. Parman No. 014');
INSERT IGNORE INTO Alamat (id_alamat, provinsi, kota, jalan) VALUES (70, 'Nusa Tenggara Barat', 'Dumai', 'Gang Veteran No. 03');
INSERT IGNORE INTO Alamat (id_alamat, provinsi, kota, jalan) VALUES (71, 'Jawa Barat', 'Sukabumi', 'Gang Gardujati No. 825');
INSERT IGNORE INTO Alamat (id_alamat, provinsi, kota, jalan) VALUES (72, 'Aceh', 'Tidore Kepulauan', 'Jalan Moch. Ramdan No. 2');
INSERT IGNORE INTO Alamat (id_alamat, provinsi, kota, jalan) VALUES (73, 'Kalimantan Tengah', 'Langsa', 'Gg. Jayawijaya No. 334');
INSERT IGNORE INTO Alamat (id_alamat, provinsi, kota, jalan) VALUES (74, 'Riau', 'Batam', 'Gg. Antapani Lama No. 37');
INSERT IGNORE INTO Alamat (id_alamat, provinsi, kota, jalan) VALUES (75, 'Nusa Tenggara Barat', 'Solok', 'Gg. Sadang Serang No. 81');
INSERT IGNORE INTO Alamat (id_alamat, provinsi, kota, jalan) VALUES (76, 'Kepulauan Bangka Belitung', 'Tanjungpinang', 'Jl. Dipatiukur No. 438');
INSERT IGNORE INTO Alamat (id_alamat, provinsi, kota, jalan) VALUES (77, 'Kalimantan Tengah', 'Tebingtinggi', 'Gang Kapten Muslihat No. 87');
INSERT IGNORE INTO Alamat (id_alamat, provinsi, kota, jalan) VALUES (78, 'Kalimantan Barat', 'Makassar', 'Jl. Rungkut Industri No. 226');
INSERT IGNORE INTO Alamat (id_alamat, provinsi, kota, jalan) VALUES (79, 'Kepulauan Riau', 'Blitar', 'Jl. Ahmad Yani No. 877');
INSERT IGNORE INTO Alamat (id_alamat, provinsi, kota, jalan) VALUES (80, 'Lampung', 'Bandar Lampung', 'Jalan Pelajar Pejuang No. 22');
INSERT IGNORE INTO Alamat (id_alamat, provinsi, kota, jalan) VALUES (81, 'Papua Barat', 'Bontang', 'Jalan Moch. Toha No. 5');
INSERT IGNORE INTO Alamat (id_alamat, provinsi, kota, jalan) VALUES (82, 'Sulawesi Selatan', 'Meulaboh', 'Gang W.R. Supratman No. 20');
INSERT IGNORE INTO Alamat (id_alamat, provinsi, kota, jalan) VALUES (83, 'Kepulauan Bangka Belitung', 'Bandung', 'Gg. Yos Sudarso No. 4');
INSERT IGNORE INTO Alamat (id_alamat, provinsi, kota, jalan) VALUES (84, 'Kalimantan Utara', 'Tual', 'Gang Jamika No. 7');
INSERT IGNORE INTO Alamat (id_alamat, provinsi, kota, jalan) VALUES (85, 'Banten', 'Sukabumi', 'Jl. Pacuan Kuda No. 60');
INSERT IGNORE INTO Alamat (id_alamat, provinsi, kota, jalan) VALUES (86, 'Gorontalo', 'Bau-Bau', 'Gang Rajawali Barat No. 294');
INSERT IGNORE INTO Alamat (id_alamat, provinsi, kota, jalan) VALUES (87, 'Aceh', 'Kediri', 'Gg. Raya Ujungberung No. 29');
INSERT IGNORE INTO Alamat (id_alamat, provinsi, kota, jalan) VALUES (88, 'Bengkulu', 'Mataram', 'Gg. Sukabumi No. 28');
INSERT IGNORE INTO Alamat (id_alamat, provinsi, kota, jalan) VALUES (89, 'Maluku', 'Cirebon', 'Gang Rajawali Barat No. 448');
INSERT IGNORE INTO Alamat (id_alamat, provinsi, kota, jalan) VALUES (90, 'Kalimantan Selatan', 'Pariaman', 'Jalan Dipatiukur No. 46');
INSERT IGNORE INTO Alamat (id_alamat, provinsi, kota, jalan) VALUES (91, 'Sulawesi Barat', 'Parepare', 'Gg. Cikutra Barat No. 345');
INSERT IGNORE INTO Alamat (id_alamat, provinsi, kota, jalan) VALUES (92, 'Sulawesi Barat', 'Surakarta', 'Jalan Rungkut Industri No. 383');
INSERT IGNORE INTO Alamat (id_alamat, provinsi, kota, jalan) VALUES (93, 'Lampung', 'Tangerang', 'Jalan S. Parman No. 87');
INSERT IGNORE INTO Alamat (id_alamat, provinsi, kota, jalan) VALUES (94, 'Sulawesi Barat', 'Jayapura', 'Jl. Rumah Sakit No. 7');
INSERT IGNORE INTO Alamat (id_alamat, provinsi, kota, jalan) VALUES (95, 'Nusa Tenggara Timur', 'Sibolga', 'Jl. Monginsidi No. 63');
INSERT IGNORE INTO Alamat (id_alamat, provinsi, kota, jalan) VALUES (96, 'Bengkulu', 'Balikpapan', 'Gg. PHH. Mustofa No. 75');
INSERT IGNORE INTO Alamat (id_alamat, provinsi, kota, jalan) VALUES (97, 'Sumatera Selatan', 'Serang', 'Gg. Monginsidi No. 5');
INSERT IGNORE INTO Alamat (id_alamat, provinsi, kota, jalan) VALUES (98, 'Sulawesi Utara', 'Solok', 'Gang Otto Iskandardinata No. 637');
INSERT IGNORE INTO Alamat (id_alamat, provinsi, kota, jalan) VALUES (99, 'Sulawesi Utara', 'Banjarmasin', 'Gg. Kutisari Selatan No. 3');
INSERT IGNORE INTO Alamat (id_alamat, provinsi, kota, jalan) VALUES (100, 'Gorontalo', 'Pasuruan', 'Gg. Siliwangi No. 107');

-- Pengguna
INSERT IGNORE INTO Pengguna (id_pengguna, email, password, nama_lengkap, tgl_lahir, no_telp, foto_profil, is_penjual) VALUES (1, 'ajengpradipta@example.com', '(a8Q0#wi!4aM', 'Febi Siregar', '1991-08-15', '+62 (27) 616 7013', 'profil/user1.jpg', TRUE);
INSERT IGNORE INTO Pengguna (id_pengguna, email, password, nama_lengkap, tgl_lahir, no_telp, foto_profil, is_penjual) VALUES (2, 'jaemanprabowo@example.org', 'q&Mr1$b7Yn7A', 'Ir. Kasiyah Tamba', '1999-09-10', '0893955728', 'profil/user2.jpg', TRUE);
INSERT IGNORE INTO Pengguna (id_pengguna, email, password, nama_lengkap, tgl_lahir, no_telp, foto_profil, is_penjual) VALUES (3, 'uwaisdevi@example.com', '4N3TCa+t2u6*', 'Drs. Ratna Uyainah, S.E.', '1981-08-11', '+62-526-089-5594', 'profil/user3.jpg', TRUE);
INSERT IGNORE INTO Pengguna (id_pengguna, email, password, nama_lengkap, tgl_lahir, no_telp, foto_profil, is_penjual) VALUES (4, 'mayasinaga@example.com', 'ktOG)5AvNq+^', 'Nugraha Yolanda, M.Pd', '1995-06-14', '+62-0989-130-9693', 'profil/user4.jpg', TRUE);
INSERT IGNORE INTO Pengguna (id_pengguna, email, password, nama_lengkap, tgl_lahir, no_telp, foto_profil, is_penjual) VALUES (5, 'aslijankurniawan@example.net', '5%*)xs^S$!2F', 'Cahyadi Maryadi', '1978-12-25', '+62 (62) 269-1210', 'profil/user5.jpg', TRUE);
INSERT IGNORE INTO Pengguna (id_pengguna, email, password, nama_lengkap, tgl_lahir, no_telp, foto_profil, is_penjual) VALUES (6, 'cahyojanuar@example.org', 'v4(B(Cr&*bv8', 'dr. Hilda Hutasoit', '1984-12-31', '084 401 0475', 'profil/user6.jpg', TRUE);
INSERT IGNORE INTO Pengguna (id_pengguna, email, password, nama_lengkap, tgl_lahir, no_telp, foto_profil, is_penjual) VALUES (7, 'wardi97@example.com', 'Oi@CqfcgP*6W', 'Jarwa Salahudin', '1979-12-19', '+62 (563) 599 6247', 'profil/user7.jpg', TRUE);
INSERT IGNORE INTO Pengguna (id_pengguna, email, password, nama_lengkap, tgl_lahir, no_telp, foto_profil, is_penjual) VALUES (8, 'qwinarno@example.org', 'w4sFcrZW)kc&', 'Karimah Ramadan', '1965-11-28', '+62 (292) 140-1134', 'profil/user8.jpg', TRUE);
INSERT IGNORE INTO Pengguna (id_pengguna, email, password, nama_lengkap, tgl_lahir, no_telp, foto_profil, is_penjual) VALUES (9, 'jaimansaefullah@example.com', '$XM7*gBQp4qu', 'Tgk. Yance Mardhiyah, S.Farm', '1974-12-31', '(0561) 884 4168', 'profil/user9.jpg', TRUE);
INSERT IGNORE INTO Pengguna (id_pengguna, email, password, nama_lengkap, tgl_lahir, no_telp, foto_profil, is_penjual) VALUES (10, 'narpatiprayoga@example.com', 'V^61*HnPbWDi', 'Perkasa Anggraini', '1968-04-10', '+62 (052) 953 0403', 'profil/user10.jpg', TRUE);
INSERT IGNORE INTO Pengguna (id_pengguna, email, password, nama_lengkap, tgl_lahir, no_telp, foto_profil, is_penjual) VALUES (11, 'kasiranzulaika@example.net', '3pNlwod90_2%', 'Kawaya Yolanda', '1992-10-04', '(069) 674-9934', 'profil/user11.jpg', TRUE);
INSERT IGNORE INTO Pengguna (id_pengguna, email, password, nama_lengkap, tgl_lahir, no_telp, foto_profil, is_penjual) VALUES (12, 'xpertiwi@example.net', '1x9MjS%xt&#M', 'R.A. Cinthia Melani', '2004-06-09', '(022) 427 2140', 'profil/user12.jpg', TRUE);
INSERT IGNORE INTO Pengguna (id_pengguna, email, password, nama_lengkap, tgl_lahir, no_telp, foto_profil, is_penjual) VALUES (13, 'sudiatidamu@example.org', 'XdzeNlMGj^x1', 'KH. Cengkir Nasyiah', '2004-09-28', '+62 (0575) 696 0297', 'profil/user13.jpg', TRUE);
INSERT IGNORE INTO Pengguna (id_pengguna, email, password, nama_lengkap, tgl_lahir, no_telp, foto_profil, is_penjual) VALUES (14, 'sitiutama@example.com', '3UPLKOcA(51m', 'Artawan Handayani', '1997-11-22', '+62-305-166-0053', 'profil/user14.jpg', TRUE);
INSERT IGNORE INTO Pengguna (id_pengguna, email, password, nama_lengkap, tgl_lahir, no_telp, foto_profil, is_penjual) VALUES (15, 'balapatilaksmiwati@example.org', 'C$3jno3s$_gE', 'Natalia Sinaga', '1970-10-10', '083 571 5642', 'profil/user15.jpg', TRUE);
INSERT IGNORE INTO Pengguna (id_pengguna, email, password, nama_lengkap, tgl_lahir, no_telp, foto_profil, is_penjual) VALUES (16, 'baktimegantara@example.org', 'q1FSCq+w*4Vj', 'Drs. Tomi Irawan, S.T.', '1967-12-28', '(0437) 847-8712', 'profil/user16.jpg', TRUE);
INSERT IGNORE INTO Pengguna (id_pengguna, email, password, nama_lengkap, tgl_lahir, no_telp, foto_profil, is_penjual) VALUES (17, 'dongorancengkir@example.org', 'b@si5fIb#qa@', 'Widya Pradana', '1988-05-15', '+62 (029) 603-8088', 'profil/user17.jpg', TRUE);
INSERT IGNORE INTO Pengguna (id_pengguna, email, password, nama_lengkap, tgl_lahir, no_telp, foto_profil, is_penjual) VALUES (18, 'susantisiska@example.net', 'VtbGTT6mw+5N', 'Karimah Usamah', '2002-12-05', '+62 (056) 124-7206', 'profil/user18.jpg', TRUE);
INSERT IGNORE INTO Pengguna (id_pengguna, email, password, nama_lengkap, tgl_lahir, no_telp, foto_profil, is_penjual) VALUES (19, 'rahimaherik@example.com', '#@2IXpm_T7r%', 'Pandu Widiastuti', '1969-08-27', '+62-723-341-8409', 'profil/user19.jpg', TRUE);
INSERT IGNORE INTO Pengguna (id_pengguna, email, password, nama_lengkap, tgl_lahir, no_telp, foto_profil, is_penjual) VALUES (20, 'nlazuardi@example.com', 'Y47$usuEx$UB', 'Cemeti Tamba', '1981-08-29', '+62-53-043-2453', 'profil/user20.jpg', TRUE);
INSERT IGNORE INTO Pengguna (id_pengguna, email, password, nama_lengkap, tgl_lahir, no_telp, foto_profil, is_penjual) VALUES (21, 'mansurbalapati@example.org', 'WcbP6LzJ$l+0', 'Emil Mustofa', '1976-08-20', '(012) 209-1465', 'profil/user21.jpg', TRUE);
INSERT IGNORE INTO Pengguna (id_pengguna, email, password, nama_lengkap, tgl_lahir, no_telp, foto_profil, is_penjual) VALUES (22, 'ssiregar@example.com', '$Ah5dfa)7o_G', 'Bajragin Habibi', '2002-04-25', '+62-0056-413-2040', 'profil/user22.jpg', TRUE);
INSERT IGNORE INTO Pengguna (id_pengguna, email, password, nama_lengkap, tgl_lahir, no_telp, foto_profil, is_penjual) VALUES (23, 'kunthara29@example.com', '+S!2HkL7$4@y', 'Sutan Jaeman Napitupulu', '1979-11-23', '+62 (33) 241 3852', 'profil/user23.jpg', TRUE);
INSERT IGNORE INTO Pengguna (id_pengguna, email, password, nama_lengkap, tgl_lahir, no_telp, foto_profil, is_penjual) VALUES (24, 'tambagamblang@example.org', '66aV(hlyH4O)', 'Keisha Prasetya', '1994-03-12', '081 718 5938', 'profil/user24.jpg', TRUE);
INSERT IGNORE INTO Pengguna (id_pengguna, email, password, nama_lengkap, tgl_lahir, no_telp, foto_profil, is_penjual) VALUES (25, 'ynarpati@example.com', 'f*DBE5Ef+LB@', 'R. Karta Firgantoro', '1992-05-07', '(0575) 076 9149', 'profil/user25.jpg', TRUE);
INSERT IGNORE INTO Pengguna (id_pengguna, email, password, nama_lengkap, tgl_lahir, no_telp, foto_profil, is_penjual) VALUES (26, 'bajraginfujiati@example.net', '&ZAge&l_Hy6Q', 'Devi Wulandari', '1994-06-30', '+62 (0962) 301 6117', 'profil/user26.jpg', TRUE);
INSERT IGNORE INTO Pengguna (id_pengguna, email, password, nama_lengkap, tgl_lahir, no_telp, foto_profil, is_penjual) VALUES (27, 'jamalia60@example.org', 'ejCNFjoK$68v', 'Kajen Padmasari', '1996-12-25', '(0960) 876 6658', 'profil/user27.jpg', TRUE);
INSERT IGNORE INTO Pengguna (id_pengguna, email, password, nama_lengkap, tgl_lahir, no_telp, foto_profil, is_penjual) VALUES (28, 'haryantovinsen@example.org', '0EI*j0Q()3TZ', 'Puti Rachel Maryadi', '1997-11-12', '(091) 032 8079', 'profil/user28.jpg', TRUE);
INSERT IGNORE INTO Pengguna (id_pengguna, email, password, nama_lengkap, tgl_lahir, no_telp, foto_profil, is_penjual) VALUES (29, 'sakuramansur@example.com', '!)QDtyN&7k5Q', 'Maryanto Maulana', '1969-02-17', '+62 (073) 620-7890', 'profil/user29.jpg', TRUE);
INSERT IGNORE INTO Pengguna (id_pengguna, email, password, nama_lengkap, tgl_lahir, no_telp, foto_profil, is_penjual) VALUES (30, 'carublestari@example.org', '^9rOHauZ#95S', 'Sutan Carub Hassanah', '1968-10-25', '(0845) 971 6939', 'profil/user30.jpg', TRUE);
INSERT IGNORE INTO Pengguna (id_pengguna, email, password, nama_lengkap, tgl_lahir, no_telp, foto_profil, is_penjual) VALUES (31, 'omaryati@example.com', '0A+5F5fhtLY_', 'Kartika Zulaika', '1966-02-11', '(051) 868 0220', 'profil/user31.jpg', TRUE);
INSERT IGNORE INTO Pengguna (id_pengguna, email, password, nama_lengkap, tgl_lahir, no_telp, foto_profil, is_penjual) VALUES (32, 'ikhsanhastuti@example.org', '1U*iH*QfwM3o', 'Asmianto Astuti', '1975-09-15', '+62-887-567-6769', 'profil/user32.jpg', TRUE);
INSERT IGNORE INTO Pengguna (id_pengguna, email, password, nama_lengkap, tgl_lahir, no_telp, foto_profil, is_penjual) VALUES (33, 'kayla23@example.org', '2wP7XkmJK&dI', 'R.A. Elma Zulkarnain', '1983-01-10', '+62 (357) 764-3342', 'profil/user33.jpg', TRUE);
INSERT IGNORE INTO Pengguna (id_pengguna, email, password, nama_lengkap, tgl_lahir, no_telp, foto_profil, is_penjual) VALUES (34, 'gwijayanti@example.com', '&P0W%EaxZ+t1', 'H. Parman Hutagalung, M.Farm', '1971-02-26', '+62-009-489-1019', 'profil/user34.jpg', TRUE);
INSERT IGNORE INTO Pengguna (id_pengguna, email, password, nama_lengkap, tgl_lahir, no_telp, foto_profil, is_penjual) VALUES (35, 'sprabowo@example.net', 'J$ON3Jjfcgf1', 'Syahrini Palastri', '1970-10-04', '+62-685-108-3387', 'profil/user35.jpg', TRUE);
INSERT IGNORE INTO Pengguna (id_pengguna, email, password, nama_lengkap, tgl_lahir, no_telp, foto_profil, is_penjual) VALUES (36, 'yono87@example.net', 'BmaVVSgx(@7v', 'Latika Prasetyo, M.M.', '1988-05-06', '+62-91-329-1688', 'profil/user36.jpg', TRUE);
INSERT IGNORE INTO Pengguna (id_pengguna, email, password, nama_lengkap, tgl_lahir, no_telp, foto_profil, is_penjual) VALUES (37, 'ade47@example.net', 'uXF7CQ#p*ov3', 'Teddy Mardhiyah, S.T.', '2001-07-19', '+62-28-054-6501', 'profil/user37.jpg', TRUE);
INSERT IGNORE INTO Pengguna (id_pengguna, email, password, nama_lengkap, tgl_lahir, no_telp, foto_profil, is_penjual) VALUES (38, 'waluyosabrina@example.org', 'o1Gh5Ymhqi)7', 'dr. Dinda Firgantoro, S.Farm', '1997-04-01', '+62-059-920-2027', 'profil/user38.jpg', TRUE);
INSERT IGNORE INTO Pengguna (id_pengguna, email, password, nama_lengkap, tgl_lahir, no_telp, foto_profil, is_penjual) VALUES (39, 'mhakim@example.org', 'Z+Tke7XvDI6R', 'Paramita Prabowo', '1983-05-09', '(0338) 254 2771', 'profil/user39.jpg', TRUE);
INSERT IGNORE INTO Pengguna (id_pengguna, email, password, nama_lengkap, tgl_lahir, no_telp, foto_profil, is_penjual) VALUES (40, 'puput98@example.com', 'q3^Ab5lyco3@', 'Warta Rahayu', '1970-07-27', '+62 (432) 029-6293', 'profil/user40.jpg', TRUE);
INSERT IGNORE INTO Pengguna (id_pengguna, email, password, nama_lengkap, tgl_lahir, no_telp, foto_profil, is_penjual) VALUES (41, 'prakasakeisha@example.org', '(*H+#hY)B42k', 'Umaya Pradipta, S.T.', '1967-08-20', '+62-0826-946-7521', 'profil/user41.jpg', TRUE);
INSERT IGNORE INTO Pengguna (id_pengguna, email, password, nama_lengkap, tgl_lahir, no_telp, foto_profil, is_penjual) VALUES (42, 'safitrilegawa@example.net', 'mCUDisIi!O38', 'Tiara Nurdiyanti', '1989-06-29', '+62-13-614-1244', 'profil/user42.jpg', TRUE);
INSERT IGNORE INTO Pengguna (id_pengguna, email, password, nama_lengkap, tgl_lahir, no_telp, foto_profil, is_penjual) VALUES (43, 'cemani49@example.org', '52#U2qPi#5j^', 'Zulfa Anggriawan, M.Kom.', '1987-08-28', '+62-0647-674-5114', 'profil/user43.jpg', TRUE);
INSERT IGNORE INTO Pengguna (id_pengguna, email, password, nama_lengkap, tgl_lahir, no_telp, foto_profil, is_penjual) VALUES (44, 'aslijanwidodo@example.org', '%H!0t)LGBg#E', 'Kardi Yuliarti', '1988-03-22', '+62 (0449) 322-6542', 'profil/user44.jpg', TRUE);
INSERT IGNORE INTO Pengguna (id_pengguna, email, password, nama_lengkap, tgl_lahir, no_telp, foto_profil, is_penjual) VALUES (45, 'pmaheswara@example.net', '@a&k7B4wVKc2', 'Ir. Nadine Santoso, S.E.', '1977-04-16', '+62 (257) 405-9254', 'profil/user45.jpg', TRUE);
INSERT IGNORE INTO Pengguna (id_pengguna, email, password, nama_lengkap, tgl_lahir, no_telp, foto_profil, is_penjual) VALUES (46, 'aswani81@example.org', 'H&^8MPpyrW9H', 'Tirtayasa Fujiati', '1992-07-18', '+62-33-366-1744', 'profil/user46.jpg', TRUE);
INSERT IGNORE INTO Pengguna (id_pengguna, email, password, nama_lengkap, tgl_lahir, no_telp, foto_profil, is_penjual) VALUES (47, 'danang78@example.net', 'B@9+N!r+&^Q!', 'Endra Yolanda', '1999-07-12', '+62-091-677-7367', 'profil/user47.jpg', TRUE);
INSERT IGNORE INTO Pengguna (id_pengguna, email, password, nama_lengkap, tgl_lahir, no_telp, foto_profil, is_penjual) VALUES (48, 'widiastutiika@example.org', 'iEy31Clf&5(!', 'Faizah Winarsih, S.T.', '1972-09-27', '082 091 2159', 'profil/user48.jpg', TRUE);
INSERT IGNORE INTO Pengguna (id_pengguna, email, password, nama_lengkap, tgl_lahir, no_telp, foto_profil, is_penjual) VALUES (49, 'elisa61@example.com', '797kA0zs$29C', 'Teddy Rahimah', '1996-09-29', '(094) 150-2064', 'profil/user49.jpg', TRUE);
INSERT IGNORE INTO Pengguna (id_pengguna, email, password, nama_lengkap, tgl_lahir, no_telp, foto_profil, is_penjual) VALUES (50, 'wisnu21@example.org', 'un^(Lq9%q*c3', 'Anita Nurdiyanti, S.E.I', '1982-10-05', '+62-0093-259-7745', 'profil/user50.jpg', TRUE);
INSERT IGNORE INTO Pengguna (id_pengguna, email, password, nama_lengkap, tgl_lahir, no_telp, foto_profil, is_penjual) VALUES (51, 'garakusumo@example.org', '@)!Bmrhfr1KJ', 'Dt. Kasusra Megantara', '1977-04-30', '+62 (0976) 466 4921', 'profil/user51.jpg', FALSE);
INSERT IGNORE INTO Pengguna (id_pengguna, email, password, nama_lengkap, tgl_lahir, no_telp, foto_profil, is_penjual) VALUES (52, 'simon80@example.org', ')JXS3AwK(4(n', 'Kamaria Agustina', '1958-03-11', '+62 (402) 405 7232', 'profil/user52.jpg', FALSE);
INSERT IGNORE INTO Pengguna (id_pengguna, email, password, nama_lengkap, tgl_lahir, no_telp, foto_profil, is_penjual) VALUES (53, 'ofujiati@example.com', 'QzYCTLu0J%5i', 'Gada Hutapea', '1973-08-28', '+62-154-747-1323', 'profil/user53.jpg', FALSE);
INSERT IGNORE INTO Pengguna (id_pengguna, email, password, nama_lengkap, tgl_lahir, no_telp, foto_profil, is_penjual) VALUES (54, 'luyainah@example.com', 'g#MIzb%rLD43', 'Lala Maheswara, M.M.', '1975-10-21', '+62 (53) 947-7242', 'profil/user54.jpg', FALSE);
INSERT IGNORE INTO Pengguna (id_pengguna, email, password, nama_lengkap, tgl_lahir, no_telp, foto_profil, is_penjual) VALUES (55, 'cengkir07@example.org', 'eB9jvDqR)$+P', 'Cahyanto Utami', '1988-03-05', '+62 (798) 782-1083', 'profil/user55.jpg', FALSE);
INSERT IGNORE INTO Pengguna (id_pengguna, email, password, nama_lengkap, tgl_lahir, no_telp, foto_profil, is_penjual) VALUES (56, 'riyantiyusuf@example.net', '$6Sain(&6##R', 'Ajeng Wijayanti, S.Farm', '1976-03-16', '+62 (0203) 912 0203', 'profil/user56.jpg', FALSE);
INSERT IGNORE INTO Pengguna (id_pengguna, email, password, nama_lengkap, tgl_lahir, no_telp, foto_profil, is_penjual) VALUES (57, 'ryuniar@example.net', '5(QzbMweQa2%', 'Pia Natsir', '2002-07-20', '(0273) 111 7703', 'profil/user57.jpg', FALSE);
INSERT IGNORE INTO Pengguna (id_pengguna, email, password, nama_lengkap, tgl_lahir, no_telp, foto_profil, is_penjual) VALUES (58, 'gkusmawati@example.com', '1$0BiM*D7crz', 'Cahyo Firmansyah, S.H.', '1986-05-16', '+62 (0202) 220-4324', 'profil/user58.jpg', FALSE);
INSERT IGNORE INTO Pengguna (id_pengguna, email, password, nama_lengkap, tgl_lahir, no_telp, foto_profil, is_penjual) VALUES (59, 'jamiljailani@example.net', '#$77&LKrHz9G', 'Puti Elvina Nasyidah', '1965-06-12', '+62 (0443) 225-5575', 'profil/user59.jpg', FALSE);
INSERT IGNORE INTO Pengguna (id_pengguna, email, password, nama_lengkap, tgl_lahir, no_telp, foto_profil, is_penjual) VALUES (60, 'quwais@example.org', '!Ni82XXxQtqz', 'Kasiyah Saefullah', '2008-09-03', '+62-016-498-6073', 'profil/user60.jpg', FALSE);
INSERT IGNORE INTO Pengguna (id_pengguna, email, password, nama_lengkap, tgl_lahir, no_telp, foto_profil, is_penjual) VALUES (61, 'prasetyanuraini@example.org', '2+0JZtgcvX6P', 'R. Wadi Pangestu, S.Farm', '1999-10-16', '+62 (66) 601 5009', 'profil/user61.jpg', FALSE);
INSERT IGNORE INTO Pengguna (id_pengguna, email, password, nama_lengkap, tgl_lahir, no_telp, foto_profil, is_penjual) VALUES (62, 'znarpati@example.org', 'SnL6yPSr#h4z', 'Tgk. Abyasa Mulyani', '1997-12-22', '(0471) 272-2950', 'profil/user62.jpg', FALSE);
INSERT IGNORE INTO Pengguna (id_pengguna, email, password, nama_lengkap, tgl_lahir, no_telp, foto_profil, is_penjual) VALUES (63, 'pangestusaadat@example.org', '28AuYf!3^Q)G', 'Ir. Intan Riyanti', '1996-12-22', '+62 (0826) 821 2902', 'profil/user63.jpg', FALSE);
INSERT IGNORE INTO Pengguna (id_pengguna, email, password, nama_lengkap, tgl_lahir, no_telp, foto_profil, is_penjual) VALUES (64, 'cayadi34@example.net', 'mbB6ISra#v(5', 'R.A. Agnes Maryati, M.Kom.', '2001-03-13', '+62 (854) 350 0617', 'profil/user64.jpg', FALSE);
INSERT IGNORE INTO Pengguna (id_pengguna, email, password, nama_lengkap, tgl_lahir, no_telp, foto_profil, is_penjual) VALUES (65, 'halimahpaulin@example.net', '2#Q6AOTe5G*#', 'Hj. Wirda Lestari', '1992-12-07', '+62 (0010) 834 4085', 'profil/user65.jpg', FALSE);
INSERT IGNORE INTO Pengguna (id_pengguna, email, password, nama_lengkap, tgl_lahir, no_telp, foto_profil, is_penjual) VALUES (66, 'vrajata@example.net', '+6q!PLVE8zSR', 'Lega Iswahyudi, S.Kom', '1958-04-01', '+62-16-015-5081', 'profil/user66.jpg', FALSE);
INSERT IGNORE INTO Pengguna (id_pengguna, email, password, nama_lengkap, tgl_lahir, no_telp, foto_profil, is_penjual) VALUES (67, 'putu42@example.net', ')cMt7l1lq97l', 'Dr. Anastasia Winarno', '1966-01-26', '(067) 222-4825', 'profil/user67.jpg', FALSE);
INSERT IGNORE INTO Pengguna (id_pengguna, email, password, nama_lengkap, tgl_lahir, no_telp, foto_profil, is_penjual) VALUES (68, 'mulyanirizki@example.net', 'R$L*ysvJrc5N', 'Drs. Candra Sihotang', '1988-07-20', '+62 (86) 439-1346', 'profil/user68.jpg', FALSE);
INSERT IGNORE INTO Pengguna (id_pengguna, email, password, nama_lengkap, tgl_lahir, no_telp, foto_profil, is_penjual) VALUES (69, 'puspasariciaobella@example.org', '#!54LjCf$O^L', 'Raisa Thamrin, S.Pt', '1995-06-24', '(055) 627 0172', 'profil/user69.jpg', FALSE);
INSERT IGNORE INTO Pengguna (id_pengguna, email, password, nama_lengkap, tgl_lahir, no_telp, foto_profil, is_penjual) VALUES (70, 'pratamaikhsan@example.org', 'K1JtxJqc!P5a', 'Vivi Megantara', '1970-11-02', '+62 (087) 934-2377', 'profil/user70.jpg', FALSE);
INSERT IGNORE INTO Pengguna (id_pengguna, email, password, nama_lengkap, tgl_lahir, no_telp, foto_profil, is_penjual) VALUES (71, 'tsaragih@example.net', '!3YLsjn%DKSZ', 'Paulin Zulkarnain', '1999-12-10', '(055) 297 8531', 'profil/user71.jpg', FALSE);
INSERT IGNORE INTO Pengguna (id_pengguna, email, password, nama_lengkap, tgl_lahir, no_telp, foto_profil, is_penjual) VALUES (72, 'paulinkuswandari@example.org', '$TXFdmZu6vR2', 'drg. Tasnim Marpaung', '1977-05-23', '+62 (698) 721-8108', 'profil/user72.jpg', FALSE);
INSERT IGNORE INTO Pengguna (id_pengguna, email, password, nama_lengkap, tgl_lahir, no_telp, foto_profil, is_penjual) VALUES (73, 'gabriella94@example.net', 'W)J6sTlJa3Pn', 'Edi Putra', '1956-03-21', '+62-0215-237-3627', 'profil/user73.jpg', FALSE);
INSERT IGNORE INTO Pengguna (id_pengguna, email, password, nama_lengkap, tgl_lahir, no_telp, foto_profil, is_penjual) VALUES (74, 'dnajmudin@example.net', 'XwbdhLBl#4R&', 'Cakrabuana Thamrin', '1958-12-23', '(0130) 517-2966', 'profil/user74.jpg', FALSE);
INSERT IGNORE INTO Pengguna (id_pengguna, email, password, nama_lengkap, tgl_lahir, no_telp, foto_profil, is_penjual) VALUES (75, 'rahmawatigaduh@example.net', '^1jEA&up80K7', 'Jaya Hasanah', '1957-05-15', '(019) 569 2814', 'profil/user75.jpg', FALSE);
INSERT IGNORE INTO Pengguna (id_pengguna, email, password, nama_lengkap, tgl_lahir, no_telp, foto_profil, is_penjual) VALUES (76, 'jindramaulana@example.org', '&41evlqvBKZ@', 'Jamil Prabowo', '2002-04-02', '+62-072-322-8979', 'profil/user76.jpg', FALSE);
INSERT IGNORE INTO Pengguna (id_pengguna, email, password, nama_lengkap, tgl_lahir, no_telp, foto_profil, is_penjual) VALUES (77, 'zalindra67@example.org', '!7AMsqRXv7jM', 'Cemeti Pratiwi', '1980-05-31', '+62 (0048) 626 1111', 'profil/user77.jpg', FALSE);
INSERT IGNORE INTO Pengguna (id_pengguna, email, password, nama_lengkap, tgl_lahir, no_telp, foto_profil, is_penjual) VALUES (78, 'makuta07@example.com', '&VUPyYU5m97j', 'Winda Putra', '2009-07-19', '+62 (0212) 497 1971', 'profil/user78.jpg', FALSE);
INSERT IGNORE INTO Pengguna (id_pengguna, email, password, nama_lengkap, tgl_lahir, no_telp, foto_profil, is_penjual) VALUES (79, 'zelayanatsir@example.net', ')n4Zt&tNy54C', 'Kuncara Wastuti, S.Sos', '1975-03-17', '+62-609-634-4286', 'profil/user79.jpg', FALSE);
INSERT IGNORE INTO Pengguna (id_pengguna, email, password, nama_lengkap, tgl_lahir, no_telp, foto_profil, is_penjual) VALUES (80, 'nurulirawan@example.com', '(4IK3AaQh_$b', 'Drs. Estiono Yuliarti', '1974-11-21', '+62 (0861) 346 4159', 'profil/user80.jpg', FALSE);
INSERT IGNORE INTO Pengguna (id_pengguna, email, password, nama_lengkap, tgl_lahir, no_telp, foto_profil, is_penjual) VALUES (81, 'elailasari@example.org', 'Y%D!azzcwQ8e', 'dr. Lukita Uwais', '2006-01-17', '+62 (308) 364-0826', 'profil/user81.jpg', FALSE);
INSERT IGNORE INTO Pengguna (id_pengguna, email, password, nama_lengkap, tgl_lahir, no_telp, foto_profil, is_penjual) VALUES (82, 'banawa58@example.com', '94gFNR$J&bv7', 'R.M. Hamzah Firgantoro', '2006-01-07', '+62 (324) 199 4180', 'profil/user82.jpg', FALSE);
INSERT IGNORE INTO Pengguna (id_pengguna, email, password, nama_lengkap, tgl_lahir, no_telp, foto_profil, is_penjual) VALUES (83, 'leo58@example.net', 'Tz6DSln+j@K&', 'Puti Simanjuntak, S.I.Kom', '1981-01-29', '(001) 919-9135', 'profil/user83.jpg', FALSE);
INSERT IGNORE INTO Pengguna (id_pengguna, email, password, nama_lengkap, tgl_lahir, no_telp, foto_profil, is_penjual) VALUES (84, 'raditya90@example.com', 'XuQ+7FghG&Oq', 'Yuliana Yuliarti', '2007-03-10', '(053) 244 5511', 'profil/user84.jpg', FALSE);
INSERT IGNORE INTO Pengguna (id_pengguna, email, password, nama_lengkap, tgl_lahir, no_telp, foto_profil, is_penjual) VALUES (85, 'fsetiawan@example.net', '(kN2MAabqEJ$', 'Gatra Sihombing', '1994-11-13', '+62 (0220) 193 0939', 'profil/user85.jpg', FALSE);
INSERT IGNORE INTO Pengguna (id_pengguna, email, password, nama_lengkap, tgl_lahir, no_telp, foto_profil, is_penjual) VALUES (86, 'jinawi88@example.org', '1+UwOlzv^0*R', 'Paulin Pradana, S.Farm', '1992-06-11', '(031) 339-3103', 'profil/user86.jpg', FALSE);
INSERT IGNORE INTO Pengguna (id_pengguna, email, password, nama_lengkap, tgl_lahir, no_telp, foto_profil, is_penjual) VALUES (87, 'wulandarijessica@example.net', '@@)(Eygy#g2j', 'KH. Ibrani Budiman', '1989-08-25', '+62-001-086-3234', 'profil/user87.jpg', FALSE);
INSERT IGNORE INTO Pengguna (id_pengguna, email, password, nama_lengkap, tgl_lahir, no_telp, foto_profil, is_penjual) VALUES (88, 'alambanaadriansyah@example.org', 'BP&HZl(QQZ4&', 'Nova Prabowo', '2007-05-04', '+62 (269) 266-0125', 'profil/user88.jpg', FALSE);
INSERT IGNORE INTO Pengguna (id_pengguna, email, password, nama_lengkap, tgl_lahir, no_telp, foto_profil, is_penjual) VALUES (89, 'tpratiwi@example.org', 'Lw87RhKt$mPt', 'Usyi Zulaika', '1995-10-24', '+62 (05) 909 0002', 'profil/user89.jpg', FALSE);
INSERT IGNORE INTO Pengguna (id_pengguna, email, password, nama_lengkap, tgl_lahir, no_telp, foto_profil, is_penjual) VALUES (90, 'budiyantocaket@example.net', '%@RIttfijAN7', 'Humaira Mustofa', '1974-06-29', '+62 (0235) 338 3124', 'profil/user90.jpg', FALSE);
INSERT IGNORE INTO Pengguna (id_pengguna, email, password, nama_lengkap, tgl_lahir, no_telp, foto_profil, is_penjual) VALUES (91, 'edihutapea@example.org', 'xUSlm@JI$wT5', 'Ibun Pratiwi', '1979-07-10', '+62 (0305) 427-3501', 'profil/user91.jpg', FALSE);
INSERT IGNORE INTO Pengguna (id_pengguna, email, password, nama_lengkap, tgl_lahir, no_telp, foto_profil, is_penjual) VALUES (92, 'permataedi@example.net', 'hr+1OqsZkplS', 'Intan Prastuti', '2007-09-24', '+62 (23) 515-5397', 'profil/user92.jpg', FALSE);
INSERT IGNORE INTO Pengguna (id_pengguna, email, password, nama_lengkap, tgl_lahir, no_telp, foto_profil, is_penjual) VALUES (93, 'llaksita@example.org', 'i^oOCDbj0ST6', 'dr. Vanya Napitupulu', '1965-05-01', '+62-737-383-7822', 'profil/user93.jpg', FALSE);
INSERT IGNORE INTO Pengguna (id_pengguna, email, password, nama_lengkap, tgl_lahir, no_telp, foto_profil, is_penjual) VALUES (94, 'harsantowaskita@example.com', 'Fa4!_aZ6(p@J', 'Vero Sihombing', '1967-06-21', '+62 (0141) 714-4634', 'profil/user94.jpg', FALSE);
INSERT IGNORE INTO Pengguna (id_pengguna, email, password, nama_lengkap, tgl_lahir, no_telp, foto_profil, is_penjual) VALUES (95, 'gastimardhiyah@example.net', 'r!0_2Rxh(Ul2', 'Nasim Sitompul', '1964-06-25', '(0897) 080-4534', 'profil/user95.jpg', FALSE);
INSERT IGNORE INTO Pengguna (id_pengguna, email, password, nama_lengkap, tgl_lahir, no_telp, foto_profil, is_penjual) VALUES (96, 'pradanapadma@example.org', 'm1Um%!%N%&*&', 'Banara Gunawan', '1968-06-17', '+62 (35) 202-6576', 'profil/user96.jpg', FALSE);
INSERT IGNORE INTO Pengguna (id_pengguna, email, password, nama_lengkap, tgl_lahir, no_telp, foto_profil, is_penjual) VALUES (97, 'rahimahjatmiko@example.net', 'sdW8*o_tI@2Z', 'Puti Ida Waskita, S.T.', '1967-07-01', '+62-037-169-5419', 'profil/user97.jpg', FALSE);
INSERT IGNORE INTO Pengguna (id_pengguna, email, password, nama_lengkap, tgl_lahir, no_telp, foto_profil, is_penjual) VALUES (98, 'wacanayahya@example.org', 'Nm&3xFlO&$^E', 'Najam Kusmawati', '1999-10-05', '+62 (0043) 008-5560', 'profil/user98.jpg', FALSE);
INSERT IGNORE INTO Pengguna (id_pengguna, email, password, nama_lengkap, tgl_lahir, no_telp, foto_profil, is_penjual) VALUES (99, 'hartatikamila@example.org', '6*1ACc*3!mtB', 'drg. Ajimat Wastuti, S.I.Kom', '1986-07-14', '+62 (822) 047-7401', 'profil/user99.jpg', FALSE);
INSERT IGNORE INTO Pengguna (id_pengguna, email, password, nama_lengkap, tgl_lahir, no_telp, foto_profil, is_penjual) VALUES (100, 'kuswoyoheryanto@example.com', 'r&4)#Pzwn410', 'Ir. Usman Yulianti', '1993-07-18', '+62 (931) 141 8663', 'profil/user100.jpg', FALSE);
INSERT IGNORE INTO Pengguna (id_pengguna, email, password, nama_lengkap, tgl_lahir, no_telp, foto_profil, is_penjual) VALUES (101, 'mlaksita@example.net', 'ex0&36ApEQoR', 'drg. Ajiman Mangunsong', '1970-08-14', '085 262 9432', 'profil/user101.jpg', FALSE);
INSERT IGNORE INTO Pengguna (id_pengguna, email, password, nama_lengkap, tgl_lahir, no_telp, foto_profil, is_penjual) VALUES (102, 'rahayuwarji@example.org', '@bDr8qGBO@5F', 'Baktiadi Siregar', '1982-12-16', '+62 (021) 088 9246', 'profil/user102.jpg', FALSE);
INSERT IGNORE INTO Pengguna (id_pengguna, email, password, nama_lengkap, tgl_lahir, no_telp, foto_profil, is_penjual) VALUES (103, 'yunithamrin@example.net', 'yeT%ek!tSv0w', 'Maimunah Namaga', '1979-09-22', '+62 (096) 117 2322', 'profil/user103.jpg', FALSE);
INSERT IGNORE INTO Pengguna (id_pengguna, email, password, nama_lengkap, tgl_lahir, no_telp, foto_profil, is_penjual) VALUES (104, 'raisa65@example.net', '!FRXMUv$1n5E', 'Labuh Santoso', '1992-07-30', '+62-702-299-8862', 'profil/user104.jpg', FALSE);
INSERT IGNORE INTO Pengguna (id_pengguna, email, password, nama_lengkap, tgl_lahir, no_telp, foto_profil, is_penjual) VALUES (105, 'ardiantopurwadi@example.com', '1%Dx&w)u_%#j', 'Mala Laksmiwati', '1983-12-17', '+62 (015) 660 6822', 'profil/user105.jpg', FALSE);
INSERT IGNORE INTO Pengguna (id_pengguna, email, password, nama_lengkap, tgl_lahir, no_telp, foto_profil, is_penjual) VALUES (106, 'dacin42@example.net', 'T0!@bs6K+QNL', 'Karja Nasyiah', '1991-10-08', '+62 (30) 943-8815', 'profil/user106.jpg', FALSE);
INSERT IGNORE INTO Pengguna (id_pengguna, email, password, nama_lengkap, tgl_lahir, no_telp, foto_profil, is_penjual) VALUES (107, 'kasusrayuniar@example.com', '_$XigRI!!L6K', 'Lukman Hidayat', '1982-02-20', '(0832) 578-6340', 'profil/user107.jpg', FALSE);
INSERT IGNORE INTO Pengguna (id_pengguna, email, password, nama_lengkap, tgl_lahir, no_telp, foto_profil, is_penjual) VALUES (108, 'raisa43@example.org', '2q!$TrgT_G7(', 'Cengkal Haryanti', '1964-08-03', '(0610) 954 2014', 'profil/user108.jpg', FALSE);
INSERT IGNORE INTO Pengguna (id_pengguna, email, password, nama_lengkap, tgl_lahir, no_telp, foto_profil, is_penjual) VALUES (109, 'ddabukke@example.net', '2@wMhi%Wgr5E', 'Bakiman Gunawan, S.Farm', '1972-04-18', '(015) 897-2672', 'profil/user109.jpg', FALSE);
INSERT IGNORE INTO Pengguna (id_pengguna, email, password, nama_lengkap, tgl_lahir, no_telp, foto_profil, is_penjual) VALUES (110, 'ysiregar@example.com', 'DDS6*Mk4!Zmd', 'Cut Yunita Januar, S.Psi', '1997-06-18', '+62-0858-520-5184', 'profil/user110.jpg', FALSE);

-- Penjual
INSERT IGNORE INTO Penjual (id_penjual, id_pengguna, ktp, foto_diri, is_verified) VALUES (1, 1, '3741537101931241', 'fotodiri/penjual1.jpg', FALSE);
INSERT IGNORE INTO Penjual (id_penjual, id_pengguna, ktp, foto_diri, is_verified) VALUES (2, 2, '3749723543283109', 'fotodiri/penjual2.jpg', FALSE);
INSERT IGNORE INTO Penjual (id_penjual, id_pengguna, ktp, foto_diri, is_verified) VALUES (3, 3, '3976359822903812', 'fotodiri/penjual3.jpg', TRUE);
INSERT IGNORE INTO Penjual (id_penjual, id_pengguna, ktp, foto_diri, is_verified) VALUES (4, 4, '3493111864769869', 'fotodiri/penjual4.jpg', TRUE);
INSERT IGNORE INTO Penjual (id_penjual, id_pengguna, ktp, foto_diri, is_verified) VALUES (5, 5, '3492085364838496', 'fotodiri/penjual5.jpg', FALSE);
INSERT IGNORE INTO Penjual (id_penjual, id_pengguna, ktp, foto_diri, is_verified) VALUES (6, 6, '3580923600181671', 'fotodiri/penjual6.jpg', TRUE);
INSERT IGNORE INTO Penjual (id_penjual, id_pengguna, ktp, foto_diri, is_verified) VALUES (7, 7, '3638237467998092', 'fotodiri/penjual7.jpg', TRUE);
INSERT IGNORE INTO Penjual (id_penjual, id_pengguna, ktp, foto_diri, is_verified) VALUES (8, 8, '3772289980000857', 'fotodiri/penjual8.jpg', FALSE);
INSERT IGNORE INTO Penjual (id_penjual, id_pengguna, ktp, foto_diri, is_verified) VALUES (9, 9, '3040135709590579', 'fotodiri/penjual9.jpg', TRUE);
INSERT IGNORE INTO Penjual (id_penjual, id_pengguna, ktp, foto_diri, is_verified) VALUES (10, 10, '3628926277473158', 'fotodiri/penjual10.jpg', TRUE);
INSERT IGNORE INTO Penjual (id_penjual, id_pengguna, ktp, foto_diri, is_verified) VALUES (11, 11, '3162954884362575', 'fotodiri/penjual11.jpg', FALSE);
INSERT IGNORE INTO Penjual (id_penjual, id_pengguna, ktp, foto_diri, is_verified) VALUES (12, 12, '3542766810864768', 'fotodiri/penjual12.jpg', FALSE);
INSERT IGNORE INTO Penjual (id_penjual, id_pengguna, ktp, foto_diri, is_verified) VALUES (13, 13, '3702921051266896', 'fotodiri/penjual13.jpg', TRUE);
INSERT IGNORE INTO Penjual (id_penjual, id_pengguna, ktp, foto_diri, is_verified) VALUES (14, 14, '3503652752439703', 'fotodiri/penjual14.jpg', FALSE);
INSERT IGNORE INTO Penjual (id_penjual, id_pengguna, ktp, foto_diri, is_verified) VALUES (15, 15, '3229815597962593', 'fotodiri/penjual15.jpg', FALSE);
INSERT IGNORE INTO Penjual (id_penjual, id_pengguna, ktp, foto_diri, is_verified) VALUES (16, 16, '3408006736625199', 'fotodiri/penjual16.jpg', TRUE);
INSERT IGNORE INTO Penjual (id_penjual, id_pengguna, ktp, foto_diri, is_verified) VALUES (17, 17, '3704615425136340', 'fotodiri/penjual17.jpg', TRUE);
INSERT IGNORE INTO Penjual (id_penjual, id_pengguna, ktp, foto_diri, is_verified) VALUES (18, 18, '3188108871677194', 'fotodiri/penjual18.jpg', FALSE);
INSERT IGNORE INTO Penjual (id_penjual, id_pengguna, ktp, foto_diri, is_verified) VALUES (19, 19, '3059198437877971', 'fotodiri/penjual19.jpg', FALSE);
INSERT IGNORE INTO Penjual (id_penjual, id_pengguna, ktp, foto_diri, is_verified) VALUES (20, 20, '3981316776749149', 'fotodiri/penjual20.jpg', TRUE);
INSERT IGNORE INTO Penjual (id_penjual, id_pengguna, ktp, foto_diri, is_verified) VALUES (21, 21, '3864996278442657', 'fotodiri/penjual21.jpg', FALSE);
INSERT IGNORE INTO Penjual (id_penjual, id_pengguna, ktp, foto_diri, is_verified) VALUES (22, 22, '3002594230099648', 'fotodiri/penjual22.jpg', TRUE);
INSERT IGNORE INTO Penjual (id_penjual, id_pengguna, ktp, foto_diri, is_verified) VALUES (23, 23, '3382188282397545', 'fotodiri/penjual23.jpg', TRUE);
INSERT IGNORE INTO Penjual (id_penjual, id_pengguna, ktp, foto_diri, is_verified) VALUES (24, 24, '3485123347332869', 'fotodiri/penjual24.jpg', TRUE);
INSERT IGNORE INTO Penjual (id_penjual, id_pengguna, ktp, foto_diri, is_verified) VALUES (25, 25, '3542579630259466', 'fotodiri/penjual25.jpg', TRUE);
INSERT IGNORE INTO Penjual (id_penjual, id_pengguna, ktp, foto_diri, is_verified) VALUES (26, 26, '3265070002390129', 'fotodiri/penjual26.jpg', TRUE);
INSERT IGNORE INTO Penjual (id_penjual, id_pengguna, ktp, foto_diri, is_verified) VALUES (27, 27, '3570410536658805', 'fotodiri/penjual27.jpg', TRUE);
INSERT IGNORE INTO Penjual (id_penjual, id_pengguna, ktp, foto_diri, is_verified) VALUES (28, 28, '3314184448166853', 'fotodiri/penjual28.jpg', FALSE);
INSERT IGNORE INTO Penjual (id_penjual, id_pengguna, ktp, foto_diri, is_verified) VALUES (29, 29, '3922410619423478', 'fotodiri/penjual29.jpg', FALSE);
INSERT IGNORE INTO Penjual (id_penjual, id_pengguna, ktp, foto_diri, is_verified) VALUES (30, 30, '3952491742956442', 'fotodiri/penjual30.jpg', FALSE);
INSERT IGNORE INTO Penjual (id_penjual, id_pengguna, ktp, foto_diri, is_verified) VALUES (31, 31, '3224484373303400', 'fotodiri/penjual31.jpg', FALSE);
INSERT IGNORE INTO Penjual (id_penjual, id_pengguna, ktp, foto_diri, is_verified) VALUES (32, 32, '3325768293963541', 'fotodiri/penjual32.jpg', FALSE);
INSERT IGNORE INTO Penjual (id_penjual, id_pengguna, ktp, foto_diri, is_verified) VALUES (33, 33, '3661147603442696', 'fotodiri/penjual33.jpg', TRUE);
INSERT IGNORE INTO Penjual (id_penjual, id_pengguna, ktp, foto_diri, is_verified) VALUES (34, 34, '3968446156232041', 'fotodiri/penjual34.jpg', FALSE);
INSERT IGNORE INTO Penjual (id_penjual, id_pengguna, ktp, foto_diri, is_verified) VALUES (35, 35, '3464271921650829', 'fotodiri/penjual35.jpg', TRUE);
INSERT IGNORE INTO Penjual (id_penjual, id_pengguna, ktp, foto_diri, is_verified) VALUES (36, 36, '3700726213705077', 'fotodiri/penjual36.jpg', FALSE);
INSERT IGNORE INTO Penjual (id_penjual, id_pengguna, ktp, foto_diri, is_verified) VALUES (37, 37, '3845475956037422', 'fotodiri/penjual37.jpg', FALSE);
INSERT IGNORE INTO Penjual (id_penjual, id_pengguna, ktp, foto_diri, is_verified) VALUES (38, 38, '3049491675798238', 'fotodiri/penjual38.jpg', TRUE);
INSERT IGNORE INTO Penjual (id_penjual, id_pengguna, ktp, foto_diri, is_verified) VALUES (39, 39, '3394207694550239', 'fotodiri/penjual39.jpg', FALSE);
INSERT IGNORE INTO Penjual (id_penjual, id_pengguna, ktp, foto_diri, is_verified) VALUES (40, 40, '3593630639816148', 'fotodiri/penjual40.jpg', TRUE);
INSERT IGNORE INTO Penjual (id_penjual, id_pengguna, ktp, foto_diri, is_verified) VALUES (41, 41, '3871115054410685', 'fotodiri/penjual41.jpg', FALSE);
INSERT IGNORE INTO Penjual (id_penjual, id_pengguna, ktp, foto_diri, is_verified) VALUES (42, 42, '3259548828503940', 'fotodiri/penjual42.jpg', FALSE);
INSERT IGNORE INTO Penjual (id_penjual, id_pengguna, ktp, foto_diri, is_verified) VALUES (43, 43, '3463294733145715', 'fotodiri/penjual43.jpg', TRUE);
INSERT IGNORE INTO Penjual (id_penjual, id_pengguna, ktp, foto_diri, is_verified) VALUES (44, 44, '3703698004704115', 'fotodiri/penjual44.jpg', TRUE);
INSERT IGNORE INTO Penjual (id_penjual, id_pengguna, ktp, foto_diri, is_verified) VALUES (45, 45, '3756123938797669', 'fotodiri/penjual45.jpg', FALSE);
INSERT IGNORE INTO Penjual (id_penjual, id_pengguna, ktp, foto_diri, is_verified) VALUES (46, 46, '3636614174636541', 'fotodiri/penjual46.jpg', TRUE);
INSERT IGNORE INTO Penjual (id_penjual, id_pengguna, ktp, foto_diri, is_verified) VALUES (47, 47, '3500148844792124', 'fotodiri/penjual47.jpg', FALSE);
INSERT IGNORE INTO Penjual (id_penjual, id_pengguna, ktp, foto_diri, is_verified) VALUES (48, 48, '3544529469383323', 'fotodiri/penjual48.jpg', TRUE);
INSERT IGNORE INTO Penjual (id_penjual, id_pengguna, ktp, foto_diri, is_verified) VALUES (49, 49, '3394949406241516', 'fotodiri/penjual49.jpg', FALSE);
INSERT IGNORE INTO Penjual (id_penjual, id_pengguna, ktp, foto_diri, is_verified) VALUES (50, 50, '3292629428645976', 'fotodiri/penjual50.jpg', TRUE);

-- Pembeli
INSERT IGNORE INTO Pembeli (id_pembeli, id_pengguna) VALUES (1, 51);
INSERT IGNORE INTO Pembeli (id_pembeli, id_pengguna) VALUES (2, 52);
INSERT IGNORE INTO Pembeli (id_pembeli, id_pengguna) VALUES (3, 53);
INSERT IGNORE INTO Pembeli (id_pembeli, id_pengguna) VALUES (4, 54);
INSERT IGNORE INTO Pembeli (id_pembeli, id_pengguna) VALUES (5, 55);
INSERT IGNORE INTO Pembeli (id_pembeli, id_pengguna) VALUES (6, 56);
INSERT IGNORE INTO Pembeli (id_pembeli, id_pengguna) VALUES (7, 57);
INSERT IGNORE INTO Pembeli (id_pembeli, id_pengguna) VALUES (8, 58);
INSERT IGNORE INTO Pembeli (id_pembeli, id_pengguna) VALUES (9, 59);
INSERT IGNORE INTO Pembeli (id_pembeli, id_pengguna) VALUES (10, 60);
INSERT IGNORE INTO Pembeli (id_pembeli, id_pengguna) VALUES (11, 61);
INSERT IGNORE INTO Pembeli (id_pembeli, id_pengguna) VALUES (12, 62);
INSERT IGNORE INTO Pembeli (id_pembeli, id_pengguna) VALUES (13, 63);
INSERT IGNORE INTO Pembeli (id_pembeli, id_pengguna) VALUES (14, 64);
INSERT IGNORE INTO Pembeli (id_pembeli, id_pengguna) VALUES (15, 65);
INSERT IGNORE INTO Pembeli (id_pembeli, id_pengguna) VALUES (16, 66);
INSERT IGNORE INTO Pembeli (id_pembeli, id_pengguna) VALUES (17, 67);
INSERT IGNORE INTO Pembeli (id_pembeli, id_pengguna) VALUES (18, 68);
INSERT IGNORE INTO Pembeli (id_pembeli, id_pengguna) VALUES (19, 69);
INSERT IGNORE INTO Pembeli (id_pembeli, id_pengguna) VALUES (20, 70);
INSERT IGNORE INTO Pembeli (id_pembeli, id_pengguna) VALUES (21, 71);
INSERT IGNORE INTO Pembeli (id_pembeli, id_pengguna) VALUES (22, 72);
INSERT IGNORE INTO Pembeli (id_pembeli, id_pengguna) VALUES (23, 73);
INSERT IGNORE INTO Pembeli (id_pembeli, id_pengguna) VALUES (24, 74);
INSERT IGNORE INTO Pembeli (id_pembeli, id_pengguna) VALUES (25, 75);
INSERT IGNORE INTO Pembeli (id_pembeli, id_pengguna) VALUES (26, 76);
INSERT IGNORE INTO Pembeli (id_pembeli, id_pengguna) VALUES (27, 77);
INSERT IGNORE INTO Pembeli (id_pembeli, id_pengguna) VALUES (28, 78);
INSERT IGNORE INTO Pembeli (id_pembeli, id_pengguna) VALUES (29, 79);
INSERT IGNORE INTO Pembeli (id_pembeli, id_pengguna) VALUES (30, 80);
INSERT IGNORE INTO Pembeli (id_pembeli, id_pengguna) VALUES (31, 81);
INSERT IGNORE INTO Pembeli (id_pembeli, id_pengguna) VALUES (32, 82);
INSERT IGNORE INTO Pembeli (id_pembeli, id_pengguna) VALUES (33, 83);
INSERT IGNORE INTO Pembeli (id_pembeli, id_pengguna) VALUES (34, 84);
INSERT IGNORE INTO Pembeli (id_pembeli, id_pengguna) VALUES (35, 85);
INSERT IGNORE INTO Pembeli (id_pembeli, id_pengguna) VALUES (36, 86);
INSERT IGNORE INTO Pembeli (id_pembeli, id_pengguna) VALUES (37, 87);
INSERT IGNORE INTO Pembeli (id_pembeli, id_pengguna) VALUES (38, 88);
INSERT IGNORE INTO Pembeli (id_pembeli, id_pengguna) VALUES (39, 89);
INSERT IGNORE INTO Pembeli (id_pembeli, id_pengguna) VALUES (40, 90);
INSERT IGNORE INTO Pembeli (id_pembeli, id_pengguna) VALUES (41, 91);
INSERT IGNORE INTO Pembeli (id_pembeli, id_pengguna) VALUES (42, 92);
INSERT IGNORE INTO Pembeli (id_pembeli, id_pengguna) VALUES (43, 93);
INSERT IGNORE INTO Pembeli (id_pembeli, id_pengguna) VALUES (44, 94);
INSERT IGNORE INTO Pembeli (id_pembeli, id_pengguna) VALUES (45, 95);
INSERT IGNORE INTO Pembeli (id_pembeli, id_pengguna) VALUES (46, 96);
INSERT IGNORE INTO Pembeli (id_pembeli, id_pengguna) VALUES (47, 97);
INSERT IGNORE INTO Pembeli (id_pembeli, id_pengguna) VALUES (48, 98);
INSERT IGNORE INTO Pembeli (id_pembeli, id_pengguna) VALUES (49, 99);
INSERT IGNORE INTO Pembeli (id_pembeli, id_pengguna) VALUES (50, 100);
INSERT IGNORE INTO Pembeli (id_pembeli, id_pengguna) VALUES (51, 101);
INSERT IGNORE INTO Pembeli (id_pembeli, id_pengguna) VALUES (52, 102);
INSERT IGNORE INTO Pembeli (id_pembeli, id_pengguna) VALUES (53, 103);
INSERT IGNORE INTO Pembeli (id_pembeli, id_pengguna) VALUES (54, 104);
INSERT IGNORE INTO Pembeli (id_pembeli, id_pengguna) VALUES (55, 105);
INSERT IGNORE INTO Pembeli (id_pembeli, id_pengguna) VALUES (56, 106);
INSERT IGNORE INTO Pembeli (id_pembeli, id_pengguna) VALUES (57, 107);
INSERT IGNORE INTO Pembeli (id_pembeli, id_pengguna) VALUES (58, 108);
INSERT IGNORE INTO Pembeli (id_pembeli, id_pengguna) VALUES (59, 109);
INSERT IGNORE INTO Pembeli (id_pembeli, id_pengguna) VALUES (60, 110);

-- AlamatPembeli
INSERT IGNORE INTO AlamatPembeli (id_alamat_pembeli, id_pembeli, id_alamat) VALUES (1, 1, 94);
INSERT IGNORE INTO AlamatPembeli (id_alamat_pembeli, id_pembeli, id_alamat) VALUES (2, 1, 37);
INSERT IGNORE INTO AlamatPembeli (id_alamat_pembeli, id_pembeli, id_alamat) VALUES (3, 1, 66);
INSERT IGNORE INTO AlamatPembeli (id_alamat_pembeli, id_pembeli, id_alamat) VALUES (4, 2, 87);
INSERT IGNORE INTO AlamatPembeli (id_alamat_pembeli, id_pembeli, id_alamat) VALUES (5, 2, 79);
INSERT IGNORE INTO AlamatPembeli (id_alamat_pembeli, id_pembeli, id_alamat) VALUES (6, 2, 60);
INSERT IGNORE INTO AlamatPembeli (id_alamat_pembeli, id_pembeli, id_alamat) VALUES (7, 3, 80);
INSERT IGNORE INTO AlamatPembeli (id_alamat_pembeli, id_pembeli, id_alamat) VALUES (8, 4, 96);
INSERT IGNORE INTO AlamatPembeli (id_alamat_pembeli, id_pembeli, id_alamat) VALUES (9, 5, 36);
INSERT IGNORE INTO AlamatPembeli (id_alamat_pembeli, id_pembeli, id_alamat) VALUES (10, 6, 32);
INSERT IGNORE INTO AlamatPembeli (id_alamat_pembeli, id_pembeli, id_alamat) VALUES (11, 6, 24);
INSERT IGNORE INTO AlamatPembeli (id_alamat_pembeli, id_pembeli, id_alamat) VALUES (12, 6, 78);
INSERT IGNORE INTO AlamatPembeli (id_alamat_pembeli, id_pembeli, id_alamat) VALUES (13, 7, 12);
INSERT IGNORE INTO AlamatPembeli (id_alamat_pembeli, id_pembeli, id_alamat) VALUES (14, 8, 74);
INSERT IGNORE INTO AlamatPembeli (id_alamat_pembeli, id_pembeli, id_alamat) VALUES (15, 8, 82);
INSERT IGNORE INTO AlamatPembeli (id_alamat_pembeli, id_pembeli, id_alamat) VALUES (16, 9, 85);
INSERT IGNORE INTO AlamatPembeli (id_alamat_pembeli, id_pembeli, id_alamat) VALUES (17, 9, 39);
INSERT IGNORE INTO AlamatPembeli (id_alamat_pembeli, id_pembeli, id_alamat) VALUES (18, 9, 89);
INSERT IGNORE INTO AlamatPembeli (id_alamat_pembeli, id_pembeli, id_alamat) VALUES (19, 10, 84);
INSERT IGNORE INTO AlamatPembeli (id_alamat_pembeli, id_pembeli, id_alamat) VALUES (20, 10, 17);
INSERT IGNORE INTO AlamatPembeli (id_alamat_pembeli, id_pembeli, id_alamat) VALUES (21, 11, 2);
INSERT IGNORE INTO AlamatPembeli (id_alamat_pembeli, id_pembeli, id_alamat) VALUES (22, 11, 6);
INSERT IGNORE INTO AlamatPembeli (id_alamat_pembeli, id_pembeli, id_alamat) VALUES (23, 11, 93);
INSERT IGNORE INTO AlamatPembeli (id_alamat_pembeli, id_pembeli, id_alamat) VALUES (24, 12, 31);
INSERT IGNORE INTO AlamatPembeli (id_alamat_pembeli, id_pembeli, id_alamat) VALUES (25, 13, 69);
INSERT IGNORE INTO AlamatPembeli (id_alamat_pembeli, id_pembeli, id_alamat) VALUES (26, 13, 53);
INSERT IGNORE INTO AlamatPembeli (id_alamat_pembeli, id_pembeli, id_alamat) VALUES (27, 13, 82);
INSERT IGNORE INTO AlamatPembeli (id_alamat_pembeli, id_pembeli, id_alamat) VALUES (28, 14, 19);
INSERT IGNORE INTO AlamatPembeli (id_alamat_pembeli, id_pembeli, id_alamat) VALUES (29, 14, 9);
INSERT IGNORE INTO AlamatPembeli (id_alamat_pembeli, id_pembeli, id_alamat) VALUES (30, 14, 43);
INSERT IGNORE INTO AlamatPembeli (id_alamat_pembeli, id_pembeli, id_alamat) VALUES (31, 15, 19);
INSERT IGNORE INTO AlamatPembeli (id_alamat_pembeli, id_pembeli, id_alamat) VALUES (32, 15, 55);
INSERT IGNORE INTO AlamatPembeli (id_alamat_pembeli, id_pembeli, id_alamat) VALUES (33, 16, 47);
INSERT IGNORE INTO AlamatPembeli (id_alamat_pembeli, id_pembeli, id_alamat) VALUES (34, 16, 89);
INSERT IGNORE INTO AlamatPembeli (id_alamat_pembeli, id_pembeli, id_alamat) VALUES (35, 16, 100);
INSERT IGNORE INTO AlamatPembeli (id_alamat_pembeli, id_pembeli, id_alamat) VALUES (36, 17, 73);
INSERT IGNORE INTO AlamatPembeli (id_alamat_pembeli, id_pembeli, id_alamat) VALUES (37, 17, 100);
INSERT IGNORE INTO AlamatPembeli (id_alamat_pembeli, id_pembeli, id_alamat) VALUES (38, 17, 19);
INSERT IGNORE INTO AlamatPembeli (id_alamat_pembeli, id_pembeli, id_alamat) VALUES (39, 18, 30);
INSERT IGNORE INTO AlamatPembeli (id_alamat_pembeli, id_pembeli, id_alamat) VALUES (40, 18, 42);
INSERT IGNORE INTO AlamatPembeli (id_alamat_pembeli, id_pembeli, id_alamat) VALUES (41, 18, 13);
INSERT IGNORE INTO AlamatPembeli (id_alamat_pembeli, id_pembeli, id_alamat) VALUES (42, 19, 55);
INSERT IGNORE INTO AlamatPembeli (id_alamat_pembeli, id_pembeli, id_alamat) VALUES (43, 19, 42);
INSERT IGNORE INTO AlamatPembeli (id_alamat_pembeli, id_pembeli, id_alamat) VALUES (44, 20, 70);
INSERT IGNORE INTO AlamatPembeli (id_alamat_pembeli, id_pembeli, id_alamat) VALUES (45, 20, 88);
INSERT IGNORE INTO AlamatPembeli (id_alamat_pembeli, id_pembeli, id_alamat) VALUES (46, 21, 63);
INSERT IGNORE INTO AlamatPembeli (id_alamat_pembeli, id_pembeli, id_alamat) VALUES (47, 21, 6);
INSERT IGNORE INTO AlamatPembeli (id_alamat_pembeli, id_pembeli, id_alamat) VALUES (48, 21, 36);
INSERT IGNORE INTO AlamatPembeli (id_alamat_pembeli, id_pembeli, id_alamat) VALUES (49, 22, 44);
INSERT IGNORE INTO AlamatPembeli (id_alamat_pembeli, id_pembeli, id_alamat) VALUES (50, 23, 86);
INSERT IGNORE INTO AlamatPembeli (id_alamat_pembeli, id_pembeli, id_alamat) VALUES (51, 24, 68);
INSERT IGNORE INTO AlamatPembeli (id_alamat_pembeli, id_pembeli, id_alamat) VALUES (52, 25, 64);
INSERT IGNORE INTO AlamatPembeli (id_alamat_pembeli, id_pembeli, id_alamat) VALUES (53, 25, 41);
INSERT IGNORE INTO AlamatPembeli (id_alamat_pembeli, id_pembeli, id_alamat) VALUES (54, 25, 32);
INSERT IGNORE INTO AlamatPembeli (id_alamat_pembeli, id_pembeli, id_alamat) VALUES (55, 26, 65);
INSERT IGNORE INTO AlamatPembeli (id_alamat_pembeli, id_pembeli, id_alamat) VALUES (56, 26, 91);
INSERT IGNORE INTO AlamatPembeli (id_alamat_pembeli, id_pembeli, id_alamat) VALUES (57, 27, 80);
INSERT IGNORE INTO AlamatPembeli (id_alamat_pembeli, id_pembeli, id_alamat) VALUES (58, 28, 71);
INSERT IGNORE INTO AlamatPembeli (id_alamat_pembeli, id_pembeli, id_alamat) VALUES (59, 29, 13);
INSERT IGNORE INTO AlamatPembeli (id_alamat_pembeli, id_pembeli, id_alamat) VALUES (60, 29, 12);
INSERT IGNORE INTO AlamatPembeli (id_alamat_pembeli, id_pembeli, id_alamat) VALUES (61, 30, 24);
INSERT IGNORE INTO AlamatPembeli (id_alamat_pembeli, id_pembeli, id_alamat) VALUES (62, 30, 35);
INSERT IGNORE INTO AlamatPembeli (id_alamat_pembeli, id_pembeli, id_alamat) VALUES (63, 31, 11);
INSERT IGNORE INTO AlamatPembeli (id_alamat_pembeli, id_pembeli, id_alamat) VALUES (64, 32, 27);
INSERT IGNORE INTO AlamatPembeli (id_alamat_pembeli, id_pembeli, id_alamat) VALUES (65, 32, 34);
INSERT IGNORE INTO AlamatPembeli (id_alamat_pembeli, id_pembeli, id_alamat) VALUES (66, 32, 56);
INSERT IGNORE INTO AlamatPembeli (id_alamat_pembeli, id_pembeli, id_alamat) VALUES (67, 33, 91);
INSERT IGNORE INTO AlamatPembeli (id_alamat_pembeli, id_pembeli, id_alamat) VALUES (68, 33, 14);
INSERT IGNORE INTO AlamatPembeli (id_alamat_pembeli, id_pembeli, id_alamat) VALUES (69, 33, 75);
INSERT IGNORE INTO AlamatPembeli (id_alamat_pembeli, id_pembeli, id_alamat) VALUES (70, 34, 70);
INSERT IGNORE INTO AlamatPembeli (id_alamat_pembeli, id_pembeli, id_alamat) VALUES (71, 35, 78);
INSERT IGNORE INTO AlamatPembeli (id_alamat_pembeli, id_pembeli, id_alamat) VALUES (72, 36, 52);
INSERT IGNORE INTO AlamatPembeli (id_alamat_pembeli, id_pembeli, id_alamat) VALUES (73, 36, 84);
INSERT IGNORE INTO AlamatPembeli (id_alamat_pembeli, id_pembeli, id_alamat) VALUES (74, 37, 66);
INSERT IGNORE INTO AlamatPembeli (id_alamat_pembeli, id_pembeli, id_alamat) VALUES (75, 37, 31);
INSERT IGNORE INTO AlamatPembeli (id_alamat_pembeli, id_pembeli, id_alamat) VALUES (76, 38, 17);
INSERT IGNORE INTO AlamatPembeli (id_alamat_pembeli, id_pembeli, id_alamat) VALUES (77, 38, 64);
INSERT IGNORE INTO AlamatPembeli (id_alamat_pembeli, id_pembeli, id_alamat) VALUES (78, 39, 55);
INSERT IGNORE INTO AlamatPembeli (id_alamat_pembeli, id_pembeli, id_alamat) VALUES (79, 40, 51);
INSERT IGNORE INTO AlamatPembeli (id_alamat_pembeli, id_pembeli, id_alamat) VALUES (80, 41, 18);
INSERT IGNORE INTO AlamatPembeli (id_alamat_pembeli, id_pembeli, id_alamat) VALUES (81, 41, 1);
INSERT IGNORE INTO AlamatPembeli (id_alamat_pembeli, id_pembeli, id_alamat) VALUES (82, 41, 17);
INSERT IGNORE INTO AlamatPembeli (id_alamat_pembeli, id_pembeli, id_alamat) VALUES (83, 42, 78);
INSERT IGNORE INTO AlamatPembeli (id_alamat_pembeli, id_pembeli, id_alamat) VALUES (84, 43, 93);
INSERT IGNORE INTO AlamatPembeli (id_alamat_pembeli, id_pembeli, id_alamat) VALUES (85, 43, 16);
INSERT IGNORE INTO AlamatPembeli (id_alamat_pembeli, id_pembeli, id_alamat) VALUES (86, 43, 19);
INSERT IGNORE INTO AlamatPembeli (id_alamat_pembeli, id_pembeli, id_alamat) VALUES (87, 44, 69);
INSERT IGNORE INTO AlamatPembeli (id_alamat_pembeli, id_pembeli, id_alamat) VALUES (88, 44, 71);
INSERT IGNORE INTO AlamatPembeli (id_alamat_pembeli, id_pembeli, id_alamat) VALUES (89, 44, 79);
INSERT IGNORE INTO AlamatPembeli (id_alamat_pembeli, id_pembeli, id_alamat) VALUES (90, 45, 47);
INSERT IGNORE INTO AlamatPembeli (id_alamat_pembeli, id_pembeli, id_alamat) VALUES (91, 45, 4);
INSERT IGNORE INTO AlamatPembeli (id_alamat_pembeli, id_pembeli, id_alamat) VALUES (92, 46, 47);
INSERT IGNORE INTO AlamatPembeli (id_alamat_pembeli, id_pembeli, id_alamat) VALUES (93, 47, 35);
INSERT IGNORE INTO AlamatPembeli (id_alamat_pembeli, id_pembeli, id_alamat) VALUES (94, 48, 93);
INSERT IGNORE INTO AlamatPembeli (id_alamat_pembeli, id_pembeli, id_alamat) VALUES (95, 48, 41);
INSERT IGNORE INTO AlamatPembeli (id_alamat_pembeli, id_pembeli, id_alamat) VALUES (96, 49, 19);
INSERT IGNORE INTO AlamatPembeli (id_alamat_pembeli, id_pembeli, id_alamat) VALUES (97, 50, 68);
INSERT IGNORE INTO AlamatPembeli (id_alamat_pembeli, id_pembeli, id_alamat) VALUES (98, 51, 8);
INSERT IGNORE INTO AlamatPembeli (id_alamat_pembeli, id_pembeli, id_alamat) VALUES (99, 52, 21);
INSERT IGNORE INTO AlamatPembeli (id_alamat_pembeli, id_pembeli, id_alamat) VALUES (100, 52, 46);
INSERT IGNORE INTO AlamatPembeli (id_alamat_pembeli, id_pembeli, id_alamat) VALUES (101, 53, 73);
INSERT IGNORE INTO AlamatPembeli (id_alamat_pembeli, id_pembeli, id_alamat) VALUES (102, 53, 80);
INSERT IGNORE INTO AlamatPembeli (id_alamat_pembeli, id_pembeli, id_alamat) VALUES (103, 53, 31);
INSERT IGNORE INTO AlamatPembeli (id_alamat_pembeli, id_pembeli, id_alamat) VALUES (104, 54, 35);
INSERT IGNORE INTO AlamatPembeli (id_alamat_pembeli, id_pembeli, id_alamat) VALUES (105, 54, 48);
INSERT IGNORE INTO AlamatPembeli (id_alamat_pembeli, id_pembeli, id_alamat) VALUES (106, 55, 85);
INSERT IGNORE INTO AlamatPembeli (id_alamat_pembeli, id_pembeli, id_alamat) VALUES (107, 55, 24);
INSERT IGNORE INTO AlamatPembeli (id_alamat_pembeli, id_pembeli, id_alamat) VALUES (108, 55, 41);
INSERT IGNORE INTO AlamatPembeli (id_alamat_pembeli, id_pembeli, id_alamat) VALUES (109, 56, 82);
INSERT IGNORE INTO AlamatPembeli (id_alamat_pembeli, id_pembeli, id_alamat) VALUES (110, 57, 53);
INSERT IGNORE INTO AlamatPembeli (id_alamat_pembeli, id_pembeli, id_alamat) VALUES (111, 57, 77);
INSERT IGNORE INTO AlamatPembeli (id_alamat_pembeli, id_pembeli, id_alamat) VALUES (112, 58, 50);
INSERT IGNORE INTO AlamatPembeli (id_alamat_pembeli, id_pembeli, id_alamat) VALUES (113, 58, 22);
INSERT IGNORE INTO AlamatPembeli (id_alamat_pembeli, id_pembeli, id_alamat) VALUES (114, 58, 13);
INSERT IGNORE INTO AlamatPembeli (id_alamat_pembeli, id_pembeli, id_alamat) VALUES (115, 59, 42);
INSERT IGNORE INTO AlamatPembeli (id_alamat_pembeli, id_pembeli, id_alamat) VALUES (116, 60, 57);

-- AlamatDefault
INSERT IGNORE INTO AlamatDefault (id_alamat_pembeli, is_default) VALUES (1, TRUE);
INSERT IGNORE INTO AlamatDefault (id_alamat_pembeli, is_default) VALUES (4, TRUE);
INSERT IGNORE INTO AlamatDefault (id_alamat_pembeli, is_default) VALUES (7, TRUE);
INSERT IGNORE INTO AlamatDefault (id_alamat_pembeli, is_default) VALUES (8, TRUE);
INSERT IGNORE INTO AlamatDefault (id_alamat_pembeli, is_default) VALUES (9, TRUE);
INSERT IGNORE INTO AlamatDefault (id_alamat_pembeli, is_default) VALUES (11, TRUE);
INSERT IGNORE INTO AlamatDefault (id_alamat_pembeli, is_default) VALUES (13, TRUE);
INSERT IGNORE INTO AlamatDefault (id_alamat_pembeli, is_default) VALUES (15, TRUE);
INSERT IGNORE INTO AlamatDefault (id_alamat_pembeli, is_default) VALUES (16, TRUE);
INSERT IGNORE INTO AlamatDefault (id_alamat_pembeli, is_default) VALUES (19, TRUE);
INSERT IGNORE INTO AlamatDefault (id_alamat_pembeli, is_default) VALUES (22, TRUE);
INSERT IGNORE INTO AlamatDefault (id_alamat_pembeli, is_default) VALUES (24, TRUE);
INSERT IGNORE INTO AlamatDefault (id_alamat_pembeli, is_default) VALUES (26, TRUE);
INSERT IGNORE INTO AlamatDefault (id_alamat_pembeli, is_default) VALUES (28, TRUE);
INSERT IGNORE INTO AlamatDefault (id_alamat_pembeli, is_default) VALUES (31, TRUE);
INSERT IGNORE INTO AlamatDefault (id_alamat_pembeli, is_default) VALUES (34, TRUE);
INSERT IGNORE INTO AlamatDefault (id_alamat_pembeli, is_default) VALUES (37, TRUE);
INSERT IGNORE INTO AlamatDefault (id_alamat_pembeli, is_default) VALUES (40, TRUE);
INSERT IGNORE INTO AlamatDefault (id_alamat_pembeli, is_default) VALUES (43, TRUE);
INSERT IGNORE INTO AlamatDefault (id_alamat_pembeli, is_default) VALUES (44, TRUE);
INSERT IGNORE INTO AlamatDefault (id_alamat_pembeli, is_default) VALUES (46, TRUE);
INSERT IGNORE INTO AlamatDefault (id_alamat_pembeli, is_default) VALUES (49, TRUE);
INSERT IGNORE INTO AlamatDefault (id_alamat_pembeli, is_default) VALUES (50, TRUE);
INSERT IGNORE INTO AlamatDefault (id_alamat_pembeli, is_default) VALUES (51, TRUE);
INSERT IGNORE INTO AlamatDefault (id_alamat_pembeli, is_default) VALUES (52, TRUE);
INSERT IGNORE INTO AlamatDefault (id_alamat_pembeli, is_default) VALUES (55, TRUE);
INSERT IGNORE INTO AlamatDefault (id_alamat_pembeli, is_default) VALUES (57, TRUE);
INSERT IGNORE INTO AlamatDefault (id_alamat_pembeli, is_default) VALUES (58, TRUE);
INSERT IGNORE INTO AlamatDefault (id_alamat_pembeli, is_default) VALUES (59, TRUE);
INSERT IGNORE INTO AlamatDefault (id_alamat_pembeli, is_default) VALUES (61, TRUE);
INSERT IGNORE INTO AlamatDefault (id_alamat_pembeli, is_default) VALUES (63, TRUE);
INSERT IGNORE INTO AlamatDefault (id_alamat_pembeli, is_default) VALUES (64, TRUE);
INSERT IGNORE INTO AlamatDefault (id_alamat_pembeli, is_default) VALUES (69, TRUE);
INSERT IGNORE INTO AlamatDefault (id_alamat_pembeli, is_default) VALUES (70, TRUE);
INSERT IGNORE INTO AlamatDefault (id_alamat_pembeli, is_default) VALUES (71, TRUE);
INSERT IGNORE INTO AlamatDefault (id_alamat_pembeli, is_default) VALUES (73, TRUE);
INSERT IGNORE INTO AlamatDefault (id_alamat_pembeli, is_default) VALUES (74, TRUE);
INSERT IGNORE INTO AlamatDefault (id_alamat_pembeli, is_default) VALUES (77, TRUE);
INSERT IGNORE INTO AlamatDefault (id_alamat_pembeli, is_default) VALUES (78, TRUE);
INSERT IGNORE INTO AlamatDefault (id_alamat_pembeli, is_default) VALUES (79, TRUE);
INSERT IGNORE INTO AlamatDefault (id_alamat_pembeli, is_default) VALUES (81, TRUE);
INSERT IGNORE INTO AlamatDefault (id_alamat_pembeli, is_default) VALUES (83, TRUE);
INSERT IGNORE INTO AlamatDefault (id_alamat_pembeli, is_default) VALUES (85, TRUE);
INSERT IGNORE INTO AlamatDefault (id_alamat_pembeli, is_default) VALUES (88, TRUE);
INSERT IGNORE INTO AlamatDefault (id_alamat_pembeli, is_default) VALUES (90, TRUE);
INSERT IGNORE INTO AlamatDefault (id_alamat_pembeli, is_default) VALUES (92, TRUE);
INSERT IGNORE INTO AlamatDefault (id_alamat_pembeli, is_default) VALUES (93, TRUE);
INSERT IGNORE INTO AlamatDefault (id_alamat_pembeli, is_default) VALUES (95, TRUE);
INSERT IGNORE INTO AlamatDefault (id_alamat_pembeli, is_default) VALUES (96, TRUE);
INSERT IGNORE INTO AlamatDefault (id_alamat_pembeli, is_default) VALUES (97, TRUE);
INSERT IGNORE INTO AlamatDefault (id_alamat_pembeli, is_default) VALUES (98, TRUE);
INSERT IGNORE INTO AlamatDefault (id_alamat_pembeli, is_default) VALUES (99, TRUE);
INSERT IGNORE INTO AlamatDefault (id_alamat_pembeli, is_default) VALUES (103, TRUE);
INSERT IGNORE INTO AlamatDefault (id_alamat_pembeli, is_default) VALUES (105, TRUE);
INSERT IGNORE INTO AlamatDefault (id_alamat_pembeli, is_default) VALUES (107, TRUE);
INSERT IGNORE INTO AlamatDefault (id_alamat_pembeli, is_default) VALUES (109, TRUE);
INSERT IGNORE INTO AlamatDefault (id_alamat_pembeli, is_default) VALUES (111, TRUE);
INSERT IGNORE INTO AlamatDefault (id_alamat_pembeli, is_default) VALUES (114, TRUE);
INSERT IGNORE INTO AlamatDefault (id_alamat_pembeli, is_default) VALUES (115, TRUE);
INSERT IGNORE INTO AlamatDefault (id_alamat_pembeli, is_default) VALUES (116, TRUE);

-- Keranjang
INSERT IGNORE INTO Keranjang (id_keranjang, id_pembeli) VALUES (1, 1);
INSERT IGNORE INTO Keranjang (id_keranjang, id_pembeli) VALUES (2, 2);
INSERT IGNORE INTO Keranjang (id_keranjang, id_pembeli) VALUES (3, 3);
INSERT IGNORE INTO Keranjang (id_keranjang, id_pembeli) VALUES (4, 4);
INSERT IGNORE INTO Keranjang (id_keranjang, id_pembeli) VALUES (5, 5);
INSERT IGNORE INTO Keranjang (id_keranjang, id_pembeli) VALUES (6, 6);
INSERT IGNORE INTO Keranjang (id_keranjang, id_pembeli) VALUES (7, 7);
INSERT IGNORE INTO Keranjang (id_keranjang, id_pembeli) VALUES (8, 8);
INSERT IGNORE INTO Keranjang (id_keranjang, id_pembeli) VALUES (9, 9);
INSERT IGNORE INTO Keranjang (id_keranjang, id_pembeli) VALUES (10, 10);
INSERT IGNORE INTO Keranjang (id_keranjang, id_pembeli) VALUES (11, 11);
INSERT IGNORE INTO Keranjang (id_keranjang, id_pembeli) VALUES (12, 12);
INSERT IGNORE INTO Keranjang (id_keranjang, id_pembeli) VALUES (13, 13);
INSERT IGNORE INTO Keranjang (id_keranjang, id_pembeli) VALUES (14, 14);
INSERT IGNORE INTO Keranjang (id_keranjang, id_pembeli) VALUES (15, 15);
INSERT IGNORE INTO Keranjang (id_keranjang, id_pembeli) VALUES (16, 16);
INSERT IGNORE INTO Keranjang (id_keranjang, id_pembeli) VALUES (17, 17);
INSERT IGNORE INTO Keranjang (id_keranjang, id_pembeli) VALUES (18, 18);
INSERT IGNORE INTO Keranjang (id_keranjang, id_pembeli) VALUES (19, 19);
INSERT IGNORE INTO Keranjang (id_keranjang, id_pembeli) VALUES (20, 20);
INSERT IGNORE INTO Keranjang (id_keranjang, id_pembeli) VALUES (21, 21);
INSERT IGNORE INTO Keranjang (id_keranjang, id_pembeli) VALUES (22, 22);
INSERT IGNORE INTO Keranjang (id_keranjang, id_pembeli) VALUES (23, 23);
INSERT IGNORE INTO Keranjang (id_keranjang, id_pembeli) VALUES (24, 24);
INSERT IGNORE INTO Keranjang (id_keranjang, id_pembeli) VALUES (25, 25);
INSERT IGNORE INTO Keranjang (id_keranjang, id_pembeli) VALUES (26, 26);
INSERT IGNORE INTO Keranjang (id_keranjang, id_pembeli) VALUES (27, 27);
INSERT IGNORE INTO Keranjang (id_keranjang, id_pembeli) VALUES (28, 28);
INSERT IGNORE INTO Keranjang (id_keranjang, id_pembeli) VALUES (29, 29);
INSERT IGNORE INTO Keranjang (id_keranjang, id_pembeli) VALUES (30, 30);
INSERT IGNORE INTO Keranjang (id_keranjang, id_pembeli) VALUES (31, 31);
INSERT IGNORE INTO Keranjang (id_keranjang, id_pembeli) VALUES (32, 32);
INSERT IGNORE INTO Keranjang (id_keranjang, id_pembeli) VALUES (33, 33);
INSERT IGNORE INTO Keranjang (id_keranjang, id_pembeli) VALUES (34, 34);
INSERT IGNORE INTO Keranjang (id_keranjang, id_pembeli) VALUES (35, 35);
INSERT IGNORE INTO Keranjang (id_keranjang, id_pembeli) VALUES (36, 36);
INSERT IGNORE INTO Keranjang (id_keranjang, id_pembeli) VALUES (37, 37);
INSERT IGNORE INTO Keranjang (id_keranjang, id_pembeli) VALUES (38, 38);
INSERT IGNORE INTO Keranjang (id_keranjang, id_pembeli) VALUES (39, 39);
INSERT IGNORE INTO Keranjang (id_keranjang, id_pembeli) VALUES (40, 40);
INSERT IGNORE INTO Keranjang (id_keranjang, id_pembeli) VALUES (41, 41);
INSERT IGNORE INTO Keranjang (id_keranjang, id_pembeli) VALUES (42, 42);
INSERT IGNORE INTO Keranjang (id_keranjang, id_pembeli) VALUES (43, 43);
INSERT IGNORE INTO Keranjang (id_keranjang, id_pembeli) VALUES (44, 44);
INSERT IGNORE INTO Keranjang (id_keranjang, id_pembeli) VALUES (45, 45);
INSERT IGNORE INTO Keranjang (id_keranjang, id_pembeli) VALUES (46, 46);
INSERT IGNORE INTO Keranjang (id_keranjang, id_pembeli) VALUES (47, 47);
INSERT IGNORE INTO Keranjang (id_keranjang, id_pembeli) VALUES (48, 48);
INSERT IGNORE INTO Keranjang (id_keranjang, id_pembeli) VALUES (49, 49);
INSERT IGNORE INTO Keranjang (id_keranjang, id_pembeli) VALUES (50, 50);
INSERT IGNORE INTO Keranjang (id_keranjang, id_pembeli) VALUES (51, 51);
INSERT IGNORE INTO Keranjang (id_keranjang, id_pembeli) VALUES (52, 52);
INSERT IGNORE INTO Keranjang (id_keranjang, id_pembeli) VALUES (53, 53);
INSERT IGNORE INTO Keranjang (id_keranjang, id_pembeli) VALUES (54, 54);
INSERT IGNORE INTO Keranjang (id_keranjang, id_pembeli) VALUES (55, 55);
INSERT IGNORE INTO Keranjang (id_keranjang, id_pembeli) VALUES (56, 56);
INSERT IGNORE INTO Keranjang (id_keranjang, id_pembeli) VALUES (57, 57);
INSERT IGNORE INTO Keranjang (id_keranjang, id_pembeli) VALUES (58, 58);
INSERT IGNORE INTO Keranjang (id_keranjang, id_pembeli) VALUES (59, 59);
INSERT IGNORE INTO Keranjang (id_keranjang, id_pembeli) VALUES (60, 60);

-- AtributVarian
INSERT IGNORE INTO AtributVarian (atribut_varian, nama) VALUES ('WARNA', 'Warna');
INSERT IGNORE INTO AtributVarian (atribut_varian, nama) VALUES ('UKURAN', 'Ukuran');
INSERT IGNORE INTO AtributVarian (atribut_varian, nama) VALUES ('MATERIAL', 'Material');
INSERT IGNORE INTO AtributVarian (atribut_varian, nama) VALUES ('RAM', 'RAM');
INSERT IGNORE INTO AtributVarian (atribut_varian, nama) VALUES ('STORAGE_INTERNAL', 'Penyimpanan Internal');
INSERT IGNORE INTO AtributVarian (atribut_varian, nama) VALUES ('JENIS_KAIN', 'Jenis Kain');
INSERT IGNORE INTO AtributVarian (atribut_varian, nama) VALUES ('RESOLUSI_LAYAR', 'Resolusi Layar');

-- Produk, VarianProduk, ProdukVarianAtribut
INSERT IGNORE INTO Produk (id_produk, id_penjual, nama, deskripsi) VALUES (1, 9, 'Facilitate Wireless Web-Readiness Premium', 'Error nemo fugiat adipisci accusantium odio maiores. Quam quisquam dolores. Velit sit iste possimus doloremque magni repudiandae. Dignissimos doloremque asperiores sint unde dolore saepe qui.');
INSERT IGNORE INTO VarianProduk (sku, id_produk, harga, stok) VALUES ('SKU000001', 1, 2228388.83, 62);
INSERT IGNORE INTO ProdukVarianAtribut (id_produk, atribut_varian, sku, nilai) VALUES (1, 'UKURAN', 'SKU000001', 'XL');
INSERT IGNORE INTO ProdukVarianAtribut (id_produk, atribut_varian, sku, nilai) VALUES (1, 'RAM', 'SKU000001', '8GB');
INSERT IGNORE INTO VarianProduk (sku, id_produk, harga, stok) VALUES ('SKU000002', 1, 2674921.66, 129);
INSERT IGNORE INTO ProdukVarianAtribut (id_produk, atribut_varian, sku, nilai) VALUES (1, 'MATERIAL', 'SKU000002', 'Stainless Steel 304');
INSERT IGNORE INTO ProdukVarianAtribut (id_produk, atribut_varian, sku, nilai) VALUES (1, 'RAM', 'SKU000002', '16GB');
INSERT IGNORE INTO ProdukVarianAtribut (id_produk, atribut_varian, sku, nilai) VALUES (1, 'JENIS_KAIN', 'SKU000002', 'Satin');
INSERT IGNORE INTO VarianProduk (sku, id_produk, harga, stok) VALUES ('SKU000003', 1, 984458.99, 36);
INSERT IGNORE INTO ProdukVarianAtribut (id_produk, atribut_varian, sku, nilai) VALUES (1, 'WARNA', 'SKU000003', 'Koral');
INSERT IGNORE INTO ProdukVarianAtribut (id_produk, atribut_varian, sku, nilai) VALUES (1, 'UKURAN', 'SKU000003', 'S');
INSERT IGNORE INTO Produk (id_produk, id_penjual, nama, deskripsi) VALUES (2, 45, 'Facilitate Best-Of-Breed Markets Premium', 'Quia ab eaque. Magni hic rem beatae sequi cum.');
INSERT IGNORE INTO VarianProduk (sku, id_produk, harga, stok) VALUES ('SKU000004', 2, 1213628.33, 118);
INSERT IGNORE INTO ProdukVarianAtribut (id_produk, atribut_varian, sku, nilai) VALUES (2, 'RAM', 'SKU000004', '12GB');
INSERT IGNORE INTO ProdukVarianAtribut (id_produk, atribut_varian, sku, nilai) VALUES (2, 'MATERIAL', 'SKU000004', 'Katun Combed 30s');
INSERT IGNORE INTO VarianProduk (sku, id_produk, harga, stok) VALUES ('SKU000005', 2, 1395030.77, 38);
INSERT IGNORE INTO ProdukVarianAtribut (id_produk, atribut_varian, sku, nilai) VALUES (2, 'JENIS_KAIN', 'SKU000005', 'Rayon');
INSERT IGNORE INTO ProdukVarianAtribut (id_produk, atribut_varian, sku, nilai) VALUES (2, 'UKURAN', 'SKU000005', 'M');
INSERT IGNORE INTO Produk (id_produk, id_penjual, nama, deskripsi) VALUES (3, 43, 'Visualize Collaborative Deliverables Serbaguna', 'Saepe aperiam alias esse illo velit cupiditate harum. Deserunt magnam magnam perferendis laboriosam delectus molestias ullam.');
INSERT IGNORE INTO VarianProduk (sku, id_produk, harga, stok) VALUES ('SKU000006', 3, 1191507.94, 79);
INSERT IGNORE INTO ProdukVarianAtribut (id_produk, atribut_varian, sku, nilai) VALUES (3, 'WARNA', 'SKU000006', 'Coklat tua');
INSERT IGNORE INTO Produk (id_produk, id_penjual, nama, deskripsi) VALUES (4, 32, 'Repurpose Proactive Niches Premium', 'Aperiam velit ad quae. Harum aspernatur quaerat rerum deserunt excepturi. Sunt porro dolores quasi aliquam ea. Repellat corporis aperiam consequatur.');
INSERT IGNORE INTO VarianProduk (sku, id_produk, harga, stok) VALUES ('SKU000007', 4, 1148578.76, 147);
INSERT IGNORE INTO ProdukVarianAtribut (id_produk, atribut_varian, sku, nilai) VALUES (4, 'UKURAN', 'SKU000007', 'M');
INSERT IGNORE INTO ProdukVarianAtribut (id_produk, atribut_varian, sku, nilai) VALUES (4, 'RAM', 'SKU000007', '12GB');
INSERT IGNORE INTO VarianProduk (sku, id_produk, harga, stok) VALUES ('SKU000008', 4, 1204508.78, 134);
INSERT IGNORE INTO ProdukVarianAtribut (id_produk, atribut_varian, sku, nilai) VALUES (4, 'JENIS_KAIN', 'SKU000008', 'Rayon');
INSERT IGNORE INTO ProdukVarianAtribut (id_produk, atribut_varian, sku, nilai) VALUES (4, 'STORAGE_INTERNAL', 'SKU000008', '64GB');
INSERT IGNORE INTO ProdukVarianAtribut (id_produk, atribut_varian, sku, nilai) VALUES (4, 'RESOLUSI_LAYAR', 'SKU000008', 'HD');
INSERT IGNORE INTO Produk (id_produk, id_penjual, nama, deskripsi) VALUES (5, 44, 'Reinvent Next-Generation Users Serbaguna', 'Quo maxime accusamus est consequatur pariatur. Exercitationem quam culpa aperiam aliquid eius. Fugit minus et ad. Autem autem aliquam accusamus et magni iusto laudantium.');
INSERT IGNORE INTO VarianProduk (sku, id_produk, harga, stok) VALUES ('SKU000009', 5, 2552933.89, 139);
INSERT IGNORE INTO ProdukVarianAtribut (id_produk, atribut_varian, sku, nilai) VALUES (5, 'MATERIAL', 'SKU000009', 'Kulit Sintetis PU');
INSERT IGNORE INTO ProdukVarianAtribut (id_produk, atribut_varian, sku, nilai) VALUES (5, 'WARNA', 'SKU000009', 'Zaitun');
INSERT IGNORE INTO Produk (id_produk, id_penjual, nama, deskripsi) VALUES (6, 43, 'Empower Cross-Platform Solutions Premium', 'Iure quos asperiores vel. Nam maxime beatae voluptatem natus quisquam. Possimus quasi dolorum a.');
INSERT IGNORE INTO VarianProduk (sku, id_produk, harga, stok) VALUES ('SKU000010', 6, 1326541.89, 97);
INSERT IGNORE INTO ProdukVarianAtribut (id_produk, atribut_varian, sku, nilai) VALUES (6, 'UKURAN', 'SKU000010', 'M');
INSERT IGNORE INTO Produk (id_produk, id_penjual, nama, deskripsi) VALUES (7, 8, 'Envisioneer Wireless Platforms Modern', 'Sapiente repellendus eligendi necessitatibus. Odit voluptatum dicta ex possimus. Soluta ad cum. Beatae eveniet quam qui. Eligendi pariatur eum illo.');
INSERT IGNORE INTO VarianProduk (sku, id_produk, harga, stok) VALUES ('SKU000011', 7, 1975988.0, 84);
INSERT IGNORE INTO ProdukVarianAtribut (id_produk, atribut_varian, sku, nilai) VALUES (7, 'UKURAN', 'SKU000011', '40');
INSERT IGNORE INTO VarianProduk (sku, id_produk, harga, stok) VALUES ('SKU000012', 7, 1864827.99, 100);
INSERT IGNORE INTO ProdukVarianAtribut (id_produk, atribut_varian, sku, nilai) VALUES (7, 'WARNA', 'SKU000012', 'Merah jambu');
INSERT IGNORE INTO ProdukVarianAtribut (id_produk, atribut_varian, sku, nilai) VALUES (7, 'STORAGE_INTERNAL', 'SKU000012', '128GB');
INSERT IGNORE INTO ProdukVarianAtribut (id_produk, atribut_varian, sku, nilai) VALUES (7, 'RESOLUSI_LAYAR', 'SKU000012', 'QHD');
INSERT IGNORE INTO Produk (id_produk, id_penjual, nama, deskripsi) VALUES (8, 46, 'Empower Out-Of-The-Box Platforms Serbaguna', 'Sint porro ipsam aliquam iure nam placeat. Animi neque non. Molestias esse dolor culpa. Harum aliquam voluptate nesciunt cum.');
INSERT IGNORE INTO VarianProduk (sku, id_produk, harga, stok) VALUES ('SKU000013', 8, 2492141.53, 5);
INSERT IGNORE INTO ProdukVarianAtribut (id_produk, atribut_varian, sku, nilai) VALUES (8, 'RAM', 'SKU000013', '4GB');
INSERT IGNORE INTO ProdukVarianAtribut (id_produk, atribut_varian, sku, nilai) VALUES (8, 'RESOLUSI_LAYAR', 'SKU000013', 'QHD');
INSERT IGNORE INTO VarianProduk (sku, id_produk, harga, stok) VALUES ('SKU000014', 8, 1416834.81, 134);
INSERT IGNORE INTO ProdukVarianAtribut (id_produk, atribut_varian, sku, nilai) VALUES (8, 'WARNA', 'SKU000014', 'Biru dongker');
INSERT IGNORE INTO VarianProduk (sku, id_produk, harga, stok) VALUES ('SKU000015', 8, 2376102.78, 88);
INSERT IGNORE INTO ProdukVarianAtribut (id_produk, atribut_varian, sku, nilai) VALUES (8, 'RESOLUSI_LAYAR', 'SKU000015', 'QHD');
INSERT IGNORE INTO Produk (id_produk, id_penjual, nama, deskripsi) VALUES (9, 34, 'Whiteboard Scalable Users Serbaguna', 'Maiores doloribus sed consequatur odit corrupti consequuntur nobis. Ea repellendus cupiditate ducimus odio. Eius explicabo cum quod in id.');
INSERT IGNORE INTO VarianProduk (sku, id_produk, harga, stok) VALUES ('SKU000016', 9, 1308135.61, 20);
INSERT IGNORE INTO ProdukVarianAtribut (id_produk, atribut_varian, sku, nilai) VALUES (9, 'WARNA', 'SKU000016', 'Putih');
INSERT IGNORE INTO ProdukVarianAtribut (id_produk, atribut_varian, sku, nilai) VALUES (9, 'RESOLUSI_LAYAR', 'SKU000016', 'FHD');
INSERT IGNORE INTO ProdukVarianAtribut (id_produk, atribut_varian, sku, nilai) VALUES (9, 'MATERIAL', 'SKU000016', 'Kulit Sintetis PU');
INSERT IGNORE INTO VarianProduk (sku, id_produk, harga, stok) VALUES ('SKU000017', 9, 303465.8, 133);
INSERT IGNORE INTO ProdukVarianAtribut (id_produk, atribut_varian, sku, nilai) VALUES (9, 'RAM', 'SKU000017', '32GB');
INSERT IGNORE INTO ProdukVarianAtribut (id_produk, atribut_varian, sku, nilai) VALUES (9, 'WARNA', 'SKU000017', 'Zaitun');
INSERT IGNORE INTO ProdukVarianAtribut (id_produk, atribut_varian, sku, nilai) VALUES (9, 'JENIS_KAIN', 'SKU000017', 'Satin');
INSERT IGNORE INTO Produk (id_produk, id_penjual, nama, deskripsi) VALUES (10, 31, 'Grow Best-Of-Breed Deliverables Edisi Terbatas', 'Laboriosam voluptatum molestias doloribus voluptates ut sit. Laudantium cum aspernatur eius eum quis illum nulla. Non neque numquam. Laboriosam totam nemo laborum eius.');
INSERT IGNORE INTO VarianProduk (sku, id_produk, harga, stok) VALUES ('SKU000018', 10, 2182590.68, 53);
INSERT IGNORE INTO ProdukVarianAtribut (id_produk, atribut_varian, sku, nilai) VALUES (10, 'WARNA', 'SKU000018', 'Perak');
INSERT IGNORE INTO VarianProduk (sku, id_produk, harga, stok) VALUES ('SKU000019', 10, 550147.15, 31);
INSERT IGNORE INTO ProdukVarianAtribut (id_produk, atribut_varian, sku, nilai) VALUES (10, 'RAM', 'SKU000019', '8GB');
INSERT IGNORE INTO ProdukVarianAtribut (id_produk, atribut_varian, sku, nilai) VALUES (10, 'WARNA', 'SKU000019', 'Hitam');
INSERT IGNORE INTO VarianProduk (sku, id_produk, harga, stok) VALUES ('SKU000020', 10, 2475485.53, 58);
INSERT IGNORE INTO ProdukVarianAtribut (id_produk, atribut_varian, sku, nilai) VALUES (10, 'MATERIAL', 'SKU000020', 'Plastik ABS Food Grade');
INSERT IGNORE INTO ProdukVarianAtribut (id_produk, atribut_varian, sku, nilai) VALUES (10, 'RAM', 'SKU000020', '12GB');
INSERT IGNORE INTO Produk (id_produk, id_penjual, nama, deskripsi) VALUES (11, 6, 'Harness Front-End Schemas Edisi Terbatas', 'Minus voluptates laborum voluptates. Aliquam odit fugiat animi nobis recusandae maiores. Exercitationem tenetur sint molestiae saepe.');
INSERT IGNORE INTO VarianProduk (sku, id_produk, harga, stok) VALUES ('SKU000021', 11, 1546527.31, 12);
INSERT IGNORE INTO ProdukVarianAtribut (id_produk, atribut_varian, sku, nilai) VALUES (11, 'STORAGE_INTERNAL', 'SKU000021', '128GB');
INSERT IGNORE INTO ProdukVarianAtribut (id_produk, atribut_varian, sku, nilai) VALUES (11, 'RAM', 'SKU000021', '8GB');
INSERT IGNORE INTO Produk (id_produk, id_penjual, nama, deskripsi) VALUES (12, 19, 'Productize Virtual Roi Modern', 'Quisquam delectus itaque quaerat debitis voluptatibus. Eaque eligendi earum minima. Qui iure nostrum in. Velit inventore minima tenetur.');
INSERT IGNORE INTO VarianProduk (sku, id_produk, harga, stok) VALUES ('SKU000022', 12, 1625605.26, 39);
INSERT IGNORE INTO ProdukVarianAtribut (id_produk, atribut_varian, sku, nilai) VALUES (12, 'RAM', 'SKU000022', '4GB');
INSERT IGNORE INTO ProdukVarianAtribut (id_produk, atribut_varian, sku, nilai) VALUES (12, 'RESOLUSI_LAYAR', 'SKU000022', 'FHD');
INSERT IGNORE INTO ProdukVarianAtribut (id_produk, atribut_varian, sku, nilai) VALUES (12, 'MATERIAL', 'SKU000022', 'Plastik ABS Food Grade');
INSERT IGNORE INTO Produk (id_produk, id_penjual, nama, deskripsi) VALUES (13, 29, 'Reinvent Scalable Mindshare Edisi Terbatas', 'Dolore distinctio voluptatem impedit similique. Exercitationem deserunt optio ullam.');
INSERT IGNORE INTO VarianProduk (sku, id_produk, harga, stok) VALUES ('SKU000023', 13, 1537885.35, 27);
INSERT IGNORE INTO ProdukVarianAtribut (id_produk, atribut_varian, sku, nilai) VALUES (13, 'MATERIAL', 'SKU000023', 'Stainless Steel 304');
INSERT IGNORE INTO Produk (id_produk, id_penjual, nama, deskripsi) VALUES (14, 17, 'Redefine Visionary Convergence Serbaguna', 'Molestias quod a ex minus. Quae repellat iste numquam corrupti id optio.');
INSERT IGNORE INTO VarianProduk (sku, id_produk, harga, stok) VALUES ('SKU000024', 14, 1939547.71, 44);
INSERT IGNORE INTO ProdukVarianAtribut (id_produk, atribut_varian, sku, nilai) VALUES (14, 'MATERIAL', 'SKU000024', 'Kanvas Tebal');
INSERT IGNORE INTO ProdukVarianAtribut (id_produk, atribut_varian, sku, nilai) VALUES (14, 'RESOLUSI_LAYAR', 'SKU000024', 'HD');
INSERT IGNORE INTO ProdukVarianAtribut (id_produk, atribut_varian, sku, nilai) VALUES (14, 'RAM', 'SKU000024', '16GB');
INSERT IGNORE INTO VarianProduk (sku, id_produk, harga, stok) VALUES ('SKU000025', 14, 252726.06, 150);
INSERT IGNORE INTO ProdukVarianAtribut (id_produk, atribut_varian, sku, nilai) VALUES (14, 'RESOLUSI_LAYAR', 'SKU000025', 'FHD');
INSERT IGNORE INTO Produk (id_produk, id_penjual, nama, deskripsi) VALUES (15, 19, 'Synergize Compelling Supply-Chains Modern', 'At veniam illo inventore eius saepe. Nostrum voluptates autem nulla voluptate placeat veritatis.');
INSERT IGNORE INTO VarianProduk (sku, id_produk, harga, stok) VALUES ('SKU000026', 15, 1080613.09, 96);
INSERT IGNORE INTO ProdukVarianAtribut (id_produk, atribut_varian, sku, nilai) VALUES (15, 'UKURAN', 'SKU000026', '40');
INSERT IGNORE INTO ProdukVarianAtribut (id_produk, atribut_varian, sku, nilai) VALUES (15, 'MATERIAL', 'SKU000026', 'Kulit Sintetis PU');
INSERT IGNORE INTO ProdukVarianAtribut (id_produk, atribut_varian, sku, nilai) VALUES (15, 'JENIS_KAIN', 'SKU000026', 'Rayon');
INSERT IGNORE INTO VarianProduk (sku, id_produk, harga, stok) VALUES ('SKU000027', 15, 1991100.35, 141);
INSERT IGNORE INTO ProdukVarianAtribut (id_produk, atribut_varian, sku, nilai) VALUES (15, 'MATERIAL', 'SKU000027', 'Kulit Sintetis PU');
INSERT IGNORE INTO ProdukVarianAtribut (id_produk, atribut_varian, sku, nilai) VALUES (15, 'RAM', 'SKU000027', '32GB');
INSERT IGNORE INTO VarianProduk (sku, id_produk, harga, stok) VALUES ('SKU000028', 15, 1823900.48, 130);
INSERT IGNORE INTO ProdukVarianAtribut (id_produk, atribut_varian, sku, nilai) VALUES (15, 'RESOLUSI_LAYAR', 'SKU000028', 'HD');
INSERT IGNORE INTO Produk (id_produk, id_penjual, nama, deskripsi) VALUES (16, 39, 'Architect Collaborative Web-Readiness Serbaguna', 'Nemo deleniti ab a nulla. Deserunt quibusdam ullam assumenda maxime.');
INSERT IGNORE INTO VarianProduk (sku, id_produk, harga, stok) VALUES ('SKU000029', 16, 492718.71, 122);
INSERT IGNORE INTO ProdukVarianAtribut (id_produk, atribut_varian, sku, nilai) VALUES (16, 'WARNA', 'SKU000029', 'Nila');
INSERT IGNORE INTO Produk (id_produk, id_penjual, nama, deskripsi) VALUES (17, 46, 'Aggregate Scalable Architectures Modern', 'Explicabo unde saepe voluptate quisquam corrupti optio. Iusto hic nisi laudantium beatae temporibus exercitationem ratione. Nihil mollitia illum porro. Nostrum impedit sequi rerum quas quod. Adipisci rem neque officiis laudantium perferendis nobis.');
INSERT IGNORE INTO VarianProduk (sku, id_produk, harga, stok) VALUES ('SKU000030', 17, 1444485.46, 45);
INSERT IGNORE INTO ProdukVarianAtribut (id_produk, atribut_varian, sku, nilai) VALUES (17, 'RAM', 'SKU000030', '32GB');
INSERT IGNORE INTO ProdukVarianAtribut (id_produk, atribut_varian, sku, nilai) VALUES (17, 'STORAGE_INTERNAL', 'SKU000030', '1TB');
INSERT IGNORE INTO ProdukVarianAtribut (id_produk, atribut_varian, sku, nilai) VALUES (17, 'MATERIAL', 'SKU000030', 'Polyester Blend');
INSERT IGNORE INTO VarianProduk (sku, id_produk, harga, stok) VALUES ('SKU000031', 17, 621763.48, 6);
INSERT IGNORE INTO ProdukVarianAtribut (id_produk, atribut_varian, sku, nilai) VALUES (17, 'RAM', 'SKU000031', '4GB');
INSERT IGNORE INTO ProdukVarianAtribut (id_produk, atribut_varian, sku, nilai) VALUES (17, 'WARNA', 'SKU000031', 'Kuning');
INSERT IGNORE INTO Produk (id_produk, id_penjual, nama, deskripsi) VALUES (18, 7, 'Scale Visionary E-Business Premium', 'Tempore voluptatum perspiciatis molestiae magnam vel. Quibusdam labore ipsa.');
INSERT IGNORE INTO VarianProduk (sku, id_produk, harga, stok) VALUES ('SKU000032', 18, 1690697.89, 123);
INSERT IGNORE INTO ProdukVarianAtribut (id_produk, atribut_varian, sku, nilai) VALUES (18, 'WARNA', 'SKU000032', 'Ungu tua');
INSERT IGNORE INTO ProdukVarianAtribut (id_produk, atribut_varian, sku, nilai) VALUES (18, 'JENIS_KAIN', 'SKU000032', 'Satin');
INSERT IGNORE INTO ProdukVarianAtribut (id_produk, atribut_varian, sku, nilai) VALUES (18, 'RAM', 'SKU000032', '8GB');
INSERT IGNORE INTO VarianProduk (sku, id_produk, harga, stok) VALUES ('SKU000033', 18, 1828590.86, 134);
INSERT IGNORE INTO ProdukVarianAtribut (id_produk, atribut_varian, sku, nilai) VALUES (18, 'STORAGE_INTERNAL', 'SKU000033', '1TB');
INSERT IGNORE INTO Produk (id_produk, id_penjual, nama, deskripsi) VALUES (19, 6, 'Expedite Clicks-And-Mortar Schemas Edisi Terbatas', 'Praesentium explicabo animi nam ullam ab illum illum. Nihil dolores tenetur neque.');
INSERT IGNORE INTO VarianProduk (sku, id_produk, harga, stok) VALUES ('SKU000034', 19, 1164107.71, 36);
INSERT IGNORE INTO ProdukVarianAtribut (id_produk, atribut_varian, sku, nilai) VALUES (19, 'UKURAN', 'SKU000034', '39');
INSERT IGNORE INTO ProdukVarianAtribut (id_produk, atribut_varian, sku, nilai) VALUES (19, 'STORAGE_INTERNAL', 'SKU000034', '512GB');
INSERT IGNORE INTO VarianProduk (sku, id_produk, harga, stok) VALUES ('SKU000035', 19, 1138615.33, 47);
INSERT IGNORE INTO ProdukVarianAtribut (id_produk, atribut_varian, sku, nilai) VALUES (19, 'MATERIAL', 'SKU000035', 'Kanvas Tebal');
INSERT IGNORE INTO ProdukVarianAtribut (id_produk, atribut_varian, sku, nilai) VALUES (19, 'RAM', 'SKU000035', '4GB');
INSERT IGNORE INTO Produk (id_produk, id_penjual, nama, deskripsi) VALUES (20, 28, 'Expedite Proactive Markets Premium', 'Pariatur aperiam cum qui ipsum eos. Totam eius ut id. Sed praesentium accusamus dolorem. Ex perferendis temporibus reiciendis quibusdam quibusdam.');
INSERT IGNORE INTO VarianProduk (sku, id_produk, harga, stok) VALUES ('SKU000036', 20, 2079875.36, 140);
INSERT IGNORE INTO ProdukVarianAtribut (id_produk, atribut_varian, sku, nilai) VALUES (20, 'RESOLUSI_LAYAR', 'SKU000036', '4K');
INSERT IGNORE INTO VarianProduk (sku, id_produk, harga, stok) VALUES ('SKU000037', 20, 2552012.84, 31);
INSERT IGNORE INTO ProdukVarianAtribut (id_produk, atribut_varian, sku, nilai) VALUES (20, 'RAM', 'SKU000037', '8GB');
INSERT IGNORE INTO ProdukVarianAtribut (id_produk, atribut_varian, sku, nilai) VALUES (20, 'RESOLUSI_LAYAR', 'SKU000037', 'QHD');
INSERT IGNORE INTO ProdukVarianAtribut (id_produk, atribut_varian, sku, nilai) VALUES (20, 'MATERIAL', 'SKU000037', 'Katun Combed 30s');
INSERT IGNORE INTO Produk (id_produk, id_penjual, nama, deskripsi) VALUES (21, 24, 'Repurpose Sticky Systems Edisi Terbatas', 'Itaque libero maiores maiores vitae. Perferendis maxime placeat. Repudiandae quidem vel velit velit quod unde. Ipsa suscipit consequatur hic minus qui ipsum.');
INSERT IGNORE INTO VarianProduk (sku, id_produk, harga, stok) VALUES ('SKU000038', 21, 825888.97, 124);
INSERT IGNORE INTO ProdukVarianAtribut (id_produk, atribut_varian, sku, nilai) VALUES (21, 'RESOLUSI_LAYAR', 'SKU000038', 'HD');
INSERT IGNORE INTO ProdukVarianAtribut (id_produk, atribut_varian, sku, nilai) VALUES (21, 'STORAGE_INTERNAL', 'SKU000038', '1TB');
INSERT IGNORE INTO Produk (id_produk, id_penjual, nama, deskripsi) VALUES (22, 14, 'Whiteboard End-To-End Content Premium', 'Quibusdam cum fugiat nesciunt. Veniam recusandae iusto enim porro nihil voluptatum.');
INSERT IGNORE INTO VarianProduk (sku, id_produk, harga, stok) VALUES ('SKU000039', 22, 2593175.26, 52);
INSERT IGNORE INTO ProdukVarianAtribut (id_produk, atribut_varian, sku, nilai) VALUES (22, 'RESOLUSI_LAYAR', 'SKU000039', '4K');
INSERT IGNORE INTO ProdukVarianAtribut (id_produk, atribut_varian, sku, nilai) VALUES (22, 'RAM', 'SKU000039', '32GB');
INSERT IGNORE INTO VarianProduk (sku, id_produk, harga, stok) VALUES ('SKU000040', 22, 2283462.77, 145);
INSERT IGNORE INTO ProdukVarianAtribut (id_produk, atribut_varian, sku, nilai) VALUES (22, 'WARNA', 'SKU000040', 'Perak');
INSERT IGNORE INTO ProdukVarianAtribut (id_produk, atribut_varian, sku, nilai) VALUES (22, 'STORAGE_INTERNAL', 'SKU000040', '256GB');
INSERT IGNORE INTO ProdukVarianAtribut (id_produk, atribut_varian, sku, nilai) VALUES (22, 'UKURAN', 'SKU000040', 'L');
INSERT IGNORE INTO Produk (id_produk, id_penjual, nama, deskripsi) VALUES (23, 31, 'Matrix Bricks-And-Clicks Metrics Edisi Terbatas', 'Illum veniam amet amet sint molestiae autem. Cum saepe ea voluptas quod. Corporis doloribus enim natus repudiandae nisi itaque.');
INSERT IGNORE INTO VarianProduk (sku, id_produk, harga, stok) VALUES ('SKU000041', 23, 2938208.49, 48);
INSERT IGNORE INTO ProdukVarianAtribut (id_produk, atribut_varian, sku, nilai) VALUES (23, 'RAM', 'SKU000041', '4GB');
INSERT IGNORE INTO ProdukVarianAtribut (id_produk, atribut_varian, sku, nilai) VALUES (23, 'WARNA', 'SKU000041', 'Hijau muda');
INSERT IGNORE INTO VarianProduk (sku, id_produk, harga, stok) VALUES ('SKU000042', 23, 2695459.14, 109);
INSERT IGNORE INTO ProdukVarianAtribut (id_produk, atribut_varian, sku, nilai) VALUES (23, 'MATERIAL', 'SKU000042', 'Stainless Steel 304');
INSERT IGNORE INTO VarianProduk (sku, id_produk, harga, stok) VALUES ('SKU000043', 23, 1966568.44, 45);
INSERT IGNORE INTO ProdukVarianAtribut (id_produk, atribut_varian, sku, nilai) VALUES (23, 'JENIS_KAIN', 'SKU000043', 'Rayon');
INSERT IGNORE INTO ProdukVarianAtribut (id_produk, atribut_varian, sku, nilai) VALUES (23, 'MATERIAL', 'SKU000043', 'Katun Combed 30s');
INSERT IGNORE INTO ProdukVarianAtribut (id_produk, atribut_varian, sku, nilai) VALUES (23, 'RESOLUSI_LAYAR', 'SKU000043', 'HD');
INSERT IGNORE INTO Produk (id_produk, id_penjual, nama, deskripsi) VALUES (24, 12, 'Extend Sticky Deliverables Edisi Terbatas', 'Aliquid mollitia dolorum quaerat.');
INSERT IGNORE INTO VarianProduk (sku, id_produk, harga, stok) VALUES ('SKU000044', 24, 1818199.26, 26);
INSERT IGNORE INTO ProdukVarianAtribut (id_produk, atribut_varian, sku, nilai) VALUES (24, 'RESOLUSI_LAYAR', 'SKU000044', '4K');
INSERT IGNORE INTO ProdukVarianAtribut (id_produk, atribut_varian, sku, nilai) VALUES (24, 'STORAGE_INTERNAL', 'SKU000044', '1TB');
INSERT IGNORE INTO Produk (id_produk, id_penjual, nama, deskripsi) VALUES (25, 33, 'Transform Efficient Eyeballs Edisi Terbatas', 'Dolorum ea quia illum est magnam. Natus quas illo ratione id nihil porro accusamus. Dolore dicta dicta fuga explicabo quaerat exercitationem.');
INSERT IGNORE INTO VarianProduk (sku, id_produk, harga, stok) VALUES ('SKU000045', 25, 1609071.24, 17);
INSERT IGNORE INTO ProdukVarianAtribut (id_produk, atribut_varian, sku, nilai) VALUES (25, 'WARNA', 'SKU000045', 'Hijau muda');
INSERT IGNORE INTO VarianProduk (sku, id_produk, harga, stok) VALUES ('SKU000046', 25, 1534519.58, 113);
INSERT IGNORE INTO ProdukVarianAtribut (id_produk, atribut_varian, sku, nilai) VALUES (25, 'MATERIAL', 'SKU000046', 'Kulit Sintetis PU');
INSERT IGNORE INTO ProdukVarianAtribut (id_produk, atribut_varian, sku, nilai) VALUES (25, 'RAM', 'SKU000046', '4GB');
INSERT IGNORE INTO ProdukVarianAtribut (id_produk, atribut_varian, sku, nilai) VALUES (25, 'RESOLUSI_LAYAR', 'SKU000046', 'HD');
INSERT IGNORE INTO VarianProduk (sku, id_produk, harga, stok) VALUES ('SKU000047', 25, 1624526.4, 1);
INSERT IGNORE INTO ProdukVarianAtribut (id_produk, atribut_varian, sku, nilai) VALUES (25, 'RESOLUSI_LAYAR', 'SKU000047', 'HD');
INSERT IGNORE INTO ProdukVarianAtribut (id_produk, atribut_varian, sku, nilai) VALUES (25, 'MATERIAL', 'SKU000047', 'Plastik ABS Food Grade');
INSERT IGNORE INTO ProdukVarianAtribut (id_produk, atribut_varian, sku, nilai) VALUES (25, 'RAM', 'SKU000047', '8GB');
INSERT IGNORE INTO Produk (id_produk, id_penjual, nama, deskripsi) VALUES (26, 14, 'Re-Contextualize Collaborative Networks Modern', 'Ipsa eos itaque suscipit. Ipsum optio eum officiis rerum ut corrupti. Officia voluptatibus maxime omnis facilis sed. Amet rem quam debitis aliquam fugiat aperiam.');
INSERT IGNORE INTO VarianProduk (sku, id_produk, harga, stok) VALUES ('SKU000048', 26, 1859657.57, 24);
INSERT IGNORE INTO ProdukVarianAtribut (id_produk, atribut_varian, sku, nilai) VALUES (26, 'RESOLUSI_LAYAR', 'SKU000048', 'QHD');
INSERT IGNORE INTO ProdukVarianAtribut (id_produk, atribut_varian, sku, nilai) VALUES (26, 'JENIS_KAIN', 'SKU000048', 'Denim');
INSERT IGNORE INTO VarianProduk (sku, id_produk, harga, stok) VALUES ('SKU000049', 26, 390100.94, 108);
INSERT IGNORE INTO ProdukVarianAtribut (id_produk, atribut_varian, sku, nilai) VALUES (26, 'RAM', 'SKU000049', '8GB');
INSERT IGNORE INTO ProdukVarianAtribut (id_produk, atribut_varian, sku, nilai) VALUES (26, 'UKURAN', 'SKU000049', 'M');
INSERT IGNORE INTO ProdukVarianAtribut (id_produk, atribut_varian, sku, nilai) VALUES (26, 'MATERIAL', 'SKU000049', 'Plastik ABS Food Grade');
INSERT IGNORE INTO Produk (id_produk, id_penjual, nama, deskripsi) VALUES (27, 29, 'Revolutionize User-Centric Niches Serbaguna', 'Ullam ducimus quis aliquid amet. Consequuntur quas nesciunt molestias debitis. Architecto labore velit eaque unde ad.');
INSERT IGNORE INTO VarianProduk (sku, id_produk, harga, stok) VALUES ('SKU000050', 27, 1304180.41, 86);
INSERT IGNORE INTO ProdukVarianAtribut (id_produk, atribut_varian, sku, nilai) VALUES (27, 'RESOLUSI_LAYAR', 'SKU000050', 'QHD');
INSERT IGNORE INTO Produk (id_produk, id_penjual, nama, deskripsi) VALUES (28, 6, 'Mesh Open-Source E-Commerce Serbaguna', 'Aspernatur placeat quis ipsum a iusto architecto distinctio. Suscipit dolor voluptatum labore facere. Repellat nihil odio repudiandae reprehenderit aut. Nobis magnam nulla quidem. Error deleniti fugit nam enim totam.');
INSERT IGNORE INTO VarianProduk (sku, id_produk, harga, stok) VALUES ('SKU000051', 28, 453281.82, 70);
INSERT IGNORE INTO ProdukVarianAtribut (id_produk, atribut_varian, sku, nilai) VALUES (28, 'WARNA', 'SKU000051', 'Perak');
INSERT IGNORE INTO VarianProduk (sku, id_produk, harga, stok) VALUES ('SKU000052', 28, 1384171.64, 68);
INSERT IGNORE INTO ProdukVarianAtribut (id_produk, atribut_varian, sku, nilai) VALUES (28, 'RAM', 'SKU000052', '8GB');
INSERT IGNORE INTO VarianProduk (sku, id_produk, harga, stok) VALUES ('SKU000053', 28, 1885075.51, 10);
INSERT IGNORE INTO ProdukVarianAtribut (id_produk, atribut_varian, sku, nilai) VALUES (28, 'RAM', 'SKU000053', '12GB');
INSERT IGNORE INTO Produk (id_produk, id_penjual, nama, deskripsi) VALUES (29, 39, 'Integrate Cross-Platform Eyeballs Serbaguna', 'Omnis aperiam dolore delectus necessitatibus. Distinctio error ex eum eveniet illum molestias.');
INSERT IGNORE INTO VarianProduk (sku, id_produk, harga, stok) VALUES ('SKU000054', 29, 392769.86, 79);
INSERT IGNORE INTO ProdukVarianAtribut (id_produk, atribut_varian, sku, nilai) VALUES (29, 'MATERIAL', 'SKU000054', 'Katun Combed 30s');
INSERT IGNORE INTO ProdukVarianAtribut (id_produk, atribut_varian, sku, nilai) VALUES (29, 'STORAGE_INTERNAL', 'SKU000054', '1TB');
INSERT IGNORE INTO ProdukVarianAtribut (id_produk, atribut_varian, sku, nilai) VALUES (29, 'JENIS_KAIN', 'SKU000054', 'Denim');
INSERT IGNORE INTO Produk (id_produk, id_penjual, nama, deskripsi) VALUES (30, 33, 'Drive One-To-One Initiatives Modern', 'Modi inventore repellat non est ipsum. Iusto ab officia. Non quam alias consequatur. Laboriosam officiis blanditiis. Eius a reiciendis corporis accusamus.');
INSERT IGNORE INTO VarianProduk (sku, id_produk, harga, stok) VALUES ('SKU000055', 30, 1540959.77, 93);
INSERT IGNORE INTO ProdukVarianAtribut (id_produk, atribut_varian, sku, nilai) VALUES (30, 'RESOLUSI_LAYAR', 'SKU000055', 'HD');
INSERT IGNORE INTO ProdukVarianAtribut (id_produk, atribut_varian, sku, nilai) VALUES (30, 'WARNA', 'SKU000055', 'Jingga');
INSERT IGNORE INTO Produk (id_produk, id_penjual, nama, deskripsi) VALUES (31, 7, 'Incubate Collaborative Users Serbaguna', 'Est illo sequi libero ipsam.');
INSERT IGNORE INTO VarianProduk (sku, id_produk, harga, stok) VALUES ('SKU000056', 31, 1173664.8, 108);
INSERT IGNORE INTO ProdukVarianAtribut (id_produk, atribut_varian, sku, nilai) VALUES (31, 'STORAGE_INTERNAL', 'SKU000056', '128GB');
INSERT IGNORE INTO ProdukVarianAtribut (id_produk, atribut_varian, sku, nilai) VALUES (31, 'JENIS_KAIN', 'SKU000056', 'Satin');
INSERT IGNORE INTO ProdukVarianAtribut (id_produk, atribut_varian, sku, nilai) VALUES (31, 'WARNA', 'SKU000056', 'Nila');
INSERT IGNORE INTO VarianProduk (sku, id_produk, harga, stok) VALUES ('SKU000057', 31, 698960.82, 35);
INSERT IGNORE INTO ProdukVarianAtribut (id_produk, atribut_varian, sku, nilai) VALUES (31, 'MATERIAL', 'SKU000057', 'Kulit Sintetis PU');
INSERT IGNORE INTO ProdukVarianAtribut (id_produk, atribut_varian, sku, nilai) VALUES (31, 'WARNA', 'SKU000057', 'Perak');
INSERT IGNORE INTO ProdukVarianAtribut (id_produk, atribut_varian, sku, nilai) VALUES (31, 'JENIS_KAIN', 'SKU000057', 'Rayon');
INSERT IGNORE INTO VarianProduk (sku, id_produk, harga, stok) VALUES ('SKU000058', 31, 2488591.21, 10);
INSERT IGNORE INTO ProdukVarianAtribut (id_produk, atribut_varian, sku, nilai) VALUES (31, 'RESOLUSI_LAYAR', 'SKU000058', 'QHD');
INSERT IGNORE INTO ProdukVarianAtribut (id_produk, atribut_varian, sku, nilai) VALUES (31, 'WARNA', 'SKU000058', 'Merah marun');
INSERT IGNORE INTO ProdukVarianAtribut (id_produk, atribut_varian, sku, nilai) VALUES (31, 'JENIS_KAIN', 'SKU000058', 'Flanel');
INSERT IGNORE INTO Produk (id_produk, id_penjual, nama, deskripsi) VALUES (32, 7, 'Harness Extensible Action-Items Premium', 'Inventore eum sint non. Quos libero sint debitis consectetur.');
INSERT IGNORE INTO VarianProduk (sku, id_produk, harga, stok) VALUES ('SKU000059', 32, 1208759.89, 89);
INSERT IGNORE INTO ProdukVarianAtribut (id_produk, atribut_varian, sku, nilai) VALUES (32, 'UKURAN', 'SKU000059', 'XL');
INSERT IGNORE INTO VarianProduk (sku, id_produk, harga, stok) VALUES ('SKU000060', 32, 2107855.73, 149);
INSERT IGNORE INTO ProdukVarianAtribut (id_produk, atribut_varian, sku, nilai) VALUES (32, 'JENIS_KAIN', 'SKU000060', 'Rayon');
INSERT IGNORE INTO ProdukVarianAtribut (id_produk, atribut_varian, sku, nilai) VALUES (32, 'WARNA', 'SKU000060', 'Hijau');
INSERT IGNORE INTO ProdukVarianAtribut (id_produk, atribut_varian, sku, nilai) VALUES (32, 'RAM', 'SKU000060', '8GB');
INSERT IGNORE INTO VarianProduk (sku, id_produk, harga, stok) VALUES ('SKU000061', 32, 2266583.45, 32);
INSERT IGNORE INTO ProdukVarianAtribut (id_produk, atribut_varian, sku, nilai) VALUES (32, 'MATERIAL', 'SKU000061', 'Kulit Sintetis PU');
INSERT IGNORE INTO ProdukVarianAtribut (id_produk, atribut_varian, sku, nilai) VALUES (32, 'UKURAN', 'SKU000061', 'XL');
INSERT IGNORE INTO ProdukVarianAtribut (id_produk, atribut_varian, sku, nilai) VALUES (32, 'RESOLUSI_LAYAR', 'SKU000061', 'FHD');
INSERT IGNORE INTO Produk (id_produk, id_penjual, nama, deskripsi) VALUES (33, 7, 'Scale Efficient Architectures Edisi Terbatas', 'Fugiat sed ratione officia eligendi praesentium quas. Sequi iure at. Dolorum magni quaerat ab repellendus architecto culpa. Quis autem impedit.');
INSERT IGNORE INTO VarianProduk (sku, id_produk, harga, stok) VALUES ('SKU000062', 33, 2975869.05, 100);
INSERT IGNORE INTO ProdukVarianAtribut (id_produk, atribut_varian, sku, nilai) VALUES (33, 'STORAGE_INTERNAL', 'SKU000062', '128GB');
INSERT IGNORE INTO Produk (id_produk, id_penjual, nama, deskripsi) VALUES (34, 30, 'E-Enable Virtual Solutions Premium', 'Excepturi sequi eaque magni. Tempora aut nesciunt iusto optio nihil consectetur. Veniam similique blanditiis enim ullam repellat. Et corporis nihil velit ducimus saepe repellendus. Ad saepe inventore accusamus quam reiciendis.');
INSERT IGNORE INTO VarianProduk (sku, id_produk, harga, stok) VALUES ('SKU000063', 34, 1718777.23, 19);
INSERT IGNORE INTO ProdukVarianAtribut (id_produk, atribut_varian, sku, nilai) VALUES (34, 'STORAGE_INTERNAL', 'SKU000063', '128GB');
INSERT IGNORE INTO ProdukVarianAtribut (id_produk, atribut_varian, sku, nilai) VALUES (34, 'MATERIAL', 'SKU000063', 'Plastik ABS Food Grade');
INSERT IGNORE INTO ProdukVarianAtribut (id_produk, atribut_varian, sku, nilai) VALUES (34, 'RESOLUSI_LAYAR', 'SKU000063', 'FHD');
INSERT IGNORE INTO Produk (id_produk, id_penjual, nama, deskripsi) VALUES (35, 7, 'Maximize Frictionless Roi Modern', 'Porro labore rerum. Ducimus nihil debitis eum consectetur quasi.');
INSERT IGNORE INTO VarianProduk (sku, id_produk, harga, stok) VALUES ('SKU000064', 35, 1430054.24, 113);
INSERT IGNORE INTO ProdukVarianAtribut (id_produk, atribut_varian, sku, nilai) VALUES (35, 'WARNA', 'SKU000064', 'Ungu');
INSERT IGNORE INTO VarianProduk (sku, id_produk, harga, stok) VALUES ('SKU000065', 35, 1597289.67, 119);
INSERT IGNORE INTO ProdukVarianAtribut (id_produk, atribut_varian, sku, nilai) VALUES (35, 'WARNA', 'SKU000065', 'Magenta');
INSERT IGNORE INTO Produk (id_produk, id_penjual, nama, deskripsi) VALUES (36, 34, 'Empower Back-End Niches Premium', 'Explicabo molestiae occaecati minus dignissimos amet magnam. Explicabo amet ipsa officia ad.');
INSERT IGNORE INTO VarianProduk (sku, id_produk, harga, stok) VALUES ('SKU000066', 36, 829199.73, 64);
INSERT IGNORE INTO ProdukVarianAtribut (id_produk, atribut_varian, sku, nilai) VALUES (36, 'STORAGE_INTERNAL', 'SKU000066', '128GB');
INSERT IGNORE INTO ProdukVarianAtribut (id_produk, atribut_varian, sku, nilai) VALUES (36, 'JENIS_KAIN', 'SKU000066', 'Denim');
INSERT IGNORE INTO VarianProduk (sku, id_produk, harga, stok) VALUES ('SKU000067', 36, 2684327.59, 123);
INSERT IGNORE INTO ProdukVarianAtribut (id_produk, atribut_varian, sku, nilai) VALUES (36, 'RESOLUSI_LAYAR', 'SKU000067', '4K');
INSERT IGNORE INTO Produk (id_produk, id_penjual, nama, deskripsi) VALUES (37, 22, 'Facilitate Mission-Critical Web-Readiness Edisi Terbatas', 'Animi nesciunt velit dignissimos unde. Ipsum facilis sequi rem sequi sed delectus.');
INSERT IGNORE INTO VarianProduk (sku, id_produk, harga, stok) VALUES ('SKU000068', 37, 1654225.45, 150);
INSERT IGNORE INTO ProdukVarianAtribut (id_produk, atribut_varian, sku, nilai) VALUES (37, 'RESOLUSI_LAYAR', 'SKU000068', '4K');
INSERT IGNORE INTO ProdukVarianAtribut (id_produk, atribut_varian, sku, nilai) VALUES (37, 'MATERIAL', 'SKU000068', 'Kulit Sintetis PU');
INSERT IGNORE INTO ProdukVarianAtribut (id_produk, atribut_varian, sku, nilai) VALUES (37, 'JENIS_KAIN', 'SKU000068', 'Rayon');
INSERT IGNORE INTO VarianProduk (sku, id_produk, harga, stok) VALUES ('SKU000069', 37, 1007848.71, 100);
INSERT IGNORE INTO ProdukVarianAtribut (id_produk, atribut_varian, sku, nilai) VALUES (37, 'WARNA', 'SKU000069', 'Koral');
INSERT IGNORE INTO ProdukVarianAtribut (id_produk, atribut_varian, sku, nilai) VALUES (37, 'JENIS_KAIN', 'SKU000069', 'Rayon');
INSERT IGNORE INTO ProdukVarianAtribut (id_produk, atribut_varian, sku, nilai) VALUES (37, 'RAM', 'SKU000069', '16GB');
INSERT IGNORE INTO Produk (id_produk, id_penjual, nama, deskripsi) VALUES (38, 21, 'Iterate Innovative Bandwidth Modern', 'Accusamus nam ipsum fugit. Quae fugiat id sed.');
INSERT IGNORE INTO VarianProduk (sku, id_produk, harga, stok) VALUES ('SKU000070', 38, 2834423.05, 60);
INSERT IGNORE INTO ProdukVarianAtribut (id_produk, atribut_varian, sku, nilai) VALUES (38, 'JENIS_KAIN', 'SKU000070', 'Denim');
INSERT IGNORE INTO ProdukVarianAtribut (id_produk, atribut_varian, sku, nilai) VALUES (38, 'RESOLUSI_LAYAR', 'SKU000070', 'FHD');
INSERT IGNORE INTO Produk (id_produk, id_penjual, nama, deskripsi) VALUES (39, 21, 'Facilitate Vertical Functionalities Premium', 'Veniam voluptates voluptatem nesciunt veniam. Nemo doloribus quos maxime vero. Perspiciatis sint totam dolores debitis.');
INSERT IGNORE INTO VarianProduk (sku, id_produk, harga, stok) VALUES ('SKU000071', 39, 2223236.83, 80);
INSERT IGNORE INTO ProdukVarianAtribut (id_produk, atribut_varian, sku, nilai) VALUES (39, 'MATERIAL', 'SKU000071', 'Katun Combed 30s');
INSERT IGNORE INTO VarianProduk (sku, id_produk, harga, stok) VALUES ('SKU000072', 39, 179309.09, 129);
INSERT IGNORE INTO ProdukVarianAtribut (id_produk, atribut_varian, sku, nilai) VALUES (39, 'JENIS_KAIN', 'SKU000072', 'Flanel');
INSERT IGNORE INTO Produk (id_produk, id_penjual, nama, deskripsi) VALUES (40, 20, 'Whiteboard One-To-One Channels Serbaguna', 'Itaque recusandae distinctio. Quod aspernatur expedita.');
INSERT IGNORE INTO VarianProduk (sku, id_produk, harga, stok) VALUES ('SKU000073', 40, 2021408.76, 116);
INSERT IGNORE INTO ProdukVarianAtribut (id_produk, atribut_varian, sku, nilai) VALUES (40, 'STORAGE_INTERNAL', 'SKU000073', '1TB');
INSERT IGNORE INTO VarianProduk (sku, id_produk, harga, stok) VALUES ('SKU000074', 40, 2276441.75, 27);
INSERT IGNORE INTO ProdukVarianAtribut (id_produk, atribut_varian, sku, nilai) VALUES (40, 'MATERIAL', 'SKU000074', 'Kulit Sintetis PU');
INSERT IGNORE INTO ProdukVarianAtribut (id_produk, atribut_varian, sku, nilai) VALUES (40, 'UKURAN', 'SKU000074', 'All Size');
INSERT IGNORE INTO ProdukVarianAtribut (id_produk, atribut_varian, sku, nilai) VALUES (40, 'RAM', 'SKU000074', '8GB');
INSERT IGNORE INTO Produk (id_produk, id_penjual, nama, deskripsi) VALUES (41, 48, 'Grow Robust Platforms Serbaguna', 'Iste corporis itaque hic omnis.');
INSERT IGNORE INTO VarianProduk (sku, id_produk, harga, stok) VALUES ('SKU000075', 41, 1197583.49, 39);
INSERT IGNORE INTO ProdukVarianAtribut (id_produk, atribut_varian, sku, nilai) VALUES (41, 'JENIS_KAIN', 'SKU000075', 'Satin');
INSERT IGNORE INTO ProdukVarianAtribut (id_produk, atribut_varian, sku, nilai) VALUES (41, 'MATERIAL', 'SKU000075', 'Polyester Blend');
INSERT IGNORE INTO ProdukVarianAtribut (id_produk, atribut_varian, sku, nilai) VALUES (41, 'RAM', 'SKU000075', '8GB');
INSERT IGNORE INTO Produk (id_produk, id_penjual, nama, deskripsi) VALUES (42, 6, 'Implement Next-Generation Deliverables Serbaguna', 'Sint sint quibusdam veniam dolor nulla dolore harum. Natus a quisquam error vitae dolor esse. Iusto enim ad fuga vitae quo vitae. Sequi molestiae ullam. Nobis molestiae magnam amet animi.');
INSERT IGNORE INTO VarianProduk (sku, id_produk, harga, stok) VALUES ('SKU000076', 42, 1687956.25, 54);
INSERT IGNORE INTO ProdukVarianAtribut (id_produk, atribut_varian, sku, nilai) VALUES (42, 'JENIS_KAIN', 'SKU000076', 'Satin');
INSERT IGNORE INTO ProdukVarianAtribut (id_produk, atribut_varian, sku, nilai) VALUES (42, 'WARNA', 'SKU000076', 'Hitam');
INSERT IGNORE INTO VarianProduk (sku, id_produk, harga, stok) VALUES ('SKU000077', 42, 246767.09, 114);
INSERT IGNORE INTO ProdukVarianAtribut (id_produk, atribut_varian, sku, nilai) VALUES (42, 'UKURAN', 'SKU000077', 'All Size');
INSERT IGNORE INTO ProdukVarianAtribut (id_produk, atribut_varian, sku, nilai) VALUES (42, 'JENIS_KAIN', 'SKU000077', 'Denim');
INSERT IGNORE INTO VarianProduk (sku, id_produk, harga, stok) VALUES ('SKU000078', 42, 2916807.24, 27);
INSERT IGNORE INTO ProdukVarianAtribut (id_produk, atribut_varian, sku, nilai) VALUES (42, 'RESOLUSI_LAYAR', 'SKU000078', 'QHD');
INSERT IGNORE INTO ProdukVarianAtribut (id_produk, atribut_varian, sku, nilai) VALUES (42, 'UKURAN', 'SKU000078', 'S');
INSERT IGNORE INTO ProdukVarianAtribut (id_produk, atribut_varian, sku, nilai) VALUES (42, 'MATERIAL', 'SKU000078', 'Katun Combed 30s');
INSERT IGNORE INTO Produk (id_produk, id_penjual, nama, deskripsi) VALUES (43, 30, 'Leverage Front-End Infrastructures Serbaguna', 'Aliquid a optio. Quas architecto eveniet officia.');
INSERT IGNORE INTO VarianProduk (sku, id_produk, harga, stok) VALUES ('SKU000079', 43, 1736030.63, 17);
INSERT IGNORE INTO ProdukVarianAtribut (id_produk, atribut_varian, sku, nilai) VALUES (43, 'STORAGE_INTERNAL', 'SKU000079', '1TB');
INSERT IGNORE INTO ProdukVarianAtribut (id_produk, atribut_varian, sku, nilai) VALUES (43, 'UKURAN', 'SKU000079', '41');
INSERT IGNORE INTO VarianProduk (sku, id_produk, harga, stok) VALUES ('SKU000080', 43, 2439678.07, 52);
INSERT IGNORE INTO ProdukVarianAtribut (id_produk, atribut_varian, sku, nilai) VALUES (43, 'WARNA', 'SKU000080', 'Hijau tua');
INSERT IGNORE INTO ProdukVarianAtribut (id_produk, atribut_varian, sku, nilai) VALUES (43, 'UKURAN', 'SKU000080', 'All Size');
INSERT IGNORE INTO VarianProduk (sku, id_produk, harga, stok) VALUES ('SKU000081', 43, 2347898.67, 41);
INSERT IGNORE INTO ProdukVarianAtribut (id_produk, atribut_varian, sku, nilai) VALUES (43, 'JENIS_KAIN', 'SKU000081', 'Flanel');
INSERT IGNORE INTO Produk (id_produk, id_penjual, nama, deskripsi) VALUES (44, 33, 'Aggregate Bricks-And-Clicks Vortals Serbaguna', 'Est quod ipsam aliquid minus sit ullam.');
INSERT IGNORE INTO VarianProduk (sku, id_produk, harga, stok) VALUES ('SKU000082', 44, 2035890.98, 142);
INSERT IGNORE INTO ProdukVarianAtribut (id_produk, atribut_varian, sku, nilai) VALUES (44, 'RAM', 'SKU000082', '32GB');
INSERT IGNORE INTO ProdukVarianAtribut (id_produk, atribut_varian, sku, nilai) VALUES (44, 'UKURAN', 'SKU000082', 'All Size');
INSERT IGNORE INTO ProdukVarianAtribut (id_produk, atribut_varian, sku, nilai) VALUES (44, 'STORAGE_INTERNAL', 'SKU000082', '128GB');
INSERT IGNORE INTO VarianProduk (sku, id_produk, harga, stok) VALUES ('SKU000083', 44, 820412.23, 9);
INSERT IGNORE INTO ProdukVarianAtribut (id_produk, atribut_varian, sku, nilai) VALUES (44, 'MATERIAL', 'SKU000083', 'Stainless Steel 304');
INSERT IGNORE INTO VarianProduk (sku, id_produk, harga, stok) VALUES ('SKU000084', 44, 2523256.48, 105);
INSERT IGNORE INTO ProdukVarianAtribut (id_produk, atribut_varian, sku, nilai) VALUES (44, 'RAM', 'SKU000084', '12GB');
INSERT IGNORE INTO ProdukVarianAtribut (id_produk, atribut_varian, sku, nilai) VALUES (44, 'MATERIAL', 'SKU000084', 'Kanvas Tebal');
INSERT IGNORE INTO ProdukVarianAtribut (id_produk, atribut_varian, sku, nilai) VALUES (44, 'RESOLUSI_LAYAR', 'SKU000084', 'FHD');
INSERT IGNORE INTO Produk (id_produk, id_penjual, nama, deskripsi) VALUES (45, 15, 'Synthesize Seamless Web Services Modern', 'Accusamus non quod pariatur. Saepe error voluptatum expedita quam error. Debitis est doloremque beatae vel.');
INSERT IGNORE INTO VarianProduk (sku, id_produk, harga, stok) VALUES ('SKU000085', 45, 1968700.35, 117);
INSERT IGNORE INTO ProdukVarianAtribut (id_produk, atribut_varian, sku, nilai) VALUES (45, 'UKURAN', 'SKU000085', 'XXL');
INSERT IGNORE INTO VarianProduk (sku, id_produk, harga, stok) VALUES ('SKU000086', 45, 2004248.62, 28);
INSERT IGNORE INTO ProdukVarianAtribut (id_produk, atribut_varian, sku, nilai) VALUES (45, 'RAM', 'SKU000086', '8GB');
INSERT IGNORE INTO ProdukVarianAtribut (id_produk, atribut_varian, sku, nilai) VALUES (45, 'JENIS_KAIN', 'SKU000086', 'Flanel');
INSERT IGNORE INTO Produk (id_produk, id_penjual, nama, deskripsi) VALUES (46, 9, 'Leverage Holistic Relationships Serbaguna', 'Nam eum nulla et sit quidem.');
INSERT IGNORE INTO VarianProduk (sku, id_produk, harga, stok) VALUES ('SKU000087', 46, 2247337.06, 123);
INSERT IGNORE INTO ProdukVarianAtribut (id_produk, atribut_varian, sku, nilai) VALUES (46, 'WARNA', 'SKU000087', 'Ungu');
INSERT IGNORE INTO Produk (id_produk, id_penjual, nama, deskripsi) VALUES (47, 40, 'Enable Bleeding-Edge Mindshare Premium', 'Blanditiis consequuntur dignissimos beatae ipsam. Ex harum suscipit facere.');
INSERT IGNORE INTO VarianProduk (sku, id_produk, harga, stok) VALUES ('SKU000088', 47, 1427100.1, 58);
INSERT IGNORE INTO ProdukVarianAtribut (id_produk, atribut_varian, sku, nilai) VALUES (47, 'UKURAN', 'SKU000088', '38');
INSERT IGNORE INTO ProdukVarianAtribut (id_produk, atribut_varian, sku, nilai) VALUES (47, 'RAM', 'SKU000088', '32GB');
INSERT IGNORE INTO ProdukVarianAtribut (id_produk, atribut_varian, sku, nilai) VALUES (47, 'MATERIAL', 'SKU000088', 'Katun Combed 30s');
INSERT IGNORE INTO Produk (id_produk, id_penjual, nama, deskripsi) VALUES (48, 4, 'Transform Magnetic Synergies Serbaguna', 'Totam modi nihil consequatur voluptatum.');
INSERT IGNORE INTO VarianProduk (sku, id_produk, harga, stok) VALUES ('SKU000089', 48, 2360956.59, 1);
INSERT IGNORE INTO ProdukVarianAtribut (id_produk, atribut_varian, sku, nilai) VALUES (48, 'MATERIAL', 'SKU000089', 'Plastik ABS Food Grade');
INSERT IGNORE INTO ProdukVarianAtribut (id_produk, atribut_varian, sku, nilai) VALUES (48, 'WARNA', 'SKU000089', 'Biru dongker');
INSERT IGNORE INTO ProdukVarianAtribut (id_produk, atribut_varian, sku, nilai) VALUES (48, 'RESOLUSI_LAYAR', 'SKU000089', 'HD');
INSERT IGNORE INTO VarianProduk (sku, id_produk, harga, stok) VALUES ('SKU000090', 48, 797469.49, 52);
INSERT IGNORE INTO ProdukVarianAtribut (id_produk, atribut_varian, sku, nilai) VALUES (48, 'RAM', 'SKU000090', '4GB');
INSERT IGNORE INTO VarianProduk (sku, id_produk, harga, stok) VALUES ('SKU000091', 48, 1997041.89, 5);
INSERT IGNORE INTO ProdukVarianAtribut (id_produk, atribut_varian, sku, nilai) VALUES (48, 'RESOLUSI_LAYAR', 'SKU000091', 'HD');
INSERT IGNORE INTO ProdukVarianAtribut (id_produk, atribut_varian, sku, nilai) VALUES (48, 'MATERIAL', 'SKU000091', 'Plastik ABS Food Grade');
INSERT IGNORE INTO ProdukVarianAtribut (id_produk, atribut_varian, sku, nilai) VALUES (48, 'JENIS_KAIN', 'SKU000091', 'Rayon');
INSERT IGNORE INTO Produk (id_produk, id_penjual, nama, deskripsi) VALUES (49, 49, 'Syndicate Ubiquitous Content Edisi Terbatas', 'Cupiditate commodi dolorum possimus. Cumque aliquam dicta molestias autem aut eligendi in. Tempora aperiam excepturi dicta.');
INSERT IGNORE INTO VarianProduk (sku, id_produk, harga, stok) VALUES ('SKU000092', 49, 207706.53, 123);
INSERT IGNORE INTO ProdukVarianAtribut (id_produk, atribut_varian, sku, nilai) VALUES (49, 'WARNA', 'SKU000092', 'Biru');
INSERT IGNORE INTO ProdukVarianAtribut (id_produk, atribut_varian, sku, nilai) VALUES (49, 'UKURAN', 'SKU000092', '41');
INSERT IGNORE INTO VarianProduk (sku, id_produk, harga, stok) VALUES ('SKU000093', 49, 1595846.92, 1);
INSERT IGNORE INTO ProdukVarianAtribut (id_produk, atribut_varian, sku, nilai) VALUES (49, 'STORAGE_INTERNAL', 'SKU000093', '128GB');
INSERT IGNORE INTO ProdukVarianAtribut (id_produk, atribut_varian, sku, nilai) VALUES (49, 'WARNA', 'SKU000093', 'Hijau tua');
INSERT IGNORE INTO VarianProduk (sku, id_produk, harga, stok) VALUES ('SKU000094', 49, 1617146.18, 100);
INSERT IGNORE INTO ProdukVarianAtribut (id_produk, atribut_varian, sku, nilai) VALUES (49, 'RESOLUSI_LAYAR', 'SKU000094', 'HD');
INSERT IGNORE INTO ProdukVarianAtribut (id_produk, atribut_varian, sku, nilai) VALUES (49, 'WARNA', 'SKU000094', 'Coklat');
INSERT IGNORE INTO Produk (id_produk, id_penjual, nama, deskripsi) VALUES (50, 10, 'Streamline Distributed Users Modern', 'Libero suscipit magnam ipsum ad laboriosam aut distinctio. Quasi eligendi quaerat. Quasi soluta quo tempore ad excepturi nulla. Neque aliquid quos ipsa porro. Tempora recusandae voluptates ipsam amet tempora provident.');
INSERT IGNORE INTO VarianProduk (sku, id_produk, harga, stok) VALUES ('SKU000095', 50, 2195287.75, 24);
INSERT IGNORE INTO ProdukVarianAtribut (id_produk, atribut_varian, sku, nilai) VALUES (50, 'MATERIAL', 'SKU000095', 'Katun Combed 30s');
INSERT IGNORE INTO Produk (id_produk, id_penjual, nama, deskripsi) VALUES (51, 19, 'Enable Next-Generation Channels Premium', 'Quasi sunt nesciunt natus incidunt laborum. Dolor asperiores quidem dolore labore est consequatur voluptas.');
INSERT IGNORE INTO VarianProduk (sku, id_produk, harga, stok) VALUES ('SKU000096', 51, 260364.51, 132);
INSERT IGNORE INTO ProdukVarianAtribut (id_produk, atribut_varian, sku, nilai) VALUES (51, 'JENIS_KAIN', 'SKU000096', 'Rayon');
INSERT IGNORE INTO VarianProduk (sku, id_produk, harga, stok) VALUES ('SKU000097', 51, 1218854.67, 84);
INSERT IGNORE INTO ProdukVarianAtribut (id_produk, atribut_varian, sku, nilai) VALUES (51, 'RAM', 'SKU000097', '4GB');
INSERT IGNORE INTO ProdukVarianAtribut (id_produk, atribut_varian, sku, nilai) VALUES (51, 'WARNA', 'SKU000097', 'Jingga');
INSERT IGNORE INTO Produk (id_produk, id_penjual, nama, deskripsi) VALUES (52, 36, 'Synergize Synergistic Web Services Premium', 'Laudantium ipsam animi. A debitis ipsam ut nobis. Pariatur reiciendis tenetur voluptatem. Nulla aperiam eveniet.');
INSERT IGNORE INTO VarianProduk (sku, id_produk, harga, stok) VALUES ('SKU000098', 52, 2657680.24, 31);
INSERT IGNORE INTO ProdukVarianAtribut (id_produk, atribut_varian, sku, nilai) VALUES (52, 'JENIS_KAIN', 'SKU000098', 'Rayon');
INSERT IGNORE INTO ProdukVarianAtribut (id_produk, atribut_varian, sku, nilai) VALUES (52, 'MATERIAL', 'SKU000098', 'Plastik ABS Food Grade');
INSERT IGNORE INTO VarianProduk (sku, id_produk, harga, stok) VALUES ('SKU000099', 52, 640726.9, 78);
INSERT IGNORE INTO ProdukVarianAtribut (id_produk, atribut_varian, sku, nilai) VALUES (52, 'RESOLUSI_LAYAR', 'SKU000099', 'QHD');
INSERT IGNORE INTO ProdukVarianAtribut (id_produk, atribut_varian, sku, nilai) VALUES (52, 'JENIS_KAIN', 'SKU000099', 'Denim');
INSERT IGNORE INTO ProdukVarianAtribut (id_produk, atribut_varian, sku, nilai) VALUES (52, 'STORAGE_INTERNAL', 'SKU000099', '512GB');
INSERT IGNORE INTO VarianProduk (sku, id_produk, harga, stok) VALUES ('SKU000100', 52, 1831332.11, 67);
INSERT IGNORE INTO ProdukVarianAtribut (id_produk, atribut_varian, sku, nilai) VALUES (52, 'JENIS_KAIN', 'SKU000100', 'Rayon');
INSERT IGNORE INTO ProdukVarianAtribut (id_produk, atribut_varian, sku, nilai) VALUES (52, 'RESOLUSI_LAYAR', 'SKU000100', '4K');
INSERT IGNORE INTO ProdukVarianAtribut (id_produk, atribut_varian, sku, nilai) VALUES (52, 'UKURAN', 'SKU000100', '41');
INSERT IGNORE INTO Produk (id_produk, id_penjual, nama, deskripsi) VALUES (53, 36, 'Unleash Out-Of-The-Box Paradigms Serbaguna', 'Impedit ea neque harum minima ipsum fugit. Aliquid odit aliquam fuga.');
INSERT IGNORE INTO VarianProduk (sku, id_produk, harga, stok) VALUES ('SKU000101', 53, 2799342.99, 130);
INSERT IGNORE INTO ProdukVarianAtribut (id_produk, atribut_varian, sku, nilai) VALUES (53, 'JENIS_KAIN', 'SKU000101', 'Satin');
INSERT IGNORE INTO ProdukVarianAtribut (id_produk, atribut_varian, sku, nilai) VALUES (53, 'STORAGE_INTERNAL', 'SKU000101', '128GB');
INSERT IGNORE INTO VarianProduk (sku, id_produk, harga, stok) VALUES ('SKU000102', 53, 273521.19, 7);
INSERT IGNORE INTO ProdukVarianAtribut (id_produk, atribut_varian, sku, nilai) VALUES (53, 'RESOLUSI_LAYAR', 'SKU000102', 'FHD');
INSERT IGNORE INTO ProdukVarianAtribut (id_produk, atribut_varian, sku, nilai) VALUES (53, 'STORAGE_INTERNAL', 'SKU000102', '256GB');
INSERT IGNORE INTO ProdukVarianAtribut (id_produk, atribut_varian, sku, nilai) VALUES (53, 'WARNA', 'SKU000102', 'Hijau muda');
INSERT IGNORE INTO Produk (id_produk, id_penjual, nama, deskripsi) VALUES (54, 37, 'Enhance Sticky Eyeballs Premium', 'Neque veritatis inventore dolor at pariatur necessitatibus. Ea saepe libero.');
INSERT IGNORE INTO VarianProduk (sku, id_produk, harga, stok) VALUES ('SKU000103', 54, 536476.11, 23);
INSERT IGNORE INTO ProdukVarianAtribut (id_produk, atribut_varian, sku, nilai) VALUES (54, 'UKURAN', 'SKU000103', '38');
INSERT IGNORE INTO ProdukVarianAtribut (id_produk, atribut_varian, sku, nilai) VALUES (54, 'RESOLUSI_LAYAR', 'SKU000103', 'FHD');
INSERT IGNORE INTO VarianProduk (sku, id_produk, harga, stok) VALUES ('SKU000104', 54, 204073.67, 20);
INSERT IGNORE INTO ProdukVarianAtribut (id_produk, atribut_varian, sku, nilai) VALUES (54, 'UKURAN', 'SKU000104', '40');
INSERT IGNORE INTO ProdukVarianAtribut (id_produk, atribut_varian, sku, nilai) VALUES (54, 'WARNA', 'SKU000104', 'Biru laut');
INSERT IGNORE INTO ProdukVarianAtribut (id_produk, atribut_varian, sku, nilai) VALUES (54, 'STORAGE_INTERNAL', 'SKU000104', '1TB');
INSERT IGNORE INTO Produk (id_produk, id_penjual, nama, deskripsi) VALUES (55, 36, 'Streamline Compelling Channels Edisi Terbatas', 'Accusantium quisquam commodi velit. Non minima commodi mollitia.');
INSERT IGNORE INTO VarianProduk (sku, id_produk, harga, stok) VALUES ('SKU000105', 55, 1525470.95, 32);
INSERT IGNORE INTO ProdukVarianAtribut (id_produk, atribut_varian, sku, nilai) VALUES (55, 'RESOLUSI_LAYAR', 'SKU000105', '4K');
INSERT IGNORE INTO VarianProduk (sku, id_produk, harga, stok) VALUES ('SKU000106', 55, 2585272.4, 0);
INSERT IGNORE INTO ProdukVarianAtribut (id_produk, atribut_varian, sku, nilai) VALUES (55, 'STORAGE_INTERNAL', 'SKU000106', '512GB');
INSERT IGNORE INTO ProdukVarianAtribut (id_produk, atribut_varian, sku, nilai) VALUES (55, 'WARNA', 'SKU000106', 'Hijau muda');
INSERT IGNORE INTO ProdukVarianAtribut (id_produk, atribut_varian, sku, nilai) VALUES (55, 'RESOLUSI_LAYAR', 'SKU000106', 'FHD');
INSERT IGNORE INTO Produk (id_produk, id_penjual, nama, deskripsi) VALUES (56, 45, 'Exploit Plug-And-Play Solutions Serbaguna', 'Vitae occaecati nam deserunt qui deserunt eius. Optio perspiciatis sunt sapiente incidunt in.');
INSERT IGNORE INTO VarianProduk (sku, id_produk, harga, stok) VALUES ('SKU000107', 56, 1098446.08, 6);
INSERT IGNORE INTO ProdukVarianAtribut (id_produk, atribut_varian, sku, nilai) VALUES (56, 'JENIS_KAIN', 'SKU000107', 'Denim');
INSERT IGNORE INTO ProdukVarianAtribut (id_produk, atribut_varian, sku, nilai) VALUES (56, 'RAM', 'SKU000107', '16GB');
INSERT IGNORE INTO ProdukVarianAtribut (id_produk, atribut_varian, sku, nilai) VALUES (56, 'STORAGE_INTERNAL', 'SKU000107', '64GB');
INSERT IGNORE INTO VarianProduk (sku, id_produk, harga, stok) VALUES ('SKU000108', 56, 227239.5, 120);
INSERT IGNORE INTO ProdukVarianAtribut (id_produk, atribut_varian, sku, nilai) VALUES (56, 'STORAGE_INTERNAL', 'SKU000108', '256GB');
INSERT IGNORE INTO Produk (id_produk, id_penjual, nama, deskripsi) VALUES (57, 7, 'Transition Next-Generation Info-Mediaries Modern', 'Repudiandae rerum perferendis tempore commodi cum. Temporibus fugiat earum sequi praesentium. Nihil labore eum alias quos quibusdam nostrum.');
INSERT IGNORE INTO VarianProduk (sku, id_produk, harga, stok) VALUES ('SKU000109', 57, 1212786.94, 147);
INSERT IGNORE INTO ProdukVarianAtribut (id_produk, atribut_varian, sku, nilai) VALUES (57, 'MATERIAL', 'SKU000109', 'Kulit Sintetis PU');
INSERT IGNORE INTO ProdukVarianAtribut (id_produk, atribut_varian, sku, nilai) VALUES (57, 'JENIS_KAIN', 'SKU000109', 'Flanel');
INSERT IGNORE INTO Produk (id_produk, id_penjual, nama, deskripsi) VALUES (58, 5, 'Incentivize Mission-Critical Functionalities Modern', 'Maiores et nisi illum nulla est mollitia recusandae. Recusandae animi incidunt reiciendis.');
INSERT IGNORE INTO VarianProduk (sku, id_produk, harga, stok) VALUES ('SKU000110', 58, 68259.43, 128);
INSERT IGNORE INTO ProdukVarianAtribut (id_produk, atribut_varian, sku, nilai) VALUES (58, 'RAM', 'SKU000110', '12GB');
INSERT IGNORE INTO ProdukVarianAtribut (id_produk, atribut_varian, sku, nilai) VALUES (58, 'JENIS_KAIN', 'SKU000110', 'Satin');
INSERT IGNORE INTO VarianProduk (sku, id_produk, harga, stok) VALUES ('SKU000111', 58, 1653271.91, 130);
INSERT IGNORE INTO ProdukVarianAtribut (id_produk, atribut_varian, sku, nilai) VALUES (58, 'WARNA', 'SKU000111', 'Magenta');
INSERT IGNORE INTO ProdukVarianAtribut (id_produk, atribut_varian, sku, nilai) VALUES (58, 'RESOLUSI_LAYAR', 'SKU000111', '4K');
INSERT IGNORE INTO ProdukVarianAtribut (id_produk, atribut_varian, sku, nilai) VALUES (58, 'RAM', 'SKU000111', '32GB');
INSERT IGNORE INTO Produk (id_produk, id_penjual, nama, deskripsi) VALUES (59, 22, 'Productize Out-Of-The-Box E-Commerce Premium', 'Blanditiis non soluta reprehenderit quis. Molestiae fugiat ducimus. Ex earum cupiditate eaque voluptatibus natus deleniti nam. Ratione cupiditate iusto iusto ipsum nesciunt ullam. Exercitationem minus aspernatur voluptas.');
INSERT IGNORE INTO VarianProduk (sku, id_produk, harga, stok) VALUES ('SKU000112', 59, 743823.88, 113);
INSERT IGNORE INTO ProdukVarianAtribut (id_produk, atribut_varian, sku, nilai) VALUES (59, 'JENIS_KAIN', 'SKU000112', 'Denim');
INSERT IGNORE INTO VarianProduk (sku, id_produk, harga, stok) VALUES ('SKU000113', 59, 2611960.96, 101);
INSERT IGNORE INTO ProdukVarianAtribut (id_produk, atribut_varian, sku, nilai) VALUES (59, 'MATERIAL', 'SKU000113', 'Kulit Sintetis PU');
INSERT IGNORE INTO ProdukVarianAtribut (id_produk, atribut_varian, sku, nilai) VALUES (59, 'WARNA', 'SKU000113', 'Ungu');
INSERT IGNORE INTO VarianProduk (sku, id_produk, harga, stok) VALUES ('SKU000114', 59, 2206578.47, 46);
INSERT IGNORE INTO ProdukVarianAtribut (id_produk, atribut_varian, sku, nilai) VALUES (59, 'RAM', 'SKU000114', '32GB');
INSERT IGNORE INTO Produk (id_produk, id_penjual, nama, deskripsi) VALUES (60, 24, 'Seize B2B Portals Modern', 'Cumque aliquam quas doloribus nam. Cumque tempora assumenda exercitationem.');
INSERT IGNORE INTO VarianProduk (sku, id_produk, harga, stok) VALUES ('SKU000115', 60, 1669325.39, 21);
INSERT IGNORE INTO ProdukVarianAtribut (id_produk, atribut_varian, sku, nilai) VALUES (60, 'RESOLUSI_LAYAR', 'SKU000115', 'FHD');
INSERT IGNORE INTO ProdukVarianAtribut (id_produk, atribut_varian, sku, nilai) VALUES (60, 'JENIS_KAIN', 'SKU000115', 'Rayon');
INSERT IGNORE INTO VarianProduk (sku, id_produk, harga, stok) VALUES ('SKU000116', 60, 209847.55, 67);
INSERT IGNORE INTO ProdukVarianAtribut (id_produk, atribut_varian, sku, nilai) VALUES (60, 'WARNA', 'SKU000116', 'Nila');
INSERT IGNORE INTO ProdukVarianAtribut (id_produk, atribut_varian, sku, nilai) VALUES (60, 'RAM', 'SKU000116', '4GB');
INSERT IGNORE INTO ProdukVarianAtribut (id_produk, atribut_varian, sku, nilai) VALUES (60, 'JENIS_KAIN', 'SKU000116', 'Satin');
INSERT IGNORE INTO VarianProduk (sku, id_produk, harga, stok) VALUES ('SKU000117', 60, 752900.24, 10);
INSERT IGNORE INTO ProdukVarianAtribut (id_produk, atribut_varian, sku, nilai) VALUES (60, 'JENIS_KAIN', 'SKU000117', 'Denim');
INSERT IGNORE INTO ProdukVarianAtribut (id_produk, atribut_varian, sku, nilai) VALUES (60, 'STORAGE_INTERNAL', 'SKU000117', '512GB');
INSERT IGNORE INTO ProdukVarianAtribut (id_produk, atribut_varian, sku, nilai) VALUES (60, 'RESOLUSI_LAYAR', 'SKU000117', 'QHD');
INSERT IGNORE INTO Produk (id_produk, id_penjual, nama, deskripsi) VALUES (61, 43, 'Revolutionize Efficient E-Markets Edisi Terbatas', 'Inventore iusto consequatur deserunt hic. Neque architecto aperiam est excepturi non exercitationem. Ex ex dicta placeat eius sunt voluptate. Cumque unde eius dolorum.');
INSERT IGNORE INTO VarianProduk (sku, id_produk, harga, stok) VALUES ('SKU000118', 61, 1500987.3, 120);
INSERT IGNORE INTO ProdukVarianAtribut (id_produk, atribut_varian, sku, nilai) VALUES (61, 'MATERIAL', 'SKU000118', 'Stainless Steel 304');
INSERT IGNORE INTO ProdukVarianAtribut (id_produk, atribut_varian, sku, nilai) VALUES (61, 'UKURAN', 'SKU000118', '41');
INSERT IGNORE INTO ProdukVarianAtribut (id_produk, atribut_varian, sku, nilai) VALUES (61, 'WARNA', 'SKU000118', 'Biru');
INSERT IGNORE INTO VarianProduk (sku, id_produk, harga, stok) VALUES ('SKU000119', 61, 1620985.2, 21);
INSERT IGNORE INTO ProdukVarianAtribut (id_produk, atribut_varian, sku, nilai) VALUES (61, 'UKURAN', 'SKU000119', 'L');
INSERT IGNORE INTO Produk (id_produk, id_penjual, nama, deskripsi) VALUES (62, 4, 'Streamline Clicks-And-Mortar Schemas Serbaguna', 'Facere ducimus harum ullam nostrum saepe. Officiis aspernatur reprehenderit. Cupiditate possimus odio saepe.');
INSERT IGNORE INTO VarianProduk (sku, id_produk, harga, stok) VALUES ('SKU000120', 62, 583082.01, 71);
INSERT IGNORE INTO ProdukVarianAtribut (id_produk, atribut_varian, sku, nilai) VALUES (62, 'RAM', 'SKU000120', '8GB');
INSERT IGNORE INTO ProdukVarianAtribut (id_produk, atribut_varian, sku, nilai) VALUES (62, 'UKURAN', 'SKU000120', '38');
INSERT IGNORE INTO ProdukVarianAtribut (id_produk, atribut_varian, sku, nilai) VALUES (62, 'RESOLUSI_LAYAR', 'SKU000120', 'FHD');
INSERT IGNORE INTO VarianProduk (sku, id_produk, harga, stok) VALUES ('SKU000121', 62, 494044.52, 119);
INSERT IGNORE INTO ProdukVarianAtribut (id_produk, atribut_varian, sku, nilai) VALUES (62, 'WARNA', 'SKU000121', 'Coklat tua');
INSERT IGNORE INTO ProdukVarianAtribut (id_produk, atribut_varian, sku, nilai) VALUES (62, 'STORAGE_INTERNAL', 'SKU000121', '1TB');
INSERT IGNORE INTO ProdukVarianAtribut (id_produk, atribut_varian, sku, nilai) VALUES (62, 'RESOLUSI_LAYAR', 'SKU000121', '4K');
INSERT IGNORE INTO VarianProduk (sku, id_produk, harga, stok) VALUES ('SKU000122', 62, 942673.3, 103);
INSERT IGNORE INTO ProdukVarianAtribut (id_produk, atribut_varian, sku, nilai) VALUES (62, 'MATERIAL', 'SKU000122', 'Plastik ABS Food Grade');
INSERT IGNORE INTO ProdukVarianAtribut (id_produk, atribut_varian, sku, nilai) VALUES (62, 'UKURAN', 'SKU000122', 'XL');
INSERT IGNORE INTO ProdukVarianAtribut (id_produk, atribut_varian, sku, nilai) VALUES (62, 'JENIS_KAIN', 'SKU000122', 'Rayon');
INSERT IGNORE INTO Produk (id_produk, id_penjual, nama, deskripsi) VALUES (63, 22, 'Integrate Seamless Synergies Edisi Terbatas', 'Ut deserunt unde consequatur. Autem officia quam quod hic. Inventore eum eligendi explicabo. Corporis amet at iste odit suscipit. Aspernatur facere magni praesentium sint dolores et.');
INSERT IGNORE INTO VarianProduk (sku, id_produk, harga, stok) VALUES ('SKU000123', 63, 143925.74, 38);
INSERT IGNORE INTO ProdukVarianAtribut (id_produk, atribut_varian, sku, nilai) VALUES (63, 'UKURAN', 'SKU000123', '39');
INSERT IGNORE INTO ProdukVarianAtribut (id_produk, atribut_varian, sku, nilai) VALUES (63, 'WARNA', 'SKU000123', 'Ungu tua');
INSERT IGNORE INTO VarianProduk (sku, id_produk, harga, stok) VALUES ('SKU000124', 63, 2312640.23, 120);
INSERT IGNORE INTO ProdukVarianAtribut (id_produk, atribut_varian, sku, nilai) VALUES (63, 'UKURAN', 'SKU000124', 'XXL');
INSERT IGNORE INTO ProdukVarianAtribut (id_produk, atribut_varian, sku, nilai) VALUES (63, 'JENIS_KAIN', 'SKU000124', 'Rayon');
INSERT IGNORE INTO ProdukVarianAtribut (id_produk, atribut_varian, sku, nilai) VALUES (63, 'RAM', 'SKU000124', '16GB');
INSERT IGNORE INTO Produk (id_produk, id_penjual, nama, deskripsi) VALUES (64, 34, 'Cultivate Dynamic Convergence Modern', 'Similique totam sit cupiditate ipsa reprehenderit recusandae similique. Sed atque quae soluta asperiores minus minima.');
INSERT IGNORE INTO VarianProduk (sku, id_produk, harga, stok) VALUES ('SKU000125', 64, 81181.39, 82);
INSERT IGNORE INTO ProdukVarianAtribut (id_produk, atribut_varian, sku, nilai) VALUES (64, 'WARNA', 'SKU000125', 'Perak');
INSERT IGNORE INTO ProdukVarianAtribut (id_produk, atribut_varian, sku, nilai) VALUES (64, 'STORAGE_INTERNAL', 'SKU000125', '128GB');
INSERT IGNORE INTO Produk (id_produk, id_penjual, nama, deskripsi) VALUES (65, 23, 'Mesh Dot-Com Web Services Premium', 'Repudiandae adipisci maiores incidunt expedita nobis. Totam pariatur cupiditate reiciendis consectetur.');
INSERT IGNORE INTO VarianProduk (sku, id_produk, harga, stok) VALUES ('SKU000126', 65, 1566269.18, 121);
INSERT IGNORE INTO ProdukVarianAtribut (id_produk, atribut_varian, sku, nilai) VALUES (65, 'JENIS_KAIN', 'SKU000126', 'Satin');
INSERT IGNORE INTO ProdukVarianAtribut (id_produk, atribut_varian, sku, nilai) VALUES (65, 'STORAGE_INTERNAL', 'SKU000126', '512GB');
INSERT IGNORE INTO VarianProduk (sku, id_produk, harga, stok) VALUES ('SKU000127', 65, 665355.76, 109);
INSERT IGNORE INTO ProdukVarianAtribut (id_produk, atribut_varian, sku, nilai) VALUES (65, 'MATERIAL', 'SKU000127', 'Kanvas Tebal');
INSERT IGNORE INTO ProdukVarianAtribut (id_produk, atribut_varian, sku, nilai) VALUES (65, 'RESOLUSI_LAYAR', 'SKU000127', 'HD');
INSERT IGNORE INTO ProdukVarianAtribut (id_produk, atribut_varian, sku, nilai) VALUES (65, 'UKURAN', 'SKU000127', 'All Size');
INSERT IGNORE INTO Produk (id_produk, id_penjual, nama, deskripsi) VALUES (66, 32, 'Aggregate Frictionless Metrics Edisi Terbatas', 'Excepturi fuga nemo. Mollitia laudantium explicabo nesciunt voluptatum eius.');
INSERT IGNORE INTO VarianProduk (sku, id_produk, harga, stok) VALUES ('SKU000128', 66, 2606483.47, 44);
INSERT IGNORE INTO ProdukVarianAtribut (id_produk, atribut_varian, sku, nilai) VALUES (66, 'UKURAN', 'SKU000128', 'L');
INSERT IGNORE INTO ProdukVarianAtribut (id_produk, atribut_varian, sku, nilai) VALUES (66, 'STORAGE_INTERNAL', 'SKU000128', '512GB');
INSERT IGNORE INTO ProdukVarianAtribut (id_produk, atribut_varian, sku, nilai) VALUES (66, 'MATERIAL', 'SKU000128', 'Kanvas Tebal');
INSERT IGNORE INTO Produk (id_produk, id_penjual, nama, deskripsi) VALUES (67, 9, 'Integrate Magnetic Eyeballs Modern', 'Quod perspiciatis labore. Sunt itaque facere aperiam nesciunt voluptas.');
INSERT IGNORE INTO VarianProduk (sku, id_produk, harga, stok) VALUES ('SKU000129', 67, 744529.16, 131);
INSERT IGNORE INTO ProdukVarianAtribut (id_produk, atribut_varian, sku, nilai) VALUES (67, 'RESOLUSI_LAYAR', 'SKU000129', '4K');
INSERT IGNORE INTO ProdukVarianAtribut (id_produk, atribut_varian, sku, nilai) VALUES (67, 'RAM', 'SKU000129', '12GB');
INSERT IGNORE INTO Produk (id_produk, id_penjual, nama, deskripsi) VALUES (68, 11, 'Re-Contextualize B2B Markets Serbaguna', 'Nihil facere velit animi praesentium adipisci facilis. Amet in mollitia nam magni. Iure reiciendis fuga explicabo corporis voluptatibus aliquid molestias.');
INSERT IGNORE INTO VarianProduk (sku, id_produk, harga, stok) VALUES ('SKU000130', 68, 2714952.85, 95);
INSERT IGNORE INTO ProdukVarianAtribut (id_produk, atribut_varian, sku, nilai) VALUES (68, 'RAM', 'SKU000130', '16GB');
INSERT IGNORE INTO ProdukVarianAtribut (id_produk, atribut_varian, sku, nilai) VALUES (68, 'WARNA', 'SKU000130', 'Ungu tua');
INSERT IGNORE INTO VarianProduk (sku, id_produk, harga, stok) VALUES ('SKU000131', 68, 918882.5, 106);
INSERT IGNORE INTO ProdukVarianAtribut (id_produk, atribut_varian, sku, nilai) VALUES (68, 'STORAGE_INTERNAL', 'SKU000131', '256GB');
INSERT IGNORE INTO ProdukVarianAtribut (id_produk, atribut_varian, sku, nilai) VALUES (68, 'UKURAN', 'SKU000131', '38');
INSERT IGNORE INTO VarianProduk (sku, id_produk, harga, stok) VALUES ('SKU000132', 68, 1620901.25, 35);
INSERT IGNORE INTO ProdukVarianAtribut (id_produk, atribut_varian, sku, nilai) VALUES (68, 'RAM', 'SKU000132', '32GB');
INSERT IGNORE INTO ProdukVarianAtribut (id_produk, atribut_varian, sku, nilai) VALUES (68, 'STORAGE_INTERNAL', 'SKU000132', '128GB');
INSERT IGNORE INTO ProdukVarianAtribut (id_produk, atribut_varian, sku, nilai) VALUES (68, 'UKURAN', 'SKU000132', '40');
INSERT IGNORE INTO Produk (id_produk, id_penjual, nama, deskripsi) VALUES (69, 2, 'Syndicate Interactive Interfaces Modern', 'Facilis minima odio officiis. Repellat voluptatem voluptatibus dicta provident pariatur deserunt. Perspiciatis doloremque dolores sequi officiis odit.');
INSERT IGNORE INTO VarianProduk (sku, id_produk, harga, stok) VALUES ('SKU000133', 69, 40559.92, 79);
INSERT IGNORE INTO ProdukVarianAtribut (id_produk, atribut_varian, sku, nilai) VALUES (69, 'STORAGE_INTERNAL', 'SKU000133', '1TB');
INSERT IGNORE INTO ProdukVarianAtribut (id_produk, atribut_varian, sku, nilai) VALUES (69, 'WARNA', 'SKU000133', 'Putih');
INSERT IGNORE INTO VarianProduk (sku, id_produk, harga, stok) VALUES ('SKU000134', 69, 1917778.9, 77);
INSERT IGNORE INTO ProdukVarianAtribut (id_produk, atribut_varian, sku, nilai) VALUES (69, 'JENIS_KAIN', 'SKU000134', 'Flanel');
INSERT IGNORE INTO ProdukVarianAtribut (id_produk, atribut_varian, sku, nilai) VALUES (69, 'WARNA', 'SKU000134', 'Hijau');
INSERT IGNORE INTO ProdukVarianAtribut (id_produk, atribut_varian, sku, nilai) VALUES (69, 'RAM', 'SKU000134', '12GB');
INSERT IGNORE INTO VarianProduk (sku, id_produk, harga, stok) VALUES ('SKU000135', 69, 1611646.89, 116);
INSERT IGNORE INTO ProdukVarianAtribut (id_produk, atribut_varian, sku, nilai) VALUES (69, 'MATERIAL', 'SKU000135', 'Stainless Steel 304');
INSERT IGNORE INTO ProdukVarianAtribut (id_produk, atribut_varian, sku, nilai) VALUES (69, 'STORAGE_INTERNAL', 'SKU000135', '256GB');
INSERT IGNORE INTO Produk (id_produk, id_penjual, nama, deskripsi) VALUES (70, 26, 'Incubate Plug-And-Play Niches Serbaguna', 'Soluta temporibus sint voluptas. Laboriosam eos voluptate amet ea reprehenderit.');
INSERT IGNORE INTO VarianProduk (sku, id_produk, harga, stok) VALUES ('SKU000136', 70, 2135588.92, 134);
INSERT IGNORE INTO ProdukVarianAtribut (id_produk, atribut_varian, sku, nilai) VALUES (70, 'RAM', 'SKU000136', '4GB');
INSERT IGNORE INTO ProdukVarianAtribut (id_produk, atribut_varian, sku, nilai) VALUES (70, 'MATERIAL', 'SKU000136', 'Polyester Blend');
INSERT IGNORE INTO Produk (id_produk, id_penjual, nama, deskripsi) VALUES (71, 41, 'Engineer Collaborative Infrastructures Premium', 'Molestiae suscipit ipsum consequuntur quaerat ratione.');
INSERT IGNORE INTO VarianProduk (sku, id_produk, harga, stok) VALUES ('SKU000137', 71, 2146489.61, 33);
INSERT IGNORE INTO ProdukVarianAtribut (id_produk, atribut_varian, sku, nilai) VALUES (71, 'JENIS_KAIN', 'SKU000137', 'Flanel');
INSERT IGNORE INTO ProdukVarianAtribut (id_produk, atribut_varian, sku, nilai) VALUES (71, 'WARNA', 'SKU000137', 'Putih');
INSERT IGNORE INTO ProdukVarianAtribut (id_produk, atribut_varian, sku, nilai) VALUES (71, 'STORAGE_INTERNAL', 'SKU000137', '512GB');
INSERT IGNORE INTO VarianProduk (sku, id_produk, harga, stok) VALUES ('SKU000138', 71, 2799498.26, 82);
INSERT IGNORE INTO ProdukVarianAtribut (id_produk, atribut_varian, sku, nilai) VALUES (71, 'UKURAN', 'SKU000138', '41');
INSERT IGNORE INTO VarianProduk (sku, id_produk, harga, stok) VALUES ('SKU000139', 71, 2276954.24, 40);
INSERT IGNORE INTO ProdukVarianAtribut (id_produk, atribut_varian, sku, nilai) VALUES (71, 'UKURAN', 'SKU000139', 'XXL');
INSERT IGNORE INTO ProdukVarianAtribut (id_produk, atribut_varian, sku, nilai) VALUES (71, 'RAM', 'SKU000139', '12GB');
INSERT IGNORE INTO Produk (id_produk, id_penjual, nama, deskripsi) VALUES (72, 38, 'Grow Ubiquitous Niches Serbaguna', 'Repellendus explicabo distinctio accusantium placeat voluptatibus iste.');
INSERT IGNORE INTO VarianProduk (sku, id_produk, harga, stok) VALUES ('SKU000140', 72, 457876.44, 9);
INSERT IGNORE INTO ProdukVarianAtribut (id_produk, atribut_varian, sku, nilai) VALUES (72, 'RESOLUSI_LAYAR', 'SKU000140', 'HD');
INSERT IGNORE INTO ProdukVarianAtribut (id_produk, atribut_varian, sku, nilai) VALUES (72, 'STORAGE_INTERNAL', 'SKU000140', '1TB');
INSERT IGNORE INTO ProdukVarianAtribut (id_produk, atribut_varian, sku, nilai) VALUES (72, 'UKURAN', 'SKU000140', '42');
INSERT IGNORE INTO Produk (id_produk, id_penjual, nama, deskripsi) VALUES (73, 22, 'Target Innovative Functionalities Serbaguna', 'Rerum laboriosam ratione animi. Esse placeat neque in ab voluptatem eos. Nostrum quaerat ipsa dolores.');
INSERT IGNORE INTO VarianProduk (sku, id_produk, harga, stok) VALUES ('SKU000141', 73, 84129.11, 117);
INSERT IGNORE INTO ProdukVarianAtribut (id_produk, atribut_varian, sku, nilai) VALUES (73, 'RESOLUSI_LAYAR', 'SKU000141', 'QHD');
INSERT IGNORE INTO VarianProduk (sku, id_produk, harga, stok) VALUES ('SKU000142', 73, 2342715.61, 82);
INSERT IGNORE INTO ProdukVarianAtribut (id_produk, atribut_varian, sku, nilai) VALUES (73, 'JENIS_KAIN', 'SKU000142', 'Rayon');
INSERT IGNORE INTO ProdukVarianAtribut (id_produk, atribut_varian, sku, nilai) VALUES (73, 'STORAGE_INTERNAL', 'SKU000142', '256GB');
INSERT IGNORE INTO VarianProduk (sku, id_produk, harga, stok) VALUES ('SKU000143', 73, 588529.46, 29);
INSERT IGNORE INTO ProdukVarianAtribut (id_produk, atribut_varian, sku, nilai) VALUES (73, 'UKURAN', 'SKU000143', 'L');
INSERT IGNORE INTO Produk (id_produk, id_penjual, nama, deskripsi) VALUES (74, 29, 'Facilitate Wireless Technologies Modern', 'Vel tempora occaecati velit harum. Numquam hic id sed labore officia occaecati vel. Quo cupiditate architecto vitae vero.');
INSERT IGNORE INTO VarianProduk (sku, id_produk, harga, stok) VALUES ('SKU000144', 74, 1751983.43, 74);
INSERT IGNORE INTO ProdukVarianAtribut (id_produk, atribut_varian, sku, nilai) VALUES (74, 'RAM', 'SKU000144', '12GB');
INSERT IGNORE INTO VarianProduk (sku, id_produk, harga, stok) VALUES ('SKU000145', 74, 1018153.47, 121);
INSERT IGNORE INTO ProdukVarianAtribut (id_produk, atribut_varian, sku, nilai) VALUES (74, 'RESOLUSI_LAYAR', 'SKU000145', 'FHD');
INSERT IGNORE INTO ProdukVarianAtribut (id_produk, atribut_varian, sku, nilai) VALUES (74, 'STORAGE_INTERNAL', 'SKU000145', '128GB');
INSERT IGNORE INTO ProdukVarianAtribut (id_produk, atribut_varian, sku, nilai) VALUES (74, 'MATERIAL', 'SKU000145', 'Stainless Steel 304');
INSERT IGNORE INTO VarianProduk (sku, id_produk, harga, stok) VALUES ('SKU000146', 74, 2227076.73, 20);
INSERT IGNORE INTO ProdukVarianAtribut (id_produk, atribut_varian, sku, nilai) VALUES (74, 'RAM', 'SKU000146', '32GB');
INSERT IGNORE INTO ProdukVarianAtribut (id_produk, atribut_varian, sku, nilai) VALUES (74, 'WARNA', 'SKU000146', 'Hijau muda');
INSERT IGNORE INTO Produk (id_produk, id_penjual, nama, deskripsi) VALUES (75, 14, 'Extend B2B Portals Serbaguna', 'Fuga corrupti praesentium fugiat porro consequuntur. Eligendi delectus possimus recusandae magni error explicabo. Omnis veniam ullam quo dignissimos.');
INSERT IGNORE INTO VarianProduk (sku, id_produk, harga, stok) VALUES ('SKU000147', 75, 1944697.04, 118);
INSERT IGNORE INTO ProdukVarianAtribut (id_produk, atribut_varian, sku, nilai) VALUES (75, 'RESOLUSI_LAYAR', 'SKU000147', 'QHD');
INSERT IGNORE INTO ProdukVarianAtribut (id_produk, atribut_varian, sku, nilai) VALUES (75, 'MATERIAL', 'SKU000147', 'Polyester Blend');
INSERT IGNORE INTO ProdukVarianAtribut (id_produk, atribut_varian, sku, nilai) VALUES (75, 'WARNA', 'SKU000147', 'Emas');
INSERT IGNORE INTO VarianProduk (sku, id_produk, harga, stok) VALUES ('SKU000148', 75, 1070850.72, 39);
INSERT IGNORE INTO ProdukVarianAtribut (id_produk, atribut_varian, sku, nilai) VALUES (75, 'RESOLUSI_LAYAR', 'SKU000148', 'HD');
INSERT IGNORE INTO ProdukVarianAtribut (id_produk, atribut_varian, sku, nilai) VALUES (75, 'WARNA', 'SKU000148', 'Merah bata');
INSERT IGNORE INTO Produk (id_produk, id_penjual, nama, deskripsi) VALUES (76, 24, 'Streamline Collaborative Roi Edisi Terbatas', 'Dolores exercitationem nisi quisquam delectus iusto ullam. Quae ex impedit repudiandae harum optio.');
INSERT IGNORE INTO VarianProduk (sku, id_produk, harga, stok) VALUES ('SKU000149', 76, 2169917.32, 7);
INSERT IGNORE INTO ProdukVarianAtribut (id_produk, atribut_varian, sku, nilai) VALUES (76, 'WARNA', 'SKU000149', 'Biru dongker');
INSERT IGNORE INTO VarianProduk (sku, id_produk, harga, stok) VALUES ('SKU000150', 76, 2675797.71, 42);
INSERT IGNORE INTO ProdukVarianAtribut (id_produk, atribut_varian, sku, nilai) VALUES (76, 'WARNA', 'SKU000150', 'Ungu tua');
INSERT IGNORE INTO Produk (id_produk, id_penjual, nama, deskripsi) VALUES (77, 47, 'Leverage B2C Systems Modern', 'Provident dolorem doloribus eos qui.');
INSERT IGNORE INTO VarianProduk (sku, id_produk, harga, stok) VALUES ('SKU000151', 77, 1336347.26, 86);
INSERT IGNORE INTO ProdukVarianAtribut (id_produk, atribut_varian, sku, nilai) VALUES (77, 'UKURAN', 'SKU000151', 'L');
INSERT IGNORE INTO Produk (id_produk, id_penjual, nama, deskripsi) VALUES (78, 34, 'Target Transparent Communities Premium', 'Assumenda doloribus consequuntur assumenda dignissimos reiciendis esse.');
INSERT IGNORE INTO VarianProduk (sku, id_produk, harga, stok) VALUES ('SKU000152', 78, 178767.8, 4);
INSERT IGNORE INTO ProdukVarianAtribut (id_produk, atribut_varian, sku, nilai) VALUES (78, 'RESOLUSI_LAYAR', 'SKU000152', 'HD');
INSERT IGNORE INTO ProdukVarianAtribut (id_produk, atribut_varian, sku, nilai) VALUES (78, 'RAM', 'SKU000152', '32GB');
INSERT IGNORE INTO VarianProduk (sku, id_produk, harga, stok) VALUES ('SKU000153', 78, 108492.38, 144);
INSERT IGNORE INTO ProdukVarianAtribut (id_produk, atribut_varian, sku, nilai) VALUES (78, 'RESOLUSI_LAYAR', 'SKU000153', 'QHD');
INSERT IGNORE INTO VarianProduk (sku, id_produk, harga, stok) VALUES ('SKU000154', 78, 2102982.87, 111);
INSERT IGNORE INTO ProdukVarianAtribut (id_produk, atribut_varian, sku, nilai) VALUES (78, 'RAM', 'SKU000154', '32GB');
INSERT IGNORE INTO ProdukVarianAtribut (id_produk, atribut_varian, sku, nilai) VALUES (78, 'RESOLUSI_LAYAR', 'SKU000154', '4K');
INSERT IGNORE INTO ProdukVarianAtribut (id_produk, atribut_varian, sku, nilai) VALUES (78, 'WARNA', 'SKU000154', 'Nila');
INSERT IGNORE INTO Produk (id_produk, id_penjual, nama, deskripsi) VALUES (79, 22, 'Deploy E-Business E-Tailers Premium', 'Consequatur sed facere odit ab ad alias voluptate. Deleniti modi et alias impedit quidem eos. Fugiat tempore veniam.');
INSERT IGNORE INTO VarianProduk (sku, id_produk, harga, stok) VALUES ('SKU000155', 79, 1387967.35, 1);
INSERT IGNORE INTO ProdukVarianAtribut (id_produk, atribut_varian, sku, nilai) VALUES (79, 'RESOLUSI_LAYAR', 'SKU000155', 'QHD');
INSERT IGNORE INTO ProdukVarianAtribut (id_produk, atribut_varian, sku, nilai) VALUES (79, 'MATERIAL', 'SKU000155', 'Plastik ABS Food Grade');
INSERT IGNORE INTO Produk (id_produk, id_penjual, nama, deskripsi) VALUES (80, 41, 'Drive B2C Metrics Serbaguna', 'Asperiores quam exercitationem. Totam aut voluptate perspiciatis rerum praesentium. Nulla labore nobis sunt occaecati quasi. Quaerat omnis placeat iure voluptas tenetur sunt.');
INSERT IGNORE INTO VarianProduk (sku, id_produk, harga, stok) VALUES ('SKU000156', 80, 1425862.55, 63);
INSERT IGNORE INTO ProdukVarianAtribut (id_produk, atribut_varian, sku, nilai) VALUES (80, 'RAM', 'SKU000156', '4GB');
INSERT IGNORE INTO VarianProduk (sku, id_produk, harga, stok) VALUES ('SKU000157', 80, 858069.49, 113);
INSERT IGNORE INTO ProdukVarianAtribut (id_produk, atribut_varian, sku, nilai) VALUES (80, 'JENIS_KAIN', 'SKU000157', 'Rayon');
INSERT IGNORE INTO ProdukVarianAtribut (id_produk, atribut_varian, sku, nilai) VALUES (80, 'RESOLUSI_LAYAR', 'SKU000157', 'HD');
INSERT IGNORE INTO VarianProduk (sku, id_produk, harga, stok) VALUES ('SKU000158', 80, 1133403.69, 128);
INSERT IGNORE INTO ProdukVarianAtribut (id_produk, atribut_varian, sku, nilai) VALUES (80, 'STORAGE_INTERNAL', 'SKU000158', '64GB');
INSERT IGNORE INTO ProdukVarianAtribut (id_produk, atribut_varian, sku, nilai) VALUES (80, 'MATERIAL', 'SKU000158', 'Plastik ABS Food Grade');
INSERT IGNORE INTO Produk (id_produk, id_penjual, nama, deskripsi) VALUES (81, 43, 'Incentivize Global Portals Premium', 'Dolorum a neque ullam eum placeat. Similique perferendis nobis commodi delectus soluta. Veritatis temporibus atque doloribus. Pariatur magni facilis veritatis sint. Facilis nam dicta similique ea repellat placeat sunt.');
INSERT IGNORE INTO VarianProduk (sku, id_produk, harga, stok) VALUES ('SKU000159', 81, 2033481.16, 101);
INSERT IGNORE INTO ProdukVarianAtribut (id_produk, atribut_varian, sku, nilai) VALUES (81, 'STORAGE_INTERNAL', 'SKU000159', '1TB');
INSERT IGNORE INTO VarianProduk (sku, id_produk, harga, stok) VALUES ('SKU000160', 81, 1568923.22, 12);
INSERT IGNORE INTO ProdukVarianAtribut (id_produk, atribut_varian, sku, nilai) VALUES (81, 'STORAGE_INTERNAL', 'SKU000160', '256GB');
INSERT IGNORE INTO VarianProduk (sku, id_produk, harga, stok) VALUES ('SKU000161', 81, 775677.01, 117);
INSERT IGNORE INTO ProdukVarianAtribut (id_produk, atribut_varian, sku, nilai) VALUES (81, 'UKURAN', 'SKU000161', '38');
INSERT IGNORE INTO Produk (id_produk, id_penjual, nama, deskripsi) VALUES (82, 34, 'Morph B2B Models Modern', 'Non dolores animi cupiditate tempora. Perferendis sapiente distinctio maiores quod quibusdam quibusdam. Facilis adipisci corrupti. Saepe officia pariatur.');
INSERT IGNORE INTO VarianProduk (sku, id_produk, harga, stok) VALUES ('SKU000162', 82, 600971.82, 140);
INSERT IGNORE INTO ProdukVarianAtribut (id_produk, atribut_varian, sku, nilai) VALUES (82, 'RAM', 'SKU000162', '4GB');
INSERT IGNORE INTO Produk (id_produk, id_penjual, nama, deskripsi) VALUES (83, 10, 'Transition Best-Of-Breed Architectures Modern', 'Aliquam temporibus perspiciatis corporis autem praesentium. Nisi vero doloremque voluptatum animi nulla accusantium. At ipsum ipsa molestias temporibus. Enim adipisci enim. Quasi accusantium aut consequuntur enim.');
INSERT IGNORE INTO VarianProduk (sku, id_produk, harga, stok) VALUES ('SKU000163', 83, 1417518.06, 114);
INSERT IGNORE INTO ProdukVarianAtribut (id_produk, atribut_varian, sku, nilai) VALUES (83, 'WARNA', 'SKU000163', 'Magenta');
INSERT IGNORE INTO ProdukVarianAtribut (id_produk, atribut_varian, sku, nilai) VALUES (83, 'RESOLUSI_LAYAR', 'SKU000163', 'HD');
INSERT IGNORE INTO ProdukVarianAtribut (id_produk, atribut_varian, sku, nilai) VALUES (83, 'UKURAN', 'SKU000163', '40');
INSERT IGNORE INTO VarianProduk (sku, id_produk, harga, stok) VALUES ('SKU000164', 83, 439676.2, 74);
INSERT IGNORE INTO ProdukVarianAtribut (id_produk, atribut_varian, sku, nilai) VALUES (83, 'UKURAN', 'SKU000164', '42');
INSERT IGNORE INTO ProdukVarianAtribut (id_produk, atribut_varian, sku, nilai) VALUES (83, 'RESOLUSI_LAYAR', 'SKU000164', 'FHD');
INSERT IGNORE INTO ProdukVarianAtribut (id_produk, atribut_varian, sku, nilai) VALUES (83, 'RAM', 'SKU000164', '32GB');
INSERT IGNORE INTO VarianProduk (sku, id_produk, harga, stok) VALUES ('SKU000165', 83, 2072718.23, 127);
INSERT IGNORE INTO ProdukVarianAtribut (id_produk, atribut_varian, sku, nilai) VALUES (83, 'RAM', 'SKU000165', '12GB');
INSERT IGNORE INTO ProdukVarianAtribut (id_produk, atribut_varian, sku, nilai) VALUES (83, 'WARNA', 'SKU000165', 'Abu-abu');
INSERT IGNORE INTO Produk (id_produk, id_penjual, nama, deskripsi) VALUES (84, 1, 'Engage Compelling Roi Edisi Terbatas', 'Praesentium numquam soluta reiciendis.');
INSERT IGNORE INTO VarianProduk (sku, id_produk, harga, stok) VALUES ('SKU000166', 84, 1956412.81, 90);
INSERT IGNORE INTO ProdukVarianAtribut (id_produk, atribut_varian, sku, nilai) VALUES (84, 'MATERIAL', 'SKU000166', 'Kanvas Tebal');
INSERT IGNORE INTO VarianProduk (sku, id_produk, harga, stok) VALUES ('SKU000167', 84, 316571.02, 83);
INSERT IGNORE INTO ProdukVarianAtribut (id_produk, atribut_varian, sku, nilai) VALUES (84, 'RESOLUSI_LAYAR', 'SKU000167', '4K');
INSERT IGNORE INTO ProdukVarianAtribut (id_produk, atribut_varian, sku, nilai) VALUES (84, 'WARNA', 'SKU000167', 'Jingga');
INSERT IGNORE INTO ProdukVarianAtribut (id_produk, atribut_varian, sku, nilai) VALUES (84, 'STORAGE_INTERNAL', 'SKU000167', '128GB');
INSERT IGNORE INTO VarianProduk (sku, id_produk, harga, stok) VALUES ('SKU000168', 84, 482138.96, 135);
INSERT IGNORE INTO ProdukVarianAtribut (id_produk, atribut_varian, sku, nilai) VALUES (84, 'WARNA', 'SKU000168', 'Koral');
INSERT IGNORE INTO ProdukVarianAtribut (id_produk, atribut_varian, sku, nilai) VALUES (84, 'JENIS_KAIN', 'SKU000168', 'Denim');
INSERT IGNORE INTO ProdukVarianAtribut (id_produk, atribut_varian, sku, nilai) VALUES (84, 'RAM', 'SKU000168', '4GB');
INSERT IGNORE INTO Produk (id_produk, id_penjual, nama, deskripsi) VALUES (85, 46, 'Envisioneer Web-Enabled Supply-Chains Serbaguna', 'Reprehenderit odit eligendi ipsa unde tempore. Dolorum impedit nesciunt quod repellendus vitae facere.');
INSERT IGNORE INTO VarianProduk (sku, id_produk, harga, stok) VALUES ('SKU000169', 85, 329457.3, 43);
INSERT IGNORE INTO ProdukVarianAtribut (id_produk, atribut_varian, sku, nilai) VALUES (85, 'UKURAN', 'SKU000169', '40');
INSERT IGNORE INTO ProdukVarianAtribut (id_produk, atribut_varian, sku, nilai) VALUES (85, 'RAM', 'SKU000169', '4GB');
INSERT IGNORE INTO Produk (id_produk, id_penjual, nama, deskripsi) VALUES (86, 15, 'Incubate Viral Mindshare Edisi Terbatas', 'Magnam officia corporis ipsum architecto veniam quasi expedita.');
INSERT IGNORE INTO VarianProduk (sku, id_produk, harga, stok) VALUES ('SKU000170', 86, 570702.48, 83);
INSERT IGNORE INTO ProdukVarianAtribut (id_produk, atribut_varian, sku, nilai) VALUES (86, 'UKURAN', 'SKU000170', '41');
INSERT IGNORE INTO ProdukVarianAtribut (id_produk, atribut_varian, sku, nilai) VALUES (86, 'MATERIAL', 'SKU000170', 'Polyester Blend');
INSERT IGNORE INTO VarianProduk (sku, id_produk, harga, stok) VALUES ('SKU000171', 86, 2994929.92, 67);
INSERT IGNORE INTO ProdukVarianAtribut (id_produk, atribut_varian, sku, nilai) VALUES (86, 'RESOLUSI_LAYAR', 'SKU000171', 'QHD');
INSERT IGNORE INTO ProdukVarianAtribut (id_produk, atribut_varian, sku, nilai) VALUES (86, 'JENIS_KAIN', 'SKU000171', 'Rayon');
INSERT IGNORE INTO ProdukVarianAtribut (id_produk, atribut_varian, sku, nilai) VALUES (86, 'RAM', 'SKU000171', '12GB');
INSERT IGNORE INTO Produk (id_produk, id_penjual, nama, deskripsi) VALUES (87, 42, 'Enable 24/365 Info-Mediaries Serbaguna', 'Pariatur vitae asperiores facilis. Consectetur ipsa temporibus. Quasi commodi quod reprehenderit distinctio neque.');
INSERT IGNORE INTO VarianProduk (sku, id_produk, harga, stok) VALUES ('SKU000172', 87, 1000501.23, 29);
INSERT IGNORE INTO ProdukVarianAtribut (id_produk, atribut_varian, sku, nilai) VALUES (87, 'WARNA', 'SKU000172', 'Hijau muda');
INSERT IGNORE INTO ProdukVarianAtribut (id_produk, atribut_varian, sku, nilai) VALUES (87, 'MATERIAL', 'SKU000172', 'Katun Combed 30s');
INSERT IGNORE INTO VarianProduk (sku, id_produk, harga, stok) VALUES ('SKU000173', 87, 2613552.88, 41);
INSERT IGNORE INTO ProdukVarianAtribut (id_produk, atribut_varian, sku, nilai) VALUES (87, 'STORAGE_INTERNAL', 'SKU000173', '128GB');
INSERT IGNORE INTO VarianProduk (sku, id_produk, harga, stok) VALUES ('SKU000174', 87, 1193498.66, 23);
INSERT IGNORE INTO ProdukVarianAtribut (id_produk, atribut_varian, sku, nilai) VALUES (87, 'WARNA', 'SKU000174', 'Hitam');
INSERT IGNORE INTO ProdukVarianAtribut (id_produk, atribut_varian, sku, nilai) VALUES (87, 'RESOLUSI_LAYAR', 'SKU000174', 'HD');
INSERT IGNORE INTO ProdukVarianAtribut (id_produk, atribut_varian, sku, nilai) VALUES (87, 'MATERIAL', 'SKU000174', 'Kulit Sintetis PU');
INSERT IGNORE INTO Produk (id_produk, id_penjual, nama, deskripsi) VALUES (88, 36, 'Iterate 24/365 Supply-Chains Serbaguna', 'Eum fuga illo quia possimus nam veritatis magni.');
INSERT IGNORE INTO VarianProduk (sku, id_produk, harga, stok) VALUES ('SKU000175', 88, 2956052.12, 22);
INSERT IGNORE INTO ProdukVarianAtribut (id_produk, atribut_varian, sku, nilai) VALUES (88, 'WARNA', 'SKU000175', 'Merah');
INSERT IGNORE INTO ProdukVarianAtribut (id_produk, atribut_varian, sku, nilai) VALUES (88, 'JENIS_KAIN', 'SKU000175', 'Satin');
INSERT IGNORE INTO ProdukVarianAtribut (id_produk, atribut_varian, sku, nilai) VALUES (88, 'MATERIAL', 'SKU000175', 'Plastik ABS Food Grade');
INSERT IGNORE INTO VarianProduk (sku, id_produk, harga, stok) VALUES ('SKU000176', 88, 1408575.67, 1);
INSERT IGNORE INTO ProdukVarianAtribut (id_produk, atribut_varian, sku, nilai) VALUES (88, 'MATERIAL', 'SKU000176', 'Kulit Sintetis PU');
INSERT IGNORE INTO Produk (id_produk, id_penjual, nama, deskripsi) VALUES (89, 47, 'Synthesize Intuitive Markets Edisi Terbatas', 'Numquam aspernatur possimus. Ut rem mollitia earum dolore unde optio. Veniam voluptas nemo sapiente libero.');
INSERT IGNORE INTO VarianProduk (sku, id_produk, harga, stok) VALUES ('SKU000177', 89, 276932.49, 19);
INSERT IGNORE INTO ProdukVarianAtribut (id_produk, atribut_varian, sku, nilai) VALUES (89, 'UKURAN', 'SKU000177', '40');
INSERT IGNORE INTO ProdukVarianAtribut (id_produk, atribut_varian, sku, nilai) VALUES (89, 'WARNA', 'SKU000177', 'Abu-abu');
INSERT IGNORE INTO VarianProduk (sku, id_produk, harga, stok) VALUES ('SKU000178', 89, 1140954.65, 14);
INSERT IGNORE INTO ProdukVarianAtribut (id_produk, atribut_varian, sku, nilai) VALUES (89, 'STORAGE_INTERNAL', 'SKU000178', '128GB');
INSERT IGNORE INTO ProdukVarianAtribut (id_produk, atribut_varian, sku, nilai) VALUES (89, 'UKURAN', 'SKU000178', '42');
INSERT IGNORE INTO VarianProduk (sku, id_produk, harga, stok) VALUES ('SKU000179', 89, 2719094.01, 38);
INSERT IGNORE INTO ProdukVarianAtribut (id_produk, atribut_varian, sku, nilai) VALUES (89, 'UKURAN', 'SKU000179', 'M');
INSERT IGNORE INTO Produk (id_produk, id_penjual, nama, deskripsi) VALUES (90, 28, 'Strategize E-Business Solutions Premium', 'Animi aspernatur natus exercitationem voluptatum necessitatibus quidem. Quaerat animi a voluptatibus nihil illum odit. Magni rerum molestiae praesentium aliquid eos animi. Possimus quam nihil.');
INSERT IGNORE INTO VarianProduk (sku, id_produk, harga, stok) VALUES ('SKU000180', 90, 2240397.02, 12);
INSERT IGNORE INTO ProdukVarianAtribut (id_produk, atribut_varian, sku, nilai) VALUES (90, 'JENIS_KAIN', 'SKU000180', 'Flanel');
INSERT IGNORE INTO ProdukVarianAtribut (id_produk, atribut_varian, sku, nilai) VALUES (90, 'WARNA', 'SKU000180', 'Biru laut');
INSERT IGNORE INTO Produk (id_produk, id_penjual, nama, deskripsi) VALUES (91, 47, 'Strategize Strategic Schemas Edisi Terbatas', 'Nobis modi fugiat voluptate. Soluta illum harum repellendus maiores.');
INSERT IGNORE INTO VarianProduk (sku, id_produk, harga, stok) VALUES ('SKU000181', 91, 1176993.86, 88);
INSERT IGNORE INTO ProdukVarianAtribut (id_produk, atribut_varian, sku, nilai) VALUES (91, 'UKURAN', 'SKU000181', 'L');
INSERT IGNORE INTO ProdukVarianAtribut (id_produk, atribut_varian, sku, nilai) VALUES (91, 'JENIS_KAIN', 'SKU000181', 'Satin');
INSERT IGNORE INTO ProdukVarianAtribut (id_produk, atribut_varian, sku, nilai) VALUES (91, 'RAM', 'SKU000181', '32GB');
INSERT IGNORE INTO VarianProduk (sku, id_produk, harga, stok) VALUES ('SKU000182', 91, 1928981.55, 53);
INSERT IGNORE INTO ProdukVarianAtribut (id_produk, atribut_varian, sku, nilai) VALUES (91, 'JENIS_KAIN', 'SKU000182', 'Rayon');
INSERT IGNORE INTO ProdukVarianAtribut (id_produk, atribut_varian, sku, nilai) VALUES (91, 'RAM', 'SKU000182', '16GB');
INSERT IGNORE INTO ProdukVarianAtribut (id_produk, atribut_varian, sku, nilai) VALUES (91, 'UKURAN', 'SKU000182', '39');
INSERT IGNORE INTO Produk (id_produk, id_penjual, nama, deskripsi) VALUES (92, 4, 'Orchestrate User-Centric Action-Items Edisi Terbatas', 'Quasi sequi repellat quos. Illum quod aut.');
INSERT IGNORE INTO VarianProduk (sku, id_produk, harga, stok) VALUES ('SKU000183', 92, 1594503.95, 75);
INSERT IGNORE INTO ProdukVarianAtribut (id_produk, atribut_varian, sku, nilai) VALUES (92, 'JENIS_KAIN', 'SKU000183', 'Rayon');
INSERT IGNORE INTO VarianProduk (sku, id_produk, harga, stok) VALUES ('SKU000184', 92, 457875.37, 95);
INSERT IGNORE INTO ProdukVarianAtribut (id_produk, atribut_varian, sku, nilai) VALUES (92, 'WARNA', 'SKU000184', 'Perak');
INSERT IGNORE INTO VarianProduk (sku, id_produk, harga, stok) VALUES ('SKU000185', 92, 126295.32, 12);
INSERT IGNORE INTO ProdukVarianAtribut (id_produk, atribut_varian, sku, nilai) VALUES (92, 'STORAGE_INTERNAL', 'SKU000185', '1TB');
INSERT IGNORE INTO ProdukVarianAtribut (id_produk, atribut_varian, sku, nilai) VALUES (92, 'JENIS_KAIN', 'SKU000185', 'Flanel');
INSERT IGNORE INTO Produk (id_produk, id_penjual, nama, deskripsi) VALUES (93, 13, 'Grow Best-Of-Breed Partnerships Edisi Terbatas', 'Minima iste alias ea vel consectetur debitis. Inventore similique laboriosam tempora temporibus voluptate molestias. Ex minus maxime quod minima molestias vero.');
INSERT IGNORE INTO VarianProduk (sku, id_produk, harga, stok) VALUES ('SKU000186', 93, 2107861.05, 91);
INSERT IGNORE INTO ProdukVarianAtribut (id_produk, atribut_varian, sku, nilai) VALUES (93, 'WARNA', 'SKU000186', 'Kuning');
INSERT IGNORE INTO ProdukVarianAtribut (id_produk, atribut_varian, sku, nilai) VALUES (93, 'RESOLUSI_LAYAR', 'SKU000186', 'FHD');
INSERT IGNORE INTO Produk (id_produk, id_penjual, nama, deskripsi) VALUES (94, 45, 'Harness Efficient Action-Items Serbaguna', 'Consequuntur ad earum doloremque quam. Facere consequuntur quos deserunt occaecati quas.');
INSERT IGNORE INTO VarianProduk (sku, id_produk, harga, stok) VALUES ('SKU000187', 94, 63972.58, 44);
INSERT IGNORE INTO ProdukVarianAtribut (id_produk, atribut_varian, sku, nilai) VALUES (94, 'MATERIAL', 'SKU000187', 'Katun Combed 30s');
INSERT IGNORE INTO ProdukVarianAtribut (id_produk, atribut_varian, sku, nilai) VALUES (94, 'RAM', 'SKU000187', '16GB');
INSERT IGNORE INTO ProdukVarianAtribut (id_produk, atribut_varian, sku, nilai) VALUES (94, 'UKURAN', 'SKU000187', 'All Size');
INSERT IGNORE INTO VarianProduk (sku, id_produk, harga, stok) VALUES ('SKU000188', 94, 1796746.78, 133);
INSERT IGNORE INTO ProdukVarianAtribut (id_produk, atribut_varian, sku, nilai) VALUES (94, 'WARNA', 'SKU000188', 'Biru muda');
INSERT IGNORE INTO ProdukVarianAtribut (id_produk, atribut_varian, sku, nilai) VALUES (94, 'JENIS_KAIN', 'SKU000188', 'Rayon');
INSERT IGNORE INTO Produk (id_produk, id_penjual, nama, deskripsi) VALUES (95, 49, 'Transition Mission-Critical Web-Readiness Serbaguna', 'Maiores ratione deserunt eius pariatur. Rerum mollitia unde occaecati facere placeat veniam.');
INSERT IGNORE INTO VarianProduk (sku, id_produk, harga, stok) VALUES ('SKU000189', 95, 1382492.86, 79);
INSERT IGNORE INTO ProdukVarianAtribut (id_produk, atribut_varian, sku, nilai) VALUES (95, 'UKURAN', 'SKU000189', '40');
INSERT IGNORE INTO Produk (id_produk, id_penjual, nama, deskripsi) VALUES (96, 22, 'Transform Next-Generation E-Services Edisi Terbatas', 'Necessitatibus ducimus ut totam minus placeat atque. Atque excepturi veritatis tempora excepturi dignissimos quibusdam. Nemo molestias eligendi nostrum quis at cupiditate.');
INSERT IGNORE INTO VarianProduk (sku, id_produk, harga, stok) VALUES ('SKU000190', 96, 526067.7, 98);
INSERT IGNORE INTO ProdukVarianAtribut (id_produk, atribut_varian, sku, nilai) VALUES (96, 'WARNA', 'SKU000190', 'Merah marun');
INSERT IGNORE INTO ProdukVarianAtribut (id_produk, atribut_varian, sku, nilai) VALUES (96, 'RESOLUSI_LAYAR', 'SKU000190', 'FHD');
INSERT IGNORE INTO VarianProduk (sku, id_produk, harga, stok) VALUES ('SKU000191', 96, 1310367.6, 134);
INSERT IGNORE INTO ProdukVarianAtribut (id_produk, atribut_varian, sku, nilai) VALUES (96, 'UKURAN', 'SKU000191', 'XL');
INSERT IGNORE INTO ProdukVarianAtribut (id_produk, atribut_varian, sku, nilai) VALUES (96, 'RESOLUSI_LAYAR', 'SKU000191', 'HD');
INSERT IGNORE INTO VarianProduk (sku, id_produk, harga, stok) VALUES ('SKU000192', 96, 2395737.32, 45);
INSERT IGNORE INTO ProdukVarianAtribut (id_produk, atribut_varian, sku, nilai) VALUES (96, 'WARNA', 'SKU000192', 'Abu-abu');
INSERT IGNORE INTO ProdukVarianAtribut (id_produk, atribut_varian, sku, nilai) VALUES (96, 'RAM', 'SKU000192', '16GB');
INSERT IGNORE INTO Produk (id_produk, id_penjual, nama, deskripsi) VALUES (97, 8, 'Morph Frictionless Users Premium', 'Aperiam quae ut voluptatum illo.');
INSERT IGNORE INTO VarianProduk (sku, id_produk, harga, stok) VALUES ('SKU000193', 97, 2639627.64, 17);
INSERT IGNORE INTO ProdukVarianAtribut (id_produk, atribut_varian, sku, nilai) VALUES (97, 'STORAGE_INTERNAL', 'SKU000193', '128GB');
INSERT IGNORE INTO ProdukVarianAtribut (id_produk, atribut_varian, sku, nilai) VALUES (97, 'UKURAN', 'SKU000193', 'XXL');
INSERT IGNORE INTO VarianProduk (sku, id_produk, harga, stok) VALUES ('SKU000194', 97, 2595721.47, 127);
INSERT IGNORE INTO ProdukVarianAtribut (id_produk, atribut_varian, sku, nilai) VALUES (97, 'RAM', 'SKU000194', '32GB');
INSERT IGNORE INTO VarianProduk (sku, id_produk, harga, stok) VALUES ('SKU000195', 97, 2160673.08, 25);
INSERT IGNORE INTO ProdukVarianAtribut (id_produk, atribut_varian, sku, nilai) VALUES (97, 'STORAGE_INTERNAL', 'SKU000195', '256GB');
INSERT IGNORE INTO ProdukVarianAtribut (id_produk, atribut_varian, sku, nilai) VALUES (97, 'RAM', 'SKU000195', '16GB');
INSERT IGNORE INTO ProdukVarianAtribut (id_produk, atribut_varian, sku, nilai) VALUES (97, 'WARNA', 'SKU000195', 'Hitam');
INSERT IGNORE INTO Produk (id_produk, id_penjual, nama, deskripsi) VALUES (98, 26, 'Monetize Transparent E-Business Premium', 'Possimus suscipit dignissimos laborum ipsum animi qui distinctio. Amet voluptate labore fuga error. Sint ea ipsa asperiores voluptates odit fugit. Dolores ipsum magnam doloremque. Dolor doloribus voluptates ratione expedita minus.');
INSERT IGNORE INTO VarianProduk (sku, id_produk, harga, stok) VALUES ('SKU000196', 98, 2464462.42, 20);
INSERT IGNORE INTO ProdukVarianAtribut (id_produk, atribut_varian, sku, nilai) VALUES (98, 'STORAGE_INTERNAL', 'SKU000196', '1TB');
INSERT IGNORE INTO Produk (id_produk, id_penjual, nama, deskripsi) VALUES (99, 10, 'Synergize User-Centric Experiences Modern', 'Culpa provident ratione laboriosam labore. Assumenda praesentium excepturi molestiae eligendi.');
INSERT IGNORE INTO VarianProduk (sku, id_produk, harga, stok) VALUES ('SKU000197', 99, 415325.61, 145);
INSERT IGNORE INTO ProdukVarianAtribut (id_produk, atribut_varian, sku, nilai) VALUES (99, 'WARNA', 'SKU000197', 'Koral');
INSERT IGNORE INTO ProdukVarianAtribut (id_produk, atribut_varian, sku, nilai) VALUES (99, 'MATERIAL', 'SKU000197', 'Stainless Steel 304');
INSERT IGNORE INTO ProdukVarianAtribut (id_produk, atribut_varian, sku, nilai) VALUES (99, 'UKURAN', 'SKU000197', '41');
INSERT IGNORE INTO VarianProduk (sku, id_produk, harga, stok) VALUES ('SKU000198', 99, 340319.34, 132);
INSERT IGNORE INTO ProdukVarianAtribut (id_produk, atribut_varian, sku, nilai) VALUES (99, 'UKURAN', 'SKU000198', 'L');
INSERT IGNORE INTO Produk (id_produk, id_penjual, nama, deskripsi) VALUES (100, 5, 'Generate Front-End Partnerships Modern', 'Expedita ab ipsa non laborum dicta. Quibusdam provident sed voluptas molestias dolores laudantium.');
INSERT IGNORE INTO VarianProduk (sku, id_produk, harga, stok) VALUES ('SKU000199', 100, 897539.25, 15);
INSERT IGNORE INTO ProdukVarianAtribut (id_produk, atribut_varian, sku, nilai) VALUES (100, 'WARNA', 'SKU000199', 'Hijau');

-- Gambar
INSERT IGNORE INTO Gambar (id_gambar, gambar) VALUES (1, 'img/item/placeholder_1.jpg');
INSERT IGNORE INTO Gambar (id_gambar, gambar) VALUES (2, 'img/item/placeholder_2.jpg');
INSERT IGNORE INTO Gambar (id_gambar, gambar) VALUES (3, 'img/item/placeholder_3.jpg');
INSERT IGNORE INTO Gambar (id_gambar, gambar) VALUES (4, 'img/item/placeholder_4.jpg');
INSERT IGNORE INTO Gambar (id_gambar, gambar) VALUES (5, 'img/item/placeholder_5.jpg');
INSERT IGNORE INTO Gambar (id_gambar, gambar) VALUES (6, 'img/item/placeholder_6.jpg');
INSERT IGNORE INTO Gambar (id_gambar, gambar) VALUES (7, 'img/item/placeholder_7.jpg');
INSERT IGNORE INTO Gambar (id_gambar, gambar) VALUES (8, 'img/item/placeholder_8.jpg');
INSERT IGNORE INTO Gambar (id_gambar, gambar) VALUES (9, 'img/item/placeholder_9.jpg');
INSERT IGNORE INTO Gambar (id_gambar, gambar) VALUES (10, 'img/item/placeholder_10.jpg');
INSERT IGNORE INTO Gambar (id_gambar, gambar) VALUES (11, 'img/item/placeholder_11.jpg');
INSERT IGNORE INTO Gambar (id_gambar, gambar) VALUES (12, 'img/item/placeholder_12.jpg');
INSERT IGNORE INTO Gambar (id_gambar, gambar) VALUES (13, 'img/item/placeholder_13.jpg');
INSERT IGNORE INTO Gambar (id_gambar, gambar) VALUES (14, 'img/item/placeholder_14.jpg');
INSERT IGNORE INTO Gambar (id_gambar, gambar) VALUES (15, 'img/item/placeholder_15.jpg');
INSERT IGNORE INTO Gambar (id_gambar, gambar) VALUES (16, 'img/item/placeholder_16.jpg');
INSERT IGNORE INTO Gambar (id_gambar, gambar) VALUES (17, 'img/item/placeholder_17.jpg');
INSERT IGNORE INTO Gambar (id_gambar, gambar) VALUES (18, 'img/item/placeholder_18.jpg');
INSERT IGNORE INTO Gambar (id_gambar, gambar) VALUES (19, 'img/item/placeholder_19.jpg');
INSERT IGNORE INTO Gambar (id_gambar, gambar) VALUES (20, 'img/item/placeholder_20.jpg');
INSERT IGNORE INTO Gambar (id_gambar, gambar) VALUES (21, 'img/item/placeholder_21.jpg');
INSERT IGNORE INTO Gambar (id_gambar, gambar) VALUES (22, 'img/item/placeholder_22.jpg');
INSERT IGNORE INTO Gambar (id_gambar, gambar) VALUES (23, 'img/item/placeholder_23.jpg');
INSERT IGNORE INTO Gambar (id_gambar, gambar) VALUES (24, 'img/item/placeholder_24.jpg');
INSERT IGNORE INTO Gambar (id_gambar, gambar) VALUES (25, 'img/item/placeholder_25.jpg');
INSERT IGNORE INTO Gambar (id_gambar, gambar) VALUES (26, 'img/item/placeholder_26.jpg');
INSERT IGNORE INTO Gambar (id_gambar, gambar) VALUES (27, 'img/item/placeholder_27.jpg');
INSERT IGNORE INTO Gambar (id_gambar, gambar) VALUES (28, 'img/item/placeholder_28.jpg');
INSERT IGNORE INTO Gambar (id_gambar, gambar) VALUES (29, 'img/item/placeholder_29.jpg');
INSERT IGNORE INTO Gambar (id_gambar, gambar) VALUES (30, 'img/item/placeholder_30.jpg');
INSERT IGNORE INTO Gambar (id_gambar, gambar) VALUES (31, 'img/item/placeholder_31.jpg');
INSERT IGNORE INTO Gambar (id_gambar, gambar) VALUES (32, 'img/item/placeholder_32.jpg');
INSERT IGNORE INTO Gambar (id_gambar, gambar) VALUES (33, 'img/item/placeholder_33.jpg');
INSERT IGNORE INTO Gambar (id_gambar, gambar) VALUES (34, 'img/item/placeholder_34.jpg');
INSERT IGNORE INTO Gambar (id_gambar, gambar) VALUES (35, 'img/item/placeholder_35.jpg');
INSERT IGNORE INTO Gambar (id_gambar, gambar) VALUES (36, 'img/item/placeholder_36.jpg');
INSERT IGNORE INTO Gambar (id_gambar, gambar) VALUES (37, 'img/item/placeholder_37.jpg');
INSERT IGNORE INTO Gambar (id_gambar, gambar) VALUES (38, 'img/item/placeholder_38.jpg');
INSERT IGNORE INTO Gambar (id_gambar, gambar) VALUES (39, 'img/item/placeholder_39.jpg');
INSERT IGNORE INTO Gambar (id_gambar, gambar) VALUES (40, 'img/item/placeholder_40.jpg');
INSERT IGNORE INTO Gambar (id_gambar, gambar) VALUES (41, 'img/item/placeholder_41.jpg');
INSERT IGNORE INTO Gambar (id_gambar, gambar) VALUES (42, 'img/item/placeholder_42.jpg');
INSERT IGNORE INTO Gambar (id_gambar, gambar) VALUES (43, 'img/item/placeholder_43.jpg');
INSERT IGNORE INTO Gambar (id_gambar, gambar) VALUES (44, 'img/item/placeholder_44.jpg');
INSERT IGNORE INTO Gambar (id_gambar, gambar) VALUES (45, 'img/item/placeholder_45.jpg');
INSERT IGNORE INTO Gambar (id_gambar, gambar) VALUES (46, 'img/item/placeholder_46.jpg');
INSERT IGNORE INTO Gambar (id_gambar, gambar) VALUES (47, 'img/item/placeholder_47.jpg');
INSERT IGNORE INTO Gambar (id_gambar, gambar) VALUES (48, 'img/item/placeholder_48.jpg');
INSERT IGNORE INTO Gambar (id_gambar, gambar) VALUES (49, 'img/item/placeholder_49.jpg');
INSERT IGNORE INTO Gambar (id_gambar, gambar) VALUES (50, 'img/item/placeholder_50.jpg');
INSERT IGNORE INTO Gambar (id_gambar, gambar) VALUES (51, 'img/item/placeholder_51.jpg');
INSERT IGNORE INTO Gambar (id_gambar, gambar) VALUES (52, 'img/item/placeholder_52.jpg');
INSERT IGNORE INTO Gambar (id_gambar, gambar) VALUES (53, 'img/item/placeholder_53.jpg');
INSERT IGNORE INTO Gambar (id_gambar, gambar) VALUES (54, 'img/item/placeholder_54.jpg');
INSERT IGNORE INTO Gambar (id_gambar, gambar) VALUES (55, 'img/item/placeholder_55.jpg');
INSERT IGNORE INTO Gambar (id_gambar, gambar) VALUES (56, 'img/item/placeholder_56.jpg');
INSERT IGNORE INTO Gambar (id_gambar, gambar) VALUES (57, 'img/item/placeholder_57.jpg');
INSERT IGNORE INTO Gambar (id_gambar, gambar) VALUES (58, 'img/item/placeholder_58.jpg');
INSERT IGNORE INTO Gambar (id_gambar, gambar) VALUES (59, 'img/item/placeholder_59.jpg');
INSERT IGNORE INTO Gambar (id_gambar, gambar) VALUES (60, 'img/item/placeholder_60.jpg');
INSERT IGNORE INTO Gambar (id_gambar, gambar) VALUES (61, 'img/item/placeholder_61.jpg');
INSERT IGNORE INTO Gambar (id_gambar, gambar) VALUES (62, 'img/item/placeholder_62.jpg');
INSERT IGNORE INTO Gambar (id_gambar, gambar) VALUES (63, 'img/item/placeholder_63.jpg');
INSERT IGNORE INTO Gambar (id_gambar, gambar) VALUES (64, 'img/item/placeholder_64.jpg');
INSERT IGNORE INTO Gambar (id_gambar, gambar) VALUES (65, 'img/item/placeholder_65.jpg');
INSERT IGNORE INTO Gambar (id_gambar, gambar) VALUES (66, 'img/item/placeholder_66.jpg');
INSERT IGNORE INTO Gambar (id_gambar, gambar) VALUES (67, 'img/item/placeholder_67.jpg');
INSERT IGNORE INTO Gambar (id_gambar, gambar) VALUES (68, 'img/item/placeholder_68.jpg');
INSERT IGNORE INTO Gambar (id_gambar, gambar) VALUES (69, 'img/item/placeholder_69.jpg');
INSERT IGNORE INTO Gambar (id_gambar, gambar) VALUES (70, 'img/item/placeholder_70.jpg');
INSERT IGNORE INTO Gambar (id_gambar, gambar) VALUES (71, 'img/item/placeholder_71.jpg');
INSERT IGNORE INTO Gambar (id_gambar, gambar) VALUES (72, 'img/item/placeholder_72.jpg');
INSERT IGNORE INTO Gambar (id_gambar, gambar) VALUES (73, 'img/item/placeholder_73.jpg');
INSERT IGNORE INTO Gambar (id_gambar, gambar) VALUES (74, 'img/item/placeholder_74.jpg');
INSERT IGNORE INTO Gambar (id_gambar, gambar) VALUES (75, 'img/item/placeholder_75.jpg');
INSERT IGNORE INTO Gambar (id_gambar, gambar) VALUES (76, 'img/item/placeholder_76.jpg');
INSERT IGNORE INTO Gambar (id_gambar, gambar) VALUES (77, 'img/item/placeholder_77.jpg');
INSERT IGNORE INTO Gambar (id_gambar, gambar) VALUES (78, 'img/item/placeholder_78.jpg');
INSERT IGNORE INTO Gambar (id_gambar, gambar) VALUES (79, 'img/item/placeholder_79.jpg');
INSERT IGNORE INTO Gambar (id_gambar, gambar) VALUES (80, 'img/item/placeholder_80.jpg');
INSERT IGNORE INTO Gambar (id_gambar, gambar) VALUES (81, 'img/item/placeholder_81.jpg');
INSERT IGNORE INTO Gambar (id_gambar, gambar) VALUES (82, 'img/item/placeholder_82.jpg');
INSERT IGNORE INTO Gambar (id_gambar, gambar) VALUES (83, 'img/item/placeholder_83.jpg');
INSERT IGNORE INTO Gambar (id_gambar, gambar) VALUES (84, 'img/item/placeholder_84.jpg');
INSERT IGNORE INTO Gambar (id_gambar, gambar) VALUES (85, 'img/item/placeholder_85.jpg');
INSERT IGNORE INTO Gambar (id_gambar, gambar) VALUES (86, 'img/item/placeholder_86.jpg');
INSERT IGNORE INTO Gambar (id_gambar, gambar) VALUES (87, 'img/item/placeholder_87.jpg');
INSERT IGNORE INTO Gambar (id_gambar, gambar) VALUES (88, 'img/item/placeholder_88.jpg');
INSERT IGNORE INTO Gambar (id_gambar, gambar) VALUES (89, 'img/item/placeholder_89.jpg');
INSERT IGNORE INTO Gambar (id_gambar, gambar) VALUES (90, 'img/item/placeholder_90.jpg');
INSERT IGNORE INTO Gambar (id_gambar, gambar) VALUES (91, 'img/item/placeholder_91.jpg');
INSERT IGNORE INTO Gambar (id_gambar, gambar) VALUES (92, 'img/item/placeholder_92.jpg');
INSERT IGNORE INTO Gambar (id_gambar, gambar) VALUES (93, 'img/item/placeholder_93.jpg');
INSERT IGNORE INTO Gambar (id_gambar, gambar) VALUES (94, 'img/item/placeholder_94.jpg');
INSERT IGNORE INTO Gambar (id_gambar, gambar) VALUES (95, 'img/item/placeholder_95.jpg');
INSERT IGNORE INTO Gambar (id_gambar, gambar) VALUES (96, 'img/item/placeholder_96.jpg');
INSERT IGNORE INTO Gambar (id_gambar, gambar) VALUES (97, 'img/item/placeholder_97.jpg');
INSERT IGNORE INTO Gambar (id_gambar, gambar) VALUES (98, 'img/item/placeholder_98.jpg');
INSERT IGNORE INTO Gambar (id_gambar, gambar) VALUES (99, 'img/item/placeholder_99.jpg');
INSERT IGNORE INTO Gambar (id_gambar, gambar) VALUES (100, 'img/item/placeholder_100.jpg');
INSERT IGNORE INTO Gambar (id_gambar, gambar) VALUES (101, 'img/item/placeholder_101.jpg');
INSERT IGNORE INTO Gambar (id_gambar, gambar) VALUES (102, 'img/item/placeholder_102.jpg');
INSERT IGNORE INTO Gambar (id_gambar, gambar) VALUES (103, 'img/item/placeholder_103.jpg');
INSERT IGNORE INTO Gambar (id_gambar, gambar) VALUES (104, 'img/item/placeholder_104.jpg');
INSERT IGNORE INTO Gambar (id_gambar, gambar) VALUES (105, 'img/item/placeholder_105.jpg');
INSERT IGNORE INTO Gambar (id_gambar, gambar) VALUES (106, 'img/item/placeholder_106.jpg');
INSERT IGNORE INTO Gambar (id_gambar, gambar) VALUES (107, 'img/item/placeholder_107.jpg');
INSERT IGNORE INTO Gambar (id_gambar, gambar) VALUES (108, 'img/item/placeholder_108.jpg');
INSERT IGNORE INTO Gambar (id_gambar, gambar) VALUES (109, 'img/item/placeholder_109.jpg');
INSERT IGNORE INTO Gambar (id_gambar, gambar) VALUES (110, 'img/item/placeholder_110.jpg');
INSERT IGNORE INTO Gambar (id_gambar, gambar) VALUES (111, 'img/item/placeholder_111.jpg');
INSERT IGNORE INTO Gambar (id_gambar, gambar) VALUES (112, 'img/item/placeholder_112.jpg');
INSERT IGNORE INTO Gambar (id_gambar, gambar) VALUES (113, 'img/item/placeholder_113.jpg');
INSERT IGNORE INTO Gambar (id_gambar, gambar) VALUES (114, 'img/item/placeholder_114.jpg');
INSERT IGNORE INTO Gambar (id_gambar, gambar) VALUES (115, 'img/item/placeholder_115.jpg');
INSERT IGNORE INTO Gambar (id_gambar, gambar) VALUES (116, 'img/item/placeholder_116.jpg');
INSERT IGNORE INTO Gambar (id_gambar, gambar) VALUES (117, 'img/item/placeholder_117.jpg');
INSERT IGNORE INTO Gambar (id_gambar, gambar) VALUES (118, 'img/item/placeholder_118.jpg');
INSERT IGNORE INTO Gambar (id_gambar, gambar) VALUES (119, 'img/item/placeholder_119.jpg');
INSERT IGNORE INTO Gambar (id_gambar, gambar) VALUES (120, 'img/item/placeholder_120.jpg');
INSERT IGNORE INTO Gambar (id_gambar, gambar) VALUES (121, 'img/item/placeholder_121.jpg');
INSERT IGNORE INTO Gambar (id_gambar, gambar) VALUES (122, 'img/item/placeholder_122.jpg');
INSERT IGNORE INTO Gambar (id_gambar, gambar) VALUES (123, 'img/item/placeholder_123.jpg');
INSERT IGNORE INTO Gambar (id_gambar, gambar) VALUES (124, 'img/item/placeholder_124.jpg');
INSERT IGNORE INTO Gambar (id_gambar, gambar) VALUES (125, 'img/item/placeholder_125.jpg');
INSERT IGNORE INTO Gambar (id_gambar, gambar) VALUES (126, 'img/item/placeholder_126.jpg');
INSERT IGNORE INTO Gambar (id_gambar, gambar) VALUES (127, 'img/item/placeholder_127.jpg');
INSERT IGNORE INTO Gambar (id_gambar, gambar) VALUES (128, 'img/item/placeholder_128.jpg');
INSERT IGNORE INTO Gambar (id_gambar, gambar) VALUES (129, 'img/item/placeholder_129.jpg');
INSERT IGNORE INTO Gambar (id_gambar, gambar) VALUES (130, 'img/item/placeholder_130.jpg');
INSERT IGNORE INTO Gambar (id_gambar, gambar) VALUES (131, 'img/item/placeholder_131.jpg');
INSERT IGNORE INTO Gambar (id_gambar, gambar) VALUES (132, 'img/item/placeholder_132.jpg');
INSERT IGNORE INTO Gambar (id_gambar, gambar) VALUES (133, 'img/item/placeholder_133.jpg');
INSERT IGNORE INTO Gambar (id_gambar, gambar) VALUES (134, 'img/item/placeholder_134.jpg');
INSERT IGNORE INTO Gambar (id_gambar, gambar) VALUES (135, 'img/item/placeholder_135.jpg');
INSERT IGNORE INTO Gambar (id_gambar, gambar) VALUES (136, 'img/item/placeholder_136.jpg');
INSERT IGNORE INTO Gambar (id_gambar, gambar) VALUES (137, 'img/item/placeholder_137.jpg');
INSERT IGNORE INTO Gambar (id_gambar, gambar) VALUES (138, 'img/item/placeholder_138.jpg');
INSERT IGNORE INTO Gambar (id_gambar, gambar) VALUES (139, 'img/item/placeholder_139.jpg');
INSERT IGNORE INTO Gambar (id_gambar, gambar) VALUES (140, 'img/item/placeholder_140.jpg');
INSERT IGNORE INTO Gambar (id_gambar, gambar) VALUES (141, 'img/item/placeholder_141.jpg');
INSERT IGNORE INTO Gambar (id_gambar, gambar) VALUES (142, 'img/item/placeholder_142.jpg');
INSERT IGNORE INTO Gambar (id_gambar, gambar) VALUES (143, 'img/item/placeholder_143.jpg');
INSERT IGNORE INTO Gambar (id_gambar, gambar) VALUES (144, 'img/item/placeholder_144.jpg');
INSERT IGNORE INTO Gambar (id_gambar, gambar) VALUES (145, 'img/item/placeholder_145.jpg');
INSERT IGNORE INTO Gambar (id_gambar, gambar) VALUES (146, 'img/item/placeholder_146.jpg');
INSERT IGNORE INTO Gambar (id_gambar, gambar) VALUES (147, 'img/item/placeholder_147.jpg');
INSERT IGNORE INTO Gambar (id_gambar, gambar) VALUES (148, 'img/item/placeholder_148.jpg');
INSERT IGNORE INTO Gambar (id_gambar, gambar) VALUES (149, 'img/item/placeholder_149.jpg');
INSERT IGNORE INTO Gambar (id_gambar, gambar) VALUES (150, 'img/item/placeholder_150.jpg');
INSERT IGNORE INTO Gambar (id_gambar, gambar) VALUES (151, 'img/item/placeholder_151.jpg');
INSERT IGNORE INTO Gambar (id_gambar, gambar) VALUES (152, 'img/item/placeholder_152.jpg');
INSERT IGNORE INTO Gambar (id_gambar, gambar) VALUES (153, 'img/item/placeholder_153.jpg');
INSERT IGNORE INTO Gambar (id_gambar, gambar) VALUES (154, 'img/item/placeholder_154.jpg');
INSERT IGNORE INTO Gambar (id_gambar, gambar) VALUES (155, 'img/item/placeholder_155.jpg');
INSERT IGNORE INTO Gambar (id_gambar, gambar) VALUES (156, 'img/item/placeholder_156.jpg');
INSERT IGNORE INTO Gambar (id_gambar, gambar) VALUES (157, 'img/item/placeholder_157.jpg');
INSERT IGNORE INTO Gambar (id_gambar, gambar) VALUES (158, 'img/item/placeholder_158.jpg');
INSERT IGNORE INTO Gambar (id_gambar, gambar) VALUES (159, 'img/item/placeholder_159.jpg');
INSERT IGNORE INTO Gambar (id_gambar, gambar) VALUES (160, 'img/item/placeholder_160.jpg');
INSERT IGNORE INTO Gambar (id_gambar, gambar) VALUES (161, 'img/item/placeholder_161.jpg');
INSERT IGNORE INTO Gambar (id_gambar, gambar) VALUES (162, 'img/item/placeholder_162.jpg');
INSERT IGNORE INTO Gambar (id_gambar, gambar) VALUES (163, 'img/item/placeholder_163.jpg');
INSERT IGNORE INTO Gambar (id_gambar, gambar) VALUES (164, 'img/item/placeholder_164.jpg');
INSERT IGNORE INTO Gambar (id_gambar, gambar) VALUES (165, 'img/item/placeholder_165.jpg');
INSERT IGNORE INTO Gambar (id_gambar, gambar) VALUES (166, 'img/item/placeholder_166.jpg');
INSERT IGNORE INTO Gambar (id_gambar, gambar) VALUES (167, 'img/item/placeholder_167.jpg');
INSERT IGNORE INTO Gambar (id_gambar, gambar) VALUES (168, 'img/item/placeholder_168.jpg');
INSERT IGNORE INTO Gambar (id_gambar, gambar) VALUES (169, 'img/item/placeholder_169.jpg');
INSERT IGNORE INTO Gambar (id_gambar, gambar) VALUES (170, 'img/item/placeholder_170.jpg');
INSERT IGNORE INTO Gambar (id_gambar, gambar) VALUES (171, 'img/item/placeholder_171.jpg');
INSERT IGNORE INTO Gambar (id_gambar, gambar) VALUES (172, 'img/item/placeholder_172.jpg');
INSERT IGNORE INTO Gambar (id_gambar, gambar) VALUES (173, 'img/item/placeholder_173.jpg');
INSERT IGNORE INTO Gambar (id_gambar, gambar) VALUES (174, 'img/item/placeholder_174.jpg');
INSERT IGNORE INTO Gambar (id_gambar, gambar) VALUES (175, 'img/item/placeholder_175.jpg');
INSERT IGNORE INTO Gambar (id_gambar, gambar) VALUES (176, 'img/item/placeholder_176.jpg');
INSERT IGNORE INTO Gambar (id_gambar, gambar) VALUES (177, 'img/item/placeholder_177.jpg');
INSERT IGNORE INTO Gambar (id_gambar, gambar) VALUES (178, 'img/item/placeholder_178.jpg');
INSERT IGNORE INTO Gambar (id_gambar, gambar) VALUES (179, 'img/item/placeholder_179.jpg');
INSERT IGNORE INTO Gambar (id_gambar, gambar) VALUES (180, 'img/item/placeholder_180.jpg');
INSERT IGNORE INTO Gambar (id_gambar, gambar) VALUES (181, 'img/item/placeholder_181.jpg');
INSERT IGNORE INTO Gambar (id_gambar, gambar) VALUES (182, 'img/item/placeholder_182.jpg');
INSERT IGNORE INTO Gambar (id_gambar, gambar) VALUES (183, 'img/item/placeholder_183.jpg');
INSERT IGNORE INTO Gambar (id_gambar, gambar) VALUES (184, 'img/item/placeholder_184.jpg');
INSERT IGNORE INTO Gambar (id_gambar, gambar) VALUES (185, 'img/item/placeholder_185.jpg');
INSERT IGNORE INTO Gambar (id_gambar, gambar) VALUES (186, 'img/item/placeholder_186.jpg');
INSERT IGNORE INTO Gambar (id_gambar, gambar) VALUES (187, 'img/item/placeholder_187.jpg');
INSERT IGNORE INTO Gambar (id_gambar, gambar) VALUES (188, 'img/item/placeholder_188.jpg');
INSERT IGNORE INTO Gambar (id_gambar, gambar) VALUES (189, 'img/item/placeholder_189.jpg');
INSERT IGNORE INTO Gambar (id_gambar, gambar) VALUES (190, 'img/item/placeholder_190.jpg');
INSERT IGNORE INTO Gambar (id_gambar, gambar) VALUES (191, 'img/item/placeholder_191.jpg');
INSERT IGNORE INTO Gambar (id_gambar, gambar) VALUES (192, 'img/item/placeholder_192.jpg');
INSERT IGNORE INTO Gambar (id_gambar, gambar) VALUES (193, 'img/item/placeholder_193.jpg');
INSERT IGNORE INTO Gambar (id_gambar, gambar) VALUES (194, 'img/item/placeholder_194.jpg');
INSERT IGNORE INTO Gambar (id_gambar, gambar) VALUES (195, 'img/item/placeholder_195.jpg');
INSERT IGNORE INTO Gambar (id_gambar, gambar) VALUES (196, 'img/item/placeholder_196.jpg');
INSERT IGNORE INTO Gambar (id_gambar, gambar) VALUES (197, 'img/item/placeholder_197.jpg');
INSERT IGNORE INTO Gambar (id_gambar, gambar) VALUES (198, 'img/item/placeholder_198.jpg');
INSERT IGNORE INTO Gambar (id_gambar, gambar) VALUES (199, 'img/item/placeholder_199.jpg');
INSERT IGNORE INTO Gambar (id_gambar, gambar) VALUES (200, 'img/item/placeholder_200.jpg');

-- GambarProduk
INSERT IGNORE INTO GambarProduk (id_produk, id_gambar) VALUES (1, 193);
INSERT IGNORE INTO GambarProduk (id_produk, id_gambar) VALUES (2, 100);
INSERT IGNORE INTO GambarProduk (id_produk, id_gambar) VALUES (2, 154);
INSERT IGNORE INTO GambarProduk (id_produk, id_gambar) VALUES (3, 65);
INSERT IGNORE INTO GambarProduk (id_produk, id_gambar) VALUES (3, 53);
INSERT IGNORE INTO GambarProduk (id_produk, id_gambar) VALUES (3, 115);
INSERT IGNORE INTO GambarProduk (id_produk, id_gambar) VALUES (4, 19);
INSERT IGNORE INTO GambarProduk (id_produk, id_gambar) VALUES (5, 110);
INSERT IGNORE INTO GambarProduk (id_produk, id_gambar) VALUES (5, 173);
INSERT IGNORE INTO GambarProduk (id_produk, id_gambar) VALUES (6, 90);
INSERT IGNORE INTO GambarProduk (id_produk, id_gambar) VALUES (7, 147);
INSERT IGNORE INTO GambarProduk (id_produk, id_gambar) VALUES (7, 187);
INSERT IGNORE INTO GambarProduk (id_produk, id_gambar) VALUES (7, 59);
INSERT IGNORE INTO GambarProduk (id_produk, id_gambar) VALUES (8, 68);
INSERT IGNORE INTO GambarProduk (id_produk, id_gambar) VALUES (9, 145);
INSERT IGNORE INTO GambarProduk (id_produk, id_gambar) VALUES (9, 11);
INSERT IGNORE INTO GambarProduk (id_produk, id_gambar) VALUES (10, 57);
INSERT IGNORE INTO GambarProduk (id_produk, id_gambar) VALUES (10, 63);
INSERT IGNORE INTO GambarProduk (id_produk, id_gambar) VALUES (10, 3);
INSERT IGNORE INTO GambarProduk (id_produk, id_gambar) VALUES (11, 110);
INSERT IGNORE INTO GambarProduk (id_produk, id_gambar) VALUES (11, 195);
INSERT IGNORE INTO GambarProduk (id_produk, id_gambar) VALUES (12, 200);
INSERT IGNORE INTO GambarProduk (id_produk, id_gambar) VALUES (12, 50);
INSERT IGNORE INTO GambarProduk (id_produk, id_gambar) VALUES (13, 84);
INSERT IGNORE INTO GambarProduk (id_produk, id_gambar) VALUES (14, 20);
INSERT IGNORE INTO GambarProduk (id_produk, id_gambar) VALUES (14, 126);
INSERT IGNORE INTO GambarProduk (id_produk, id_gambar) VALUES (14, 105);
INSERT IGNORE INTO GambarProduk (id_produk, id_gambar) VALUES (15, 125);
INSERT IGNORE INTO GambarProduk (id_produk, id_gambar) VALUES (15, 114);
INSERT IGNORE INTO GambarProduk (id_produk, id_gambar) VALUES (15, 46);
INSERT IGNORE INTO GambarProduk (id_produk, id_gambar) VALUES (16, 193);
INSERT IGNORE INTO GambarProduk (id_produk, id_gambar) VALUES (17, 82);
INSERT IGNORE INTO GambarProduk (id_produk, id_gambar) VALUES (17, 163);
INSERT IGNORE INTO GambarProduk (id_produk, id_gambar) VALUES (18, 69);
INSERT IGNORE INTO GambarProduk (id_produk, id_gambar) VALUES (19, 70);
INSERT IGNORE INTO GambarProduk (id_produk, id_gambar) VALUES (20, 8);
INSERT IGNORE INTO GambarProduk (id_produk, id_gambar) VALUES (20, 184);
INSERT IGNORE INTO GambarProduk (id_produk, id_gambar) VALUES (21, 79);
INSERT IGNORE INTO GambarProduk (id_produk, id_gambar) VALUES (22, 164);
INSERT IGNORE INTO GambarProduk (id_produk, id_gambar) VALUES (23, 166);
INSERT IGNORE INTO GambarProduk (id_produk, id_gambar) VALUES (23, 56);
INSERT IGNORE INTO GambarProduk (id_produk, id_gambar) VALUES (23, 196);
INSERT IGNORE INTO GambarProduk (id_produk, id_gambar) VALUES (24, 38);
INSERT IGNORE INTO GambarProduk (id_produk, id_gambar) VALUES (24, 39);
INSERT IGNORE INTO GambarProduk (id_produk, id_gambar) VALUES (24, 93);
INSERT IGNORE INTO GambarProduk (id_produk, id_gambar) VALUES (25, 143);
INSERT IGNORE INTO GambarProduk (id_produk, id_gambar) VALUES (26, 109);
INSERT IGNORE INTO GambarProduk (id_produk, id_gambar) VALUES (26, 131);
INSERT IGNORE INTO GambarProduk (id_produk, id_gambar) VALUES (26, 39);
INSERT IGNORE INTO GambarProduk (id_produk, id_gambar) VALUES (27, 184);
INSERT IGNORE INTO GambarProduk (id_produk, id_gambar) VALUES (27, 158);
INSERT IGNORE INTO GambarProduk (id_produk, id_gambar) VALUES (27, 113);
INSERT IGNORE INTO GambarProduk (id_produk, id_gambar) VALUES (28, 55);
INSERT IGNORE INTO GambarProduk (id_produk, id_gambar) VALUES (28, 116);
INSERT IGNORE INTO GambarProduk (id_produk, id_gambar) VALUES (29, 58);
INSERT IGNORE INTO GambarProduk (id_produk, id_gambar) VALUES (29, 79);
INSERT IGNORE INTO GambarProduk (id_produk, id_gambar) VALUES (30, 15);
INSERT IGNORE INTO GambarProduk (id_produk, id_gambar) VALUES (30, 162);
INSERT IGNORE INTO GambarProduk (id_produk, id_gambar) VALUES (30, 72);
INSERT IGNORE INTO GambarProduk (id_produk, id_gambar) VALUES (31, 94);
INSERT IGNORE INTO GambarProduk (id_produk, id_gambar) VALUES (31, 161);
INSERT IGNORE INTO GambarProduk (id_produk, id_gambar) VALUES (32, 63);
INSERT IGNORE INTO GambarProduk (id_produk, id_gambar) VALUES (32, 113);
INSERT IGNORE INTO GambarProduk (id_produk, id_gambar) VALUES (33, 145);
INSERT IGNORE INTO GambarProduk (id_produk, id_gambar) VALUES (33, 132);
INSERT IGNORE INTO GambarProduk (id_produk, id_gambar) VALUES (34, 115);
INSERT IGNORE INTO GambarProduk (id_produk, id_gambar) VALUES (34, 27);
INSERT IGNORE INTO GambarProduk (id_produk, id_gambar) VALUES (35, 90);
INSERT IGNORE INTO GambarProduk (id_produk, id_gambar) VALUES (35, 16);
INSERT IGNORE INTO GambarProduk (id_produk, id_gambar) VALUES (36, 85);
INSERT IGNORE INTO GambarProduk (id_produk, id_gambar) VALUES (36, 32);
INSERT IGNORE INTO GambarProduk (id_produk, id_gambar) VALUES (37, 152);
INSERT IGNORE INTO GambarProduk (id_produk, id_gambar) VALUES (37, 183);
INSERT IGNORE INTO GambarProduk (id_produk, id_gambar) VALUES (38, 157);
INSERT IGNORE INTO GambarProduk (id_produk, id_gambar) VALUES (38, 24);
INSERT IGNORE INTO GambarProduk (id_produk, id_gambar) VALUES (38, 37);
INSERT IGNORE INTO GambarProduk (id_produk, id_gambar) VALUES (39, 121);
INSERT IGNORE INTO GambarProduk (id_produk, id_gambar) VALUES (40, 64);
INSERT IGNORE INTO GambarProduk (id_produk, id_gambar) VALUES (40, 121);
INSERT IGNORE INTO GambarProduk (id_produk, id_gambar) VALUES (40, 59);
INSERT IGNORE INTO GambarProduk (id_produk, id_gambar) VALUES (41, 125);
INSERT IGNORE INTO GambarProduk (id_produk, id_gambar) VALUES (42, 168);
INSERT IGNORE INTO GambarProduk (id_produk, id_gambar) VALUES (43, 197);
INSERT IGNORE INTO GambarProduk (id_produk, id_gambar) VALUES (43, 183);
INSERT IGNORE INTO GambarProduk (id_produk, id_gambar) VALUES (43, 109);
INSERT IGNORE INTO GambarProduk (id_produk, id_gambar) VALUES (44, 175);
INSERT IGNORE INTO GambarProduk (id_produk, id_gambar) VALUES (44, 90);
INSERT IGNORE INTO GambarProduk (id_produk, id_gambar) VALUES (45, 170);
INSERT IGNORE INTO GambarProduk (id_produk, id_gambar) VALUES (46, 120);
INSERT IGNORE INTO GambarProduk (id_produk, id_gambar) VALUES (47, 191);
INSERT IGNORE INTO GambarProduk (id_produk, id_gambar) VALUES (48, 139);
INSERT IGNORE INTO GambarProduk (id_produk, id_gambar) VALUES (48, 143);
INSERT IGNORE INTO GambarProduk (id_produk, id_gambar) VALUES (48, 132);
INSERT IGNORE INTO GambarProduk (id_produk, id_gambar) VALUES (49, 84);
INSERT IGNORE INTO GambarProduk (id_produk, id_gambar) VALUES (49, 32);
INSERT IGNORE INTO GambarProduk (id_produk, id_gambar) VALUES (49, 6);
INSERT IGNORE INTO GambarProduk (id_produk, id_gambar) VALUES (50, 34);
INSERT IGNORE INTO GambarProduk (id_produk, id_gambar) VALUES (50, 17);
INSERT IGNORE INTO GambarProduk (id_produk, id_gambar) VALUES (51, 157);
INSERT IGNORE INTO GambarProduk (id_produk, id_gambar) VALUES (51, 92);
INSERT IGNORE INTO GambarProduk (id_produk, id_gambar) VALUES (51, 118);
INSERT IGNORE INTO GambarProduk (id_produk, id_gambar) VALUES (52, 106);
INSERT IGNORE INTO GambarProduk (id_produk, id_gambar) VALUES (53, 126);
INSERT IGNORE INTO GambarProduk (id_produk, id_gambar) VALUES (54, 15);
INSERT IGNORE INTO GambarProduk (id_produk, id_gambar) VALUES (54, 94);
INSERT IGNORE INTO GambarProduk (id_produk, id_gambar) VALUES (55, 8);
INSERT IGNORE INTO GambarProduk (id_produk, id_gambar) VALUES (56, 99);
INSERT IGNORE INTO GambarProduk (id_produk, id_gambar) VALUES (56, 86);
INSERT IGNORE INTO GambarProduk (id_produk, id_gambar) VALUES (56, 106);
INSERT IGNORE INTO GambarProduk (id_produk, id_gambar) VALUES (57, 111);
INSERT IGNORE INTO GambarProduk (id_produk, id_gambar) VALUES (58, 55);
INSERT IGNORE INTO GambarProduk (id_produk, id_gambar) VALUES (58, 82);
INSERT IGNORE INTO GambarProduk (id_produk, id_gambar) VALUES (59, 20);
INSERT IGNORE INTO GambarProduk (id_produk, id_gambar) VALUES (59, 151);
INSERT IGNORE INTO GambarProduk (id_produk, id_gambar) VALUES (59, 22);
INSERT IGNORE INTO GambarProduk (id_produk, id_gambar) VALUES (60, 3);
INSERT IGNORE INTO GambarProduk (id_produk, id_gambar) VALUES (60, 55);
INSERT IGNORE INTO GambarProduk (id_produk, id_gambar) VALUES (60, 51);
INSERT IGNORE INTO GambarProduk (id_produk, id_gambar) VALUES (61, 95);
INSERT IGNORE INTO GambarProduk (id_produk, id_gambar) VALUES (61, 93);
INSERT IGNORE INTO GambarProduk (id_produk, id_gambar) VALUES (61, 133);
INSERT IGNORE INTO GambarProduk (id_produk, id_gambar) VALUES (62, 20);
INSERT IGNORE INTO GambarProduk (id_produk, id_gambar) VALUES (63, 174);
INSERT IGNORE INTO GambarProduk (id_produk, id_gambar) VALUES (63, 46);
INSERT IGNORE INTO GambarProduk (id_produk, id_gambar) VALUES (63, 158);
INSERT IGNORE INTO GambarProduk (id_produk, id_gambar) VALUES (64, 106);
INSERT IGNORE INTO GambarProduk (id_produk, id_gambar) VALUES (65, 14);
INSERT IGNORE INTO GambarProduk (id_produk, id_gambar) VALUES (65, 52);
INSERT IGNORE INTO GambarProduk (id_produk, id_gambar) VALUES (65, 139);
INSERT IGNORE INTO GambarProduk (id_produk, id_gambar) VALUES (66, 64);
INSERT IGNORE INTO GambarProduk (id_produk, id_gambar) VALUES (66, 129);
INSERT IGNORE INTO GambarProduk (id_produk, id_gambar) VALUES (67, 3);
INSERT IGNORE INTO GambarProduk (id_produk, id_gambar) VALUES (67, 101);
INSERT IGNORE INTO GambarProduk (id_produk, id_gambar) VALUES (67, 163);
INSERT IGNORE INTO GambarProduk (id_produk, id_gambar) VALUES (68, 144);
INSERT IGNORE INTO GambarProduk (id_produk, id_gambar) VALUES (68, 19);
INSERT IGNORE INTO GambarProduk (id_produk, id_gambar) VALUES (68, 40);
INSERT IGNORE INTO GambarProduk (id_produk, id_gambar) VALUES (69, 192);
INSERT IGNORE INTO GambarProduk (id_produk, id_gambar) VALUES (69, 153);
INSERT IGNORE INTO GambarProduk (id_produk, id_gambar) VALUES (69, 58);
INSERT IGNORE INTO GambarProduk (id_produk, id_gambar) VALUES (70, 73);
INSERT IGNORE INTO GambarProduk (id_produk, id_gambar) VALUES (70, 180);
INSERT IGNORE INTO GambarProduk (id_produk, id_gambar) VALUES (70, 135);
INSERT IGNORE INTO GambarProduk (id_produk, id_gambar) VALUES (71, 177);
INSERT IGNORE INTO GambarProduk (id_produk, id_gambar) VALUES (71, 44);
INSERT IGNORE INTO GambarProduk (id_produk, id_gambar) VALUES (71, 22);
INSERT IGNORE INTO GambarProduk (id_produk, id_gambar) VALUES (72, 124);
INSERT IGNORE INTO GambarProduk (id_produk, id_gambar) VALUES (72, 180);
INSERT IGNORE INTO GambarProduk (id_produk, id_gambar) VALUES (73, 10);
INSERT IGNORE INTO GambarProduk (id_produk, id_gambar) VALUES (73, 174);
INSERT IGNORE INTO GambarProduk (id_produk, id_gambar) VALUES (73, 148);
INSERT IGNORE INTO GambarProduk (id_produk, id_gambar) VALUES (74, 37);
INSERT IGNORE INTO GambarProduk (id_produk, id_gambar) VALUES (74, 181);
INSERT IGNORE INTO GambarProduk (id_produk, id_gambar) VALUES (74, 96);
INSERT IGNORE INTO GambarProduk (id_produk, id_gambar) VALUES (75, 77);
INSERT IGNORE INTO GambarProduk (id_produk, id_gambar) VALUES (76, 93);
INSERT IGNORE INTO GambarProduk (id_produk, id_gambar) VALUES (76, 114);
INSERT IGNORE INTO GambarProduk (id_produk, id_gambar) VALUES (76, 131);
INSERT IGNORE INTO GambarProduk (id_produk, id_gambar) VALUES (77, 165);
INSERT IGNORE INTO GambarProduk (id_produk, id_gambar) VALUES (77, 40);
INSERT IGNORE INTO GambarProduk (id_produk, id_gambar) VALUES (77, 132);
INSERT IGNORE INTO GambarProduk (id_produk, id_gambar) VALUES (78, 4);
INSERT IGNORE INTO GambarProduk (id_produk, id_gambar) VALUES (78, 132);
INSERT IGNORE INTO GambarProduk (id_produk, id_gambar) VALUES (79, 33);
INSERT IGNORE INTO GambarProduk (id_produk, id_gambar) VALUES (80, 77);
INSERT IGNORE INTO GambarProduk (id_produk, id_gambar) VALUES (80, 6);
INSERT IGNORE INTO GambarProduk (id_produk, id_gambar) VALUES (80, 141);
INSERT IGNORE INTO GambarProduk (id_produk, id_gambar) VALUES (81, 198);
INSERT IGNORE INTO GambarProduk (id_produk, id_gambar) VALUES (81, 11);
INSERT IGNORE INTO GambarProduk (id_produk, id_gambar) VALUES (82, 20);
INSERT IGNORE INTO GambarProduk (id_produk, id_gambar) VALUES (82, 176);
INSERT IGNORE INTO GambarProduk (id_produk, id_gambar) VALUES (83, 6);
INSERT IGNORE INTO GambarProduk (id_produk, id_gambar) VALUES (83, 101);
INSERT IGNORE INTO GambarProduk (id_produk, id_gambar) VALUES (83, 41);
INSERT IGNORE INTO GambarProduk (id_produk, id_gambar) VALUES (84, 50);
INSERT IGNORE INTO GambarProduk (id_produk, id_gambar) VALUES (84, 54);
INSERT IGNORE INTO GambarProduk (id_produk, id_gambar) VALUES (84, 189);
INSERT IGNORE INTO GambarProduk (id_produk, id_gambar) VALUES (85, 99);
INSERT IGNORE INTO GambarProduk (id_produk, id_gambar) VALUES (86, 84);
INSERT IGNORE INTO GambarProduk (id_produk, id_gambar) VALUES (86, 20);
INSERT IGNORE INTO GambarProduk (id_produk, id_gambar) VALUES (87, 23);
INSERT IGNORE INTO GambarProduk (id_produk, id_gambar) VALUES (87, 163);
INSERT IGNORE INTO GambarProduk (id_produk, id_gambar) VALUES (88, 155);
INSERT IGNORE INTO GambarProduk (id_produk, id_gambar) VALUES (89, 85);
INSERT IGNORE INTO GambarProduk (id_produk, id_gambar) VALUES (89, 190);
INSERT IGNORE INTO GambarProduk (id_produk, id_gambar) VALUES (90, 4);
INSERT IGNORE INTO GambarProduk (id_produk, id_gambar) VALUES (91, 173);
INSERT IGNORE INTO GambarProduk (id_produk, id_gambar) VALUES (91, 66);
INSERT IGNORE INTO GambarProduk (id_produk, id_gambar) VALUES (92, 159);
INSERT IGNORE INTO GambarProduk (id_produk, id_gambar) VALUES (93, 49);
INSERT IGNORE INTO GambarProduk (id_produk, id_gambar) VALUES (94, 114);
INSERT IGNORE INTO GambarProduk (id_produk, id_gambar) VALUES (95, 111);
INSERT IGNORE INTO GambarProduk (id_produk, id_gambar) VALUES (95, 168);
INSERT IGNORE INTO GambarProduk (id_produk, id_gambar) VALUES (96, 67);
INSERT IGNORE INTO GambarProduk (id_produk, id_gambar) VALUES (96, 61);
INSERT IGNORE INTO GambarProduk (id_produk, id_gambar) VALUES (96, 198);
INSERT IGNORE INTO GambarProduk (id_produk, id_gambar) VALUES (97, 64);
INSERT IGNORE INTO GambarProduk (id_produk, id_gambar) VALUES (97, 146);
INSERT IGNORE INTO GambarProduk (id_produk, id_gambar) VALUES (97, 84);
INSERT IGNORE INTO GambarProduk (id_produk, id_gambar) VALUES (98, 76);
INSERT IGNORE INTO GambarProduk (id_produk, id_gambar) VALUES (98, 95);
INSERT IGNORE INTO GambarProduk (id_produk, id_gambar) VALUES (99, 41);
INSERT IGNORE INTO GambarProduk (id_produk, id_gambar) VALUES (100, 178);
INSERT IGNORE INTO GambarProduk (id_produk, id_gambar) VALUES (100, 73);

-- Tag
INSERT IGNORE INTO Tag (id_tag, nama) VALUES (1, 'Elektronik');
INSERT IGNORE INTO Tag (id_tag, nama) VALUES (2, 'Fashion Pria');
INSERT IGNORE INTO Tag (id_tag, nama) VALUES (3, 'Fashion Wanita');
INSERT IGNORE INTO Tag (id_tag, nama) VALUES (4, 'Rumah Tangga');
INSERT IGNORE INTO Tag (id_tag, nama) VALUES (5, 'Kesehatan');
INSERT IGNORE INTO Tag (id_tag, nama) VALUES (6, 'Kecantikan');
INSERT IGNORE INTO Tag (id_tag, nama) VALUES (7, 'Mainan Anak');
INSERT IGNORE INTO Tag (id_tag, nama) VALUES (8, 'Buku & Alat Tulis');
INSERT IGNORE INTO Tag (id_tag, nama) VALUES (9, 'Olahraga & Outdoor');
INSERT IGNORE INTO Tag (id_tag, nama) VALUES (10, 'Otomotif Parts');
INSERT IGNORE INTO Tag (id_tag, nama) VALUES (11, 'Voucher Digital');
INSERT IGNORE INTO Tag (id_tag, nama) VALUES (12, 'Hobi & Koleksi');
INSERT IGNORE INTO Tag (id_tag, nama) VALUES (13, 'Makanan & Minuman');
INSERT IGNORE INTO Tag (id_tag, nama) VALUES (14, 'Perlengkapan Bayi');
INSERT IGNORE INTO Tag (id_tag, nama) VALUES (15, 'Komputer & Aksesoris');
INSERT IGNORE INTO Tag (id_tag, nama) VALUES (16, 'Handphone & Tablet');
INSERT IGNORE INTO Tag (id_tag, nama) VALUES (17, 'Up-Sized Reciprocal Throughput 17');
INSERT IGNORE INTO Tag (id_tag, nama) VALUES (18, 'Innovative Cohesive Local Area Network 18');
INSERT IGNORE INTO Tag (id_tag, nama) VALUES (19, 'Optimized Foreground Hardware 19');
INSERT IGNORE INTO Tag (id_tag, nama) VALUES (20, 'Multi-Channeled Web-Enabled Extranet 20');
INSERT IGNORE INTO Tag (id_tag, nama) VALUES (21, 'Extended Full-Range Secured Line 21');
INSERT IGNORE INTO Tag (id_tag, nama) VALUES (22, 'Object-Based Multimedia Focus Group 22');
INSERT IGNORE INTO Tag (id_tag, nama) VALUES (23, 'Progressive Multi-Tasking Contingency 23');
INSERT IGNORE INTO Tag (id_tag, nama) VALUES (24, 'Front-Line Zero Administration Array 24');
INSERT IGNORE INTO Tag (id_tag, nama) VALUES (25, 'Operative Mission-Critical Project 25');
INSERT IGNORE INTO Tag (id_tag, nama) VALUES (26, 'Monitored Solution-Oriented Alliance 26');
INSERT IGNORE INTO Tag (id_tag, nama) VALUES (27, 'Upgradable High-Level Frame 27');
INSERT IGNORE INTO Tag (id_tag, nama) VALUES (28, 'Open-Source Regional Graphic Interface 28');
INSERT IGNORE INTO Tag (id_tag, nama) VALUES (29, 'Optimized Contextually-Based Secured Line 29');
INSERT IGNORE INTO Tag (id_tag, nama) VALUES (30, 'Cloned Bifurcated Parallelism 30');
INSERT IGNORE INTO Tag (id_tag, nama) VALUES (31, 'Fully-Configurable National Matrix 31');
INSERT IGNORE INTO Tag (id_tag, nama) VALUES (32, 'Multi-Tiered Real-Time Complexity 32');
INSERT IGNORE INTO Tag (id_tag, nama) VALUES (33, 'Focused Systemic Local Area Network 33');
INSERT IGNORE INTO Tag (id_tag, nama) VALUES (34, 'Ergonomic Clear-Thinking Alliance 34');
INSERT IGNORE INTO Tag (id_tag, nama) VALUES (35, 'Down-Sized Homogeneous Architecture 35');
INSERT IGNORE INTO Tag (id_tag, nama) VALUES (36, 'Innovative Bifurcated Focus Group 36');
INSERT IGNORE INTO Tag (id_tag, nama) VALUES (37, 'Synergized Maximized Graphic Interface 37');
INSERT IGNORE INTO Tag (id_tag, nama) VALUES (38, 'Upgradable Clear-Thinking Archive 38');
INSERT IGNORE INTO Tag (id_tag, nama) VALUES (39, 'Devolved Attitude-Oriented Intranet 39');
INSERT IGNORE INTO Tag (id_tag, nama) VALUES (40, 'Visionary Clear-Thinking Portal 40');
INSERT IGNORE INTO Tag (id_tag, nama) VALUES (41, 'Monitored Zero-Defect Ability 41');
INSERT IGNORE INTO Tag (id_tag, nama) VALUES (42, 'Optimized Well-Modulated Infrastructure 42');
INSERT IGNORE INTO Tag (id_tag, nama) VALUES (43, 'Enterprise-Wide Bottom-Line Database 43');
INSERT IGNORE INTO Tag (id_tag, nama) VALUES (44, 'Triple-Buffered Dedicated Application 44');
INSERT IGNORE INTO Tag (id_tag, nama) VALUES (45, 'Function-Based Intangible Model 45');
INSERT IGNORE INTO Tag (id_tag, nama) VALUES (46, 'Total Systemic Workforce 46');
INSERT IGNORE INTO Tag (id_tag, nama) VALUES (47, 'Automated Holistic Emulation 47');
INSERT IGNORE INTO Tag (id_tag, nama) VALUES (48, 'Digitized 5Thgeneration Functionalities 48');
INSERT IGNORE INTO Tag (id_tag, nama) VALUES (49, 'Open-Architected Directional Functionalities 49');
INSERT IGNORE INTO Tag (id_tag, nama) VALUES (50, 'Total Methodical Flexibility 50');
INSERT IGNORE INTO Tag (id_tag, nama) VALUES (51, 'Expanded Leadingedge Portal 51');
INSERT IGNORE INTO Tag (id_tag, nama) VALUES (52, 'Cross-Platform Scalable Hub 52');
INSERT IGNORE INTO Tag (id_tag, nama) VALUES (53, 'Triple-Buffered Fault-Tolerant Graphic Interface 53');
INSERT IGNORE INTO Tag (id_tag, nama) VALUES (54, 'Re-Engineered Uniform Graphic Interface 54');
INSERT IGNORE INTO Tag (id_tag, nama) VALUES (55, 'Distributed Object-Oriented Internet Solution 55');
INSERT IGNORE INTO Tag (id_tag, nama) VALUES (56, 'Ergonomic Explicit Analyzer 56');
INSERT IGNORE INTO Tag (id_tag, nama) VALUES (57, 'Robust Grid-Enabled Throughput 57');
INSERT IGNORE INTO Tag (id_tag, nama) VALUES (58, 'Multi-Layered National Concept 58');
INSERT IGNORE INTO Tag (id_tag, nama) VALUES (59, 'Open-Architected Bi-Directional Benchmark 59');
INSERT IGNORE INTO Tag (id_tag, nama) VALUES (60, 'Re-Engineered Zero Administration Local Area Network 60');
INSERT IGNORE INTO Tag (id_tag, nama) VALUES (61, 'Centralized Optimizing Artificial Intelligence 61');
INSERT IGNORE INTO Tag (id_tag, nama) VALUES (62, 'Devolved Reciprocal Monitoring 62');
INSERT IGNORE INTO Tag (id_tag, nama) VALUES (63, 'Seamless Clear-Thinking Attitude 63');
INSERT IGNORE INTO Tag (id_tag, nama) VALUES (64, 'Focused Fault-Tolerant Instruction Set 64');
INSERT IGNORE INTO Tag (id_tag, nama) VALUES (65, 'Realigned Actuating Frame 65');
INSERT IGNORE INTO Tag (id_tag, nama) VALUES (66, 'Re-Engineered Mission-Critical Policy 66');
INSERT IGNORE INTO Tag (id_tag, nama) VALUES (67, 'Fully-Configurable Modular Strategy 67');
INSERT IGNORE INTO Tag (id_tag, nama) VALUES (68, 'Multi-Layered Multimedia Contingency 68');
INSERT IGNORE INTO Tag (id_tag, nama) VALUES (69, 'Ameliorated Asynchronous Open Architecture 69');
INSERT IGNORE INTO Tag (id_tag, nama) VALUES (70, 'Visionary Cohesive Artificial Intelligence 70');
INSERT IGNORE INTO Tag (id_tag, nama) VALUES (71, 'Upgradable Systemic Contingency 71');
INSERT IGNORE INTO Tag (id_tag, nama) VALUES (72, 'Visionary Tangible Array 72');
INSERT IGNORE INTO Tag (id_tag, nama) VALUES (73, 'Horizontal Interactive Attitude 73');
INSERT IGNORE INTO Tag (id_tag, nama) VALUES (74, 'Decentralized Composite Circuit 74');
INSERT IGNORE INTO Tag (id_tag, nama) VALUES (75, 'Reduced Even-Keeled System Engine 75');
INSERT IGNORE INTO Tag (id_tag, nama) VALUES (76, 'Switchable Impactful Function 76');
INSERT IGNORE INTO Tag (id_tag, nama) VALUES (77, 'Centralized Hybrid Groupware 77');
INSERT IGNORE INTO Tag (id_tag, nama) VALUES (78, 'Fully-Configurable National Orchestration 78');
INSERT IGNORE INTO Tag (id_tag, nama) VALUES (79, 'Stand-Alone National Groupware 79');
INSERT IGNORE INTO Tag (id_tag, nama) VALUES (80, 'Visionary Maximized Middleware 80');
INSERT IGNORE INTO Tag (id_tag, nama) VALUES (81, 'Visionary Scalable Middleware 81');
INSERT IGNORE INTO Tag (id_tag, nama) VALUES (82, 'Universal Systematic Framework 82');
INSERT IGNORE INTO Tag (id_tag, nama) VALUES (83, 'Total Optimal Productivity 83');
INSERT IGNORE INTO Tag (id_tag, nama) VALUES (84, 'Fundamental Human-Resource Archive 84');
INSERT IGNORE INTO Tag (id_tag, nama) VALUES (85, 'Business-Focused Grid-Enabled Functionalities 85');
INSERT IGNORE INTO Tag (id_tag, nama) VALUES (86, 'Stand-Alone High-Level Open System 86');
INSERT IGNORE INTO Tag (id_tag, nama) VALUES (87, 'Synergistic Multi-Tasking Success 87');
INSERT IGNORE INTO Tag (id_tag, nama) VALUES (88, 'Organic Client-Driven Alliance 88');
INSERT IGNORE INTO Tag (id_tag, nama) VALUES (89, 'Robust Mobile Monitoring 89');
INSERT IGNORE INTO Tag (id_tag, nama) VALUES (90, 'Managed Intermediate Model 90');
INSERT IGNORE INTO Tag (id_tag, nama) VALUES (91, 'Distributed Solution-Oriented Internet Solution 91');
INSERT IGNORE INTO Tag (id_tag, nama) VALUES (92, 'Function-Based Multimedia Adapter 92');
INSERT IGNORE INTO Tag (id_tag, nama) VALUES (93, 'Enterprise-Wide Web-Enabled Service-Desk 93');
INSERT IGNORE INTO Tag (id_tag, nama) VALUES (94, 'Object-Based Object-Oriented Approach 94');
INSERT IGNORE INTO Tag (id_tag, nama) VALUES (95, 'Polarized 3Rdgeneration Project 95');
INSERT IGNORE INTO Tag (id_tag, nama) VALUES (96, 'Down-Sized Encompassing Migration 96');
INSERT IGNORE INTO Tag (id_tag, nama) VALUES (97, 'Open-Architected Composite Matrix 97');
INSERT IGNORE INTO Tag (id_tag, nama) VALUES (98, 'Ameliorated Composite Project 98');
INSERT IGNORE INTO Tag (id_tag, nama) VALUES (99, 'Advanced Reciprocal Ability 99');
INSERT IGNORE INTO Tag (id_tag, nama) VALUES (100, 'Reactive Uniform Archive 100');
INSERT IGNORE INTO Tag (id_tag, nama) VALUES (101, 'Integrated Needs-Based Info-Mediaries 101');
INSERT IGNORE INTO Tag (id_tag, nama) VALUES (102, 'Reduced Grid-Enabled Internet Solution 102');
INSERT IGNORE INTO Tag (id_tag, nama) VALUES (103, 'Streamlined Executive Knowledge User 103');
INSERT IGNORE INTO Tag (id_tag, nama) VALUES (104, 'Monitored Stable Approach 104');
INSERT IGNORE INTO Tag (id_tag, nama) VALUES (105, 'Assimilated Interactive Info-Mediaries 105');
INSERT IGNORE INTO Tag (id_tag, nama) VALUES (106, 'Cloned Radical Paradigm 106');
INSERT IGNORE INTO Tag (id_tag, nama) VALUES (107, 'Open-Architected Encompassing Toolset 107');
INSERT IGNORE INTO Tag (id_tag, nama) VALUES (108, 'Up-Sized Zero Tolerance Analyzer 108');
INSERT IGNORE INTO Tag (id_tag, nama) VALUES (109, 'Integrated Zero-Defect Framework 109');
INSERT IGNORE INTO Tag (id_tag, nama) VALUES (110, 'Optional Asynchronous Moratorium 110');
INSERT IGNORE INTO Tag (id_tag, nama) VALUES (111, 'Innovative Grid-Enabled Utilization 111');
INSERT IGNORE INTO Tag (id_tag, nama) VALUES (112, 'Diverse Analyzing Model 112');
INSERT IGNORE INTO Tag (id_tag, nama) VALUES (113, 'Persistent Multi-State Paradigm 113');
INSERT IGNORE INTO Tag (id_tag, nama) VALUES (114, 'Function-Based Discrete Structure 114');
INSERT IGNORE INTO Tag (id_tag, nama) VALUES (115, 'Pre-Emptive Bottom-Line Initiative 115');
INSERT IGNORE INTO Tag (id_tag, nama) VALUES (116, 'Distributed Uniform Synergy 116');
INSERT IGNORE INTO Tag (id_tag, nama) VALUES (117, 'Horizontal Client-Driven Encryption 117');
INSERT IGNORE INTO Tag (id_tag, nama) VALUES (118, 'Exclusive Client-Driven Approach 118');
INSERT IGNORE INTO Tag (id_tag, nama) VALUES (119, 'Enterprise-Wide Dynamic Budgetary Management 119');
INSERT IGNORE INTO Tag (id_tag, nama) VALUES (120, 'Mandatory Heuristic Capacity 120');

-- TagProduk
INSERT IGNORE INTO TagProduk (id_produk, id_tag) VALUES (1, 81);
INSERT IGNORE INTO TagProduk (id_produk, id_tag) VALUES (1, 101);
INSERT IGNORE INTO TagProduk (id_produk, id_tag) VALUES (1, 104);
INSERT IGNORE INTO TagProduk (id_produk, id_tag) VALUES (1, 19);
INSERT IGNORE INTO TagProduk (id_produk, id_tag) VALUES (2, 70);
INSERT IGNORE INTO TagProduk (id_produk, id_tag) VALUES (3, 21);
INSERT IGNORE INTO TagProduk (id_produk, id_tag) VALUES (3, 77);
INSERT IGNORE INTO TagProduk (id_produk, id_tag) VALUES (3, 51);
INSERT IGNORE INTO TagProduk (id_produk, id_tag) VALUES (4, 18);
INSERT IGNORE INTO TagProduk (id_produk, id_tag) VALUES (4, 16);
INSERT IGNORE INTO TagProduk (id_produk, id_tag) VALUES (4, 119);
INSERT IGNORE INTO TagProduk (id_produk, id_tag) VALUES (5, 97);
INSERT IGNORE INTO TagProduk (id_produk, id_tag) VALUES (6, 21);
INSERT IGNORE INTO TagProduk (id_produk, id_tag) VALUES (6, 50);
INSERT IGNORE INTO TagProduk (id_produk, id_tag) VALUES (6, 3);
INSERT IGNORE INTO TagProduk (id_produk, id_tag) VALUES (6, 61);
INSERT IGNORE INTO TagProduk (id_produk, id_tag) VALUES (7, 74);
INSERT IGNORE INTO TagProduk (id_produk, id_tag) VALUES (7, 30);
INSERT IGNORE INTO TagProduk (id_produk, id_tag) VALUES (7, 14);
INSERT IGNORE INTO TagProduk (id_produk, id_tag) VALUES (8, 38);
INSERT IGNORE INTO TagProduk (id_produk, id_tag) VALUES (8, 56);
INSERT IGNORE INTO TagProduk (id_produk, id_tag) VALUES (9, 17);
INSERT IGNORE INTO TagProduk (id_produk, id_tag) VALUES (9, 89);
INSERT IGNORE INTO TagProduk (id_produk, id_tag) VALUES (10, 45);
INSERT IGNORE INTO TagProduk (id_produk, id_tag) VALUES (10, 5);
INSERT IGNORE INTO TagProduk (id_produk, id_tag) VALUES (11, 64);
INSERT IGNORE INTO TagProduk (id_produk, id_tag) VALUES (11, 30);
INSERT IGNORE INTO TagProduk (id_produk, id_tag) VALUES (12, 73);
INSERT IGNORE INTO TagProduk (id_produk, id_tag) VALUES (12, 12);
INSERT IGNORE INTO TagProduk (id_produk, id_tag) VALUES (12, 21);
INSERT IGNORE INTO TagProduk (id_produk, id_tag) VALUES (13, 79);
INSERT IGNORE INTO TagProduk (id_produk, id_tag) VALUES (13, 32);
INSERT IGNORE INTO TagProduk (id_produk, id_tag) VALUES (13, 5);
INSERT IGNORE INTO TagProduk (id_produk, id_tag) VALUES (13, 93);
INSERT IGNORE INTO TagProduk (id_produk, id_tag) VALUES (14, 54);
INSERT IGNORE INTO TagProduk (id_produk, id_tag) VALUES (14, 50);
INSERT IGNORE INTO TagProduk (id_produk, id_tag) VALUES (14, 32);
INSERT IGNORE INTO TagProduk (id_produk, id_tag) VALUES (15, 34);
INSERT IGNORE INTO TagProduk (id_produk, id_tag) VALUES (15, 95);
INSERT IGNORE INTO TagProduk (id_produk, id_tag) VALUES (16, 40);
INSERT IGNORE INTO TagProduk (id_produk, id_tag) VALUES (17, 66);
INSERT IGNORE INTO TagProduk (id_produk, id_tag) VALUES (17, 100);
INSERT IGNORE INTO TagProduk (id_produk, id_tag) VALUES (18, 36);
INSERT IGNORE INTO TagProduk (id_produk, id_tag) VALUES (18, 97);
INSERT IGNORE INTO TagProduk (id_produk, id_tag) VALUES (18, 73);
INSERT IGNORE INTO TagProduk (id_produk, id_tag) VALUES (19, 89);
INSERT IGNORE INTO TagProduk (id_produk, id_tag) VALUES (19, 86);
INSERT IGNORE INTO TagProduk (id_produk, id_tag) VALUES (19, 93);
INSERT IGNORE INTO TagProduk (id_produk, id_tag) VALUES (20, 69);
INSERT IGNORE INTO TagProduk (id_produk, id_tag) VALUES (20, 111);
INSERT IGNORE INTO TagProduk (id_produk, id_tag) VALUES (20, 118);
INSERT IGNORE INTO TagProduk (id_produk, id_tag) VALUES (20, 75);
INSERT IGNORE INTO TagProduk (id_produk, id_tag) VALUES (21, 93);
INSERT IGNORE INTO TagProduk (id_produk, id_tag) VALUES (22, 24);
INSERT IGNORE INTO TagProduk (id_produk, id_tag) VALUES (23, 12);
INSERT IGNORE INTO TagProduk (id_produk, id_tag) VALUES (24, 70);
INSERT IGNORE INTO TagProduk (id_produk, id_tag) VALUES (24, 39);
INSERT IGNORE INTO TagProduk (id_produk, id_tag) VALUES (24, 107);
INSERT IGNORE INTO TagProduk (id_produk, id_tag) VALUES (25, 46);
INSERT IGNORE INTO TagProduk (id_produk, id_tag) VALUES (25, 7);
INSERT IGNORE INTO TagProduk (id_produk, id_tag) VALUES (25, 14);
INSERT IGNORE INTO TagProduk (id_produk, id_tag) VALUES (26, 49);
INSERT IGNORE INTO TagProduk (id_produk, id_tag) VALUES (26, 96);
INSERT IGNORE INTO TagProduk (id_produk, id_tag) VALUES (26, 29);
INSERT IGNORE INTO TagProduk (id_produk, id_tag) VALUES (26, 108);
INSERT IGNORE INTO TagProduk (id_produk, id_tag) VALUES (27, 105);
INSERT IGNORE INTO TagProduk (id_produk, id_tag) VALUES (28, 78);
INSERT IGNORE INTO TagProduk (id_produk, id_tag) VALUES (28, 118);
INSERT IGNORE INTO TagProduk (id_produk, id_tag) VALUES (29, 98);
INSERT IGNORE INTO TagProduk (id_produk, id_tag) VALUES (30, 96);
INSERT IGNORE INTO TagProduk (id_produk, id_tag) VALUES (30, 59);
INSERT IGNORE INTO TagProduk (id_produk, id_tag) VALUES (30, 109);
INSERT IGNORE INTO TagProduk (id_produk, id_tag) VALUES (31, 57);
INSERT IGNORE INTO TagProduk (id_produk, id_tag) VALUES (32, 43);
INSERT IGNORE INTO TagProduk (id_produk, id_tag) VALUES (33, 73);
INSERT IGNORE INTO TagProduk (id_produk, id_tag) VALUES (33, 57);
INSERT IGNORE INTO TagProduk (id_produk, id_tag) VALUES (33, 10);
INSERT IGNORE INTO TagProduk (id_produk, id_tag) VALUES (33, 99);
INSERT IGNORE INTO TagProduk (id_produk, id_tag) VALUES (34, 28);
INSERT IGNORE INTO TagProduk (id_produk, id_tag) VALUES (34, 23);
INSERT IGNORE INTO TagProduk (id_produk, id_tag) VALUES (35, 31);
INSERT IGNORE INTO TagProduk (id_produk, id_tag) VALUES (35, 91);
INSERT IGNORE INTO TagProduk (id_produk, id_tag) VALUES (36, 103);
INSERT IGNORE INTO TagProduk (id_produk, id_tag) VALUES (37, 88);
INSERT IGNORE INTO TagProduk (id_produk, id_tag) VALUES (38, 59);
INSERT IGNORE INTO TagProduk (id_produk, id_tag) VALUES (38, 77);
INSERT IGNORE INTO TagProduk (id_produk, id_tag) VALUES (38, 56);
INSERT IGNORE INTO TagProduk (id_produk, id_tag) VALUES (39, 47);
INSERT IGNORE INTO TagProduk (id_produk, id_tag) VALUES (39, 2);
INSERT IGNORE INTO TagProduk (id_produk, id_tag) VALUES (39, 44);
INSERT IGNORE INTO TagProduk (id_produk, id_tag) VALUES (39, 45);
INSERT IGNORE INTO TagProduk (id_produk, id_tag) VALUES (40, 106);
INSERT IGNORE INTO TagProduk (id_produk, id_tag) VALUES (41, 72);
INSERT IGNORE INTO TagProduk (id_produk, id_tag) VALUES (41, 98);
INSERT IGNORE INTO TagProduk (id_produk, id_tag) VALUES (42, 120);
INSERT IGNORE INTO TagProduk (id_produk, id_tag) VALUES (42, 1);
INSERT IGNORE INTO TagProduk (id_produk, id_tag) VALUES (42, 112);
INSERT IGNORE INTO TagProduk (id_produk, id_tag) VALUES (43, 86);
INSERT IGNORE INTO TagProduk (id_produk, id_tag) VALUES (43, 88);
INSERT IGNORE INTO TagProduk (id_produk, id_tag) VALUES (43, 27);
INSERT IGNORE INTO TagProduk (id_produk, id_tag) VALUES (44, 31);
INSERT IGNORE INTO TagProduk (id_produk, id_tag) VALUES (45, 81);
INSERT IGNORE INTO TagProduk (id_produk, id_tag) VALUES (46, 104);
INSERT IGNORE INTO TagProduk (id_produk, id_tag) VALUES (46, 12);
INSERT IGNORE INTO TagProduk (id_produk, id_tag) VALUES (46, 106);
INSERT IGNORE INTO TagProduk (id_produk, id_tag) VALUES (46, 48);
INSERT IGNORE INTO TagProduk (id_produk, id_tag) VALUES (47, 67);
INSERT IGNORE INTO TagProduk (id_produk, id_tag) VALUES (48, 41);
INSERT IGNORE INTO TagProduk (id_produk, id_tag) VALUES (49, 3);
INSERT IGNORE INTO TagProduk (id_produk, id_tag) VALUES (49, 47);
INSERT IGNORE INTO TagProduk (id_produk, id_tag) VALUES (49, 58);
INSERT IGNORE INTO TagProduk (id_produk, id_tag) VALUES (49, 51);
INSERT IGNORE INTO TagProduk (id_produk, id_tag) VALUES (50, 95);
INSERT IGNORE INTO TagProduk (id_produk, id_tag) VALUES (50, 29);
INSERT IGNORE INTO TagProduk (id_produk, id_tag) VALUES (50, 11);
INSERT IGNORE INTO TagProduk (id_produk, id_tag) VALUES (50, 55);
INSERT IGNORE INTO TagProduk (id_produk, id_tag) VALUES (51, 35);
INSERT IGNORE INTO TagProduk (id_produk, id_tag) VALUES (52, 49);
INSERT IGNORE INTO TagProduk (id_produk, id_tag) VALUES (52, 63);
INSERT IGNORE INTO TagProduk (id_produk, id_tag) VALUES (52, 68);
INSERT IGNORE INTO TagProduk (id_produk, id_tag) VALUES (53, 59);
INSERT IGNORE INTO TagProduk (id_produk, id_tag) VALUES (54, 80);
INSERT IGNORE INTO TagProduk (id_produk, id_tag) VALUES (55, 37);
INSERT IGNORE INTO TagProduk (id_produk, id_tag) VALUES (56, 98);
INSERT IGNORE INTO TagProduk (id_produk, id_tag) VALUES (56, 115);
INSERT IGNORE INTO TagProduk (id_produk, id_tag) VALUES (56, 86);
INSERT IGNORE INTO TagProduk (id_produk, id_tag) VALUES (57, 47);
INSERT IGNORE INTO TagProduk (id_produk, id_tag) VALUES (58, 13);
INSERT IGNORE INTO TagProduk (id_produk, id_tag) VALUES (58, 25);
INSERT IGNORE INTO TagProduk (id_produk, id_tag) VALUES (58, 113);
INSERT IGNORE INTO TagProduk (id_produk, id_tag) VALUES (59, 108);
INSERT IGNORE INTO TagProduk (id_produk, id_tag) VALUES (59, 28);
INSERT IGNORE INTO TagProduk (id_produk, id_tag) VALUES (59, 104);
INSERT IGNORE INTO TagProduk (id_produk, id_tag) VALUES (59, 79);
INSERT IGNORE INTO TagProduk (id_produk, id_tag) VALUES (60, 76);
INSERT IGNORE INTO TagProduk (id_produk, id_tag) VALUES (60, 68);
INSERT IGNORE INTO TagProduk (id_produk, id_tag) VALUES (61, 28);
INSERT IGNORE INTO TagProduk (id_produk, id_tag) VALUES (61, 114);
INSERT IGNORE INTO TagProduk (id_produk, id_tag) VALUES (62, 99);
INSERT IGNORE INTO TagProduk (id_produk, id_tag) VALUES (62, 41);
INSERT IGNORE INTO TagProduk (id_produk, id_tag) VALUES (63, 17);
INSERT IGNORE INTO TagProduk (id_produk, id_tag) VALUES (64, 37);
INSERT IGNORE INTO TagProduk (id_produk, id_tag) VALUES (65, 65);
INSERT IGNORE INTO TagProduk (id_produk, id_tag) VALUES (65, 90);
INSERT IGNORE INTO TagProduk (id_produk, id_tag) VALUES (66, 97);
INSERT IGNORE INTO TagProduk (id_produk, id_tag) VALUES (67, 3);
INSERT IGNORE INTO TagProduk (id_produk, id_tag) VALUES (67, 7);
INSERT IGNORE INTO TagProduk (id_produk, id_tag) VALUES (67, 84);
INSERT IGNORE INTO TagProduk (id_produk, id_tag) VALUES (67, 49);
INSERT IGNORE INTO TagProduk (id_produk, id_tag) VALUES (68, 97);
INSERT IGNORE INTO TagProduk (id_produk, id_tag) VALUES (68, 50);
INSERT IGNORE INTO TagProduk (id_produk, id_tag) VALUES (69, 48);
INSERT IGNORE INTO TagProduk (id_produk, id_tag) VALUES (69, 61);
INSERT IGNORE INTO TagProduk (id_produk, id_tag) VALUES (70, 117);
INSERT IGNORE INTO TagProduk (id_produk, id_tag) VALUES (70, 50);
INSERT IGNORE INTO TagProduk (id_produk, id_tag) VALUES (70, 42);
INSERT IGNORE INTO TagProduk (id_produk, id_tag) VALUES (70, 72);
INSERT IGNORE INTO TagProduk (id_produk, id_tag) VALUES (71, 56);
INSERT IGNORE INTO TagProduk (id_produk, id_tag) VALUES (71, 120);
INSERT IGNORE INTO TagProduk (id_produk, id_tag) VALUES (72, 106);
INSERT IGNORE INTO TagProduk (id_produk, id_tag) VALUES (73, 38);
INSERT IGNORE INTO TagProduk (id_produk, id_tag) VALUES (74, 75);
INSERT IGNORE INTO TagProduk (id_produk, id_tag) VALUES (74, 70);
INSERT IGNORE INTO TagProduk (id_produk, id_tag) VALUES (74, 6);
INSERT IGNORE INTO TagProduk (id_produk, id_tag) VALUES (74, 13);
INSERT IGNORE INTO TagProduk (id_produk, id_tag) VALUES (75, 75);
INSERT IGNORE INTO TagProduk (id_produk, id_tag) VALUES (75, 42);
INSERT IGNORE INTO TagProduk (id_produk, id_tag) VALUES (75, 77);
INSERT IGNORE INTO TagProduk (id_produk, id_tag) VALUES (76, 100);
INSERT IGNORE INTO TagProduk (id_produk, id_tag) VALUES (76, 22);
INSERT IGNORE INTO TagProduk (id_produk, id_tag) VALUES (77, 102);
INSERT IGNORE INTO TagProduk (id_produk, id_tag) VALUES (78, 67);
INSERT IGNORE INTO TagProduk (id_produk, id_tag) VALUES (78, 107);
INSERT IGNORE INTO TagProduk (id_produk, id_tag) VALUES (78, 105);
INSERT IGNORE INTO TagProduk (id_produk, id_tag) VALUES (79, 102);
INSERT IGNORE INTO TagProduk (id_produk, id_tag) VALUES (79, 81);
INSERT IGNORE INTO TagProduk (id_produk, id_tag) VALUES (79, 108);
INSERT IGNORE INTO TagProduk (id_produk, id_tag) VALUES (80, 14);
INSERT IGNORE INTO TagProduk (id_produk, id_tag) VALUES (80, 18);
INSERT IGNORE INTO TagProduk (id_produk, id_tag) VALUES (80, 73);
INSERT IGNORE INTO TagProduk (id_produk, id_tag) VALUES (80, 119);
INSERT IGNORE INTO TagProduk (id_produk, id_tag) VALUES (81, 15);
INSERT IGNORE INTO TagProduk (id_produk, id_tag) VALUES (81, 69);
INSERT IGNORE INTO TagProduk (id_produk, id_tag) VALUES (81, 30);
INSERT IGNORE INTO TagProduk (id_produk, id_tag) VALUES (82, 79);
INSERT IGNORE INTO TagProduk (id_produk, id_tag) VALUES (83, 1);
INSERT IGNORE INTO TagProduk (id_produk, id_tag) VALUES (83, 10);
INSERT IGNORE INTO TagProduk (id_produk, id_tag) VALUES (83, 16);
INSERT IGNORE INTO TagProduk (id_produk, id_tag) VALUES (83, 72);
INSERT IGNORE INTO TagProduk (id_produk, id_tag) VALUES (84, 66);
INSERT IGNORE INTO TagProduk (id_produk, id_tag) VALUES (84, 100);
INSERT IGNORE INTO TagProduk (id_produk, id_tag) VALUES (84, 1);
INSERT IGNORE INTO TagProduk (id_produk, id_tag) VALUES (85, 16);
INSERT IGNORE INTO TagProduk (id_produk, id_tag) VALUES (85, 114);
INSERT IGNORE INTO TagProduk (id_produk, id_tag) VALUES (86, 9);
INSERT IGNORE INTO TagProduk (id_produk, id_tag) VALUES (86, 39);
INSERT IGNORE INTO TagProduk (id_produk, id_tag) VALUES (86, 62);
INSERT IGNORE INTO TagProduk (id_produk, id_tag) VALUES (87, 72);
INSERT IGNORE INTO TagProduk (id_produk, id_tag) VALUES (87, 65);
INSERT IGNORE INTO TagProduk (id_produk, id_tag) VALUES (88, 29);
INSERT IGNORE INTO TagProduk (id_produk, id_tag) VALUES (88, 39);
INSERT IGNORE INTO TagProduk (id_produk, id_tag) VALUES (89, 63);
INSERT IGNORE INTO TagProduk (id_produk, id_tag) VALUES (89, 65);
INSERT IGNORE INTO TagProduk (id_produk, id_tag) VALUES (89, 12);
INSERT IGNORE INTO TagProduk (id_produk, id_tag) VALUES (90, 46);
INSERT IGNORE INTO TagProduk (id_produk, id_tag) VALUES (91, 1);
INSERT IGNORE INTO TagProduk (id_produk, id_tag) VALUES (91, 90);
INSERT IGNORE INTO TagProduk (id_produk, id_tag) VALUES (92, 107);
INSERT IGNORE INTO TagProduk (id_produk, id_tag) VALUES (93, 47);
INSERT IGNORE INTO TagProduk (id_produk, id_tag) VALUES (93, 118);
INSERT IGNORE INTO TagProduk (id_produk, id_tag) VALUES (93, 96);
INSERT IGNORE INTO TagProduk (id_produk, id_tag) VALUES (93, 86);
INSERT IGNORE INTO TagProduk (id_produk, id_tag) VALUES (94, 19);
INSERT IGNORE INTO TagProduk (id_produk, id_tag) VALUES (94, 29);
INSERT IGNORE INTO TagProduk (id_produk, id_tag) VALUES (94, 56);
INSERT IGNORE INTO TagProduk (id_produk, id_tag) VALUES (94, 113);
INSERT IGNORE INTO TagProduk (id_produk, id_tag) VALUES (95, 48);
INSERT IGNORE INTO TagProduk (id_produk, id_tag) VALUES (96, 17);
INSERT IGNORE INTO TagProduk (id_produk, id_tag) VALUES (96, 2);
INSERT IGNORE INTO TagProduk (id_produk, id_tag) VALUES (97, 36);
INSERT IGNORE INTO TagProduk (id_produk, id_tag) VALUES (97, 67);
INSERT IGNORE INTO TagProduk (id_produk, id_tag) VALUES (97, 84);
INSERT IGNORE INTO TagProduk (id_produk, id_tag) VALUES (97, 49);
INSERT IGNORE INTO TagProduk (id_produk, id_tag) VALUES (98, 113);
INSERT IGNORE INTO TagProduk (id_produk, id_tag) VALUES (99, 115);
INSERT IGNORE INTO TagProduk (id_produk, id_tag) VALUES (99, 2);
INSERT IGNORE INTO TagProduk (id_produk, id_tag) VALUES (99, 44);
INSERT IGNORE INTO TagProduk (id_produk, id_tag) VALUES (100, 97);
INSERT IGNORE INTO TagProduk (id_produk, id_tag) VALUES (100, 81);
INSERT IGNORE INTO TagProduk (id_produk, id_tag) VALUES (100, 56);
INSERT IGNORE INTO TagProduk (id_produk, id_tag) VALUES (100, 39);

-- BarangKeranjang
INSERT IGNORE INTO BarangKeranjang (id_keranjang, sku, kuantitas) VALUES (1, 'SKU000004', 2);
INSERT IGNORE INTO BarangKeranjang (id_keranjang, sku, kuantitas) VALUES (1, 'SKU000110', 1);
INSERT IGNORE INTO BarangKeranjang (id_keranjang, sku, kuantitas) VALUES (1, 'SKU000058', 2);
INSERT IGNORE INTO BarangKeranjang (id_keranjang, sku, kuantitas) VALUES (2, 'SKU000151', 1);
INSERT IGNORE INTO BarangKeranjang (id_keranjang, sku, kuantitas) VALUES (2, 'SKU000040', 3);
INSERT IGNORE INTO BarangKeranjang (id_keranjang, sku, kuantitas) VALUES (2, 'SKU000156', 2);
INSERT IGNORE INTO BarangKeranjang (id_keranjang, sku, kuantitas) VALUES (2, 'SKU000079', 1);
INSERT IGNORE INTO BarangKeranjang (id_keranjang, sku, kuantitas) VALUES (2, 'SKU000126', 2);
INSERT IGNORE INTO BarangKeranjang (id_keranjang, sku, kuantitas) VALUES (4, 'SKU000154', 1);
INSERT IGNORE INTO BarangKeranjang (id_keranjang, sku, kuantitas) VALUES (4, 'SKU000102', 2);
INSERT IGNORE INTO BarangKeranjang (id_keranjang, sku, kuantitas) VALUES (4, 'SKU000163', 2);
INSERT IGNORE INTO BarangKeranjang (id_keranjang, sku, kuantitas) VALUES (4, 'SKU000067', 1);
INSERT IGNORE INTO BarangKeranjang (id_keranjang, sku, kuantitas) VALUES (4, 'SKU000127', 1);
INSERT IGNORE INTO BarangKeranjang (id_keranjang, sku, kuantitas) VALUES (5, 'SKU000159', 3);
INSERT IGNORE INTO BarangKeranjang (id_keranjang, sku, kuantitas) VALUES (5, 'SKU000121', 2);
INSERT IGNORE INTO BarangKeranjang (id_keranjang, sku, kuantitas) VALUES (5, 'SKU000047', 2);
INSERT IGNORE INTO BarangKeranjang (id_keranjang, sku, kuantitas) VALUES (5, 'SKU000046', 2);
INSERT IGNORE INTO BarangKeranjang (id_keranjang, sku, kuantitas) VALUES (5, 'SKU000063', 2);
INSERT IGNORE INTO BarangKeranjang (id_keranjang, sku, kuantitas) VALUES (6, 'SKU000145', 2);
INSERT IGNORE INTO BarangKeranjang (id_keranjang, sku, kuantitas) VALUES (6, 'SKU000187', 3);
INSERT IGNORE INTO BarangKeranjang (id_keranjang, sku, kuantitas) VALUES (7, 'SKU000041', 3);
INSERT IGNORE INTO BarangKeranjang (id_keranjang, sku, kuantitas) VALUES (7, 'SKU000043', 3);
INSERT IGNORE INTO BarangKeranjang (id_keranjang, sku, kuantitas) VALUES (7, 'SKU000154', 2);
INSERT IGNORE INTO BarangKeranjang (id_keranjang, sku, kuantitas) VALUES (7, 'SKU000001', 3);
INSERT IGNORE INTO BarangKeranjang (id_keranjang, sku, kuantitas) VALUES (8, 'SKU000143', 1);
INSERT IGNORE INTO BarangKeranjang (id_keranjang, sku, kuantitas) VALUES (8, 'SKU000191', 1);
INSERT IGNORE INTO BarangKeranjang (id_keranjang, sku, kuantitas) VALUES (8, 'SKU000170', 2);
INSERT IGNORE INTO BarangKeranjang (id_keranjang, sku, kuantitas) VALUES (8, 'SKU000022', 2);
INSERT IGNORE INTO BarangKeranjang (id_keranjang, sku, kuantitas) VALUES (8, 'SKU000029', 3);
INSERT IGNORE INTO BarangKeranjang (id_keranjang, sku, kuantitas) VALUES (9, 'SKU000110', 2);
INSERT IGNORE INTO BarangKeranjang (id_keranjang, sku, kuantitas) VALUES (9, 'SKU000108', 2);
INSERT IGNORE INTO BarangKeranjang (id_keranjang, sku, kuantitas) VALUES (9, 'SKU000173', 3);
INSERT IGNORE INTO BarangKeranjang (id_keranjang, sku, kuantitas) VALUES (11, 'SKU000079', 2);
INSERT IGNORE INTO BarangKeranjang (id_keranjang, sku, kuantitas) VALUES (11, 'SKU000064', 1);
INSERT IGNORE INTO BarangKeranjang (id_keranjang, sku, kuantitas) VALUES (11, 'SKU000193', 3);
INSERT IGNORE INTO BarangKeranjang (id_keranjang, sku, kuantitas) VALUES (11, 'SKU000168', 1);
INSERT IGNORE INTO BarangKeranjang (id_keranjang, sku, kuantitas) VALUES (11, 'SKU000116', 3);
INSERT IGNORE INTO BarangKeranjang (id_keranjang, sku, kuantitas) VALUES (12, 'SKU000098', 2);
INSERT IGNORE INTO BarangKeranjang (id_keranjang, sku, kuantitas) VALUES (12, 'SKU000081', 2);
INSERT IGNORE INTO BarangKeranjang (id_keranjang, sku, kuantitas) VALUES (12, 'SKU000157', 2);
INSERT IGNORE INTO BarangKeranjang (id_keranjang, sku, kuantitas) VALUES (15, 'SKU000062', 2);
INSERT IGNORE INTO BarangKeranjang (id_keranjang, sku, kuantitas) VALUES (15, 'SKU000185', 3);
INSERT IGNORE INTO BarangKeranjang (id_keranjang, sku, kuantitas) VALUES (15, 'SKU000176', 1);
INSERT IGNORE INTO BarangKeranjang (id_keranjang, sku, kuantitas) VALUES (15, 'SKU000014', 3);
INSERT IGNORE INTO BarangKeranjang (id_keranjang, sku, kuantitas) VALUES (16, 'SKU000052', 1);
INSERT IGNORE INTO BarangKeranjang (id_keranjang, sku, kuantitas) VALUES (16, 'SKU000186', 1);
INSERT IGNORE INTO BarangKeranjang (id_keranjang, sku, kuantitas) VALUES (16, 'SKU000003', 1);
INSERT IGNORE INTO BarangKeranjang (id_keranjang, sku, kuantitas) VALUES (18, 'SKU000011', 3);
INSERT IGNORE INTO BarangKeranjang (id_keranjang, sku, kuantitas) VALUES (18, 'SKU000131', 3);
INSERT IGNORE INTO BarangKeranjang (id_keranjang, sku, kuantitas) VALUES (19, 'SKU000194', 2);
INSERT IGNORE INTO BarangKeranjang (id_keranjang, sku, kuantitas) VALUES (19, 'SKU000158', 1);
INSERT IGNORE INTO BarangKeranjang (id_keranjang, sku, kuantitas) VALUES (19, 'SKU000046', 2);
INSERT IGNORE INTO BarangKeranjang (id_keranjang, sku, kuantitas) VALUES (20, 'SKU000048', 3);
INSERT IGNORE INTO BarangKeranjang (id_keranjang, sku, kuantitas) VALUES (20, 'SKU000140', 3);
INSERT IGNORE INTO BarangKeranjang (id_keranjang, sku, kuantitas) VALUES (20, 'SKU000032', 1);
INSERT IGNORE INTO BarangKeranjang (id_keranjang, sku, kuantitas) VALUES (20, 'SKU000196', 3);
INSERT IGNORE INTO BarangKeranjang (id_keranjang, sku, kuantitas) VALUES (21, 'SKU000119', 3);
INSERT IGNORE INTO BarangKeranjang (id_keranjang, sku, kuantitas) VALUES (23, 'SKU000068', 3);
INSERT IGNORE INTO BarangKeranjang (id_keranjang, sku, kuantitas) VALUES (23, 'SKU000198', 2);
INSERT IGNORE INTO BarangKeranjang (id_keranjang, sku, kuantitas) VALUES (23, 'SKU000043', 2);
INSERT IGNORE INTO BarangKeranjang (id_keranjang, sku, kuantitas) VALUES (24, 'SKU000115', 3);
INSERT IGNORE INTO BarangKeranjang (id_keranjang, sku, kuantitas) VALUES (26, 'SKU000126', 2);
INSERT IGNORE INTO BarangKeranjang (id_keranjang, sku, kuantitas) VALUES (26, 'SKU000074', 3);
INSERT IGNORE INTO BarangKeranjang (id_keranjang, sku, kuantitas) VALUES (26, 'SKU000013', 3);
INSERT IGNORE INTO BarangKeranjang (id_keranjang, sku, kuantitas) VALUES (27, 'SKU000185', 2);
INSERT IGNORE INTO BarangKeranjang (id_keranjang, sku, kuantitas) VALUES (27, 'SKU000016', 3);
INSERT IGNORE INTO BarangKeranjang (id_keranjang, sku, kuantitas) VALUES (27, 'SKU000106', 2);
INSERT IGNORE INTO BarangKeranjang (id_keranjang, sku, kuantitas) VALUES (28, 'SKU000102', 2);
INSERT IGNORE INTO BarangKeranjang (id_keranjang, sku, kuantitas) VALUES (28, 'SKU000171', 2);
INSERT IGNORE INTO BarangKeranjang (id_keranjang, sku, kuantitas) VALUES (28, 'SKU000082', 1);
INSERT IGNORE INTO BarangKeranjang (id_keranjang, sku, kuantitas) VALUES (29, 'SKU000041', 2);
INSERT IGNORE INTO BarangKeranjang (id_keranjang, sku, kuantitas) VALUES (29, 'SKU000003', 2);
INSERT IGNORE INTO BarangKeranjang (id_keranjang, sku, kuantitas) VALUES (29, 'SKU000148', 1);
INSERT IGNORE INTO BarangKeranjang (id_keranjang, sku, kuantitas) VALUES (30, 'SKU000181', 3);
INSERT IGNORE INTO BarangKeranjang (id_keranjang, sku, kuantitas) VALUES (30, 'SKU000008', 2);
INSERT IGNORE INTO BarangKeranjang (id_keranjang, sku, kuantitas) VALUES (31, 'SKU000173', 2);
INSERT IGNORE INTO BarangKeranjang (id_keranjang, sku, kuantitas) VALUES (31, 'SKU000029', 2);
INSERT IGNORE INTO BarangKeranjang (id_keranjang, sku, kuantitas) VALUES (31, 'SKU000130', 1);
INSERT IGNORE INTO BarangKeranjang (id_keranjang, sku, kuantitas) VALUES (31, 'SKU000125', 1);
INSERT IGNORE INTO BarangKeranjang (id_keranjang, sku, kuantitas) VALUES (31, 'SKU000030', 2);
INSERT IGNORE INTO BarangKeranjang (id_keranjang, sku, kuantitas) VALUES (32, 'SKU000081', 2);
INSERT IGNORE INTO BarangKeranjang (id_keranjang, sku, kuantitas) VALUES (32, 'SKU000172', 1);
INSERT IGNORE INTO BarangKeranjang (id_keranjang, sku, kuantitas) VALUES (32, 'SKU000185', 3);
INSERT IGNORE INTO BarangKeranjang (id_keranjang, sku, kuantitas) VALUES (32, 'SKU000103', 1);
INSERT IGNORE INTO BarangKeranjang (id_keranjang, sku, kuantitas) VALUES (33, 'SKU000166', 2);
INSERT IGNORE INTO BarangKeranjang (id_keranjang, sku, kuantitas) VALUES (35, 'SKU000087', 1);
INSERT IGNORE INTO BarangKeranjang (id_keranjang, sku, kuantitas) VALUES (35, 'SKU000063', 1);
INSERT IGNORE INTO BarangKeranjang (id_keranjang, sku, kuantitas) VALUES (38, 'SKU000019', 2);
INSERT IGNORE INTO BarangKeranjang (id_keranjang, sku, kuantitas) VALUES (38, 'SKU000154', 3);
INSERT IGNORE INTO BarangKeranjang (id_keranjang, sku, kuantitas) VALUES (39, 'SKU000121', 2);
INSERT IGNORE INTO BarangKeranjang (id_keranjang, sku, kuantitas) VALUES (40, 'SKU000155', 2);
INSERT IGNORE INTO BarangKeranjang (id_keranjang, sku, kuantitas) VALUES (40, 'SKU000049', 1);
INSERT IGNORE INTO BarangKeranjang (id_keranjang, sku, kuantitas) VALUES (40, 'SKU000061', 2);
INSERT IGNORE INTO BarangKeranjang (id_keranjang, sku, kuantitas) VALUES (41, 'SKU000149', 2);
INSERT IGNORE INTO BarangKeranjang (id_keranjang, sku, kuantitas) VALUES (41, 'SKU000110', 3);
INSERT IGNORE INTO BarangKeranjang (id_keranjang, sku, kuantitas) VALUES (41, 'SKU000052', 1);
INSERT IGNORE INTO BarangKeranjang (id_keranjang, sku, kuantitas) VALUES (41, 'SKU000122', 3);
INSERT IGNORE INTO BarangKeranjang (id_keranjang, sku, kuantitas) VALUES (42, 'SKU000149', 3);
INSERT IGNORE INTO BarangKeranjang (id_keranjang, sku, kuantitas) VALUES (42, 'SKU000151', 2);
INSERT IGNORE INTO BarangKeranjang (id_keranjang, sku, kuantitas) VALUES (43, 'SKU000184', 1);
INSERT IGNORE INTO BarangKeranjang (id_keranjang, sku, kuantitas) VALUES (43, 'SKU000022', 3);
INSERT IGNORE INTO BarangKeranjang (id_keranjang, sku, kuantitas) VALUES (43, 'SKU000089', 1);
INSERT IGNORE INTO BarangKeranjang (id_keranjang, sku, kuantitas) VALUES (44, 'SKU000069', 2);
INSERT IGNORE INTO BarangKeranjang (id_keranjang, sku, kuantitas) VALUES (44, 'SKU000061', 3);
INSERT IGNORE INTO BarangKeranjang (id_keranjang, sku, kuantitas) VALUES (44, 'SKU000015', 3);
INSERT IGNORE INTO BarangKeranjang (id_keranjang, sku, kuantitas) VALUES (45, 'SKU000127', 1);
INSERT IGNORE INTO BarangKeranjang (id_keranjang, sku, kuantitas) VALUES (45, 'SKU000060', 1);
INSERT IGNORE INTO BarangKeranjang (id_keranjang, sku, kuantitas) VALUES (46, 'SKU000140', 2);
INSERT IGNORE INTO BarangKeranjang (id_keranjang, sku, kuantitas) VALUES (46, 'SKU000045', 3);
INSERT IGNORE INTO BarangKeranjang (id_keranjang, sku, kuantitas) VALUES (46, 'SKU000074', 2);
INSERT IGNORE INTO BarangKeranjang (id_keranjang, sku, kuantitas) VALUES (46, 'SKU000035', 1);
INSERT IGNORE INTO BarangKeranjang (id_keranjang, sku, kuantitas) VALUES (48, 'SKU000017', 1);
INSERT IGNORE INTO BarangKeranjang (id_keranjang, sku, kuantitas) VALUES (48, 'SKU000057', 1);
INSERT IGNORE INTO BarangKeranjang (id_keranjang, sku, kuantitas) VALUES (48, 'SKU000151', 3);
INSERT IGNORE INTO BarangKeranjang (id_keranjang, sku, kuantitas) VALUES (48, 'SKU000042', 2);
INSERT IGNORE INTO BarangKeranjang (id_keranjang, sku, kuantitas) VALUES (48, 'SKU000118', 3);
INSERT IGNORE INTO BarangKeranjang (id_keranjang, sku, kuantitas) VALUES (49, 'SKU000073', 1);
INSERT IGNORE INTO BarangKeranjang (id_keranjang, sku, kuantitas) VALUES (49, 'SKU000004', 1);
INSERT IGNORE INTO BarangKeranjang (id_keranjang, sku, kuantitas) VALUES (49, 'SKU000128', 3);
INSERT IGNORE INTO BarangKeranjang (id_keranjang, sku, kuantitas) VALUES (50, 'SKU000188', 3);
INSERT IGNORE INTO BarangKeranjang (id_keranjang, sku, kuantitas) VALUES (50, 'SKU000039', 3);
INSERT IGNORE INTO BarangKeranjang (id_keranjang, sku, kuantitas) VALUES (51, 'SKU000090', 3);
INSERT IGNORE INTO BarangKeranjang (id_keranjang, sku, kuantitas) VALUES (52, 'SKU000179', 1);
INSERT IGNORE INTO BarangKeranjang (id_keranjang, sku, kuantitas) VALUES (52, 'SKU000094', 2);
INSERT IGNORE INTO BarangKeranjang (id_keranjang, sku, kuantitas) VALUES (52, 'SKU000151', 2);
INSERT IGNORE INTO BarangKeranjang (id_keranjang, sku, kuantitas) VALUES (53, 'SKU000082', 2);
INSERT IGNORE INTO BarangKeranjang (id_keranjang, sku, kuantitas) VALUES (53, 'SKU000098', 3);
INSERT IGNORE INTO BarangKeranjang (id_keranjang, sku, kuantitas) VALUES (53, 'SKU000154', 2);
INSERT IGNORE INTO BarangKeranjang (id_keranjang, sku, kuantitas) VALUES (53, 'SKU000099', 3);
INSERT IGNORE INTO BarangKeranjang (id_keranjang, sku, kuantitas) VALUES (54, 'SKU000155', 1);
INSERT IGNORE INTO BarangKeranjang (id_keranjang, sku, kuantitas) VALUES (54, 'SKU000077', 2);
INSERT IGNORE INTO BarangKeranjang (id_keranjang, sku, kuantitas) VALUES (54, 'SKU000178', 3);
INSERT IGNORE INTO BarangKeranjang (id_keranjang, sku, kuantitas) VALUES (54, 'SKU000101', 2);
INSERT IGNORE INTO BarangKeranjang (id_keranjang, sku, kuantitas) VALUES (54, 'SKU000111', 2);
INSERT IGNORE INTO BarangKeranjang (id_keranjang, sku, kuantitas) VALUES (55, 'SKU000061', 2);
INSERT IGNORE INTO BarangKeranjang (id_keranjang, sku, kuantitas) VALUES (55, 'SKU000090', 3);
INSERT IGNORE INTO BarangKeranjang (id_keranjang, sku, kuantitas) VALUES (55, 'SKU000086', 1);
INSERT IGNORE INTO BarangKeranjang (id_keranjang, sku, kuantitas) VALUES (55, 'SKU000190', 2);
INSERT IGNORE INTO BarangKeranjang (id_keranjang, sku, kuantitas) VALUES (55, 'SKU000030', 3);
INSERT IGNORE INTO BarangKeranjang (id_keranjang, sku, kuantitas) VALUES (56, 'SKU000181', 3);
INSERT IGNORE INTO BarangKeranjang (id_keranjang, sku, kuantitas) VALUES (57, 'SKU000116', 3);
INSERT IGNORE INTO BarangKeranjang (id_keranjang, sku, kuantitas) VALUES (57, 'SKU000176', 3);
INSERT IGNORE INTO BarangKeranjang (id_keranjang, sku, kuantitas) VALUES (57, 'SKU000117', 3);
INSERT IGNORE INTO BarangKeranjang (id_keranjang, sku, kuantitas) VALUES (58, 'SKU000098', 3);
INSERT IGNORE INTO BarangKeranjang (id_keranjang, sku, kuantitas) VALUES (58, 'SKU000197', 1);
INSERT IGNORE INTO BarangKeranjang (id_keranjang, sku, kuantitas) VALUES (58, 'SKU000085', 2);
INSERT IGNORE INTO BarangKeranjang (id_keranjang, sku, kuantitas) VALUES (59, 'SKU000190', 3);
INSERT IGNORE INTO BarangKeranjang (id_keranjang, sku, kuantitas) VALUES (59, 'SKU000084', 1);
INSERT IGNORE INTO BarangKeranjang (id_keranjang, sku, kuantitas) VALUES (59, 'SKU000101', 2);
INSERT IGNORE INTO BarangKeranjang (id_keranjang, sku, kuantitas) VALUES (59, 'SKU000188', 2);

-- Pesanan
INSERT IGNORE INTO Pesanan (id_pesanan, id_pembeli, id_alamat_pembeli, metode_pembayaran, metode_pengiriman, catatan, status_pesanan, waktu_pemesanan) VALUES (1, 22, 49, 'GoPay', 'Ninja Xpress', NULL, 'Diproses', '2025-03-08 11:52:52');
INSERT IGNORE INTO Pesanan (id_pesanan, id_pembeli, id_alamat_pembeli, metode_pembayaran, metode_pengiriman, catatan, status_pesanan, waktu_pemesanan) VALUES (2, 25, 52, 'Transfer Bank Mandiri', 'Anteraja Regular', NULL, 'Pending', '2025-01-17 05:20:52');
INSERT IGNORE INTO Pesanan (id_pesanan, id_pembeli, id_alamat_pembeli, metode_pembayaran, metode_pengiriman, catatan, status_pesanan, waktu_pemesanan) VALUES (3, 41, 82, 'Alfamart', 'Sicepat BEST', NULL, 'Pengembalian Dana', '2025-03-16 17:42:52');
INSERT IGNORE INTO Pesanan (id_pesanan, id_pembeli, id_alamat_pembeli, metode_pembayaran, metode_pengiriman, catatan, status_pesanan, waktu_pemesanan) VALUES (4, 12, 24, 'Dana', 'Gojek Instant', 'Sint ad tenetur consequatur laboriosam alias optio unde quibusdam quod vitae.', 'Dibatalkan', '2025-05-21 00:18:52');
INSERT IGNORE INTO Pesanan (id_pesanan, id_pembeli, id_alamat_pembeli, metode_pembayaran, metode_pengiriman, catatan, status_pesanan, waktu_pemesanan) VALUES (5, 3, 7, 'Transfer Bank Mandiri', 'J&T Express', NULL, 'Selesai', '2025-02-19 03:42:52');
INSERT IGNORE INTO Pesanan (id_pesanan, id_pembeli, id_alamat_pembeli, metode_pembayaran, metode_pengiriman, catatan, status_pesanan, waktu_pemesanan) VALUES (6, 28, 58, 'Alfamart', 'JNE Trucking', NULL, 'Dibatalkan', '2025-03-01 02:05:52');
INSERT IGNORE INTO Pesanan (id_pesanan, id_pembeli, id_alamat_pembeli, metode_pembayaran, metode_pengiriman, catatan, status_pesanan, waktu_pemesanan) VALUES (7, 50, 97, 'ShopeePay', 'Sicepat HALU', NULL, 'Dibatalkan', '2025-05-15 19:33:52');
INSERT IGNORE INTO Pesanan (id_pesanan, id_pembeli, id_alamat_pembeli, metode_pembayaran, metode_pengiriman, catatan, status_pesanan, waktu_pemesanan) VALUES (8, 42, 83, 'Indomaret', 'Sicepat BEST', NULL, 'Selesai', '2025-04-15 06:37:52');
INSERT IGNORE INTO Pesanan (id_pesanan, id_pembeli, id_alamat_pembeli, metode_pembayaran, metode_pengiriman, catatan, status_pesanan, waktu_pemesanan) VALUES (9, 55, 106, 'ShopeePay', 'Sicepat Gokil', 'Dolore esse perferendis adipisci officiis non.', 'Pengembalian Dana', '2025-01-06 23:09:52');
INSERT IGNORE INTO Pesanan (id_pesanan, id_pembeli, id_alamat_pembeli, metode_pembayaran, metode_pengiriman, catatan, status_pesanan, waktu_pemesanan) VALUES (10, 60, 116, 'Transfer Bank BCA', 'POS Indonesia', NULL, 'Selesai', '2025-01-28 20:50:52');
INSERT IGNORE INTO Pesanan (id_pesanan, id_pembeli, id_alamat_pembeli, metode_pembayaran, metode_pengiriman, catatan, status_pesanan, waktu_pemesanan) VALUES (11, 55, 107, 'Transfer Bank Mandiri', 'Ninja Xpress', 'Sint eos accusamus minima consequuntur.', 'Diproses', '2025-05-30 21:09:52');
INSERT IGNORE INTO Pesanan (id_pesanan, id_pembeli, id_alamat_pembeli, metode_pembayaran, metode_pengiriman, catatan, status_pesanan, waktu_pemesanan) VALUES (12, 48, 95, 'Transfer Bank BCA', 'Ninja Xpress', NULL, 'Dikirim', '2025-01-08 14:38:52');
INSERT IGNORE INTO Pesanan (id_pesanan, id_pembeli, id_alamat_pembeli, metode_pembayaran, metode_pengiriman, catatan, status_pesanan, waktu_pemesanan) VALUES (13, 39, 78, 'Alfamart', 'Gojek Instant', NULL, 'Dibatalkan', '2025-04-07 01:55:52');
INSERT IGNORE INTO Pesanan (id_pesanan, id_pembeli, id_alamat_pembeli, metode_pembayaran, metode_pengiriman, catatan, status_pesanan, waktu_pemesanan) VALUES (14, 16, 35, 'ShopeePay', 'J&T Express', NULL, 'Pengembalian Dana', '2025-03-30 10:17:52');
INSERT IGNORE INTO Pesanan (id_pesanan, id_pembeli, id_alamat_pembeli, metode_pembayaran, metode_pengiriman, catatan, status_pesanan, waktu_pemesanan) VALUES (15, 3, 7, 'Alfamart', 'Gojek Instant', NULL, 'Selesai', '2024-12-26 14:49:52');
INSERT IGNORE INTO Pesanan (id_pesanan, id_pembeli, id_alamat_pembeli, metode_pembayaran, metode_pengiriman, catatan, status_pesanan, waktu_pemesanan) VALUES (16, 32, 66, 'Dana', 'Sicepat BEST', 'Vel similique cumque cupiditate necessitatibus harum possimus.', 'Dibatalkan', '2025-04-21 20:17:52');
INSERT IGNORE INTO Pesanan (id_pesanan, id_pembeli, id_alamat_pembeli, metode_pembayaran, metode_pengiriman, catatan, status_pesanan, waktu_pemesanan) VALUES (17, 49, 96, 'Transfer Bank BCA', 'Ninja Xpress', 'Quas molestiae sunt rem maxime tenetur officia est.', 'Diproses', '2025-02-15 09:17:52');
INSERT IGNORE INTO Pesanan (id_pesanan, id_pembeli, id_alamat_pembeli, metode_pembayaran, metode_pengiriman, catatan, status_pesanan, waktu_pemesanan) VALUES (18, 56, 109, 'Transfer Bank BCA', 'Anteraja Regular', NULL, 'Pengembalian Dana', '2025-02-06 08:31:52');
INSERT IGNORE INTO Pesanan (id_pesanan, id_pembeli, id_alamat_pembeli, metode_pembayaran, metode_pengiriman, catatan, status_pesanan, waktu_pemesanan) VALUES (19, 22, 49, 'Indomaret', 'JNE Trucking', NULL, 'Dibatalkan', '2025-04-08 01:52:52');
INSERT IGNORE INTO Pesanan (id_pesanan, id_pembeli, id_alamat_pembeli, metode_pembayaran, metode_pengiriman, catatan, status_pesanan, waktu_pemesanan) VALUES (20, 9, 18, 'Transfer Bank BCA', 'JNE REG', NULL, 'Pengembalian Dana', '2024-12-29 22:59:52');
INSERT IGNORE INTO Pesanan (id_pesanan, id_pembeli, id_alamat_pembeli, metode_pembayaran, metode_pengiriman, catatan, status_pesanan, waktu_pemesanan) VALUES (21, 43, 86, 'GoPay', 'JNE REG', 'Rerum et incidunt id sunt magnam veritatis molestiae velit fugiat rem optio molestias natus repellat.', 'Dikirim', '2025-04-17 19:58:52');
INSERT IGNORE INTO Pesanan (id_pesanan, id_pembeli, id_alamat_pembeli, metode_pembayaran, metode_pengiriman, catatan, status_pesanan, waktu_pemesanan) VALUES (22, 48, 94, 'Dana', 'POS Indonesia', 'Nobis nulla eaque ratione eligendi ipsam pariatur ratione temporibus placeat tempora asperiores.', 'Pengembalian Dana', '2024-12-14 03:59:52');
INSERT IGNORE INTO Pesanan (id_pesanan, id_pembeli, id_alamat_pembeli, metode_pembayaran, metode_pengiriman, catatan, status_pesanan, waktu_pemesanan) VALUES (23, 27, 57, 'ShopeePay', 'JNE YES', 'A asperiores quasi nisi ipsum.', 'Selesai', '2025-02-02 06:34:52');
INSERT IGNORE INTO Pesanan (id_pesanan, id_pembeli, id_alamat_pembeli, metode_pembayaran, metode_pengiriman, catatan, status_pesanan, waktu_pemesanan) VALUES (24, 8, 15, 'Transfer Bank BCA', 'J&T Express', 'Ullam quis accusantium eum molestias ab molestiae ex non atque necessitatibus.', 'Menunggu Pembayaran', '2025-05-16 20:05:52');
INSERT IGNORE INTO Pesanan (id_pesanan, id_pembeli, id_alamat_pembeli, metode_pembayaran, metode_pengiriman, catatan, status_pesanan, waktu_pemesanan) VALUES (25, 29, 60, 'Transfer Bank Mandiri', 'Anteraja Regular', NULL, 'Dibatalkan', '2025-04-10 19:50:52');
INSERT IGNORE INTO Pesanan (id_pesanan, id_pembeli, id_alamat_pembeli, metode_pembayaran, metode_pengiriman, catatan, status_pesanan, waktu_pemesanan) VALUES (26, 45, 91, 'Kartu Kredit Mastercard', 'Sicepat Gokil', 'Maxime tenetur voluptatum pariatur fugiat officia ipsa voluptas ullam magnam explicabo.', 'Diproses', '2025-02-28 06:36:52');
INSERT IGNORE INTO Pesanan (id_pesanan, id_pembeli, id_alamat_pembeli, metode_pembayaran, metode_pengiriman, catatan, status_pesanan, waktu_pemesanan) VALUES (27, 38, 76, 'OVO', 'Grab SameDay', NULL, 'Dikirim', '2024-12-14 06:41:52');
INSERT IGNORE INTO Pesanan (id_pesanan, id_pembeli, id_alamat_pembeli, metode_pembayaran, metode_pengiriman, catatan, status_pesanan, waktu_pemesanan) VALUES (28, 56, 109, 'Transfer Bank BCA', 'Sicepat BEST', 'Assumenda ab natus itaque debitis culpa minus unde eum unde voluptate recusandae quaerat.', 'Menunggu Pembayaran', '2025-03-01 05:23:52');
INSERT IGNORE INTO Pesanan (id_pesanan, id_pembeli, id_alamat_pembeli, metode_pembayaran, metode_pengiriman, catatan, status_pesanan, waktu_pemesanan) VALUES (29, 46, 92, 'Virtual Account BNI', 'Sicepat Gokil', 'Quisquam asperiores ipsum autem modi quaerat eum aspernatur excepturi.', 'Diproses', '2025-04-18 01:41:52');
INSERT IGNORE INTO Pesanan (id_pesanan, id_pembeli, id_alamat_pembeli, metode_pembayaran, metode_pengiriman, catatan, status_pesanan, waktu_pemesanan) VALUES (30, 21, 48, 'ShopeePay', 'Grab SameDay', NULL, 'Selesai', '2025-04-03 10:54:52');
INSERT IGNORE INTO Pesanan (id_pesanan, id_pembeli, id_alamat_pembeli, metode_pembayaran, metode_pengiriman, catatan, status_pesanan, waktu_pemesanan) VALUES (31, 11, 22, 'COD', 'JNE REG', NULL, 'Menunggu Pembayaran', '2025-04-05 14:42:52');
INSERT IGNORE INTO Pesanan (id_pesanan, id_pembeli, id_alamat_pembeli, metode_pembayaran, metode_pengiriman, catatan, status_pesanan, waktu_pemesanan) VALUES (32, 38, 77, 'Kartu Kredit Mastercard', 'POS Indonesia', NULL, 'Dibatalkan', '2025-01-28 12:42:52');
INSERT IGNORE INTO Pesanan (id_pesanan, id_pembeli, id_alamat_pembeli, metode_pembayaran, metode_pengiriman, catatan, status_pesanan, waktu_pemesanan) VALUES (33, 57, 111, 'Transfer Bank BCA', 'JNE Trucking', 'Possimus praesentium nesciunt ea cum assumenda adipisci delectus aspernatur.', 'Dibatalkan', '2025-05-28 12:28:52');
INSERT IGNORE INTO Pesanan (id_pesanan, id_pembeli, id_alamat_pembeli, metode_pembayaran, metode_pengiriman, catatan, status_pesanan, waktu_pemesanan) VALUES (34, 49, 96, 'GoPay', 'JNE REG', 'Accusamus dolorem necessitatibus repudiandae deserunt similique incidunt expedita vero exercitationem qui eos corrupti.', 'Selesai', '2025-02-05 01:34:52');
INSERT IGNORE INTO Pesanan (id_pesanan, id_pembeli, id_alamat_pembeli, metode_pembayaran, metode_pengiriman, catatan, status_pesanan, waktu_pemesanan) VALUES (35, 40, 79, 'COD', 'Sicepat Gokil', NULL, 'Dibatalkan', '2025-05-04 21:33:52');
INSERT IGNORE INTO Pesanan (id_pesanan, id_pembeli, id_alamat_pembeli, metode_pembayaran, metode_pengiriman, catatan, status_pesanan, waktu_pemesanan) VALUES (36, 5, 9, 'Dana', 'Anteraja Regular', 'Odit quaerat magnam reprehenderit blanditiis deserunt nesciunt ab at eaque non nam commodi nihil sapiente.', 'Dikirim', '2025-05-16 20:39:52');
INSERT IGNORE INTO Pesanan (id_pesanan, id_pembeli, id_alamat_pembeli, metode_pembayaran, metode_pengiriman, catatan, status_pesanan, waktu_pemesanan) VALUES (37, 28, 58, 'Indomaret', 'Ninja Xpress', NULL, 'Pending', '2024-12-09 05:07:52');
INSERT IGNORE INTO Pesanan (id_pesanan, id_pembeli, id_alamat_pembeli, metode_pembayaran, metode_pengiriman, catatan, status_pesanan, waktu_pemesanan) VALUES (38, 39, 78, 'Alfamart', 'JNE YES', NULL, 'Pengembalian Dana', '2024-12-27 11:29:52');
INSERT IGNORE INTO Pesanan (id_pesanan, id_pembeli, id_alamat_pembeli, metode_pembayaran, metode_pengiriman, catatan, status_pesanan, waktu_pemesanan) VALUES (39, 26, 56, 'ShopeePay', 'JNE YES', NULL, 'Menunggu Pembayaran', '2025-05-02 19:57:52');
INSERT IGNORE INTO Pesanan (id_pesanan, id_pembeli, id_alamat_pembeli, metode_pembayaran, metode_pengiriman, catatan, status_pesanan, waktu_pemesanan) VALUES (40, 10, 19, 'OVO', 'JNE REG', NULL, 'Menunggu Pembayaran', '2025-03-14 15:52:52');
INSERT IGNORE INTO Pesanan (id_pesanan, id_pembeli, id_alamat_pembeli, metode_pembayaran, metode_pengiriman, catatan, status_pesanan, waktu_pemesanan) VALUES (41, 3, 7, 'Transfer Bank Mandiri', 'JNE REG', NULL, 'Selesai', '2025-02-28 07:01:52');
INSERT IGNORE INTO Pesanan (id_pesanan, id_pembeli, id_alamat_pembeli, metode_pembayaran, metode_pengiriman, catatan, status_pesanan, waktu_pemesanan) VALUES (42, 52, 100, 'Transfer Bank BCA', 'Sicepat Gokil', NULL, 'Selesai', '2025-03-14 12:29:52');
INSERT IGNORE INTO Pesanan (id_pesanan, id_pembeli, id_alamat_pembeli, metode_pembayaran, metode_pengiriman, catatan, status_pesanan, waktu_pemesanan) VALUES (43, 60, 116, 'GoPay', 'Sicepat BEST', NULL, 'Menunggu Pembayaran', '2025-01-21 08:33:52');
INSERT IGNORE INTO Pesanan (id_pesanan, id_pembeli, id_alamat_pembeli, metode_pembayaran, metode_pengiriman, catatan, status_pesanan, waktu_pemesanan) VALUES (44, 15, 32, 'Kartu Kredit Mastercard', 'Sicepat Gokil', NULL, 'Pending', '2024-12-25 12:15:52');
INSERT IGNORE INTO Pesanan (id_pesanan, id_pembeli, id_alamat_pembeli, metode_pembayaran, metode_pengiriman, catatan, status_pesanan, waktu_pemesanan) VALUES (45, 51, 98, 'Kartu Kredit Mastercard', 'JNE YES', 'Excepturi suscipit tenetur corporis voluptatem esse eius architecto.', 'Dikirim', '2025-02-28 12:00:52');
INSERT IGNORE INTO Pesanan (id_pesanan, id_pembeli, id_alamat_pembeli, metode_pembayaran, metode_pengiriman, catatan, status_pesanan, waktu_pemesanan) VALUES (46, 29, 60, 'Virtual Account BNI', 'Sicepat BEST', NULL, 'Diproses', '2024-12-10 17:43:52');
INSERT IGNORE INTO Pesanan (id_pesanan, id_pembeli, id_alamat_pembeli, metode_pembayaran, metode_pengiriman, catatan, status_pesanan, waktu_pemesanan) VALUES (47, 3, 7, 'Transfer Bank BCA', 'Sicepat Gokil', NULL, 'Diproses', '2024-12-21 22:48:52');
INSERT IGNORE INTO Pesanan (id_pesanan, id_pembeli, id_alamat_pembeli, metode_pembayaran, metode_pengiriman, catatan, status_pesanan, waktu_pemesanan) VALUES (48, 50, 97, 'OVO', 'JNE Trucking', NULL, 'Menunggu Pembayaran', '2025-01-30 08:44:52');
INSERT IGNORE INTO Pesanan (id_pesanan, id_pembeli, id_alamat_pembeli, metode_pembayaran, metode_pengiriman, catatan, status_pesanan, waktu_pemesanan) VALUES (49, 37, 75, 'Dana', 'Gojek Instant', NULL, 'Dikirim', '2025-01-31 11:22:52');
INSERT IGNORE INTO Pesanan (id_pesanan, id_pembeli, id_alamat_pembeli, metode_pembayaran, metode_pengiriman, catatan, status_pesanan, waktu_pemesanan) VALUES (50, 37, 74, 'COD', 'Ninja Xpress', NULL, 'Dibatalkan', '2025-04-16 06:52:52');
INSERT IGNORE INTO Pesanan (id_pesanan, id_pembeli, id_alamat_pembeli, metode_pembayaran, metode_pengiriman, catatan, status_pesanan, waktu_pemesanan) VALUES (51, 27, 57, 'Indomaret', 'Grab SameDay', NULL, 'Dibatalkan', '2025-02-05 00:38:52');
INSERT IGNORE INTO Pesanan (id_pesanan, id_pembeli, id_alamat_pembeli, metode_pembayaran, metode_pengiriman, catatan, status_pesanan, waktu_pemesanan) VALUES (52, 55, 108, 'Kartu Kredit Visa', 'Anteraja Regular', NULL, 'Selesai', '2024-12-04 21:43:52');
INSERT IGNORE INTO Pesanan (id_pesanan, id_pembeli, id_alamat_pembeli, metode_pembayaran, metode_pengiriman, catatan, status_pesanan, waktu_pemesanan) VALUES (53, 25, 52, 'GoPay', 'Grab SameDay', NULL, 'Selesai', '2025-01-25 13:17:52');
INSERT IGNORE INTO Pesanan (id_pesanan, id_pembeli, id_alamat_pembeli, metode_pembayaran, metode_pengiriman, catatan, status_pesanan, waktu_pemesanan) VALUES (54, 1, 2, 'Transfer Bank BCA', 'Sicepat BEST', NULL, 'Pending', '2024-12-19 09:26:52');
INSERT IGNORE INTO Pesanan (id_pesanan, id_pembeli, id_alamat_pembeli, metode_pembayaran, metode_pengiriman, catatan, status_pesanan, waktu_pemesanan) VALUES (55, 27, 57, 'GoPay', 'Anteraja Regular', NULL, 'Pengembalian Dana', '2025-02-13 10:12:52');
INSERT IGNORE INTO Pesanan (id_pesanan, id_pembeli, id_alamat_pembeli, metode_pembayaran, metode_pengiriman, catatan, status_pesanan, waktu_pemesanan) VALUES (56, 57, 110, 'Indomaret', 'Grab SameDay', 'Explicabo reiciendis non voluptates.', 'Menunggu Pembayaran', '2025-04-10 01:11:52');
INSERT IGNORE INTO Pesanan (id_pesanan, id_pembeli, id_alamat_pembeli, metode_pembayaran, metode_pengiriman, catatan, status_pesanan, waktu_pemesanan) VALUES (57, 30, 61, 'Transfer Bank Mandiri', 'JNE REG', NULL, 'Pending', '2025-01-10 21:36:52');
INSERT IGNORE INTO Pesanan (id_pesanan, id_pembeli, id_alamat_pembeli, metode_pembayaran, metode_pengiriman, catatan, status_pesanan, waktu_pemesanan) VALUES (58, 44, 87, 'COD', 'Gojek Instant', 'Quas vitae quas dolor nesciunt.', 'Menunggu Pembayaran', '2025-01-27 19:11:52');
INSERT IGNORE INTO Pesanan (id_pesanan, id_pembeli, id_alamat_pembeli, metode_pembayaran, metode_pengiriman, catatan, status_pesanan, waktu_pemesanan) VALUES (59, 57, 110, 'Kartu Kredit Visa', 'POS Indonesia', NULL, 'Diproses', '2024-12-24 13:19:52');
INSERT IGNORE INTO Pesanan (id_pesanan, id_pembeli, id_alamat_pembeli, metode_pembayaran, metode_pengiriman, catatan, status_pesanan, waktu_pemesanan) VALUES (60, 22, 49, 'GoPay', 'Sicepat BEST', NULL, 'Menunggu Pembayaran', '2025-02-03 06:44:52');
INSERT IGNORE INTO Pesanan (id_pesanan, id_pembeli, id_alamat_pembeli, metode_pembayaran, metode_pengiriman, catatan, status_pesanan, waktu_pemesanan) VALUES (61, 37, 74, 'Alfamart', 'POS Indonesia', NULL, 'Pending', '2025-02-09 21:26:52');
INSERT IGNORE INTO Pesanan (id_pesanan, id_pembeli, id_alamat_pembeli, metode_pembayaran, metode_pengiriman, catatan, status_pesanan, waktu_pemesanan) VALUES (62, 2, 5, 'Dana', 'Ninja Xpress', NULL, 'Dibatalkan', '2025-03-30 09:52:52');
INSERT IGNORE INTO Pesanan (id_pesanan, id_pembeli, id_alamat_pembeli, metode_pembayaran, metode_pengiriman, catatan, status_pesanan, waktu_pemesanan) VALUES (63, 16, 34, 'ShopeePay', 'JNE YES', NULL, 'Menunggu Pembayaran', '2025-01-02 14:54:52');
INSERT IGNORE INTO Pesanan (id_pesanan, id_pembeli, id_alamat_pembeli, metode_pembayaran, metode_pengiriman, catatan, status_pesanan, waktu_pemesanan) VALUES (64, 38, 76, 'Alfamart', 'J&T Express', 'Distinctio dolore exercitationem sed qui consectetur vel deserunt.', 'Selesai', '2024-12-14 22:05:52');
INSERT IGNORE INTO Pesanan (id_pesanan, id_pembeli, id_alamat_pembeli, metode_pembayaran, metode_pengiriman, catatan, status_pesanan, waktu_pemesanan) VALUES (65, 37, 74, 'COD', 'Sicepat HALU', 'Repudiandae voluptates quos ipsa deserunt autem sed deleniti aliquid amet atque vero.', 'Pengembalian Dana', '2025-04-29 07:47:52');
INSERT IGNORE INTO Pesanan (id_pesanan, id_pembeli, id_alamat_pembeli, metode_pembayaran, metode_pengiriman, catatan, status_pesanan, waktu_pemesanan) VALUES (66, 12, 24, 'COD', 'POS Indonesia', 'Expedita ut illo dolore totam neque rerum dicta labore beatae eveniet.', 'Dibatalkan', '2025-05-23 21:17:52');
INSERT IGNORE INTO Pesanan (id_pesanan, id_pembeli, id_alamat_pembeli, metode_pembayaran, metode_pengiriman, catatan, status_pesanan, waktu_pemesanan) VALUES (67, 14, 29, 'ShopeePay', 'J&T Express', 'Quaerat laudantium harum accusamus aliquid nulla at illo deleniti provident porro ab id.', 'Diproses', '2024-12-14 10:36:52');
INSERT IGNORE INTO Pesanan (id_pesanan, id_pembeli, id_alamat_pembeli, metode_pembayaran, metode_pengiriman, catatan, status_pesanan, waktu_pemesanan) VALUES (68, 26, 56, 'Transfer Bank BCA', 'JNE YES', NULL, 'Diproses', '2024-12-20 18:59:52');
INSERT IGNORE INTO Pesanan (id_pesanan, id_pembeli, id_alamat_pembeli, metode_pembayaran, metode_pengiriman, catatan, status_pesanan, waktu_pemesanan) VALUES (69, 16, 35, 'Virtual Account BNI', 'Anteraja Regular', NULL, 'Dikirim', '2025-03-01 21:47:52');
INSERT IGNORE INTO Pesanan (id_pesanan, id_pembeli, id_alamat_pembeli, metode_pembayaran, metode_pengiriman, catatan, status_pesanan, waktu_pemesanan) VALUES (70, 42, 83, 'Alfamart', 'POS Indonesia', NULL, 'Dibatalkan', '2025-02-05 22:15:52');
INSERT IGNORE INTO Pesanan (id_pesanan, id_pembeli, id_alamat_pembeli, metode_pembayaran, metode_pengiriman, catatan, status_pesanan, waktu_pemesanan) VALUES (71, 2, 6, 'Dana', 'Anteraja Regular', 'Enim voluptatum exercitationem placeat ut dolor nam pariatur hic vitae voluptas assumenda earum esse excepturi minima dolor hic nesciunt.', 'Diproses', '2025-02-09 11:29:52');
INSERT IGNORE INTO Pesanan (id_pesanan, id_pembeli, id_alamat_pembeli, metode_pembayaran, metode_pengiriman, catatan, status_pesanan, waktu_pemesanan) VALUES (72, 15, 31, 'OVO', 'Sicepat Gokil', NULL, 'Selesai', '2024-12-09 22:30:52');
INSERT IGNORE INTO Pesanan (id_pesanan, id_pembeli, id_alamat_pembeli, metode_pembayaran, metode_pengiriman, catatan, status_pesanan, waktu_pemesanan) VALUES (73, 38, 76, 'Transfer Bank BCA', 'JNE YES', 'Sit vitae aspernatur modi vel.', 'Menunggu Pembayaran', '2025-03-30 15:31:52');
INSERT IGNORE INTO Pesanan (id_pesanan, id_pembeli, id_alamat_pembeli, metode_pembayaran, metode_pengiriman, catatan, status_pesanan, waktu_pemesanan) VALUES (74, 7, 13, 'ShopeePay', 'Sicepat BEST', 'Numquam quam labore doloremque ad consectetur odio adipisci totam tenetur asperiores quasi nam unde facilis autem quam.', 'Selesai', '2025-04-19 11:01:52');
INSERT IGNORE INTO Pesanan (id_pesanan, id_pembeli, id_alamat_pembeli, metode_pembayaran, metode_pengiriman, catatan, status_pesanan, waktu_pemesanan) VALUES (75, 22, 49, 'Kartu Kredit Mastercard', 'Ninja Xpress', 'In molestias omnis et minima ab repellat occaecati aliquam.', 'Pending', '2025-01-14 15:59:52');
INSERT IGNORE INTO Pesanan (id_pesanan, id_pembeli, id_alamat_pembeli, metode_pembayaran, metode_pengiriman, catatan, status_pesanan, waktu_pemesanan) VALUES (76, 12, 24, 'ShopeePay', 'JNE REG', NULL, 'Menunggu Pembayaran', '2025-03-02 17:07:52');
INSERT IGNORE INTO Pesanan (id_pesanan, id_pembeli, id_alamat_pembeli, metode_pembayaran, metode_pengiriman, catatan, status_pesanan, waktu_pemesanan) VALUES (77, 20, 45, 'Dana', 'POS Indonesia', NULL, 'Dibatalkan', '2024-12-07 02:08:52');
INSERT IGNORE INTO Pesanan (id_pesanan, id_pembeli, id_alamat_pembeli, metode_pembayaran, metode_pengiriman, catatan, status_pesanan, waktu_pemesanan) VALUES (78, 52, 100, 'Dana', 'Gojek Instant', NULL, 'Pending', '2025-05-06 00:50:52');
INSERT IGNORE INTO Pesanan (id_pesanan, id_pembeli, id_alamat_pembeli, metode_pembayaran, metode_pengiriman, catatan, status_pesanan, waktu_pemesanan) VALUES (79, 34, 70, 'ShopeePay', 'J&T Express', 'Odio vel accusantium at quaerat voluptatibus adipisci porro porro quam inventore voluptate consequuntur laborum voluptates necessitatibus.', 'Pengembalian Dana', '2025-04-27 04:46:52');
INSERT IGNORE INTO Pesanan (id_pesanan, id_pembeli, id_alamat_pembeli, metode_pembayaran, metode_pengiriman, catatan, status_pesanan, waktu_pemesanan) VALUES (80, 10, 20, 'Indomaret', 'Sicepat Gokil', 'Repudiandae dignissimos sint delectus corporis ad veritatis facilis similique voluptatum expedita.', 'Pending', '2025-01-01 13:54:52');
INSERT IGNORE INTO Pesanan (id_pesanan, id_pembeli, id_alamat_pembeli, metode_pembayaran, metode_pengiriman, catatan, status_pesanan, waktu_pemesanan) VALUES (81, 55, 106, 'COD', 'POS Indonesia', 'Optio praesentium nobis beatae sint accusamus impedit mollitia veniam.', 'Pengembalian Dana', '2024-12-12 10:24:52');
INSERT IGNORE INTO Pesanan (id_pesanan, id_pembeli, id_alamat_pembeli, metode_pembayaran, metode_pengiriman, catatan, status_pesanan, waktu_pemesanan) VALUES (82, 40, 79, 'OVO', 'POS Indonesia', 'Fugiat eius occaecati ducimus earum voluptates atque sunt eum assumenda eligendi.', 'Menunggu Pembayaran', '2025-01-14 18:23:52');
INSERT IGNORE INTO Pesanan (id_pesanan, id_pembeli, id_alamat_pembeli, metode_pembayaran, metode_pengiriman, catatan, status_pesanan, waktu_pemesanan) VALUES (83, 24, 51, 'COD', 'POS Indonesia', 'Quos quod repellendus dolorem est beatae quod rem.', 'Pengembalian Dana', '2024-12-25 04:07:52');
INSERT IGNORE INTO Pesanan (id_pesanan, id_pembeli, id_alamat_pembeli, metode_pembayaran, metode_pengiriman, catatan, status_pesanan, waktu_pemesanan) VALUES (84, 14, 30, 'Dana', 'JNE Trucking', 'Doloribus doloribus consectetur iusto.', 'Selesai', '2025-04-30 22:01:52');
INSERT IGNORE INTO Pesanan (id_pesanan, id_pembeli, id_alamat_pembeli, metode_pembayaran, metode_pengiriman, catatan, status_pesanan, waktu_pemesanan) VALUES (85, 32, 65, 'GoPay', 'POS Indonesia', 'Nemo sint harum velit doloribus fugiat quibusdam laboriosam natus totam illo molestias pariatur vitae.', 'Menunggu Pembayaran', '2025-02-07 23:39:52');
INSERT IGNORE INTO Pesanan (id_pesanan, id_pembeli, id_alamat_pembeli, metode_pembayaran, metode_pengiriman, catatan, status_pesanan, waktu_pemesanan) VALUES (86, 7, 13, 'Indomaret', 'Anteraja Regular', 'Odio ea a culpa explicabo consequatur autem ipsa eius voluptatibus iusto quidem nihil.', 'Selesai', '2025-02-07 01:57:52');
INSERT IGNORE INTO Pesanan (id_pesanan, id_pembeli, id_alamat_pembeli, metode_pembayaran, metode_pengiriman, catatan, status_pesanan, waktu_pemesanan) VALUES (87, 57, 110, 'Kartu Kredit Mastercard', 'POS Indonesia', NULL, 'Pengembalian Dana', '2025-05-14 05:31:52');
INSERT IGNORE INTO Pesanan (id_pesanan, id_pembeli, id_alamat_pembeli, metode_pembayaran, metode_pengiriman, catatan, status_pesanan, waktu_pemesanan) VALUES (88, 9, 18, 'COD', 'Anteraja Regular', 'Nemo repellat ratione praesentium praesentium optio harum corporis occaecati laudantium laboriosam.', 'Menunggu Pembayaran', '2025-04-22 16:35:52');
INSERT IGNORE INTO Pesanan (id_pesanan, id_pembeli, id_alamat_pembeli, metode_pembayaran, metode_pengiriman, catatan, status_pesanan, waktu_pemesanan) VALUES (89, 36, 73, 'Kartu Kredit Visa', 'JNE Trucking', NULL, 'Menunggu Pembayaran', '2025-05-18 13:17:52');
INSERT IGNORE INTO Pesanan (id_pesanan, id_pembeli, id_alamat_pembeli, metode_pembayaran, metode_pengiriman, catatan, status_pesanan, waktu_pemesanan) VALUES (90, 23, 50, 'ShopeePay', 'Sicepat Gokil', NULL, 'Pending', '2025-03-12 03:17:52');
INSERT IGNORE INTO Pesanan (id_pesanan, id_pembeli, id_alamat_pembeli, metode_pembayaran, metode_pengiriman, catatan, status_pesanan, waktu_pemesanan) VALUES (91, 56, 109, 'Kartu Kredit Visa', 'JNE YES', 'Cupiditate doloribus quibusdam quisquam.', 'Pending', '2025-05-07 14:07:52');
INSERT IGNORE INTO Pesanan (id_pesanan, id_pembeli, id_alamat_pembeli, metode_pembayaran, metode_pengiriman, catatan, status_pesanan, waktu_pemesanan) VALUES (92, 56, 109, 'Kartu Kredit Visa', 'JNE Trucking', NULL, 'Menunggu Pembayaran', '2025-02-27 15:44:52');
INSERT IGNORE INTO Pesanan (id_pesanan, id_pembeli, id_alamat_pembeli, metode_pembayaran, metode_pengiriman, catatan, status_pesanan, waktu_pemesanan) VALUES (93, 53, 103, 'COD', 'JNE REG', NULL, 'Diproses', '2025-05-30 12:24:52');
INSERT IGNORE INTO Pesanan (id_pesanan, id_pembeli, id_alamat_pembeli, metode_pembayaran, metode_pengiriman, catatan, status_pesanan, waktu_pemesanan) VALUES (94, 6, 10, 'Kartu Kredit Mastercard', 'Sicepat Gokil', 'Laboriosam corrupti numquam nisi ut incidunt dolor necessitatibus quia corporis facilis excepturi.', 'Pengembalian Dana', '2024-12-14 16:11:52');
INSERT IGNORE INTO Pesanan (id_pesanan, id_pembeli, id_alamat_pembeli, metode_pembayaran, metode_pengiriman, catatan, status_pesanan, waktu_pemesanan) VALUES (95, 6, 10, 'GoPay', 'Anteraja Regular', 'Asperiores quasi explicabo pariatur dolor itaque sapiente culpa eaque.', 'Dibatalkan', '2025-03-05 03:44:52');
INSERT IGNORE INTO Pesanan (id_pesanan, id_pembeli, id_alamat_pembeli, metode_pembayaran, metode_pengiriman, catatan, status_pesanan, waktu_pemesanan) VALUES (96, 43, 86, 'Transfer Bank Mandiri', 'Anteraja Regular', NULL, 'Selesai', '2025-02-23 15:07:52');
INSERT IGNORE INTO Pesanan (id_pesanan, id_pembeli, id_alamat_pembeli, metode_pembayaran, metode_pengiriman, catatan, status_pesanan, waktu_pemesanan) VALUES (97, 34, 70, 'Dana', 'Gojek Instant', 'Voluptates iure fuga impedit laborum.', 'Menunggu Pembayaran', '2025-02-26 13:58:52');
INSERT IGNORE INTO Pesanan (id_pesanan, id_pembeli, id_alamat_pembeli, metode_pembayaran, metode_pengiriman, catatan, status_pesanan, waktu_pemesanan) VALUES (98, 15, 31, 'ShopeePay', 'Sicepat Gokil', NULL, 'Pengembalian Dana', '2025-05-01 02:37:52');
INSERT IGNORE INTO Pesanan (id_pesanan, id_pembeli, id_alamat_pembeli, metode_pembayaran, metode_pengiriman, catatan, status_pesanan, waktu_pemesanan) VALUES (99, 34, 70, 'Alfamart', 'J&T Express', 'Provident error numquam reiciendis occaecati illum itaque facere minima libero veniam occaecati necessitatibus.', 'Menunggu Pembayaran', '2024-12-10 18:34:52');
INSERT IGNORE INTO Pesanan (id_pesanan, id_pembeli, id_alamat_pembeli, metode_pembayaran, metode_pengiriman, catatan, status_pesanan, waktu_pemesanan) VALUES (100, 8, 15, 'Transfer Bank Mandiri', 'Ninja Xpress', NULL, 'Dibatalkan', '2025-02-14 20:56:52');

-- BarangPesanan
INSERT IGNORE INTO BarangPesanan (id_pesanan, sku, kuantitas) VALUES (1, 'SKU000154', 2);
INSERT IGNORE INTO BarangPesanan (id_pesanan, sku, kuantitas) VALUES (1, 'SKU000139', 2);
INSERT IGNORE INTO BarangPesanan (id_pesanan, sku, kuantitas) VALUES (1, 'SKU000008', 2);
INSERT IGNORE INTO BarangPesanan (id_pesanan, sku, kuantitas) VALUES (2, 'SKU000135', 2);
INSERT IGNORE INTO BarangPesanan (id_pesanan, sku, kuantitas) VALUES (2, 'SKU000125', 1);
INSERT IGNORE INTO BarangPesanan (id_pesanan, sku, kuantitas) VALUES (3, 'SKU000130', 2);
INSERT IGNORE INTO BarangPesanan (id_pesanan, sku, kuantitas) VALUES (3, 'SKU000062', 1);
INSERT IGNORE INTO BarangPesanan (id_pesanan, sku, kuantitas) VALUES (3, 'SKU000047', 2);
INSERT IGNORE INTO BarangPesanan (id_pesanan, sku, kuantitas) VALUES (4, 'SKU000131', 1);
INSERT IGNORE INTO BarangPesanan (id_pesanan, sku, kuantitas) VALUES (5, 'SKU000187', 2);
INSERT IGNORE INTO BarangPesanan (id_pesanan, sku, kuantitas) VALUES (5, 'SKU000098', 1);
INSERT IGNORE INTO BarangPesanan (id_pesanan, sku, kuantitas) VALUES (5, 'SKU000100', 2);
INSERT IGNORE INTO BarangPesanan (id_pesanan, sku, kuantitas) VALUES (6, 'SKU000077', 2);
INSERT IGNORE INTO BarangPesanan (id_pesanan, sku, kuantitas) VALUES (6, 'SKU000108', 1);
INSERT IGNORE INTO BarangPesanan (id_pesanan, sku, kuantitas) VALUES (6, 'SKU000188', 2);
INSERT IGNORE INTO BarangPesanan (id_pesanan, sku, kuantitas) VALUES (6, 'SKU000193', 1);
INSERT IGNORE INTO BarangPesanan (id_pesanan, sku, kuantitas) VALUES (7, 'SKU000165', 2);
INSERT IGNORE INTO BarangPesanan (id_pesanan, sku, kuantitas) VALUES (7, 'SKU000011', 2);
INSERT IGNORE INTO BarangPesanan (id_pesanan, sku, kuantitas) VALUES (7, 'SKU000101', 1);
INSERT IGNORE INTO BarangPesanan (id_pesanan, sku, kuantitas) VALUES (8, 'SKU000102', 2);
INSERT IGNORE INTO BarangPesanan (id_pesanan, sku, kuantitas) VALUES (8, 'SKU000143', 2);
INSERT IGNORE INTO BarangPesanan (id_pesanan, sku, kuantitas) VALUES (8, 'SKU000137', 1);
INSERT IGNORE INTO BarangPesanan (id_pesanan, sku, kuantitas) VALUES (8, 'SKU000125', 1);
INSERT IGNORE INTO BarangPesanan (id_pesanan, sku, kuantitas) VALUES (9, 'SKU000054', 1);
INSERT IGNORE INTO BarangPesanan (id_pesanan, sku, kuantitas) VALUES (9, 'SKU000146', 1);
INSERT IGNORE INTO BarangPesanan (id_pesanan, sku, kuantitas) VALUES (10, 'SKU000096', 1);
INSERT IGNORE INTO BarangPesanan (id_pesanan, sku, kuantitas) VALUES (10, 'SKU000073', 1);
INSERT IGNORE INTO BarangPesanan (id_pesanan, sku, kuantitas) VALUES (11, 'SKU000180', 2);
INSERT IGNORE INTO BarangPesanan (id_pesanan, sku, kuantitas) VALUES (11, 'SKU000025', 2);
INSERT IGNORE INTO BarangPesanan (id_pesanan, sku, kuantitas) VALUES (12, 'SKU000135', 1);
INSERT IGNORE INTO BarangPesanan (id_pesanan, sku, kuantitas) VALUES (12, 'SKU000086', 2);
INSERT IGNORE INTO BarangPesanan (id_pesanan, sku, kuantitas) VALUES (13, 'SKU000027', 2);
INSERT IGNORE INTO BarangPesanan (id_pesanan, sku, kuantitas) VALUES (14, 'SKU000044', 2);
INSERT IGNORE INTO BarangPesanan (id_pesanan, sku, kuantitas) VALUES (14, 'SKU000122', 2);
INSERT IGNORE INTO BarangPesanan (id_pesanan, sku, kuantitas) VALUES (14, 'SKU000111', 1);
INSERT IGNORE INTO BarangPesanan (id_pesanan, sku, kuantitas) VALUES (14, 'SKU000121', 2);
INSERT IGNORE INTO BarangPesanan (id_pesanan, sku, kuantitas) VALUES (15, 'SKU000130', 1);
INSERT IGNORE INTO BarangPesanan (id_pesanan, sku, kuantitas) VALUES (15, 'SKU000173', 2);
INSERT IGNORE INTO BarangPesanan (id_pesanan, sku, kuantitas) VALUES (16, 'SKU000032', 2);
INSERT IGNORE INTO BarangPesanan (id_pesanan, sku, kuantitas) VALUES (17, 'SKU000143', 1);
INSERT IGNORE INTO BarangPesanan (id_pesanan, sku, kuantitas) VALUES (17, 'SKU000169', 2);
INSERT IGNORE INTO BarangPesanan (id_pesanan, sku, kuantitas) VALUES (17, 'SKU000072', 1);
INSERT IGNORE INTO BarangPesanan (id_pesanan, sku, kuantitas) VALUES (18, 'SKU000153', 2);
INSERT IGNORE INTO BarangPesanan (id_pesanan, sku, kuantitas) VALUES (18, 'SKU000142', 1);
INSERT IGNORE INTO BarangPesanan (id_pesanan, sku, kuantitas) VALUES (18, 'SKU000183', 2);
INSERT IGNORE INTO BarangPesanan (id_pesanan, sku, kuantitas) VALUES (19, 'SKU000084', 2);
INSERT IGNORE INTO BarangPesanan (id_pesanan, sku, kuantitas) VALUES (19, 'SKU000126', 2);
INSERT IGNORE INTO BarangPesanan (id_pesanan, sku, kuantitas) VALUES (19, 'SKU000190', 1);
INSERT IGNORE INTO BarangPesanan (id_pesanan, sku, kuantitas) VALUES (19, 'SKU000024', 1);
INSERT IGNORE INTO BarangPesanan (id_pesanan, sku, kuantitas) VALUES (20, 'SKU000048', 2);
INSERT IGNORE INTO BarangPesanan (id_pesanan, sku, kuantitas) VALUES (20, 'SKU000183', 2);
INSERT IGNORE INTO BarangPesanan (id_pesanan, sku, kuantitas) VALUES (21, 'SKU000176', 2);
INSERT IGNORE INTO BarangPesanan (id_pesanan, sku, kuantitas) VALUES (21, 'SKU000144', 1);
INSERT IGNORE INTO BarangPesanan (id_pesanan, sku, kuantitas) VALUES (21, 'SKU000123', 1);
INSERT IGNORE INTO BarangPesanan (id_pesanan, sku, kuantitas) VALUES (21, 'SKU000127', 1);
INSERT IGNORE INTO BarangPesanan (id_pesanan, sku, kuantitas) VALUES (22, 'SKU000186', 1);
INSERT IGNORE INTO BarangPesanan (id_pesanan, sku, kuantitas) VALUES (22, 'SKU000027', 2);
INSERT IGNORE INTO BarangPesanan (id_pesanan, sku, kuantitas) VALUES (22, 'SKU000143', 1);
INSERT IGNORE INTO BarangPesanan (id_pesanan, sku, kuantitas) VALUES (22, 'SKU000075', 1);
INSERT IGNORE INTO BarangPesanan (id_pesanan, sku, kuantitas) VALUES (23, 'SKU000086', 2);
INSERT IGNORE INTO BarangPesanan (id_pesanan, sku, kuantitas) VALUES (24, 'SKU000183', 1);
INSERT IGNORE INTO BarangPesanan (id_pesanan, sku, kuantitas) VALUES (24, 'SKU000046', 1);
INSERT IGNORE INTO BarangPesanan (id_pesanan, sku, kuantitas) VALUES (24, 'SKU000037', 1);
INSERT IGNORE INTO BarangPesanan (id_pesanan, sku, kuantitas) VALUES (25, 'SKU000184', 2);
INSERT IGNORE INTO BarangPesanan (id_pesanan, sku, kuantitas) VALUES (25, 'SKU000084', 1);
INSERT IGNORE INTO BarangPesanan (id_pesanan, sku, kuantitas) VALUES (26, 'SKU000067', 2);
INSERT IGNORE INTO BarangPesanan (id_pesanan, sku, kuantitas) VALUES (26, 'SKU000077', 2);
INSERT IGNORE INTO BarangPesanan (id_pesanan, sku, kuantitas) VALUES (26, 'SKU000186', 1);
INSERT IGNORE INTO BarangPesanan (id_pesanan, sku, kuantitas) VALUES (27, 'SKU000185', 1);
INSERT IGNORE INTO BarangPesanan (id_pesanan, sku, kuantitas) VALUES (28, 'SKU000114', 1);
INSERT IGNORE INTO BarangPesanan (id_pesanan, sku, kuantitas) VALUES (28, 'SKU000099', 1);
INSERT IGNORE INTO BarangPesanan (id_pesanan, sku, kuantitas) VALUES (28, 'SKU000181', 1);
INSERT IGNORE INTO BarangPesanan (id_pesanan, sku, kuantitas) VALUES (29, 'SKU000062', 2);
INSERT IGNORE INTO BarangPesanan (id_pesanan, sku, kuantitas) VALUES (29, 'SKU000172', 2);
INSERT IGNORE INTO BarangPesanan (id_pesanan, sku, kuantitas) VALUES (29, 'SKU000033', 2);
INSERT IGNORE INTO BarangPesanan (id_pesanan, sku, kuantitas) VALUES (29, 'SKU000136', 1);
INSERT IGNORE INTO BarangPesanan (id_pesanan, sku, kuantitas) VALUES (30, 'SKU000052', 2);
INSERT IGNORE INTO BarangPesanan (id_pesanan, sku, kuantitas) VALUES (30, 'SKU000003', 2);
INSERT IGNORE INTO BarangPesanan (id_pesanan, sku, kuantitas) VALUES (30, 'SKU000014', 1);
INSERT IGNORE INTO BarangPesanan (id_pesanan, sku, kuantitas) VALUES (30, 'SKU000108', 2);
INSERT IGNORE INTO BarangPesanan (id_pesanan, sku, kuantitas) VALUES (31, 'SKU000190', 2);
INSERT IGNORE INTO BarangPesanan (id_pesanan, sku, kuantitas) VALUES (31, 'SKU000162', 2);
INSERT IGNORE INTO BarangPesanan (id_pesanan, sku, kuantitas) VALUES (31, 'SKU000125', 2);
INSERT IGNORE INTO BarangPesanan (id_pesanan, sku, kuantitas) VALUES (31, 'SKU000146', 1);
INSERT IGNORE INTO BarangPesanan (id_pesanan, sku, kuantitas) VALUES (32, 'SKU000136', 2);
INSERT IGNORE INTO BarangPesanan (id_pesanan, sku, kuantitas) VALUES (32, 'SKU000107', 1);
INSERT IGNORE INTO BarangPesanan (id_pesanan, sku, kuantitas) VALUES (33, 'SKU000009', 2);
INSERT IGNORE INTO BarangPesanan (id_pesanan, sku, kuantitas) VALUES (33, 'SKU000102', 2);
INSERT IGNORE INTO BarangPesanan (id_pesanan, sku, kuantitas) VALUES (33, 'SKU000073', 1);
INSERT IGNORE INTO BarangPesanan (id_pesanan, sku, kuantitas) VALUES (34, 'SKU000144', 1);
INSERT IGNORE INTO BarangPesanan (id_pesanan, sku, kuantitas) VALUES (34, 'SKU000057', 2);
INSERT IGNORE INTO BarangPesanan (id_pesanan, sku, kuantitas) VALUES (34, 'SKU000170', 1);
INSERT IGNORE INTO BarangPesanan (id_pesanan, sku, kuantitas) VALUES (35, 'SKU000055', 2);
INSERT IGNORE INTO BarangPesanan (id_pesanan, sku, kuantitas) VALUES (35, 'SKU000137', 2);
INSERT IGNORE INTO BarangPesanan (id_pesanan, sku, kuantitas) VALUES (35, 'SKU000061', 1);
INSERT IGNORE INTO BarangPesanan (id_pesanan, sku, kuantitas) VALUES (36, 'SKU000020', 2);
INSERT IGNORE INTO BarangPesanan (id_pesanan, sku, kuantitas) VALUES (36, 'SKU000076', 1);
INSERT IGNORE INTO BarangPesanan (id_pesanan, sku, kuantitas) VALUES (36, 'SKU000189', 1);
INSERT IGNORE INTO BarangPesanan (id_pesanan, sku, kuantitas) VALUES (37, 'SKU000049', 2);
INSERT IGNORE INTO BarangPesanan (id_pesanan, sku, kuantitas) VALUES (38, 'SKU000151', 2);
INSERT IGNORE INTO BarangPesanan (id_pesanan, sku, kuantitas) VALUES (38, 'SKU000092', 2);
INSERT IGNORE INTO BarangPesanan (id_pesanan, sku, kuantitas) VALUES (38, 'SKU000129', 1);
INSERT IGNORE INTO BarangPesanan (id_pesanan, sku, kuantitas) VALUES (39, 'SKU000188', 2);
INSERT IGNORE INTO BarangPesanan (id_pesanan, sku, kuantitas) VALUES (39, 'SKU000033', 1);
INSERT IGNORE INTO BarangPesanan (id_pesanan, sku, kuantitas) VALUES (40, 'SKU000097', 1);
INSERT IGNORE INTO BarangPesanan (id_pesanan, sku, kuantitas) VALUES (40, 'SKU000029', 2);
INSERT IGNORE INTO BarangPesanan (id_pesanan, sku, kuantitas) VALUES (40, 'SKU000154', 2);
INSERT IGNORE INTO BarangPesanan (id_pesanan, sku, kuantitas) VALUES (40, 'SKU000189', 2);
INSERT IGNORE INTO BarangPesanan (id_pesanan, sku, kuantitas) VALUES (41, 'SKU000078', 2);
INSERT IGNORE INTO BarangPesanan (id_pesanan, sku, kuantitas) VALUES (41, 'SKU000059', 1);
INSERT IGNORE INTO BarangPesanan (id_pesanan, sku, kuantitas) VALUES (42, 'SKU000164', 2);
INSERT IGNORE INTO BarangPesanan (id_pesanan, sku, kuantitas) VALUES (42, 'SKU000006', 1);
INSERT IGNORE INTO BarangPesanan (id_pesanan, sku, kuantitas) VALUES (43, 'SKU000189', 1);
INSERT IGNORE INTO BarangPesanan (id_pesanan, sku, kuantitas) VALUES (43, 'SKU000012', 2);
INSERT IGNORE INTO BarangPesanan (id_pesanan, sku, kuantitas) VALUES (43, 'SKU000160', 1);
INSERT IGNORE INTO BarangPesanan (id_pesanan, sku, kuantitas) VALUES (43, 'SKU000195', 1);
INSERT IGNORE INTO BarangPesanan (id_pesanan, sku, kuantitas) VALUES (44, 'SKU000029', 1);
INSERT IGNORE INTO BarangPesanan (id_pesanan, sku, kuantitas) VALUES (44, 'SKU000194', 2);
INSERT IGNORE INTO BarangPesanan (id_pesanan, sku, kuantitas) VALUES (44, 'SKU000132', 2);
INSERT IGNORE INTO BarangPesanan (id_pesanan, sku, kuantitas) VALUES (44, 'SKU000115', 1);
INSERT IGNORE INTO BarangPesanan (id_pesanan, sku, kuantitas) VALUES (45, 'SKU000160', 1);
INSERT IGNORE INTO BarangPesanan (id_pesanan, sku, kuantitas) VALUES (46, 'SKU000026', 1);
INSERT IGNORE INTO BarangPesanan (id_pesanan, sku, kuantitas) VALUES (46, 'SKU000066', 1);
INSERT IGNORE INTO BarangPesanan (id_pesanan, sku, kuantitas) VALUES (46, 'SKU000078', 2);
INSERT IGNORE INTO BarangPesanan (id_pesanan, sku, kuantitas) VALUES (47, 'SKU000189', 1);
INSERT IGNORE INTO BarangPesanan (id_pesanan, sku, kuantitas) VALUES (48, 'SKU000166', 1);
INSERT IGNORE INTO BarangPesanan (id_pesanan, sku, kuantitas) VALUES (48, 'SKU000086', 2);
INSERT IGNORE INTO BarangPesanan (id_pesanan, sku, kuantitas) VALUES (49, 'SKU000037', 2);
INSERT IGNORE INTO BarangPesanan (id_pesanan, sku, kuantitas) VALUES (49, 'SKU000023', 2);
INSERT IGNORE INTO BarangPesanan (id_pesanan, sku, kuantitas) VALUES (50, 'SKU000189', 2);
INSERT IGNORE INTO BarangPesanan (id_pesanan, sku, kuantitas) VALUES (50, 'SKU000180', 2);
INSERT IGNORE INTO BarangPesanan (id_pesanan, sku, kuantitas) VALUES (50, 'SKU000196', 1);
INSERT IGNORE INTO BarangPesanan (id_pesanan, sku, kuantitas) VALUES (51, 'SKU000133', 2);
INSERT IGNORE INTO BarangPesanan (id_pesanan, sku, kuantitas) VALUES (51, 'SKU000097', 2);
INSERT IGNORE INTO BarangPesanan (id_pesanan, sku, kuantitas) VALUES (51, 'SKU000170', 1);
INSERT IGNORE INTO BarangPesanan (id_pesanan, sku, kuantitas) VALUES (51, 'SKU000189', 1);
INSERT IGNORE INTO BarangPesanan (id_pesanan, sku, kuantitas) VALUES (52, 'SKU000162', 1);
INSERT IGNORE INTO BarangPesanan (id_pesanan, sku, kuantitas) VALUES (53, 'SKU000126', 2);
INSERT IGNORE INTO BarangPesanan (id_pesanan, sku, kuantitas) VALUES (53, 'SKU000042', 1);
INSERT IGNORE INTO BarangPesanan (id_pesanan, sku, kuantitas) VALUES (53, 'SKU000135', 1);
INSERT IGNORE INTO BarangPesanan (id_pesanan, sku, kuantitas) VALUES (53, 'SKU000115', 1);
INSERT IGNORE INTO BarangPesanan (id_pesanan, sku, kuantitas) VALUES (54, 'SKU000117', 2);
INSERT IGNORE INTO BarangPesanan (id_pesanan, sku, kuantitas) VALUES (54, 'SKU000179', 2);
INSERT IGNORE INTO BarangPesanan (id_pesanan, sku, kuantitas) VALUES (54, 'SKU000145', 1);
INSERT IGNORE INTO BarangPesanan (id_pesanan, sku, kuantitas) VALUES (55, 'SKU000047', 1);
INSERT IGNORE INTO BarangPesanan (id_pesanan, sku, kuantitas) VALUES (55, 'SKU000010', 1);
INSERT IGNORE INTO BarangPesanan (id_pesanan, sku, kuantitas) VALUES (56, 'SKU000108', 2);
INSERT IGNORE INTO BarangPesanan (id_pesanan, sku, kuantitas) VALUES (57, 'SKU000027', 1);
INSERT IGNORE INTO BarangPesanan (id_pesanan, sku, kuantitas) VALUES (57, 'SKU000092', 2);
INSERT IGNORE INTO BarangPesanan (id_pesanan, sku, kuantitas) VALUES (57, 'SKU000191', 1);
INSERT IGNORE INTO BarangPesanan (id_pesanan, sku, kuantitas) VALUES (58, 'SKU000066', 2);
INSERT IGNORE INTO BarangPesanan (id_pesanan, sku, kuantitas) VALUES (58, 'SKU000131', 2);
INSERT IGNORE INTO BarangPesanan (id_pesanan, sku, kuantitas) VALUES (59, 'SKU000143', 1);
INSERT IGNORE INTO BarangPesanan (id_pesanan, sku, kuantitas) VALUES (59, 'SKU000100', 1);
INSERT IGNORE INTO BarangPesanan (id_pesanan, sku, kuantitas) VALUES (60, 'SKU000024', 2);
INSERT IGNORE INTO BarangPesanan (id_pesanan, sku, kuantitas) VALUES (61, 'SKU000082', 2);
INSERT IGNORE INTO BarangPesanan (id_pesanan, sku, kuantitas) VALUES (61, 'SKU000118', 2);
INSERT IGNORE INTO BarangPesanan (id_pesanan, sku, kuantitas) VALUES (61, 'SKU000028', 2);
INSERT IGNORE INTO BarangPesanan (id_pesanan, sku, kuantitas) VALUES (62, 'SKU000147', 1);
INSERT IGNORE INTO BarangPesanan (id_pesanan, sku, kuantitas) VALUES (62, 'SKU000118', 1);
INSERT IGNORE INTO BarangPesanan (id_pesanan, sku, kuantitas) VALUES (62, 'SKU000070', 2);
INSERT IGNORE INTO BarangPesanan (id_pesanan, sku, kuantitas) VALUES (63, 'SKU000029', 1);
INSERT IGNORE INTO BarangPesanan (id_pesanan, sku, kuantitas) VALUES (63, 'SKU000121', 2);
INSERT IGNORE INTO BarangPesanan (id_pesanan, sku, kuantitas) VALUES (63, 'SKU000153', 1);
INSERT IGNORE INTO BarangPesanan (id_pesanan, sku, kuantitas) VALUES (64, 'SKU000040', 2);
INSERT IGNORE INTO BarangPesanan (id_pesanan, sku, kuantitas) VALUES (64, 'SKU000173', 2);
INSERT IGNORE INTO BarangPesanan (id_pesanan, sku, kuantitas) VALUES (64, 'SKU000091', 2);
INSERT IGNORE INTO BarangPesanan (id_pesanan, sku, kuantitas) VALUES (65, 'SKU000046', 1);
INSERT IGNORE INTO BarangPesanan (id_pesanan, sku, kuantitas) VALUES (65, 'SKU000100', 2);
INSERT IGNORE INTO BarangPesanan (id_pesanan, sku, kuantitas) VALUES (66, 'SKU000006', 1);
INSERT IGNORE INTO BarangPesanan (id_pesanan, sku, kuantitas) VALUES (66, 'SKU000121', 2);
INSERT IGNORE INTO BarangPesanan (id_pesanan, sku, kuantitas) VALUES (66, 'SKU000038', 1);
INSERT IGNORE INTO BarangPesanan (id_pesanan, sku, kuantitas) VALUES (67, 'SKU000050', 2);
INSERT IGNORE INTO BarangPesanan (id_pesanan, sku, kuantitas) VALUES (68, 'SKU000193', 2);
INSERT IGNORE INTO BarangPesanan (id_pesanan, sku, kuantitas) VALUES (68, 'SKU000176', 1);
INSERT IGNORE INTO BarangPesanan (id_pesanan, sku, kuantitas) VALUES (69, 'SKU000154', 2);
INSERT IGNORE INTO BarangPesanan (id_pesanan, sku, kuantitas) VALUES (70, 'SKU000133', 2);
INSERT IGNORE INTO BarangPesanan (id_pesanan, sku, kuantitas) VALUES (71, 'SKU000002', 1);
INSERT IGNORE INTO BarangPesanan (id_pesanan, sku, kuantitas) VALUES (71, 'SKU000138', 1);
INSERT IGNORE INTO BarangPesanan (id_pesanan, sku, kuantitas) VALUES (72, 'SKU000014', 2);
INSERT IGNORE INTO BarangPesanan (id_pesanan, sku, kuantitas) VALUES (72, 'SKU000016', 1);
INSERT IGNORE INTO BarangPesanan (id_pesanan, sku, kuantitas) VALUES (72, 'SKU000166', 1);
INSERT IGNORE INTO BarangPesanan (id_pesanan, sku, kuantitas) VALUES (72, 'SKU000169', 2);
INSERT IGNORE INTO BarangPesanan (id_pesanan, sku, kuantitas) VALUES (73, 'SKU000192', 1);
INSERT IGNORE INTO BarangPesanan (id_pesanan, sku, kuantitas) VALUES (73, 'SKU000196', 2);
INSERT IGNORE INTO BarangPesanan (id_pesanan, sku, kuantitas) VALUES (74, 'SKU000190', 2);
INSERT IGNORE INTO BarangPesanan (id_pesanan, sku, kuantitas) VALUES (75, 'SKU000140', 1);
INSERT IGNORE INTO BarangPesanan (id_pesanan, sku, kuantitas) VALUES (75, 'SKU000086', 2);
INSERT IGNORE INTO BarangPesanan (id_pesanan, sku, kuantitas) VALUES (76, 'SKU000118', 2);
INSERT IGNORE INTO BarangPesanan (id_pesanan, sku, kuantitas) VALUES (76, 'SKU000104', 1);
INSERT IGNORE INTO BarangPesanan (id_pesanan, sku, kuantitas) VALUES (77, 'SKU000127', 1);
INSERT IGNORE INTO BarangPesanan (id_pesanan, sku, kuantitas) VALUES (77, 'SKU000155', 1);
INSERT IGNORE INTO BarangPesanan (id_pesanan, sku, kuantitas) VALUES (77, 'SKU000069', 2);
INSERT IGNORE INTO BarangPesanan (id_pesanan, sku, kuantitas) VALUES (77, 'SKU000032', 1);
INSERT IGNORE INTO BarangPesanan (id_pesanan, sku, kuantitas) VALUES (78, 'SKU000136', 1);
INSERT IGNORE INTO BarangPesanan (id_pesanan, sku, kuantitas) VALUES (78, 'SKU000185', 1);
INSERT IGNORE INTO BarangPesanan (id_pesanan, sku, kuantitas) VALUES (78, 'SKU000157', 1);
INSERT IGNORE INTO BarangPesanan (id_pesanan, sku, kuantitas) VALUES (78, 'SKU000087', 1);
INSERT IGNORE INTO BarangPesanan (id_pesanan, sku, kuantitas) VALUES (79, 'SKU000148', 1);
INSERT IGNORE INTO BarangPesanan (id_pesanan, sku, kuantitas) VALUES (79, 'SKU000072', 1);
INSERT IGNORE INTO BarangPesanan (id_pesanan, sku, kuantitas) VALUES (79, 'SKU000028', 1);
INSERT IGNORE INTO BarangPesanan (id_pesanan, sku, kuantitas) VALUES (80, 'SKU000095', 2);
INSERT IGNORE INTO BarangPesanan (id_pesanan, sku, kuantitas) VALUES (81, 'SKU000076', 2);
INSERT IGNORE INTO BarangPesanan (id_pesanan, sku, kuantitas) VALUES (82, 'SKU000185', 1);
INSERT IGNORE INTO BarangPesanan (id_pesanan, sku, kuantitas) VALUES (82, 'SKU000070', 2);
INSERT IGNORE INTO BarangPesanan (id_pesanan, sku, kuantitas) VALUES (82, 'SKU000174', 2);
INSERT IGNORE INTO BarangPesanan (id_pesanan, sku, kuantitas) VALUES (83, 'SKU000071', 2);
INSERT IGNORE INTO BarangPesanan (id_pesanan, sku, kuantitas) VALUES (83, 'SKU000123', 2);
INSERT IGNORE INTO BarangPesanan (id_pesanan, sku, kuantitas) VALUES (83, 'SKU000100', 2);
INSERT IGNORE INTO BarangPesanan (id_pesanan, sku, kuantitas) VALUES (84, 'SKU000166', 1);
INSERT IGNORE INTO BarangPesanan (id_pesanan, sku, kuantitas) VALUES (84, 'SKU000137', 2);
INSERT IGNORE INTO BarangPesanan (id_pesanan, sku, kuantitas) VALUES (85, 'SKU000049', 1);
INSERT IGNORE INTO BarangPesanan (id_pesanan, sku, kuantitas) VALUES (85, 'SKU000098', 1);
INSERT IGNORE INTO BarangPesanan (id_pesanan, sku, kuantitas) VALUES (85, 'SKU000124', 1);
INSERT IGNORE INTO BarangPesanan (id_pesanan, sku, kuantitas) VALUES (86, 'SKU000075', 2);
INSERT IGNORE INTO BarangPesanan (id_pesanan, sku, kuantitas) VALUES (86, 'SKU000097', 1);
INSERT IGNORE INTO BarangPesanan (id_pesanan, sku, kuantitas) VALUES (86, 'SKU000060', 1);
INSERT IGNORE INTO BarangPesanan (id_pesanan, sku, kuantitas) VALUES (86, 'SKU000109', 1);
INSERT IGNORE INTO BarangPesanan (id_pesanan, sku, kuantitas) VALUES (87, 'SKU000010', 2);
INSERT IGNORE INTO BarangPesanan (id_pesanan, sku, kuantitas) VALUES (87, 'SKU000198', 1);
INSERT IGNORE INTO BarangPesanan (id_pesanan, sku, kuantitas) VALUES (87, 'SKU000028', 2);
INSERT IGNORE INTO BarangPesanan (id_pesanan, sku, kuantitas) VALUES (87, 'SKU000041', 2);
INSERT IGNORE INTO BarangPesanan (id_pesanan, sku, kuantitas) VALUES (88, 'SKU000101', 2);
INSERT IGNORE INTO BarangPesanan (id_pesanan, sku, kuantitas) VALUES (89, 'SKU000131', 1);
INSERT IGNORE INTO BarangPesanan (id_pesanan, sku, kuantitas) VALUES (89, 'SKU000028', 1);
INSERT IGNORE INTO BarangPesanan (id_pesanan, sku, kuantitas) VALUES (90, 'SKU000069', 2);
INSERT IGNORE INTO BarangPesanan (id_pesanan, sku, kuantitas) VALUES (91, 'SKU000128', 1);
INSERT IGNORE INTO BarangPesanan (id_pesanan, sku, kuantitas) VALUES (91, 'SKU000187', 1);
INSERT IGNORE INTO BarangPesanan (id_pesanan, sku, kuantitas) VALUES (92, 'SKU000005', 1);
INSERT IGNORE INTO BarangPesanan (id_pesanan, sku, kuantitas) VALUES (93, 'SKU000091', 1);
INSERT IGNORE INTO BarangPesanan (id_pesanan, sku, kuantitas) VALUES (93, 'SKU000173', 1);
INSERT IGNORE INTO BarangPesanan (id_pesanan, sku, kuantitas) VALUES (94, 'SKU000183', 1);
INSERT IGNORE INTO BarangPesanan (id_pesanan, sku, kuantitas) VALUES (94, 'SKU000091', 1);
INSERT IGNORE INTO BarangPesanan (id_pesanan, sku, kuantitas) VALUES (94, 'SKU000161', 2);
INSERT IGNORE INTO BarangPesanan (id_pesanan, sku, kuantitas) VALUES (95, 'SKU000152', 2);
INSERT IGNORE INTO BarangPesanan (id_pesanan, sku, kuantitas) VALUES (95, 'SKU000119', 1);
INSERT IGNORE INTO BarangPesanan (id_pesanan, sku, kuantitas) VALUES (95, 'SKU000116', 2);
INSERT IGNORE INTO BarangPesanan (id_pesanan, sku, kuantitas) VALUES (95, 'SKU000102', 2);
INSERT IGNORE INTO BarangPesanan (id_pesanan, sku, kuantitas) VALUES (96, 'SKU000044', 1);
INSERT IGNORE INTO BarangPesanan (id_pesanan, sku, kuantitas) VALUES (97, 'SKU000153', 1);
INSERT IGNORE INTO BarangPesanan (id_pesanan, sku, kuantitas) VALUES (97, 'SKU000127', 2);
INSERT IGNORE INTO BarangPesanan (id_pesanan, sku, kuantitas) VALUES (97, 'SKU000056', 2);
INSERT IGNORE INTO BarangPesanan (id_pesanan, sku, kuantitas) VALUES (98, 'SKU000086', 1);
INSERT IGNORE INTO BarangPesanan (id_pesanan, sku, kuantitas) VALUES (98, 'SKU000023', 1);
INSERT IGNORE INTO BarangPesanan (id_pesanan, sku, kuantitas) VALUES (99, 'SKU000169', 1);
INSERT IGNORE INTO BarangPesanan (id_pesanan, sku, kuantitas) VALUES (99, 'SKU000044', 1);
INSERT IGNORE INTO BarangPesanan (id_pesanan, sku, kuantitas) VALUES (100, 'SKU000008', 2);
INSERT IGNORE INTO BarangPesanan (id_pesanan, sku, kuantitas) VALUES (100, 'SKU000125', 1);
INSERT IGNORE INTO BarangPesanan (id_pesanan, sku, kuantitas) VALUES (100, 'SKU000159', 2);
INSERT IGNORE INTO BarangPesanan (id_pesanan, sku, kuantitas) VALUES (100, 'SKU000049', 2);

-- Wishlist
INSERT IGNORE INTO Wishlist (id_pembeli, id_produk) VALUES (1, 39);
INSERT IGNORE INTO Wishlist (id_pembeli, id_produk) VALUES (1, 90);
INSERT IGNORE INTO Wishlist (id_pembeli, id_produk) VALUES (1, 71);
INSERT IGNORE INTO Wishlist (id_pembeli, id_produk) VALUES (1, 7);
INSERT IGNORE INTO Wishlist (id_pembeli, id_produk) VALUES (1, 19);
INSERT IGNORE INTO Wishlist (id_pembeli, id_produk) VALUES (1, 87);
INSERT IGNORE INTO Wishlist (id_pembeli, id_produk) VALUES (1, 66);
INSERT IGNORE INTO Wishlist (id_pembeli, id_produk) VALUES (2, 77);
INSERT IGNORE INTO Wishlist (id_pembeli, id_produk) VALUES (2, 99);
INSERT IGNORE INTO Wishlist (id_pembeli, id_produk) VALUES (2, 38);
INSERT IGNORE INTO Wishlist (id_pembeli, id_produk) VALUES (2, 93);
INSERT IGNORE INTO Wishlist (id_pembeli, id_produk) VALUES (2, 91);
INSERT IGNORE INTO Wishlist (id_pembeli, id_produk) VALUES (2, 60);
INSERT IGNORE INTO Wishlist (id_pembeli, id_produk) VALUES (3, 95);
INSERT IGNORE INTO Wishlist (id_pembeli, id_produk) VALUES (3, 46);
INSERT IGNORE INTO Wishlist (id_pembeli, id_produk) VALUES (4, 55);
INSERT IGNORE INTO Wishlist (id_pembeli, id_produk) VALUES (4, 68);
INSERT IGNORE INTO Wishlist (id_pembeli, id_produk) VALUES (4, 58);
INSERT IGNORE INTO Wishlist (id_pembeli, id_produk) VALUES (4, 99);
INSERT IGNORE INTO Wishlist (id_pembeli, id_produk) VALUES (4, 77);
INSERT IGNORE INTO Wishlist (id_pembeli, id_produk) VALUES (4, 67);
INSERT IGNORE INTO Wishlist (id_pembeli, id_produk) VALUES (5, 35);
INSERT IGNORE INTO Wishlist (id_pembeli, id_produk) VALUES (5, 21);
INSERT IGNORE INTO Wishlist (id_pembeli, id_produk) VALUES (5, 34);
INSERT IGNORE INTO Wishlist (id_pembeli, id_produk) VALUES (5, 43);
INSERT IGNORE INTO Wishlist (id_pembeli, id_produk) VALUES (5, 61);
INSERT IGNORE INTO Wishlist (id_pembeli, id_produk) VALUES (5, 38);
INSERT IGNORE INTO Wishlist (id_pembeli, id_produk) VALUES (6, 33);
INSERT IGNORE INTO Wishlist (id_pembeli, id_produk) VALUES (6, 86);
INSERT IGNORE INTO Wishlist (id_pembeli, id_produk) VALUES (6, 55);
INSERT IGNORE INTO Wishlist (id_pembeli, id_produk) VALUES (7, 60);
INSERT IGNORE INTO Wishlist (id_pembeli, id_produk) VALUES (7, 2);
INSERT IGNORE INTO Wishlist (id_pembeli, id_produk) VALUES (7, 3);
INSERT IGNORE INTO Wishlist (id_pembeli, id_produk) VALUES (7, 19);
INSERT IGNORE INTO Wishlist (id_pembeli, id_produk) VALUES (7, 93);
INSERT IGNORE INTO Wishlist (id_pembeli, id_produk) VALUES (7, 14);
INSERT IGNORE INTO Wishlist (id_pembeli, id_produk) VALUES (7, 80);
INSERT IGNORE INTO Wishlist (id_pembeli, id_produk) VALUES (7, 84);
INSERT IGNORE INTO Wishlist (id_pembeli, id_produk) VALUES (7, 95);
INSERT IGNORE INTO Wishlist (id_pembeli, id_produk) VALUES (8, 9);
INSERT IGNORE INTO Wishlist (id_pembeli, id_produk) VALUES (9, 9);
INSERT IGNORE INTO Wishlist (id_pembeli, id_produk) VALUES (9, 71);
INSERT IGNORE INTO Wishlist (id_pembeli, id_produk) VALUES (9, 73);
INSERT IGNORE INTO Wishlist (id_pembeli, id_produk) VALUES (9, 77);
INSERT IGNORE INTO Wishlist (id_pembeli, id_produk) VALUES (10, 12);
INSERT IGNORE INTO Wishlist (id_pembeli, id_produk) VALUES (10, 86);
INSERT IGNORE INTO Wishlist (id_pembeli, id_produk) VALUES (11, 41);
INSERT IGNORE INTO Wishlist (id_pembeli, id_produk) VALUES (11, 79);
INSERT IGNORE INTO Wishlist (id_pembeli, id_produk) VALUES (12, 13);
INSERT IGNORE INTO Wishlist (id_pembeli, id_produk) VALUES (12, 29);
INSERT IGNORE INTO Wishlist (id_pembeli, id_produk) VALUES (13, 29);
INSERT IGNORE INTO Wishlist (id_pembeli, id_produk) VALUES (13, 51);
INSERT IGNORE INTO Wishlist (id_pembeli, id_produk) VALUES (13, 15);
INSERT IGNORE INTO Wishlist (id_pembeli, id_produk) VALUES (13, 90);
INSERT IGNORE INTO Wishlist (id_pembeli, id_produk) VALUES (13, 13);
INSERT IGNORE INTO Wishlist (id_pembeli, id_produk) VALUES (13, 26);
INSERT IGNORE INTO Wishlist (id_pembeli, id_produk) VALUES (13, 27);
INSERT IGNORE INTO Wishlist (id_pembeli, id_produk) VALUES (13, 23);
INSERT IGNORE INTO Wishlist (id_pembeli, id_produk) VALUES (13, 42);
INSERT IGNORE INTO Wishlist (id_pembeli, id_produk) VALUES (13, 71);
INSERT IGNORE INTO Wishlist (id_pembeli, id_produk) VALUES (14, 94);
INSERT IGNORE INTO Wishlist (id_pembeli, id_produk) VALUES (14, 99);
INSERT IGNORE INTO Wishlist (id_pembeli, id_produk) VALUES (14, 16);
INSERT IGNORE INTO Wishlist (id_pembeli, id_produk) VALUES (15, 57);
INSERT IGNORE INTO Wishlist (id_pembeli, id_produk) VALUES (15, 7);
INSERT IGNORE INTO Wishlist (id_pembeli, id_produk) VALUES (15, 58);
INSERT IGNORE INTO Wishlist (id_pembeli, id_produk) VALUES (15, 90);
INSERT IGNORE INTO Wishlist (id_pembeli, id_produk) VALUES (15, 66);
INSERT IGNORE INTO Wishlist (id_pembeli, id_produk) VALUES (15, 77);
INSERT IGNORE INTO Wishlist (id_pembeli, id_produk) VALUES (15, 81);
INSERT IGNORE INTO Wishlist (id_pembeli, id_produk) VALUES (15, 73);
INSERT IGNORE INTO Wishlist (id_pembeli, id_produk) VALUES (15, 29);
INSERT IGNORE INTO Wishlist (id_pembeli, id_produk) VALUES (16, 5);
INSERT IGNORE INTO Wishlist (id_pembeli, id_produk) VALUES (16, 50);
INSERT IGNORE INTO Wishlist (id_pembeli, id_produk) VALUES (16, 57);
INSERT IGNORE INTO Wishlist (id_pembeli, id_produk) VALUES (16, 62);
INSERT IGNORE INTO Wishlist (id_pembeli, id_produk) VALUES (16, 6);
INSERT IGNORE INTO Wishlist (id_pembeli, id_produk) VALUES (16, 82);
INSERT IGNORE INTO Wishlist (id_pembeli, id_produk) VALUES (16, 74);
INSERT IGNORE INTO Wishlist (id_pembeli, id_produk) VALUES (16, 83);
INSERT IGNORE INTO Wishlist (id_pembeli, id_produk) VALUES (17, 50);
INSERT IGNORE INTO Wishlist (id_pembeli, id_produk) VALUES (17, 61);
INSERT IGNORE INTO Wishlist (id_pembeli, id_produk) VALUES (17, 99);
INSERT IGNORE INTO Wishlist (id_pembeli, id_produk) VALUES (17, 68);
INSERT IGNORE INTO Wishlist (id_pembeli, id_produk) VALUES (17, 56);
INSERT IGNORE INTO Wishlist (id_pembeli, id_produk) VALUES (17, 7);
INSERT IGNORE INTO Wishlist (id_pembeli, id_produk) VALUES (17, 59);
INSERT IGNORE INTO Wishlist (id_pembeli, id_produk) VALUES (17, 1);
INSERT IGNORE INTO Wishlist (id_pembeli, id_produk) VALUES (18, 29);
INSERT IGNORE INTO Wishlist (id_pembeli, id_produk) VALUES (18, 35);
INSERT IGNORE INTO Wishlist (id_pembeli, id_produk) VALUES (18, 50);
INSERT IGNORE INTO Wishlist (id_pembeli, id_produk) VALUES (18, 57);
INSERT IGNORE INTO Wishlist (id_pembeli, id_produk) VALUES (18, 63);
INSERT IGNORE INTO Wishlist (id_pembeli, id_produk) VALUES (18, 37);
INSERT IGNORE INTO Wishlist (id_pembeli, id_produk) VALUES (18, 13);
INSERT IGNORE INTO Wishlist (id_pembeli, id_produk) VALUES (19, 56);
INSERT IGNORE INTO Wishlist (id_pembeli, id_produk) VALUES (20, 94);
INSERT IGNORE INTO Wishlist (id_pembeli, id_produk) VALUES (20, 28);
INSERT IGNORE INTO Wishlist (id_pembeli, id_produk) VALUES (21, 82);
INSERT IGNORE INTO Wishlist (id_pembeli, id_produk) VALUES (21, 12);
INSERT IGNORE INTO Wishlist (id_pembeli, id_produk) VALUES (21, 51);
INSERT IGNORE INTO Wishlist (id_pembeli, id_produk) VALUES (21, 79);
INSERT IGNORE INTO Wishlist (id_pembeli, id_produk) VALUES (21, 25);
INSERT IGNORE INTO Wishlist (id_pembeli, id_produk) VALUES (22, 61);
INSERT IGNORE INTO Wishlist (id_pembeli, id_produk) VALUES (22, 99);
INSERT IGNORE INTO Wishlist (id_pembeli, id_produk) VALUES (22, 31);
INSERT IGNORE INTO Wishlist (id_pembeli, id_produk) VALUES (23, 92);
INSERT IGNORE INTO Wishlist (id_pembeli, id_produk) VALUES (23, 15);
INSERT IGNORE INTO Wishlist (id_pembeli, id_produk) VALUES (23, 73);
INSERT IGNORE INTO Wishlist (id_pembeli, id_produk) VALUES (23, 47);
INSERT IGNORE INTO Wishlist (id_pembeli, id_produk) VALUES (23, 17);
INSERT IGNORE INTO Wishlist (id_pembeli, id_produk) VALUES (26, 12);
INSERT IGNORE INTO Wishlist (id_pembeli, id_produk) VALUES (26, 18);
INSERT IGNORE INTO Wishlist (id_pembeli, id_produk) VALUES (27, 100);
INSERT IGNORE INTO Wishlist (id_pembeli, id_produk) VALUES (27, 98);
INSERT IGNORE INTO Wishlist (id_pembeli, id_produk) VALUES (27, 92);
INSERT IGNORE INTO Wishlist (id_pembeli, id_produk) VALUES (27, 66);
INSERT IGNORE INTO Wishlist (id_pembeli, id_produk) VALUES (27, 27);
INSERT IGNORE INTO Wishlist (id_pembeli, id_produk) VALUES (27, 40);
INSERT IGNORE INTO Wishlist (id_pembeli, id_produk) VALUES (27, 90);
INSERT IGNORE INTO Wishlist (id_pembeli, id_produk) VALUES (27, 87);
INSERT IGNORE INTO Wishlist (id_pembeli, id_produk) VALUES (28, 59);
INSERT IGNORE INTO Wishlist (id_pembeli, id_produk) VALUES (28, 49);
INSERT IGNORE INTO Wishlist (id_pembeli, id_produk) VALUES (28, 90);
INSERT IGNORE INTO Wishlist (id_pembeli, id_produk) VALUES (28, 46);
INSERT IGNORE INTO Wishlist (id_pembeli, id_produk) VALUES (28, 20);
INSERT IGNORE INTO Wishlist (id_pembeli, id_produk) VALUES (28, 81);
INSERT IGNORE INTO Wishlist (id_pembeli, id_produk) VALUES (28, 88);
INSERT IGNORE INTO Wishlist (id_pembeli, id_produk) VALUES (28, 31);
INSERT IGNORE INTO Wishlist (id_pembeli, id_produk) VALUES (28, 64);
INSERT IGNORE INTO Wishlist (id_pembeli, id_produk) VALUES (29, 26);
INSERT IGNORE INTO Wishlist (id_pembeli, id_produk) VALUES (29, 92);
INSERT IGNORE INTO Wishlist (id_pembeli, id_produk) VALUES (29, 6);
INSERT IGNORE INTO Wishlist (id_pembeli, id_produk) VALUES (29, 75);
INSERT IGNORE INTO Wishlist (id_pembeli, id_produk) VALUES (29, 58);
INSERT IGNORE INTO Wishlist (id_pembeli, id_produk) VALUES (29, 33);
INSERT IGNORE INTO Wishlist (id_pembeli, id_produk) VALUES (29, 47);
INSERT IGNORE INTO Wishlist (id_pembeli, id_produk) VALUES (29, 56);
INSERT IGNORE INTO Wishlist (id_pembeli, id_produk) VALUES (31, 82);
INSERT IGNORE INTO Wishlist (id_pembeli, id_produk) VALUES (31, 89);
INSERT IGNORE INTO Wishlist (id_pembeli, id_produk) VALUES (31, 88);
INSERT IGNORE INTO Wishlist (id_pembeli, id_produk) VALUES (31, 86);
INSERT IGNORE INTO Wishlist (id_pembeli, id_produk) VALUES (31, 30);
INSERT IGNORE INTO Wishlist (id_pembeli, id_produk) VALUES (31, 20);
INSERT IGNORE INTO Wishlist (id_pembeli, id_produk) VALUES (31, 94);
INSERT IGNORE INTO Wishlist (id_pembeli, id_produk) VALUES (31, 38);
INSERT IGNORE INTO Wishlist (id_pembeli, id_produk) VALUES (31, 100);
INSERT IGNORE INTO Wishlist (id_pembeli, id_produk) VALUES (31, 41);
INSERT IGNORE INTO Wishlist (id_pembeli, id_produk) VALUES (32, 71);
INSERT IGNORE INTO Wishlist (id_pembeli, id_produk) VALUES (32, 98);
INSERT IGNORE INTO Wishlist (id_pembeli, id_produk) VALUES (33, 18);
INSERT IGNORE INTO Wishlist (id_pembeli, id_produk) VALUES (33, 21);
INSERT IGNORE INTO Wishlist (id_pembeli, id_produk) VALUES (33, 23);
INSERT IGNORE INTO Wishlist (id_pembeli, id_produk) VALUES (35, 2);
INSERT IGNORE INTO Wishlist (id_pembeli, id_produk) VALUES (35, 76);
INSERT IGNORE INTO Wishlist (id_pembeli, id_produk) VALUES (35, 11);
INSERT IGNORE INTO Wishlist (id_pembeli, id_produk) VALUES (35, 19);
INSERT IGNORE INTO Wishlist (id_pembeli, id_produk) VALUES (35, 3);
INSERT IGNORE INTO Wishlist (id_pembeli, id_produk) VALUES (35, 21);
INSERT IGNORE INTO Wishlist (id_pembeli, id_produk) VALUES (35, 6);
INSERT IGNORE INTO Wishlist (id_pembeli, id_produk) VALUES (35, 33);
INSERT IGNORE INTO Wishlist (id_pembeli, id_produk) VALUES (35, 55);
INSERT IGNORE INTO Wishlist (id_pembeli, id_produk) VALUES (35, 42);
INSERT IGNORE INTO Wishlist (id_pembeli, id_produk) VALUES (36, 15);
INSERT IGNORE INTO Wishlist (id_pembeli, id_produk) VALUES (37, 63);
INSERT IGNORE INTO Wishlist (id_pembeli, id_produk) VALUES (37, 68);
INSERT IGNORE INTO Wishlist (id_pembeli, id_produk) VALUES (37, 26);
INSERT IGNORE INTO Wishlist (id_pembeli, id_produk) VALUES (37, 29);
INSERT IGNORE INTO Wishlist (id_pembeli, id_produk) VALUES (37, 12);
INSERT IGNORE INTO Wishlist (id_pembeli, id_produk) VALUES (37, 5);
INSERT IGNORE INTO Wishlist (id_pembeli, id_produk) VALUES (37, 33);
INSERT IGNORE INTO Wishlist (id_pembeli, id_produk) VALUES (37, 89);
INSERT IGNORE INTO Wishlist (id_pembeli, id_produk) VALUES (37, 48);
INSERT IGNORE INTO Wishlist (id_pembeli, id_produk) VALUES (37, 64);
INSERT IGNORE INTO Wishlist (id_pembeli, id_produk) VALUES (38, 89);
INSERT IGNORE INTO Wishlist (id_pembeli, id_produk) VALUES (38, 60);
INSERT IGNORE INTO Wishlist (id_pembeli, id_produk) VALUES (38, 3);
INSERT IGNORE INTO Wishlist (id_pembeli, id_produk) VALUES (38, 29);
INSERT IGNORE INTO Wishlist (id_pembeli, id_produk) VALUES (39, 77);
INSERT IGNORE INTO Wishlist (id_pembeli, id_produk) VALUES (39, 37);
INSERT IGNORE INTO Wishlist (id_pembeli, id_produk) VALUES (39, 50);
INSERT IGNORE INTO Wishlist (id_pembeli, id_produk) VALUES (39, 91);
INSERT IGNORE INTO Wishlist (id_pembeli, id_produk) VALUES (39, 42);
INSERT IGNORE INTO Wishlist (id_pembeli, id_produk) VALUES (39, 15);
INSERT IGNORE INTO Wishlist (id_pembeli, id_produk) VALUES (40, 85);
INSERT IGNORE INTO Wishlist (id_pembeli, id_produk) VALUES (40, 45);
INSERT IGNORE INTO Wishlist (id_pembeli, id_produk) VALUES (40, 61);
INSERT IGNORE INTO Wishlist (id_pembeli, id_produk) VALUES (40, 79);
INSERT IGNORE INTO Wishlist (id_pembeli, id_produk) VALUES (40, 20);
INSERT IGNORE INTO Wishlist (id_pembeli, id_produk) VALUES (41, 18);
INSERT IGNORE INTO Wishlist (id_pembeli, id_produk) VALUES (41, 58);
INSERT IGNORE INTO Wishlist (id_pembeli, id_produk) VALUES (41, 80);
INSERT IGNORE INTO Wishlist (id_pembeli, id_produk) VALUES (41, 69);
INSERT IGNORE INTO Wishlist (id_pembeli, id_produk) VALUES (42, 18);
INSERT IGNORE INTO Wishlist (id_pembeli, id_produk) VALUES (42, 60);
INSERT IGNORE INTO Wishlist (id_pembeli, id_produk) VALUES (42, 20);
INSERT IGNORE INTO Wishlist (id_pembeli, id_produk) VALUES (42, 41);
INSERT IGNORE INTO Wishlist (id_pembeli, id_produk) VALUES (43, 93);
INSERT IGNORE INTO Wishlist (id_pembeli, id_produk) VALUES (43, 36);
INSERT IGNORE INTO Wishlist (id_pembeli, id_produk) VALUES (43, 41);
INSERT IGNORE INTO Wishlist (id_pembeli, id_produk) VALUES (43, 27);
INSERT IGNORE INTO Wishlist (id_pembeli, id_produk) VALUES (43, 16);
INSERT IGNORE INTO Wishlist (id_pembeli, id_produk) VALUES (43, 30);
INSERT IGNORE INTO Wishlist (id_pembeli, id_produk) VALUES (43, 96);
INSERT IGNORE INTO Wishlist (id_pembeli, id_produk) VALUES (43, 48);
INSERT IGNORE INTO Wishlist (id_pembeli, id_produk) VALUES (43, 66);
INSERT IGNORE INTO Wishlist (id_pembeli, id_produk) VALUES (43, 84);
INSERT IGNORE INTO Wishlist (id_pembeli, id_produk) VALUES (44, 59);
INSERT IGNORE INTO Wishlist (id_pembeli, id_produk) VALUES (44, 29);
INSERT IGNORE INTO Wishlist (id_pembeli, id_produk) VALUES (44, 85);
INSERT IGNORE INTO Wishlist (id_pembeli, id_produk) VALUES (44, 93);
INSERT IGNORE INTO Wishlist (id_pembeli, id_produk) VALUES (44, 8);
INSERT IGNORE INTO Wishlist (id_pembeli, id_produk) VALUES (44, 17);
INSERT IGNORE INTO Wishlist (id_pembeli, id_produk) VALUES (44, 49);
INSERT IGNORE INTO Wishlist (id_pembeli, id_produk) VALUES (44, 15);
INSERT IGNORE INTO Wishlist (id_pembeli, id_produk) VALUES (44, 10);
INSERT IGNORE INTO Wishlist (id_pembeli, id_produk) VALUES (46, 84);
INSERT IGNORE INTO Wishlist (id_pembeli, id_produk) VALUES (46, 21);
INSERT IGNORE INTO Wishlist (id_pembeli, id_produk) VALUES (46, 25);
INSERT IGNORE INTO Wishlist (id_pembeli, id_produk) VALUES (47, 80);
INSERT IGNORE INTO Wishlist (id_pembeli, id_produk) VALUES (47, 85);
INSERT IGNORE INTO Wishlist (id_pembeli, id_produk) VALUES (47, 94);
INSERT IGNORE INTO Wishlist (id_pembeli, id_produk) VALUES (47, 5);
INSERT IGNORE INTO Wishlist (id_pembeli, id_produk) VALUES (47, 70);
INSERT IGNORE INTO Wishlist (id_pembeli, id_produk) VALUES (47, 9);
INSERT IGNORE INTO Wishlist (id_pembeli, id_produk) VALUES (48, 100);
INSERT IGNORE INTO Wishlist (id_pembeli, id_produk) VALUES (48, 92);
INSERT IGNORE INTO Wishlist (id_pembeli, id_produk) VALUES (48, 13);
INSERT IGNORE INTO Wishlist (id_pembeli, id_produk) VALUES (48, 3);
INSERT IGNORE INTO Wishlist (id_pembeli, id_produk) VALUES (48, 65);
INSERT IGNORE INTO Wishlist (id_pembeli, id_produk) VALUES (48, 16);
INSERT IGNORE INTO Wishlist (id_pembeli, id_produk) VALUES (48, 67);
INSERT IGNORE INTO Wishlist (id_pembeli, id_produk) VALUES (49, 83);
INSERT IGNORE INTO Wishlist (id_pembeli, id_produk) VALUES (49, 63);
INSERT IGNORE INTO Wishlist (id_pembeli, id_produk) VALUES (49, 22);
INSERT IGNORE INTO Wishlist (id_pembeli, id_produk) VALUES (49, 30);
INSERT IGNORE INTO Wishlist (id_pembeli, id_produk) VALUES (49, 5);
INSERT IGNORE INTO Wishlist (id_pembeli, id_produk) VALUES (49, 92);
INSERT IGNORE INTO Wishlist (id_pembeli, id_produk) VALUES (50, 77);
INSERT IGNORE INTO Wishlist (id_pembeli, id_produk) VALUES (50, 83);
INSERT IGNORE INTO Wishlist (id_pembeli, id_produk) VALUES (50, 82);
INSERT IGNORE INTO Wishlist (id_pembeli, id_produk) VALUES (50, 86);
INSERT IGNORE INTO Wishlist (id_pembeli, id_produk) VALUES (50, 29);
INSERT IGNORE INTO Wishlist (id_pembeli, id_produk) VALUES (50, 45);
INSERT IGNORE INTO Wishlist (id_pembeli, id_produk) VALUES (50, 65);
INSERT IGNORE INTO Wishlist (id_pembeli, id_produk) VALUES (50, 47);
INSERT IGNORE INTO Wishlist (id_pembeli, id_produk) VALUES (50, 96);
INSERT IGNORE INTO Wishlist (id_pembeli, id_produk) VALUES (50, 74);
INSERT IGNORE INTO Wishlist (id_pembeli, id_produk) VALUES (52, 84);
INSERT IGNORE INTO Wishlist (id_pembeli, id_produk) VALUES (52, 60);
INSERT IGNORE INTO Wishlist (id_pembeli, id_produk) VALUES (52, 61);
INSERT IGNORE INTO Wishlist (id_pembeli, id_produk) VALUES (52, 50);
INSERT IGNORE INTO Wishlist (id_pembeli, id_produk) VALUES (52, 32);
INSERT IGNORE INTO Wishlist (id_pembeli, id_produk) VALUES (52, 87);
INSERT IGNORE INTO Wishlist (id_pembeli, id_produk) VALUES (52, 62);
INSERT IGNORE INTO Wishlist (id_pembeli, id_produk) VALUES (52, 2);
INSERT IGNORE INTO Wishlist (id_pembeli, id_produk) VALUES (52, 78);
INSERT IGNORE INTO Wishlist (id_pembeli, id_produk) VALUES (53, 82);
INSERT IGNORE INTO Wishlist (id_pembeli, id_produk) VALUES (53, 13);
INSERT IGNORE INTO Wishlist (id_pembeli, id_produk) VALUES (54, 10);
INSERT IGNORE INTO Wishlist (id_pembeli, id_produk) VALUES (54, 34);
INSERT IGNORE INTO Wishlist (id_pembeli, id_produk) VALUES (54, 59);
INSERT IGNORE INTO Wishlist (id_pembeli, id_produk) VALUES (54, 24);
INSERT IGNORE INTO Wishlist (id_pembeli, id_produk) VALUES (54, 31);
INSERT IGNORE INTO Wishlist (id_pembeli, id_produk) VALUES (54, 27);
INSERT IGNORE INTO Wishlist (id_pembeli, id_produk) VALUES (54, 64);
INSERT IGNORE INTO Wishlist (id_pembeli, id_produk) VALUES (54, 68);
INSERT IGNORE INTO Wishlist (id_pembeli, id_produk) VALUES (55, 30);
INSERT IGNORE INTO Wishlist (id_pembeli, id_produk) VALUES (55, 12);
INSERT IGNORE INTO Wishlist (id_pembeli, id_produk) VALUES (55, 57);
INSERT IGNORE INTO Wishlist (id_pembeli, id_produk) VALUES (55, 75);
INSERT IGNORE INTO Wishlist (id_pembeli, id_produk) VALUES (55, 93);
INSERT IGNORE INTO Wishlist (id_pembeli, id_produk) VALUES (55, 32);
INSERT IGNORE INTO Wishlist (id_pembeli, id_produk) VALUES (55, 53);
INSERT IGNORE INTO Wishlist (id_pembeli, id_produk) VALUES (55, 11);
INSERT IGNORE INTO Wishlist (id_pembeli, id_produk) VALUES (55, 86);
INSERT IGNORE INTO Wishlist (id_pembeli, id_produk) VALUES (56, 62);
INSERT IGNORE INTO Wishlist (id_pembeli, id_produk) VALUES (56, 95);
INSERT IGNORE INTO Wishlist (id_pembeli, id_produk) VALUES (56, 61);
INSERT IGNORE INTO Wishlist (id_pembeli, id_produk) VALUES (56, 56);
INSERT IGNORE INTO Wishlist (id_pembeli, id_produk) VALUES (56, 25);
INSERT IGNORE INTO Wishlist (id_pembeli, id_produk) VALUES (56, 33);
INSERT IGNORE INTO Wishlist (id_pembeli, id_produk) VALUES (56, 77);
INSERT IGNORE INTO Wishlist (id_pembeli, id_produk) VALUES (56, 48);
INSERT IGNORE INTO Wishlist (id_pembeli, id_produk) VALUES (56, 80);
INSERT IGNORE INTO Wishlist (id_pembeli, id_produk) VALUES (57, 3);
INSERT IGNORE INTO Wishlist (id_pembeli, id_produk) VALUES (57, 99);
INSERT IGNORE INTO Wishlist (id_pembeli, id_produk) VALUES (57, 34);
INSERT IGNORE INTO Wishlist (id_pembeli, id_produk) VALUES (57, 66);
INSERT IGNORE INTO Wishlist (id_pembeli, id_produk) VALUES (57, 16);
INSERT IGNORE INTO Wishlist (id_pembeli, id_produk) VALUES (57, 69);
INSERT IGNORE INTO Wishlist (id_pembeli, id_produk) VALUES (57, 96);
INSERT IGNORE INTO Wishlist (id_pembeli, id_produk) VALUES (57, 35);
INSERT IGNORE INTO Wishlist (id_pembeli, id_produk) VALUES (57, 43);
INSERT IGNORE INTO Wishlist (id_pembeli, id_produk) VALUES (58, 58);
INSERT IGNORE INTO Wishlist (id_pembeli, id_produk) VALUES (58, 23);
INSERT IGNORE INTO Wishlist (id_pembeli, id_produk) VALUES (58, 32);
INSERT IGNORE INTO Wishlist (id_pembeli, id_produk) VALUES (58, 42);
INSERT IGNORE INTO Wishlist (id_pembeli, id_produk) VALUES (58, 99);
INSERT IGNORE INTO Wishlist (id_pembeli, id_produk) VALUES (58, 100);
INSERT IGNORE INTO Wishlist (id_pembeli, id_produk) VALUES (58, 71);
INSERT IGNORE INTO Wishlist (id_pembeli, id_produk) VALUES (58, 19);
INSERT IGNORE INTO Wishlist (id_pembeli, id_produk) VALUES (59, 51);
INSERT IGNORE INTO Wishlist (id_pembeli, id_produk) VALUES (59, 63);
INSERT IGNORE INTO Wishlist (id_pembeli, id_produk) VALUES (59, 29);
INSERT IGNORE INTO Wishlist (id_pembeli, id_produk) VALUES (60, 9);
INSERT IGNORE INTO Wishlist (id_pembeli, id_produk) VALUES (60, 10);
INSERT IGNORE INTO Wishlist (id_pembeli, id_produk) VALUES (60, 68);
INSERT IGNORE INTO Wishlist (id_pembeli, id_produk) VALUES (60, 92);

-- Ulasan
INSERT IGNORE INTO Ulasan (id_produk, id_pembeli, komentar, penilaian) VALUES (44, 22, 'Odio veniam ex blanditiis consequuntur occaecati odit nulla. Natus tempore et adipisci. A voluptas cum ex voluptatibus sint.', 4);
INSERT IGNORE INTO Ulasan (id_produk, id_pembeli, komentar, penilaian) VALUES (23, 25, 'Praesentium maiores id saepe dolorum illum veritatis.', 5);
INSERT IGNORE INTO Ulasan (id_produk, id_pembeli, komentar, penilaian) VALUES (60, 25, 'Earum molestiae et nemo vitae maxime.', 2);
INSERT IGNORE INTO Ulasan (id_produk, id_pembeli, komentar, penilaian) VALUES (69, 25, 'Exercitationem quis repellat.', 1);
INSERT IGNORE INTO Ulasan (id_produk, id_pembeli, komentar, penilaian) VALUES (64, 25, 'Maiores dicta praesentium aut porro incidunt hic laboriosam.', 3);
INSERT IGNORE INTO Ulasan (id_produk, id_pembeli, komentar, penilaian) VALUES (65, 25, 'Nihil ducimus dolores ea.', 4);
INSERT IGNORE INTO Ulasan (id_produk, id_pembeli, komentar, penilaian) VALUES (68, 41, 'Omnis reprehenderit earum velit a blanditiis mollitia. Commodi ipsa ut tenetur officia ducimus alias minus.', 1);
INSERT IGNORE INTO Ulasan (id_produk, id_pembeli, komentar, penilaian) VALUES (33, 41, 'Repudiandae dolore vitae sint culpa perferendis qui. Asperiores voluptate quibusdam voluptatibus similique velit.', 2);
INSERT IGNORE INTO Ulasan (id_produk, id_pembeli, komentar, penilaian) VALUES (25, 41, 'In molestiae harum recusandae mollitia delectus nam. Voluptas quam optio adipisci dolor blanditiis.', 4);
INSERT IGNORE INTO Ulasan (id_produk, id_pembeli, komentar, penilaian) VALUES (87, 3, 'Quaerat sequi eveniet dolores porro blanditiis odit quibusdam.', 2);
INSERT IGNORE INTO Ulasan (id_produk, id_pembeli, komentar, penilaian) VALUES (94, 28, 'Esse pariatur consequuntur accusantium natus. Culpa voluptatem autem molestias voluptatem blanditiis eligendi.', 2);
INSERT IGNORE INTO Ulasan (id_produk, id_pembeli, komentar, penilaian) VALUES (26, 28, 'Vero nisi excepturi officia dolores necessitatibus.', 3);
INSERT IGNORE INTO Ulasan (id_produk, id_pembeli, komentar, penilaian) VALUES (45, 50, 'Dignissimos totam accusantium. Doloribus enim cupiditate voluptatum. Nam quidem dolorem quod ipsum laboriosam reprehenderit. Expedita corrupti laborum nostrum doloremque.', 1);
INSERT IGNORE INTO Ulasan (id_produk, id_pembeli, komentar, penilaian) VALUES (83, 50, 'Accusantium accusamus dicta aliquid est.', 4);
INSERT IGNORE INTO Ulasan (id_produk, id_pembeli, komentar, penilaian) VALUES (53, 50, 'Velit illo iure.', 1);
INSERT IGNORE INTO Ulasan (id_produk, id_pembeli, komentar, penilaian) VALUES (84, 50, 'Cupiditate fuga consequatur consectetur consequatur neque quo. Delectus amet ipsa velit assumenda. Adipisci reprehenderit impedit soluta deleniti ad eaque.', 3);
INSERT IGNORE INTO Ulasan (id_produk, id_pembeli, komentar, penilaian) VALUES (7, 50, 'Facere reprehenderit at harum impedit nesciunt optio occaecati.', 5);
INSERT IGNORE INTO Ulasan (id_produk, id_pembeli, komentar, penilaian) VALUES (64, 42, 'Quibusdam facere dolorem soluta eum repellat dicta.', 4);
INSERT IGNORE INTO Ulasan (id_produk, id_pembeli, komentar, penilaian) VALUES (69, 42, 'Incidunt tempora eos occaecati dolor esse assumenda minima.', 2);
INSERT IGNORE INTO Ulasan (id_produk, id_pembeli, komentar, penilaian) VALUES (53, 42, 'Facilis dolorem ipsum doloribus ex libero corrupti. Ratione ipsam dolorem beatae.', 5);
INSERT IGNORE INTO Ulasan (id_produk, id_pembeli, komentar, penilaian) VALUES (71, 42, 'Corporis culpa nihil voluptatibus vel facere voluptatem.', 1);
INSERT IGNORE INTO Ulasan (id_produk, id_pembeli, komentar, penilaian) VALUES (29, 55, 'Error magni consectetur facere eaque est. Dicta quos rem commodi.', 5);
INSERT IGNORE INTO Ulasan (id_produk, id_pembeli, komentar, penilaian) VALUES (51, 60, 'Aliquid fuga cumque adipisci earum.', 1);
INSERT IGNORE INTO Ulasan (id_produk, id_pembeli, komentar, penilaian) VALUES (97, 60, 'Recusandae ex quibusdam delectus inventore. Similique nobis iste a ex quos vitae. Rerum illum repellat voluptatum nam.', 5);
INSERT IGNORE INTO Ulasan (id_produk, id_pembeli, komentar, penilaian) VALUES (7, 60, 'Numquam non quas asperiores. Doloremque aspernatur amet. Eaque possimus amet alias dolores ducimus quibusdam quo.', 4);
INSERT IGNORE INTO Ulasan (id_produk, id_pembeli, komentar, penilaian) VALUES (95, 60, 'Neque fugiat nihil placeat quaerat beatae ut.', 1);
INSERT IGNORE INTO Ulasan (id_produk, id_pembeli, komentar, penilaian) VALUES (15, 39, 'Impedit recusandae non debitis expedita.', 4);
INSERT IGNORE INTO Ulasan (id_produk, id_pembeli, komentar, penilaian) VALUES (67, 39, 'Eveniet dignissimos nisi nesciunt. Sint voluptatum quis officia doloribus eius eveniet.', 1);
INSERT IGNORE INTO Ulasan (id_produk, id_pembeli, komentar, penilaian) VALUES (62, 16, 'Dolorum debitis hic ad velit. Doloremque porro sint eius veniam minus doloremque minima.', 2);
INSERT IGNORE INTO Ulasan (id_produk, id_pembeli, komentar, penilaian) VALUES (78, 16, 'Corrupti minima blanditiis iusto nesciunt.', 2);
INSERT IGNORE INTO Ulasan (id_produk, id_pembeli, komentar, penilaian) VALUES (63, 32, 'Libero quasi velit voluptates quos quod. Minima facilis dolores rem officiis nostrum incidunt quam.', 1);
INSERT IGNORE INTO Ulasan (id_produk, id_pembeli, komentar, penilaian) VALUES (53, 9, 'Est maiores perspiciatis expedita ipsum.', 5);
INSERT IGNORE INTO Ulasan (id_produk, id_pembeli, komentar, penilaian) VALUES (92, 9, 'Veritatis cumque blanditiis vel natus labore optio. Autem quisquam deserunt.', 5);
INSERT IGNORE INTO Ulasan (id_produk, id_pembeli, komentar, penilaian) VALUES (26, 9, 'Voluptas alias minima hic. Harum quisquam commodi blanditiis sapiente laudantium. A in consequatur ut libero explicabo.', 1);
INSERT IGNORE INTO Ulasan (id_produk, id_pembeli, komentar, penilaian) VALUES (63, 43, 'Dolores at animi illo quos modi. Ullam eos beatae neque earum. Corrupti officiis atque facilis natus dolorum doloremque iusto.', 2);
INSERT IGNORE INTO Ulasan (id_produk, id_pembeli, komentar, penilaian) VALUES (88, 43, 'Vel reiciendis eveniet recusandae atque illo itaque eos.', 3);
INSERT IGNORE INTO Ulasan (id_produk, id_pembeli, komentar, penilaian) VALUES (51, 27, 'Animi odit quasi occaecati adipisci aspernatur. Esse omnis quae ut veritatis quibusdam.', 1);
INSERT IGNORE INTO Ulasan (id_produk, id_pembeli, komentar, penilaian) VALUES (45, 27, 'Eum voluptas maxime perspiciatis aliquam laudantium. Porro optio eum cum sit.', 2);
INSERT IGNORE INTO Ulasan (id_produk, id_pembeli, komentar, penilaian) VALUES (86, 27, 'Architecto molestiae nostrum illo accusamus temporibus quia commodi.', 3);
INSERT IGNORE INTO Ulasan (id_produk, id_pembeli, komentar, penilaian) VALUES (69, 27, 'Quo quam maxime est. Exercitationem eum rem harum blanditiis quibusdam.', 2);
INSERT IGNORE INTO Ulasan (id_produk, id_pembeli, komentar, penilaian) VALUES (20, 8, 'Voluptates repellat odio harum laboriosam repellat aspernatur.', 2);
INSERT IGNORE INTO Ulasan (id_produk, id_pembeli, komentar, penilaian) VALUES (64, 8, 'Nisi tempore totam eius suscipit doloribus minima delectus.', 3);
INSERT IGNORE INTO Ulasan (id_produk, id_pembeli, komentar, penilaian) VALUES (4, 8, 'Modi ipsum veniam excepturi porro harum quo.', 4);
INSERT IGNORE INTO Ulasan (id_produk, id_pembeli, komentar, penilaian) VALUES (26, 8, 'Voluptatibus minus voluptate doloribus exercitationem itaque. Quis numquam doloremque id ex. Molestias fuga deleniti numquam iusto dignissimos aperiam.', 3);
INSERT IGNORE INTO Ulasan (id_produk, id_pembeli, komentar, penilaian) VALUES (92, 29, 'At dolorem architecto voluptatem cupiditate omnis.', 2);
INSERT IGNORE INTO Ulasan (id_produk, id_pembeli, komentar, penilaian) VALUES (42, 29, 'Voluptate rem magni numquam est vitae accusamus earum. Quasi cupiditate quisquam assumenda. Possimus accusamus voluptatum commodi.', 3);
INSERT IGNORE INTO Ulasan (id_produk, id_pembeli, komentar, penilaian) VALUES (15, 29, 'Harum similique quibusdam maiores voluptatum.', 3);
INSERT IGNORE INTO Ulasan (id_produk, id_pembeli, komentar, penilaian) VALUES (44, 29, 'Quaerat quaerat exercitationem eius architecto. Ipsum eos molestiae distinctio.', 3);
INSERT IGNORE INTO Ulasan (id_produk, id_pembeli, komentar, penilaian) VALUES (42, 45, 'Necessitatibus quam nisi odio velit. Magnam nulla unde in cum eveniet nesciunt.', 1);
INSERT IGNORE INTO Ulasan (id_produk, id_pembeli, komentar, penilaian) VALUES (70, 38, 'Ab velit occaecati vitae exercitationem soluta voluptate. Labore autem omnis. Minima rerum vel.', 3);
INSERT IGNORE INTO Ulasan (id_produk, id_pembeli, komentar, penilaian) VALUES (92, 38, 'Totam provident assumenda consequatur quis consequuntur. Commodi dolore tempore iusto.', 4);
INSERT IGNORE INTO Ulasan (id_produk, id_pembeli, komentar, penilaian) VALUES (87, 38, 'Inventore ad amet dolore. Libero temporibus unde. Ex sunt veritatis hic quam sunt vel earum.', 2);
INSERT IGNORE INTO Ulasan (id_produk, id_pembeli, komentar, penilaian) VALUES (56, 21, 'Nostrum nihil exercitationem iste cum.', 4);
INSERT IGNORE INTO Ulasan (id_produk, id_pembeli, komentar, penilaian) VALUES (28, 21, 'Beatae praesentium quos ipsam officiis.', 5);
INSERT IGNORE INTO Ulasan (id_produk, id_pembeli, komentar, penilaian) VALUES (1, 21, 'Hic ab atque.', 1);
INSERT IGNORE INTO Ulasan (id_produk, id_pembeli, komentar, penilaian) VALUES (64, 11, 'Reprehenderit nobis ex impedit odio sapiente suscipit.', 3);
INSERT IGNORE INTO Ulasan (id_produk, id_pembeli, komentar, penilaian) VALUES (82, 11, 'Eveniet doloribus adipisci quos consectetur eveniet. Totam quod suscipit. In repellat iusto esse ea cumque id.', 2);
INSERT IGNORE INTO Ulasan (id_produk, id_pembeli, komentar, penilaian) VALUES (74, 11, 'Laborum eveniet deserunt rem explicabo. Nisi eveniet dolorum quos autem ipsam veniam repellat.', 2);
INSERT IGNORE INTO Ulasan (id_produk, id_pembeli, komentar, penilaian) VALUES (56, 57, 'Suscipit iure autem ab hic reiciendis laudantium eum.', 2);
INSERT IGNORE INTO Ulasan (id_produk, id_pembeli, komentar, penilaian) VALUES (73, 57, 'Voluptatem error vitae ea cupiditate dolores ea consequuntur. Enim debitis modi corporis itaque praesentium. Eligendi vero labore.', 3);
INSERT IGNORE INTO Ulasan (id_produk, id_pembeli, komentar, penilaian) VALUES (40, 57, 'Odit sed accusantium at magnam. Nostrum nihil saepe corrupti repellendus. Qui ullam molestiae perspiciatis animi ea laborum.', 1);
INSERT IGNORE INTO Ulasan (id_produk, id_pembeli, komentar, penilaian) VALUES (38, 40, 'Voluptas porro animi quae sint veniam officiis. Architecto aperiam repellendus iste sapiente perferendis.', 5);
INSERT IGNORE INTO Ulasan (id_produk, id_pembeli, komentar, penilaian) VALUES (10, 5, 'Cupiditate dolorum soluta blanditiis autem voluptatibus.', 1);
INSERT IGNORE INTO Ulasan (id_produk, id_pembeli, komentar, penilaian) VALUES (18, 26, 'Magni eveniet labore doloremque. Reiciendis eligendi ex sunt commodi qui. Eum enim aliquam consectetur molestiae accusantium fugit.', 5);
INSERT IGNORE INTO Ulasan (id_produk, id_pembeli, komentar, penilaian) VALUES (88, 26, 'Iste blanditiis itaque magnam mollitia accusantium.', 2);
INSERT IGNORE INTO Ulasan (id_produk, id_pembeli, komentar, penilaian) VALUES (51, 10, 'Quam molestias numquam facere consequatur numquam.', 1);
INSERT IGNORE INTO Ulasan (id_produk, id_pembeli, komentar, penilaian) VALUES (70, 52, 'Alias excepturi quis aspernatur assumenda soluta.', 4);
INSERT IGNORE INTO Ulasan (id_produk, id_pembeli, komentar, penilaian) VALUES (83, 52, 'Id voluptates temporibus reiciendis. Eveniet sapiente tempora commodi voluptatem ut minima.', 5);
INSERT IGNORE INTO Ulasan (id_produk, id_pembeli, komentar, penilaian) VALUES (45, 15, 'Est hic nobis soluta minima.', 5);
INSERT IGNORE INTO Ulasan (id_produk, id_pembeli, komentar, penilaian) VALUES (97, 15, 'Unde aperiam sint animi itaque praesentium.', 3);
INSERT IGNORE INTO Ulasan (id_produk, id_pembeli, komentar, penilaian) VALUES (81, 51, 'Amet quos iusto ab.', 2);
INSERT IGNORE INTO Ulasan (id_produk, id_pembeli, komentar, penilaian) VALUES (90, 37, 'Esse similique minima repellat totam possimus deleniti ipsum. Quae soluta harum libero voluptatibus quaerat. Consequatur officia quasi tenetur autem placeat.', 3);
INSERT IGNORE INTO Ulasan (id_produk, id_pembeli, komentar, penilaian) VALUES (20, 37, 'Corporis ipsum delectus dicta ad. Eveniet veritatis sint distinctio officia vero.', 3);
INSERT IGNORE INTO Ulasan (id_produk, id_pembeli, komentar, penilaian) VALUES (95, 37, 'Expedita sapiente voluptatum expedita laboriosam tempora libero. Totam nesciunt est ipsum iusto repellendus cupiditate.', 3);
INSERT IGNORE INTO Ulasan (id_produk, id_pembeli, komentar, penilaian) VALUES (61, 37, 'Perferendis voluptatem nesciunt recusandae ratione atque.', 3);
INSERT IGNORE INTO Ulasan (id_produk, id_pembeli, komentar, penilaian) VALUES (74, 1, 'Possimus optio recusandae eaque eos commodi quidem.', 4);
INSERT IGNORE INTO Ulasan (id_produk, id_pembeli, komentar, penilaian) VALUES (60, 1, 'Molestiae rem voluptas quidem minima.', 1);
INSERT IGNORE INTO Ulasan (id_produk, id_pembeli, komentar, penilaian) VALUES (89, 1, 'Quas recusandae error facilis voluptatum repellendus. Officia sapiente harum quis.', 1);
INSERT IGNORE INTO Ulasan (id_produk, id_pembeli, komentar, penilaian) VALUES (57, 7, 'Delectus occaecati optio odit aut.', 3);
INSERT IGNORE INTO Ulasan (id_produk, id_pembeli, komentar, penilaian) VALUES (51, 7, 'Doloribus ad nobis accusamus dignissimos blanditiis. Tenetur accusamus quod harum.', 1);
INSERT IGNORE INTO Ulasan (id_produk, id_pembeli, komentar, penilaian) VALUES (32, 7, 'Vitae non nisi occaecati magni.', 4);
INSERT IGNORE INTO Ulasan (id_produk, id_pembeli, komentar, penilaian) VALUES (65, 20, 'Porro quidem accusamus velit dignissimos. Ab necessitatibus non labore tempora voluptate.', 2);
INSERT IGNORE INTO Ulasan (id_produk, id_pembeli, komentar, penilaian) VALUES (75, 34, 'Qui expedita dolorum rem cupiditate sunt.', 1);
INSERT IGNORE INTO Ulasan (id_produk, id_pembeli, komentar, penilaian) VALUES (63, 24, 'Voluptas est est quas veniam quisquam.', 5);
INSERT IGNORE INTO Ulasan (id_produk, id_pembeli, komentar, penilaian) VALUES (52, 24, 'Veniam quis totam iste corrupti.', 2);
INSERT IGNORE INTO Ulasan (id_produk, id_pembeli, komentar, penilaian) VALUES (37, 23, 'Quis maiores dolores. Qui nam in. Eum hic temporibus temporibus itaque tenetur.', 3);
INSERT IGNORE INTO Ulasan (id_produk, id_pembeli, komentar, penilaian) VALUES (87, 53, 'Provident est deserunt suscipit reprehenderit.', 2);
INSERT IGNORE INTO Ulasan (id_produk, id_pembeli, komentar, penilaian) VALUES (48, 53, 'Assumenda iure at accusantium reprehenderit. Commodi quis maxime quisquam recusandae accusamus sunt. Repellat odio commodi sequi autem culpa maiores.', 4);
INSERT IGNORE INTO Ulasan (id_produk, id_pembeli, komentar, penilaian) VALUES (48, 6, 'Non nulla dicta perspiciatis. Illum porro impedit occaecati voluptatibus itaque animi.', 5);
INSERT IGNORE INTO Ulasan (id_produk, id_pembeli, komentar, penilaian) VALUES (78, 6, 'Iste placeat voluptatibus eligendi veniam ipsum ducimus.', 5);
INSERT IGNORE INTO Ulasan (id_produk, id_pembeli, komentar, penilaian) VALUES (81, 6, 'Asperiores dolores cumque veniam tenetur at tempora. Eum sequi maiores aspernatur iste eum.', 1);
INSERT IGNORE INTO Ulasan (id_produk, id_pembeli, komentar, penilaian) VALUES (8, 7, 'Totam pariatur maxime amet. Explicabo ut earum. Beatae eligendi excepturi sunt ea rem quae. Culpa eum incidunt voluptate.', 3);
INSERT IGNORE INTO Ulasan (id_produk, id_pembeli, komentar, penilaian) VALUES (14, 42, 'Eaque nostrum tenetur nobis nulla pariatur. Commodi reiciendis voluptates molestias culpa ea. Maiores minima illum commodi corrupti laudantium.', 5);
INSERT IGNORE INTO Ulasan (id_produk, id_pembeli, komentar, penilaian) VALUES (52, 35, 'Placeat voluptas fugiat consequuntur ex omnis tempore. Vitae praesentium quidem quidem.', 3);
INSERT IGNORE INTO Ulasan (id_produk, id_pembeli, komentar, penilaian) VALUES (77, 25, 'Dicta quisquam voluptatibus dolorum laudantium similique. Veniam rem porro dolore voluptatibus dolor.', 4);
INSERT IGNORE INTO Ulasan (id_produk, id_pembeli, komentar, penilaian) VALUES (12, 30, 'Sint eos quos. Maxime quae quae voluptatem distinctio delectus.', 3);
INSERT IGNORE INTO Ulasan (id_produk, id_pembeli, komentar, penilaian) VALUES (11, 19, 'Sint ipsam eum. Blanditiis error debitis esse veniam sequi earum. Tenetur quos quo labore architecto quisquam.', 5);
INSERT IGNORE INTO Ulasan (id_produk, id_pembeli, komentar, penilaian) VALUES (9, 21, 'Aut quas nostrum sint perspiciatis voluptatum et. Voluptas quaerat excepturi porro rerum. Sint cupiditate blanditiis nihil.', 3);
INSERT IGNORE INTO Ulasan (id_produk, id_pembeli, komentar, penilaian) VALUES (48, 13, 'Similique commodi dolorem esse voluptatem consequatur. Molestias corrupti modi ut quam laborum corporis. Aliquid officiis quisquam.', 3);
INSERT IGNORE INTO Ulasan (id_produk, id_pembeli, komentar, penilaian) VALUES (43, 59, 'Maiores ea nemo cum ut est. Rerum autem odio velit rem. Voluptatem veniam quas nisi assumenda perspiciatis dicta reprehenderit.', 5);

-- Teman
INSERT IGNORE INTO Teman (id_diikuti, id_mengikuti) VALUES (98, 1);
INSERT IGNORE INTO Teman (id_diikuti, id_mengikuti) VALUES (8, 1);
INSERT IGNORE INTO Teman (id_diikuti, id_mengikuti) VALUES (58, 1);
INSERT IGNORE INTO Teman (id_diikuti, id_mengikuti) VALUES (6, 2);
INSERT IGNORE INTO Teman (id_diikuti, id_mengikuti) VALUES (71, 2);
INSERT IGNORE INTO Teman (id_diikuti, id_mengikuti) VALUES (103, 2);
INSERT IGNORE INTO Teman (id_diikuti, id_mengikuti) VALUES (4, 3);
INSERT IGNORE INTO Teman (id_diikuti, id_mengikuti) VALUES (30, 3);
INSERT IGNORE INTO Teman (id_diikuti, id_mengikuti) VALUES (91, 4);
INSERT IGNORE INTO Teman (id_diikuti, id_mengikuti) VALUES (3, 4);
INSERT IGNORE INTO Teman (id_diikuti, id_mengikuti) VALUES (2, 4);
INSERT IGNORE INTO Teman (id_diikuti, id_mengikuti) VALUES (35, 4);
INSERT IGNORE INTO Teman (id_diikuti, id_mengikuti) VALUES (84, 4);
INSERT IGNORE INTO Teman (id_diikuti, id_mengikuti) VALUES (6, 4);
INSERT IGNORE INTO Teman (id_diikuti, id_mengikuti) VALUES (3, 5);
INSERT IGNORE INTO Teman (id_diikuti, id_mengikuti) VALUES (14, 5);
INSERT IGNORE INTO Teman (id_diikuti, id_mengikuti) VALUES (3, 6);
INSERT IGNORE INTO Teman (id_diikuti, id_mengikuti) VALUES (24, 6);
INSERT IGNORE INTO Teman (id_diikuti, id_mengikuti) VALUES (35, 6);
INSERT IGNORE INTO Teman (id_diikuti, id_mengikuti) VALUES (37, 6);
INSERT IGNORE INTO Teman (id_diikuti, id_mengikuti) VALUES (81, 7);
INSERT IGNORE INTO Teman (id_diikuti, id_mengikuti) VALUES (107, 7);
INSERT IGNORE INTO Teman (id_diikuti, id_mengikuti) VALUES (110, 8);
INSERT IGNORE INTO Teman (id_diikuti, id_mengikuti) VALUES (45, 8);
INSERT IGNORE INTO Teman (id_diikuti, id_mengikuti) VALUES (17, 9);
INSERT IGNORE INTO Teman (id_diikuti, id_mengikuti) VALUES (38, 9);
INSERT IGNORE INTO Teman (id_diikuti, id_mengikuti) VALUES (53, 9);
INSERT IGNORE INTO Teman (id_diikuti, id_mengikuti) VALUES (85, 9);
INSERT IGNORE INTO Teman (id_diikuti, id_mengikuti) VALUES (56, 9);
INSERT IGNORE INTO Teman (id_diikuti, id_mengikuti) VALUES (20, 10);
INSERT IGNORE INTO Teman (id_diikuti, id_mengikuti) VALUES (69, 10);
INSERT IGNORE INTO Teman (id_diikuti, id_mengikuti) VALUES (46, 10);
INSERT IGNORE INTO Teman (id_diikuti, id_mengikuti) VALUES (92, 10);
INSERT IGNORE INTO Teman (id_diikuti, id_mengikuti) VALUES (25, 11);
INSERT IGNORE INTO Teman (id_diikuti, id_mengikuti) VALUES (57, 11);
INSERT IGNORE INTO Teman (id_diikuti, id_mengikuti) VALUES (42, 11);
INSERT IGNORE INTO Teman (id_diikuti, id_mengikuti) VALUES (56, 11);
INSERT IGNORE INTO Teman (id_diikuti, id_mengikuti) VALUES (24, 11);
INSERT IGNORE INTO Teman (id_diikuti, id_mengikuti) VALUES (98, 12);
INSERT IGNORE INTO Teman (id_diikuti, id_mengikuti) VALUES (39, 12);
INSERT IGNORE INTO Teman (id_diikuti, id_mengikuti) VALUES (50, 12);
INSERT IGNORE INTO Teman (id_diikuti, id_mengikuti) VALUES (60, 12);
INSERT IGNORE INTO Teman (id_diikuti, id_mengikuti) VALUES (81, 13);
INSERT IGNORE INTO Teman (id_diikuti, id_mengikuti) VALUES (91, 13);
INSERT IGNORE INTO Teman (id_diikuti, id_mengikuti) VALUES (34, 13);
INSERT IGNORE INTO Teman (id_diikuti, id_mengikuti) VALUES (88, 13);
INSERT IGNORE INTO Teman (id_diikuti, id_mengikuti) VALUES (71, 14);
INSERT IGNORE INTO Teman (id_diikuti, id_mengikuti) VALUES (66, 14);
INSERT IGNORE INTO Teman (id_diikuti, id_mengikuti) VALUES (46, 15);
INSERT IGNORE INTO Teman (id_diikuti, id_mengikuti) VALUES (34, 15);
INSERT IGNORE INTO Teman (id_diikuti, id_mengikuti) VALUES (48, 15);
INSERT IGNORE INTO Teman (id_diikuti, id_mengikuti) VALUES (18, 15);
INSERT IGNORE INTO Teman (id_diikuti, id_mengikuti) VALUES (41, 16);
INSERT IGNORE INTO Teman (id_diikuti, id_mengikuti) VALUES (55, 16);
INSERT IGNORE INTO Teman (id_diikuti, id_mengikuti) VALUES (17, 16);
INSERT IGNORE INTO Teman (id_diikuti, id_mengikuti) VALUES (18, 16);
INSERT IGNORE INTO Teman (id_diikuti, id_mengikuti) VALUES (35, 17);
INSERT IGNORE INTO Teman (id_diikuti, id_mengikuti) VALUES (105, 17);
INSERT IGNORE INTO Teman (id_diikuti, id_mengikuti) VALUES (87, 17);
INSERT IGNORE INTO Teman (id_diikuti, id_mengikuti) VALUES (97, 18);
INSERT IGNORE INTO Teman (id_diikuti, id_mengikuti) VALUES (42, 18);
INSERT IGNORE INTO Teman (id_diikuti, id_mengikuti) VALUES (86, 18);
INSERT IGNORE INTO Teman (id_diikuti, id_mengikuti) VALUES (106, 18);
INSERT IGNORE INTO Teman (id_diikuti, id_mengikuti) VALUES (7, 19);
INSERT IGNORE INTO Teman (id_diikuti, id_mengikuti) VALUES (102, 19);
INSERT IGNORE INTO Teman (id_diikuti, id_mengikuti) VALUES (82, 19);
INSERT IGNORE INTO Teman (id_diikuti, id_mengikuti) VALUES (79, 19);
INSERT IGNORE INTO Teman (id_diikuti, id_mengikuti) VALUES (64, 19);
INSERT IGNORE INTO Teman (id_diikuti, id_mengikuti) VALUES (32, 19);
INSERT IGNORE INTO Teman (id_diikuti, id_mengikuti) VALUES (40, 19);
INSERT IGNORE INTO Teman (id_diikuti, id_mengikuti) VALUES (17, 20);
INSERT IGNORE INTO Teman (id_diikuti, id_mengikuti) VALUES (67, 20);
INSERT IGNORE INTO Teman (id_diikuti, id_mengikuti) VALUES (108, 21);
INSERT IGNORE INTO Teman (id_diikuti, id_mengikuti) VALUES (10, 22);
INSERT IGNORE INTO Teman (id_diikuti, id_mengikuti) VALUES (56, 22);
INSERT IGNORE INTO Teman (id_diikuti, id_mengikuti) VALUES (94, 22);
INSERT IGNORE INTO Teman (id_diikuti, id_mengikuti) VALUES (91, 22);
INSERT IGNORE INTO Teman (id_diikuti, id_mengikuti) VALUES (34, 22);
INSERT IGNORE INTO Teman (id_diikuti, id_mengikuti) VALUES (75, 23);
INSERT IGNORE INTO Teman (id_diikuti, id_mengikuti) VALUES (72, 24);
INSERT IGNORE INTO Teman (id_diikuti, id_mengikuti) VALUES (11, 24);
INSERT IGNORE INTO Teman (id_diikuti, id_mengikuti) VALUES (102, 24);
INSERT IGNORE INTO Teman (id_diikuti, id_mengikuti) VALUES (46, 25);
INSERT IGNORE INTO Teman (id_diikuti, id_mengikuti) VALUES (87, 25);
INSERT IGNORE INTO Teman (id_diikuti, id_mengikuti) VALUES (56, 25);
INSERT IGNORE INTO Teman (id_diikuti, id_mengikuti) VALUES (39, 26);
INSERT IGNORE INTO Teman (id_diikuti, id_mengikuti) VALUES (24, 26);
INSERT IGNORE INTO Teman (id_diikuti, id_mengikuti) VALUES (5, 26);
INSERT IGNORE INTO Teman (id_diikuti, id_mengikuti) VALUES (82, 26);
INSERT IGNORE INTO Teman (id_diikuti, id_mengikuti) VALUES (71, 26);
INSERT IGNORE INTO Teman (id_diikuti, id_mengikuti) VALUES (73, 26);
INSERT IGNORE INTO Teman (id_diikuti, id_mengikuti) VALUES (45, 27);
INSERT IGNORE INTO Teman (id_diikuti, id_mengikuti) VALUES (30, 27);
INSERT IGNORE INTO Teman (id_diikuti, id_mengikuti) VALUES (62, 28);
INSERT IGNORE INTO Teman (id_diikuti, id_mengikuti) VALUES (56, 28);
INSERT IGNORE INTO Teman (id_diikuti, id_mengikuti) VALUES (70, 28);
INSERT IGNORE INTO Teman (id_diikuti, id_mengikuti) VALUES (12, 28);
INSERT IGNORE INTO Teman (id_diikuti, id_mengikuti) VALUES (9, 28);
INSERT IGNORE INTO Teman (id_diikuti, id_mengikuti) VALUES (21, 28);
INSERT IGNORE INTO Teman (id_diikuti, id_mengikuti) VALUES (93, 29);
INSERT IGNORE INTO Teman (id_diikuti, id_mengikuti) VALUES (91, 29);
INSERT IGNORE INTO Teman (id_diikuti, id_mengikuti) VALUES (25, 29);
INSERT IGNORE INTO Teman (id_diikuti, id_mengikuti) VALUES (100, 29);
INSERT IGNORE INTO Teman (id_diikuti, id_mengikuti) VALUES (99, 29);
INSERT IGNORE INTO Teman (id_diikuti, id_mengikuti) VALUES (3, 29);
INSERT IGNORE INTO Teman (id_diikuti, id_mengikuti) VALUES (58, 29);
INSERT IGNORE INTO Teman (id_diikuti, id_mengikuti) VALUES (58, 31);
INSERT IGNORE INTO Teman (id_diikuti, id_mengikuti) VALUES (25, 31);
INSERT IGNORE INTO Teman (id_diikuti, id_mengikuti) VALUES (38, 31);
INSERT IGNORE INTO Teman (id_diikuti, id_mengikuti) VALUES (80, 31);
INSERT IGNORE INTO Teman (id_diikuti, id_mengikuti) VALUES (57, 32);
INSERT IGNORE INTO Teman (id_diikuti, id_mengikuti) VALUES (43, 32);
INSERT IGNORE INTO Teman (id_diikuti, id_mengikuti) VALUES (86, 32);
INSERT IGNORE INTO Teman (id_diikuti, id_mengikuti) VALUES (59, 32);
INSERT IGNORE INTO Teman (id_diikuti, id_mengikuti) VALUES (82, 32);
INSERT IGNORE INTO Teman (id_diikuti, id_mengikuti) VALUES (50, 32);
INSERT IGNORE INTO Teman (id_diikuti, id_mengikuti) VALUES (69, 32);
INSERT IGNORE INTO Teman (id_diikuti, id_mengikuti) VALUES (35, 33);
INSERT IGNORE INTO Teman (id_diikuti, id_mengikuti) VALUES (36, 33);
INSERT IGNORE INTO Teman (id_diikuti, id_mengikuti) VALUES (62, 33);
INSERT IGNORE INTO Teman (id_diikuti, id_mengikuti) VALUES (54, 33);
INSERT IGNORE INTO Teman (id_diikuti, id_mengikuti) VALUES (76, 36);
INSERT IGNORE INTO Teman (id_diikuti, id_mengikuti) VALUES (109, 36);
INSERT IGNORE INTO Teman (id_diikuti, id_mengikuti) VALUES (52, 36);
INSERT IGNORE INTO Teman (id_diikuti, id_mengikuti) VALUES (22, 36);
INSERT IGNORE INTO Teman (id_diikuti, id_mengikuti) VALUES (17, 37);
INSERT IGNORE INTO Teman (id_diikuti, id_mengikuti) VALUES (23, 38);
INSERT IGNORE INTO Teman (id_diikuti, id_mengikuti) VALUES (101, 39);
INSERT IGNORE INTO Teman (id_diikuti, id_mengikuti) VALUES (84, 40);
INSERT IGNORE INTO Teman (id_diikuti, id_mengikuti) VALUES (49, 40);
INSERT IGNORE INTO Teman (id_diikuti, id_mengikuti) VALUES (102, 40);
INSERT IGNORE INTO Teman (id_diikuti, id_mengikuti) VALUES (12, 40);
INSERT IGNORE INTO Teman (id_diikuti, id_mengikuti) VALUES (54, 40);
INSERT IGNORE INTO Teman (id_diikuti, id_mengikuti) VALUES (72, 41);
INSERT IGNORE INTO Teman (id_diikuti, id_mengikuti) VALUES (92, 41);
INSERT IGNORE INTO Teman (id_diikuti, id_mengikuti) VALUES (47, 41);
INSERT IGNORE INTO Teman (id_diikuti, id_mengikuti) VALUES (46, 41);
INSERT IGNORE INTO Teman (id_diikuti, id_mengikuti) VALUES (100, 41);
INSERT IGNORE INTO Teman (id_diikuti, id_mengikuti) VALUES (48, 41);
INSERT IGNORE INTO Teman (id_diikuti, id_mengikuti) VALUES (8, 41);
INSERT IGNORE INTO Teman (id_diikuti, id_mengikuti) VALUES (100, 42);
INSERT IGNORE INTO Teman (id_diikuti, id_mengikuti) VALUES (53, 42);
INSERT IGNORE INTO Teman (id_diikuti, id_mengikuti) VALUES (54, 42);
INSERT IGNORE INTO Teman (id_diikuti, id_mengikuti) VALUES (1, 42);
INSERT IGNORE INTO Teman (id_diikuti, id_mengikuti) VALUES (63, 42);
INSERT IGNORE INTO Teman (id_diikuti, id_mengikuti) VALUES (35, 42);
INSERT IGNORE INTO Teman (id_diikuti, id_mengikuti) VALUES (17, 44);
INSERT IGNORE INTO Teman (id_diikuti, id_mengikuti) VALUES (63, 44);
INSERT IGNORE INTO Teman (id_diikuti, id_mengikuti) VALUES (24, 44);
INSERT IGNORE INTO Teman (id_diikuti, id_mengikuti) VALUES (103, 44);
INSERT IGNORE INTO Teman (id_diikuti, id_mengikuti) VALUES (77, 44);
INSERT IGNORE INTO Teman (id_diikuti, id_mengikuti) VALUES (67, 44);
INSERT IGNORE INTO Teman (id_diikuti, id_mengikuti) VALUES (23, 45);
INSERT IGNORE INTO Teman (id_diikuti, id_mengikuti) VALUES (33, 45);
INSERT IGNORE INTO Teman (id_diikuti, id_mengikuti) VALUES (80, 45);
INSERT IGNORE INTO Teman (id_diikuti, id_mengikuti) VALUES (50, 45);
INSERT IGNORE INTO Teman (id_diikuti, id_mengikuti) VALUES (39, 46);
INSERT IGNORE INTO Teman (id_diikuti, id_mengikuti) VALUES (24, 46);
INSERT IGNORE INTO Teman (id_diikuti, id_mengikuti) VALUES (109, 47);
INSERT IGNORE INTO Teman (id_diikuti, id_mengikuti) VALUES (45, 47);
INSERT IGNORE INTO Teman (id_diikuti, id_mengikuti) VALUES (104, 47);
INSERT IGNORE INTO Teman (id_diikuti, id_mengikuti) VALUES (13, 47);
INSERT IGNORE INTO Teman (id_diikuti, id_mengikuti) VALUES (14, 47);
INSERT IGNORE INTO Teman (id_diikuti, id_mengikuti) VALUES (73, 47);
INSERT IGNORE INTO Teman (id_diikuti, id_mengikuti) VALUES (69, 48);
INSERT IGNORE INTO Teman (id_diikuti, id_mengikuti) VALUES (88, 48);
INSERT IGNORE INTO Teman (id_diikuti, id_mengikuti) VALUES (89, 48);
INSERT IGNORE INTO Teman (id_diikuti, id_mengikuti) VALUES (67, 48);
INSERT IGNORE INTO Teman (id_diikuti, id_mengikuti) VALUES (73, 48);
INSERT IGNORE INTO Teman (id_diikuti, id_mengikuti) VALUES (35, 49);
INSERT IGNORE INTO Teman (id_diikuti, id_mengikuti) VALUES (86, 49);
INSERT IGNORE INTO Teman (id_diikuti, id_mengikuti) VALUES (70, 49);
INSERT IGNORE INTO Teman (id_diikuti, id_mengikuti) VALUES (104, 49);
INSERT IGNORE INTO Teman (id_diikuti, id_mengikuti) VALUES (67, 49);
INSERT IGNORE INTO Teman (id_diikuti, id_mengikuti) VALUES (91, 49);
INSERT IGNORE INTO Teman (id_diikuti, id_mengikuti) VALUES (40, 50);
INSERT IGNORE INTO Teman (id_diikuti, id_mengikuti) VALUES (16, 50);
INSERT IGNORE INTO Teman (id_diikuti, id_mengikuti) VALUES (101, 50);
INSERT IGNORE INTO Teman (id_diikuti, id_mengikuti) VALUES (45, 50);
INSERT IGNORE INTO Teman (id_diikuti, id_mengikuti) VALUES (14, 50);
INSERT IGNORE INTO Teman (id_diikuti, id_mengikuti) VALUES (82, 50);
INSERT IGNORE INTO Teman (id_diikuti, id_mengikuti) VALUES (19, 50);
INSERT IGNORE INTO Teman (id_diikuti, id_mengikuti) VALUES (33, 52);
INSERT IGNORE INTO Teman (id_diikuti, id_mengikuti) VALUES (42, 52);
INSERT IGNORE INTO Teman (id_diikuti, id_mengikuti) VALUES (44, 52);
INSERT IGNORE INTO Teman (id_diikuti, id_mengikuti) VALUES (9, 53);
INSERT IGNORE INTO Teman (id_diikuti, id_mengikuti) VALUES (24, 53);
INSERT IGNORE INTO Teman (id_diikuti, id_mengikuti) VALUES (82, 53);
INSERT IGNORE INTO Teman (id_diikuti, id_mengikuti) VALUES (81, 53);
INSERT IGNORE INTO Teman (id_diikuti, id_mengikuti) VALUES (90, 53);
INSERT IGNORE INTO Teman (id_diikuti, id_mengikuti) VALUES (28, 53);
INSERT IGNORE INTO Teman (id_diikuti, id_mengikuti) VALUES (11, 54);
INSERT IGNORE INTO Teman (id_diikuti, id_mengikuti) VALUES (99, 54);
INSERT IGNORE INTO Teman (id_diikuti, id_mengikuti) VALUES (71, 54);
INSERT IGNORE INTO Teman (id_diikuti, id_mengikuti) VALUES (75, 54);
INSERT IGNORE INTO Teman (id_diikuti, id_mengikuti) VALUES (5, 54);
INSERT IGNORE INTO Teman (id_diikuti, id_mengikuti) VALUES (6, 55);
INSERT IGNORE INTO Teman (id_diikuti, id_mengikuti) VALUES (8, 55);
INSERT IGNORE INTO Teman (id_diikuti, id_mengikuti) VALUES (10, 55);
INSERT IGNORE INTO Teman (id_diikuti, id_mengikuti) VALUES (23, 55);
INSERT IGNORE INTO Teman (id_diikuti, id_mengikuti) VALUES (27, 55);
INSERT IGNORE INTO Teman (id_diikuti, id_mengikuti) VALUES (37, 55);
INSERT IGNORE INTO Teman (id_diikuti, id_mengikuti) VALUES (69, 56);
INSERT IGNORE INTO Teman (id_diikuti, id_mengikuti) VALUES (10, 56);
INSERT IGNORE INTO Teman (id_diikuti, id_mengikuti) VALUES (15, 56);
INSERT IGNORE INTO Teman (id_diikuti, id_mengikuti) VALUES (71, 56);
INSERT IGNORE INTO Teman (id_diikuti, id_mengikuti) VALUES (8, 57);
INSERT IGNORE INTO Teman (id_diikuti, id_mengikuti) VALUES (86, 57);
INSERT IGNORE INTO Teman (id_diikuti, id_mengikuti) VALUES (31, 57);
INSERT IGNORE INTO Teman (id_diikuti, id_mengikuti) VALUES (25, 58);
INSERT IGNORE INTO Teman (id_diikuti, id_mengikuti) VALUES (99, 58);
INSERT IGNORE INTO Teman (id_diikuti, id_mengikuti) VALUES (52, 59);
INSERT IGNORE INTO Teman (id_diikuti, id_mengikuti) VALUES (69, 59);
INSERT IGNORE INTO Teman (id_diikuti, id_mengikuti) VALUES (32, 59);
INSERT IGNORE INTO Teman (id_diikuti, id_mengikuti) VALUES (105, 59);
INSERT IGNORE INTO Teman (id_diikuti, id_mengikuti) VALUES (17, 59);
INSERT IGNORE INTO Teman (id_diikuti, id_mengikuti) VALUES (25, 59);
INSERT IGNORE INTO Teman (id_diikuti, id_mengikuti) VALUES (17, 60);
INSERT IGNORE INTO Teman (id_diikuti, id_mengikuti) VALUES (92, 60);
INSERT IGNORE INTO Teman (id_diikuti, id_mengikuti) VALUES (75, 60);
INSERT IGNORE INTO Teman (id_diikuti, id_mengikuti) VALUES (104, 60);
INSERT IGNORE INTO Teman (id_diikuti, id_mengikuti) VALUES (15, 60);
INSERT IGNORE INTO Teman (id_diikuti, id_mengikuti) VALUES (91, 60);
INSERT IGNORE INTO Teman (id_diikuti, id_mengikuti) VALUES (11, 61);
INSERT IGNORE INTO Teman (id_diikuti, id_mengikuti) VALUES (49, 61);
INSERT IGNORE INTO Teman (id_diikuti, id_mengikuti) VALUES (12, 61);
INSERT IGNORE INTO Teman (id_diikuti, id_mengikuti) VALUES (82, 61);
INSERT IGNORE INTO Teman (id_diikuti, id_mengikuti) VALUES (92, 62);
INSERT IGNORE INTO Teman (id_diikuti, id_mengikuti) VALUES (63, 62);
INSERT IGNORE INTO Teman (id_diikuti, id_mengikuti) VALUES (77, 63);
INSERT IGNORE INTO Teman (id_diikuti, id_mengikuti) VALUES (87, 63);
INSERT IGNORE INTO Teman (id_diikuti, id_mengikuti) VALUES (13, 63);
INSERT IGNORE INTO Teman (id_diikuti, id_mengikuti) VALUES (17, 63);
INSERT IGNORE INTO Teman (id_diikuti, id_mengikuti) VALUES (3, 63);
INSERT IGNORE INTO Teman (id_diikuti, id_mengikuti) VALUES (46, 63);
INSERT IGNORE INTO Teman (id_diikuti, id_mengikuti) VALUES (104, 64);
INSERT IGNORE INTO Teman (id_diikuti, id_mengikuti) VALUES (105, 65);
INSERT IGNORE INTO Teman (id_diikuti, id_mengikuti) VALUES (4, 65);
INSERT IGNORE INTO Teman (id_diikuti, id_mengikuti) VALUES (30, 65);
INSERT IGNORE INTO Teman (id_diikuti, id_mengikuti) VALUES (50, 65);
INSERT IGNORE INTO Teman (id_diikuti, id_mengikuti) VALUES (21, 65);
INSERT IGNORE INTO Teman (id_diikuti, id_mengikuti) VALUES (6, 65);
INSERT IGNORE INTO Teman (id_diikuti, id_mengikuti) VALUES (19, 65);
INSERT IGNORE INTO Teman (id_diikuti, id_mengikuti) VALUES (39, 66);
INSERT IGNORE INTO Teman (id_diikuti, id_mengikuti) VALUES (52, 66);
INSERT IGNORE INTO Teman (id_diikuti, id_mengikuti) VALUES (5, 66);
INSERT IGNORE INTO Teman (id_diikuti, id_mengikuti) VALUES (30, 66);
INSERT IGNORE INTO Teman (id_diikuti, id_mengikuti) VALUES (88, 66);
INSERT IGNORE INTO Teman (id_diikuti, id_mengikuti) VALUES (109, 66);
INSERT IGNORE INTO Teman (id_diikuti, id_mengikuti) VALUES (2, 66);
INSERT IGNORE INTO Teman (id_diikuti, id_mengikuti) VALUES (93, 67);
INSERT IGNORE INTO Teman (id_diikuti, id_mengikuti) VALUES (76, 68);
INSERT IGNORE INTO Teman (id_diikuti, id_mengikuti) VALUES (9, 68);
INSERT IGNORE INTO Teman (id_diikuti, id_mengikuti) VALUES (16, 68);
INSERT IGNORE INTO Teman (id_diikuti, id_mengikuti) VALUES (66, 68);
INSERT IGNORE INTO Teman (id_diikuti, id_mengikuti) VALUES (63, 68);
INSERT IGNORE INTO Teman (id_diikuti, id_mengikuti) VALUES (15, 68);
INSERT IGNORE INTO Teman (id_diikuti, id_mengikuti) VALUES (36, 68);
INSERT IGNORE INTO Teman (id_diikuti, id_mengikuti) VALUES (32, 69);
INSERT IGNORE INTO Teman (id_diikuti, id_mengikuti) VALUES (91, 69);
INSERT IGNORE INTO Teman (id_diikuti, id_mengikuti) VALUES (53, 69);
INSERT IGNORE INTO Teman (id_diikuti, id_mengikuti) VALUES (110, 69);
INSERT IGNORE INTO Teman (id_diikuti, id_mengikuti) VALUES (80, 69);
INSERT IGNORE INTO Teman (id_diikuti, id_mengikuti) VALUES (29, 69);
INSERT IGNORE INTO Teman (id_diikuti, id_mengikuti) VALUES (76, 69);
INSERT IGNORE INTO Teman (id_diikuti, id_mengikuti) VALUES (18, 71);
INSERT IGNORE INTO Teman (id_diikuti, id_mengikuti) VALUES (20, 71);
INSERT IGNORE INTO Teman (id_diikuti, id_mengikuti) VALUES (11, 71);
INSERT IGNORE INTO Teman (id_diikuti, id_mengikuti) VALUES (30, 71);
INSERT IGNORE INTO Teman (id_diikuti, id_mengikuti) VALUES (12, 71);
INSERT IGNORE INTO Teman (id_diikuti, id_mengikuti) VALUES (14, 71);
INSERT IGNORE INTO Teman (id_diikuti, id_mengikuti) VALUES (105, 72);
INSERT IGNORE INTO Teman (id_diikuti, id_mengikuti) VALUES (62, 72);
INSERT IGNORE INTO Teman (id_diikuti, id_mengikuti) VALUES (48, 72);
INSERT IGNORE INTO Teman (id_diikuti, id_mengikuti) VALUES (26, 72);
INSERT IGNORE INTO Teman (id_diikuti, id_mengikuti) VALUES (14, 74);
INSERT IGNORE INTO Teman (id_diikuti, id_mengikuti) VALUES (103, 74);
INSERT IGNORE INTO Teman (id_diikuti, id_mengikuti) VALUES (47, 75);
INSERT IGNORE INTO Teman (id_diikuti, id_mengikuti) VALUES (110, 75);
INSERT IGNORE INTO Teman (id_diikuti, id_mengikuti) VALUES (3, 76);
INSERT IGNORE INTO Teman (id_diikuti, id_mengikuti) VALUES (60, 76);
INSERT IGNORE INTO Teman (id_diikuti, id_mengikuti) VALUES (31, 76);
INSERT IGNORE INTO Teman (id_diikuti, id_mengikuti) VALUES (53, 76);
INSERT IGNORE INTO Teman (id_diikuti, id_mengikuti) VALUES (39, 76);
INSERT IGNORE INTO Teman (id_diikuti, id_mengikuti) VALUES (91, 77);
INSERT IGNORE INTO Teman (id_diikuti, id_mengikuti) VALUES (82, 77);
INSERT IGNORE INTO Teman (id_diikuti, id_mengikuti) VALUES (30, 77);
INSERT IGNORE INTO Teman (id_diikuti, id_mengikuti) VALUES (19, 78);
INSERT IGNORE INTO Teman (id_diikuti, id_mengikuti) VALUES (31, 78);
INSERT IGNORE INTO Teman (id_diikuti, id_mengikuti) VALUES (101, 78);
INSERT IGNORE INTO Teman (id_diikuti, id_mengikuti) VALUES (34, 79);
INSERT IGNORE INTO Teman (id_diikuti, id_mengikuti) VALUES (47, 79);
INSERT IGNORE INTO Teman (id_diikuti, id_mengikuti) VALUES (62, 79);
INSERT IGNORE INTO Teman (id_diikuti, id_mengikuti) VALUES (75, 80);
INSERT IGNORE INTO Teman (id_diikuti, id_mengikuti) VALUES (23, 80);
INSERT IGNORE INTO Teman (id_diikuti, id_mengikuti) VALUES (38, 80);
INSERT IGNORE INTO Teman (id_diikuti, id_mengikuti) VALUES (89, 80);
INSERT IGNORE INTO Teman (id_diikuti, id_mengikuti) VALUES (56, 81);
INSERT IGNORE INTO Teman (id_diikuti, id_mengikuti) VALUES (15, 81);
INSERT IGNORE INTO Teman (id_diikuti, id_mengikuti) VALUES (51, 82);
INSERT IGNORE INTO Teman (id_diikuti, id_mengikuti) VALUES (95, 82);
INSERT IGNORE INTO Teman (id_diikuti, id_mengikuti) VALUES (32, 84);
INSERT IGNORE INTO Teman (id_diikuti, id_mengikuti) VALUES (61, 84);
INSERT IGNORE INTO Teman (id_diikuti, id_mengikuti) VALUES (48, 84);
INSERT IGNORE INTO Teman (id_diikuti, id_mengikuti) VALUES (37, 85);
INSERT IGNORE INTO Teman (id_diikuti, id_mengikuti) VALUES (16, 85);
INSERT IGNORE INTO Teman (id_diikuti, id_mengikuti) VALUES (5, 85);
INSERT IGNORE INTO Teman (id_diikuti, id_mengikuti) VALUES (4, 85);
INSERT IGNORE INTO Teman (id_diikuti, id_mengikuti) VALUES (41, 85);
INSERT IGNORE INTO Teman (id_diikuti, id_mengikuti) VALUES (17, 85);
INSERT IGNORE INTO Teman (id_diikuti, id_mengikuti) VALUES (95, 85);
INSERT IGNORE INTO Teman (id_diikuti, id_mengikuti) VALUES (68, 86);
INSERT IGNORE INTO Teman (id_diikuti, id_mengikuti) VALUES (79, 86);
INSERT IGNORE INTO Teman (id_diikuti, id_mengikuti) VALUES (108, 86);
INSERT IGNORE INTO Teman (id_diikuti, id_mengikuti) VALUES (60, 86);
INSERT IGNORE INTO Teman (id_diikuti, id_mengikuti) VALUES (52, 86);
INSERT IGNORE INTO Teman (id_diikuti, id_mengikuti) VALUES (66, 86);
INSERT IGNORE INTO Teman (id_diikuti, id_mengikuti) VALUES (12, 86);
INSERT IGNORE INTO Teman (id_diikuti, id_mengikuti) VALUES (29, 87);
INSERT IGNORE INTO Teman (id_diikuti, id_mengikuti) VALUES (24, 87);
INSERT IGNORE INTO Teman (id_diikuti, id_mengikuti) VALUES (32, 87);
INSERT IGNORE INTO Teman (id_diikuti, id_mengikuti) VALUES (81, 87);
INSERT IGNORE INTO Teman (id_diikuti, id_mengikuti) VALUES (39, 87);
INSERT IGNORE INTO Teman (id_diikuti, id_mengikuti) VALUES (58, 87);
INSERT IGNORE INTO Teman (id_diikuti, id_mengikuti) VALUES (64, 88);
INSERT IGNORE INTO Teman (id_diikuti, id_mengikuti) VALUES (55, 89);
INSERT IGNORE INTO Teman (id_diikuti, id_mengikuti) VALUES (80, 89);
INSERT IGNORE INTO Teman (id_diikuti, id_mengikuti) VALUES (3, 89);
INSERT IGNORE INTO Teman (id_diikuti, id_mengikuti) VALUES (22, 90);
INSERT IGNORE INTO Teman (id_diikuti, id_mengikuti) VALUES (94, 90);
INSERT IGNORE INTO Teman (id_diikuti, id_mengikuti) VALUES (68, 90);
INSERT IGNORE INTO Teman (id_diikuti, id_mengikuti) VALUES (87, 91);
INSERT IGNORE INTO Teman (id_diikuti, id_mengikuti) VALUES (50, 92);
INSERT IGNORE INTO Teman (id_diikuti, id_mengikuti) VALUES (10, 92);
INSERT IGNORE INTO Teman (id_diikuti, id_mengikuti) VALUES (48, 92);
INSERT IGNORE INTO Teman (id_diikuti, id_mengikuti) VALUES (104, 92);
INSERT IGNORE INTO Teman (id_diikuti, id_mengikuti) VALUES (73, 92);
INSERT IGNORE INTO Teman (id_diikuti, id_mengikuti) VALUES (22, 92);
INSERT IGNORE INTO Teman (id_diikuti, id_mengikuti) VALUES (25, 93);
INSERT IGNORE INTO Teman (id_diikuti, id_mengikuti) VALUES (30, 93);
INSERT IGNORE INTO Teman (id_diikuti, id_mengikuti) VALUES (79, 93);
INSERT IGNORE INTO Teman (id_diikuti, id_mengikuti) VALUES (78, 93);
INSERT IGNORE INTO Teman (id_diikuti, id_mengikuti) VALUES (108, 93);
INSERT IGNORE INTO Teman (id_diikuti, id_mengikuti) VALUES (14, 93);
INSERT IGNORE INTO Teman (id_diikuti, id_mengikuti) VALUES (38, 94);
INSERT IGNORE INTO Teman (id_diikuti, id_mengikuti) VALUES (104, 94);
INSERT IGNORE INTO Teman (id_diikuti, id_mengikuti) VALUES (95, 94);
INSERT IGNORE INTO Teman (id_diikuti, id_mengikuti) VALUES (68, 94);
INSERT IGNORE INTO Teman (id_diikuti, id_mengikuti) VALUES (57, 94);
INSERT IGNORE INTO Teman (id_diikuti, id_mengikuti) VALUES (107, 94);
INSERT IGNORE INTO Teman (id_diikuti, id_mengikuti) VALUES (42, 95);
INSERT IGNORE INTO Teman (id_diikuti, id_mengikuti) VALUES (75, 96);
INSERT IGNORE INTO Teman (id_diikuti, id_mengikuti) VALUES (92, 97);
INSERT IGNORE INTO Teman (id_diikuti, id_mengikuti) VALUES (21, 97);
INSERT IGNORE INTO Teman (id_diikuti, id_mengikuti) VALUES (77, 97);
INSERT IGNORE INTO Teman (id_diikuti, id_mengikuti) VALUES (13, 97);
INSERT IGNORE INTO Teman (id_diikuti, id_mengikuti) VALUES (68, 97);
INSERT IGNORE INTO Teman (id_diikuti, id_mengikuti) VALUES (52, 97);
INSERT IGNORE INTO Teman (id_diikuti, id_mengikuti) VALUES (72, 98);
INSERT IGNORE INTO Teman (id_diikuti, id_mengikuti) VALUES (83, 98);
INSERT IGNORE INTO Teman (id_diikuti, id_mengikuti) VALUES (80, 98);
INSERT IGNORE INTO Teman (id_diikuti, id_mengikuti) VALUES (88, 98);
INSERT IGNORE INTO Teman (id_diikuti, id_mengikuti) VALUES (79, 99);
INSERT IGNORE INTO Teman (id_diikuti, id_mengikuti) VALUES (21, 99);
INSERT IGNORE INTO Teman (id_diikuti, id_mengikuti) VALUES (105, 99);
INSERT IGNORE INTO Teman (id_diikuti, id_mengikuti) VALUES (18, 100);
INSERT IGNORE INTO Teman (id_diikuti, id_mengikuti) VALUES (35, 100);
INSERT IGNORE INTO Teman (id_diikuti, id_mengikuti) VALUES (36, 100);
INSERT IGNORE INTO Teman (id_diikuti, id_mengikuti) VALUES (41, 100);
INSERT IGNORE INTO Teman (id_diikuti, id_mengikuti) VALUES (107, 100);
INSERT IGNORE INTO Teman (id_diikuti, id_mengikuti) VALUES (49, 101);
INSERT IGNORE INTO Teman (id_diikuti, id_mengikuti) VALUES (59, 101);
INSERT IGNORE INTO Teman (id_diikuti, id_mengikuti) VALUES (52, 101);
INSERT IGNORE INTO Teman (id_diikuti, id_mengikuti) VALUES (70, 101);
INSERT IGNORE INTO Teman (id_diikuti, id_mengikuti) VALUES (18, 101);
INSERT IGNORE INTO Teman (id_diikuti, id_mengikuti) VALUES (110, 101);
INSERT IGNORE INTO Teman (id_diikuti, id_mengikuti) VALUES (36, 102);
INSERT IGNORE INTO Teman (id_diikuti, id_mengikuti) VALUES (41, 102);
INSERT IGNORE INTO Teman (id_diikuti, id_mengikuti) VALUES (21, 102);
INSERT IGNORE INTO Teman (id_diikuti, id_mengikuti) VALUES (68, 102);
INSERT IGNORE INTO Teman (id_diikuti, id_mengikuti) VALUES (3, 103);
INSERT IGNORE INTO Teman (id_diikuti, id_mengikuti) VALUES (39, 103);
INSERT IGNORE INTO Teman (id_diikuti, id_mengikuti) VALUES (74, 103);
INSERT IGNORE INTO Teman (id_diikuti, id_mengikuti) VALUES (27, 104);
INSERT IGNORE INTO Teman (id_diikuti, id_mengikuti) VALUES (33, 104);
INSERT IGNORE INTO Teman (id_diikuti, id_mengikuti) VALUES (8, 104);
INSERT IGNORE INTO Teman (id_diikuti, id_mengikuti) VALUES (13, 105);
INSERT IGNORE INTO Teman (id_diikuti, id_mengikuti) VALUES (84, 105);
INSERT IGNORE INTO Teman (id_diikuti, id_mengikuti) VALUES (41, 105);
INSERT IGNORE INTO Teman (id_diikuti, id_mengikuti) VALUES (24, 105);
INSERT IGNORE INTO Teman (id_diikuti, id_mengikuti) VALUES (45, 106);
INSERT IGNORE INTO Teman (id_diikuti, id_mengikuti) VALUES (83, 106);
INSERT IGNORE INTO Teman (id_diikuti, id_mengikuti) VALUES (71, 106);
INSERT IGNORE INTO Teman (id_diikuti, id_mengikuti) VALUES (17, 107);
INSERT IGNORE INTO Teman (id_diikuti, id_mengikuti) VALUES (108, 107);
INSERT IGNORE INTO Teman (id_diikuti, id_mengikuti) VALUES (50, 107);
INSERT IGNORE INTO Teman (id_diikuti, id_mengikuti) VALUES (1, 107);
INSERT IGNORE INTO Teman (id_diikuti, id_mengikuti) VALUES (72, 108);
INSERT IGNORE INTO Teman (id_diikuti, id_mengikuti) VALUES (75, 108);
INSERT IGNORE INTO Teman (id_diikuti, id_mengikuti) VALUES (42, 108);
INSERT IGNORE INTO Teman (id_diikuti, id_mengikuti) VALUES (61, 108);
INSERT IGNORE INTO Teman (id_diikuti, id_mengikuti) VALUES (69, 108);
INSERT IGNORE INTO Teman (id_diikuti, id_mengikuti) VALUES (34, 109);
INSERT IGNORE INTO Teman (id_diikuti, id_mengikuti) VALUES (19, 109);
INSERT IGNORE INTO Teman (id_diikuti, id_mengikuti) VALUES (60, 109);
INSERT IGNORE INTO Teman (id_diikuti, id_mengikuti) VALUES (45, 110);
INSERT IGNORE INTO Teman (id_diikuti, id_mengikuti) VALUES (49, 110);
INSERT IGNORE INTO Teman (id_diikuti, id_mengikuti) VALUES (15, 110);
INSERT IGNORE INTO Teman (id_diikuti, id_mengikuti) VALUES (109, 110);
