CREATE DATABASE IF NOT EXISTS ecommerce;
USE ecommerce;

CREATE TABLE IF NOT EXISTS Alamat (
    id_alamat INT PRIMARY KEY,
    provinsi VARCHAR(255),
    kota VARCHAR(255),
    jalan VARCHAR(255)
);

CREATE TABLE IF NOT EXISTS Pengguna (
    id_pengguna INT PRIMARY KEY,
    email VARCHAR(255) UNIQUE,
    password VARCHAR(255),
    nama_lengkap VARCHAR(255),
    tgl_lahir DATE,
    no_telp VARCHAR(20),
    foto_profil VARCHAR(255),
    is_penjual BOOLEAN
);

CREATE TABLE IF NOT EXISTS Penjual (
    id_penjual INT PRIMARY KEY,
    id_pengguna INT,
    ktp VARCHAR(255), -- Added KTP based on schema image
    foto_diri VARCHAR(255),
    nama VARCHAR(100),
    is_verified BOOLEAN,
    FOREIGN KEY (id_pengguna) REFERENCES Pengguna(id_pengguna)
);

CREATE TABLE IF NOT EXISTS Pembeli (
    id_pembeli INT PRIMARY KEY,
    id_pengguna INT,
    FOREIGN KEY (id_pengguna) REFERENCES Pengguna(id_pengguna)
);

CREATE TABLE IF NOT EXISTS AlamatPembeli (
    id_alamat_pembeli INT PRIMARY KEY, -- New surrogate PK
    id_pembeli INT,
    id_alamat INT,
    FOREIGN KEY (id_pembeli) REFERENCES Pembeli(id_pembeli),
    FOREIGN KEY (id_alamat) REFERENCES Alamat(id_alamat)
);

CREATE TABLE IF NOT EXISTS AlamatDefault (
    id_alamat_pembeli INT PRIMARY KEY, -- FK to AlamatPembeli.id_alamat_pembeli
    is_default BOOLEAN DEFAULT TRUE, -- As per image, though TRUE is implied by presence
    FOREIGN KEY (id_alamat_pembeli) REFERENCES AlamatPembeli(id_alamat_pembeli)
);

CREATE TABLE IF NOT EXISTS Keranjang (
    id_keranjang INT PRIMARY KEY,
    id_pembeli INT,
    FOREIGN KEY (id_pembeli) REFERENCES Pembeli(id_pembeli)
);

CREATE TABLE IF NOT EXISTS Produk (
    id_produk INT PRIMARY KEY,
    id_penjual INT,
    nama VARCHAR(255),
    deskripsi TEXT,
    FOREIGN KEY (id_penjual) REFERENCES Penjual(id_penjual)
);

CREATE TABLE IF NOT EXISTS VarianProduk (
    sku VARCHAR(50) PRIMARY KEY,
    id_produk INT, -- Added FK to Produk
    harga DECIMAL(10, 2),
    stok INT,
    FOREIGN KEY (id_produk) REFERENCES Produk(id_produk)
);

CREATE TABLE IF NOT EXISTS AtributVarian (
    atribut_varian VARCHAR(50) PRIMARY KEY,
    nama VARCHAR(100)
);

CREATE TABLE IF NOT EXISTS ProdukVarianAtribut (
    id_produk INT,
    atribut_varian VARCHAR(50),
    sku VARCHAR(50),
    nilai VARCHAR(100),
    PRIMARY KEY (id_produk, atribut_varian, sku),
    FOREIGN KEY (id_produk) REFERENCES Produk(id_produk),
    FOREIGN KEY (atribut_varian) REFERENCES AtributVarian(atribut_varian),
    FOREIGN KEY (sku) REFERENCES VarianProduk(sku)
);

CREATE TABLE IF NOT EXISTS Gambar (
    id_gambar INT PRIMARY KEY,
    gambar VARCHAR(255)
);

CREATE TABLE IF NOT EXISTS GambarProduk (
    id_produk INT,
    id_gambar INT,
    PRIMARY KEY (id_produk, id_gambar),
    FOREIGN KEY (id_produk) REFERENCES Produk(id_produk),
    FOREIGN KEY (id_gambar) REFERENCES Gambar(id_gambar)
);

CREATE TABLE IF NOT EXISTS Tag (
    id_tag INT PRIMARY KEY,
    nama VARCHAR(50)
);

CREATE TABLE IF NOT EXISTS TagProduk (
    id_produk INT,
    id_tag INT,
    PRIMARY KEY (id_produk, id_tag),
    FOREIGN KEY (id_produk) REFERENCES Produk(id_produk),
    FOREIGN KEY (id_tag) REFERENCES Tag(id_tag)
);

CREATE TABLE IF NOT EXISTS BarangKeranjang (
    id_keranjang INT,
    sku VARCHAR(50),
    kuantitas INT,
    PRIMARY KEY (id_keranjang, sku),
    FOREIGN KEY (id_keranjang) REFERENCES Keranjang(id_keranjang),
    FOREIGN KEY (sku) REFERENCES VarianProduk(sku)
);

CREATE TABLE IF NOT EXISTS Pesanan (
    id_pesanan INT PRIMARY KEY,
    id_pembeli INT,
    id_alamat_pembeli INT, -- Added FK to AlamatPembeli
    metode_pembayaran VARCHAR(50),
    metode_pengiriman VARCHAR(50),
    catatan TEXT,
    status_pesanan VARCHAR(50),
    waktu_pemesanan TIMESTAMP,
    FOREIGN KEY (id_pembeli) REFERENCES Pembeli(id_pembeli),
    FOREIGN KEY (id_alamat_pembeli) REFERENCES AlamatPembeli(id_alamat_pembeli)
);

CREATE TABLE IF NOT EXISTS BarangPesanan (
    id_pesanan INT,
    sku VARCHAR(50),
    kuantitas INT,
    PRIMARY KEY (id_pesanan, sku),
    FOREIGN KEY (id_pesanan) REFERENCES Pesanan(id_pesanan),
    FOREIGN KEY (sku) REFERENCES VarianProduk(sku)
);

CREATE TABLE IF NOT EXISTS Wishlist (
    id_pembeli INT,
    id_produk INT,
    PRIMARY KEY (id_pembeli, id_produk),
    FOREIGN KEY (id_pembeli) REFERENCES Pembeli(id_pembeli),
    FOREIGN KEY (id_produk) REFERENCES Produk(id_produk)
);

CREATE TABLE IF NOT EXISTS Ulasan (
    id_produk INT,
    id_pembeli INT,
    komentar TEXT,
    penilaian INT,
    PRIMARY KEY (id_produk, id_pembeli),
    FOREIGN KEY (id_produk) REFERENCES Produk(id_produk),
    FOREIGN KEY (id_pembeli) REFERENCES Pembeli(id_pembeli)
);

CREATE TABLE IF NOT EXISTS Teman (
    id_diikuti INT,
    id_mengikuti INT,
    PRIMARY KEY (id_diikuti, id_mengikuti),
    FOREIGN KEY (id_diikuti) REFERENCES Pengguna(id_pengguna),
    FOREIGN KEY (id_mengikuti) REFERENCES Pengguna(id_pengguna)
);

-- SEEDER DATA

-- Alamat
INSERT IGNORE INTO Alamat (id_alamat, provinsi, kota, jalan) VALUES (1, 'Gorontalo', 'Balikpapan', 'Gang Pasir Koja No. 956');
INSERT IGNORE INTO Alamat (id_alamat, provinsi, kota, jalan) VALUES (2, 'Lampung', 'Bitung', 'Gg. Ciumbuleuit No. 0');
INSERT IGNORE INTO Alamat (id_alamat, provinsi, kota, jalan) VALUES (3, 'Jawa Barat', 'Sungai Penuh', 'Jl. Kebonjati No. 54');
INSERT IGNORE INTO Alamat (id_alamat, provinsi, kota, jalan) VALUES (4, 'Bali', 'Jayapura', 'Jalan Medokan Ayu No. 33');
INSERT IGNORE INTO Alamat (id_alamat, provinsi, kota, jalan) VALUES (5, 'Sumatera Selatan', 'Sukabumi', 'Jl. Wonoayu No. 688');
INSERT IGNORE INTO Alamat (id_alamat, provinsi, kota, jalan) VALUES (6, 'Sulawesi Tenggara', 'Kota Administrasi Jakarta Barat', 'Jalan Tubagus Ismail No. 0');
INSERT IGNORE INTO Alamat (id_alamat, provinsi, kota, jalan) VALUES (7, 'Kalimantan Utara', 'Sibolga', 'Gg. HOS. Cokroaminoto No. 53');
INSERT IGNORE INTO Alamat (id_alamat, provinsi, kota, jalan) VALUES (8, 'Sulawesi Tenggara', 'Probolinggo', 'Gang Ciwastra No. 3');
INSERT IGNORE INTO Alamat (id_alamat, provinsi, kota, jalan) VALUES (9, 'Kepulauan Riau', 'Bandar Lampung', 'Gg. Setiabudhi No. 7');
INSERT IGNORE INTO Alamat (id_alamat, provinsi, kota, jalan) VALUES (10, 'Sulawesi Utara', 'Bandung', 'Jalan Ahmad Dahlan No. 33');
INSERT IGNORE INTO Alamat (id_alamat, provinsi, kota, jalan) VALUES (11, 'Sulawesi Tengah', 'Bekasi', 'Gang Tebet Barat Dalam No. 8');
INSERT IGNORE INTO Alamat (id_alamat, provinsi, kota, jalan) VALUES (12, 'Sulawesi Barat', 'Tidore Kepulauan', 'Gang KH Amin Jasuta No. 228');
INSERT IGNORE INTO Alamat (id_alamat, provinsi, kota, jalan) VALUES (13, 'Gorontalo', 'Probolinggo', 'Jalan Jakarta No. 4');
INSERT IGNORE INTO Alamat (id_alamat, provinsi, kota, jalan) VALUES (14, 'Nusa Tenggara Barat', 'Palu', 'Jalan Rajawali Barat No. 224');
INSERT IGNORE INTO Alamat (id_alamat, provinsi, kota, jalan) VALUES (15, 'Sulawesi Tenggara', 'Prabumulih', 'Jl. Raya Setiabudhi No. 91');
INSERT IGNORE INTO Alamat (id_alamat, provinsi, kota, jalan) VALUES (16, 'Banten', 'Palembang', 'Jalan Kapten Muslihat No. 392');
INSERT IGNORE INTO Alamat (id_alamat, provinsi, kota, jalan) VALUES (17, 'Sumatera Utara', 'Banjarbaru', 'Jl. Antapani Lama No. 3');
INSERT IGNORE INTO Alamat (id_alamat, provinsi, kota, jalan) VALUES (18, 'Nusa Tenggara Timur', 'Samarinda', 'Jl. Cikutra Timur No. 021');
INSERT IGNORE INTO Alamat (id_alamat, provinsi, kota, jalan) VALUES (19, 'Gorontalo', 'Palangkaraya', 'Gg. Kebonjati No. 79');
INSERT IGNORE INTO Alamat (id_alamat, provinsi, kota, jalan) VALUES (20, 'Maluku Utara', 'Palopo', 'Gang Suryakencana No. 7');
INSERT IGNORE INTO Alamat (id_alamat, provinsi, kota, jalan) VALUES (21, 'Sulawesi Tenggara', 'Makassar', 'Jl. Suniaraja No. 175');
INSERT IGNORE INTO Alamat (id_alamat, provinsi, kota, jalan) VALUES (22, 'Jawa Timur', 'Kota Administrasi Jakarta Timur', 'Gang Suryakencana No. 40');
INSERT IGNORE INTO Alamat (id_alamat, provinsi, kota, jalan) VALUES (23, 'Maluku Utara', 'Yogyakarta', 'Jl. Setiabudhi No. 66');
INSERT IGNORE INTO Alamat (id_alamat, provinsi, kota, jalan) VALUES (24, 'Jambi', 'Jayapura', 'Jl. Astana Anyar No. 6');
INSERT IGNORE INTO Alamat (id_alamat, provinsi, kota, jalan) VALUES (25, 'Bengkulu', 'Makassar', 'Gg. Cikutra Timur No. 9');
INSERT IGNORE INTO Alamat (id_alamat, provinsi, kota, jalan) VALUES (26, 'Maluku Utara', 'Batam', 'Gang Siliwangi No. 6');
INSERT IGNORE INTO Alamat (id_alamat, provinsi, kota, jalan) VALUES (27, 'Gorontalo', 'Prabumulih', 'Gg. Moch. Ramdan No. 63');
INSERT IGNORE INTO Alamat (id_alamat, provinsi, kota, jalan) VALUES (28, 'Jambi', 'Makassar', 'Jalan Rawamangun No. 982');
INSERT IGNORE INTO Alamat (id_alamat, provinsi, kota, jalan) VALUES (29, 'Lampung', 'Ternate', 'Jalan Suryakencana No. 6');
INSERT IGNORE INTO Alamat (id_alamat, provinsi, kota, jalan) VALUES (30, 'Sulawesi Tenggara', 'Manado', 'Gg. Veteran No. 5');
INSERT IGNORE INTO Alamat (id_alamat, provinsi, kota, jalan) VALUES (31, 'Kalimantan Barat', 'Payakumbuh', 'Jl. Ronggowarsito No. 4');
INSERT IGNORE INTO Alamat (id_alamat, provinsi, kota, jalan) VALUES (32, 'Riau', 'Payakumbuh', 'Jl. Tubagus Ismail No. 829');
INSERT IGNORE INTO Alamat (id_alamat, provinsi, kota, jalan) VALUES (33, 'Sulawesi Tengah', 'Binjai', 'Jl. Cihampelas No. 97');
INSERT IGNORE INTO Alamat (id_alamat, provinsi, kota, jalan) VALUES (34, 'Jawa Timur', 'Mojokerto', 'Gang Sukajadi No. 304');
INSERT IGNORE INTO Alamat (id_alamat, provinsi, kota, jalan) VALUES (35, 'Bengkulu', 'Banjarbaru', 'Jalan Cihampelas No. 531');
INSERT IGNORE INTO Alamat (id_alamat, provinsi, kota, jalan) VALUES (36, 'Sulawesi Utara', 'Tasikmalaya', 'Gg. Kutisari Selatan No. 5');
INSERT IGNORE INTO Alamat (id_alamat, provinsi, kota, jalan) VALUES (37, 'Jambi', 'Sibolga', 'Gg. Ir. H. Djuanda No. 608');
INSERT IGNORE INTO Alamat (id_alamat, provinsi, kota, jalan) VALUES (38, 'Sumatera Barat', 'Bontang', 'Gg. Ir. H. Djuanda No. 884');
INSERT IGNORE INTO Alamat (id_alamat, provinsi, kota, jalan) VALUES (39, 'Sulawesi Barat', 'Pagaralam', 'Gg. Suryakencana No. 866');
INSERT IGNORE INTO Alamat (id_alamat, provinsi, kota, jalan) VALUES (40, 'Bali', 'Tarakan', 'Jl. S. Parman No. 83');
INSERT IGNORE INTO Alamat (id_alamat, provinsi, kota, jalan) VALUES (41, 'Jawa Tengah', 'Jambi', 'Jl. K.H. Wahid Hasyim No. 013');
INSERT IGNORE INTO Alamat (id_alamat, provinsi, kota, jalan) VALUES (42, 'Sulawesi Utara', 'Kediri', 'Gang Suryakencana No. 75');
INSERT IGNORE INTO Alamat (id_alamat, provinsi, kota, jalan) VALUES (43, 'Jawa Barat', 'Tarakan', 'Jalan R.E Martadinata No. 1');
INSERT IGNORE INTO Alamat (id_alamat, provinsi, kota, jalan) VALUES (44, 'Jawa Barat', 'Tegal', 'Jl. Jend. Sudirman No. 757');
INSERT IGNORE INTO Alamat (id_alamat, provinsi, kota, jalan) VALUES (45, 'Kepulauan Bangka Belitung', 'Banjarmasin', 'Gg. Bangka Raya No. 20');
INSERT IGNORE INTO Alamat (id_alamat, provinsi, kota, jalan) VALUES (46, 'Bali', 'Blitar', 'Jalan Jamika No. 92');
INSERT IGNORE INTO Alamat (id_alamat, provinsi, kota, jalan) VALUES (47, 'Sumatera Barat', 'Purwokerto', 'Jl. M.T Haryono No. 2');
INSERT IGNORE INTO Alamat (id_alamat, provinsi, kota, jalan) VALUES (48, 'DKI Jakarta', 'Manado', 'Jalan Laswi No. 399');
INSERT IGNORE INTO Alamat (id_alamat, provinsi, kota, jalan) VALUES (49, 'Maluku', 'Banjarbaru', 'Gg. Raya Setiabudhi No. 3');
INSERT IGNORE INTO Alamat (id_alamat, provinsi, kota, jalan) VALUES (50, 'Jawa Timur', 'Madiun', 'Jl. Erlangga No. 57');
INSERT IGNORE INTO Alamat (id_alamat, provinsi, kota, jalan) VALUES (51, 'Jawa Timur', 'Bitung', 'Gg. R.E Martadinata No. 96');
INSERT IGNORE INTO Alamat (id_alamat, provinsi, kota, jalan) VALUES (52, 'Papua', 'Tidore Kepulauan', 'Jl. Wonoayu No. 199');
INSERT IGNORE INTO Alamat (id_alamat, provinsi, kota, jalan) VALUES (53, 'Sumatera Utara', 'Purwokerto', 'Gg. Raya Setiabudhi No. 572');
INSERT IGNORE INTO Alamat (id_alamat, provinsi, kota, jalan) VALUES (54, 'Nusa Tenggara Timur', 'Bitung', 'Gg. Antapani Lama No. 0');
INSERT IGNORE INTO Alamat (id_alamat, provinsi, kota, jalan) VALUES (55, 'Nusa Tenggara Timur', 'Kota Administrasi Jakarta Pusat', 'Gg. Pasir Koja No. 20');
INSERT IGNORE INTO Alamat (id_alamat, provinsi, kota, jalan) VALUES (56, 'Papua', 'Blitar', 'Gg. Suniaraja No. 75');
INSERT IGNORE INTO Alamat (id_alamat, provinsi, kota, jalan) VALUES (57, 'Jawa Timur', 'Padang Sidempuan', 'Gang Rawamangun No. 179');
INSERT IGNORE INTO Alamat (id_alamat, provinsi, kota, jalan) VALUES (58, 'Lampung', 'Bau-Bau', 'Jl. Sukajadi No. 3');
INSERT IGNORE INTO Alamat (id_alamat, provinsi, kota, jalan) VALUES (59, 'Sulawesi Selatan', 'Blitar', 'Jalan Ahmad Dahlan No. 2');
INSERT IGNORE INTO Alamat (id_alamat, provinsi, kota, jalan) VALUES (60, 'Maluku Utara', 'Pangkalpinang', 'Gg. Kutisari Selatan No. 147');
INSERT IGNORE INTO Alamat (id_alamat, provinsi, kota, jalan) VALUES (61, 'Kalimantan Utara', 'Palu', 'Jl. Peta No. 57');
INSERT IGNORE INTO Alamat (id_alamat, provinsi, kota, jalan) VALUES (62, 'Kalimantan Barat', 'Pasuruan', 'Jalan Asia Afrika No. 47');
INSERT IGNORE INTO Alamat (id_alamat, provinsi, kota, jalan) VALUES (63, 'Sulawesi Barat', 'Cirebon', 'Gang Dipenogoro No. 099');
INSERT IGNORE INTO Alamat (id_alamat, provinsi, kota, jalan) VALUES (64, 'Sumatera Selatan', 'Lhokseumawe', 'Gang Pasirkoja No. 6');
INSERT IGNORE INTO Alamat (id_alamat, provinsi, kota, jalan) VALUES (65, 'Nusa Tenggara Timur', 'Makassar', 'Gang Tubagus Ismail No. 55');
INSERT IGNORE INTO Alamat (id_alamat, provinsi, kota, jalan) VALUES (66, 'Kalimantan Timur', 'Padang Sidempuan', 'Jalan Laswi No. 381');
INSERT IGNORE INTO Alamat (id_alamat, provinsi, kota, jalan) VALUES (67, 'Sulawesi Tenggara', 'Lubuklinggau', 'Gg. Gedebage Selatan No. 229');
INSERT IGNORE INTO Alamat (id_alamat, provinsi, kota, jalan) VALUES (68, 'Banten', 'Kota Administrasi Jakarta Selatan', 'Jl. Jayawijaya No. 24');
INSERT IGNORE INTO Alamat (id_alamat, provinsi, kota, jalan) VALUES (69, 'Sumatera Barat', 'Parepare', 'Jl. Rajawali Timur No. 5');
INSERT IGNORE INTO Alamat (id_alamat, provinsi, kota, jalan) VALUES (70, 'Sulawesi Utara', 'Tidore Kepulauan', 'Jalan Gedebage Selatan No. 13');
INSERT IGNORE INTO Alamat (id_alamat, provinsi, kota, jalan) VALUES (71, 'Sumatera Barat', 'Sabang', 'Jl. KH Amin Jasuta No. 604');
INSERT IGNORE INTO Alamat (id_alamat, provinsi, kota, jalan) VALUES (72, 'Lampung', 'Pematangsiantar', 'Gang H.J Maemunah No. 298');
INSERT IGNORE INTO Alamat (id_alamat, provinsi, kota, jalan) VALUES (73, 'Jawa Timur', 'Sorong', 'Jl. Cikapayang No. 385');
INSERT IGNORE INTO Alamat (id_alamat, provinsi, kota, jalan) VALUES (74, 'Kalimantan Tengah', 'Malang', 'Jalan Veteran No. 44');
INSERT IGNORE INTO Alamat (id_alamat, provinsi, kota, jalan) VALUES (75, 'Kalimantan Selatan', 'Banjarbaru', 'Gang Dipatiukur No. 79');
INSERT IGNORE INTO Alamat (id_alamat, provinsi, kota, jalan) VALUES (76, 'Riau', 'Banjar', 'Gg. S. Parman No. 4');
INSERT IGNORE INTO Alamat (id_alamat, provinsi, kota, jalan) VALUES (77, 'Kalimantan Tengah', 'Manado', 'Gang Raya Setiabudhi No. 0');
INSERT IGNORE INTO Alamat (id_alamat, provinsi, kota, jalan) VALUES (78, 'Jawa Timur', 'Pekanbaru', 'Gg. Jayawijaya No. 461');
INSERT IGNORE INTO Alamat (id_alamat, provinsi, kota, jalan) VALUES (79, 'Sulawesi Selatan', 'Bandar Lampung', 'Gg. Laswi No. 4');
INSERT IGNORE INTO Alamat (id_alamat, provinsi, kota, jalan) VALUES (80, 'Sulawesi Barat', 'Singkawang', 'Jl. Ciumbuleuit No. 2');
INSERT IGNORE INTO Alamat (id_alamat, provinsi, kota, jalan) VALUES (81, 'Lampung', 'Sorong', 'Jl. Merdeka No. 41');
INSERT IGNORE INTO Alamat (id_alamat, provinsi, kota, jalan) VALUES (82, 'Gorontalo', 'Pangkalpinang', 'Jl. Moch. Toha No. 436');
INSERT IGNORE INTO Alamat (id_alamat, provinsi, kota, jalan) VALUES (83, 'Lampung', 'Medan', 'Gg. Veteran No. 55');
INSERT IGNORE INTO Alamat (id_alamat, provinsi, kota, jalan) VALUES (84, 'Lampung', 'Metro', 'Gang M.H Thamrin No. 512');
INSERT IGNORE INTO Alamat (id_alamat, provinsi, kota, jalan) VALUES (85, 'Banten', 'Mataram', 'Jl. Kendalsari No. 0');
INSERT IGNORE INTO Alamat (id_alamat, provinsi, kota, jalan) VALUES (86, 'Bengkulu', 'Singkawang', 'Jl. Peta No. 0');
INSERT IGNORE INTO Alamat (id_alamat, provinsi, kota, jalan) VALUES (87, 'Sumatera Utara', 'Gorontalo', 'Jalan Pasirkoja No. 939');
INSERT IGNORE INTO Alamat (id_alamat, provinsi, kota, jalan) VALUES (88, 'Papua', 'Bandar Lampung', 'Jl. Dipatiukur No. 72');
INSERT IGNORE INTO Alamat (id_alamat, provinsi, kota, jalan) VALUES (89, 'DI Yogyakarta', 'Surabaya', 'Gang Antapani Lama No. 53');
INSERT IGNORE INTO Alamat (id_alamat, provinsi, kota, jalan) VALUES (90, 'Sumatera Utara', 'Parepare', 'Gg. Antapani Lama No. 4');
INSERT IGNORE INTO Alamat (id_alamat, provinsi, kota, jalan) VALUES (91, 'Banten', 'Kota Administrasi Jakarta Barat', 'Gg. R.E Martadinata No. 539');
INSERT IGNORE INTO Alamat (id_alamat, provinsi, kota, jalan) VALUES (92, 'Sulawesi Selatan', 'Bogor', 'Gang M.H Thamrin No. 8');
INSERT IGNORE INTO Alamat (id_alamat, provinsi, kota, jalan) VALUES (93, 'DKI Jakarta', 'Yogyakarta', 'Jl. Ronggowarsito No. 72');
INSERT IGNORE INTO Alamat (id_alamat, provinsi, kota, jalan) VALUES (94, 'Sulawesi Utara', 'Tegal', 'Jalan Ahmad Yani No. 9');
INSERT IGNORE INTO Alamat (id_alamat, provinsi, kota, jalan) VALUES (95, 'Sulawesi Barat', 'Bima', 'Gang Jayawijaya No. 580');
INSERT IGNORE INTO Alamat (id_alamat, provinsi, kota, jalan) VALUES (96, 'Nusa Tenggara Timur', 'Pematangsiantar', 'Jalan Raya Setiabudhi No. 787');
INSERT IGNORE INTO Alamat (id_alamat, provinsi, kota, jalan) VALUES (97, 'Jawa Barat', 'Batu', 'Gg. Gegerkalong Hilir No. 162');
INSERT IGNORE INTO Alamat (id_alamat, provinsi, kota, jalan) VALUES (98, 'Sulawesi Tenggara', 'Medan', 'Gang Rawamangun No. 5');
INSERT IGNORE INTO Alamat (id_alamat, provinsi, kota, jalan) VALUES (99, 'Sumatera Barat', 'Pematangsiantar', 'Jl. Cikapayang No. 9');
INSERT IGNORE INTO Alamat (id_alamat, provinsi, kota, jalan) VALUES (100, 'Sulawesi Tenggara', 'Mojokerto', 'Gang Rajiman No. 4');

-- Pengguna
INSERT IGNORE INTO Pengguna (id_pengguna, email, password, nama_lengkap, tgl_lahir, no_telp, foto_profil, is_penjual) VALUES (1, 'budimankamila@example.com', 'VBmT&QAzJZ(5', 'Vicky Ramadan, M.M.', '1985-07-09', '+62-340-570-0460', 'profil/user1.jpg', TRUE);
INSERT IGNORE INTO Pengguna (id_pengguna, email, password, nama_lengkap, tgl_lahir, no_telp, foto_profil, is_penjual) VALUES (2, 'kutama@example.net', 'gIj4JPno$m^7', 'Sutan Cecep Pratama, M.Pd', '1981-08-25', '+62 (002) 070 9614', 'profil/user2.jpg', TRUE);
INSERT IGNORE INTO Pengguna (id_pengguna, email, password, nama_lengkap, tgl_lahir, no_telp, foto_profil, is_penjual) VALUES (3, 'wardayauwais@example.com', '5sJrTnRA*uGs', 'Makuta Wulandari', '2004-08-09', '+62 (0263) 759-4701', 'profil/user3.jpg', TRUE);
INSERT IGNORE INTO Pengguna (id_pengguna, email, password, nama_lengkap, tgl_lahir, no_telp, foto_profil, is_penjual) VALUES (4, 'luisprabowo@example.com', 'qgpZX@esi%3C', 'Salwa Sirait, S.Sos', '1977-09-21', '+62 (014) 979 9947', 'profil/user4.jpg', TRUE);
INSERT IGNORE INTO Pengguna (id_pengguna, email, password, nama_lengkap, tgl_lahir, no_telp, foto_profil, is_penjual) VALUES (5, 'martakapuspita@example.com', 'c+b#hPmXOm2R', 'Dinda Kurniawan, M.Farm', '1969-08-17', '+62 (0711) 746 2156', 'profil/user5.jpg', TRUE);
INSERT IGNORE INTO Pengguna (id_pengguna, email, password, nama_lengkap, tgl_lahir, no_telp, foto_profil, is_penjual) VALUES (6, 'laksitasaiful@example.net', 'bc8_$MDe*x7J', 'Tgk. Siska Adriansyah', '1990-08-24', '+62-96-097-9311', 'profil/user6.jpg', TRUE);
INSERT IGNORE INTO Pengguna (id_pengguna, email, password, nama_lengkap, tgl_lahir, no_telp, foto_profil, is_penjual) VALUES (7, 'ifa13@example.net', 'N4#*)IuS&ulx', 'Dr. Anita Rahmawati, S.Farm', '1991-10-29', '+62 (828) 015-5754', 'profil/user7.jpg', TRUE);
INSERT IGNORE INTO Pengguna (id_pengguna, email, password, nama_lengkap, tgl_lahir, no_telp, foto_profil, is_penjual) VALUES (8, 'indahzulkarnain@example.org', 'B5&yha(y$_8N', 'Genta Pranowo', '1993-07-22', '+62 (51) 625-6189', 'profil/user8.jpg', TRUE);
INSERT IGNORE INTO Pengguna (id_pengguna, email, password, nama_lengkap, tgl_lahir, no_telp, foto_profil, is_penjual) VALUES (9, 'yuliantibahuwarna@example.net', '&r*+nIMoig&8', 'Farah Hardiansyah', '2002-04-19', '(015) 067-0905', 'profil/user9.jpg', TRUE);
INSERT IGNORE INTO Pengguna (id_pengguna, email, password, nama_lengkap, tgl_lahir, no_telp, foto_profil, is_penjual) VALUES (10, 'wacanahumaira@example.net', '@o1FsIh8R@y6', 'Nova Hutasoit, S.Sos', '1971-10-23', '+62 (58) 655 1513', 'profil/user10.jpg', TRUE);
INSERT IGNORE INTO Pengguna (id_pengguna, email, password, nama_lengkap, tgl_lahir, no_telp, foto_profil, is_penjual) VALUES (11, 'januaroni@example.com', 'D!C!(BrjE(4f', 'Humaira Maryati', '2004-03-30', '(014) 480-0856', 'profil/user11.jpg', TRUE);
INSERT IGNORE INTO Pengguna (id_pengguna, email, password, nama_lengkap, tgl_lahir, no_telp, foto_profil, is_penjual) VALUES (12, 'maryadigandewa@example.com', '&5v#wToxcxP#', 'Irma Waluyo', '1971-12-22', '+62 (520) 674-2730', 'profil/user12.jpg', TRUE);
INSERT IGNORE INTO Pengguna (id_pengguna, email, password, nama_lengkap, tgl_lahir, no_telp, foto_profil, is_penjual) VALUES (13, 'joko20@example.org', 'GpHzvXrN@4bK', 'KH. Cecep Zulaika', '1974-08-19', '+62 (987) 927-3789', 'profil/user13.jpg', TRUE);
INSERT IGNORE INTO Pengguna (id_pengguna, email, password, nama_lengkap, tgl_lahir, no_telp, foto_profil, is_penjual) VALUES (14, 'raharjaprakasa@example.com', 'ySOc_zf_(7e+', 'Balijan Uyainah', '1985-07-05', '(087) 203 3055', 'profil/user14.jpg', TRUE);
INSERT IGNORE INTO Pengguna (id_pengguna, email, password, nama_lengkap, tgl_lahir, no_telp, foto_profil, is_penjual) VALUES (15, 'cjailani@example.com', '_l#S5SxqbJqK', 'Ir. Jarwi Simanjuntak', '1988-05-15', '+62 (017) 844-8664', 'profil/user15.jpg', TRUE);
INSERT IGNORE INTO Pengguna (id_pengguna, email, password, nama_lengkap, tgl_lahir, no_telp, foto_profil, is_penjual) VALUES (16, 'donopratama@example.net', '14TjSu(fjV$!', 'Cut Anastasia Saragih', '1967-05-14', '+62 (10) 361 6439', 'profil/user16.jpg', TRUE);
INSERT IGNORE INTO Pengguna (id_pengguna, email, password, nama_lengkap, tgl_lahir, no_telp, foto_profil, is_penjual) VALUES (17, 'lusamah@example.org', 'V(Hf2xMeR*nr', 'drg. Febi Maryadi', '1994-06-12', '+62-683-721-3703', 'profil/user17.jpg', TRUE);
INSERT IGNORE INTO Pengguna (id_pengguna, email, password, nama_lengkap, tgl_lahir, no_telp, foto_profil, is_penjual) VALUES (18, 'pradanaasman@example.net', '*%da4VEk_i6@', 'Karman Firmansyah, S.I.Kom', '1978-12-14', '+62-0556-587-7171', 'profil/user18.jpg', TRUE);
INSERT IGNORE INTO Pengguna (id_pengguna, email, password, nama_lengkap, tgl_lahir, no_telp, foto_profil, is_penjual) VALUES (19, 'rajatakaren@example.org', 'nw90Rod#+)Bf', 'Drs. Dina Permata, M.Kom.', '1970-02-09', '+62 (0257) 694 9944', 'profil/user19.jpg', TRUE);
INSERT IGNORE INTO Pengguna (id_pengguna, email, password, nama_lengkap, tgl_lahir, no_telp, foto_profil, is_penjual) VALUES (20, 'mayasarigaliono@example.com', '()z0H4tTKuXP', 'KH. Tasdik Novitasari, S.IP', '1964-08-08', '0820319732', 'profil/user20.jpg', TRUE);
INSERT IGNORE INTO Pengguna (id_pengguna, email, password, nama_lengkap, tgl_lahir, no_telp, foto_profil, is_penjual) VALUES (21, 'mutia55@example.com', '*nxbm7^&!T7W', 'Prayogo Nashiruddin', '1992-02-28', '+62 (022) 203 0395', 'profil/user21.jpg', TRUE);
INSERT IGNORE INTO Pengguna (id_pengguna, email, password, nama_lengkap, tgl_lahir, no_telp, foto_profil, is_penjual) VALUES (22, 'ika80@example.com', 'hOhjhBuy^5RV', 'Sabrina Salahudin', '1992-11-13', '+62 (865) 511 6031', 'profil/user22.jpg', TRUE);
INSERT IGNORE INTO Pengguna (id_pengguna, email, password, nama_lengkap, tgl_lahir, no_telp, foto_profil, is_penjual) VALUES (23, 'mujurprasetya@example.org', 'E%K0Iav0r1&k', 'Danu Susanti', '1996-09-22', '+62 (081) 455 0747', 'profil/user23.jpg', TRUE);
INSERT IGNORE INTO Pengguna (id_pengguna, email, password, nama_lengkap, tgl_lahir, no_telp, foto_profil, is_penjual) VALUES (24, 'jailanijati@example.net', 'Vbk&0Oezxa$@', 'Endra Nuraini', '2000-09-26', '+62 (082) 838-4099', 'profil/user24.jpg', TRUE);
INSERT IGNORE INTO Pengguna (id_pengguna, email, password, nama_lengkap, tgl_lahir, no_telp, foto_profil, is_penjual) VALUES (25, 'permadilabuh@example.com', 'J42GHekD#5QI', 'dr. Ami Natsir, S.T.', '1977-02-13', '+62 (163) 792 2340', 'profil/user25.jpg', TRUE);
INSERT IGNORE INTO Pengguna (id_pengguna, email, password, nama_lengkap, tgl_lahir, no_telp, foto_profil, is_penjual) VALUES (26, 'samsul92@example.org', '#KS7py)#wWvI', 'Cut Queen Kuswoyo, S.Psi', '1977-03-13', '0857409709', 'profil/user26.jpg', TRUE);
INSERT IGNORE INTO Pengguna (id_pengguna, email, password, nama_lengkap, tgl_lahir, no_telp, foto_profil, is_penjual) VALUES (27, 'adinatasamosir@example.net', '^ORXJEx^%9*e', 'Viman Simbolon', '1975-03-09', '+62 (526) 445-2338', 'profil/user27.jpg', TRUE);
INSERT IGNORE INTO Pengguna (id_pengguna, email, password, nama_lengkap, tgl_lahir, no_telp, foto_profil, is_penjual) VALUES (28, 'cengkal47@example.org', '&5N3ddJ*#2Y1', 'Kunthara Suartini', '2004-11-30', '+62 (094) 184 3395', 'profil/user28.jpg', TRUE);
INSERT IGNORE INTO Pengguna (id_pengguna, email, password, nama_lengkap, tgl_lahir, no_telp, foto_profil, is_penjual) VALUES (29, 'zahra48@example.net', '38mUbiy1%0HY', 'Pia Pradana, S.T.', '1980-11-12', '+62 (359) 109 9798', 'profil/user29.jpg', TRUE);
INSERT IGNORE INTO Pengguna (id_pengguna, email, password, nama_lengkap, tgl_lahir, no_telp, foto_profil, is_penjual) VALUES (30, 'martani74@example.org', 'K0TU2&f(rLp)', 'Gabriella Hakim', '1972-10-05', '+62 (271) 419-0480', 'profil/user30.jpg', TRUE);
INSERT IGNORE INTO Pengguna (id_pengguna, email, password, nama_lengkap, tgl_lahir, no_telp, foto_profil, is_penjual) VALUES (31, 'farhunnisahariyah@example.com', '@o0H5A3w_aVA', 'Tasnim Hidayat', '1998-04-26', '(013) 165-2188', 'profil/user31.jpg', TRUE);
INSERT IGNORE INTO Pengguna (id_pengguna, email, password, nama_lengkap, tgl_lahir, no_telp, foto_profil, is_penjual) VALUES (32, 'hutasoithardana@example.net', 'M!EtoZ6A^4)o', 'Waluyo Wulandari', '1975-06-20', '(088) 281-6161', 'profil/user32.jpg', TRUE);
INSERT IGNORE INTO Pengguna (id_pengguna, email, password, nama_lengkap, tgl_lahir, no_telp, foto_profil, is_penjual) VALUES (33, 'kurnia43@example.org', '89aBwwbWf(7Q', 'Cemeti Waskita, S.I.Kom', '2000-10-25', '0879487973', 'profil/user33.jpg', TRUE);
INSERT IGNORE INTO Pengguna (id_pengguna, email, password, nama_lengkap, tgl_lahir, no_telp, foto_profil, is_penjual) VALUES (34, 'hastuticakrawangsa@example.com', '3ktMrv*U*Uqs', 'KH. Adinata Novitasari, M.TI.', '1969-10-31', '0847523669', 'profil/user34.jpg', TRUE);
INSERT IGNORE INTO Pengguna (id_pengguna, email, password, nama_lengkap, tgl_lahir, no_telp, foto_profil, is_penjual) VALUES (35, 'ewasita@example.com', '8)7azlPd#xX$', 'Yunita Salahudin', '1982-05-22', '+62 (167) 679-0510', 'profil/user35.jpg', TRUE);
INSERT IGNORE INTO Pengguna (id_pengguna, email, password, nama_lengkap, tgl_lahir, no_telp, foto_profil, is_penjual) VALUES (36, 'marbunlaras@example.org', '1&8)Cfd!l()u', 'Sari Hutasoit', '1968-11-25', '+62-04-417-7949', 'profil/user36.jpg', TRUE);
INSERT IGNORE INTO Pengguna (id_pengguna, email, password, nama_lengkap, tgl_lahir, no_telp, foto_profil, is_penjual) VALUES (37, 'wibisonoridwan@example.com', '^15Ix$yh@v$X', 'Damar Nuraini, S.Kom', '1990-03-08', '+62-347-787-4921', 'profil/user37.jpg', TRUE);
INSERT IGNORE INTO Pengguna (id_pengguna, email, password, nama_lengkap, tgl_lahir, no_telp, foto_profil, is_penjual) VALUES (38, 'suwarnofarhunnisa@example.com', 'M6+dpTTp&^VG', 'Ella Pradipta', '1975-09-28', '+62 (0107) 682-0072', 'profil/user38.jpg', TRUE);
INSERT IGNORE INTO Pengguna (id_pengguna, email, password, nama_lengkap, tgl_lahir, no_telp, foto_profil, is_penjual) VALUES (39, 'harjasa51@example.org', '7!A9Ij67$nAb', 'Jaya Nashiruddin', '2002-01-17', '+62-0376-736-9820', 'profil/user39.jpg', TRUE);
INSERT IGNORE INTO Pengguna (id_pengguna, email, password, nama_lengkap, tgl_lahir, no_telp, foto_profil, is_penjual) VALUES (40, 'ymanullang@example.com', '_6OIa1bf@woG', 'Mila Hasanah, M.M.', '1965-04-13', '+62 (033) 603 7686', 'profil/user40.jpg', TRUE);
INSERT IGNORE INTO Pengguna (id_pengguna, email, password, nama_lengkap, tgl_lahir, no_telp, foto_profil, is_penjual) VALUES (41, 'wibowojasmin@example.net', 't(rVKpEKV^7f', 'Darman Utama', '1969-11-08', '+62 (67) 720 0171', 'profil/user41.jpg', TRUE);
INSERT IGNORE INTO Pengguna (id_pengguna, email, password, nama_lengkap, tgl_lahir, no_telp, foto_profil, is_penjual) VALUES (42, 'ususanti@example.com', 'z3J3BG5t_YF6', 'Asmadi Purwanti', '1986-12-01', '(008) 489 2768', 'profil/user42.jpg', TRUE);
INSERT IGNORE INTO Pengguna (id_pengguna, email, password, nama_lengkap, tgl_lahir, no_telp, foto_profil, is_penjual) VALUES (43, 'taniadongoran@example.org', 'J^SHkOeY$8pF', 'H. Sabar Kuswandari, S.Sos', '1995-09-07', '081 694 4911', 'profil/user43.jpg', TRUE);
INSERT IGNORE INTO Pengguna (id_pengguna, email, password, nama_lengkap, tgl_lahir, no_telp, foto_profil, is_penjual) VALUES (44, 'humairalaksmiwati@example.net', 'wdO!+ctB!J8K', 'Maimunah Hidayat, M.M.', '1966-04-12', '084 059 8594', 'profil/user44.jpg', TRUE);
INSERT IGNORE INTO Pengguna (id_pengguna, email, password, nama_lengkap, tgl_lahir, no_telp, foto_profil, is_penjual) VALUES (45, 'simbolondaniswara@example.org', 'Gk9MXlFp4x@O', 'Ade Marpaung', '1992-05-11', '(0548) 265 7204', 'profil/user45.jpg', TRUE);
INSERT IGNORE INTO Pengguna (id_pengguna, email, password, nama_lengkap, tgl_lahir, no_telp, foto_profil, is_penjual) VALUES (46, 'estiono50@example.com', '@XAdA1Rvk98k', 'Edi Namaga, S.T.', '1995-05-01', '0873857137', 'profil/user46.jpg', TRUE);
INSERT IGNORE INTO Pengguna (id_pengguna, email, password, nama_lengkap, tgl_lahir, no_telp, foto_profil, is_penjual) VALUES (47, 'nasyiahreza@example.com', 'tss4qIyd!%nI', 'Kayla Oktaviani', '1966-03-28', '+62 (057) 157 2882', 'profil/user47.jpg', TRUE);
INSERT IGNORE INTO Pengguna (id_pengguna, email, password, nama_lengkap, tgl_lahir, no_telp, foto_profil, is_penjual) VALUES (48, 'rudi77@example.net', 'v902ngDh@kJ8', 'Ir. Kani Usamah', '1997-07-05', '+62 (0308) 883 8524', 'profil/user48.jpg', TRUE);
INSERT IGNORE INTO Pengguna (id_pengguna, email, password, nama_lengkap, tgl_lahir, no_telp, foto_profil, is_penjual) VALUES (49, 'mustofamulyanto@example.com', '@iW!dX2m!(6h', 'Lalita Nugroho', '1998-05-02', '+62 (047) 150-1114', 'profil/user49.jpg', TRUE);
INSERT IGNORE INTO Pengguna (id_pengguna, email, password, nama_lengkap, tgl_lahir, no_telp, foto_profil, is_penjual) VALUES (50, 'twibowo@example.net', '*4atnEgz$#_K', 'Nyana Laksita', '2001-11-30', '+62 (090) 195 5591', 'profil/user50.jpg', TRUE);
INSERT IGNORE INTO Pengguna (id_pengguna, email, password, nama_lengkap, tgl_lahir, no_telp, foto_profil, is_penjual) VALUES (51, 'karenhasanah@example.net', '^zlSbJfJQ6hs', 'dr. Harsana Pudjiastuti, M.Ak', '2006-08-18', '(038) 556-7122', 'profil/user51.jpg', FALSE);
INSERT IGNORE INTO Pengguna (id_pengguna, email, password, nama_lengkap, tgl_lahir, no_telp, foto_profil, is_penjual) VALUES (52, 'laswiutami@example.net', 'bE!5BIazaJH5', 'Ir. Ajimat Purnawati, M.M.', '1972-10-14', '+62 (279) 381 3655', 'profil/user52.jpg', FALSE);
INSERT IGNORE INTO Pengguna (id_pengguna, email, password, nama_lengkap, tgl_lahir, no_telp, foto_profil, is_penjual) VALUES (53, 'adhiarja87@example.org', '!mSO&0Jw&9Q5', 'Tgk. Nabila Kurniawan', '2009-04-05', '(017) 243-6559', 'profil/user53.jpg', FALSE);
INSERT IGNORE INTO Pengguna (id_pengguna, email, password, nama_lengkap, tgl_lahir, no_telp, foto_profil, is_penjual) VALUES (54, 'bagasfirgantoro@example.com', '3$_Grnhh%9W6', 'Elvina Mangunsong, S.Ked', '1981-05-25', '+62 (080) 151-0972', 'profil/user54.jpg', FALSE);
INSERT IGNORE INTO Pengguna (id_pengguna, email, password, nama_lengkap, tgl_lahir, no_telp, foto_profil, is_penjual) VALUES (55, 'dongorannalar@example.org', 'G+oIhiEZQi7W', 'Kamidin Ramadan, S.E.I', '1960-07-11', '+62 (0986) 906 1203', 'profil/user55.jpg', FALSE);
INSERT IGNORE INTO Pengguna (id_pengguna, email, password, nama_lengkap, tgl_lahir, no_telp, foto_profil, is_penjual) VALUES (56, 'hariyahdarsirah@example.net', '7(1TaPoQ^mO0', 'Vanya Usada', '1964-07-16', '+62 (41) 637-7430', 'profil/user56.jpg', FALSE);
INSERT IGNORE INTO Pengguna (id_pengguna, email, password, nama_lengkap, tgl_lahir, no_telp, foto_profil, is_penjual) VALUES (57, 'purwantirahman@example.com', '%)i2D9i^Q(xL', 'Hadi Budiman', '1978-07-04', '+62 (074) 955-5930', 'profil/user57.jpg', FALSE);
INSERT IGNORE INTO Pengguna (id_pengguna, email, password, nama_lengkap, tgl_lahir, no_telp, foto_profil, is_penjual) VALUES (58, 'wage93@example.net', 'ce0@MZerz_N4', 'Marsudi Nasyiah', '1998-07-03', '+62-30-265-0867', 'profil/user58.jpg', FALSE);
INSERT IGNORE INTO Pengguna (id_pengguna, email, password, nama_lengkap, tgl_lahir, no_telp, foto_profil, is_penjual) VALUES (59, 'jsuryono@example.com', '$KgYUs8a*PV2', 'Cici Damanik', '1996-04-23', '+62 (756) 601 5237', 'profil/user59.jpg', FALSE);
INSERT IGNORE INTO Pengguna (id_pengguna, email, password, nama_lengkap, tgl_lahir, no_telp, foto_profil, is_penjual) VALUES (60, 'yyulianti@example.org', 'LI1mnuPCiQ$A', 'Tgk. Gawati Firmansyah, S.Pt', '1971-01-08', '0819299282', 'profil/user60.jpg', FALSE);
INSERT IGNORE INTO Pengguna (id_pengguna, email, password, nama_lengkap, tgl_lahir, no_telp, foto_profil, is_penjual) VALUES (61, 'manah18@example.com', '6)o7aTQ26c1Z', 'Dono Kuswandari', '1986-01-05', '(0457) 015 7215', 'profil/user61.jpg', FALSE);
INSERT IGNORE INTO Pengguna (id_pengguna, email, password, nama_lengkap, tgl_lahir, no_telp, foto_profil, is_penjual) VALUES (62, 'tpalastri@example.org', '67OFYyB*#DQ1', 'Puti Qori Prasasta', '1966-03-15', '+62-085-974-9401', 'profil/user62.jpg', FALSE);
INSERT IGNORE INTO Pengguna (id_pengguna, email, password, nama_lengkap, tgl_lahir, no_telp, foto_profil, is_penjual) VALUES (63, 'cahyo62@example.net', 'b_1Yutyf!e!U', 'Gada Lazuardi, S.Farm', '2007-01-23', '(012) 547 1767', 'profil/user63.jpg', FALSE);
INSERT IGNORE INTO Pengguna (id_pengguna, email, password, nama_lengkap, tgl_lahir, no_telp, foto_profil, is_penjual) VALUES (64, 'halimahratih@example.net', 'Z#cV)8Rjt_Bv', 'Cut Azalea Waluyo', '2007-05-02', '+62-496-790-6454', 'profil/user64.jpg', FALSE);
INSERT IGNORE INTO Pengguna (id_pengguna, email, password, nama_lengkap, tgl_lahir, no_telp, foto_profil, is_penjual) VALUES (65, 'wastuti@example.com', 'S(bERjR#Gk0D', 'Ir. Damu Waluyo', '2006-02-27', '0823280462', 'profil/user65.jpg', FALSE);
INSERT IGNORE INTO Pengguna (id_pengguna, email, password, nama_lengkap, tgl_lahir, no_telp, foto_profil, is_penjual) VALUES (66, 'xsimanjuntak@example.org', 'C5lPWnhjfNs&', 'Drs. Mahesa Ramadan, S.Farm', '1984-10-01', '+62 (92) 178-0463', 'profil/user66.jpg', FALSE);
INSERT IGNORE INTO Pengguna (id_pengguna, email, password, nama_lengkap, tgl_lahir, no_telp, foto_profil, is_penjual) VALUES (67, 'jail39@example.com', '$KFdMtrh16hf', 'Laswi Hassanah, S.IP', '1998-04-27', '+62 (08) 078-4876', 'profil/user67.jpg', FALSE);
INSERT IGNORE INTO Pengguna (id_pengguna, email, password, nama_lengkap, tgl_lahir, no_telp, foto_profil, is_penjual) VALUES (68, 'kardi78@example.com', '9!^3YCpmF!x1', 'Nadine Tampubolon', '1964-08-27', '+62 (0585) 583 1903', 'profil/user68.jpg', FALSE);
INSERT IGNORE INTO Pengguna (id_pengguna, email, password, nama_lengkap, tgl_lahir, no_telp, foto_profil, is_penjual) VALUES (69, 'sihombinggalak@example.org', 'Mr*xpOKV#1Yq', 'Latika Maryadi', '1964-12-13', '+62 (0327) 992-0027', 'profil/user69.jpg', FALSE);
INSERT IGNORE INTO Pengguna (id_pengguna, email, password, nama_lengkap, tgl_lahir, no_telp, foto_profil, is_penjual) VALUES (70, 'leo47@example.net', 'v*4@dl92WxJj', 'Cornelia Samosir, M.Farm', '2007-12-24', '+62-0049-125-3441', 'profil/user70.jpg', FALSE);
INSERT IGNORE INTO Pengguna (id_pengguna, email, password, nama_lengkap, tgl_lahir, no_telp, foto_profil, is_penjual) VALUES (71, 'prasetyoheryanto@example.net', 'Crx@rEVvu%A3', 'Kemal Mansur', '1994-05-08', '081 114 4141', 'profil/user71.jpg', FALSE);
INSERT IGNORE INTO Pengguna (id_pengguna, email, password, nama_lengkap, tgl_lahir, no_telp, foto_profil, is_penjual) VALUES (72, 'restuhariyah@example.net', 'AfPcgBjy$9a9', 'Virman Maulana', '1963-02-14', '+62 (59) 097 2817', 'profil/user72.jpg', FALSE);
INSERT IGNORE INTO Pengguna (id_pengguna, email, password, nama_lengkap, tgl_lahir, no_telp, foto_profil, is_penjual) VALUES (73, 'saadatsetiawan@example.com', 'K6Tejib9*wP_', 'dr. Wulan Firgantoro, S.I.Kom', '1989-05-24', '086 956 6796', 'profil/user73.jpg', FALSE);
INSERT IGNORE INTO Pengguna (id_pengguna, email, password, nama_lengkap, tgl_lahir, no_telp, foto_profil, is_penjual) VALUES (74, 'cahyonatsir@example.net', '*GO7sBo7+3*z', 'drg. Rahmi Purnawati', '1977-08-03', '+62 (0660) 082-0976', 'profil/user74.jpg', FALSE);
INSERT IGNORE INTO Pengguna (id_pengguna, email, password, nama_lengkap, tgl_lahir, no_telp, foto_profil, is_penjual) VALUES (75, 'murti10@example.org', 'hP8q7Evc^BC(', 'Vanya Mandala, S.Psi', '2009-11-06', '+62 (47) 100 5433', 'profil/user75.jpg', FALSE);
INSERT IGNORE INTO Pengguna (id_pengguna, email, password, nama_lengkap, tgl_lahir, no_telp, foto_profil, is_penjual) VALUES (76, 'omarnovitasari@example.org', 'xxF$fOenHN1U', 'Hj. Nadia Mandasari, S.Pd', '1978-04-12', '+62 (68) 806-5891', 'profil/user76.jpg', FALSE);
INSERT IGNORE INTO Pengguna (id_pengguna, email, password, nama_lengkap, tgl_lahir, no_telp, foto_profil, is_penjual) VALUES (77, 'putriwijaya@example.net', 'S)5J6Oh8Q@V%', 'Diah Nashiruddin', '1980-04-25', '+62 (75) 178-1137', 'profil/user77.jpg', FALSE);
INSERT IGNORE INTO Pengguna (id_pengguna, email, password, nama_lengkap, tgl_lahir, no_telp, foto_profil, is_penjual) VALUES (78, 'unainggolan@example.org', ')5k_Xvvvs_3U', 'Melinda Narpati, M.Farm', '2009-04-24', '+62 (34) 484 9181', 'profil/user78.jpg', FALSE);
INSERT IGNORE INTO Pengguna (id_pengguna, email, password, nama_lengkap, tgl_lahir, no_telp, foto_profil, is_penjual) VALUES (79, 'jpalastri@example.com', 'HAmg7jKt&e7#', 'Aisyah Halim', '1958-02-18', '(034) 913 9765', 'profil/user79.jpg', FALSE);
INSERT IGNORE INTO Pengguna (id_pengguna, email, password, nama_lengkap, tgl_lahir, no_telp, foto_profil, is_penjual) VALUES (80, 'prasastajanet@example.net', 'hXO+4BHle4n1', 'Hj. Puput Puspasari', '1965-01-23', '+62 (38) 558 6586', 'profil/user80.jpg', FALSE);
INSERT IGNORE INTO Pengguna (id_pengguna, email, password, nama_lengkap, tgl_lahir, no_telp, foto_profil, is_penjual) VALUES (81, 'kasiyah90@example.org', 'dfo#5Cdt3ndE', 'Najib Usada', '1988-10-19', '+62 (485) 914-6697', 'profil/user81.jpg', FALSE);
INSERT IGNORE INTO Pengguna (id_pengguna, email, password, nama_lengkap, tgl_lahir, no_telp, foto_profil, is_penjual) VALUES (82, 'tprakasa@example.net', 's08cMUgX*Bh3', 'Unjani Zulaika', '2009-02-11', '+62 (047) 627 6393', 'profil/user82.jpg', FALSE);
INSERT IGNORE INTO Pengguna (id_pengguna, email, password, nama_lengkap, tgl_lahir, no_telp, foto_profil, is_penjual) VALUES (83, 'kamal42@example.com', 'F5v6&CsiG%i@', 'dr. Harja Hassanah, M.Farm', '2003-02-13', '+62-708-949-0167', 'profil/user83.jpg', FALSE);
INSERT IGNORE INTO Pengguna (id_pengguna, email, password, nama_lengkap, tgl_lahir, no_telp, foto_profil, is_penjual) VALUES (84, 'harjayasusanti@example.net', 'T_%8IXSdI7y3', 'Hasna Simbolon', '1960-03-19', '(092) 399 2601', 'profil/user84.jpg', FALSE);
INSERT IGNORE INTO Pengguna (id_pengguna, email, password, nama_lengkap, tgl_lahir, no_telp, foto_profil, is_penjual) VALUES (85, 'swinarno@example.org', 'y8&Rob1b@*y9', 'Salimah Kuswoyo', '1971-01-20', '(089) 488 7978', 'profil/user85.jpg', FALSE);
INSERT IGNORE INTO Pengguna (id_pengguna, email, password, nama_lengkap, tgl_lahir, no_telp, foto_profil, is_penjual) VALUES (86, 'panjipuspasari@example.com', '4k(DqUEjC$02', 'Intan Nurdiyanti', '1960-03-31', '+62 (000) 818-2884', 'profil/user86.jpg', FALSE);
INSERT IGNORE INTO Pengguna (id_pengguna, email, password, nama_lengkap, tgl_lahir, no_telp, foto_profil, is_penjual) VALUES (87, 'pwaskita@example.org', 'zKc2VyHqpZ*3', 'Cinthia Kusmawati', '1978-03-11', '088 805 3390', 'profil/user87.jpg', FALSE);
INSERT IGNORE INTO Pengguna (id_pengguna, email, password, nama_lengkap, tgl_lahir, no_telp, foto_profil, is_penjual) VALUES (88, 'candrafarida@example.org', 'D5VLtoAH!*8i', 'Drs. Hilda Wasita', '1960-11-10', '+62 (0229) 782-4998', 'profil/user88.jpg', FALSE);
INSERT IGNORE INTO Pengguna (id_pengguna, email, password, nama_lengkap, tgl_lahir, no_telp, foto_profil, is_penjual) VALUES (89, 'grahimah@example.org', 'x7sV7DJaHa*c', 'Hasim Putra', '1961-06-28', '+62 (007) 574 2718', 'profil/user89.jpg', FALSE);
INSERT IGNORE INTO Pengguna (id_pengguna, email, password, nama_lengkap, tgl_lahir, no_telp, foto_profil, is_penjual) VALUES (90, 'restunamaga@example.com', 'c*759rSfiO$m', 'Arta Prasasta', '1973-06-28', '+62 (0032) 956 3301', 'profil/user90.jpg', FALSE);
INSERT IGNORE INTO Pengguna (id_pengguna, email, password, nama_lengkap, tgl_lahir, no_telp, foto_profil, is_penjual) VALUES (91, 'agustinagaduh@example.com', '4e+&+y%2$2LX', 'Dalimin Habibi', '2000-02-25', '+62-003-036-4713', 'profil/user91.jpg', FALSE);
INSERT IGNORE INTO Pengguna (id_pengguna, email, password, nama_lengkap, tgl_lahir, no_telp, foto_profil, is_penjual) VALUES (92, 'hamima01@example.com', '^5$GjO^E8kMp', 'Safina Nasyidah', '1965-05-29', '+62-059-041-9031', 'profil/user92.jpg', FALSE);
INSERT IGNORE INTO Pengguna (id_pengguna, email, password, nama_lengkap, tgl_lahir, no_telp, foto_profil, is_penjual) VALUES (93, 'agus31@example.com', ')2CioW5dB#u9', 'Sutan Halim Widiastuti, S.Kom', '1990-11-28', '(088) 511 9747', 'profil/user93.jpg', FALSE);
INSERT IGNORE INTO Pengguna (id_pengguna, email, password, nama_lengkap, tgl_lahir, no_telp, foto_profil, is_penjual) VALUES (94, 'bahuwarnaharyanti@example.net', '@WtEOxkwFj04', 'Manah Zulaika', '1969-07-10', '+62 (0428) 227 2763', 'profil/user94.jpg', FALSE);
INSERT IGNORE INTO Pengguna (id_pengguna, email, password, nama_lengkap, tgl_lahir, no_telp, foto_profil, is_penjual) VALUES (95, 'ubudiman@example.org', 'xgdYXdcp%y1Y', 'Harsaya Rajasa, S.Pt', '1989-02-19', '+62 (154) 484-0526', 'profil/user95.jpg', FALSE);
INSERT IGNORE INTO Pengguna (id_pengguna, email, password, nama_lengkap, tgl_lahir, no_telp, foto_profil, is_penjual) VALUES (96, 'qrahmawati@example.net', 'f63@UHtlc_87', 'KH. Mulyono Hasanah, S.Kom', '1977-02-02', '+62-0073-839-4831', 'profil/user96.jpg', FALSE);
INSERT IGNORE INTO Pengguna (id_pengguna, email, password, nama_lengkap, tgl_lahir, no_telp, foto_profil, is_penjual) VALUES (97, 'purwantiasmianto@example.com', 'z#ECXr_ox!4N', 'Aurora Palastri', '1995-10-08', '+62 (283) 763-2884', 'profil/user97.jpg', FALSE);
INSERT IGNORE INTO Pengguna (id_pengguna, email, password, nama_lengkap, tgl_lahir, no_telp, foto_profil, is_penjual) VALUES (98, 'narjisihotang@example.net', 'Hh^VQRZw@r1A', 'Kasiyah Prakasa', '1975-04-08', '+62 (431) 679-4861', 'profil/user98.jpg', FALSE);
INSERT IGNORE INTO Pengguna (id_pengguna, email, password, nama_lengkap, tgl_lahir, no_telp, foto_profil, is_penjual) VALUES (99, 'nasyiahwawan@example.net', 'h5RW2A*u2(_+', 'Candra Santoso', '1993-10-31', '+62 (0606) 467 5942', 'profil/user99.jpg', FALSE);
INSERT IGNORE INTO Pengguna (id_pengguna, email, password, nama_lengkap, tgl_lahir, no_telp, foto_profil, is_penjual) VALUES (100, 'faridabahuwirya@example.org', '%_Bb_uEXu4JO', 'Tgk. Ayu Kusumo, S.Pt', '2006-03-12', '086 917 7519', 'profil/user100.jpg', FALSE);
INSERT IGNORE INTO Pengguna (id_pengguna, email, password, nama_lengkap, tgl_lahir, no_telp, foto_profil, is_penjual) VALUES (101, 'empluk69@example.com', 't)EyPGo9bq6+', 'Jabal Usamah', '2005-11-07', '+62-114-639-0061', 'profil/user101.jpg', FALSE);
INSERT IGNORE INTO Pengguna (id_pengguna, email, password, nama_lengkap, tgl_lahir, no_telp, foto_profil, is_penjual) VALUES (102, 'galih54@example.net', '9mWwoyBc*DHz', 'Kani Damanik', '1961-12-21', '(0608) 168 5464', 'profil/user102.jpg', FALSE);
INSERT IGNORE INTO Pengguna (id_pengguna, email, password, nama_lengkap, tgl_lahir, no_telp, foto_profil, is_penjual) VALUES (103, 'catur76@example.com', '&F1QFGUzUWZ^', 'Aisyah Melani', '1997-11-23', '+62 (0254) 219 3854', 'profil/user103.jpg', FALSE);
INSERT IGNORE INTO Pengguna (id_pengguna, email, password, nama_lengkap, tgl_lahir, no_telp, foto_profil, is_penjual) VALUES (104, 'praba17@example.net', 'YuaW#2LlPiET', 'Ir. Septi Maryati', '1999-09-28', '(002) 714-0375', 'profil/user104.jpg', FALSE);
INSERT IGNORE INTO Pengguna (id_pengguna, email, password, nama_lengkap, tgl_lahir, no_telp, foto_profil, is_penjual) VALUES (105, 'wijayantifathonah@example.net', '+ib0_Bg36jae', 'dr. Harsanto Adriansyah, S.Pd', '2000-12-22', '(0278) 423 3151', 'profil/user105.jpg', FALSE);
INSERT IGNORE INTO Pengguna (id_pengguna, email, password, nama_lengkap, tgl_lahir, no_telp, foto_profil, is_penjual) VALUES (106, 'ltampubolon@example.com', 'u+1dJ)hiGx96', 'Ir. Mulya Wijayanti, S.H.', '1956-03-03', '+62-343-555-8314', 'profil/user106.jpg', FALSE);
INSERT IGNORE INTO Pengguna (id_pengguna, email, password, nama_lengkap, tgl_lahir, no_telp, foto_profil, is_penjual) VALUES (107, 'azaleamegantara@example.net', '!r_zXqHm2qVn', 'Xanana Usada', '1999-10-28', '+62 (0781) 629-0926', 'profil/user107.jpg', FALSE);
INSERT IGNORE INTO Pengguna (id_pengguna, email, password, nama_lengkap, tgl_lahir, no_telp, foto_profil, is_penjual) VALUES (108, 'jumadiriyanti@example.net', '_2(n8@vDt!CR', 'Puti Lidya Pudjiastuti', '1971-09-09', '+62 (872) 134-1518', 'profil/user108.jpg', FALSE);
INSERT IGNORE INTO Pengguna (id_pengguna, email, password, nama_lengkap, tgl_lahir, no_telp, foto_profil, is_penjual) VALUES (109, 'oktowaluyo@example.com', 'fg#S6Nj+_!Ur', 'Drajat Kusumo', '1999-07-18', '+62 (516) 115 4381', 'profil/user109.jpg', FALSE);
INSERT IGNORE INTO Pengguna (id_pengguna, email, password, nama_lengkap, tgl_lahir, no_telp, foto_profil, is_penjual) VALUES (110, 'luluthartati@example.org', 'F*T*m46q%VuL', 'Ulva Wastuti', '1954-07-21', '+62 (12) 677 4995', 'profil/user110.jpg', FALSE);

-- Penjual
INSERT IGNORE INTO Penjual (id_penjual, id_pengguna, ktp, foto_diri, nama, is_verified) VALUES (1, 1, '3233021320985821', 'fotodiri/penjual1.jpg', 'CV Novitasari Wahyudin Store', TRUE);
INSERT IGNORE INTO Penjual (id_penjual, id_pengguna, ktp, foto_diri, nama, is_verified) VALUES (2, 2, '3939775585478701', 'fotodiri/penjual2.jpg', 'Perum Tampubolon Siregar Store', FALSE);
INSERT IGNORE INTO Penjual (id_penjual, id_pengguna, ktp, foto_diri, nama, is_verified) VALUES (3, 3, '3698750643729292', 'fotodiri/penjual3.jpg', 'PD Prasetyo Tbk Store', FALSE);
INSERT IGNORE INTO Penjual (id_penjual, id_pengguna, ktp, foto_diri, nama, is_verified) VALUES (4, 4, '3005657494779537', 'fotodiri/penjual4.jpg', 'PT Zulkarnain Store', FALSE);
INSERT IGNORE INTO Penjual (id_penjual, id_pengguna, ktp, foto_diri, nama, is_verified) VALUES (5, 5, '3979044599250040', 'fotodiri/penjual5.jpg', 'PD Firgantoro Store', FALSE);
INSERT IGNORE INTO Penjual (id_penjual, id_pengguna, ktp, foto_diri, nama, is_verified) VALUES (6, 6, '3887386960351490', 'fotodiri/penjual6.jpg', 'PD Pradipta Puspita (Persero) Tbk Store', FALSE);
INSERT IGNORE INTO Penjual (id_penjual, id_pengguna, ktp, foto_diri, nama, is_verified) VALUES (7, 7, '3169167646002232', 'fotodiri/penjual7.jpg', 'PD Hutapea Store', TRUE);
INSERT IGNORE INTO Penjual (id_penjual, id_pengguna, ktp, foto_diri, nama, is_verified) VALUES (8, 8, '3237381552625693', 'fotodiri/penjual8.jpg', 'Perum Usada Tbk Store', TRUE);
INSERT IGNORE INTO Penjual (id_penjual, id_pengguna, ktp, foto_diri, nama, is_verified) VALUES (9, 9, '3572932407863381', 'fotodiri/penjual9.jpg', 'Perum Hartati Tbk Store', TRUE);
INSERT IGNORE INTO Penjual (id_penjual, id_pengguna, ktp, foto_diri, nama, is_verified) VALUES (10, 10, '3665637402125956', 'fotodiri/penjual10.jpg', 'CV Novitasari (Persero) Tbk Store', FALSE);
INSERT IGNORE INTO Penjual (id_penjual, id_pengguna, ktp, foto_diri, nama, is_verified) VALUES (11, 11, '3166627977622893', 'fotodiri/penjual11.jpg', 'UD Narpati Tbk Store', FALSE);
INSERT IGNORE INTO Penjual (id_penjual, id_pengguna, ktp, foto_diri, nama, is_verified) VALUES (12, 12, '3879440966960467', 'fotodiri/penjual12.jpg', 'Perum Laksmiwati Tbk Store', FALSE);
INSERT IGNORE INTO Penjual (id_penjual, id_pengguna, ktp, foto_diri, nama, is_verified) VALUES (13, 13, '3735569904082749', 'fotodiri/penjual13.jpg', 'Perum Latupono Prasetya Tbk Store', TRUE);
INSERT IGNORE INTO Penjual (id_penjual, id_pengguna, ktp, foto_diri, nama, is_verified) VALUES (14, 14, '3188463890380321', 'fotodiri/penjual14.jpg', 'PD Wahyuni Mulyani Tbk Store', TRUE);
INSERT IGNORE INTO Penjual (id_penjual, id_pengguna, ktp, foto_diri, nama, is_verified) VALUES (15, 15, '3741952356979253', 'fotodiri/penjual15.jpg', 'CV Winarno Store', FALSE);
INSERT IGNORE INTO Penjual (id_penjual, id_pengguna, ktp, foto_diri, nama, is_verified) VALUES (16, 16, '3300702406224721', 'fotodiri/penjual16.jpg', 'CV Siregar Store', FALSE);
INSERT IGNORE INTO Penjual (id_penjual, id_pengguna, ktp, foto_diri, nama, is_verified) VALUES (17, 17, '3950209393011843', 'fotodiri/penjual17.jpg', 'Perum Suryono Prasetya (Persero) Tbk Store', FALSE);
INSERT IGNORE INTO Penjual (id_penjual, id_pengguna, ktp, foto_diri, nama, is_verified) VALUES (18, 18, '3066122179669168', 'fotodiri/penjual18.jpg', 'UD Winarsih Store', FALSE);
INSERT IGNORE INTO Penjual (id_penjual, id_pengguna, ktp, foto_diri, nama, is_verified) VALUES (19, 19, '3781820228849350', 'fotodiri/penjual19.jpg', 'PT Nasyiah Store', FALSE);
INSERT IGNORE INTO Penjual (id_penjual, id_pengguna, ktp, foto_diri, nama, is_verified) VALUES (20, 20, '3051443397928139', 'fotodiri/penjual20.jpg', 'Perum Nababan Tbk Store', FALSE);
INSERT IGNORE INTO Penjual (id_penjual, id_pengguna, ktp, foto_diri, nama, is_verified) VALUES (21, 21, '3795201011045181', 'fotodiri/penjual21.jpg', 'PT Saptono Store', FALSE);
INSERT IGNORE INTO Penjual (id_penjual, id_pengguna, ktp, foto_diri, nama, is_verified) VALUES (22, 22, '3211908668609568', 'fotodiri/penjual22.jpg', 'Perum Nugroho Store', FALSE);
INSERT IGNORE INTO Penjual (id_penjual, id_pengguna, ktp, foto_diri, nama, is_verified) VALUES (23, 23, '3864493405306038', 'fotodiri/penjual23.jpg', 'UD Firmansyah (Persero) Tbk Store', FALSE);
INSERT IGNORE INTO Penjual (id_penjual, id_pengguna, ktp, foto_diri, nama, is_verified) VALUES (24, 24, '3919553924317134', 'fotodiri/penjual24.jpg', 'UD Prastuti Store', TRUE);
INSERT IGNORE INTO Penjual (id_penjual, id_pengguna, ktp, foto_diri, nama, is_verified) VALUES (25, 25, '3956083908580300', 'fotodiri/penjual25.jpg', 'PT Saptono Pranowo Store', FALSE);
INSERT IGNORE INTO Penjual (id_penjual, id_pengguna, ktp, foto_diri, nama, is_verified) VALUES (26, 26, '3252079911062036', 'fotodiri/penjual26.jpg', 'PT Prasetya (Persero) Tbk Store', TRUE);
INSERT IGNORE INTO Penjual (id_penjual, id_pengguna, ktp, foto_diri, nama, is_verified) VALUES (27, 27, '3459939609191075', 'fotodiri/penjual27.jpg', 'Perum Samosir Store', FALSE);
INSERT IGNORE INTO Penjual (id_penjual, id_pengguna, ktp, foto_diri, nama, is_verified) VALUES (28, 28, '3697380203866099', 'fotodiri/penjual28.jpg', 'PD Wibisono (Persero) Tbk Store', TRUE);
INSERT IGNORE INTO Penjual (id_penjual, id_pengguna, ktp, foto_diri, nama, is_verified) VALUES (29, 29, '3174989960845749', 'fotodiri/penjual29.jpg', 'CV Fujiati Samosir Store', TRUE);
INSERT IGNORE INTO Penjual (id_penjual, id_pengguna, ktp, foto_diri, nama, is_verified) VALUES (30, 30, '3274954962345637', 'fotodiri/penjual30.jpg', 'PD Usamah Napitupulu Store', TRUE);
INSERT IGNORE INTO Penjual (id_penjual, id_pengguna, ktp, foto_diri, nama, is_verified) VALUES (31, 31, '3379278358532360', 'fotodiri/penjual31.jpg', 'CV Lazuardi Ramadan Store', FALSE);
INSERT IGNORE INTO Penjual (id_penjual, id_pengguna, ktp, foto_diri, nama, is_verified) VALUES (32, 32, '3802239964211609', 'fotodiri/penjual32.jpg', 'CV Mansur Setiawan Store', FALSE);
INSERT IGNORE INTO Penjual (id_penjual, id_pengguna, ktp, foto_diri, nama, is_verified) VALUES (33, 33, '3376408885411631', 'fotodiri/penjual33.jpg', 'PT Wijayanti Usamah (Persero) Tbk Store', TRUE);
INSERT IGNORE INTO Penjual (id_penjual, id_pengguna, ktp, foto_diri, nama, is_verified) VALUES (34, 34, '3648672905330703', 'fotodiri/penjual34.jpg', 'Perum Utama Store', TRUE);
INSERT IGNORE INTO Penjual (id_penjual, id_pengguna, ktp, foto_diri, nama, is_verified) VALUES (35, 35, '3923783846751340', 'fotodiri/penjual35.jpg', 'PT Simbolon Store', FALSE);
INSERT IGNORE INTO Penjual (id_penjual, id_pengguna, ktp, foto_diri, nama, is_verified) VALUES (36, 36, '3188784067840579', 'fotodiri/penjual36.jpg', 'CV Hariyah Firmansyah Tbk Store', TRUE);
INSERT IGNORE INTO Penjual (id_penjual, id_pengguna, ktp, foto_diri, nama, is_verified) VALUES (37, 37, '3471591477386347', 'fotodiri/penjual37.jpg', 'PD Rahimah Winarsih Store', TRUE);
INSERT IGNORE INTO Penjual (id_penjual, id_pengguna, ktp, foto_diri, nama, is_verified) VALUES (38, 38, '3779880893499485', 'fotodiri/penjual38.jpg', 'UD Nuraini Store', TRUE);
INSERT IGNORE INTO Penjual (id_penjual, id_pengguna, ktp, foto_diri, nama, is_verified) VALUES (39, 39, '3951900568056979', 'fotodiri/penjual39.jpg', 'PD Sitompul Store', TRUE);
INSERT IGNORE INTO Penjual (id_penjual, id_pengguna, ktp, foto_diri, nama, is_verified) VALUES (40, 40, '3346898529256807', 'fotodiri/penjual40.jpg', 'CV Kusumo Utama Store', FALSE);
INSERT IGNORE INTO Penjual (id_penjual, id_pengguna, ktp, foto_diri, nama, is_verified) VALUES (41, 41, '3298053723152967', 'fotodiri/penjual41.jpg', 'CV Uwais (Persero) Tbk Store', TRUE);
INSERT IGNORE INTO Penjual (id_penjual, id_pengguna, ktp, foto_diri, nama, is_verified) VALUES (42, 42, '3880994036429753', 'fotodiri/penjual42.jpg', 'PT Wastuti Tbk Store', FALSE);
INSERT IGNORE INTO Penjual (id_penjual, id_pengguna, ktp, foto_diri, nama, is_verified) VALUES (43, 43, '3370866493596994', 'fotodiri/penjual43.jpg', 'PD Prasasta Store', FALSE);
INSERT IGNORE INTO Penjual (id_penjual, id_pengguna, ktp, foto_diri, nama, is_verified) VALUES (44, 44, '3062907776492830', 'fotodiri/penjual44.jpg', 'CV Rahimah Firmansyah Store', TRUE);
INSERT IGNORE INTO Penjual (id_penjual, id_pengguna, ktp, foto_diri, nama, is_verified) VALUES (45, 45, '3775629620002029', 'fotodiri/penjual45.jpg', 'Perum Situmorang Kuswoyo (Persero) Tbk Store', FALSE);
INSERT IGNORE INTO Penjual (id_penjual, id_pengguna, ktp, foto_diri, nama, is_verified) VALUES (46, 46, '3571463735721469', 'fotodiri/penjual46.jpg', 'Perum Pratiwi Tbk Store', TRUE);
INSERT IGNORE INTO Penjual (id_penjual, id_pengguna, ktp, foto_diri, nama, is_verified) VALUES (47, 47, '3992393652696503', 'fotodiri/penjual47.jpg', 'PD Suryono Napitupulu Store', TRUE);
INSERT IGNORE INTO Penjual (id_penjual, id_pengguna, ktp, foto_diri, nama, is_verified) VALUES (48, 48, '3335575571697858', 'fotodiri/penjual48.jpg', 'Perum Usamah Irawan Store', FALSE);
INSERT IGNORE INTO Penjual (id_penjual, id_pengguna, ktp, foto_diri, nama, is_verified) VALUES (49, 49, '3112361380690300', 'fotodiri/penjual49.jpg', 'PD Nurdiyanti Pertiwi Tbk Store', FALSE);
INSERT IGNORE INTO Penjual (id_penjual, id_pengguna, ktp, foto_diri, nama, is_verified) VALUES (50, 50, '3328786609713142', 'fotodiri/penjual50.jpg', 'PD Hutagalung Tbk Store', TRUE);

-- Pembeli
INSERT IGNORE INTO Pembeli (id_pembeli, id_pengguna) VALUES (1, 51);
INSERT IGNORE INTO Pembeli (id_pembeli, id_pengguna) VALUES (2, 52);
INSERT IGNORE INTO Pembeli (id_pembeli, id_pengguna) VALUES (3, 53);
INSERT IGNORE INTO Pembeli (id_pembeli, id_pengguna) VALUES (4, 54);
INSERT IGNORE INTO Pembeli (id_pembeli, id_pengguna) VALUES (5, 55);
INSERT IGNORE INTO Pembeli (id_pembeli, id_pengguna) VALUES (6, 56);
INSERT IGNORE INTO Pembeli (id_pembeli, id_pengguna) VALUES (7, 57);
INSERT IGNORE INTO Pembeli (id_pembeli, id_pengguna) VALUES (8, 58);
INSERT IGNORE INTO Pembeli (id_pembeli, id_pengguna) VALUES (9, 59);
INSERT IGNORE INTO Pembeli (id_pembeli, id_pengguna) VALUES (10, 60);
INSERT IGNORE INTO Pembeli (id_pembeli, id_pengguna) VALUES (11, 61);
INSERT IGNORE INTO Pembeli (id_pembeli, id_pengguna) VALUES (12, 62);
INSERT IGNORE INTO Pembeli (id_pembeli, id_pengguna) VALUES (13, 63);
INSERT IGNORE INTO Pembeli (id_pembeli, id_pengguna) VALUES (14, 64);
INSERT IGNORE INTO Pembeli (id_pembeli, id_pengguna) VALUES (15, 65);
INSERT IGNORE INTO Pembeli (id_pembeli, id_pengguna) VALUES (16, 66);
INSERT IGNORE INTO Pembeli (id_pembeli, id_pengguna) VALUES (17, 67);
INSERT IGNORE INTO Pembeli (id_pembeli, id_pengguna) VALUES (18, 68);
INSERT IGNORE INTO Pembeli (id_pembeli, id_pengguna) VALUES (19, 69);
INSERT IGNORE INTO Pembeli (id_pembeli, id_pengguna) VALUES (20, 70);
INSERT IGNORE INTO Pembeli (id_pembeli, id_pengguna) VALUES (21, 71);
INSERT IGNORE INTO Pembeli (id_pembeli, id_pengguna) VALUES (22, 72);
INSERT IGNORE INTO Pembeli (id_pembeli, id_pengguna) VALUES (23, 73);
INSERT IGNORE INTO Pembeli (id_pembeli, id_pengguna) VALUES (24, 74);
INSERT IGNORE INTO Pembeli (id_pembeli, id_pengguna) VALUES (25, 75);
INSERT IGNORE INTO Pembeli (id_pembeli, id_pengguna) VALUES (26, 76);
INSERT IGNORE INTO Pembeli (id_pembeli, id_pengguna) VALUES (27, 77);
INSERT IGNORE INTO Pembeli (id_pembeli, id_pengguna) VALUES (28, 78);
INSERT IGNORE INTO Pembeli (id_pembeli, id_pengguna) VALUES (29, 79);
INSERT IGNORE INTO Pembeli (id_pembeli, id_pengguna) VALUES (30, 80);
INSERT IGNORE INTO Pembeli (id_pembeli, id_pengguna) VALUES (31, 81);
INSERT IGNORE INTO Pembeli (id_pembeli, id_pengguna) VALUES (32, 82);
INSERT IGNORE INTO Pembeli (id_pembeli, id_pengguna) VALUES (33, 83);
INSERT IGNORE INTO Pembeli (id_pembeli, id_pengguna) VALUES (34, 84);
INSERT IGNORE INTO Pembeli (id_pembeli, id_pengguna) VALUES (35, 85);
INSERT IGNORE INTO Pembeli (id_pembeli, id_pengguna) VALUES (36, 86);
INSERT IGNORE INTO Pembeli (id_pembeli, id_pengguna) VALUES (37, 87);
INSERT IGNORE INTO Pembeli (id_pembeli, id_pengguna) VALUES (38, 88);
INSERT IGNORE INTO Pembeli (id_pembeli, id_pengguna) VALUES (39, 89);
INSERT IGNORE INTO Pembeli (id_pembeli, id_pengguna) VALUES (40, 90);
INSERT IGNORE INTO Pembeli (id_pembeli, id_pengguna) VALUES (41, 91);
INSERT IGNORE INTO Pembeli (id_pembeli, id_pengguna) VALUES (42, 92);
INSERT IGNORE INTO Pembeli (id_pembeli, id_pengguna) VALUES (43, 93);
INSERT IGNORE INTO Pembeli (id_pembeli, id_pengguna) VALUES (44, 94);
INSERT IGNORE INTO Pembeli (id_pembeli, id_pengguna) VALUES (45, 95);
INSERT IGNORE INTO Pembeli (id_pembeli, id_pengguna) VALUES (46, 96);
INSERT IGNORE INTO Pembeli (id_pembeli, id_pengguna) VALUES (47, 97);
INSERT IGNORE INTO Pembeli (id_pembeli, id_pengguna) VALUES (48, 98);
INSERT IGNORE INTO Pembeli (id_pembeli, id_pengguna) VALUES (49, 99);
INSERT IGNORE INTO Pembeli (id_pembeli, id_pengguna) VALUES (50, 100);
INSERT IGNORE INTO Pembeli (id_pembeli, id_pengguna) VALUES (51, 101);
INSERT IGNORE INTO Pembeli (id_pembeli, id_pengguna) VALUES (52, 102);
INSERT IGNORE INTO Pembeli (id_pembeli, id_pengguna) VALUES (53, 103);
INSERT IGNORE INTO Pembeli (id_pembeli, id_pengguna) VALUES (54, 104);
INSERT IGNORE INTO Pembeli (id_pembeli, id_pengguna) VALUES (55, 105);
INSERT IGNORE INTO Pembeli (id_pembeli, id_pengguna) VALUES (56, 106);
INSERT IGNORE INTO Pembeli (id_pembeli, id_pengguna) VALUES (57, 107);
INSERT IGNORE INTO Pembeli (id_pembeli, id_pengguna) VALUES (58, 108);
INSERT IGNORE INTO Pembeli (id_pembeli, id_pengguna) VALUES (59, 109);
INSERT IGNORE INTO Pembeli (id_pembeli, id_pengguna) VALUES (60, 110);

-- AlamatPembeli
INSERT IGNORE INTO AlamatPembeli (id_alamat_pembeli, id_pembeli, id_alamat) VALUES (1, 1, 35);
INSERT IGNORE INTO AlamatPembeli (id_alamat_pembeli, id_pembeli, id_alamat) VALUES (2, 1, 85);
INSERT IGNORE INTO AlamatPembeli (id_alamat_pembeli, id_pembeli, id_alamat) VALUES (3, 1, 13);
INSERT IGNORE INTO AlamatPembeli (id_alamat_pembeli, id_pembeli, id_alamat) VALUES (4, 2, 21);
INSERT IGNORE INTO AlamatPembeli (id_alamat_pembeli, id_pembeli, id_alamat) VALUES (5, 3, 20);
INSERT IGNORE INTO AlamatPembeli (id_alamat_pembeli, id_pembeli, id_alamat) VALUES (6, 3, 92);
INSERT IGNORE INTO AlamatPembeli (id_alamat_pembeli, id_pembeli, id_alamat) VALUES (7, 4, 53);
INSERT IGNORE INTO AlamatPembeli (id_alamat_pembeli, id_pembeli, id_alamat) VALUES (8, 4, 83);
INSERT IGNORE INTO AlamatPembeli (id_alamat_pembeli, id_pembeli, id_alamat) VALUES (9, 5, 13);
INSERT IGNORE INTO AlamatPembeli (id_alamat_pembeli, id_pembeli, id_alamat) VALUES (10, 5, 6);
INSERT IGNORE INTO AlamatPembeli (id_alamat_pembeli, id_pembeli, id_alamat) VALUES (11, 6, 92);
INSERT IGNORE INTO AlamatPembeli (id_alamat_pembeli, id_pembeli, id_alamat) VALUES (12, 6, 61);
INSERT IGNORE INTO AlamatPembeli (id_alamat_pembeli, id_pembeli, id_alamat) VALUES (13, 7, 88);
INSERT IGNORE INTO AlamatPembeli (id_alamat_pembeli, id_pembeli, id_alamat) VALUES (14, 7, 55);
INSERT IGNORE INTO AlamatPembeli (id_alamat_pembeli, id_pembeli, id_alamat) VALUES (15, 8, 26);
INSERT IGNORE INTO AlamatPembeli (id_alamat_pembeli, id_pembeli, id_alamat) VALUES (16, 8, 44);
INSERT IGNORE INTO AlamatPembeli (id_alamat_pembeli, id_pembeli, id_alamat) VALUES (17, 8, 14);
INSERT IGNORE INTO AlamatPembeli (id_alamat_pembeli, id_pembeli, id_alamat) VALUES (18, 9, 45);
INSERT IGNORE INTO AlamatPembeli (id_alamat_pembeli, id_pembeli, id_alamat) VALUES (19, 10, 74);
INSERT IGNORE INTO AlamatPembeli (id_alamat_pembeli, id_pembeli, id_alamat) VALUES (20, 10, 99);
INSERT IGNORE INTO AlamatPembeli (id_alamat_pembeli, id_pembeli, id_alamat) VALUES (21, 10, 79);
INSERT IGNORE INTO AlamatPembeli (id_alamat_pembeli, id_pembeli, id_alamat) VALUES (22, 11, 41);
INSERT IGNORE INTO AlamatPembeli (id_alamat_pembeli, id_pembeli, id_alamat) VALUES (23, 11, 47);
INSERT IGNORE INTO AlamatPembeli (id_alamat_pembeli, id_pembeli, id_alamat) VALUES (24, 11, 34);
INSERT IGNORE INTO AlamatPembeli (id_alamat_pembeli, id_pembeli, id_alamat) VALUES (25, 12, 69);
INSERT IGNORE INTO AlamatPembeli (id_alamat_pembeli, id_pembeli, id_alamat) VALUES (26, 13, 50);
INSERT IGNORE INTO AlamatPembeli (id_alamat_pembeli, id_pembeli, id_alamat) VALUES (27, 13, 9);
INSERT IGNORE INTO AlamatPembeli (id_alamat_pembeli, id_pembeli, id_alamat) VALUES (28, 13, 8);
INSERT IGNORE INTO AlamatPembeli (id_alamat_pembeli, id_pembeli, id_alamat) VALUES (29, 14, 26);
INSERT IGNORE INTO AlamatPembeli (id_alamat_pembeli, id_pembeli, id_alamat) VALUES (30, 14, 55);
INSERT IGNORE INTO AlamatPembeli (id_alamat_pembeli, id_pembeli, id_alamat) VALUES (31, 15, 35);
INSERT IGNORE INTO AlamatPembeli (id_alamat_pembeli, id_pembeli, id_alamat) VALUES (32, 16, 62);
INSERT IGNORE INTO AlamatPembeli (id_alamat_pembeli, id_pembeli, id_alamat) VALUES (33, 16, 13);
INSERT IGNORE INTO AlamatPembeli (id_alamat_pembeli, id_pembeli, id_alamat) VALUES (34, 16, 61);
INSERT IGNORE INTO AlamatPembeli (id_alamat_pembeli, id_pembeli, id_alamat) VALUES (35, 17, 74);
INSERT IGNORE INTO AlamatPembeli (id_alamat_pembeli, id_pembeli, id_alamat) VALUES (36, 18, 74);
INSERT IGNORE INTO AlamatPembeli (id_alamat_pembeli, id_pembeli, id_alamat) VALUES (37, 18, 20);
INSERT IGNORE INTO AlamatPembeli (id_alamat_pembeli, id_pembeli, id_alamat) VALUES (38, 18, 40);
INSERT IGNORE INTO AlamatPembeli (id_alamat_pembeli, id_pembeli, id_alamat) VALUES (39, 19, 48);
INSERT IGNORE INTO AlamatPembeli (id_alamat_pembeli, id_pembeli, id_alamat) VALUES (40, 19, 18);
INSERT IGNORE INTO AlamatPembeli (id_alamat_pembeli, id_pembeli, id_alamat) VALUES (41, 20, 28);
INSERT IGNORE INTO AlamatPembeli (id_alamat_pembeli, id_pembeli, id_alamat) VALUES (42, 21, 95);
INSERT IGNORE INTO AlamatPembeli (id_alamat_pembeli, id_pembeli, id_alamat) VALUES (43, 21, 76);
INSERT IGNORE INTO AlamatPembeli (id_alamat_pembeli, id_pembeli, id_alamat) VALUES (44, 22, 48);
INSERT IGNORE INTO AlamatPembeli (id_alamat_pembeli, id_pembeli, id_alamat) VALUES (45, 22, 26);
INSERT IGNORE INTO AlamatPembeli (id_alamat_pembeli, id_pembeli, id_alamat) VALUES (46, 22, 73);
INSERT IGNORE INTO AlamatPembeli (id_alamat_pembeli, id_pembeli, id_alamat) VALUES (47, 23, 53);
INSERT IGNORE INTO AlamatPembeli (id_alamat_pembeli, id_pembeli, id_alamat) VALUES (48, 23, 86);
INSERT IGNORE INTO AlamatPembeli (id_alamat_pembeli, id_pembeli, id_alamat) VALUES (49, 23, 48);
INSERT IGNORE INTO AlamatPembeli (id_alamat_pembeli, id_pembeli, id_alamat) VALUES (50, 24, 37);
INSERT IGNORE INTO AlamatPembeli (id_alamat_pembeli, id_pembeli, id_alamat) VALUES (51, 24, 2);
INSERT IGNORE INTO AlamatPembeli (id_alamat_pembeli, id_pembeli, id_alamat) VALUES (52, 24, 6);
INSERT IGNORE INTO AlamatPembeli (id_alamat_pembeli, id_pembeli, id_alamat) VALUES (53, 25, 68);
INSERT IGNORE INTO AlamatPembeli (id_alamat_pembeli, id_pembeli, id_alamat) VALUES (54, 25, 8);
INSERT IGNORE INTO AlamatPembeli (id_alamat_pembeli, id_pembeli, id_alamat) VALUES (55, 26, 100);
INSERT IGNORE INTO AlamatPembeli (id_alamat_pembeli, id_pembeli, id_alamat) VALUES (56, 27, 90);
INSERT IGNORE INTO AlamatPembeli (id_alamat_pembeli, id_pembeli, id_alamat) VALUES (57, 28, 14);
INSERT IGNORE INTO AlamatPembeli (id_alamat_pembeli, id_pembeli, id_alamat) VALUES (58, 28, 41);
INSERT IGNORE INTO AlamatPembeli (id_alamat_pembeli, id_pembeli, id_alamat) VALUES (59, 29, 66);
INSERT IGNORE INTO AlamatPembeli (id_alamat_pembeli, id_pembeli, id_alamat) VALUES (60, 30, 20);
INSERT IGNORE INTO AlamatPembeli (id_alamat_pembeli, id_pembeli, id_alamat) VALUES (61, 30, 46);
INSERT IGNORE INTO AlamatPembeli (id_alamat_pembeli, id_pembeli, id_alamat) VALUES (62, 30, 62);
INSERT IGNORE INTO AlamatPembeli (id_alamat_pembeli, id_pembeli, id_alamat) VALUES (63, 31, 81);
INSERT IGNORE INTO AlamatPembeli (id_alamat_pembeli, id_pembeli, id_alamat) VALUES (64, 32, 39);
INSERT IGNORE INTO AlamatPembeli (id_alamat_pembeli, id_pembeli, id_alamat) VALUES (65, 33, 55);
INSERT IGNORE INTO AlamatPembeli (id_alamat_pembeli, id_pembeli, id_alamat) VALUES (66, 33, 79);
INSERT IGNORE INTO AlamatPembeli (id_alamat_pembeli, id_pembeli, id_alamat) VALUES (67, 33, 24);
INSERT IGNORE INTO AlamatPembeli (id_alamat_pembeli, id_pembeli, id_alamat) VALUES (68, 34, 44);
INSERT IGNORE INTO AlamatPembeli (id_alamat_pembeli, id_pembeli, id_alamat) VALUES (69, 34, 73);
INSERT IGNORE INTO AlamatPembeli (id_alamat_pembeli, id_pembeli, id_alamat) VALUES (70, 35, 100);
INSERT IGNORE INTO AlamatPembeli (id_alamat_pembeli, id_pembeli, id_alamat) VALUES (71, 35, 26);
INSERT IGNORE INTO AlamatPembeli (id_alamat_pembeli, id_pembeli, id_alamat) VALUES (72, 35, 96);
INSERT IGNORE INTO AlamatPembeli (id_alamat_pembeli, id_pembeli, id_alamat) VALUES (73, 36, 21);
INSERT IGNORE INTO AlamatPembeli (id_alamat_pembeli, id_pembeli, id_alamat) VALUES (74, 36, 13);
INSERT IGNORE INTO AlamatPembeli (id_alamat_pembeli, id_pembeli, id_alamat) VALUES (75, 37, 37);
INSERT IGNORE INTO AlamatPembeli (id_alamat_pembeli, id_pembeli, id_alamat) VALUES (76, 37, 95);
INSERT IGNORE INTO AlamatPembeli (id_alamat_pembeli, id_pembeli, id_alamat) VALUES (77, 38, 59);
INSERT IGNORE INTO AlamatPembeli (id_alamat_pembeli, id_pembeli, id_alamat) VALUES (78, 38, 26);
INSERT IGNORE INTO AlamatPembeli (id_alamat_pembeli, id_pembeli, id_alamat) VALUES (79, 39, 38);
INSERT IGNORE INTO AlamatPembeli (id_alamat_pembeli, id_pembeli, id_alamat) VALUES (80, 39, 53);
INSERT IGNORE INTO AlamatPembeli (id_alamat_pembeli, id_pembeli, id_alamat) VALUES (81, 40, 89);
INSERT IGNORE INTO AlamatPembeli (id_alamat_pembeli, id_pembeli, id_alamat) VALUES (82, 40, 9);
INSERT IGNORE INTO AlamatPembeli (id_alamat_pembeli, id_pembeli, id_alamat) VALUES (83, 41, 27);
INSERT IGNORE INTO AlamatPembeli (id_alamat_pembeli, id_pembeli, id_alamat) VALUES (84, 42, 71);
INSERT IGNORE INTO AlamatPembeli (id_alamat_pembeli, id_pembeli, id_alamat) VALUES (85, 42, 46);
INSERT IGNORE INTO AlamatPembeli (id_alamat_pembeli, id_pembeli, id_alamat) VALUES (86, 43, 11);
INSERT IGNORE INTO AlamatPembeli (id_alamat_pembeli, id_pembeli, id_alamat) VALUES (87, 43, 4);
INSERT IGNORE INTO AlamatPembeli (id_alamat_pembeli, id_pembeli, id_alamat) VALUES (88, 43, 2);
INSERT IGNORE INTO AlamatPembeli (id_alamat_pembeli, id_pembeli, id_alamat) VALUES (89, 44, 44);
INSERT IGNORE INTO AlamatPembeli (id_alamat_pembeli, id_pembeli, id_alamat) VALUES (90, 44, 80);
INSERT IGNORE INTO AlamatPembeli (id_alamat_pembeli, id_pembeli, id_alamat) VALUES (91, 44, 78);
INSERT IGNORE INTO AlamatPembeli (id_alamat_pembeli, id_pembeli, id_alamat) VALUES (92, 45, 82);
INSERT IGNORE INTO AlamatPembeli (id_alamat_pembeli, id_pembeli, id_alamat) VALUES (93, 45, 23);
INSERT IGNORE INTO AlamatPembeli (id_alamat_pembeli, id_pembeli, id_alamat) VALUES (94, 45, 57);
INSERT IGNORE INTO AlamatPembeli (id_alamat_pembeli, id_pembeli, id_alamat) VALUES (95, 46, 68);
INSERT IGNORE INTO AlamatPembeli (id_alamat_pembeli, id_pembeli, id_alamat) VALUES (96, 46, 16);
INSERT IGNORE INTO AlamatPembeli (id_alamat_pembeli, id_pembeli, id_alamat) VALUES (97, 47, 22);
INSERT IGNORE INTO AlamatPembeli (id_alamat_pembeli, id_pembeli, id_alamat) VALUES (98, 47, 12);
INSERT IGNORE INTO AlamatPembeli (id_alamat_pembeli, id_pembeli, id_alamat) VALUES (99, 48, 7);
INSERT IGNORE INTO AlamatPembeli (id_alamat_pembeli, id_pembeli, id_alamat) VALUES (100, 48, 3);
INSERT IGNORE INTO AlamatPembeli (id_alamat_pembeli, id_pembeli, id_alamat) VALUES (101, 49, 94);
INSERT IGNORE INTO AlamatPembeli (id_alamat_pembeli, id_pembeli, id_alamat) VALUES (102, 49, 88);
INSERT IGNORE INTO AlamatPembeli (id_alamat_pembeli, id_pembeli, id_alamat) VALUES (103, 49, 81);
INSERT IGNORE INTO AlamatPembeli (id_alamat_pembeli, id_pembeli, id_alamat) VALUES (104, 50, 50);
INSERT IGNORE INTO AlamatPembeli (id_alamat_pembeli, id_pembeli, id_alamat) VALUES (105, 50, 63);
INSERT IGNORE INTO AlamatPembeli (id_alamat_pembeli, id_pembeli, id_alamat) VALUES (106, 51, 97);
INSERT IGNORE INTO AlamatPembeli (id_alamat_pembeli, id_pembeli, id_alamat) VALUES (107, 51, 29);
INSERT IGNORE INTO AlamatPembeli (id_alamat_pembeli, id_pembeli, id_alamat) VALUES (108, 52, 10);
INSERT IGNORE INTO AlamatPembeli (id_alamat_pembeli, id_pembeli, id_alamat) VALUES (109, 53, 99);
INSERT IGNORE INTO AlamatPembeli (id_alamat_pembeli, id_pembeli, id_alamat) VALUES (110, 53, 30);
INSERT IGNORE INTO AlamatPembeli (id_alamat_pembeli, id_pembeli, id_alamat) VALUES (111, 54, 61);
INSERT IGNORE INTO AlamatPembeli (id_alamat_pembeli, id_pembeli, id_alamat) VALUES (112, 55, 98);
INSERT IGNORE INTO AlamatPembeli (id_alamat_pembeli, id_pembeli, id_alamat) VALUES (113, 55, 100);
INSERT IGNORE INTO AlamatPembeli (id_alamat_pembeli, id_pembeli, id_alamat) VALUES (114, 56, 13);
INSERT IGNORE INTO AlamatPembeli (id_alamat_pembeli, id_pembeli, id_alamat) VALUES (115, 56, 80);
INSERT IGNORE INTO AlamatPembeli (id_alamat_pembeli, id_pembeli, id_alamat) VALUES (116, 56, 6);
INSERT IGNORE INTO AlamatPembeli (id_alamat_pembeli, id_pembeli, id_alamat) VALUES (117, 57, 37);
INSERT IGNORE INTO AlamatPembeli (id_alamat_pembeli, id_pembeli, id_alamat) VALUES (118, 58, 24);
INSERT IGNORE INTO AlamatPembeli (id_alamat_pembeli, id_pembeli, id_alamat) VALUES (119, 58, 23);
INSERT IGNORE INTO AlamatPembeli (id_alamat_pembeli, id_pembeli, id_alamat) VALUES (120, 58, 39);
INSERT IGNORE INTO AlamatPembeli (id_alamat_pembeli, id_pembeli, id_alamat) VALUES (121, 59, 44);
INSERT IGNORE INTO AlamatPembeli (id_alamat_pembeli, id_pembeli, id_alamat) VALUES (122, 59, 92);
INSERT IGNORE INTO AlamatPembeli (id_alamat_pembeli, id_pembeli, id_alamat) VALUES (123, 59, 18);
INSERT IGNORE INTO AlamatPembeli (id_alamat_pembeli, id_pembeli, id_alamat) VALUES (124, 60, 86);
INSERT IGNORE INTO AlamatPembeli (id_alamat_pembeli, id_pembeli, id_alamat) VALUES (125, 60, 41);
INSERT IGNORE INTO AlamatPembeli (id_alamat_pembeli, id_pembeli, id_alamat) VALUES (126, 60, 45);

-- AlamatDefault
INSERT IGNORE INTO AlamatDefault (id_alamat_pembeli, is_default) VALUES (2, TRUE);
INSERT IGNORE INTO AlamatDefault (id_alamat_pembeli, is_default) VALUES (4, TRUE);
INSERT IGNORE INTO AlamatDefault (id_alamat_pembeli, is_default) VALUES (6, TRUE);
INSERT IGNORE INTO AlamatDefault (id_alamat_pembeli, is_default) VALUES (8, TRUE);
INSERT IGNORE INTO AlamatDefault (id_alamat_pembeli, is_default) VALUES (10, TRUE);
INSERT IGNORE INTO AlamatDefault (id_alamat_pembeli, is_default) VALUES (12, TRUE);
INSERT IGNORE INTO AlamatDefault (id_alamat_pembeli, is_default) VALUES (14, TRUE);
INSERT IGNORE INTO AlamatDefault (id_alamat_pembeli, is_default) VALUES (16, TRUE);
INSERT IGNORE INTO AlamatDefault (id_alamat_pembeli, is_default) VALUES (18, TRUE);
INSERT IGNORE INTO AlamatDefault (id_alamat_pembeli, is_default) VALUES (20, TRUE);
INSERT IGNORE INTO AlamatDefault (id_alamat_pembeli, is_default) VALUES (24, TRUE);
INSERT IGNORE INTO AlamatDefault (id_alamat_pembeli, is_default) VALUES (25, TRUE);
INSERT IGNORE INTO AlamatDefault (id_alamat_pembeli, is_default) VALUES (28, TRUE);
INSERT IGNORE INTO AlamatDefault (id_alamat_pembeli, is_default) VALUES (30, TRUE);
INSERT IGNORE INTO AlamatDefault (id_alamat_pembeli, is_default) VALUES (31, TRUE);
INSERT IGNORE INTO AlamatDefault (id_alamat_pembeli, is_default) VALUES (32, TRUE);
INSERT IGNORE INTO AlamatDefault (id_alamat_pembeli, is_default) VALUES (35, TRUE);
INSERT IGNORE INTO AlamatDefault (id_alamat_pembeli, is_default) VALUES (38, TRUE);
INSERT IGNORE INTO AlamatDefault (id_alamat_pembeli, is_default) VALUES (40, TRUE);
INSERT IGNORE INTO AlamatDefault (id_alamat_pembeli, is_default) VALUES (41, TRUE);
INSERT IGNORE INTO AlamatDefault (id_alamat_pembeli, is_default) VALUES (43, TRUE);
INSERT IGNORE INTO AlamatDefault (id_alamat_pembeli, is_default) VALUES (44, TRUE);
INSERT IGNORE INTO AlamatDefault (id_alamat_pembeli, is_default) VALUES (48, TRUE);
INSERT IGNORE INTO AlamatDefault (id_alamat_pembeli, is_default) VALUES (51, TRUE);
INSERT IGNORE INTO AlamatDefault (id_alamat_pembeli, is_default) VALUES (53, TRUE);
INSERT IGNORE INTO AlamatDefault (id_alamat_pembeli, is_default) VALUES (55, TRUE);
INSERT IGNORE INTO AlamatDefault (id_alamat_pembeli, is_default) VALUES (56, TRUE);
INSERT IGNORE INTO AlamatDefault (id_alamat_pembeli, is_default) VALUES (57, TRUE);
INSERT IGNORE INTO AlamatDefault (id_alamat_pembeli, is_default) VALUES (59, TRUE);
INSERT IGNORE INTO AlamatDefault (id_alamat_pembeli, is_default) VALUES (60, TRUE);
INSERT IGNORE INTO AlamatDefault (id_alamat_pembeli, is_default) VALUES (63, TRUE);
INSERT IGNORE INTO AlamatDefault (id_alamat_pembeli, is_default) VALUES (64, TRUE);
INSERT IGNORE INTO AlamatDefault (id_alamat_pembeli, is_default) VALUES (67, TRUE);
INSERT IGNORE INTO AlamatDefault (id_alamat_pembeli, is_default) VALUES (69, TRUE);
INSERT IGNORE INTO AlamatDefault (id_alamat_pembeli, is_default) VALUES (71, TRUE);
INSERT IGNORE INTO AlamatDefault (id_alamat_pembeli, is_default) VALUES (74, TRUE);
INSERT IGNORE INTO AlamatDefault (id_alamat_pembeli, is_default) VALUES (76, TRUE);
INSERT IGNORE INTO AlamatDefault (id_alamat_pembeli, is_default) VALUES (77, TRUE);
INSERT IGNORE INTO AlamatDefault (id_alamat_pembeli, is_default) VALUES (80, TRUE);
INSERT IGNORE INTO AlamatDefault (id_alamat_pembeli, is_default) VALUES (82, TRUE);
INSERT IGNORE INTO AlamatDefault (id_alamat_pembeli, is_default) VALUES (83, TRUE);
INSERT IGNORE INTO AlamatDefault (id_alamat_pembeli, is_default) VALUES (85, TRUE);
INSERT IGNORE INTO AlamatDefault (id_alamat_pembeli, is_default) VALUES (86, TRUE);
INSERT IGNORE INTO AlamatDefault (id_alamat_pembeli, is_default) VALUES (90, TRUE);
INSERT IGNORE INTO AlamatDefault (id_alamat_pembeli, is_default) VALUES (92, TRUE);
INSERT IGNORE INTO AlamatDefault (id_alamat_pembeli, is_default) VALUES (96, TRUE);
INSERT IGNORE INTO AlamatDefault (id_alamat_pembeli, is_default) VALUES (98, TRUE);
INSERT IGNORE INTO AlamatDefault (id_alamat_pembeli, is_default) VALUES (99, TRUE);
INSERT IGNORE INTO AlamatDefault (id_alamat_pembeli, is_default) VALUES (103, TRUE);
INSERT IGNORE INTO AlamatDefault (id_alamat_pembeli, is_default) VALUES (104, TRUE);
INSERT IGNORE INTO AlamatDefault (id_alamat_pembeli, is_default) VALUES (107, TRUE);
INSERT IGNORE INTO AlamatDefault (id_alamat_pembeli, is_default) VALUES (108, TRUE);
INSERT IGNORE INTO AlamatDefault (id_alamat_pembeli, is_default) VALUES (110, TRUE);
INSERT IGNORE INTO AlamatDefault (id_alamat_pembeli, is_default) VALUES (111, TRUE);
INSERT IGNORE INTO AlamatDefault (id_alamat_pembeli, is_default) VALUES (113, TRUE);
INSERT IGNORE INTO AlamatDefault (id_alamat_pembeli, is_default) VALUES (114, TRUE);
INSERT IGNORE INTO AlamatDefault (id_alamat_pembeli, is_default) VALUES (117, TRUE);
INSERT IGNORE INTO AlamatDefault (id_alamat_pembeli, is_default) VALUES (118, TRUE);
INSERT IGNORE INTO AlamatDefault (id_alamat_pembeli, is_default) VALUES (123, TRUE);
INSERT IGNORE INTO AlamatDefault (id_alamat_pembeli, is_default) VALUES (124, TRUE);

-- Keranjang
INSERT IGNORE INTO Keranjang (id_keranjang, id_pembeli) VALUES (1, 1);
INSERT IGNORE INTO Keranjang (id_keranjang, id_pembeli) VALUES (2, 2);
INSERT IGNORE INTO Keranjang (id_keranjang, id_pembeli) VALUES (3, 3);
INSERT IGNORE INTO Keranjang (id_keranjang, id_pembeli) VALUES (4, 4);
INSERT IGNORE INTO Keranjang (id_keranjang, id_pembeli) VALUES (5, 5);
INSERT IGNORE INTO Keranjang (id_keranjang, id_pembeli) VALUES (6, 6);
INSERT IGNORE INTO Keranjang (id_keranjang, id_pembeli) VALUES (7, 7);
INSERT IGNORE INTO Keranjang (id_keranjang, id_pembeli) VALUES (8, 8);
INSERT IGNORE INTO Keranjang (id_keranjang, id_pembeli) VALUES (9, 9);
INSERT IGNORE INTO Keranjang (id_keranjang, id_pembeli) VALUES (10, 10);
INSERT IGNORE INTO Keranjang (id_keranjang, id_pembeli) VALUES (11, 11);
INSERT IGNORE INTO Keranjang (id_keranjang, id_pembeli) VALUES (12, 12);
INSERT IGNORE INTO Keranjang (id_keranjang, id_pembeli) VALUES (13, 13);
INSERT IGNORE INTO Keranjang (id_keranjang, id_pembeli) VALUES (14, 14);
INSERT IGNORE INTO Keranjang (id_keranjang, id_pembeli) VALUES (15, 15);
INSERT IGNORE INTO Keranjang (id_keranjang, id_pembeli) VALUES (16, 16);
INSERT IGNORE INTO Keranjang (id_keranjang, id_pembeli) VALUES (17, 17);
INSERT IGNORE INTO Keranjang (id_keranjang, id_pembeli) VALUES (18, 18);
INSERT IGNORE INTO Keranjang (id_keranjang, id_pembeli) VALUES (19, 19);
INSERT IGNORE INTO Keranjang (id_keranjang, id_pembeli) VALUES (20, 20);
INSERT IGNORE INTO Keranjang (id_keranjang, id_pembeli) VALUES (21, 21);
INSERT IGNORE INTO Keranjang (id_keranjang, id_pembeli) VALUES (22, 22);
INSERT IGNORE INTO Keranjang (id_keranjang, id_pembeli) VALUES (23, 23);
INSERT IGNORE INTO Keranjang (id_keranjang, id_pembeli) VALUES (24, 24);
INSERT IGNORE INTO Keranjang (id_keranjang, id_pembeli) VALUES (25, 25);
INSERT IGNORE INTO Keranjang (id_keranjang, id_pembeli) VALUES (26, 26);
INSERT IGNORE INTO Keranjang (id_keranjang, id_pembeli) VALUES (27, 27);
INSERT IGNORE INTO Keranjang (id_keranjang, id_pembeli) VALUES (28, 28);
INSERT IGNORE INTO Keranjang (id_keranjang, id_pembeli) VALUES (29, 29);
INSERT IGNORE INTO Keranjang (id_keranjang, id_pembeli) VALUES (30, 30);
INSERT IGNORE INTO Keranjang (id_keranjang, id_pembeli) VALUES (31, 31);
INSERT IGNORE INTO Keranjang (id_keranjang, id_pembeli) VALUES (32, 32);
INSERT IGNORE INTO Keranjang (id_keranjang, id_pembeli) VALUES (33, 33);
INSERT IGNORE INTO Keranjang (id_keranjang, id_pembeli) VALUES (34, 34);
INSERT IGNORE INTO Keranjang (id_keranjang, id_pembeli) VALUES (35, 35);
INSERT IGNORE INTO Keranjang (id_keranjang, id_pembeli) VALUES (36, 36);
INSERT IGNORE INTO Keranjang (id_keranjang, id_pembeli) VALUES (37, 37);
INSERT IGNORE INTO Keranjang (id_keranjang, id_pembeli) VALUES (38, 38);
INSERT IGNORE INTO Keranjang (id_keranjang, id_pembeli) VALUES (39, 39);
INSERT IGNORE INTO Keranjang (id_keranjang, id_pembeli) VALUES (40, 40);
INSERT IGNORE INTO Keranjang (id_keranjang, id_pembeli) VALUES (41, 41);
INSERT IGNORE INTO Keranjang (id_keranjang, id_pembeli) VALUES (42, 42);
INSERT IGNORE INTO Keranjang (id_keranjang, id_pembeli) VALUES (43, 43);
INSERT IGNORE INTO Keranjang (id_keranjang, id_pembeli) VALUES (44, 44);
INSERT IGNORE INTO Keranjang (id_keranjang, id_pembeli) VALUES (45, 45);
INSERT IGNORE INTO Keranjang (id_keranjang, id_pembeli) VALUES (46, 46);
INSERT IGNORE INTO Keranjang (id_keranjang, id_pembeli) VALUES (47, 47);
INSERT IGNORE INTO Keranjang (id_keranjang, id_pembeli) VALUES (48, 48);
INSERT IGNORE INTO Keranjang (id_keranjang, id_pembeli) VALUES (49, 49);
INSERT IGNORE INTO Keranjang (id_keranjang, id_pembeli) VALUES (50, 50);
INSERT IGNORE INTO Keranjang (id_keranjang, id_pembeli) VALUES (51, 51);
INSERT IGNORE INTO Keranjang (id_keranjang, id_pembeli) VALUES (52, 52);
INSERT IGNORE INTO Keranjang (id_keranjang, id_pembeli) VALUES (53, 53);
INSERT IGNORE INTO Keranjang (id_keranjang, id_pembeli) VALUES (54, 54);
INSERT IGNORE INTO Keranjang (id_keranjang, id_pembeli) VALUES (55, 55);
INSERT IGNORE INTO Keranjang (id_keranjang, id_pembeli) VALUES (56, 56);
INSERT IGNORE INTO Keranjang (id_keranjang, id_pembeli) VALUES (57, 57);
INSERT IGNORE INTO Keranjang (id_keranjang, id_pembeli) VALUES (58, 58);
INSERT IGNORE INTO Keranjang (id_keranjang, id_pembeli) VALUES (59, 59);
INSERT IGNORE INTO Keranjang (id_keranjang, id_pembeli) VALUES (60, 60);

-- AtributVarian
INSERT IGNORE INTO AtributVarian (atribut_varian, nama) VALUES ('WARNA', 'Warna');
INSERT IGNORE INTO AtributVarian (atribut_varian, nama) VALUES ('UKURAN', 'Ukuran');
INSERT IGNORE INTO AtributVarian (atribut_varian, nama) VALUES ('MATERIAL', 'Material');
INSERT IGNORE INTO AtributVarian (atribut_varian, nama) VALUES ('RAM', 'RAM');
INSERT IGNORE INTO AtributVarian (atribut_varian, nama) VALUES ('STORAGE_INTERNAL', 'Penyimpanan Internal');
INSERT IGNORE INTO AtributVarian (atribut_varian, nama) VALUES ('JENIS_KAIN', 'Jenis Kain');
INSERT IGNORE INTO AtributVarian (atribut_varian, nama) VALUES ('RESOLUSI_LAYAR', 'Resolusi Layar');

-- Produk, VarianProduk, ProdukVarianAtribut
INSERT IGNORE INTO Produk (id_produk, id_penjual, nama, deskripsi) VALUES (1, 3, 'Empower Collaborative Convergence Serbaguna', 'Iusto quae ex ipsa nemo nihil. Consequuntur possimus facere odit dicta nisi expedita velit.');
INSERT IGNORE INTO VarianProduk (sku, id_produk, harga, stok) VALUES ('SKU000001', 1, 675702.61, 124);
INSERT IGNORE INTO ProdukVarianAtribut (id_produk, atribut_varian, sku, nilai) VALUES (1, 'STORAGE_INTERNAL', 'SKU000001', '1TB');
INSERT IGNORE INTO ProdukVarianAtribut (id_produk, atribut_varian, sku, nilai) VALUES (1, 'WARNA', 'SKU000001', 'Merah bata');
INSERT IGNORE INTO ProdukVarianAtribut (id_produk, atribut_varian, sku, nilai) VALUES (1, 'JENIS_KAIN', 'SKU000001', 'Satin');
INSERT IGNORE INTO VarianProduk (sku, id_produk, harga, stok) VALUES ('SKU000002', 1, 704830.89, 9);
INSERT IGNORE INTO ProdukVarianAtribut (id_produk, atribut_varian, sku, nilai) VALUES (1, 'WARNA', 'SKU000002', 'Merah');
INSERT IGNORE INTO Produk (id_produk, id_penjual, nama, deskripsi) VALUES (2, 33, 'Drive Visionary E-Commerce Modern', 'Nobis consequatur natus vero architecto. Odit animi veritatis perferendis.');
INSERT IGNORE INTO VarianProduk (sku, id_produk, harga, stok) VALUES ('SKU000003', 2, 1725264.58, 47);
INSERT IGNORE INTO ProdukVarianAtribut (id_produk, atribut_varian, sku, nilai) VALUES (2, 'RAM', 'SKU000003', '4GB');
INSERT IGNORE INTO ProdukVarianAtribut (id_produk, atribut_varian, sku, nilai) VALUES (2, 'UKURAN', 'SKU000003', '41');
INSERT IGNORE INTO ProdukVarianAtribut (id_produk, atribut_varian, sku, nilai) VALUES (2, 'RESOLUSI_LAYAR', 'SKU000003', 'HD');
INSERT IGNORE INTO VarianProduk (sku, id_produk, harga, stok) VALUES ('SKU000004', 2, 2600240.99, 40);
INSERT IGNORE INTO ProdukVarianAtribut (id_produk, atribut_varian, sku, nilai) VALUES (2, 'JENIS_KAIN', 'SKU000004', 'Flanel');
INSERT IGNORE INTO VarianProduk (sku, id_produk, harga, stok) VALUES ('SKU000005', 2, 208227.98, 70);
INSERT IGNORE INTO ProdukVarianAtribut (id_produk, atribut_varian, sku, nilai) VALUES (2, 'JENIS_KAIN', 'SKU000005', 'Denim');
INSERT IGNORE INTO ProdukVarianAtribut (id_produk, atribut_varian, sku, nilai) VALUES (2, 'STORAGE_INTERNAL', 'SKU000005', '64GB');
INSERT IGNORE INTO Produk (id_produk, id_penjual, nama, deskripsi) VALUES (3, 15, 'E-Enable 24/365 Portals Edisi Terbatas', 'Dignissimos nobis accusantium iste sit recusandae iste. Praesentium quidem sunt corrupti nesciunt doloremque.');
INSERT IGNORE INTO VarianProduk (sku, id_produk, harga, stok) VALUES ('SKU000006', 3, 1397794.79, 145);
INSERT IGNORE INTO ProdukVarianAtribut (id_produk, atribut_varian, sku, nilai) VALUES (3, 'RAM', 'SKU000006', '8GB');
INSERT IGNORE INTO ProdukVarianAtribut (id_produk, atribut_varian, sku, nilai) VALUES (3, 'MATERIAL', 'SKU000006', 'Kanvas Tebal');
INSERT IGNORE INTO VarianProduk (sku, id_produk, harga, stok) VALUES ('SKU000007', 3, 1363645.15, 57);
INSERT IGNORE INTO ProdukVarianAtribut (id_produk, atribut_varian, sku, nilai) VALUES (3, 'JENIS_KAIN', 'SKU000007', 'Flanel');
INSERT IGNORE INTO ProdukVarianAtribut (id_produk, atribut_varian, sku, nilai) VALUES (3, 'WARNA', 'SKU000007', 'Hitam');
INSERT IGNORE INTO ProdukVarianAtribut (id_produk, atribut_varian, sku, nilai) VALUES (3, 'UKURAN', 'SKU000007', '40');
INSERT IGNORE INTO VarianProduk (sku, id_produk, harga, stok) VALUES ('SKU000008', 3, 565331.61, 147);
INSERT IGNORE INTO ProdukVarianAtribut (id_produk, atribut_varian, sku, nilai) VALUES (3, 'UKURAN', 'SKU000008', '40');
INSERT IGNORE INTO Produk (id_produk, id_penjual, nama, deskripsi) VALUES (4, 50, 'Reinvent Customized Deliverables Serbaguna', 'Dignissimos quaerat debitis quae.');
INSERT IGNORE INTO VarianProduk (sku, id_produk, harga, stok) VALUES ('SKU000009', 4, 41725.97, 82);
INSERT IGNORE INTO ProdukVarianAtribut (id_produk, atribut_varian, sku, nilai) VALUES (4, 'RESOLUSI_LAYAR', 'SKU000009', 'HD');
INSERT IGNORE INTO ProdukVarianAtribut (id_produk, atribut_varian, sku, nilai) VALUES (4, 'STORAGE_INTERNAL', 'SKU000009', '128GB');
INSERT IGNORE INTO VarianProduk (sku, id_produk, harga, stok) VALUES ('SKU000010', 4, 1368152.93, 16);
INSERT IGNORE INTO ProdukVarianAtribut (id_produk, atribut_varian, sku, nilai) VALUES (4, 'RAM', 'SKU000010', '8GB');
INSERT IGNORE INTO ProdukVarianAtribut (id_produk, atribut_varian, sku, nilai) VALUES (4, 'WARNA', 'SKU000010', 'Merah marun');
INSERT IGNORE INTO VarianProduk (sku, id_produk, harga, stok) VALUES ('SKU000011', 4, 224105.68, 66);
INSERT IGNORE INTO ProdukVarianAtribut (id_produk, atribut_varian, sku, nilai) VALUES (4, 'MATERIAL', 'SKU000011', 'Kanvas Tebal');
INSERT IGNORE INTO Produk (id_produk, id_penjual, nama, deskripsi) VALUES (5, 43, 'Empower Synergistic Interfaces Modern', 'Occaecati vero provident explicabo voluptatem dolor tempore repellat.');
INSERT IGNORE INTO VarianProduk (sku, id_produk, harga, stok) VALUES ('SKU000012', 5, 964478.42, 69);
INSERT IGNORE INTO ProdukVarianAtribut (id_produk, atribut_varian, sku, nilai) VALUES (5, 'STORAGE_INTERNAL', 'SKU000012', '128GB');
INSERT IGNORE INTO ProdukVarianAtribut (id_produk, atribut_varian, sku, nilai) VALUES (5, 'MATERIAL', 'SKU000012', 'Plastik ABS Food Grade');
INSERT IGNORE INTO ProdukVarianAtribut (id_produk, atribut_varian, sku, nilai) VALUES (5, 'UKURAN', 'SKU000012', 'L');
INSERT IGNORE INTO Produk (id_produk, id_penjual, nama, deskripsi) VALUES (6, 2, 'Productize Synergistic Partnerships Premium', 'Ex laborum harum mollitia quam consequatur fugiat exercitationem. Rem iste fugiat eveniet consequuntur accusantium voluptatem quia.');
INSERT IGNORE INTO VarianProduk (sku, id_produk, harga, stok) VALUES ('SKU000013', 6, 310850.19, 101);
INSERT IGNORE INTO ProdukVarianAtribut (id_produk, atribut_varian, sku, nilai) VALUES (6, 'RAM', 'SKU000013', '32GB');
INSERT IGNORE INTO VarianProduk (sku, id_produk, harga, stok) VALUES ('SKU000014', 6, 520849.38, 7);
INSERT IGNORE INTO ProdukVarianAtribut (id_produk, atribut_varian, sku, nilai) VALUES (6, 'WARNA', 'SKU000014', 'Emas');
INSERT IGNORE INTO VarianProduk (sku, id_produk, harga, stok) VALUES ('SKU000015', 6, 99410.77, 68);
INSERT IGNORE INTO ProdukVarianAtribut (id_produk, atribut_varian, sku, nilai) VALUES (6, 'RESOLUSI_LAYAR', 'SKU000015', 'FHD');
INSERT IGNORE INTO ProdukVarianAtribut (id_produk, atribut_varian, sku, nilai) VALUES (6, 'MATERIAL', 'SKU000015', 'Katun Combed 30s');
INSERT IGNORE INTO ProdukVarianAtribut (id_produk, atribut_varian, sku, nilai) VALUES (6, 'WARNA', 'SKU000015', 'Hijau');
INSERT IGNORE INTO Produk (id_produk, id_penjual, nama, deskripsi) VALUES (7, 44, 'Expedite Visionary Bandwidth Serbaguna', 'Id at illum pariatur temporibus quae. Eaque nulla ducimus exercitationem. Mollitia optio consectetur modi unde ut dolorem eaque.');
INSERT IGNORE INTO VarianProduk (sku, id_produk, harga, stok) VALUES ('SKU000016', 7, 1399431.53, 69);
INSERT IGNORE INTO ProdukVarianAtribut (id_produk, atribut_varian, sku, nilai) VALUES (7, 'RESOLUSI_LAYAR', 'SKU000016', '4K');
INSERT IGNORE INTO ProdukVarianAtribut (id_produk, atribut_varian, sku, nilai) VALUES (7, 'WARNA', 'SKU000016', 'Magenta');
INSERT IGNORE INTO ProdukVarianAtribut (id_produk, atribut_varian, sku, nilai) VALUES (7, 'MATERIAL', 'SKU000016', 'Plastik ABS Food Grade');
INSERT IGNORE INTO VarianProduk (sku, id_produk, harga, stok) VALUES ('SKU000017', 7, 1705978.67, 64);
INSERT IGNORE INTO ProdukVarianAtribut (id_produk, atribut_varian, sku, nilai) VALUES (7, 'JENIS_KAIN', 'SKU000017', 'Satin');
INSERT IGNORE INTO ProdukVarianAtribut (id_produk, atribut_varian, sku, nilai) VALUES (7, 'MATERIAL', 'SKU000017', 'Kanvas Tebal');
INSERT IGNORE INTO ProdukVarianAtribut (id_produk, atribut_varian, sku, nilai) VALUES (7, 'RAM', 'SKU000017', '32GB');
INSERT IGNORE INTO VarianProduk (sku, id_produk, harga, stok) VALUES ('SKU000018', 7, 658240.83, 130);
INSERT IGNORE INTO ProdukVarianAtribut (id_produk, atribut_varian, sku, nilai) VALUES (7, 'UKURAN', 'SKU000018', '40');
INSERT IGNORE INTO ProdukVarianAtribut (id_produk, atribut_varian, sku, nilai) VALUES (7, 'RAM', 'SKU000018', '12GB');
INSERT IGNORE INTO Produk (id_produk, id_penjual, nama, deskripsi) VALUES (8, 3, 'Monetize Mission-Critical E-Commerce Modern', 'In porro veniam tempore. Vel sapiente officia quasi. Quidem cum dolore quisquam dicta at quod dolores.');
INSERT IGNORE INTO VarianProduk (sku, id_produk, harga, stok) VALUES ('SKU000019', 8, 76360.73, 125);
INSERT IGNORE INTO ProdukVarianAtribut (id_produk, atribut_varian, sku, nilai) VALUES (8, 'WARNA', 'SKU000019', 'Koral');
INSERT IGNORE INTO VarianProduk (sku, id_produk, harga, stok) VALUES ('SKU000020', 8, 179291.51, 32);
INSERT IGNORE INTO ProdukVarianAtribut (id_produk, atribut_varian, sku, nilai) VALUES (8, 'MATERIAL', 'SKU000020', 'Kulit Sintetis PU');
INSERT IGNORE INTO ProdukVarianAtribut (id_produk, atribut_varian, sku, nilai) VALUES (8, 'RESOLUSI_LAYAR', 'SKU000020', 'HD');
INSERT IGNORE INTO VarianProduk (sku, id_produk, harga, stok) VALUES ('SKU000021', 8, 2913133.61, 26);
INSERT IGNORE INTO ProdukVarianAtribut (id_produk, atribut_varian, sku, nilai) VALUES (8, 'JENIS_KAIN', 'SKU000021', 'Rayon');
INSERT IGNORE INTO Produk (id_produk, id_penjual, nama, deskripsi) VALUES (9, 31, 'Architect Proactive Web Services Edisi Terbatas', 'At assumenda cum non tempore fugiat soluta. Asperiores enim nostrum dicta nisi unde.');
INSERT IGNORE INTO VarianProduk (sku, id_produk, harga, stok) VALUES ('SKU000022', 9, 2941893.88, 93);
INSERT IGNORE INTO ProdukVarianAtribut (id_produk, atribut_varian, sku, nilai) VALUES (9, 'JENIS_KAIN', 'SKU000022', 'Satin');
INSERT IGNORE INTO ProdukVarianAtribut (id_produk, atribut_varian, sku, nilai) VALUES (9, 'MATERIAL', 'SKU000022', 'Kanvas Tebal');
INSERT IGNORE INTO VarianProduk (sku, id_produk, harga, stok) VALUES ('SKU000023', 9, 1710923.31, 6);
INSERT IGNORE INTO ProdukVarianAtribut (id_produk, atribut_varian, sku, nilai) VALUES (9, 'RAM', 'SKU000023', '8GB');
INSERT IGNORE INTO VarianProduk (sku, id_produk, harga, stok) VALUES ('SKU000024', 9, 1947899.12, 96);
INSERT IGNORE INTO ProdukVarianAtribut (id_produk, atribut_varian, sku, nilai) VALUES (9, 'JENIS_KAIN', 'SKU000024', 'Denim');
INSERT IGNORE INTO ProdukVarianAtribut (id_produk, atribut_varian, sku, nilai) VALUES (9, 'WARNA', 'SKU000024', 'Coklat tua');
INSERT IGNORE INTO ProdukVarianAtribut (id_produk, atribut_varian, sku, nilai) VALUES (9, 'RESOLUSI_LAYAR', 'SKU000024', '4K');
INSERT IGNORE INTO Produk (id_produk, id_penjual, nama, deskripsi) VALUES (10, 23, 'Grow Bleeding-Edge Models Edisi Terbatas', 'Corrupti in magni impedit aperiam dolores. Consectetur voluptatibus magni aut voluptates illum in. Reiciendis alias culpa impedit.');
INSERT IGNORE INTO VarianProduk (sku, id_produk, harga, stok) VALUES ('SKU000025', 10, 1759033.2, 33);
INSERT IGNORE INTO ProdukVarianAtribut (id_produk, atribut_varian, sku, nilai) VALUES (10, 'JENIS_KAIN', 'SKU000025', 'Satin');
INSERT IGNORE INTO ProdukVarianAtribut (id_produk, atribut_varian, sku, nilai) VALUES (10, 'STORAGE_INTERNAL', 'SKU000025', '128GB');
INSERT IGNORE INTO ProdukVarianAtribut (id_produk, atribut_varian, sku, nilai) VALUES (10, 'RESOLUSI_LAYAR', 'SKU000025', 'FHD');
INSERT IGNORE INTO Produk (id_produk, id_penjual, nama, deskripsi) VALUES (11, 12, 'Redefine Scalable Systems Edisi Terbatas', 'Quam officiis ad expedita libero. Est possimus neque officiis dolor officiis qui excepturi. Perspiciatis dolor deserunt rem facere at iure. Voluptatem tempora sed molestiae corporis reprehenderit recusandae aliquid.');
INSERT IGNORE INTO VarianProduk (sku, id_produk, harga, stok) VALUES ('SKU000026', 11, 769063.26, 136);
INSERT IGNORE INTO ProdukVarianAtribut (id_produk, atribut_varian, sku, nilai) VALUES (11, 'WARNA', 'SKU000026', 'Biru');
INSERT IGNORE INTO VarianProduk (sku, id_produk, harga, stok) VALUES ('SKU000027', 11, 2305640.38, 35);
INSERT IGNORE INTO ProdukVarianAtribut (id_produk, atribut_varian, sku, nilai) VALUES (11, 'RESOLUSI_LAYAR', 'SKU000027', '4K');
INSERT IGNORE INTO ProdukVarianAtribut (id_produk, atribut_varian, sku, nilai) VALUES (11, 'JENIS_KAIN', 'SKU000027', 'Satin');
INSERT IGNORE INTO Produk (id_produk, id_penjual, nama, deskripsi) VALUES (12, 49, 'Extend Impactful Paradigms Premium', 'Vitae culpa ad. Aliquid corporis id tempore iusto dicta. Harum sint nobis.');
INSERT IGNORE INTO VarianProduk (sku, id_produk, harga, stok) VALUES ('SKU000028', 12, 2482614.73, 39);
INSERT IGNORE INTO ProdukVarianAtribut (id_produk, atribut_varian, sku, nilai) VALUES (12, 'RAM', 'SKU000028', '32GB');
INSERT IGNORE INTO ProdukVarianAtribut (id_produk, atribut_varian, sku, nilai) VALUES (12, 'WARNA', 'SKU000028', 'Hijau');
INSERT IGNORE INTO ProdukVarianAtribut (id_produk, atribut_varian, sku, nilai) VALUES (12, 'UKURAN', 'SKU000028', 'XL');
INSERT IGNORE INTO VarianProduk (sku, id_produk, harga, stok) VALUES ('SKU000029', 12, 1437247.37, 106);
INSERT IGNORE INTO ProdukVarianAtribut (id_produk, atribut_varian, sku, nilai) VALUES (12, 'MATERIAL', 'SKU000029', 'Katun Combed 30s');
INSERT IGNORE INTO ProdukVarianAtribut (id_produk, atribut_varian, sku, nilai) VALUES (12, 'STORAGE_INTERNAL', 'SKU000029', '256GB');
INSERT IGNORE INTO ProdukVarianAtribut (id_produk, atribut_varian, sku, nilai) VALUES (12, 'WARNA', 'SKU000029', 'Merah marun');
INSERT IGNORE INTO VarianProduk (sku, id_produk, harga, stok) VALUES ('SKU000030', 12, 544016.72, 87);
INSERT IGNORE INTO ProdukVarianAtribut (id_produk, atribut_varian, sku, nilai) VALUES (12, 'WARNA', 'SKU000030', 'Hijau');
INSERT IGNORE INTO ProdukVarianAtribut (id_produk, atribut_varian, sku, nilai) VALUES (12, 'RESOLUSI_LAYAR', 'SKU000030', 'HD');
INSERT IGNORE INTO Produk (id_produk, id_penjual, nama, deskripsi) VALUES (13, 15, 'Incentivize Back-End Channels Edisi Terbatas', 'Cupiditate nemo consequuntur nihil.');
INSERT IGNORE INTO VarianProduk (sku, id_produk, harga, stok) VALUES ('SKU000031', 13, 2334946.46, 5);
INSERT IGNORE INTO ProdukVarianAtribut (id_produk, atribut_varian, sku, nilai) VALUES (13, 'WARNA', 'SKU000031', 'Biru laut');
INSERT IGNORE INTO ProdukVarianAtribut (id_produk, atribut_varian, sku, nilai) VALUES (13, 'STORAGE_INTERNAL', 'SKU000031', '128GB');
INSERT IGNORE INTO ProdukVarianAtribut (id_produk, atribut_varian, sku, nilai) VALUES (13, 'RESOLUSI_LAYAR', 'SKU000031', '4K');
INSERT IGNORE INTO Produk (id_produk, id_penjual, nama, deskripsi) VALUES (14, 29, 'Syndicate Value-Added Networks Modern', 'Ea labore iusto incidunt provident nesciunt. Necessitatibus aliquid accusantium nisi architecto.');
INSERT IGNORE INTO VarianProduk (sku, id_produk, harga, stok) VALUES ('SKU000032', 14, 1487352.78, 75);
INSERT IGNORE INTO ProdukVarianAtribut (id_produk, atribut_varian, sku, nilai) VALUES (14, 'RAM', 'SKU000032', '16GB');
INSERT IGNORE INTO VarianProduk (sku, id_produk, harga, stok) VALUES ('SKU000033', 14, 2242122.66, 82);
INSERT IGNORE INTO ProdukVarianAtribut (id_produk, atribut_varian, sku, nilai) VALUES (14, 'STORAGE_INTERNAL', 'SKU000033', '1TB');
INSERT IGNORE INTO Produk (id_produk, id_penjual, nama, deskripsi) VALUES (15, 2, 'Harness Granular Communities Premium', 'Tempore occaecati minus expedita officiis qui atque. Libero minus vitae architecto explicabo ab debitis. Porro quis ea optio architecto eveniet. Explicabo laudantium minima sit laborum. In voluptatum rerum commodi quas consectetur.');
INSERT IGNORE INTO VarianProduk (sku, id_produk, harga, stok) VALUES ('SKU000034', 15, 1337547.69, 133);
INSERT IGNORE INTO ProdukVarianAtribut (id_produk, atribut_varian, sku, nilai) VALUES (15, 'RAM', 'SKU000034', '12GB');
INSERT IGNORE INTO ProdukVarianAtribut (id_produk, atribut_varian, sku, nilai) VALUES (15, 'STORAGE_INTERNAL', 'SKU000034', '128GB');
INSERT IGNORE INTO ProdukVarianAtribut (id_produk, atribut_varian, sku, nilai) VALUES (15, 'RESOLUSI_LAYAR', 'SKU000034', 'FHD');
INSERT IGNORE INTO VarianProduk (sku, id_produk, harga, stok) VALUES ('SKU000035', 15, 530679.11, 33);
INSERT IGNORE INTO ProdukVarianAtribut (id_produk, atribut_varian, sku, nilai) VALUES (15, 'JENIS_KAIN', 'SKU000035', 'Rayon');
INSERT IGNORE INTO ProdukVarianAtribut (id_produk, atribut_varian, sku, nilai) VALUES (15, 'WARNA', 'SKU000035', 'Kuning');
INSERT IGNORE INTO VarianProduk (sku, id_produk, harga, stok) VALUES ('SKU000036', 15, 863196.61, 23);
INSERT IGNORE INTO ProdukVarianAtribut (id_produk, atribut_varian, sku, nilai) VALUES (15, 'JENIS_KAIN', 'SKU000036', 'Denim');
INSERT IGNORE INTO ProdukVarianAtribut (id_produk, atribut_varian, sku, nilai) VALUES (15, 'RAM', 'SKU000036', '32GB');
INSERT IGNORE INTO ProdukVarianAtribut (id_produk, atribut_varian, sku, nilai) VALUES (15, 'STORAGE_INTERNAL', 'SKU000036', '1TB');
INSERT IGNORE INTO Produk (id_produk, id_penjual, nama, deskripsi) VALUES (16, 33, 'Evolve Customized E-Tailers Edisi Terbatas', 'Neque minima nulla a autem laudantium. Error rerum veritatis qui tempora dolores.');
INSERT IGNORE INTO VarianProduk (sku, id_produk, harga, stok) VALUES ('SKU000037', 16, 12236.14, 144);
INSERT IGNORE INTO ProdukVarianAtribut (id_produk, atribut_varian, sku, nilai) VALUES (16, 'MATERIAL', 'SKU000037', 'Kanvas Tebal');
INSERT IGNORE INTO ProdukVarianAtribut (id_produk, atribut_varian, sku, nilai) VALUES (16, 'JENIS_KAIN', 'SKU000037', 'Flanel');
INSERT IGNORE INTO ProdukVarianAtribut (id_produk, atribut_varian, sku, nilai) VALUES (16, 'WARNA', 'SKU000037', 'Biru');
INSERT IGNORE INTO Produk (id_produk, id_penjual, nama, deskripsi) VALUES (17, 15, 'Reinvent Intuitive Content Modern', 'Labore porro rem rem recusandae. Magnam aperiam unde praesentium ex suscipit. Est maxime maiores consequuntur. Quibusdam laborum reiciendis numquam.');
INSERT IGNORE INTO VarianProduk (sku, id_produk, harga, stok) VALUES ('SKU000038', 17, 84638.1, 35);
INSERT IGNORE INTO ProdukVarianAtribut (id_produk, atribut_varian, sku, nilai) VALUES (17, 'WARNA', 'SKU000038', 'Perak');
INSERT IGNORE INTO ProdukVarianAtribut (id_produk, atribut_varian, sku, nilai) VALUES (17, 'UKURAN', 'SKU000038', '42');
INSERT IGNORE INTO ProdukVarianAtribut (id_produk, atribut_varian, sku, nilai) VALUES (17, 'RAM', 'SKU000038', '12GB');
INSERT IGNORE INTO VarianProduk (sku, id_produk, harga, stok) VALUES ('SKU000039', 17, 1468997.09, 112);
INSERT IGNORE INTO ProdukVarianAtribut (id_produk, atribut_varian, sku, nilai) VALUES (17, 'RAM', 'SKU000039', '32GB');
INSERT IGNORE INTO VarianProduk (sku, id_produk, harga, stok) VALUES ('SKU000040', 17, 488991.58, 108);
INSERT IGNORE INTO ProdukVarianAtribut (id_produk, atribut_varian, sku, nilai) VALUES (17, 'JENIS_KAIN', 'SKU000040', 'Denim');
INSERT IGNORE INTO ProdukVarianAtribut (id_produk, atribut_varian, sku, nilai) VALUES (17, 'UKURAN', 'SKU000040', '39');
INSERT IGNORE INTO Produk (id_produk, id_penjual, nama, deskripsi) VALUES (18, 28, 'Envisioneer Integrated Users Premium', 'Tempora error minima cupiditate laborum in. Tempora hic occaecati. Hic id modi harum earum sed veniam.');
INSERT IGNORE INTO VarianProduk (sku, id_produk, harga, stok) VALUES ('SKU000041', 18, 1244959.15, 46);
INSERT IGNORE INTO ProdukVarianAtribut (id_produk, atribut_varian, sku, nilai) VALUES (18, 'RAM', 'SKU000041', '32GB');
INSERT IGNORE INTO VarianProduk (sku, id_produk, harga, stok) VALUES ('SKU000042', 18, 2728008.0, 112);
INSERT IGNORE INTO ProdukVarianAtribut (id_produk, atribut_varian, sku, nilai) VALUES (18, 'JENIS_KAIN', 'SKU000042', 'Flanel');
INSERT IGNORE INTO Produk (id_produk, id_penjual, nama, deskripsi) VALUES (19, 1, 'Orchestrate Proactive Interfaces Premium', 'Voluptatibus reprehenderit repellendus atque consequuntur vero. Beatae aliquid nostrum explicabo.');
INSERT IGNORE INTO VarianProduk (sku, id_produk, harga, stok) VALUES ('SKU000043', 19, 156757.14, 136);
INSERT IGNORE INTO ProdukVarianAtribut (id_produk, atribut_varian, sku, nilai) VALUES (19, 'MATERIAL', 'SKU000043', 'Katun Combed 30s');
INSERT IGNORE INTO Produk (id_produk, id_penjual, nama, deskripsi) VALUES (20, 29, 'Enable Enterprise Partnerships Serbaguna', 'Ratione labore voluptatem facilis dignissimos nostrum. Eius eveniet vel et unde non molestias nesciunt. Amet totam possimus maiores. Sit pariatur exercitationem molestiae laudantium cum magnam.');
INSERT IGNORE INTO VarianProduk (sku, id_produk, harga, stok) VALUES ('SKU000044', 20, 1946588.05, 79);
INSERT IGNORE INTO ProdukVarianAtribut (id_produk, atribut_varian, sku, nilai) VALUES (20, 'RESOLUSI_LAYAR', 'SKU000044', 'HD');
INSERT IGNORE INTO Produk (id_produk, id_penjual, nama, deskripsi) VALUES (21, 2, 'Benchmark Killer Supply-Chains Premium', 'Nostrum ut et illum amet similique atque.');
INSERT IGNORE INTO VarianProduk (sku, id_produk, harga, stok) VALUES ('SKU000045', 21, 1168846.51, 120);
INSERT IGNORE INTO ProdukVarianAtribut (id_produk, atribut_varian, sku, nilai) VALUES (21, 'JENIS_KAIN', 'SKU000045', 'Satin');
INSERT IGNORE INTO ProdukVarianAtribut (id_produk, atribut_varian, sku, nilai) VALUES (21, 'WARNA', 'SKU000045', 'Putih');
INSERT IGNORE INTO Produk (id_produk, id_penjual, nama, deskripsi) VALUES (22, 38, 'Exploit Back-End Channels Serbaguna', 'Sint itaque adipisci eaque assumenda sunt repudiandae accusantium. Deleniti odit dolore reiciendis dolor minima repellat. Corrupti reiciendis magni et mollitia magnam. Aperiam debitis earum illum velit modi molestiae.');
INSERT IGNORE INTO VarianProduk (sku, id_produk, harga, stok) VALUES ('SKU000046', 22, 2892525.54, 57);
INSERT IGNORE INTO ProdukVarianAtribut (id_produk, atribut_varian, sku, nilai) VALUES (22, 'RAM', 'SKU000046', '8GB');
INSERT IGNORE INTO ProdukVarianAtribut (id_produk, atribut_varian, sku, nilai) VALUES (22, 'WARNA', 'SKU000046', 'Ungu');
INSERT IGNORE INTO Produk (id_produk, id_penjual, nama, deskripsi) VALUES (23, 37, 'Empower Turn-Key Roi Edisi Terbatas', 'Quo quam natus autem.');
INSERT IGNORE INTO VarianProduk (sku, id_produk, harga, stok) VALUES ('SKU000047', 23, 2053323.49, 113);
INSERT IGNORE INTO ProdukVarianAtribut (id_produk, atribut_varian, sku, nilai) VALUES (23, 'RAM', 'SKU000047', '16GB');
INSERT IGNORE INTO ProdukVarianAtribut (id_produk, atribut_varian, sku, nilai) VALUES (23, 'RESOLUSI_LAYAR', 'SKU000047', 'FHD');
INSERT IGNORE INTO VarianProduk (sku, id_produk, harga, stok) VALUES ('SKU000048', 23, 1231715.36, 99);
INSERT IGNORE INTO ProdukVarianAtribut (id_produk, atribut_varian, sku, nilai) VALUES (23, 'MATERIAL', 'SKU000048', 'Plastik ABS Food Grade');
INSERT IGNORE INTO VarianProduk (sku, id_produk, harga, stok) VALUES ('SKU000049', 23, 1550101.16, 50);
INSERT IGNORE INTO ProdukVarianAtribut (id_produk, atribut_varian, sku, nilai) VALUES (23, 'JENIS_KAIN', 'SKU000049', 'Denim');
INSERT IGNORE INTO Produk (id_produk, id_penjual, nama, deskripsi) VALUES (24, 4, 'Repurpose Global Experiences Serbaguna', 'Numquam tempora aspernatur magnam. In facilis doloremque aut veniam nobis. Atque a totam blanditiis quo accusamus sapiente dolores.');
INSERT IGNORE INTO VarianProduk (sku, id_produk, harga, stok) VALUES ('SKU000050', 24, 905380.12, 55);
INSERT IGNORE INTO ProdukVarianAtribut (id_produk, atribut_varian, sku, nilai) VALUES (24, 'WARNA', 'SKU000050', 'Biru dongker');
INSERT IGNORE INTO VarianProduk (sku, id_produk, harga, stok) VALUES ('SKU000051', 24, 1715462.57, 104);
INSERT IGNORE INTO ProdukVarianAtribut (id_produk, atribut_varian, sku, nilai) VALUES (24, 'RAM', 'SKU000051', '12GB');
INSERT IGNORE INTO VarianProduk (sku, id_produk, harga, stok) VALUES ('SKU000052', 24, 1469931.24, 111);
INSERT IGNORE INTO ProdukVarianAtribut (id_produk, atribut_varian, sku, nilai) VALUES (24, 'RESOLUSI_LAYAR', 'SKU000052', '4K');
INSERT IGNORE INTO ProdukVarianAtribut (id_produk, atribut_varian, sku, nilai) VALUES (24, 'UKURAN', 'SKU000052', 'S');
INSERT IGNORE INTO ProdukVarianAtribut (id_produk, atribut_varian, sku, nilai) VALUES (24, 'JENIS_KAIN', 'SKU000052', 'Flanel');
INSERT IGNORE INTO Produk (id_produk, id_penjual, nama, deskripsi) VALUES (25, 25, 'Integrate Mission-Critical Synergies Edisi Terbatas', 'Necessitatibus sed maxime suscipit. Eaque soluta ea.');
INSERT IGNORE INTO VarianProduk (sku, id_produk, harga, stok) VALUES ('SKU000053', 25, 2224615.55, 111);
INSERT IGNORE INTO ProdukVarianAtribut (id_produk, atribut_varian, sku, nilai) VALUES (25, 'JENIS_KAIN', 'SKU000053', 'Satin');
INSERT IGNORE INTO ProdukVarianAtribut (id_produk, atribut_varian, sku, nilai) VALUES (25, 'RAM', 'SKU000053', '12GB');
INSERT IGNORE INTO Produk (id_produk, id_penjual, nama, deskripsi) VALUES (26, 30, 'Streamline 24/7 Content Modern', 'Neque numquam eaque nisi. Nisi quaerat laudantium adipisci placeat recusandae. Quidem velit ipsam dolorum sit minus quo. Non repudiandae iure eligendi. Commodi commodi consequuntur culpa.');
INSERT IGNORE INTO VarianProduk (sku, id_produk, harga, stok) VALUES ('SKU000054', 26, 2451094.65, 132);
INSERT IGNORE INTO ProdukVarianAtribut (id_produk, atribut_varian, sku, nilai) VALUES (26, 'WARNA', 'SKU000054', 'Zaitun');
INSERT IGNORE INTO ProdukVarianAtribut (id_produk, atribut_varian, sku, nilai) VALUES (26, 'UKURAN', 'SKU000054', 'S');
INSERT IGNORE INTO VarianProduk (sku, id_produk, harga, stok) VALUES ('SKU000055', 26, 1129150.04, 55);
INSERT IGNORE INTO ProdukVarianAtribut (id_produk, atribut_varian, sku, nilai) VALUES (26, 'STORAGE_INTERNAL', 'SKU000055', '64GB');
INSERT IGNORE INTO ProdukVarianAtribut (id_produk, atribut_varian, sku, nilai) VALUES (26, 'RESOLUSI_LAYAR', 'SKU000055', 'FHD');
INSERT IGNORE INTO Produk (id_produk, id_penjual, nama, deskripsi) VALUES (27, 6, 'Unleash Vertical Portals Premium', 'A optio sequi vitae ex placeat architecto fuga. Autem eum quisquam laudantium cumque. Velit est eum fuga repudiandae pariatur.');
INSERT IGNORE INTO VarianProduk (sku, id_produk, harga, stok) VALUES ('SKU000056', 27, 811981.2, 55);
INSERT IGNORE INTO ProdukVarianAtribut (id_produk, atribut_varian, sku, nilai) VALUES (27, 'WARNA', 'SKU000056', 'Merah');
INSERT IGNORE INTO ProdukVarianAtribut (id_produk, atribut_varian, sku, nilai) VALUES (27, 'UKURAN', 'SKU000056', 'All Size');
INSERT IGNORE INTO ProdukVarianAtribut (id_produk, atribut_varian, sku, nilai) VALUES (27, 'JENIS_KAIN', 'SKU000056', 'Denim');
INSERT IGNORE INTO VarianProduk (sku, id_produk, harga, stok) VALUES ('SKU000057', 27, 2286019.34, 50);
INSERT IGNORE INTO ProdukVarianAtribut (id_produk, atribut_varian, sku, nilai) VALUES (27, 'UKURAN', 'SKU000057', '38');
INSERT IGNORE INTO VarianProduk (sku, id_produk, harga, stok) VALUES ('SKU000058', 27, 2928646.54, 22);
INSERT IGNORE INTO ProdukVarianAtribut (id_produk, atribut_varian, sku, nilai) VALUES (27, 'UKURAN', 'SKU000058', 'L');
INSERT IGNORE INTO Produk (id_produk, id_penjual, nama, deskripsi) VALUES (28, 17, 'Expedite Wireless Mindshare Modern', 'Officia exercitationem quas incidunt enim. Necessitatibus consequatur vero amet.');
INSERT IGNORE INTO VarianProduk (sku, id_produk, harga, stok) VALUES ('SKU000059', 28, 1125615.7, 109);
INSERT IGNORE INTO ProdukVarianAtribut (id_produk, atribut_varian, sku, nilai) VALUES (28, 'WARNA', 'SKU000059', 'Merah marun');
INSERT IGNORE INTO Produk (id_produk, id_penjual, nama, deskripsi) VALUES (29, 48, 'Scale 24/7 Users Modern', 'Quas aspernatur assumenda quod eveniet quidem voluptatibus. Eaque nisi consequuntur sapiente. Fuga soluta maiores minus ipsum nesciunt. Voluptas eligendi voluptates earum.');
INSERT IGNORE INTO VarianProduk (sku, id_produk, harga, stok) VALUES ('SKU000060', 29, 834271.36, 22);
INSERT IGNORE INTO ProdukVarianAtribut (id_produk, atribut_varian, sku, nilai) VALUES (29, 'JENIS_KAIN', 'SKU000060', 'Flanel');
INSERT IGNORE INTO VarianProduk (sku, id_produk, harga, stok) VALUES ('SKU000061', 29, 2573054.07, 127);
INSERT IGNORE INTO ProdukVarianAtribut (id_produk, atribut_varian, sku, nilai) VALUES (29, 'STORAGE_INTERNAL', 'SKU000061', '1TB');
INSERT IGNORE INTO Produk (id_produk, id_penjual, nama, deskripsi) VALUES (30, 49, 'Incubate Frictionless Partnerships Modern', 'Itaque maiores aliquid sunt saepe impedit. Quod hic qui quas sit aut. Deserunt in voluptates excepturi fuga distinctio temporibus.');
INSERT IGNORE INTO VarianProduk (sku, id_produk, harga, stok) VALUES ('SKU000062', 30, 1879963.82, 128);
INSERT IGNORE INTO ProdukVarianAtribut (id_produk, atribut_varian, sku, nilai) VALUES (30, 'WARNA', 'SKU000062', 'Biru dongker');
INSERT IGNORE INTO VarianProduk (sku, id_produk, harga, stok) VALUES ('SKU000063', 30, 2422947.78, 93);
INSERT IGNORE INTO ProdukVarianAtribut (id_produk, atribut_varian, sku, nilai) VALUES (30, 'RESOLUSI_LAYAR', 'SKU000063', '4K');
INSERT IGNORE INTO ProdukVarianAtribut (id_produk, atribut_varian, sku, nilai) VALUES (30, 'WARNA', 'SKU000063', 'Hijau muda');
INSERT IGNORE INTO ProdukVarianAtribut (id_produk, atribut_varian, sku, nilai) VALUES (30, 'RAM', 'SKU000063', '12GB');
INSERT IGNORE INTO Produk (id_produk, id_penjual, nama, deskripsi) VALUES (31, 25, 'Matrix Robust Channels Serbaguna', 'Laboriosam eligendi fuga qui doloremque itaque. Alias deleniti eaque cupiditate voluptate voluptas. Tenetur veritatis distinctio perspiciatis quod tempora ducimus. Rem distinctio iusto mollitia.');
INSERT IGNORE INTO VarianProduk (sku, id_produk, harga, stok) VALUES ('SKU000064', 31, 47745.35, 121);
INSERT IGNORE INTO ProdukVarianAtribut (id_produk, atribut_varian, sku, nilai) VALUES (31, 'JENIS_KAIN', 'SKU000064', 'Rayon');
INSERT IGNORE INTO ProdukVarianAtribut (id_produk, atribut_varian, sku, nilai) VALUES (31, 'WARNA', 'SKU000064', 'Hijau muda');
INSERT IGNORE INTO VarianProduk (sku, id_produk, harga, stok) VALUES ('SKU000065', 31, 949763.77, 108);
INSERT IGNORE INTO ProdukVarianAtribut (id_produk, atribut_varian, sku, nilai) VALUES (31, 'MATERIAL', 'SKU000065', 'Kulit Sintetis PU');
INSERT IGNORE INTO ProdukVarianAtribut (id_produk, atribut_varian, sku, nilai) VALUES (31, 'WARNA', 'SKU000065', 'Jingga');
INSERT IGNORE INTO VarianProduk (sku, id_produk, harga, stok) VALUES ('SKU000066', 31, 1097237.37, 37);
INSERT IGNORE INTO ProdukVarianAtribut (id_produk, atribut_varian, sku, nilai) VALUES (31, 'WARNA', 'SKU000066', 'Abu-abu');
INSERT IGNORE INTO Produk (id_produk, id_penjual, nama, deskripsi) VALUES (32, 13, 'Streamline Mission-Critical Models Modern', 'Alias incidunt provident non eos. Eligendi tenetur accusantium quos consectetur recusandae aspernatur. Ullam inventore laborum laborum aliquam delectus tempora.');
INSERT IGNORE INTO VarianProduk (sku, id_produk, harga, stok) VALUES ('SKU000067', 32, 220839.52, 57);
INSERT IGNORE INTO ProdukVarianAtribut (id_produk, atribut_varian, sku, nilai) VALUES (32, 'UKURAN', 'SKU000067', 'M');
INSERT IGNORE INTO ProdukVarianAtribut (id_produk, atribut_varian, sku, nilai) VALUES (32, 'JENIS_KAIN', 'SKU000067', 'Satin');
INSERT IGNORE INTO Produk (id_produk, id_penjual, nama, deskripsi) VALUES (33, 3, 'Maximize Virtual E-Business Serbaguna', 'Qui eaque ipsa officiis alias. Ab delectus consequuntur perferendis. Voluptatibus et dolorum tenetur nemo consequuntur aperiam repellat. Occaecati ducimus ducimus adipisci consequuntur eligendi. Quod eius maxime consequatur eum.');
INSERT IGNORE INTO VarianProduk (sku, id_produk, harga, stok) VALUES ('SKU000068', 33, 2766561.71, 77);
INSERT IGNORE INTO ProdukVarianAtribut (id_produk, atribut_varian, sku, nilai) VALUES (33, 'RAM', 'SKU000068', '4GB');
INSERT IGNORE INTO ProdukVarianAtribut (id_produk, atribut_varian, sku, nilai) VALUES (33, 'UKURAN', 'SKU000068', '39');
INSERT IGNORE INTO Produk (id_produk, id_penjual, nama, deskripsi) VALUES (34, 17, 'Repurpose E-Business Vortals Premium', 'Odio repellat itaque sapiente. Officiis aliquid voluptate. Perspiciatis ratione laudantium nemo.');
INSERT IGNORE INTO VarianProduk (sku, id_produk, harga, stok) VALUES ('SKU000069', 34, 74652.75, 33);
INSERT IGNORE INTO ProdukVarianAtribut (id_produk, atribut_varian, sku, nilai) VALUES (34, 'RESOLUSI_LAYAR', 'SKU000069', '4K');
INSERT IGNORE INTO ProdukVarianAtribut (id_produk, atribut_varian, sku, nilai) VALUES (34, 'JENIS_KAIN', 'SKU000069', 'Flanel');
INSERT IGNORE INTO VarianProduk (sku, id_produk, harga, stok) VALUES ('SKU000070', 34, 2564004.69, 141);
INSERT IGNORE INTO ProdukVarianAtribut (id_produk, atribut_varian, sku, nilai) VALUES (34, 'RESOLUSI_LAYAR', 'SKU000070', '4K');
INSERT IGNORE INTO Produk (id_produk, id_penjual, nama, deskripsi) VALUES (35, 20, 'Productize Cross-Media Users Serbaguna', 'Totam quam eos quia nulla doloribus. Harum corrupti facere rem a soluta expedita hic. Accusantium maiores illo sunt qui sunt porro dolorum.');
INSERT IGNORE INTO VarianProduk (sku, id_produk, harga, stok) VALUES ('SKU000071', 35, 2975928.97, 106);
INSERT IGNORE INTO ProdukVarianAtribut (id_produk, atribut_varian, sku, nilai) VALUES (35, 'MATERIAL', 'SKU000071', 'Katun Combed 30s');
INSERT IGNORE INTO ProdukVarianAtribut (id_produk, atribut_varian, sku, nilai) VALUES (35, 'WARNA', 'SKU000071', 'Coklat');
INSERT IGNORE INTO ProdukVarianAtribut (id_produk, atribut_varian, sku, nilai) VALUES (35, 'UKURAN', 'SKU000071', '41');
INSERT IGNORE INTO Produk (id_produk, id_penjual, nama, deskripsi) VALUES (36, 37, 'Generate Mission-Critical Solutions Premium', 'Maxime libero deserunt nihil tempore dolor tenetur. Ut eum soluta. Unde voluptatibus repellendus alias.');
INSERT IGNORE INTO VarianProduk (sku, id_produk, harga, stok) VALUES ('SKU000072', 36, 1022957.87, 81);
INSERT IGNORE INTO ProdukVarianAtribut (id_produk, atribut_varian, sku, nilai) VALUES (36, 'STORAGE_INTERNAL', 'SKU000072', '64GB');
INSERT IGNORE INTO ProdukVarianAtribut (id_produk, atribut_varian, sku, nilai) VALUES (36, 'RESOLUSI_LAYAR', 'SKU000072', '4K');
INSERT IGNORE INTO ProdukVarianAtribut (id_produk, atribut_varian, sku, nilai) VALUES (36, 'WARNA', 'SKU000072', 'Abu-abu');
INSERT IGNORE INTO VarianProduk (sku, id_produk, harga, stok) VALUES ('SKU000073', 36, 2694682.12, 143);
INSERT IGNORE INTO ProdukVarianAtribut (id_produk, atribut_varian, sku, nilai) VALUES (36, 'WARNA', 'SKU000073', 'Hijau');
INSERT IGNORE INTO ProdukVarianAtribut (id_produk, atribut_varian, sku, nilai) VALUES (36, 'UKURAN', 'SKU000073', 'XXL');
INSERT IGNORE INTO ProdukVarianAtribut (id_produk, atribut_varian, sku, nilai) VALUES (36, 'MATERIAL', 'SKU000073', 'Polyester Blend');
INSERT IGNORE INTO Produk (id_produk, id_penjual, nama, deskripsi) VALUES (37, 37, 'Scale Granular Markets Serbaguna', 'Placeat rerum iusto perferendis ullam.');
INSERT IGNORE INTO VarianProduk (sku, id_produk, harga, stok) VALUES ('SKU000074', 37, 2476171.13, 116);
INSERT IGNORE INTO ProdukVarianAtribut (id_produk, atribut_varian, sku, nilai) VALUES (37, 'RESOLUSI_LAYAR', 'SKU000074', '4K');
INSERT IGNORE INTO ProdukVarianAtribut (id_produk, atribut_varian, sku, nilai) VALUES (37, 'RAM', 'SKU000074', '16GB');
INSERT IGNORE INTO VarianProduk (sku, id_produk, harga, stok) VALUES ('SKU000075', 37, 241926.6, 29);
INSERT IGNORE INTO ProdukVarianAtribut (id_produk, atribut_varian, sku, nilai) VALUES (37, 'WARNA', 'SKU000075', 'Coklat');
INSERT IGNORE INTO ProdukVarianAtribut (id_produk, atribut_varian, sku, nilai) VALUES (37, 'RAM', 'SKU000075', '12GB');
INSERT IGNORE INTO ProdukVarianAtribut (id_produk, atribut_varian, sku, nilai) VALUES (37, 'STORAGE_INTERNAL', 'SKU000075', '256GB');
INSERT IGNORE INTO Produk (id_produk, id_penjual, nama, deskripsi) VALUES (38, 1, 'Maximize Dot-Com Schemas Premium', 'Ex sint numquam veniam tempore magni officia explicabo.');
INSERT IGNORE INTO VarianProduk (sku, id_produk, harga, stok) VALUES ('SKU000076', 38, 1207192.39, 91);
INSERT IGNORE INTO ProdukVarianAtribut (id_produk, atribut_varian, sku, nilai) VALUES (38, 'RESOLUSI_LAYAR', 'SKU000076', 'HD');
INSERT IGNORE INTO ProdukVarianAtribut (id_produk, atribut_varian, sku, nilai) VALUES (38, 'WARNA', 'SKU000076', 'Biru dongker');
INSERT IGNORE INTO ProdukVarianAtribut (id_produk, atribut_varian, sku, nilai) VALUES (38, 'UKURAN', 'SKU000076', '38');
INSERT IGNORE INTO VarianProduk (sku, id_produk, harga, stok) VALUES ('SKU000077', 38, 2689199.75, 7);
INSERT IGNORE INTO ProdukVarianAtribut (id_produk, atribut_varian, sku, nilai) VALUES (38, 'STORAGE_INTERNAL', 'SKU000077', '256GB');
INSERT IGNORE INTO VarianProduk (sku, id_produk, harga, stok) VALUES ('SKU000078', 38, 1238081.18, 104);
INSERT IGNORE INTO ProdukVarianAtribut (id_produk, atribut_varian, sku, nilai) VALUES (38, 'RESOLUSI_LAYAR', 'SKU000078', '4K');
INSERT IGNORE INTO ProdukVarianAtribut (id_produk, atribut_varian, sku, nilai) VALUES (38, 'WARNA', 'SKU000078', 'Biru dongker');
INSERT IGNORE INTO ProdukVarianAtribut (id_produk, atribut_varian, sku, nilai) VALUES (38, 'STORAGE_INTERNAL', 'SKU000078', '1TB');
INSERT IGNORE INTO Produk (id_produk, id_penjual, nama, deskripsi) VALUES (39, 30, 'Implement Interactive Methodologies Premium', 'Recusandae eveniet est dolore.');
INSERT IGNORE INTO VarianProduk (sku, id_produk, harga, stok) VALUES ('SKU000079', 39, 2861737.77, 11);
INSERT IGNORE INTO ProdukVarianAtribut (id_produk, atribut_varian, sku, nilai) VALUES (39, 'UKURAN', 'SKU000079', 'XL');
INSERT IGNORE INTO ProdukVarianAtribut (id_produk, atribut_varian, sku, nilai) VALUES (39, 'WARNA', 'SKU000079', 'Biru laut');
INSERT IGNORE INTO VarianProduk (sku, id_produk, harga, stok) VALUES ('SKU000080', 39, 1419622.66, 94);
INSERT IGNORE INTO ProdukVarianAtribut (id_produk, atribut_varian, sku, nilai) VALUES (39, 'RESOLUSI_LAYAR', 'SKU000080', '4K');
INSERT IGNORE INTO ProdukVarianAtribut (id_produk, atribut_varian, sku, nilai) VALUES (39, 'JENIS_KAIN', 'SKU000080', 'Rayon');
INSERT IGNORE INTO ProdukVarianAtribut (id_produk, atribut_varian, sku, nilai) VALUES (39, 'STORAGE_INTERNAL', 'SKU000080', '256GB');
INSERT IGNORE INTO VarianProduk (sku, id_produk, harga, stok) VALUES ('SKU000081', 39, 778793.61, 68);
INSERT IGNORE INTO ProdukVarianAtribut (id_produk, atribut_varian, sku, nilai) VALUES (39, 'JENIS_KAIN', 'SKU000081', 'Denim');
INSERT IGNORE INTO ProdukVarianAtribut (id_produk, atribut_varian, sku, nilai) VALUES (39, 'UKURAN', 'SKU000081', 'M');
INSERT IGNORE INTO ProdukVarianAtribut (id_produk, atribut_varian, sku, nilai) VALUES (39, 'STORAGE_INTERNAL', 'SKU000081', '256GB');
INSERT IGNORE INTO Produk (id_produk, id_penjual, nama, deskripsi) VALUES (40, 47, 'Repurpose Synergistic Niches Premium', 'Incidunt labore inventore quasi. Consectetur sint eveniet quisquam deserunt excepturi perspiciatis.');
INSERT IGNORE INTO VarianProduk (sku, id_produk, harga, stok) VALUES ('SKU000082', 40, 2374863.27, 59);
INSERT IGNORE INTO ProdukVarianAtribut (id_produk, atribut_varian, sku, nilai) VALUES (40, 'STORAGE_INTERNAL', 'SKU000082', '128GB');
INSERT IGNORE INTO ProdukVarianAtribut (id_produk, atribut_varian, sku, nilai) VALUES (40, 'MATERIAL', 'SKU000082', 'Plastik ABS Food Grade');
INSERT IGNORE INTO ProdukVarianAtribut (id_produk, atribut_varian, sku, nilai) VALUES (40, 'WARNA', 'SKU000082', 'Coklat tua');
INSERT IGNORE INTO VarianProduk (sku, id_produk, harga, stok) VALUES ('SKU000083', 40, 644033.52, 47);
INSERT IGNORE INTO ProdukVarianAtribut (id_produk, atribut_varian, sku, nilai) VALUES (40, 'RESOLUSI_LAYAR', 'SKU000083', 'FHD');
INSERT IGNORE INTO ProdukVarianAtribut (id_produk, atribut_varian, sku, nilai) VALUES (40, 'UKURAN', 'SKU000083', 'L');
INSERT IGNORE INTO ProdukVarianAtribut (id_produk, atribut_varian, sku, nilai) VALUES (40, 'WARNA', 'SKU000083', 'Biru dongker');
INSERT IGNORE INTO Produk (id_produk, id_penjual, nama, deskripsi) VALUES (41, 21, 'Evolve Extensible Markets Modern', 'Sed eius exercitationem alias illum harum ab. Repellendus quasi corrupti quos ex. Perspiciatis itaque quae porro at laudantium quasi. Cum ex quidem similique.');
INSERT IGNORE INTO VarianProduk (sku, id_produk, harga, stok) VALUES ('SKU000084', 41, 895192.67, 43);
INSERT IGNORE INTO ProdukVarianAtribut (id_produk, atribut_varian, sku, nilai) VALUES (41, 'MATERIAL', 'SKU000084', 'Stainless Steel 304');
INSERT IGNORE INTO ProdukVarianAtribut (id_produk, atribut_varian, sku, nilai) VALUES (41, 'RAM', 'SKU000084', '8GB');
INSERT IGNORE INTO VarianProduk (sku, id_produk, harga, stok) VALUES ('SKU000085', 41, 415639.63, 117);
INSERT IGNORE INTO ProdukVarianAtribut (id_produk, atribut_varian, sku, nilai) VALUES (41, 'MATERIAL', 'SKU000085', 'Kanvas Tebal');
INSERT IGNORE INTO ProdukVarianAtribut (id_produk, atribut_varian, sku, nilai) VALUES (41, 'UKURAN', 'SKU000085', 'L');
INSERT IGNORE INTO ProdukVarianAtribut (id_produk, atribut_varian, sku, nilai) VALUES (41, 'RAM', 'SKU000085', '16GB');
INSERT IGNORE INTO VarianProduk (sku, id_produk, harga, stok) VALUES ('SKU000086', 41, 176176.59, 125);
INSERT IGNORE INTO ProdukVarianAtribut (id_produk, atribut_varian, sku, nilai) VALUES (41, 'MATERIAL', 'SKU000086', 'Kulit Sintetis PU');
INSERT IGNORE INTO ProdukVarianAtribut (id_produk, atribut_varian, sku, nilai) VALUES (41, 'UKURAN', 'SKU000086', '38');
INSERT IGNORE INTO Produk (id_produk, id_penjual, nama, deskripsi) VALUES (42, 36, 'Exploit B2C Roi Serbaguna', 'Alias recusandae porro beatae. Rerum similique illum sequi.');
INSERT IGNORE INTO VarianProduk (sku, id_produk, harga, stok) VALUES ('SKU000087', 42, 1066501.85, 15);
INSERT IGNORE INTO ProdukVarianAtribut (id_produk, atribut_varian, sku, nilai) VALUES (42, 'JENIS_KAIN', 'SKU000087', 'Flanel');
INSERT IGNORE INTO ProdukVarianAtribut (id_produk, atribut_varian, sku, nilai) VALUES (42, 'RAM', 'SKU000087', '16GB');
INSERT IGNORE INTO VarianProduk (sku, id_produk, harga, stok) VALUES ('SKU000088', 42, 285455.84, 99);
INSERT IGNORE INTO ProdukVarianAtribut (id_produk, atribut_varian, sku, nilai) VALUES (42, 'UKURAN', 'SKU000088', '40');
INSERT IGNORE INTO ProdukVarianAtribut (id_produk, atribut_varian, sku, nilai) VALUES (42, 'WARNA', 'SKU000088', 'Hijau muda');
INSERT IGNORE INTO VarianProduk (sku, id_produk, harga, stok) VALUES ('SKU000089', 42, 2477890.46, 74);
INSERT IGNORE INTO ProdukVarianAtribut (id_produk, atribut_varian, sku, nilai) VALUES (42, 'WARNA', 'SKU000089', 'Perak');
INSERT IGNORE INTO ProdukVarianAtribut (id_produk, atribut_varian, sku, nilai) VALUES (42, 'MATERIAL', 'SKU000089', 'Polyester Blend');
INSERT IGNORE INTO ProdukVarianAtribut (id_produk, atribut_varian, sku, nilai) VALUES (42, 'UKURAN', 'SKU000089', 'XL');
INSERT IGNORE INTO Produk (id_produk, id_penjual, nama, deskripsi) VALUES (43, 19, 'Disintermediate Distributed Technologies Edisi Terbatas', 'Beatae ad nisi placeat commodi commodi aut. Quibusdam sint quam quos.');
INSERT IGNORE INTO VarianProduk (sku, id_produk, harga, stok) VALUES ('SKU000090', 43, 2405318.85, 3);
INSERT IGNORE INTO ProdukVarianAtribut (id_produk, atribut_varian, sku, nilai) VALUES (43, 'MATERIAL', 'SKU000090', 'Polyester Blend');
INSERT IGNORE INTO ProdukVarianAtribut (id_produk, atribut_varian, sku, nilai) VALUES (43, 'WARNA', 'SKU000090', 'Abu-abu');
INSERT IGNORE INTO ProdukVarianAtribut (id_produk, atribut_varian, sku, nilai) VALUES (43, 'UKURAN', 'SKU000090', 'S');
INSERT IGNORE INTO VarianProduk (sku, id_produk, harga, stok) VALUES ('SKU000091', 43, 2376868.47, 30);
INSERT IGNORE INTO ProdukVarianAtribut (id_produk, atribut_varian, sku, nilai) VALUES (43, 'UKURAN', 'SKU000091', '38');
INSERT IGNORE INTO ProdukVarianAtribut (id_produk, atribut_varian, sku, nilai) VALUES (43, 'MATERIAL', 'SKU000091', 'Katun Combed 30s');
INSERT IGNORE INTO VarianProduk (sku, id_produk, harga, stok) VALUES ('SKU000092', 43, 1591375.83, 27);
INSERT IGNORE INTO ProdukVarianAtribut (id_produk, atribut_varian, sku, nilai) VALUES (43, 'JENIS_KAIN', 'SKU000092', 'Rayon');
INSERT IGNORE INTO Produk (id_produk, id_penjual, nama, deskripsi) VALUES (44, 16, 'Unleash Enterprise Bandwidth Premium', 'Labore a eius recusandae magni quasi iste quaerat. Quidem recusandae quia tempore ullam eos. Et iusto maxime hic totam nemo. Id dolores voluptas suscipit ratione quisquam est. Facere recusandae sit consequuntur.');
INSERT IGNORE INTO VarianProduk (sku, id_produk, harga, stok) VALUES ('SKU000093', 44, 32754.73, 4);
INSERT IGNORE INTO ProdukVarianAtribut (id_produk, atribut_varian, sku, nilai) VALUES (44, 'MATERIAL', 'SKU000093', 'Stainless Steel 304');
INSERT IGNORE INTO ProdukVarianAtribut (id_produk, atribut_varian, sku, nilai) VALUES (44, 'JENIS_KAIN', 'SKU000093', 'Rayon');
INSERT IGNORE INTO VarianProduk (sku, id_produk, harga, stok) VALUES ('SKU000094', 44, 1289227.76, 65);
INSERT IGNORE INTO ProdukVarianAtribut (id_produk, atribut_varian, sku, nilai) VALUES (44, 'RESOLUSI_LAYAR', 'SKU000094', 'QHD');
INSERT IGNORE INTO ProdukVarianAtribut (id_produk, atribut_varian, sku, nilai) VALUES (44, 'STORAGE_INTERNAL', 'SKU000094', '1TB');
INSERT IGNORE INTO Produk (id_produk, id_penjual, nama, deskripsi) VALUES (45, 23, 'Innovate Killer Interfaces Modern', 'Doloribus aspernatur sapiente repellendus reprehenderit odio itaque hic. Atque nihil maiores. Consequatur et reiciendis ipsum laborum.');
INSERT IGNORE INTO VarianProduk (sku, id_produk, harga, stok) VALUES ('SKU000095', 45, 2865110.45, 77);
INSERT IGNORE INTO ProdukVarianAtribut (id_produk, atribut_varian, sku, nilai) VALUES (45, 'RESOLUSI_LAYAR', 'SKU000095', 'QHD');
INSERT IGNORE INTO VarianProduk (sku, id_produk, harga, stok) VALUES ('SKU000096', 45, 334719.97, 108);
INSERT IGNORE INTO ProdukVarianAtribut (id_produk, atribut_varian, sku, nilai) VALUES (45, 'UKURAN', 'SKU000096', 'S');
INSERT IGNORE INTO VarianProduk (sku, id_produk, harga, stok) VALUES ('SKU000097', 45, 2825453.97, 38);
INSERT IGNORE INTO ProdukVarianAtribut (id_produk, atribut_varian, sku, nilai) VALUES (45, 'RAM', 'SKU000097', '16GB');
INSERT IGNORE INTO ProdukVarianAtribut (id_produk, atribut_varian, sku, nilai) VALUES (45, 'UKURAN', 'SKU000097', '38');
INSERT IGNORE INTO ProdukVarianAtribut (id_produk, atribut_varian, sku, nilai) VALUES (45, 'MATERIAL', 'SKU000097', 'Stainless Steel 304');
INSERT IGNORE INTO Produk (id_produk, id_penjual, nama, deskripsi) VALUES (46, 11, 'Engage Dot-Com Experiences Serbaguna', 'Veritatis natus laudantium illo nam voluptatibus. Dicta facere consequatur.');
INSERT IGNORE INTO VarianProduk (sku, id_produk, harga, stok) VALUES ('SKU000098', 46, 735700.91, 2);
INSERT IGNORE INTO ProdukVarianAtribut (id_produk, atribut_varian, sku, nilai) VALUES (46, 'RAM', 'SKU000098', '16GB');
INSERT IGNORE INTO ProdukVarianAtribut (id_produk, atribut_varian, sku, nilai) VALUES (46, 'STORAGE_INTERNAL', 'SKU000098', '256GB');
INSERT IGNORE INTO ProdukVarianAtribut (id_produk, atribut_varian, sku, nilai) VALUES (46, 'MATERIAL', 'SKU000098', 'Kanvas Tebal');
INSERT IGNORE INTO VarianProduk (sku, id_produk, harga, stok) VALUES ('SKU000099', 46, 2443866.07, 15);
INSERT IGNORE INTO ProdukVarianAtribut (id_produk, atribut_varian, sku, nilai) VALUES (46, 'MATERIAL', 'SKU000099', 'Kanvas Tebal');
INSERT IGNORE INTO ProdukVarianAtribut (id_produk, atribut_varian, sku, nilai) VALUES (46, 'WARNA', 'SKU000099', 'Ungu tua');
INSERT IGNORE INTO ProdukVarianAtribut (id_produk, atribut_varian, sku, nilai) VALUES (46, 'JENIS_KAIN', 'SKU000099', 'Satin');
INSERT IGNORE INTO Produk (id_produk, id_penjual, nama, deskripsi) VALUES (47, 16, 'Generate Distributed Platforms Edisi Terbatas', 'Quae consequuntur adipisci excepturi est amet impedit nemo. Omnis ullam culpa iusto incidunt ipsa.');
INSERT IGNORE INTO VarianProduk (sku, id_produk, harga, stok) VALUES ('SKU000100', 47, 2946367.75, 88);
INSERT IGNORE INTO ProdukVarianAtribut (id_produk, atribut_varian, sku, nilai) VALUES (47, 'RESOLUSI_LAYAR', 'SKU000100', '4K');
INSERT IGNORE INTO Produk (id_produk, id_penjual, nama, deskripsi) VALUES (48, 40, 'Drive Rich Roi Modern', 'Illum quaerat dicta amet.');
INSERT IGNORE INTO VarianProduk (sku, id_produk, harga, stok) VALUES ('SKU000101', 48, 1213121.61, 113);
INSERT IGNORE INTO ProdukVarianAtribut (id_produk, atribut_varian, sku, nilai) VALUES (48, 'STORAGE_INTERNAL', 'SKU000101', '256GB');
INSERT IGNORE INTO ProdukVarianAtribut (id_produk, atribut_varian, sku, nilai) VALUES (48, 'JENIS_KAIN', 'SKU000101', 'Flanel');
INSERT IGNORE INTO ProdukVarianAtribut (id_produk, atribut_varian, sku, nilai) VALUES (48, 'WARNA', 'SKU000101', 'Hijau muda');
INSERT IGNORE INTO VarianProduk (sku, id_produk, harga, stok) VALUES ('SKU000102', 48, 2422285.84, 44);
INSERT IGNORE INTO ProdukVarianAtribut (id_produk, atribut_varian, sku, nilai) VALUES (48, 'RAM', 'SKU000102', '16GB');
INSERT IGNORE INTO VarianProduk (sku, id_produk, harga, stok) VALUES ('SKU000103', 48, 2914137.52, 133);
INSERT IGNORE INTO ProdukVarianAtribut (id_produk, atribut_varian, sku, nilai) VALUES (48, 'WARNA', 'SKU000103', 'Biru dongker');
INSERT IGNORE INTO ProdukVarianAtribut (id_produk, atribut_varian, sku, nilai) VALUES (48, 'RAM', 'SKU000103', '8GB');
INSERT IGNORE INTO Produk (id_produk, id_penjual, nama, deskripsi) VALUES (49, 49, 'Re-Contextualize Wireless Systems Edisi Terbatas', 'Praesentium hic optio temporibus. Quidem repudiandae magni facilis. Animi iusto harum. Odio inventore perferendis labore itaque corporis. Error repellat quis pariatur voluptatum.');
INSERT IGNORE INTO VarianProduk (sku, id_produk, harga, stok) VALUES ('SKU000104', 49, 1514566.12, 64);
INSERT IGNORE INTO ProdukVarianAtribut (id_produk, atribut_varian, sku, nilai) VALUES (49, 'JENIS_KAIN', 'SKU000104', 'Flanel');
INSERT IGNORE INTO ProdukVarianAtribut (id_produk, atribut_varian, sku, nilai) VALUES (49, 'RAM', 'SKU000104', '4GB');
INSERT IGNORE INTO ProdukVarianAtribut (id_produk, atribut_varian, sku, nilai) VALUES (49, 'RESOLUSI_LAYAR', 'SKU000104', 'QHD');
INSERT IGNORE INTO VarianProduk (sku, id_produk, harga, stok) VALUES ('SKU000105', 49, 990748.85, 80);
INSERT IGNORE INTO ProdukVarianAtribut (id_produk, atribut_varian, sku, nilai) VALUES (49, 'JENIS_KAIN', 'SKU000105', 'Denim');
INSERT IGNORE INTO Produk (id_produk, id_penjual, nama, deskripsi) VALUES (50, 18, 'Empower User-Centric Supply-Chains Premium', 'Nobis voluptatibus natus.');
INSERT IGNORE INTO VarianProduk (sku, id_produk, harga, stok) VALUES ('SKU000106', 50, 104268.74, 35);
INSERT IGNORE INTO ProdukVarianAtribut (id_produk, atribut_varian, sku, nilai) VALUES (50, 'MATERIAL', 'SKU000106', 'Katun Combed 30s');
INSERT IGNORE INTO ProdukVarianAtribut (id_produk, atribut_varian, sku, nilai) VALUES (50, 'RESOLUSI_LAYAR', 'SKU000106', 'FHD');
INSERT IGNORE INTO ProdukVarianAtribut (id_produk, atribut_varian, sku, nilai) VALUES (50, 'JENIS_KAIN', 'SKU000106', 'Flanel');
INSERT IGNORE INTO VarianProduk (sku, id_produk, harga, stok) VALUES ('SKU000107', 50, 850321.01, 110);
INSERT IGNORE INTO ProdukVarianAtribut (id_produk, atribut_varian, sku, nilai) VALUES (50, 'RAM', 'SKU000107', '4GB');
INSERT IGNORE INTO ProdukVarianAtribut (id_produk, atribut_varian, sku, nilai) VALUES (50, 'UKURAN', 'SKU000107', '39');
INSERT IGNORE INTO VarianProduk (sku, id_produk, harga, stok) VALUES ('SKU000108', 50, 844275.11, 136);
INSERT IGNORE INTO ProdukVarianAtribut (id_produk, atribut_varian, sku, nilai) VALUES (50, 'UKURAN', 'SKU000108', '42');
INSERT IGNORE INTO ProdukVarianAtribut (id_produk, atribut_varian, sku, nilai) VALUES (50, 'STORAGE_INTERNAL', 'SKU000108', '512GB');
INSERT IGNORE INTO ProdukVarianAtribut (id_produk, atribut_varian, sku, nilai) VALUES (50, 'WARNA', 'SKU000108', 'Nila');
INSERT IGNORE INTO Produk (id_produk, id_penjual, nama, deskripsi) VALUES (51, 12, 'Syndicate B2C Users Edisi Terbatas', 'Qui ab minima modi eveniet tempore.');
INSERT IGNORE INTO VarianProduk (sku, id_produk, harga, stok) VALUES ('SKU000109', 51, 2335392.46, 24);
INSERT IGNORE INTO ProdukVarianAtribut (id_produk, atribut_varian, sku, nilai) VALUES (51, 'UKURAN', 'SKU000109', '40');
INSERT IGNORE INTO Produk (id_produk, id_penjual, nama, deskripsi) VALUES (52, 25, 'Drive Out-Of-The-Box Roi Serbaguna', 'Accusamus facilis laudantium voluptas ut repudiandae. Ratione cum ea eius impedit ea.');
INSERT IGNORE INTO VarianProduk (sku, id_produk, harga, stok) VALUES ('SKU000110', 52, 1006283.29, 21);
INSERT IGNORE INTO ProdukVarianAtribut (id_produk, atribut_varian, sku, nilai) VALUES (52, 'JENIS_KAIN', 'SKU000110', 'Rayon');
INSERT IGNORE INTO ProdukVarianAtribut (id_produk, atribut_varian, sku, nilai) VALUES (52, 'RESOLUSI_LAYAR', 'SKU000110', 'HD');
INSERT IGNORE INTO ProdukVarianAtribut (id_produk, atribut_varian, sku, nilai) VALUES (52, 'RAM', 'SKU000110', '4GB');
INSERT IGNORE INTO Produk (id_produk, id_penjual, nama, deskripsi) VALUES (53, 47, 'Seize Holistic E-Business Premium', 'Quam voluptatem sequi eius est. Molestias sint vel.');
INSERT IGNORE INTO VarianProduk (sku, id_produk, harga, stok) VALUES ('SKU000111', 53, 913760.24, 62);
INSERT IGNORE INTO ProdukVarianAtribut (id_produk, atribut_varian, sku, nilai) VALUES (53, 'RESOLUSI_LAYAR', 'SKU000111', 'QHD');
INSERT IGNORE INTO Produk (id_produk, id_penjual, nama, deskripsi) VALUES (54, 29, 'Redefine Efficient Action-Items Modern', 'Odio facilis et qui nisi error deleniti assumenda.');
INSERT IGNORE INTO VarianProduk (sku, id_produk, harga, stok) VALUES ('SKU000112', 54, 1160113.18, 17);
INSERT IGNORE INTO ProdukVarianAtribut (id_produk, atribut_varian, sku, nilai) VALUES (54, 'MATERIAL', 'SKU000112', 'Kanvas Tebal');
INSERT IGNORE INTO ProdukVarianAtribut (id_produk, atribut_varian, sku, nilai) VALUES (54, 'WARNA', 'SKU000112', 'Nila');
INSERT IGNORE INTO Produk (id_produk, id_penjual, nama, deskripsi) VALUES (55, 27, 'Monetize Vertical E-Services Premium', 'Voluptates quisquam illum deserunt excepturi saepe. Ab voluptas suscipit neque.');
INSERT IGNORE INTO VarianProduk (sku, id_produk, harga, stok) VALUES ('SKU000113', 55, 1622218.5, 78);
INSERT IGNORE INTO ProdukVarianAtribut (id_produk, atribut_varian, sku, nilai) VALUES (55, 'STORAGE_INTERNAL', 'SKU000113', '512GB');
INSERT IGNORE INTO ProdukVarianAtribut (id_produk, atribut_varian, sku, nilai) VALUES (55, 'RAM', 'SKU000113', '8GB');
INSERT IGNORE INTO ProdukVarianAtribut (id_produk, atribut_varian, sku, nilai) VALUES (55, 'UKURAN', 'SKU000113', '42');
INSERT IGNORE INTO VarianProduk (sku, id_produk, harga, stok) VALUES ('SKU000114', 55, 1483626.51, 95);
INSERT IGNORE INTO ProdukVarianAtribut (id_produk, atribut_varian, sku, nilai) VALUES (55, 'RESOLUSI_LAYAR', 'SKU000114', 'FHD');
INSERT IGNORE INTO ProdukVarianAtribut (id_produk, atribut_varian, sku, nilai) VALUES (55, 'MATERIAL', 'SKU000114', 'Polyester Blend');
INSERT IGNORE INTO Produk (id_produk, id_penjual, nama, deskripsi) VALUES (56, 6, 'Innovate Granular Communities Edisi Terbatas', 'Repudiandae similique optio. Voluptatibus eveniet nulla adipisci architecto dolorum amet. Ut totam aliquam accusamus cumque sit nulla.');
INSERT IGNORE INTO VarianProduk (sku, id_produk, harga, stok) VALUES ('SKU000115', 56, 2498207.53, 17);
INSERT IGNORE INTO ProdukVarianAtribut (id_produk, atribut_varian, sku, nilai) VALUES (56, 'STORAGE_INTERNAL', 'SKU000115', '1TB');
INSERT IGNORE INTO ProdukVarianAtribut (id_produk, atribut_varian, sku, nilai) VALUES (56, 'JENIS_KAIN', 'SKU000115', 'Flanel');
INSERT IGNORE INTO VarianProduk (sku, id_produk, harga, stok) VALUES ('SKU000116', 56, 2640145.33, 57);
INSERT IGNORE INTO ProdukVarianAtribut (id_produk, atribut_varian, sku, nilai) VALUES (56, 'JENIS_KAIN', 'SKU000116', 'Rayon');
INSERT IGNORE INTO ProdukVarianAtribut (id_produk, atribut_varian, sku, nilai) VALUES (56, 'UKURAN', 'SKU000116', '42');
INSERT IGNORE INTO Produk (id_produk, id_penjual, nama, deskripsi) VALUES (57, 18, 'Drive Collaborative Relationships Premium', 'Quasi corporis voluptatem mollitia minus consequatur necessitatibus. Minima voluptatem aperiam at ipsam repellendus saepe rem. Voluptas esse fuga quia blanditiis doloribus ipsa cumque.');
INSERT IGNORE INTO VarianProduk (sku, id_produk, harga, stok) VALUES ('SKU000117', 57, 1925533.35, 7);
INSERT IGNORE INTO ProdukVarianAtribut (id_produk, atribut_varian, sku, nilai) VALUES (57, 'UKURAN', 'SKU000117', 'XL');
INSERT IGNORE INTO VarianProduk (sku, id_produk, harga, stok) VALUES ('SKU000118', 57, 2289324.97, 67);
INSERT IGNORE INTO ProdukVarianAtribut (id_produk, atribut_varian, sku, nilai) VALUES (57, 'RAM', 'SKU000118', '16GB');
INSERT IGNORE INTO ProdukVarianAtribut (id_produk, atribut_varian, sku, nilai) VALUES (57, 'WARNA', 'SKU000118', 'Coklat tua');
INSERT IGNORE INTO ProdukVarianAtribut (id_produk, atribut_varian, sku, nilai) VALUES (57, 'JENIS_KAIN', 'SKU000118', 'Denim');
INSERT IGNORE INTO VarianProduk (sku, id_produk, harga, stok) VALUES ('SKU000119', 57, 1739079.01, 38);
INSERT IGNORE INTO ProdukVarianAtribut (id_produk, atribut_varian, sku, nilai) VALUES (57, 'WARNA', 'SKU000119', 'Merah jambu');
INSERT IGNORE INTO ProdukVarianAtribut (id_produk, atribut_varian, sku, nilai) VALUES (57, 'MATERIAL', 'SKU000119', 'Katun Combed 30s');
INSERT IGNORE INTO ProdukVarianAtribut (id_produk, atribut_varian, sku, nilai) VALUES (57, 'STORAGE_INTERNAL', 'SKU000119', '512GB');
INSERT IGNORE INTO Produk (id_produk, id_penjual, nama, deskripsi) VALUES (58, 19, 'Orchestrate Value-Added Platforms Edisi Terbatas', 'Perferendis non earum saepe quam debitis soluta. Accusantium dolorum asperiores iste.');
INSERT IGNORE INTO VarianProduk (sku, id_produk, harga, stok) VALUES ('SKU000120', 58, 2941796.4, 77);
INSERT IGNORE INTO ProdukVarianAtribut (id_produk, atribut_varian, sku, nilai) VALUES (58, 'MATERIAL', 'SKU000120', 'Kulit Sintetis PU');
INSERT IGNORE INTO ProdukVarianAtribut (id_produk, atribut_varian, sku, nilai) VALUES (58, 'JENIS_KAIN', 'SKU000120', 'Satin');
INSERT IGNORE INTO ProdukVarianAtribut (id_produk, atribut_varian, sku, nilai) VALUES (58, 'WARNA', 'SKU000120', 'Biru laut');
INSERT IGNORE INTO VarianProduk (sku, id_produk, harga, stok) VALUES ('SKU000121', 58, 1803221.41, 103);
INSERT IGNORE INTO ProdukVarianAtribut (id_produk, atribut_varian, sku, nilai) VALUES (58, 'MATERIAL', 'SKU000121', 'Kanvas Tebal');
INSERT IGNORE INTO ProdukVarianAtribut (id_produk, atribut_varian, sku, nilai) VALUES (58, 'WARNA', 'SKU000121', 'Nila');
INSERT IGNORE INTO ProdukVarianAtribut (id_produk, atribut_varian, sku, nilai) VALUES (58, 'STORAGE_INTERNAL', 'SKU000121', '64GB');
INSERT IGNORE INTO VarianProduk (sku, id_produk, harga, stok) VALUES ('SKU000122', 58, 2703357.59, 81);
INSERT IGNORE INTO ProdukVarianAtribut (id_produk, atribut_varian, sku, nilai) VALUES (58, 'WARNA', 'SKU000122', 'Biru laut');
INSERT IGNORE INTO Produk (id_produk, id_penjual, nama, deskripsi) VALUES (59, 50, 'Empower Virtual E-Business Serbaguna', 'Voluptas eaque tempora veritatis. Corrupti culpa porro at amet illo. Aspernatur eum dolorem id esse repudiandae esse at.');
INSERT IGNORE INTO VarianProduk (sku, id_produk, harga, stok) VALUES ('SKU000123', 59, 119864.46, 126);
INSERT IGNORE INTO ProdukVarianAtribut (id_produk, atribut_varian, sku, nilai) VALUES (59, 'RESOLUSI_LAYAR', 'SKU000123', 'QHD');
INSERT IGNORE INTO ProdukVarianAtribut (id_produk, atribut_varian, sku, nilai) VALUES (59, 'STORAGE_INTERNAL', 'SKU000123', '512GB');
INSERT IGNORE INTO ProdukVarianAtribut (id_produk, atribut_varian, sku, nilai) VALUES (59, 'WARNA', 'SKU000123', 'Merah jambu');
INSERT IGNORE INTO VarianProduk (sku, id_produk, harga, stok) VALUES ('SKU000124', 59, 2719303.07, 120);
INSERT IGNORE INTO ProdukVarianAtribut (id_produk, atribut_varian, sku, nilai) VALUES (59, 'UKURAN', 'SKU000124', 'S');
INSERT IGNORE INTO ProdukVarianAtribut (id_produk, atribut_varian, sku, nilai) VALUES (59, 'WARNA', 'SKU000124', 'Merah');
INSERT IGNORE INTO Produk (id_produk, id_penjual, nama, deskripsi) VALUES (60, 15, 'Strategize Synergistic Communities Premium', 'Distinctio maiores ipsam architecto aliquid blanditiis.');
INSERT IGNORE INTO VarianProduk (sku, id_produk, harga, stok) VALUES ('SKU000125', 60, 1436840.17, 81);
INSERT IGNORE INTO ProdukVarianAtribut (id_produk, atribut_varian, sku, nilai) VALUES (60, 'RAM', 'SKU000125', '12GB');
INSERT IGNORE INTO ProdukVarianAtribut (id_produk, atribut_varian, sku, nilai) VALUES (60, 'STORAGE_INTERNAL', 'SKU000125', '512GB');
INSERT IGNORE INTO VarianProduk (sku, id_produk, harga, stok) VALUES ('SKU000126', 60, 2329642.06, 86);
INSERT IGNORE INTO ProdukVarianAtribut (id_produk, atribut_varian, sku, nilai) VALUES (60, 'RESOLUSI_LAYAR', 'SKU000126', 'FHD');
INSERT IGNORE INTO Produk (id_produk, id_penjual, nama, deskripsi) VALUES (61, 31, 'Syndicate Value-Added Platforms Serbaguna', 'Molestiae sunt quia reiciendis quis corporis error. Harum voluptas officia quae provident accusamus ipsam.');
INSERT IGNORE INTO VarianProduk (sku, id_produk, harga, stok) VALUES ('SKU000127', 61, 1068206.54, 103);
INSERT IGNORE INTO ProdukVarianAtribut (id_produk, atribut_varian, sku, nilai) VALUES (61, 'STORAGE_INTERNAL', 'SKU000127', '256GB');
INSERT IGNORE INTO ProdukVarianAtribut (id_produk, atribut_varian, sku, nilai) VALUES (61, 'WARNA', 'SKU000127', 'Hijau muda');
INSERT IGNORE INTO Produk (id_produk, id_penjual, nama, deskripsi) VALUES (62, 37, 'Innovate Collaborative Platforms Edisi Terbatas', 'Similique nisi tempore deserunt aliquid sint. Temporibus quos ipsa beatae.');
INSERT IGNORE INTO VarianProduk (sku, id_produk, harga, stok) VALUES ('SKU000128', 62, 197967.94, 142);
INSERT IGNORE INTO ProdukVarianAtribut (id_produk, atribut_varian, sku, nilai) VALUES (62, 'WARNA', 'SKU000128', 'Biru muda');
INSERT IGNORE INTO ProdukVarianAtribut (id_produk, atribut_varian, sku, nilai) VALUES (62, 'MATERIAL', 'SKU000128', 'Stainless Steel 304');
INSERT IGNORE INTO VarianProduk (sku, id_produk, harga, stok) VALUES ('SKU000129', 62, 122419.52, 39);
INSERT IGNORE INTO ProdukVarianAtribut (id_produk, atribut_varian, sku, nilai) VALUES (62, 'UKURAN', 'SKU000129', '38');
INSERT IGNORE INTO ProdukVarianAtribut (id_produk, atribut_varian, sku, nilai) VALUES (62, 'WARNA', 'SKU000129', 'Biru laut');
INSERT IGNORE INTO ProdukVarianAtribut (id_produk, atribut_varian, sku, nilai) VALUES (62, 'STORAGE_INTERNAL', 'SKU000129', '1TB');
INSERT IGNORE INTO Produk (id_produk, id_penjual, nama, deskripsi) VALUES (63, 16, 'Orchestrate Efficient Eyeballs Modern', 'Aperiam et amet non quasi. Deserunt iusto odio. Illo enim ad cupiditate cumque dolore. Tempore ab sint magni amet cum. Assumenda eius odio.');
INSERT IGNORE INTO VarianProduk (sku, id_produk, harga, stok) VALUES ('SKU000130', 63, 1754904.99, 32);
INSERT IGNORE INTO ProdukVarianAtribut (id_produk, atribut_varian, sku, nilai) VALUES (63, 'RAM', 'SKU000130', '16GB');
INSERT IGNORE INTO ProdukVarianAtribut (id_produk, atribut_varian, sku, nilai) VALUES (63, 'STORAGE_INTERNAL', 'SKU000130', '256GB');
INSERT IGNORE INTO ProdukVarianAtribut (id_produk, atribut_varian, sku, nilai) VALUES (63, 'MATERIAL', 'SKU000130', 'Stainless Steel 304');
INSERT IGNORE INTO VarianProduk (sku, id_produk, harga, stok) VALUES ('SKU000131', 63, 2992260.68, 111);
INSERT IGNORE INTO ProdukVarianAtribut (id_produk, atribut_varian, sku, nilai) VALUES (63, 'RESOLUSI_LAYAR', 'SKU000131', 'HD');
INSERT IGNORE INTO ProdukVarianAtribut (id_produk, atribut_varian, sku, nilai) VALUES (63, 'UKURAN', 'SKU000131', 'L');
INSERT IGNORE INTO ProdukVarianAtribut (id_produk, atribut_varian, sku, nilai) VALUES (63, 'STORAGE_INTERNAL', 'SKU000131', '64GB');
INSERT IGNORE INTO Produk (id_produk, id_penjual, nama, deskripsi) VALUES (64, 16, 'Seize B2B Communities Premium', 'Laudantium consequatur sit numquam occaecati nesciunt. Voluptate in vitae vitae non ducimus. Consectetur quisquam rerum temporibus laboriosam beatae nostrum. Nostrum culpa officia deleniti totam.');
INSERT IGNORE INTO VarianProduk (sku, id_produk, harga, stok) VALUES ('SKU000132', 64, 2491463.46, 145);
INSERT IGNORE INTO ProdukVarianAtribut (id_produk, atribut_varian, sku, nilai) VALUES (64, 'JENIS_KAIN', 'SKU000132', 'Flanel');
INSERT IGNORE INTO VarianProduk (sku, id_produk, harga, stok) VALUES ('SKU000133', 64, 1619900.51, 90);
INSERT IGNORE INTO ProdukVarianAtribut (id_produk, atribut_varian, sku, nilai) VALUES (64, 'STORAGE_INTERNAL', 'SKU000133', '512GB');
INSERT IGNORE INTO Produk (id_produk, id_penjual, nama, deskripsi) VALUES (65, 4, 'Whiteboard Proactive Methodologies Premium', 'Itaque aliquid debitis. Veniam neque dicta praesentium. Veniam adipisci quia.');
INSERT IGNORE INTO VarianProduk (sku, id_produk, harga, stok) VALUES ('SKU000134', 65, 116207.62, 138);
INSERT IGNORE INTO ProdukVarianAtribut (id_produk, atribut_varian, sku, nilai) VALUES (65, 'JENIS_KAIN', 'SKU000134', 'Rayon');
INSERT IGNORE INTO ProdukVarianAtribut (id_produk, atribut_varian, sku, nilai) VALUES (65, 'WARNA', 'SKU000134', 'Hijau muda');
INSERT IGNORE INTO ProdukVarianAtribut (id_produk, atribut_varian, sku, nilai) VALUES (65, 'STORAGE_INTERNAL', 'SKU000134', '512GB');
INSERT IGNORE INTO Produk (id_produk, id_penjual, nama, deskripsi) VALUES (66, 3, 'Iterate Impactful E-Tailers Modern', 'Odit voluptate ex modi enim. Fugit eligendi voluptatem.');
INSERT IGNORE INTO VarianProduk (sku, id_produk, harga, stok) VALUES ('SKU000135', 66, 32004.39, 86);
INSERT IGNORE INTO ProdukVarianAtribut (id_produk, atribut_varian, sku, nilai) VALUES (66, 'STORAGE_INTERNAL', 'SKU000135', '1TB');
INSERT IGNORE INTO ProdukVarianAtribut (id_produk, atribut_varian, sku, nilai) VALUES (66, 'RAM', 'SKU000135', '32GB');
INSERT IGNORE INTO ProdukVarianAtribut (id_produk, atribut_varian, sku, nilai) VALUES (66, 'MATERIAL', 'SKU000135', 'Plastik ABS Food Grade');
INSERT IGNORE INTO VarianProduk (sku, id_produk, harga, stok) VALUES ('SKU000136', 66, 2453022.53, 95);
INSERT IGNORE INTO ProdukVarianAtribut (id_produk, atribut_varian, sku, nilai) VALUES (66, 'STORAGE_INTERNAL', 'SKU000136', '64GB');
INSERT IGNORE INTO VarianProduk (sku, id_produk, harga, stok) VALUES ('SKU000137', 66, 1455936.33, 116);
INSERT IGNORE INTO ProdukVarianAtribut (id_produk, atribut_varian, sku, nilai) VALUES (66, 'MATERIAL', 'SKU000137', 'Polyester Blend');
INSERT IGNORE INTO ProdukVarianAtribut (id_produk, atribut_varian, sku, nilai) VALUES (66, 'RAM', 'SKU000137', '4GB');
INSERT IGNORE INTO Produk (id_produk, id_penjual, nama, deskripsi) VALUES (67, 28, 'Repurpose Enterprise Functionalities Modern', 'Nesciunt laudantium ipsa exercitationem nemo quae eaque. Numquam recusandae maxime deleniti maxime modi esse. Minus pariatur tempore quae. Praesentium ipsa eos quod quas ipsam dolores. Quod ipsam aperiam.');
INSERT IGNORE INTO VarianProduk (sku, id_produk, harga, stok) VALUES ('SKU000138', 67, 2551222.07, 22);
INSERT IGNORE INTO ProdukVarianAtribut (id_produk, atribut_varian, sku, nilai) VALUES (67, 'STORAGE_INTERNAL', 'SKU000138', '128GB');
INSERT IGNORE INTO ProdukVarianAtribut (id_produk, atribut_varian, sku, nilai) VALUES (67, 'RAM', 'SKU000138', '32GB');
INSERT IGNORE INTO ProdukVarianAtribut (id_produk, atribut_varian, sku, nilai) VALUES (67, 'WARNA', 'SKU000138', 'Merah marun');
INSERT IGNORE INTO VarianProduk (sku, id_produk, harga, stok) VALUES ('SKU000139', 67, 2473145.1, 123);
INSERT IGNORE INTO ProdukVarianAtribut (id_produk, atribut_varian, sku, nilai) VALUES (67, 'WARNA', 'SKU000139', 'Emas');
INSERT IGNORE INTO ProdukVarianAtribut (id_produk, atribut_varian, sku, nilai) VALUES (67, 'MATERIAL', 'SKU000139', 'Katun Combed 30s');
INSERT IGNORE INTO ProdukVarianAtribut (id_produk, atribut_varian, sku, nilai) VALUES (67, 'JENIS_KAIN', 'SKU000139', 'Flanel');
INSERT IGNORE INTO VarianProduk (sku, id_produk, harga, stok) VALUES ('SKU000140', 67, 2506792.7, 65);
INSERT IGNORE INTO ProdukVarianAtribut (id_produk, atribut_varian, sku, nilai) VALUES (67, 'WARNA', 'SKU000140', 'Emas');
INSERT IGNORE INTO ProdukVarianAtribut (id_produk, atribut_varian, sku, nilai) VALUES (67, 'RAM', 'SKU000140', '16GB');
INSERT IGNORE INTO ProdukVarianAtribut (id_produk, atribut_varian, sku, nilai) VALUES (67, 'JENIS_KAIN', 'SKU000140', 'Satin');
INSERT IGNORE INTO Produk (id_produk, id_penjual, nama, deskripsi) VALUES (68, 1, 'Whiteboard B2B Deliverables Modern', 'Ducimus commodi fugit dolore. Delectus aliquid architecto quia temporibus adipisci quis. Labore quo provident fuga tenetur. Tenetur saepe at facere dolorum id nesciunt.');
INSERT IGNORE INTO VarianProduk (sku, id_produk, harga, stok) VALUES ('SKU000141', 68, 2226221.23, 62);
INSERT IGNORE INTO ProdukVarianAtribut (id_produk, atribut_varian, sku, nilai) VALUES (68, 'WARNA', 'SKU000141', 'Merah marun');
INSERT IGNORE INTO Produk (id_produk, id_penjual, nama, deskripsi) VALUES (69, 27, 'Deploy Viral Solutions Premium', 'Amet inventore soluta officia sit quae sit. Hic reiciendis illum fugit aliquid laboriosam iste accusantium.');
INSERT IGNORE INTO VarianProduk (sku, id_produk, harga, stok) VALUES ('SKU000142', 69, 2046416.79, 70);
INSERT IGNORE INTO ProdukVarianAtribut (id_produk, atribut_varian, sku, nilai) VALUES (69, 'STORAGE_INTERNAL', 'SKU000142', '64GB');
INSERT IGNORE INTO VarianProduk (sku, id_produk, harga, stok) VALUES ('SKU000143', 69, 1950305.81, 0);
INSERT IGNORE INTO ProdukVarianAtribut (id_produk, atribut_varian, sku, nilai) VALUES (69, 'RAM', 'SKU000143', '16GB');
INSERT IGNORE INTO ProdukVarianAtribut (id_produk, atribut_varian, sku, nilai) VALUES (69, 'JENIS_KAIN', 'SKU000143', 'Satin');
INSERT IGNORE INTO ProdukVarianAtribut (id_produk, atribut_varian, sku, nilai) VALUES (69, 'RESOLUSI_LAYAR', 'SKU000143', 'QHD');
INSERT IGNORE INTO Produk (id_produk, id_penjual, nama, deskripsi) VALUES (70, 44, 'Synthesize Value-Added Roi Edisi Terbatas', 'Ullam numquam dolorum quas nisi consectetur. Atque voluptas veritatis tenetur ipsa quasi quidem commodi. Laboriosam magnam adipisci illo vel labore. Rerum voluptatem culpa fugiat ducimus commodi alias. Repudiandae eos illo labore.');
INSERT IGNORE INTO VarianProduk (sku, id_produk, harga, stok) VALUES ('SKU000144', 70, 1125190.57, 101);
INSERT IGNORE INTO ProdukVarianAtribut (id_produk, atribut_varian, sku, nilai) VALUES (70, 'RESOLUSI_LAYAR', 'SKU000144', 'HD');
INSERT IGNORE INTO Produk (id_produk, id_penjual, nama, deskripsi) VALUES (71, 45, 'Transform Bricks-And-Clicks Roi Premium', 'Aliquam possimus hic repellat totam odio quis. Quia nisi eveniet totam nesciunt.');
INSERT IGNORE INTO VarianProduk (sku, id_produk, harga, stok) VALUES ('SKU000145', 71, 1282043.04, 143);
INSERT IGNORE INTO ProdukVarianAtribut (id_produk, atribut_varian, sku, nilai) VALUES (71, 'STORAGE_INTERNAL', 'SKU000145', '512GB');
INSERT IGNORE INTO ProdukVarianAtribut (id_produk, atribut_varian, sku, nilai) VALUES (71, 'RESOLUSI_LAYAR', 'SKU000145', 'QHD');
INSERT IGNORE INTO ProdukVarianAtribut (id_produk, atribut_varian, sku, nilai) VALUES (71, 'UKURAN', 'SKU000145', 'S');
INSERT IGNORE INTO VarianProduk (sku, id_produk, harga, stok) VALUES ('SKU000146', 71, 521141.11, 76);
INSERT IGNORE INTO ProdukVarianAtribut (id_produk, atribut_varian, sku, nilai) VALUES (71, 'STORAGE_INTERNAL', 'SKU000146', '64GB');
INSERT IGNORE INTO ProdukVarianAtribut (id_produk, atribut_varian, sku, nilai) VALUES (71, 'RESOLUSI_LAYAR', 'SKU000146', 'HD');
INSERT IGNORE INTO Produk (id_produk, id_penjual, nama, deskripsi) VALUES (72, 21, 'Innovate End-To-End Markets Modern', 'Sed amet odit doloribus quasi. Magni ipsum perspiciatis facere assumenda veritatis cumque corporis.');
INSERT IGNORE INTO VarianProduk (sku, id_produk, harga, stok) VALUES ('SKU000147', 72, 2402628.35, 40);
INSERT IGNORE INTO ProdukVarianAtribut (id_produk, atribut_varian, sku, nilai) VALUES (72, 'STORAGE_INTERNAL', 'SKU000147', '256GB');
INSERT IGNORE INTO VarianProduk (sku, id_produk, harga, stok) VALUES ('SKU000148', 72, 1710914.21, 120);
INSERT IGNORE INTO ProdukVarianAtribut (id_produk, atribut_varian, sku, nilai) VALUES (72, 'MATERIAL', 'SKU000148', 'Katun Combed 30s');
INSERT IGNORE INTO ProdukVarianAtribut (id_produk, atribut_varian, sku, nilai) VALUES (72, 'RESOLUSI_LAYAR', 'SKU000148', 'HD');
INSERT IGNORE INTO VarianProduk (sku, id_produk, harga, stok) VALUES ('SKU000149', 72, 1612127.87, 34);
INSERT IGNORE INTO ProdukVarianAtribut (id_produk, atribut_varian, sku, nilai) VALUES (72, 'RESOLUSI_LAYAR', 'SKU000149', 'HD');
INSERT IGNORE INTO Produk (id_produk, id_penjual, nama, deskripsi) VALUES (73, 24, 'Drive Plug-And-Play Interfaces Edisi Terbatas', 'Illum magni facere vero nihil ullam possimus. Sed debitis dignissimos similique corporis alias.');
INSERT IGNORE INTO VarianProduk (sku, id_produk, harga, stok) VALUES ('SKU000150', 73, 1678844.11, 43);
INSERT IGNORE INTO ProdukVarianAtribut (id_produk, atribut_varian, sku, nilai) VALUES (73, 'WARNA', 'SKU000150', 'Merah bata');
INSERT IGNORE INTO ProdukVarianAtribut (id_produk, atribut_varian, sku, nilai) VALUES (73, 'JENIS_KAIN', 'SKU000150', 'Flanel');
INSERT IGNORE INTO ProdukVarianAtribut (id_produk, atribut_varian, sku, nilai) VALUES (73, 'STORAGE_INTERNAL', 'SKU000150', '1TB');
INSERT IGNORE INTO VarianProduk (sku, id_produk, harga, stok) VALUES ('SKU000151', 73, 943042.89, 29);
INSERT IGNORE INTO ProdukVarianAtribut (id_produk, atribut_varian, sku, nilai) VALUES (73, 'RESOLUSI_LAYAR', 'SKU000151', 'HD');
INSERT IGNORE INTO ProdukVarianAtribut (id_produk, atribut_varian, sku, nilai) VALUES (73, 'UKURAN', 'SKU000151', '39');
INSERT IGNORE INTO ProdukVarianAtribut (id_produk, atribut_varian, sku, nilai) VALUES (73, 'MATERIAL', 'SKU000151', 'Kanvas Tebal');
INSERT IGNORE INTO Produk (id_produk, id_penjual, nama, deskripsi) VALUES (74, 22, 'Engage Bleeding-Edge Markets Serbaguna', 'Ratione aliquam cum vel nesciunt ducimus vel officia. Qui repellendus at dolorum odit tenetur.');
INSERT IGNORE INTO VarianProduk (sku, id_produk, harga, stok) VALUES ('SKU000152', 74, 859546.85, 99);
INSERT IGNORE INTO ProdukVarianAtribut (id_produk, atribut_varian, sku, nilai) VALUES (74, 'WARNA', 'SKU000152', 'Coklat');
INSERT IGNORE INTO Produk (id_produk, id_penjual, nama, deskripsi) VALUES (75, 24, 'Strategize Web-Enabled Methodologies Edisi Terbatas', 'Iste corporis non sequi. Inventore ex pariatur aperiam minus sint.');
INSERT IGNORE INTO VarianProduk (sku, id_produk, harga, stok) VALUES ('SKU000153', 75, 1490675.65, 5);
INSERT IGNORE INTO ProdukVarianAtribut (id_produk, atribut_varian, sku, nilai) VALUES (75, 'UKURAN', 'SKU000153', '38');
INSERT IGNORE INTO VarianProduk (sku, id_produk, harga, stok) VALUES ('SKU000154', 75, 236284.52, 49);
INSERT IGNORE INTO ProdukVarianAtribut (id_produk, atribut_varian, sku, nilai) VALUES (75, 'WARNA', 'SKU000154', 'Ungu');
INSERT IGNORE INTO ProdukVarianAtribut (id_produk, atribut_varian, sku, nilai) VALUES (75, 'RESOLUSI_LAYAR', 'SKU000154', '4K');
INSERT IGNORE INTO VarianProduk (sku, id_produk, harga, stok) VALUES ('SKU000155', 75, 749589.47, 54);
INSERT IGNORE INTO ProdukVarianAtribut (id_produk, atribut_varian, sku, nilai) VALUES (75, 'WARNA', 'SKU000155', 'Hijau');
INSERT IGNORE INTO Produk (id_produk, id_penjual, nama, deskripsi) VALUES (76, 15, 'Generate 24/7 Schemas Premium', 'Expedita sint consequatur officiis excepturi quidem veniam animi. Odit explicabo dicta blanditiis fugit. Illum ad reprehenderit quis. Iure illo fuga quos ut error.');
INSERT IGNORE INTO VarianProduk (sku, id_produk, harga, stok) VALUES ('SKU000156', 76, 2268935.5, 97);
INSERT IGNORE INTO ProdukVarianAtribut (id_produk, atribut_varian, sku, nilai) VALUES (76, 'STORAGE_INTERNAL', 'SKU000156', '512GB');
INSERT IGNORE INTO ProdukVarianAtribut (id_produk, atribut_varian, sku, nilai) VALUES (76, 'WARNA', 'SKU000156', 'Hitam');
INSERT IGNORE INTO ProdukVarianAtribut (id_produk, atribut_varian, sku, nilai) VALUES (76, 'RESOLUSI_LAYAR', 'SKU000156', 'QHD');
INSERT IGNORE INTO Produk (id_produk, id_penjual, nama, deskripsi) VALUES (77, 7, 'Maximize Leading-Edge Schemas Serbaguna', 'Veniam pariatur veniam eveniet ipsa laboriosam. Error necessitatibus reprehenderit maiores. Assumenda vitae nam modi suscipit soluta suscipit id. Minima dicta eaque placeat consequuntur. Eius distinctio facere voluptates officiis facere.');
INSERT IGNORE INTO VarianProduk (sku, id_produk, harga, stok) VALUES ('SKU000157', 77, 1091439.65, 140);
INSERT IGNORE INTO ProdukVarianAtribut (id_produk, atribut_varian, sku, nilai) VALUES (77, 'WARNA', 'SKU000157', 'Merah bata');
INSERT IGNORE INTO ProdukVarianAtribut (id_produk, atribut_varian, sku, nilai) VALUES (77, 'RESOLUSI_LAYAR', 'SKU000157', '4K');
INSERT IGNORE INTO Produk (id_produk, id_penjual, nama, deskripsi) VALUES (78, 27, 'Seize 24/7 Models Serbaguna', 'Rem tempore cum tenetur odit. Officiis neque saepe eum minima nam natus labore.');
INSERT IGNORE INTO VarianProduk (sku, id_produk, harga, stok) VALUES ('SKU000158', 78, 1489557.24, 41);
INSERT IGNORE INTO ProdukVarianAtribut (id_produk, atribut_varian, sku, nilai) VALUES (78, 'RESOLUSI_LAYAR', 'SKU000158', '4K');
INSERT IGNORE INTO ProdukVarianAtribut (id_produk, atribut_varian, sku, nilai) VALUES (78, 'WARNA', 'SKU000158', 'Nila');
INSERT IGNORE INTO ProdukVarianAtribut (id_produk, atribut_varian, sku, nilai) VALUES (78, 'JENIS_KAIN', 'SKU000158', 'Rayon');
INSERT IGNORE INTO VarianProduk (sku, id_produk, harga, stok) VALUES ('SKU000159', 78, 2030597.71, 78);
INSERT IGNORE INTO ProdukVarianAtribut (id_produk, atribut_varian, sku, nilai) VALUES (78, 'RAM', 'SKU000159', '8GB');
INSERT IGNORE INTO VarianProduk (sku, id_produk, harga, stok) VALUES ('SKU000160', 78, 444241.91, 88);
INSERT IGNORE INTO ProdukVarianAtribut (id_produk, atribut_varian, sku, nilai) VALUES (78, 'WARNA', 'SKU000160', 'Merah jambu');
INSERT IGNORE INTO Produk (id_produk, id_penjual, nama, deskripsi) VALUES (79, 39, 'Cultivate Sticky Convergence Premium', 'Laudantium quas deserunt quam. Aliquam ex unde deserunt aliquam. Provident nisi ab voluptatum voluptatibus accusamus. Eius assumenda nesciunt ab quis esse natus.');
INSERT IGNORE INTO VarianProduk (sku, id_produk, harga, stok) VALUES ('SKU000161', 79, 1197903.49, 2);
INSERT IGNORE INTO ProdukVarianAtribut (id_produk, atribut_varian, sku, nilai) VALUES (79, 'RAM', 'SKU000161', '32GB');
INSERT IGNORE INTO ProdukVarianAtribut (id_produk, atribut_varian, sku, nilai) VALUES (79, 'UKURAN', 'SKU000161', 'All Size');
INSERT IGNORE INTO Produk (id_produk, id_penjual, nama, deskripsi) VALUES (80, 44, 'Leverage Integrated Platforms Serbaguna', 'Tempora accusamus tempora perferendis doloribus delectus. Ipsa vero voluptatum facere quis fuga debitis.');
INSERT IGNORE INTO VarianProduk (sku, id_produk, harga, stok) VALUES ('SKU000162', 80, 327896.52, 136);
INSERT IGNORE INTO ProdukVarianAtribut (id_produk, atribut_varian, sku, nilai) VALUES (80, 'WARNA', 'SKU000162', 'Zaitun');
INSERT IGNORE INTO ProdukVarianAtribut (id_produk, atribut_varian, sku, nilai) VALUES (80, 'RAM', 'SKU000162', '12GB');
INSERT IGNORE INTO VarianProduk (sku, id_produk, harga, stok) VALUES ('SKU000163', 80, 2932205.6, 119);
INSERT IGNORE INTO ProdukVarianAtribut (id_produk, atribut_varian, sku, nilai) VALUES (80, 'MATERIAL', 'SKU000163', 'Kanvas Tebal');
INSERT IGNORE INTO ProdukVarianAtribut (id_produk, atribut_varian, sku, nilai) VALUES (80, 'UKURAN', 'SKU000163', '39');
INSERT IGNORE INTO ProdukVarianAtribut (id_produk, atribut_varian, sku, nilai) VALUES (80, 'STORAGE_INTERNAL', 'SKU000163', '64GB');
INSERT IGNORE INTO Produk (id_produk, id_penjual, nama, deskripsi) VALUES (81, 45, 'Synthesize Visionary Roi Premium', 'Cum dicta error accusantium officia minima suscipit. Natus quisquam corporis debitis occaecati.');
INSERT IGNORE INTO VarianProduk (sku, id_produk, harga, stok) VALUES ('SKU000164', 81, 92410.69, 113);
INSERT IGNORE INTO ProdukVarianAtribut (id_produk, atribut_varian, sku, nilai) VALUES (81, 'WARNA', 'SKU000164', 'Zaitun');
INSERT IGNORE INTO VarianProduk (sku, id_produk, harga, stok) VALUES ('SKU000165', 81, 512067.93, 47);
INSERT IGNORE INTO ProdukVarianAtribut (id_produk, atribut_varian, sku, nilai) VALUES (81, 'WARNA', 'SKU000165', 'Coklat');
INSERT IGNORE INTO ProdukVarianAtribut (id_produk, atribut_varian, sku, nilai) VALUES (81, 'STORAGE_INTERNAL', 'SKU000165', '128GB');
INSERT IGNORE INTO ProdukVarianAtribut (id_produk, atribut_varian, sku, nilai) VALUES (81, 'JENIS_KAIN', 'SKU000165', 'Flanel');
INSERT IGNORE INTO VarianProduk (sku, id_produk, harga, stok) VALUES ('SKU000166', 81, 494952.1, 64);
INSERT IGNORE INTO ProdukVarianAtribut (id_produk, atribut_varian, sku, nilai) VALUES (81, 'STORAGE_INTERNAL', 'SKU000166', '1TB');
INSERT IGNORE INTO ProdukVarianAtribut (id_produk, atribut_varian, sku, nilai) VALUES (81, 'MATERIAL', 'SKU000166', 'Kulit Sintetis PU');
INSERT IGNORE INTO Produk (id_produk, id_penjual, nama, deskripsi) VALUES (82, 50, 'Brand Robust Relationships Modern', 'Porro dolor voluptatem expedita repellat suscipit illo. Provident temporibus delectus.');
INSERT IGNORE INTO VarianProduk (sku, id_produk, harga, stok) VALUES ('SKU000167', 82, 426895.15, 100);
INSERT IGNORE INTO ProdukVarianAtribut (id_produk, atribut_varian, sku, nilai) VALUES (82, 'STORAGE_INTERNAL', 'SKU000167', '1TB');
INSERT IGNORE INTO ProdukVarianAtribut (id_produk, atribut_varian, sku, nilai) VALUES (82, 'RAM', 'SKU000167', '32GB');
INSERT IGNORE INTO ProdukVarianAtribut (id_produk, atribut_varian, sku, nilai) VALUES (82, 'MATERIAL', 'SKU000167', 'Plastik ABS Food Grade');
INSERT IGNORE INTO Produk (id_produk, id_penjual, nama, deskripsi) VALUES (83, 3, 'Iterate Enterprise Platforms Serbaguna', 'Quis doloribus temporibus et laborum libero officia. Saepe iusto magnam dicta deserunt.');
INSERT IGNORE INTO VarianProduk (sku, id_produk, harga, stok) VALUES ('SKU000168', 83, 1434080.3, 50);
INSERT IGNORE INTO ProdukVarianAtribut (id_produk, atribut_varian, sku, nilai) VALUES (83, 'UKURAN', 'SKU000168', 'L');
INSERT IGNORE INTO ProdukVarianAtribut (id_produk, atribut_varian, sku, nilai) VALUES (83, 'STORAGE_INTERNAL', 'SKU000168', '1TB');
INSERT IGNORE INTO Produk (id_produk, id_penjual, nama, deskripsi) VALUES (84, 32, 'Streamline Out-Of-The-Box Architectures Serbaguna', 'Ducimus officiis nemo. Officia reiciendis rem cum porro.');
INSERT IGNORE INTO VarianProduk (sku, id_produk, harga, stok) VALUES ('SKU000169', 84, 2449453.34, 11);
INSERT IGNORE INTO ProdukVarianAtribut (id_produk, atribut_varian, sku, nilai) VALUES (84, 'RAM', 'SKU000169', '8GB');
INSERT IGNORE INTO ProdukVarianAtribut (id_produk, atribut_varian, sku, nilai) VALUES (84, 'WARNA', 'SKU000169', 'Zaitun');
INSERT IGNORE INTO VarianProduk (sku, id_produk, harga, stok) VALUES ('SKU000170', 84, 117245.72, 79);
INSERT IGNORE INTO ProdukVarianAtribut (id_produk, atribut_varian, sku, nilai) VALUES (84, 'RAM', 'SKU000170', '12GB');
INSERT IGNORE INTO ProdukVarianAtribut (id_produk, atribut_varian, sku, nilai) VALUES (84, 'RESOLUSI_LAYAR', 'SKU000170', 'HD');
INSERT IGNORE INTO VarianProduk (sku, id_produk, harga, stok) VALUES ('SKU000171', 84, 1417099.33, 80);
INSERT IGNORE INTO ProdukVarianAtribut (id_produk, atribut_varian, sku, nilai) VALUES (84, 'JENIS_KAIN', 'SKU000171', 'Rayon');
INSERT IGNORE INTO ProdukVarianAtribut (id_produk, atribut_varian, sku, nilai) VALUES (84, 'MATERIAL', 'SKU000171', 'Kanvas Tebal');
INSERT IGNORE INTO ProdukVarianAtribut (id_produk, atribut_varian, sku, nilai) VALUES (84, 'RAM', 'SKU000171', '16GB');
INSERT IGNORE INTO Produk (id_produk, id_penjual, nama, deskripsi) VALUES (85, 25, 'Iterate Granular Technologies Premium', 'Recusandae illo natus occaecati labore. Eligendi veritatis vel dolorum provident quasi.');
INSERT IGNORE INTO VarianProduk (sku, id_produk, harga, stok) VALUES ('SKU000172', 85, 201049.72, 141);
INSERT IGNORE INTO ProdukVarianAtribut (id_produk, atribut_varian, sku, nilai) VALUES (85, 'JENIS_KAIN', 'SKU000172', 'Rayon');
INSERT IGNORE INTO ProdukVarianAtribut (id_produk, atribut_varian, sku, nilai) VALUES (85, 'RESOLUSI_LAYAR', 'SKU000172', 'QHD');
INSERT IGNORE INTO VarianProduk (sku, id_produk, harga, stok) VALUES ('SKU000173', 85, 2239913.07, 104);
INSERT IGNORE INTO ProdukVarianAtribut (id_produk, atribut_varian, sku, nilai) VALUES (85, 'STORAGE_INTERNAL', 'SKU000173', '256GB');
INSERT IGNORE INTO ProdukVarianAtribut (id_produk, atribut_varian, sku, nilai) VALUES (85, 'RAM', 'SKU000173', '12GB');
INSERT IGNORE INTO Produk (id_produk, id_penjual, nama, deskripsi) VALUES (86, 6, 'Cultivate Efficient Web Services Serbaguna', 'Suscipit reprehenderit distinctio est repudiandae quas quibusdam. Eius dolore aut magni unde beatae ipsam neque. Eos non sapiente exercitationem accusamus magni.');
INSERT IGNORE INTO VarianProduk (sku, id_produk, harga, stok) VALUES ('SKU000174', 86, 937913.23, 9);
INSERT IGNORE INTO ProdukVarianAtribut (id_produk, atribut_varian, sku, nilai) VALUES (86, 'RAM', 'SKU000174', '32GB');
INSERT IGNORE INTO ProdukVarianAtribut (id_produk, atribut_varian, sku, nilai) VALUES (86, 'MATERIAL', 'SKU000174', 'Kulit Sintetis PU');
INSERT IGNORE INTO ProdukVarianAtribut (id_produk, atribut_varian, sku, nilai) VALUES (86, 'WARNA', 'SKU000174', 'Biru');
INSERT IGNORE INTO Produk (id_produk, id_penjual, nama, deskripsi) VALUES (87, 28, 'Harness Holistic Vortals Serbaguna', 'Est at corrupti soluta dolor eum. Occaecati fugiat qui dolores aut ipsa. Earum atque voluptate mollitia nemo nihil.');
INSERT IGNORE INTO VarianProduk (sku, id_produk, harga, stok) VALUES ('SKU000175', 87, 2704033.45, 96);
INSERT IGNORE INTO ProdukVarianAtribut (id_produk, atribut_varian, sku, nilai) VALUES (87, 'MATERIAL', 'SKU000175', 'Polyester Blend');
INSERT IGNORE INTO ProdukVarianAtribut (id_produk, atribut_varian, sku, nilai) VALUES (87, 'STORAGE_INTERNAL', 'SKU000175', '256GB');
INSERT IGNORE INTO VarianProduk (sku, id_produk, harga, stok) VALUES ('SKU000176', 87, 1331057.61, 60);
INSERT IGNORE INTO ProdukVarianAtribut (id_produk, atribut_varian, sku, nilai) VALUES (87, 'MATERIAL', 'SKU000176', 'Stainless Steel 304');
INSERT IGNORE INTO Produk (id_produk, id_penjual, nama, deskripsi) VALUES (88, 32, 'Disintermediate Strategic Functionalities Edisi Terbatas', 'Adipisci exercitationem unde delectus deserunt ex. Cumque exercitationem nihil eos.');
INSERT IGNORE INTO VarianProduk (sku, id_produk, harga, stok) VALUES ('SKU000177', 88, 2908134.02, 48);
INSERT IGNORE INTO ProdukVarianAtribut (id_produk, atribut_varian, sku, nilai) VALUES (88, 'MATERIAL', 'SKU000177', 'Plastik ABS Food Grade');
INSERT IGNORE INTO ProdukVarianAtribut (id_produk, atribut_varian, sku, nilai) VALUES (88, 'WARNA', 'SKU000177', 'Coklat');
INSERT IGNORE INTO VarianProduk (sku, id_produk, harga, stok) VALUES ('SKU000178', 88, 1694842.17, 99);
INSERT IGNORE INTO ProdukVarianAtribut (id_produk, atribut_varian, sku, nilai) VALUES (88, 'RAM', 'SKU000178', '8GB');
INSERT IGNORE INTO ProdukVarianAtribut (id_produk, atribut_varian, sku, nilai) VALUES (88, 'RESOLUSI_LAYAR', 'SKU000178', 'FHD');
INSERT IGNORE INTO VarianProduk (sku, id_produk, harga, stok) VALUES ('SKU000179', 88, 856942.18, 81);
INSERT IGNORE INTO ProdukVarianAtribut (id_produk, atribut_varian, sku, nilai) VALUES (88, 'RESOLUSI_LAYAR', 'SKU000179', '4K');
INSERT IGNORE INTO ProdukVarianAtribut (id_produk, atribut_varian, sku, nilai) VALUES (88, 'STORAGE_INTERNAL', 'SKU000179', '512GB');
INSERT IGNORE INTO Produk (id_produk, id_penjual, nama, deskripsi) VALUES (89, 49, 'Implement Strategic Users Modern', 'Modi ratione nesciunt maiores.');
INSERT IGNORE INTO VarianProduk (sku, id_produk, harga, stok) VALUES ('SKU000180', 89, 1306363.74, 126);
INSERT IGNORE INTO ProdukVarianAtribut (id_produk, atribut_varian, sku, nilai) VALUES (89, 'UKURAN', 'SKU000180', '42');
INSERT IGNORE INTO ProdukVarianAtribut (id_produk, atribut_varian, sku, nilai) VALUES (89, 'RAM', 'SKU000180', '32GB');
INSERT IGNORE INTO ProdukVarianAtribut (id_produk, atribut_varian, sku, nilai) VALUES (89, 'RESOLUSI_LAYAR', 'SKU000180', 'QHD');
INSERT IGNORE INTO Produk (id_produk, id_penjual, nama, deskripsi) VALUES (90, 36, 'Transition Viral Networks Serbaguna', 'Odit numquam animi atque. Molestiae aut eaque est dignissimos velit.');
INSERT IGNORE INTO VarianProduk (sku, id_produk, harga, stok) VALUES ('SKU000181', 90, 2943754.12, 66);
INSERT IGNORE INTO ProdukVarianAtribut (id_produk, atribut_varian, sku, nilai) VALUES (90, 'WARNA', 'SKU000181', 'Hitam');
INSERT IGNORE INTO ProdukVarianAtribut (id_produk, atribut_varian, sku, nilai) VALUES (90, 'UKURAN', 'SKU000181', 'S');
INSERT IGNORE INTO Produk (id_produk, id_penjual, nama, deskripsi) VALUES (91, 43, 'Unleash Magnetic Synergies Modern', 'Amet sapiente non sint. Molestiae id eveniet ea deserunt. Voluptates labore iusto quidem deleniti repellat.');
INSERT IGNORE INTO VarianProduk (sku, id_produk, harga, stok) VALUES ('SKU000182', 91, 387898.59, 110);
INSERT IGNORE INTO ProdukVarianAtribut (id_produk, atribut_varian, sku, nilai) VALUES (91, 'RAM', 'SKU000182', '12GB');
INSERT IGNORE INTO ProdukVarianAtribut (id_produk, atribut_varian, sku, nilai) VALUES (91, 'UKURAN', 'SKU000182', 'L');
INSERT IGNORE INTO VarianProduk (sku, id_produk, harga, stok) VALUES ('SKU000183', 91, 735705.59, 118);
INSERT IGNORE INTO ProdukVarianAtribut (id_produk, atribut_varian, sku, nilai) VALUES (91, 'RAM', 'SKU000183', '4GB');
INSERT IGNORE INTO ProdukVarianAtribut (id_produk, atribut_varian, sku, nilai) VALUES (91, 'JENIS_KAIN', 'SKU000183', 'Rayon');
INSERT IGNORE INTO Produk (id_produk, id_penjual, nama, deskripsi) VALUES (92, 42, 'Drive 24/365 Supply-Chains Edisi Terbatas', 'Modi quasi nobis culpa. Labore distinctio eius dolore. Officia earum quae recusandae assumenda aperiam.');
INSERT IGNORE INTO VarianProduk (sku, id_produk, harga, stok) VALUES ('SKU000184', 92, 2473628.93, 43);
INSERT IGNORE INTO ProdukVarianAtribut (id_produk, atribut_varian, sku, nilai) VALUES (92, 'JENIS_KAIN', 'SKU000184', 'Flanel');
INSERT IGNORE INTO ProdukVarianAtribut (id_produk, atribut_varian, sku, nilai) VALUES (92, 'UKURAN', 'SKU000184', '39');
INSERT IGNORE INTO VarianProduk (sku, id_produk, harga, stok) VALUES ('SKU000185', 92, 2799481.27, 36);
INSERT IGNORE INTO ProdukVarianAtribut (id_produk, atribut_varian, sku, nilai) VALUES (92, 'RESOLUSI_LAYAR', 'SKU000185', 'FHD');
INSERT IGNORE INTO ProdukVarianAtribut (id_produk, atribut_varian, sku, nilai) VALUES (92, 'JENIS_KAIN', 'SKU000185', 'Rayon');
INSERT IGNORE INTO Produk (id_produk, id_penjual, nama, deskripsi) VALUES (93, 2, 'Architect Interactive Networks Edisi Terbatas', 'Ratione iusto eum illo perferendis totam modi. Officia dolorem quaerat non commodi ipsum doloribus. Qui tempore nesciunt nam fugit voluptate.');
INSERT IGNORE INTO VarianProduk (sku, id_produk, harga, stok) VALUES ('SKU000186', 93, 1882657.54, 53);
INSERT IGNORE INTO ProdukVarianAtribut (id_produk, atribut_varian, sku, nilai) VALUES (93, 'MATERIAL', 'SKU000186', 'Katun Combed 30s');
INSERT IGNORE INTO ProdukVarianAtribut (id_produk, atribut_varian, sku, nilai) VALUES (93, 'WARNA', 'SKU000186', 'Biru laut');
INSERT IGNORE INTO ProdukVarianAtribut (id_produk, atribut_varian, sku, nilai) VALUES (93, 'JENIS_KAIN', 'SKU000186', 'Satin');
INSERT IGNORE INTO Produk (id_produk, id_penjual, nama, deskripsi) VALUES (94, 11, 'Envisioneer Next-Generation Schemas Serbaguna', 'Ea consequuntur ea perferendis praesentium distinctio. Repellendus quae mollitia quos alias id fuga.');
INSERT IGNORE INTO VarianProduk (sku, id_produk, harga, stok) VALUES ('SKU000187', 94, 344078.73, 31);
INSERT IGNORE INTO ProdukVarianAtribut (id_produk, atribut_varian, sku, nilai) VALUES (94, 'UKURAN', 'SKU000187', 'L');
INSERT IGNORE INTO ProdukVarianAtribut (id_produk, atribut_varian, sku, nilai) VALUES (94, 'JENIS_KAIN', 'SKU000187', 'Denim');
INSERT IGNORE INTO ProdukVarianAtribut (id_produk, atribut_varian, sku, nilai) VALUES (94, 'RAM', 'SKU000187', '4GB');
INSERT IGNORE INTO Produk (id_produk, id_penjual, nama, deskripsi) VALUES (95, 22, 'Mesh Open-Source Systems Serbaguna', 'Ratione perferendis in. Autem autem ab praesentium dolorum autem.');
INSERT IGNORE INTO VarianProduk (sku, id_produk, harga, stok) VALUES ('SKU000188', 95, 188619.64, 27);
INSERT IGNORE INTO ProdukVarianAtribut (id_produk, atribut_varian, sku, nilai) VALUES (95, 'UKURAN', 'SKU000188', 'All Size');
INSERT IGNORE INTO ProdukVarianAtribut (id_produk, atribut_varian, sku, nilai) VALUES (95, 'WARNA', 'SKU000188', 'Ungu');
INSERT IGNORE INTO VarianProduk (sku, id_produk, harga, stok) VALUES ('SKU000189', 95, 678086.58, 15);
INSERT IGNORE INTO ProdukVarianAtribut (id_produk, atribut_varian, sku, nilai) VALUES (95, 'RAM', 'SKU000189', '32GB');
INSERT IGNORE INTO ProdukVarianAtribut (id_produk, atribut_varian, sku, nilai) VALUES (95, 'MATERIAL', 'SKU000189', 'Katun Combed 30s');
INSERT IGNORE INTO ProdukVarianAtribut (id_produk, atribut_varian, sku, nilai) VALUES (95, 'UKURAN', 'SKU000189', '40');
INSERT IGNORE INTO Produk (id_produk, id_penjual, nama, deskripsi) VALUES (96, 20, 'Visualize Cross-Platform E-Business Modern', 'Possimus id quia error aut suscipit. Tenetur nisi consectetur quam labore. Enim aut consequuntur soluta.');
INSERT IGNORE INTO VarianProduk (sku, id_produk, harga, stok) VALUES ('SKU000190', 96, 387854.34, 124);
INSERT IGNORE INTO ProdukVarianAtribut (id_produk, atribut_varian, sku, nilai) VALUES (96, 'JENIS_KAIN', 'SKU000190', 'Denim');
INSERT IGNORE INTO ProdukVarianAtribut (id_produk, atribut_varian, sku, nilai) VALUES (96, 'WARNA', 'SKU000190', 'Magenta');
INSERT IGNORE INTO VarianProduk (sku, id_produk, harga, stok) VALUES ('SKU000191', 96, 936254.75, 110);
INSERT IGNORE INTO ProdukVarianAtribut (id_produk, atribut_varian, sku, nilai) VALUES (96, 'STORAGE_INTERNAL', 'SKU000191', '1TB');
INSERT IGNORE INTO ProdukVarianAtribut (id_produk, atribut_varian, sku, nilai) VALUES (96, 'UKURAN', 'SKU000191', '40');
INSERT IGNORE INTO ProdukVarianAtribut (id_produk, atribut_varian, sku, nilai) VALUES (96, 'MATERIAL', 'SKU000191', 'Polyester Blend');
INSERT IGNORE INTO Produk (id_produk, id_penjual, nama, deskripsi) VALUES (97, 10, 'Grow Frictionless Solutions Serbaguna', 'Sint quod quod quasi. At ipsum eveniet vitae atque.');
INSERT IGNORE INTO VarianProduk (sku, id_produk, harga, stok) VALUES ('SKU000192', 97, 2700584.14, 62);
INSERT IGNORE INTO ProdukVarianAtribut (id_produk, atribut_varian, sku, nilai) VALUES (97, 'STORAGE_INTERNAL', 'SKU000192', '1TB');
INSERT IGNORE INTO ProdukVarianAtribut (id_produk, atribut_varian, sku, nilai) VALUES (97, 'RAM', 'SKU000192', '12GB');
INSERT IGNORE INTO VarianProduk (sku, id_produk, harga, stok) VALUES ('SKU000193', 97, 2242221.08, 64);
INSERT IGNORE INTO ProdukVarianAtribut (id_produk, atribut_varian, sku, nilai) VALUES (97, 'WARNA', 'SKU000193', 'Abu-abu');
INSERT IGNORE INTO ProdukVarianAtribut (id_produk, atribut_varian, sku, nilai) VALUES (97, 'UKURAN', 'SKU000193', 'All Size');
INSERT IGNORE INTO ProdukVarianAtribut (id_produk, atribut_varian, sku, nilai) VALUES (97, 'MATERIAL', 'SKU000193', 'Katun Combed 30s');
INSERT IGNORE INTO VarianProduk (sku, id_produk, harga, stok) VALUES ('SKU000194', 97, 913328.41, 60);
INSERT IGNORE INTO ProdukVarianAtribut (id_produk, atribut_varian, sku, nilai) VALUES (97, 'RAM', 'SKU000194', '8GB');
INSERT IGNORE INTO ProdukVarianAtribut (id_produk, atribut_varian, sku, nilai) VALUES (97, 'JENIS_KAIN', 'SKU000194', 'Flanel');
INSERT IGNORE INTO ProdukVarianAtribut (id_produk, atribut_varian, sku, nilai) VALUES (97, 'WARNA', 'SKU000194', 'Hitam');
INSERT IGNORE INTO Produk (id_produk, id_penjual, nama, deskripsi) VALUES (98, 47, 'Scale Robust Applications Serbaguna', 'Totam tempore reprehenderit laborum non debitis nostrum. Quidem minima culpa quas dolore.');
INSERT IGNORE INTO VarianProduk (sku, id_produk, harga, stok) VALUES ('SKU000195', 98, 1064935.8, 66);
INSERT IGNORE INTO ProdukVarianAtribut (id_produk, atribut_varian, sku, nilai) VALUES (98, 'WARNA', 'SKU000195', 'Ungu tua');
INSERT IGNORE INTO ProdukVarianAtribut (id_produk, atribut_varian, sku, nilai) VALUES (98, 'RESOLUSI_LAYAR', 'SKU000195', 'QHD');
INSERT IGNORE INTO Produk (id_produk, id_penjual, nama, deskripsi) VALUES (99, 22, 'Utilize Holistic E-Tailers Premium', 'Mollitia ullam reprehenderit architecto repellat ducimus quaerat. Fugit sint nesciunt illo. Eaque eos voluptate eius.');
INSERT IGNORE INTO VarianProduk (sku, id_produk, harga, stok) VALUES ('SKU000196', 99, 2671858.89, 111);
INSERT IGNORE INTO ProdukVarianAtribut (id_produk, atribut_varian, sku, nilai) VALUES (99, 'WARNA', 'SKU000196', 'Merah marun');
INSERT IGNORE INTO ProdukVarianAtribut (id_produk, atribut_varian, sku, nilai) VALUES (99, 'RAM', 'SKU000196', '16GB');
INSERT IGNORE INTO VarianProduk (sku, id_produk, harga, stok) VALUES ('SKU000197', 99, 251322.88, 122);
INSERT IGNORE INTO ProdukVarianAtribut (id_produk, atribut_varian, sku, nilai) VALUES (99, 'MATERIAL', 'SKU000197', 'Kanvas Tebal');
INSERT IGNORE INTO Produk (id_produk, id_penjual, nama, deskripsi) VALUES (100, 33, 'Iterate Magnetic Metrics Serbaguna', 'Ea vero facilis optio. Ab quos culpa perspiciatis animi magnam. Neque accusamus amet asperiores est. Explicabo placeat nesciunt molestiae ea.');
INSERT IGNORE INTO VarianProduk (sku, id_produk, harga, stok) VALUES ('SKU000198', 100, 428654.38, 135);
INSERT IGNORE INTO ProdukVarianAtribut (id_produk, atribut_varian, sku, nilai) VALUES (100, 'WARNA', 'SKU000198', 'Hijau tua');
INSERT IGNORE INTO VarianProduk (sku, id_produk, harga, stok) VALUES ('SKU000199', 100, 324670.47, 28);
INSERT IGNORE INTO ProdukVarianAtribut (id_produk, atribut_varian, sku, nilai) VALUES (100, 'MATERIAL', 'SKU000199', 'Katun Combed 30s');
INSERT IGNORE INTO ProdukVarianAtribut (id_produk, atribut_varian, sku, nilai) VALUES (100, 'RESOLUSI_LAYAR', 'SKU000199', 'FHD');
INSERT IGNORE INTO VarianProduk (sku, id_produk, harga, stok) VALUES ('SKU000200', 100, 1935428.18, 3);
INSERT IGNORE INTO ProdukVarianAtribut (id_produk, atribut_varian, sku, nilai) VALUES (100, 'RAM', 'SKU000200', '32GB');

-- Gambar
INSERT IGNORE INTO Gambar (id_gambar, gambar) VALUES (1, 'img/item/placeholder_1.jpg');
INSERT IGNORE INTO Gambar (id_gambar, gambar) VALUES (2, 'img/item/placeholder_2.jpg');
INSERT IGNORE INTO Gambar (id_gambar, gambar) VALUES (3, 'img/item/placeholder_3.jpg');
INSERT IGNORE INTO Gambar (id_gambar, gambar) VALUES (4, 'img/item/placeholder_4.jpg');
INSERT IGNORE INTO Gambar (id_gambar, gambar) VALUES (5, 'img/item/placeholder_5.jpg');
INSERT IGNORE INTO Gambar (id_gambar, gambar) VALUES (6, 'img/item/placeholder_6.jpg');
INSERT IGNORE INTO Gambar (id_gambar, gambar) VALUES (7, 'img/item/placeholder_7.jpg');
INSERT IGNORE INTO Gambar (id_gambar, gambar) VALUES (8, 'img/item/placeholder_8.jpg');
INSERT IGNORE INTO Gambar (id_gambar, gambar) VALUES (9, 'img/item/placeholder_9.jpg');
INSERT IGNORE INTO Gambar (id_gambar, gambar) VALUES (10, 'img/item/placeholder_10.jpg');
INSERT IGNORE INTO Gambar (id_gambar, gambar) VALUES (11, 'img/item/placeholder_11.jpg');
INSERT IGNORE INTO Gambar (id_gambar, gambar) VALUES (12, 'img/item/placeholder_12.jpg');
INSERT IGNORE INTO Gambar (id_gambar, gambar) VALUES (13, 'img/item/placeholder_13.jpg');
INSERT IGNORE INTO Gambar (id_gambar, gambar) VALUES (14, 'img/item/placeholder_14.jpg');
INSERT IGNORE INTO Gambar (id_gambar, gambar) VALUES (15, 'img/item/placeholder_15.jpg');
INSERT IGNORE INTO Gambar (id_gambar, gambar) VALUES (16, 'img/item/placeholder_16.jpg');
INSERT IGNORE INTO Gambar (id_gambar, gambar) VALUES (17, 'img/item/placeholder_17.jpg');
INSERT IGNORE INTO Gambar (id_gambar, gambar) VALUES (18, 'img/item/placeholder_18.jpg');
INSERT IGNORE INTO Gambar (id_gambar, gambar) VALUES (19, 'img/item/placeholder_19.jpg');
INSERT IGNORE INTO Gambar (id_gambar, gambar) VALUES (20, 'img/item/placeholder_20.jpg');
INSERT IGNORE INTO Gambar (id_gambar, gambar) VALUES (21, 'img/item/placeholder_21.jpg');
INSERT IGNORE INTO Gambar (id_gambar, gambar) VALUES (22, 'img/item/placeholder_22.jpg');
INSERT IGNORE INTO Gambar (id_gambar, gambar) VALUES (23, 'img/item/placeholder_23.jpg');
INSERT IGNORE INTO Gambar (id_gambar, gambar) VALUES (24, 'img/item/placeholder_24.jpg');
INSERT IGNORE INTO Gambar (id_gambar, gambar) VALUES (25, 'img/item/placeholder_25.jpg');
INSERT IGNORE INTO Gambar (id_gambar, gambar) VALUES (26, 'img/item/placeholder_26.jpg');
INSERT IGNORE INTO Gambar (id_gambar, gambar) VALUES (27, 'img/item/placeholder_27.jpg');
INSERT IGNORE INTO Gambar (id_gambar, gambar) VALUES (28, 'img/item/placeholder_28.jpg');
INSERT IGNORE INTO Gambar (id_gambar, gambar) VALUES (29, 'img/item/placeholder_29.jpg');
INSERT IGNORE INTO Gambar (id_gambar, gambar) VALUES (30, 'img/item/placeholder_30.jpg');
INSERT IGNORE INTO Gambar (id_gambar, gambar) VALUES (31, 'img/item/placeholder_31.jpg');
INSERT IGNORE INTO Gambar (id_gambar, gambar) VALUES (32, 'img/item/placeholder_32.jpg');
INSERT IGNORE INTO Gambar (id_gambar, gambar) VALUES (33, 'img/item/placeholder_33.jpg');
INSERT IGNORE INTO Gambar (id_gambar, gambar) VALUES (34, 'img/item/placeholder_34.jpg');
INSERT IGNORE INTO Gambar (id_gambar, gambar) VALUES (35, 'img/item/placeholder_35.jpg');
INSERT IGNORE INTO Gambar (id_gambar, gambar) VALUES (36, 'img/item/placeholder_36.jpg');
INSERT IGNORE INTO Gambar (id_gambar, gambar) VALUES (37, 'img/item/placeholder_37.jpg');
INSERT IGNORE INTO Gambar (id_gambar, gambar) VALUES (38, 'img/item/placeholder_38.jpg');
INSERT IGNORE INTO Gambar (id_gambar, gambar) VALUES (39, 'img/item/placeholder_39.jpg');
INSERT IGNORE INTO Gambar (id_gambar, gambar) VALUES (40, 'img/item/placeholder_40.jpg');
INSERT IGNORE INTO Gambar (id_gambar, gambar) VALUES (41, 'img/item/placeholder_41.jpg');
INSERT IGNORE INTO Gambar (id_gambar, gambar) VALUES (42, 'img/item/placeholder_42.jpg');
INSERT IGNORE INTO Gambar (id_gambar, gambar) VALUES (43, 'img/item/placeholder_43.jpg');
INSERT IGNORE INTO Gambar (id_gambar, gambar) VALUES (44, 'img/item/placeholder_44.jpg');
INSERT IGNORE INTO Gambar (id_gambar, gambar) VALUES (45, 'img/item/placeholder_45.jpg');
INSERT IGNORE INTO Gambar (id_gambar, gambar) VALUES (46, 'img/item/placeholder_46.jpg');
INSERT IGNORE INTO Gambar (id_gambar, gambar) VALUES (47, 'img/item/placeholder_47.jpg');
INSERT IGNORE INTO Gambar (id_gambar, gambar) VALUES (48, 'img/item/placeholder_48.jpg');
INSERT IGNORE INTO Gambar (id_gambar, gambar) VALUES (49, 'img/item/placeholder_49.jpg');
INSERT IGNORE INTO Gambar (id_gambar, gambar) VALUES (50, 'img/item/placeholder_50.jpg');
INSERT IGNORE INTO Gambar (id_gambar, gambar) VALUES (51, 'img/item/placeholder_51.jpg');
INSERT IGNORE INTO Gambar (id_gambar, gambar) VALUES (52, 'img/item/placeholder_52.jpg');
INSERT IGNORE INTO Gambar (id_gambar, gambar) VALUES (53, 'img/item/placeholder_53.jpg');
INSERT IGNORE INTO Gambar (id_gambar, gambar) VALUES (54, 'img/item/placeholder_54.jpg');
INSERT IGNORE INTO Gambar (id_gambar, gambar) VALUES (55, 'img/item/placeholder_55.jpg');
INSERT IGNORE INTO Gambar (id_gambar, gambar) VALUES (56, 'img/item/placeholder_56.jpg');
INSERT IGNORE INTO Gambar (id_gambar, gambar) VALUES (57, 'img/item/placeholder_57.jpg');
INSERT IGNORE INTO Gambar (id_gambar, gambar) VALUES (58, 'img/item/placeholder_58.jpg');
INSERT IGNORE INTO Gambar (id_gambar, gambar) VALUES (59, 'img/item/placeholder_59.jpg');
INSERT IGNORE INTO Gambar (id_gambar, gambar) VALUES (60, 'img/item/placeholder_60.jpg');
INSERT IGNORE INTO Gambar (id_gambar, gambar) VALUES (61, 'img/item/placeholder_61.jpg');
INSERT IGNORE INTO Gambar (id_gambar, gambar) VALUES (62, 'img/item/placeholder_62.jpg');
INSERT IGNORE INTO Gambar (id_gambar, gambar) VALUES (63, 'img/item/placeholder_63.jpg');
INSERT IGNORE INTO Gambar (id_gambar, gambar) VALUES (64, 'img/item/placeholder_64.jpg');
INSERT IGNORE INTO Gambar (id_gambar, gambar) VALUES (65, 'img/item/placeholder_65.jpg');
INSERT IGNORE INTO Gambar (id_gambar, gambar) VALUES (66, 'img/item/placeholder_66.jpg');
INSERT IGNORE INTO Gambar (id_gambar, gambar) VALUES (67, 'img/item/placeholder_67.jpg');
INSERT IGNORE INTO Gambar (id_gambar, gambar) VALUES (68, 'img/item/placeholder_68.jpg');
INSERT IGNORE INTO Gambar (id_gambar, gambar) VALUES (69, 'img/item/placeholder_69.jpg');
INSERT IGNORE INTO Gambar (id_gambar, gambar) VALUES (70, 'img/item/placeholder_70.jpg');
INSERT IGNORE INTO Gambar (id_gambar, gambar) VALUES (71, 'img/item/placeholder_71.jpg');
INSERT IGNORE INTO Gambar (id_gambar, gambar) VALUES (72, 'img/item/placeholder_72.jpg');
INSERT IGNORE INTO Gambar (id_gambar, gambar) VALUES (73, 'img/item/placeholder_73.jpg');
INSERT IGNORE INTO Gambar (id_gambar, gambar) VALUES (74, 'img/item/placeholder_74.jpg');
INSERT IGNORE INTO Gambar (id_gambar, gambar) VALUES (75, 'img/item/placeholder_75.jpg');
INSERT IGNORE INTO Gambar (id_gambar, gambar) VALUES (76, 'img/item/placeholder_76.jpg');
INSERT IGNORE INTO Gambar (id_gambar, gambar) VALUES (77, 'img/item/placeholder_77.jpg');
INSERT IGNORE INTO Gambar (id_gambar, gambar) VALUES (78, 'img/item/placeholder_78.jpg');
INSERT IGNORE INTO Gambar (id_gambar, gambar) VALUES (79, 'img/item/placeholder_79.jpg');
INSERT IGNORE INTO Gambar (id_gambar, gambar) VALUES (80, 'img/item/placeholder_80.jpg');
INSERT IGNORE INTO Gambar (id_gambar, gambar) VALUES (81, 'img/item/placeholder_81.jpg');
INSERT IGNORE INTO Gambar (id_gambar, gambar) VALUES (82, 'img/item/placeholder_82.jpg');
INSERT IGNORE INTO Gambar (id_gambar, gambar) VALUES (83, 'img/item/placeholder_83.jpg');
INSERT IGNORE INTO Gambar (id_gambar, gambar) VALUES (84, 'img/item/placeholder_84.jpg');
INSERT IGNORE INTO Gambar (id_gambar, gambar) VALUES (85, 'img/item/placeholder_85.jpg');
INSERT IGNORE INTO Gambar (id_gambar, gambar) VALUES (86, 'img/item/placeholder_86.jpg');
INSERT IGNORE INTO Gambar (id_gambar, gambar) VALUES (87, 'img/item/placeholder_87.jpg');
INSERT IGNORE INTO Gambar (id_gambar, gambar) VALUES (88, 'img/item/placeholder_88.jpg');
INSERT IGNORE INTO Gambar (id_gambar, gambar) VALUES (89, 'img/item/placeholder_89.jpg');
INSERT IGNORE INTO Gambar (id_gambar, gambar) VALUES (90, 'img/item/placeholder_90.jpg');
INSERT IGNORE INTO Gambar (id_gambar, gambar) VALUES (91, 'img/item/placeholder_91.jpg');
INSERT IGNORE INTO Gambar (id_gambar, gambar) VALUES (92, 'img/item/placeholder_92.jpg');
INSERT IGNORE INTO Gambar (id_gambar, gambar) VALUES (93, 'img/item/placeholder_93.jpg');
INSERT IGNORE INTO Gambar (id_gambar, gambar) VALUES (94, 'img/item/placeholder_94.jpg');
INSERT IGNORE INTO Gambar (id_gambar, gambar) VALUES (95, 'img/item/placeholder_95.jpg');
INSERT IGNORE INTO Gambar (id_gambar, gambar) VALUES (96, 'img/item/placeholder_96.jpg');
INSERT IGNORE INTO Gambar (id_gambar, gambar) VALUES (97, 'img/item/placeholder_97.jpg');
INSERT IGNORE INTO Gambar (id_gambar, gambar) VALUES (98, 'img/item/placeholder_98.jpg');
INSERT IGNORE INTO Gambar (id_gambar, gambar) VALUES (99, 'img/item/placeholder_99.jpg');
INSERT IGNORE INTO Gambar (id_gambar, gambar) VALUES (100, 'img/item/placeholder_100.jpg');
INSERT IGNORE INTO Gambar (id_gambar, gambar) VALUES (101, 'img/item/placeholder_101.jpg');
INSERT IGNORE INTO Gambar (id_gambar, gambar) VALUES (102, 'img/item/placeholder_102.jpg');
INSERT IGNORE INTO Gambar (id_gambar, gambar) VALUES (103, 'img/item/placeholder_103.jpg');
INSERT IGNORE INTO Gambar (id_gambar, gambar) VALUES (104, 'img/item/placeholder_104.jpg');
INSERT IGNORE INTO Gambar (id_gambar, gambar) VALUES (105, 'img/item/placeholder_105.jpg');
INSERT IGNORE INTO Gambar (id_gambar, gambar) VALUES (106, 'img/item/placeholder_106.jpg');
INSERT IGNORE INTO Gambar (id_gambar, gambar) VALUES (107, 'img/item/placeholder_107.jpg');
INSERT IGNORE INTO Gambar (id_gambar, gambar) VALUES (108, 'img/item/placeholder_108.jpg');
INSERT IGNORE INTO Gambar (id_gambar, gambar) VALUES (109, 'img/item/placeholder_109.jpg');
INSERT IGNORE INTO Gambar (id_gambar, gambar) VALUES (110, 'img/item/placeholder_110.jpg');
INSERT IGNORE INTO Gambar (id_gambar, gambar) VALUES (111, 'img/item/placeholder_111.jpg');
INSERT IGNORE INTO Gambar (id_gambar, gambar) VALUES (112, 'img/item/placeholder_112.jpg');
INSERT IGNORE INTO Gambar (id_gambar, gambar) VALUES (113, 'img/item/placeholder_113.jpg');
INSERT IGNORE INTO Gambar (id_gambar, gambar) VALUES (114, 'img/item/placeholder_114.jpg');
INSERT IGNORE INTO Gambar (id_gambar, gambar) VALUES (115, 'img/item/placeholder_115.jpg');
INSERT IGNORE INTO Gambar (id_gambar, gambar) VALUES (116, 'img/item/placeholder_116.jpg');
INSERT IGNORE INTO Gambar (id_gambar, gambar) VALUES (117, 'img/item/placeholder_117.jpg');
INSERT IGNORE INTO Gambar (id_gambar, gambar) VALUES (118, 'img/item/placeholder_118.jpg');
INSERT IGNORE INTO Gambar (id_gambar, gambar) VALUES (119, 'img/item/placeholder_119.jpg');
INSERT IGNORE INTO Gambar (id_gambar, gambar) VALUES (120, 'img/item/placeholder_120.jpg');
INSERT IGNORE INTO Gambar (id_gambar, gambar) VALUES (121, 'img/item/placeholder_121.jpg');
INSERT IGNORE INTO Gambar (id_gambar, gambar) VALUES (122, 'img/item/placeholder_122.jpg');
INSERT IGNORE INTO Gambar (id_gambar, gambar) VALUES (123, 'img/item/placeholder_123.jpg');
INSERT IGNORE INTO Gambar (id_gambar, gambar) VALUES (124, 'img/item/placeholder_124.jpg');
INSERT IGNORE INTO Gambar (id_gambar, gambar) VALUES (125, 'img/item/placeholder_125.jpg');
INSERT IGNORE INTO Gambar (id_gambar, gambar) VALUES (126, 'img/item/placeholder_126.jpg');
INSERT IGNORE INTO Gambar (id_gambar, gambar) VALUES (127, 'img/item/placeholder_127.jpg');
INSERT IGNORE INTO Gambar (id_gambar, gambar) VALUES (128, 'img/item/placeholder_128.jpg');
INSERT IGNORE INTO Gambar (id_gambar, gambar) VALUES (129, 'img/item/placeholder_129.jpg');
INSERT IGNORE INTO Gambar (id_gambar, gambar) VALUES (130, 'img/item/placeholder_130.jpg');
INSERT IGNORE INTO Gambar (id_gambar, gambar) VALUES (131, 'img/item/placeholder_131.jpg');
INSERT IGNORE INTO Gambar (id_gambar, gambar) VALUES (132, 'img/item/placeholder_132.jpg');
INSERT IGNORE INTO Gambar (id_gambar, gambar) VALUES (133, 'img/item/placeholder_133.jpg');
INSERT IGNORE INTO Gambar (id_gambar, gambar) VALUES (134, 'img/item/placeholder_134.jpg');
INSERT IGNORE INTO Gambar (id_gambar, gambar) VALUES (135, 'img/item/placeholder_135.jpg');
INSERT IGNORE INTO Gambar (id_gambar, gambar) VALUES (136, 'img/item/placeholder_136.jpg');
INSERT IGNORE INTO Gambar (id_gambar, gambar) VALUES (137, 'img/item/placeholder_137.jpg');
INSERT IGNORE INTO Gambar (id_gambar, gambar) VALUES (138, 'img/item/placeholder_138.jpg');
INSERT IGNORE INTO Gambar (id_gambar, gambar) VALUES (139, 'img/item/placeholder_139.jpg');
INSERT IGNORE INTO Gambar (id_gambar, gambar) VALUES (140, 'img/item/placeholder_140.jpg');
INSERT IGNORE INTO Gambar (id_gambar, gambar) VALUES (141, 'img/item/placeholder_141.jpg');
INSERT IGNORE INTO Gambar (id_gambar, gambar) VALUES (142, 'img/item/placeholder_142.jpg');
INSERT IGNORE INTO Gambar (id_gambar, gambar) VALUES (143, 'img/item/placeholder_143.jpg');
INSERT IGNORE INTO Gambar (id_gambar, gambar) VALUES (144, 'img/item/placeholder_144.jpg');
INSERT IGNORE INTO Gambar (id_gambar, gambar) VALUES (145, 'img/item/placeholder_145.jpg');
INSERT IGNORE INTO Gambar (id_gambar, gambar) VALUES (146, 'img/item/placeholder_146.jpg');
INSERT IGNORE INTO Gambar (id_gambar, gambar) VALUES (147, 'img/item/placeholder_147.jpg');
INSERT IGNORE INTO Gambar (id_gambar, gambar) VALUES (148, 'img/item/placeholder_148.jpg');
INSERT IGNORE INTO Gambar (id_gambar, gambar) VALUES (149, 'img/item/placeholder_149.jpg');
INSERT IGNORE INTO Gambar (id_gambar, gambar) VALUES (150, 'img/item/placeholder_150.jpg');
INSERT IGNORE INTO Gambar (id_gambar, gambar) VALUES (151, 'img/item/placeholder_151.jpg');
INSERT IGNORE INTO Gambar (id_gambar, gambar) VALUES (152, 'img/item/placeholder_152.jpg');
INSERT IGNORE INTO Gambar (id_gambar, gambar) VALUES (153, 'img/item/placeholder_153.jpg');
INSERT IGNORE INTO Gambar (id_gambar, gambar) VALUES (154, 'img/item/placeholder_154.jpg');
INSERT IGNORE INTO Gambar (id_gambar, gambar) VALUES (155, 'img/item/placeholder_155.jpg');
INSERT IGNORE INTO Gambar (id_gambar, gambar) VALUES (156, 'img/item/placeholder_156.jpg');
INSERT IGNORE INTO Gambar (id_gambar, gambar) VALUES (157, 'img/item/placeholder_157.jpg');
INSERT IGNORE INTO Gambar (id_gambar, gambar) VALUES (158, 'img/item/placeholder_158.jpg');
INSERT IGNORE INTO Gambar (id_gambar, gambar) VALUES (159, 'img/item/placeholder_159.jpg');
INSERT IGNORE INTO Gambar (id_gambar, gambar) VALUES (160, 'img/item/placeholder_160.jpg');
INSERT IGNORE INTO Gambar (id_gambar, gambar) VALUES (161, 'img/item/placeholder_161.jpg');
INSERT IGNORE INTO Gambar (id_gambar, gambar) VALUES (162, 'img/item/placeholder_162.jpg');
INSERT IGNORE INTO Gambar (id_gambar, gambar) VALUES (163, 'img/item/placeholder_163.jpg');
INSERT IGNORE INTO Gambar (id_gambar, gambar) VALUES (164, 'img/item/placeholder_164.jpg');
INSERT IGNORE INTO Gambar (id_gambar, gambar) VALUES (165, 'img/item/placeholder_165.jpg');
INSERT IGNORE INTO Gambar (id_gambar, gambar) VALUES (166, 'img/item/placeholder_166.jpg');
INSERT IGNORE INTO Gambar (id_gambar, gambar) VALUES (167, 'img/item/placeholder_167.jpg');
INSERT IGNORE INTO Gambar (id_gambar, gambar) VALUES (168, 'img/item/placeholder_168.jpg');
INSERT IGNORE INTO Gambar (id_gambar, gambar) VALUES (169, 'img/item/placeholder_169.jpg');
INSERT IGNORE INTO Gambar (id_gambar, gambar) VALUES (170, 'img/item/placeholder_170.jpg');
INSERT IGNORE INTO Gambar (id_gambar, gambar) VALUES (171, 'img/item/placeholder_171.jpg');
INSERT IGNORE INTO Gambar (id_gambar, gambar) VALUES (172, 'img/item/placeholder_172.jpg');
INSERT IGNORE INTO Gambar (id_gambar, gambar) VALUES (173, 'img/item/placeholder_173.jpg');
INSERT IGNORE INTO Gambar (id_gambar, gambar) VALUES (174, 'img/item/placeholder_174.jpg');
INSERT IGNORE INTO Gambar (id_gambar, gambar) VALUES (175, 'img/item/placeholder_175.jpg');
INSERT IGNORE INTO Gambar (id_gambar, gambar) VALUES (176, 'img/item/placeholder_176.jpg');
INSERT IGNORE INTO Gambar (id_gambar, gambar) VALUES (177, 'img/item/placeholder_177.jpg');
INSERT IGNORE INTO Gambar (id_gambar, gambar) VALUES (178, 'img/item/placeholder_178.jpg');
INSERT IGNORE INTO Gambar (id_gambar, gambar) VALUES (179, 'img/item/placeholder_179.jpg');
INSERT IGNORE INTO Gambar (id_gambar, gambar) VALUES (180, 'img/item/placeholder_180.jpg');
INSERT IGNORE INTO Gambar (id_gambar, gambar) VALUES (181, 'img/item/placeholder_181.jpg');
INSERT IGNORE INTO Gambar (id_gambar, gambar) VALUES (182, 'img/item/placeholder_182.jpg');
INSERT IGNORE INTO Gambar (id_gambar, gambar) VALUES (183, 'img/item/placeholder_183.jpg');
INSERT IGNORE INTO Gambar (id_gambar, gambar) VALUES (184, 'img/item/placeholder_184.jpg');
INSERT IGNORE INTO Gambar (id_gambar, gambar) VALUES (185, 'img/item/placeholder_185.jpg');
INSERT IGNORE INTO Gambar (id_gambar, gambar) VALUES (186, 'img/item/placeholder_186.jpg');
INSERT IGNORE INTO Gambar (id_gambar, gambar) VALUES (187, 'img/item/placeholder_187.jpg');
INSERT IGNORE INTO Gambar (id_gambar, gambar) VALUES (188, 'img/item/placeholder_188.jpg');
INSERT IGNORE INTO Gambar (id_gambar, gambar) VALUES (189, 'img/item/placeholder_189.jpg');
INSERT IGNORE INTO Gambar (id_gambar, gambar) VALUES (190, 'img/item/placeholder_190.jpg');
INSERT IGNORE INTO Gambar (id_gambar, gambar) VALUES (191, 'img/item/placeholder_191.jpg');
INSERT IGNORE INTO Gambar (id_gambar, gambar) VALUES (192, 'img/item/placeholder_192.jpg');
INSERT IGNORE INTO Gambar (id_gambar, gambar) VALUES (193, 'img/item/placeholder_193.jpg');
INSERT IGNORE INTO Gambar (id_gambar, gambar) VALUES (194, 'img/item/placeholder_194.jpg');
INSERT IGNORE INTO Gambar (id_gambar, gambar) VALUES (195, 'img/item/placeholder_195.jpg');
INSERT IGNORE INTO Gambar (id_gambar, gambar) VALUES (196, 'img/item/placeholder_196.jpg');
INSERT IGNORE INTO Gambar (id_gambar, gambar) VALUES (197, 'img/item/placeholder_197.jpg');
INSERT IGNORE INTO Gambar (id_gambar, gambar) VALUES (198, 'img/item/placeholder_198.jpg');
INSERT IGNORE INTO Gambar (id_gambar, gambar) VALUES (199, 'img/item/placeholder_199.jpg');
INSERT IGNORE INTO Gambar (id_gambar, gambar) VALUES (200, 'img/item/placeholder_200.jpg');

-- GambarProduk
INSERT IGNORE INTO GambarProduk (id_produk, id_gambar) VALUES (1, 21);
INSERT IGNORE INTO GambarProduk (id_produk, id_gambar) VALUES (2, 175);
INSERT IGNORE INTO GambarProduk (id_produk, id_gambar) VALUES (2, 66);
INSERT IGNORE INTO GambarProduk (id_produk, id_gambar) VALUES (3, 28);
INSERT IGNORE INTO GambarProduk (id_produk, id_gambar) VALUES (3, 114);
INSERT IGNORE INTO GambarProduk (id_produk, id_gambar) VALUES (4, 62);
INSERT IGNORE INTO GambarProduk (id_produk, id_gambar) VALUES (4, 198);
INSERT IGNORE INTO GambarProduk (id_produk, id_gambar) VALUES (5, 53);
INSERT IGNORE INTO GambarProduk (id_produk, id_gambar) VALUES (6, 194);
INSERT IGNORE INTO GambarProduk (id_produk, id_gambar) VALUES (6, 174);
INSERT IGNORE INTO GambarProduk (id_produk, id_gambar) VALUES (7, 67);
INSERT IGNORE INTO GambarProduk (id_produk, id_gambar) VALUES (8, 119);
INSERT IGNORE INTO GambarProduk (id_produk, id_gambar) VALUES (8, 3);
INSERT IGNORE INTO GambarProduk (id_produk, id_gambar) VALUES (8, 81);
INSERT IGNORE INTO GambarProduk (id_produk, id_gambar) VALUES (9, 157);
INSERT IGNORE INTO GambarProduk (id_produk, id_gambar) VALUES (9, 25);
INSERT IGNORE INTO GambarProduk (id_produk, id_gambar) VALUES (9, 165);
INSERT IGNORE INTO GambarProduk (id_produk, id_gambar) VALUES (10, 192);
INSERT IGNORE INTO GambarProduk (id_produk, id_gambar) VALUES (10, 56);
INSERT IGNORE INTO GambarProduk (id_produk, id_gambar) VALUES (10, 53);
INSERT IGNORE INTO GambarProduk (id_produk, id_gambar) VALUES (11, 76);
INSERT IGNORE INTO GambarProduk (id_produk, id_gambar) VALUES (11, 134);
INSERT IGNORE INTO GambarProduk (id_produk, id_gambar) VALUES (12, 17);
INSERT IGNORE INTO GambarProduk (id_produk, id_gambar) VALUES (12, 93);
INSERT IGNORE INTO GambarProduk (id_produk, id_gambar) VALUES (13, 116);
INSERT IGNORE INTO GambarProduk (id_produk, id_gambar) VALUES (13, 74);
INSERT IGNORE INTO GambarProduk (id_produk, id_gambar) VALUES (14, 159);
INSERT IGNORE INTO GambarProduk (id_produk, id_gambar) VALUES (14, 57);
INSERT IGNORE INTO GambarProduk (id_produk, id_gambar) VALUES (15, 63);
INSERT IGNORE INTO GambarProduk (id_produk, id_gambar) VALUES (15, 159);
INSERT IGNORE INTO GambarProduk (id_produk, id_gambar) VALUES (15, 3);
INSERT IGNORE INTO GambarProduk (id_produk, id_gambar) VALUES (16, 192);
INSERT IGNORE INTO GambarProduk (id_produk, id_gambar) VALUES (16, 128);
INSERT IGNORE INTO GambarProduk (id_produk, id_gambar) VALUES (16, 161);
INSERT IGNORE INTO GambarProduk (id_produk, id_gambar) VALUES (17, 109);
INSERT IGNORE INTO GambarProduk (id_produk, id_gambar) VALUES (17, 32);
INSERT IGNORE INTO GambarProduk (id_produk, id_gambar) VALUES (18, 36);
INSERT IGNORE INTO GambarProduk (id_produk, id_gambar) VALUES (19, 57);
INSERT IGNORE INTO GambarProduk (id_produk, id_gambar) VALUES (19, 180);
INSERT IGNORE INTO GambarProduk (id_produk, id_gambar) VALUES (19, 98);
INSERT IGNORE INTO GambarProduk (id_produk, id_gambar) VALUES (20, 51);
INSERT IGNORE INTO GambarProduk (id_produk, id_gambar) VALUES (20, 92);
INSERT IGNORE INTO GambarProduk (id_produk, id_gambar) VALUES (20, 63);
INSERT IGNORE INTO GambarProduk (id_produk, id_gambar) VALUES (21, 106);
INSERT IGNORE INTO GambarProduk (id_produk, id_gambar) VALUES (22, 128);
INSERT IGNORE INTO GambarProduk (id_produk, id_gambar) VALUES (23, 190);
INSERT IGNORE INTO GambarProduk (id_produk, id_gambar) VALUES (23, 146);
INSERT IGNORE INTO GambarProduk (id_produk, id_gambar) VALUES (23, 29);
INSERT IGNORE INTO GambarProduk (id_produk, id_gambar) VALUES (24, 139);
INSERT IGNORE INTO GambarProduk (id_produk, id_gambar) VALUES (24, 5);
INSERT IGNORE INTO GambarProduk (id_produk, id_gambar) VALUES (24, 102);
INSERT IGNORE INTO GambarProduk (id_produk, id_gambar) VALUES (25, 8);
INSERT IGNORE INTO GambarProduk (id_produk, id_gambar) VALUES (26, 10);
INSERT IGNORE INTO GambarProduk (id_produk, id_gambar) VALUES (27, 145);
INSERT IGNORE INTO GambarProduk (id_produk, id_gambar) VALUES (28, 192);
INSERT IGNORE INTO GambarProduk (id_produk, id_gambar) VALUES (29, 23);
INSERT IGNORE INTO GambarProduk (id_produk, id_gambar) VALUES (29, 90);
INSERT IGNORE INTO GambarProduk (id_produk, id_gambar) VALUES (29, 172);
INSERT IGNORE INTO GambarProduk (id_produk, id_gambar) VALUES (30, 5);
INSERT IGNORE INTO GambarProduk (id_produk, id_gambar) VALUES (31, 6);
INSERT IGNORE INTO GambarProduk (id_produk, id_gambar) VALUES (31, 152);
INSERT IGNORE INTO GambarProduk (id_produk, id_gambar) VALUES (32, 104);
INSERT IGNORE INTO GambarProduk (id_produk, id_gambar) VALUES (32, 50);
INSERT IGNORE INTO GambarProduk (id_produk, id_gambar) VALUES (32, 83);
INSERT IGNORE INTO GambarProduk (id_produk, id_gambar) VALUES (33, 164);
INSERT IGNORE INTO GambarProduk (id_produk, id_gambar) VALUES (33, 136);
INSERT IGNORE INTO GambarProduk (id_produk, id_gambar) VALUES (33, 69);
INSERT IGNORE INTO GambarProduk (id_produk, id_gambar) VALUES (34, 85);
INSERT IGNORE INTO GambarProduk (id_produk, id_gambar) VALUES (34, 101);
INSERT IGNORE INTO GambarProduk (id_produk, id_gambar) VALUES (34, 92);
INSERT IGNORE INTO GambarProduk (id_produk, id_gambar) VALUES (35, 54);
INSERT IGNORE INTO GambarProduk (id_produk, id_gambar) VALUES (36, 51);
INSERT IGNORE INTO GambarProduk (id_produk, id_gambar) VALUES (36, 172);
INSERT IGNORE INTO GambarProduk (id_produk, id_gambar) VALUES (36, 157);
INSERT IGNORE INTO GambarProduk (id_produk, id_gambar) VALUES (37, 166);
INSERT IGNORE INTO GambarProduk (id_produk, id_gambar) VALUES (38, 147);
INSERT IGNORE INTO GambarProduk (id_produk, id_gambar) VALUES (39, 16);
INSERT IGNORE INTO GambarProduk (id_produk, id_gambar) VALUES (39, 59);
INSERT IGNORE INTO GambarProduk (id_produk, id_gambar) VALUES (40, 96);
INSERT IGNORE INTO GambarProduk (id_produk, id_gambar) VALUES (40, 124);
INSERT IGNORE INTO GambarProduk (id_produk, id_gambar) VALUES (40, 184);
INSERT IGNORE INTO GambarProduk (id_produk, id_gambar) VALUES (41, 105);
INSERT IGNORE INTO GambarProduk (id_produk, id_gambar) VALUES (41, 126);
INSERT IGNORE INTO GambarProduk (id_produk, id_gambar) VALUES (41, 188);
INSERT IGNORE INTO GambarProduk (id_produk, id_gambar) VALUES (42, 183);
INSERT IGNORE INTO GambarProduk (id_produk, id_gambar) VALUES (42, 186);
INSERT IGNORE INTO GambarProduk (id_produk, id_gambar) VALUES (42, 46);
INSERT IGNORE INTO GambarProduk (id_produk, id_gambar) VALUES (43, 2);
INSERT IGNORE INTO GambarProduk (id_produk, id_gambar) VALUES (43, 164);
INSERT IGNORE INTO GambarProduk (id_produk, id_gambar) VALUES (43, 152);
INSERT IGNORE INTO GambarProduk (id_produk, id_gambar) VALUES (44, 10);
INSERT IGNORE INTO GambarProduk (id_produk, id_gambar) VALUES (44, 112);
INSERT IGNORE INTO GambarProduk (id_produk, id_gambar) VALUES (45, 172);
INSERT IGNORE INTO GambarProduk (id_produk, id_gambar) VALUES (45, 15);
INSERT IGNORE INTO GambarProduk (id_produk, id_gambar) VALUES (46, 136);
INSERT IGNORE INTO GambarProduk (id_produk, id_gambar) VALUES (46, 141);
INSERT IGNORE INTO GambarProduk (id_produk, id_gambar) VALUES (47, 185);
INSERT IGNORE INTO GambarProduk (id_produk, id_gambar) VALUES (47, 42);
INSERT IGNORE INTO GambarProduk (id_produk, id_gambar) VALUES (47, 166);
INSERT IGNORE INTO GambarProduk (id_produk, id_gambar) VALUES (48, 70);
INSERT IGNORE INTO GambarProduk (id_produk, id_gambar) VALUES (49, 101);
INSERT IGNORE INTO GambarProduk (id_produk, id_gambar) VALUES (49, 48);
INSERT IGNORE INTO GambarProduk (id_produk, id_gambar) VALUES (49, 131);
INSERT IGNORE INTO GambarProduk (id_produk, id_gambar) VALUES (50, 71);
INSERT IGNORE INTO GambarProduk (id_produk, id_gambar) VALUES (51, 170);
INSERT IGNORE INTO GambarProduk (id_produk, id_gambar) VALUES (51, 132);
INSERT IGNORE INTO GambarProduk (id_produk, id_gambar) VALUES (51, 162);
INSERT IGNORE INTO GambarProduk (id_produk, id_gambar) VALUES (52, 88);
INSERT IGNORE INTO GambarProduk (id_produk, id_gambar) VALUES (53, 80);
INSERT IGNORE INTO GambarProduk (id_produk, id_gambar) VALUES (53, 74);
INSERT IGNORE INTO GambarProduk (id_produk, id_gambar) VALUES (53, 178);
INSERT IGNORE INTO GambarProduk (id_produk, id_gambar) VALUES (54, 46);
INSERT IGNORE INTO GambarProduk (id_produk, id_gambar) VALUES (54, 136);
INSERT IGNORE INTO GambarProduk (id_produk, id_gambar) VALUES (55, 147);
INSERT IGNORE INTO GambarProduk (id_produk, id_gambar) VALUES (55, 67);
INSERT IGNORE INTO GambarProduk (id_produk, id_gambar) VALUES (56, 110);
INSERT IGNORE INTO GambarProduk (id_produk, id_gambar) VALUES (56, 151);
INSERT IGNORE INTO GambarProduk (id_produk, id_gambar) VALUES (57, 186);
INSERT IGNORE INTO GambarProduk (id_produk, id_gambar) VALUES (57, 174);
INSERT IGNORE INTO GambarProduk (id_produk, id_gambar) VALUES (58, 158);
INSERT IGNORE INTO GambarProduk (id_produk, id_gambar) VALUES (58, 102);
INSERT IGNORE INTO GambarProduk (id_produk, id_gambar) VALUES (58, 74);
INSERT IGNORE INTO GambarProduk (id_produk, id_gambar) VALUES (59, 63);
INSERT IGNORE INTO GambarProduk (id_produk, id_gambar) VALUES (59, 188);
INSERT IGNORE INTO GambarProduk (id_produk, id_gambar) VALUES (59, 76);
INSERT IGNORE INTO GambarProduk (id_produk, id_gambar) VALUES (60, 90);
INSERT IGNORE INTO GambarProduk (id_produk, id_gambar) VALUES (60, 150);
INSERT IGNORE INTO GambarProduk (id_produk, id_gambar) VALUES (61, 97);
INSERT IGNORE INTO GambarProduk (id_produk, id_gambar) VALUES (61, 71);
INSERT IGNORE INTO GambarProduk (id_produk, id_gambar) VALUES (61, 94);
INSERT IGNORE INTO GambarProduk (id_produk, id_gambar) VALUES (62, 44);
INSERT IGNORE INTO GambarProduk (id_produk, id_gambar) VALUES (62, 80);
INSERT IGNORE INTO GambarProduk (id_produk, id_gambar) VALUES (63, 31);
INSERT IGNORE INTO GambarProduk (id_produk, id_gambar) VALUES (63, 124);
INSERT IGNORE INTO GambarProduk (id_produk, id_gambar) VALUES (63, 14);
INSERT IGNORE INTO GambarProduk (id_produk, id_gambar) VALUES (64, 44);
INSERT IGNORE INTO GambarProduk (id_produk, id_gambar) VALUES (64, 169);
INSERT IGNORE INTO GambarProduk (id_produk, id_gambar) VALUES (64, 24);
INSERT IGNORE INTO GambarProduk (id_produk, id_gambar) VALUES (65, 140);
INSERT IGNORE INTO GambarProduk (id_produk, id_gambar) VALUES (66, 136);
INSERT IGNORE INTO GambarProduk (id_produk, id_gambar) VALUES (66, 83);
INSERT IGNORE INTO GambarProduk (id_produk, id_gambar) VALUES (66, 75);
INSERT IGNORE INTO GambarProduk (id_produk, id_gambar) VALUES (67, 92);
INSERT IGNORE INTO GambarProduk (id_produk, id_gambar) VALUES (67, 38);
INSERT IGNORE INTO GambarProduk (id_produk, id_gambar) VALUES (68, 200);
INSERT IGNORE INTO GambarProduk (id_produk, id_gambar) VALUES (68, 138);
INSERT IGNORE INTO GambarProduk (id_produk, id_gambar) VALUES (69, 92);
INSERT IGNORE INTO GambarProduk (id_produk, id_gambar) VALUES (69, 20);
INSERT IGNORE INTO GambarProduk (id_produk, id_gambar) VALUES (70, 41);
INSERT IGNORE INTO GambarProduk (id_produk, id_gambar) VALUES (70, 55);
INSERT IGNORE INTO GambarProduk (id_produk, id_gambar) VALUES (70, 39);
INSERT IGNORE INTO GambarProduk (id_produk, id_gambar) VALUES (71, 184);
INSERT IGNORE INTO GambarProduk (id_produk, id_gambar) VALUES (71, 193);
INSERT IGNORE INTO GambarProduk (id_produk, id_gambar) VALUES (72, 57);
INSERT IGNORE INTO GambarProduk (id_produk, id_gambar) VALUES (72, 94);
INSERT IGNORE INTO GambarProduk (id_produk, id_gambar) VALUES (73, 154);
INSERT IGNORE INTO GambarProduk (id_produk, id_gambar) VALUES (74, 176);
INSERT IGNORE INTO GambarProduk (id_produk, id_gambar) VALUES (75, 167);
INSERT IGNORE INTO GambarProduk (id_produk, id_gambar) VALUES (76, 159);
INSERT IGNORE INTO GambarProduk (id_produk, id_gambar) VALUES (77, 195);
INSERT IGNORE INTO GambarProduk (id_produk, id_gambar) VALUES (78, 140);
INSERT IGNORE INTO GambarProduk (id_produk, id_gambar) VALUES (79, 76);
INSERT IGNORE INTO GambarProduk (id_produk, id_gambar) VALUES (80, 25);
INSERT IGNORE INTO GambarProduk (id_produk, id_gambar) VALUES (80, 135);
INSERT IGNORE INTO GambarProduk (id_produk, id_gambar) VALUES (81, 4);
INSERT IGNORE INTO GambarProduk (id_produk, id_gambar) VALUES (81, 140);
INSERT IGNORE INTO GambarProduk (id_produk, id_gambar) VALUES (82, 81);
INSERT IGNORE INTO GambarProduk (id_produk, id_gambar) VALUES (83, 45);
INSERT IGNORE INTO GambarProduk (id_produk, id_gambar) VALUES (84, 158);
INSERT IGNORE INTO GambarProduk (id_produk, id_gambar) VALUES (85, 104);
INSERT IGNORE INTO GambarProduk (id_produk, id_gambar) VALUES (85, 41);
INSERT IGNORE INTO GambarProduk (id_produk, id_gambar) VALUES (86, 33);
INSERT IGNORE INTO GambarProduk (id_produk, id_gambar) VALUES (86, 157);
INSERT IGNORE INTO GambarProduk (id_produk, id_gambar) VALUES (86, 149);
INSERT IGNORE INTO GambarProduk (id_produk, id_gambar) VALUES (87, 179);
INSERT IGNORE INTO GambarProduk (id_produk, id_gambar) VALUES (87, 91);
INSERT IGNORE INTO GambarProduk (id_produk, id_gambar) VALUES (88, 62);
INSERT IGNORE INTO GambarProduk (id_produk, id_gambar) VALUES (89, 34);
INSERT IGNORE INTO GambarProduk (id_produk, id_gambar) VALUES (89, 123);
INSERT IGNORE INTO GambarProduk (id_produk, id_gambar) VALUES (89, 120);
INSERT IGNORE INTO GambarProduk (id_produk, id_gambar) VALUES (90, 176);
INSERT IGNORE INTO GambarProduk (id_produk, id_gambar) VALUES (90, 50);
INSERT IGNORE INTO GambarProduk (id_produk, id_gambar) VALUES (90, 16);
INSERT IGNORE INTO GambarProduk (id_produk, id_gambar) VALUES (91, 2);
INSERT IGNORE INTO GambarProduk (id_produk, id_gambar) VALUES (91, 143);
INSERT IGNORE INTO GambarProduk (id_produk, id_gambar) VALUES (91, 98);
INSERT IGNORE INTO GambarProduk (id_produk, id_gambar) VALUES (92, 40);
INSERT IGNORE INTO GambarProduk (id_produk, id_gambar) VALUES (92, 90);
INSERT IGNORE INTO GambarProduk (id_produk, id_gambar) VALUES (93, 39);
INSERT IGNORE INTO GambarProduk (id_produk, id_gambar) VALUES (94, 95);
INSERT IGNORE INTO GambarProduk (id_produk, id_gambar) VALUES (94, 184);
INSERT IGNORE INTO GambarProduk (id_produk, id_gambar) VALUES (94, 148);
INSERT IGNORE INTO GambarProduk (id_produk, id_gambar) VALUES (95, 2);
INSERT IGNORE INTO GambarProduk (id_produk, id_gambar) VALUES (95, 162);
INSERT IGNORE INTO GambarProduk (id_produk, id_gambar) VALUES (96, 156);
INSERT IGNORE INTO GambarProduk (id_produk, id_gambar) VALUES (96, 159);
INSERT IGNORE INTO GambarProduk (id_produk, id_gambar) VALUES (97, 87);
INSERT IGNORE INTO GambarProduk (id_produk, id_gambar) VALUES (98, 112);
INSERT IGNORE INTO GambarProduk (id_produk, id_gambar) VALUES (98, 190);
INSERT IGNORE INTO GambarProduk (id_produk, id_gambar) VALUES (99, 94);
INSERT IGNORE INTO GambarProduk (id_produk, id_gambar) VALUES (99, 62);
INSERT IGNORE INTO GambarProduk (id_produk, id_gambar) VALUES (100, 105);
INSERT IGNORE INTO GambarProduk (id_produk, id_gambar) VALUES (100, 149);

-- Tag
INSERT IGNORE INTO Tag (id_tag, nama) VALUES (1, 'Elektronik');
INSERT IGNORE INTO Tag (id_tag, nama) VALUES (2, 'Fashion Pria');
INSERT IGNORE INTO Tag (id_tag, nama) VALUES (3, 'Fashion Wanita');
INSERT IGNORE INTO Tag (id_tag, nama) VALUES (4, 'Rumah Tangga');
INSERT IGNORE INTO Tag (id_tag, nama) VALUES (5, 'Kesehatan');
INSERT IGNORE INTO Tag (id_tag, nama) VALUES (6, 'Kecantikan');
INSERT IGNORE INTO Tag (id_tag, nama) VALUES (7, 'Mainan Anak');
INSERT IGNORE INTO Tag (id_tag, nama) VALUES (8, 'Buku & Alat Tulis');
INSERT IGNORE INTO Tag (id_tag, nama) VALUES (9, 'Olahraga & Outdoor');
INSERT IGNORE INTO Tag (id_tag, nama) VALUES (10, 'Otomotif Parts');
INSERT IGNORE INTO Tag (id_tag, nama) VALUES (11, 'Voucher Digital');
INSERT IGNORE INTO Tag (id_tag, nama) VALUES (12, 'Hobi & Koleksi');
INSERT IGNORE INTO Tag (id_tag, nama) VALUES (13, 'Makanan & Minuman');
INSERT IGNORE INTO Tag (id_tag, nama) VALUES (14, 'Perlengkapan Bayi');
INSERT IGNORE INTO Tag (id_tag, nama) VALUES (15, 'Komputer & Aksesoris');
INSERT IGNORE INTO Tag (id_tag, nama) VALUES (16, 'Handphone & Tablet');
INSERT IGNORE INTO Tag (id_tag, nama) VALUES (17, 'Inverse 6Thgeneration Emulation 17');
INSERT IGNORE INTO Tag (id_tag, nama) VALUES (18, 'Robust 24/7 Workforce 18');
INSERT IGNORE INTO Tag (id_tag, nama) VALUES (19, 'Reverse-Engineered Solution-Oriented Orchestration 19');
INSERT IGNORE INTO Tag (id_tag, nama) VALUES (20, 'Right-Sized High-Level Leverage 20');
INSERT IGNORE INTO Tag (id_tag, nama) VALUES (21, 'Multi-Tiered Mobile Policy 21');
INSERT IGNORE INTO Tag (id_tag, nama) VALUES (22, 'Grass-Roots Radical Alliance 22');
INSERT IGNORE INTO Tag (id_tag, nama) VALUES (23, 'Public-Key Methodical Instruction Set 23');
INSERT IGNORE INTO Tag (id_tag, nama) VALUES (24, 'Implemented Human-Resource Array 24');
INSERT IGNORE INTO Tag (id_tag, nama) VALUES (25, 'Realigned Bandwidth-Monitored Definition 25');
INSERT IGNORE INTO Tag (id_tag, nama) VALUES (26, 'Profit-Focused Impactful Policy 26');
INSERT IGNORE INTO Tag (id_tag, nama) VALUES (27, 'Multi-Layered Incremental Data-Warehouse 27');
INSERT IGNORE INTO Tag (id_tag, nama) VALUES (28, 'Virtual Zero Tolerance Instruction Set 28');
INSERT IGNORE INTO Tag (id_tag, nama) VALUES (29, 'Re-Engineered Fault-Tolerant Ability 29');
INSERT IGNORE INTO Tag (id_tag, nama) VALUES (30, 'Total Encompassing Standardization 30');
INSERT IGNORE INTO Tag (id_tag, nama) VALUES (31, 'Down-Sized Bi-Directional Time-Frame 31');
INSERT IGNORE INTO Tag (id_tag, nama) VALUES (32, 'Front-Line Coherent Website 32');
INSERT IGNORE INTO Tag (id_tag, nama) VALUES (33, 'Front-Line Bi-Directional Artificial Intelligence 33');
INSERT IGNORE INTO Tag (id_tag, nama) VALUES (34, 'Implemented Encompassing Artificial Intelligence 34');
INSERT IGNORE INTO Tag (id_tag, nama) VALUES (35, 'Polarized Systematic Encryption 35');
INSERT IGNORE INTO Tag (id_tag, nama) VALUES (36, 'Multi-Channeled Maximized Infrastructure 36');
INSERT IGNORE INTO Tag (id_tag, nama) VALUES (37, 'Digitized Uniform Hardware 37');
INSERT IGNORE INTO Tag (id_tag, nama) VALUES (38, 'Inverse Impactful Definition 38');
INSERT IGNORE INTO Tag (id_tag, nama) VALUES (39, 'Up-Sized 3Rdgeneration System Engine 39');
INSERT IGNORE INTO Tag (id_tag, nama) VALUES (40, 'De-Engineered Foreground Conglomeration 40');
INSERT IGNORE INTO Tag (id_tag, nama) VALUES (41, 'Multi-Tiered Stable Emulation 41');
INSERT IGNORE INTO Tag (id_tag, nama) VALUES (42, 'Function-Based Analyzing Project 42');
INSERT IGNORE INTO Tag (id_tag, nama) VALUES (43, 'Object-Based Web-Enabled Structure 43');
INSERT IGNORE INTO Tag (id_tag, nama) VALUES (44, 'Right-Sized Eco-Centric Open System 44');
INSERT IGNORE INTO Tag (id_tag, nama) VALUES (45, 'Synergized Scalable Definition 45');
INSERT IGNORE INTO Tag (id_tag, nama) VALUES (46, 'Open-Source Tangible Core 46');
INSERT IGNORE INTO Tag (id_tag, nama) VALUES (47, 'Vision-Oriented Holistic Matrices 47');
INSERT IGNORE INTO Tag (id_tag, nama) VALUES (48, 'Focused Mission-Critical Open System 48');
INSERT IGNORE INTO Tag (id_tag, nama) VALUES (49, 'Proactive Zero Administration Functionalities 49');
INSERT IGNORE INTO Tag (id_tag, nama) VALUES (50, 'Down-Sized Grid-Enabled Moratorium 50');
INSERT IGNORE INTO Tag (id_tag, nama) VALUES (51, 'Focused Bifurcated Database 51');
INSERT IGNORE INTO Tag (id_tag, nama) VALUES (52, 'Self-Enabling Attitude-Oriented Contingency 52');
INSERT IGNORE INTO Tag (id_tag, nama) VALUES (53, 'Customizable Bottom-Line Leverage 53');
INSERT IGNORE INTO Tag (id_tag, nama) VALUES (54, 'Decentralized Next Generation Flexibility 54');
INSERT IGNORE INTO Tag (id_tag, nama) VALUES (55, 'Sharable Empowering Matrix 55');
INSERT IGNORE INTO Tag (id_tag, nama) VALUES (56, 'Pre-Emptive 4Thgeneration Framework 56');
INSERT IGNORE INTO Tag (id_tag, nama) VALUES (57, 'User-Friendly Directional Frame 57');
INSERT IGNORE INTO Tag (id_tag, nama) VALUES (58, 'Total Well-Modulated Concept 58');
INSERT IGNORE INTO Tag (id_tag, nama) VALUES (59, 'Assimilated Discrete Installation 59');
INSERT IGNORE INTO Tag (id_tag, nama) VALUES (60, 'Re-Contextualized Impactful Knowledgebase 60');
INSERT IGNORE INTO Tag (id_tag, nama) VALUES (61, 'Down-Sized Modular Definition 61');
INSERT IGNORE INTO Tag (id_tag, nama) VALUES (62, 'Persistent Encompassing Budgetary Management 62');
INSERT IGNORE INTO Tag (id_tag, nama) VALUES (63, 'Up-Sized Fault-Tolerant Toolset 63');
INSERT IGNORE INTO Tag (id_tag, nama) VALUES (64, 'Reactive Tangible Task-Force 64');
INSERT IGNORE INTO Tag (id_tag, nama) VALUES (65, 'Open-Source Intermediate Time-Frame 65');
INSERT IGNORE INTO Tag (id_tag, nama) VALUES (66, 'Reduced Demand-Driven Forecast 66');
INSERT IGNORE INTO Tag (id_tag, nama) VALUES (67, 'Reverse-Engineered Bottom-Line Focus Group 67');
INSERT IGNORE INTO Tag (id_tag, nama) VALUES (68, 'Advanced Optimal Throughput 68');
INSERT IGNORE INTO Tag (id_tag, nama) VALUES (69, 'Face-To-Face 5Thgeneration Migration 69');
INSERT IGNORE INTO Tag (id_tag, nama) VALUES (70, 'User-Friendly Optimal Installation 70');
INSERT IGNORE INTO Tag (id_tag, nama) VALUES (71, 'Secured 24Hour Solution 71');
INSERT IGNORE INTO Tag (id_tag, nama) VALUES (72, 'Reverse-Engineered System-Worthy Open Architecture 72');
INSERT IGNORE INTO Tag (id_tag, nama) VALUES (73, 'Vision-Oriented Fault-Tolerant Moderator 73');
INSERT IGNORE INTO Tag (id_tag, nama) VALUES (74, 'Realigned Coherent Access 74');
INSERT IGNORE INTO Tag (id_tag, nama) VALUES (75, 'User-Centric Executive Graphical User Interface 75');
INSERT IGNORE INTO Tag (id_tag, nama) VALUES (76, 'Phased Content-Based Graphic Interface 76');
INSERT IGNORE INTO Tag (id_tag, nama) VALUES (77, 'Adaptive Asymmetric Software 77');
INSERT IGNORE INTO Tag (id_tag, nama) VALUES (78, 'Self-Enabling Optimal Firmware 78');
INSERT IGNORE INTO Tag (id_tag, nama) VALUES (79, 'Distributed Tertiary Artificial Intelligence 79');
INSERT IGNORE INTO Tag (id_tag, nama) VALUES (80, 'Streamlined Impactful Collaboration 80');
INSERT IGNORE INTO Tag (id_tag, nama) VALUES (81, 'Adaptive Even-Keeled Encryption 81');
INSERT IGNORE INTO Tag (id_tag, nama) VALUES (82, 'Implemented Encompassing Moderator 82');
INSERT IGNORE INTO Tag (id_tag, nama) VALUES (83, 'Polarized Demand-Driven Approach 83');
INSERT IGNORE INTO Tag (id_tag, nama) VALUES (84, 'Synchronized Mobile Adapter 84');
INSERT IGNORE INTO Tag (id_tag, nama) VALUES (85, 'Phased Even-Keeled Support 85');
INSERT IGNORE INTO Tag (id_tag, nama) VALUES (86, 'Synergistic Secondary Interface 86');
INSERT IGNORE INTO Tag (id_tag, nama) VALUES (87, 'Public-Key Optimizing Encoding 87');
INSERT IGNORE INTO Tag (id_tag, nama) VALUES (88, 'Triple-Buffered Methodical Firmware 88');
INSERT IGNORE INTO Tag (id_tag, nama) VALUES (89, 'Down-Sized Executive Graphical User Interface 89');
INSERT IGNORE INTO Tag (id_tag, nama) VALUES (90, 'Synergized Zero-Defect Graphical User Interface 90');
INSERT IGNORE INTO Tag (id_tag, nama) VALUES (91, 'Virtual Uniform Structure 91');
INSERT IGNORE INTO Tag (id_tag, nama) VALUES (92, 'Operative System-Worthy Task-Force 92');
INSERT IGNORE INTO Tag (id_tag, nama) VALUES (93, 'Enterprise-Wide Discrete Groupware 93');
INSERT IGNORE INTO Tag (id_tag, nama) VALUES (94, 'Digitized Bifurcated Budgetary Management 94');
INSERT IGNORE INTO Tag (id_tag, nama) VALUES (95, 'Open-Architected Context-Sensitive System Engine 95');
INSERT IGNORE INTO Tag (id_tag, nama) VALUES (96, 'Progressive Executive Neural-Net 96');
INSERT IGNORE INTO Tag (id_tag, nama) VALUES (97, 'Persistent User-Facing Methodology 97');
INSERT IGNORE INTO Tag (id_tag, nama) VALUES (98, 'Phased Non-Volatile Intranet 98');
INSERT IGNORE INTO Tag (id_tag, nama) VALUES (99, 'Polarized Grid-Enabled Productivity 99');
INSERT IGNORE INTO Tag (id_tag, nama) VALUES (100, 'Extended National Adapter 100');
INSERT IGNORE INTO Tag (id_tag, nama) VALUES (101, 'User-Centric Regional Forecast 101');
INSERT IGNORE INTO Tag (id_tag, nama) VALUES (102, 'Enterprise-Wide 4Thgeneration Instruction Set 102');
INSERT IGNORE INTO Tag (id_tag, nama) VALUES (103, 'Optimized Attitude-Oriented Project 103');
INSERT IGNORE INTO Tag (id_tag, nama) VALUES (104, 'Networked Cohesive Policy 104');
INSERT IGNORE INTO Tag (id_tag, nama) VALUES (105, 'Quality-Focused Holistic Support 105');
INSERT IGNORE INTO Tag (id_tag, nama) VALUES (106, 'Organized High-Level Parallelism 106');
INSERT IGNORE INTO Tag (id_tag, nama) VALUES (107, 'Reduced Object-Oriented Parallelism 107');
INSERT IGNORE INTO Tag (id_tag, nama) VALUES (108, 'Fully-Configurable 4Thgeneration Instruction Set 108');
INSERT IGNORE INTO Tag (id_tag, nama) VALUES (109, 'Mandatory Modular Instruction Set 109');
INSERT IGNORE INTO Tag (id_tag, nama) VALUES (110, 'Function-Based 6Thgeneration Software 110');
INSERT IGNORE INTO Tag (id_tag, nama) VALUES (111, 'Optimized Intangible Productivity 111');
INSERT IGNORE INTO Tag (id_tag, nama) VALUES (112, 'Visionary Foreground Database 112');
INSERT IGNORE INTO Tag (id_tag, nama) VALUES (113, 'Intuitive High-Level Graphic Interface 113');
INSERT IGNORE INTO Tag (id_tag, nama) VALUES (114, 'Synergized Mobile Extranet 114');
INSERT IGNORE INTO Tag (id_tag, nama) VALUES (115, 'Sharable Explicit Standardization 115');
INSERT IGNORE INTO Tag (id_tag, nama) VALUES (116, 'Mandatory Neutral Customer Loyalty 116');
INSERT IGNORE INTO Tag (id_tag, nama) VALUES (117, 'User-Friendly 4Thgeneration Encoding 117');
INSERT IGNORE INTO Tag (id_tag, nama) VALUES (118, 'Business-Focused Systemic Support 118');
INSERT IGNORE INTO Tag (id_tag, nama) VALUES (119, 'Multi-Layered Disintermediate Flexibility 119');
INSERT IGNORE INTO Tag (id_tag, nama) VALUES (120, 'Digitized Logistical Projection 120');

-- TagProduk
INSERT IGNORE INTO TagProduk (id_produk, id_tag) VALUES (1, 56);
INSERT IGNORE INTO TagProduk (id_produk, id_tag) VALUES (1, 98);
INSERT IGNORE INTO TagProduk (id_produk, id_tag) VALUES (1, 108);
INSERT IGNORE INTO TagProduk (id_produk, id_tag) VALUES (2, 118);
INSERT IGNORE INTO TagProduk (id_produk, id_tag) VALUES (2, 65);
INSERT IGNORE INTO TagProduk (id_produk, id_tag) VALUES (2, 70);
INSERT IGNORE INTO TagProduk (id_produk, id_tag) VALUES (3, 97);
INSERT IGNORE INTO TagProduk (id_produk, id_tag) VALUES (3, 5);
INSERT IGNORE INTO TagProduk (id_produk, id_tag) VALUES (3, 27);
INSERT IGNORE INTO TagProduk (id_produk, id_tag) VALUES (3, 10);
INSERT IGNORE INTO TagProduk (id_produk, id_tag) VALUES (4, 59);
INSERT IGNORE INTO TagProduk (id_produk, id_tag) VALUES (4, 33);
INSERT IGNORE INTO TagProduk (id_produk, id_tag) VALUES (4, 93);
INSERT IGNORE INTO TagProduk (id_produk, id_tag) VALUES (5, 120);
INSERT IGNORE INTO TagProduk (id_produk, id_tag) VALUES (6, 95);
INSERT IGNORE INTO TagProduk (id_produk, id_tag) VALUES (6, 31);
INSERT IGNORE INTO TagProduk (id_produk, id_tag) VALUES (6, 82);
INSERT IGNORE INTO TagProduk (id_produk, id_tag) VALUES (6, 99);
INSERT IGNORE INTO TagProduk (id_produk, id_tag) VALUES (7, 78);
INSERT IGNORE INTO TagProduk (id_produk, id_tag) VALUES (7, 65);
INSERT IGNORE INTO TagProduk (id_produk, id_tag) VALUES (7, 42);
INSERT IGNORE INTO TagProduk (id_produk, id_tag) VALUES (7, 88);
INSERT IGNORE INTO TagProduk (id_produk, id_tag) VALUES (8, 75);
INSERT IGNORE INTO TagProduk (id_produk, id_tag) VALUES (8, 29);
INSERT IGNORE INTO TagProduk (id_produk, id_tag) VALUES (9, 49);
INSERT IGNORE INTO TagProduk (id_produk, id_tag) VALUES (10, 35);
INSERT IGNORE INTO TagProduk (id_produk, id_tag) VALUES (10, 43);
INSERT IGNORE INTO TagProduk (id_produk, id_tag) VALUES (11, 53);
INSERT IGNORE INTO TagProduk (id_produk, id_tag) VALUES (11, 29);
INSERT IGNORE INTO TagProduk (id_produk, id_tag) VALUES (11, 65);
INSERT IGNORE INTO TagProduk (id_produk, id_tag) VALUES (11, 70);
INSERT IGNORE INTO TagProduk (id_produk, id_tag) VALUES (12, 100);
INSERT IGNORE INTO TagProduk (id_produk, id_tag) VALUES (13, 1);
INSERT IGNORE INTO TagProduk (id_produk, id_tag) VALUES (13, 35);
INSERT IGNORE INTO TagProduk (id_produk, id_tag) VALUES (14, 95);
INSERT IGNORE INTO TagProduk (id_produk, id_tag) VALUES (14, 2);
INSERT IGNORE INTO TagProduk (id_produk, id_tag) VALUES (14, 32);
INSERT IGNORE INTO TagProduk (id_produk, id_tag) VALUES (14, 55);
INSERT IGNORE INTO TagProduk (id_produk, id_tag) VALUES (15, 5);
INSERT IGNORE INTO TagProduk (id_produk, id_tag) VALUES (15, 110);
INSERT IGNORE INTO TagProduk (id_produk, id_tag) VALUES (15, 90);
INSERT IGNORE INTO TagProduk (id_produk, id_tag) VALUES (15, 65);
INSERT IGNORE INTO TagProduk (id_produk, id_tag) VALUES (16, 98);
INSERT IGNORE INTO TagProduk (id_produk, id_tag) VALUES (16, 118);
INSERT IGNORE INTO TagProduk (id_produk, id_tag) VALUES (16, 96);
INSERT IGNORE INTO TagProduk (id_produk, id_tag) VALUES (16, 69);
INSERT IGNORE INTO TagProduk (id_produk, id_tag) VALUES (17, 92);
INSERT IGNORE INTO TagProduk (id_produk, id_tag) VALUES (18, 38);
INSERT IGNORE INTO TagProduk (id_produk, id_tag) VALUES (18, 91);
INSERT IGNORE INTO TagProduk (id_produk, id_tag) VALUES (19, 29);
INSERT IGNORE INTO TagProduk (id_produk, id_tag) VALUES (20, 92);
INSERT IGNORE INTO TagProduk (id_produk, id_tag) VALUES (20, 115);
INSERT IGNORE INTO TagProduk (id_produk, id_tag) VALUES (21, 68);
INSERT IGNORE INTO TagProduk (id_produk, id_tag) VALUES (21, 95);
INSERT IGNORE INTO TagProduk (id_produk, id_tag) VALUES (22, 85);
INSERT IGNORE INTO TagProduk (id_produk, id_tag) VALUES (22, 32);
INSERT IGNORE INTO TagProduk (id_produk, id_tag) VALUES (22, 108);
INSERT IGNORE INTO TagProduk (id_produk, id_tag) VALUES (22, 117);
INSERT IGNORE INTO TagProduk (id_produk, id_tag) VALUES (23, 62);
INSERT IGNORE INTO TagProduk (id_produk, id_tag) VALUES (24, 2);
INSERT IGNORE INTO TagProduk (id_produk, id_tag) VALUES (24, 64);
INSERT IGNORE INTO TagProduk (id_produk, id_tag) VALUES (25, 48);
INSERT IGNORE INTO TagProduk (id_produk, id_tag) VALUES (25, 33);
INSERT IGNORE INTO TagProduk (id_produk, id_tag) VALUES (25, 8);
INSERT IGNORE INTO TagProduk (id_produk, id_tag) VALUES (25, 29);
INSERT IGNORE INTO TagProduk (id_produk, id_tag) VALUES (26, 98);
INSERT IGNORE INTO TagProduk (id_produk, id_tag) VALUES (26, 108);
INSERT IGNORE INTO TagProduk (id_produk, id_tag) VALUES (27, 116);
INSERT IGNORE INTO TagProduk (id_produk, id_tag) VALUES (27, 5);
INSERT IGNORE INTO TagProduk (id_produk, id_tag) VALUES (27, 20);
INSERT IGNORE INTO TagProduk (id_produk, id_tag) VALUES (28, 71);
INSERT IGNORE INTO TagProduk (id_produk, id_tag) VALUES (28, 65);
INSERT IGNORE INTO TagProduk (id_produk, id_tag) VALUES (28, 94);
INSERT IGNORE INTO TagProduk (id_produk, id_tag) VALUES (28, 82);
INSERT IGNORE INTO TagProduk (id_produk, id_tag) VALUES (29, 27);
INSERT IGNORE INTO TagProduk (id_produk, id_tag) VALUES (29, 120);
INSERT IGNORE INTO TagProduk (id_produk, id_tag) VALUES (29, 66);
INSERT IGNORE INTO TagProduk (id_produk, id_tag) VALUES (30, 97);
INSERT IGNORE INTO TagProduk (id_produk, id_tag) VALUES (30, 46);
INSERT IGNORE INTO TagProduk (id_produk, id_tag) VALUES (30, 17);
INSERT IGNORE INTO TagProduk (id_produk, id_tag) VALUES (31, 74);
INSERT IGNORE INTO TagProduk (id_produk, id_tag) VALUES (31, 106);
INSERT IGNORE INTO TagProduk (id_produk, id_tag) VALUES (32, 93);
INSERT IGNORE INTO TagProduk (id_produk, id_tag) VALUES (32, 35);
INSERT IGNORE INTO TagProduk (id_produk, id_tag) VALUES (33, 117);
INSERT IGNORE INTO TagProduk (id_produk, id_tag) VALUES (33, 55);
INSERT IGNORE INTO TagProduk (id_produk, id_tag) VALUES (33, 112);
INSERT IGNORE INTO TagProduk (id_produk, id_tag) VALUES (34, 64);
INSERT IGNORE INTO TagProduk (id_produk, id_tag) VALUES (34, 27);
INSERT IGNORE INTO TagProduk (id_produk, id_tag) VALUES (35, 94);
INSERT IGNORE INTO TagProduk (id_produk, id_tag) VALUES (36, 73);
INSERT IGNORE INTO TagProduk (id_produk, id_tag) VALUES (36, 16);
INSERT IGNORE INTO TagProduk (id_produk, id_tag) VALUES (36, 103);
INSERT IGNORE INTO TagProduk (id_produk, id_tag) VALUES (36, 61);
INSERT IGNORE INTO TagProduk (id_produk, id_tag) VALUES (37, 38);
INSERT IGNORE INTO TagProduk (id_produk, id_tag) VALUES (37, 10);
INSERT IGNORE INTO TagProduk (id_produk, id_tag) VALUES (37, 51);
INSERT IGNORE INTO TagProduk (id_produk, id_tag) VALUES (37, 112);
INSERT IGNORE INTO TagProduk (id_produk, id_tag) VALUES (38, 23);
INSERT IGNORE INTO TagProduk (id_produk, id_tag) VALUES (39, 69);
INSERT IGNORE INTO TagProduk (id_produk, id_tag) VALUES (39, 83);
INSERT IGNORE INTO TagProduk (id_produk, id_tag) VALUES (39, 8);
INSERT IGNORE INTO TagProduk (id_produk, id_tag) VALUES (40, 105);
INSERT IGNORE INTO TagProduk (id_produk, id_tag) VALUES (41, 30);
INSERT IGNORE INTO TagProduk (id_produk, id_tag) VALUES (41, 89);
INSERT IGNORE INTO TagProduk (id_produk, id_tag) VALUES (42, 28);
INSERT IGNORE INTO TagProduk (id_produk, id_tag) VALUES (42, 81);
INSERT IGNORE INTO TagProduk (id_produk, id_tag) VALUES (43, 82);
INSERT IGNORE INTO TagProduk (id_produk, id_tag) VALUES (43, 28);
INSERT IGNORE INTO TagProduk (id_produk, id_tag) VALUES (43, 77);
INSERT IGNORE INTO TagProduk (id_produk, id_tag) VALUES (43, 72);
INSERT IGNORE INTO TagProduk (id_produk, id_tag) VALUES (44, 14);
INSERT IGNORE INTO TagProduk (id_produk, id_tag) VALUES (45, 43);
INSERT IGNORE INTO TagProduk (id_produk, id_tag) VALUES (45, 96);
INSERT IGNORE INTO TagProduk (id_produk, id_tag) VALUES (45, 118);
INSERT IGNORE INTO TagProduk (id_produk, id_tag) VALUES (45, 42);
INSERT IGNORE INTO TagProduk (id_produk, id_tag) VALUES (46, 19);
INSERT IGNORE INTO TagProduk (id_produk, id_tag) VALUES (47, 10);
INSERT IGNORE INTO TagProduk (id_produk, id_tag) VALUES (48, 27);
INSERT IGNORE INTO TagProduk (id_produk, id_tag) VALUES (48, 34);
INSERT IGNORE INTO TagProduk (id_produk, id_tag) VALUES (49, 73);
INSERT IGNORE INTO TagProduk (id_produk, id_tag) VALUES (49, 61);
INSERT IGNORE INTO TagProduk (id_produk, id_tag) VALUES (49, 34);
INSERT IGNORE INTO TagProduk (id_produk, id_tag) VALUES (50, 49);
INSERT IGNORE INTO TagProduk (id_produk, id_tag) VALUES (50, 71);
INSERT IGNORE INTO TagProduk (id_produk, id_tag) VALUES (50, 69);
INSERT IGNORE INTO TagProduk (id_produk, id_tag) VALUES (51, 28);
INSERT IGNORE INTO TagProduk (id_produk, id_tag) VALUES (51, 74);
INSERT IGNORE INTO TagProduk (id_produk, id_tag) VALUES (51, 4);
INSERT IGNORE INTO TagProduk (id_produk, id_tag) VALUES (51, 39);
INSERT IGNORE INTO TagProduk (id_produk, id_tag) VALUES (52, 69);
INSERT IGNORE INTO TagProduk (id_produk, id_tag) VALUES (53, 94);
INSERT IGNORE INTO TagProduk (id_produk, id_tag) VALUES (54, 68);
INSERT IGNORE INTO TagProduk (id_produk, id_tag) VALUES (55, 63);
INSERT IGNORE INTO TagProduk (id_produk, id_tag) VALUES (55, 74);
INSERT IGNORE INTO TagProduk (id_produk, id_tag) VALUES (55, 114);
INSERT IGNORE INTO TagProduk (id_produk, id_tag) VALUES (56, 14);
INSERT IGNORE INTO TagProduk (id_produk, id_tag) VALUES (57, 61);
INSERT IGNORE INTO TagProduk (id_produk, id_tag) VALUES (57, 31);
INSERT IGNORE INTO TagProduk (id_produk, id_tag) VALUES (57, 53);
INSERT IGNORE INTO TagProduk (id_produk, id_tag) VALUES (58, 53);
INSERT IGNORE INTO TagProduk (id_produk, id_tag) VALUES (58, 113);
INSERT IGNORE INTO TagProduk (id_produk, id_tag) VALUES (58, 90);
INSERT IGNORE INTO TagProduk (id_produk, id_tag) VALUES (58, 49);
INSERT IGNORE INTO TagProduk (id_produk, id_tag) VALUES (59, 95);
INSERT IGNORE INTO TagProduk (id_produk, id_tag) VALUES (59, 76);
INSERT IGNORE INTO TagProduk (id_produk, id_tag) VALUES (60, 85);
INSERT IGNORE INTO TagProduk (id_produk, id_tag) VALUES (60, 78);
INSERT IGNORE INTO TagProduk (id_produk, id_tag) VALUES (61, 16);
INSERT IGNORE INTO TagProduk (id_produk, id_tag) VALUES (61, 61);
INSERT IGNORE INTO TagProduk (id_produk, id_tag) VALUES (61, 116);
INSERT IGNORE INTO TagProduk (id_produk, id_tag) VALUES (62, 46);
INSERT IGNORE INTO TagProduk (id_produk, id_tag) VALUES (62, 108);
INSERT IGNORE INTO TagProduk (id_produk, id_tag) VALUES (63, 53);
INSERT IGNORE INTO TagProduk (id_produk, id_tag) VALUES (63, 30);
INSERT IGNORE INTO TagProduk (id_produk, id_tag) VALUES (64, 59);
INSERT IGNORE INTO TagProduk (id_produk, id_tag) VALUES (64, 7);
INSERT IGNORE INTO TagProduk (id_produk, id_tag) VALUES (65, 20);
INSERT IGNORE INTO TagProduk (id_produk, id_tag) VALUES (66, 19);
INSERT IGNORE INTO TagProduk (id_produk, id_tag) VALUES (66, 52);
INSERT IGNORE INTO TagProduk (id_produk, id_tag) VALUES (67, 3);
INSERT IGNORE INTO TagProduk (id_produk, id_tag) VALUES (67, 90);
INSERT IGNORE INTO TagProduk (id_produk, id_tag) VALUES (68, 85);
INSERT IGNORE INTO TagProduk (id_produk, id_tag) VALUES (68, 16);
INSERT IGNORE INTO TagProduk (id_produk, id_tag) VALUES (68, 56);
INSERT IGNORE INTO TagProduk (id_produk, id_tag) VALUES (68, 84);
INSERT IGNORE INTO TagProduk (id_produk, id_tag) VALUES (69, 87);
INSERT IGNORE INTO TagProduk (id_produk, id_tag) VALUES (69, 57);
INSERT IGNORE INTO TagProduk (id_produk, id_tag) VALUES (69, 84);
INSERT IGNORE INTO TagProduk (id_produk, id_tag) VALUES (70, 115);
INSERT IGNORE INTO TagProduk (id_produk, id_tag) VALUES (70, 61);
INSERT IGNORE INTO TagProduk (id_produk, id_tag) VALUES (70, 63);
INSERT IGNORE INTO TagProduk (id_produk, id_tag) VALUES (71, 38);
INSERT IGNORE INTO TagProduk (id_produk, id_tag) VALUES (72, 78);
INSERT IGNORE INTO TagProduk (id_produk, id_tag) VALUES (72, 45);
INSERT IGNORE INTO TagProduk (id_produk, id_tag) VALUES (72, 88);
INSERT IGNORE INTO TagProduk (id_produk, id_tag) VALUES (73, 94);
INSERT IGNORE INTO TagProduk (id_produk, id_tag) VALUES (74, 30);
INSERT IGNORE INTO TagProduk (id_produk, id_tag) VALUES (74, 89);
INSERT IGNORE INTO TagProduk (id_produk, id_tag) VALUES (74, 93);
INSERT IGNORE INTO TagProduk (id_produk, id_tag) VALUES (75, 90);
INSERT IGNORE INTO TagProduk (id_produk, id_tag) VALUES (75, 44);
INSERT IGNORE INTO TagProduk (id_produk, id_tag) VALUES (75, 32);
INSERT IGNORE INTO TagProduk (id_produk, id_tag) VALUES (76, 96);
INSERT IGNORE INTO TagProduk (id_produk, id_tag) VALUES (77, 95);
INSERT IGNORE INTO TagProduk (id_produk, id_tag) VALUES (77, 17);
INSERT IGNORE INTO TagProduk (id_produk, id_tag) VALUES (77, 22);
INSERT IGNORE INTO TagProduk (id_produk, id_tag) VALUES (78, 95);
INSERT IGNORE INTO TagProduk (id_produk, id_tag) VALUES (78, 19);
INSERT IGNORE INTO TagProduk (id_produk, id_tag) VALUES (78, 66);
INSERT IGNORE INTO TagProduk (id_produk, id_tag) VALUES (79, 17);
INSERT IGNORE INTO TagProduk (id_produk, id_tag) VALUES (79, 46);
INSERT IGNORE INTO TagProduk (id_produk, id_tag) VALUES (79, 2);
INSERT IGNORE INTO TagProduk (id_produk, id_tag) VALUES (80, 21);
INSERT IGNORE INTO TagProduk (id_produk, id_tag) VALUES (80, 81);
INSERT IGNORE INTO TagProduk (id_produk, id_tag) VALUES (81, 6);
INSERT IGNORE INTO TagProduk (id_produk, id_tag) VALUES (82, 40);
INSERT IGNORE INTO TagProduk (id_produk, id_tag) VALUES (82, 39);
INSERT IGNORE INTO TagProduk (id_produk, id_tag) VALUES (83, 107);
INSERT IGNORE INTO TagProduk (id_produk, id_tag) VALUES (83, 6);
INSERT IGNORE INTO TagProduk (id_produk, id_tag) VALUES (83, 32);
INSERT IGNORE INTO TagProduk (id_produk, id_tag) VALUES (84, 46);
INSERT IGNORE INTO TagProduk (id_produk, id_tag) VALUES (84, 116);
INSERT IGNORE INTO TagProduk (id_produk, id_tag) VALUES (84, 113);
INSERT IGNORE INTO TagProduk (id_produk, id_tag) VALUES (84, 38);
INSERT IGNORE INTO TagProduk (id_produk, id_tag) VALUES (85, 4);
INSERT IGNORE INTO TagProduk (id_produk, id_tag) VALUES (85, 96);
INSERT IGNORE INTO TagProduk (id_produk, id_tag) VALUES (85, 26);
INSERT IGNORE INTO TagProduk (id_produk, id_tag) VALUES (85, 87);
INSERT IGNORE INTO TagProduk (id_produk, id_tag) VALUES (86, 6);
INSERT IGNORE INTO TagProduk (id_produk, id_tag) VALUES (86, 100);
INSERT IGNORE INTO TagProduk (id_produk, id_tag) VALUES (87, 52);
INSERT IGNORE INTO TagProduk (id_produk, id_tag) VALUES (87, 104);
INSERT IGNORE INTO TagProduk (id_produk, id_tag) VALUES (87, 38);
INSERT IGNORE INTO TagProduk (id_produk, id_tag) VALUES (88, 65);
INSERT IGNORE INTO TagProduk (id_produk, id_tag) VALUES (89, 24);
INSERT IGNORE INTO TagProduk (id_produk, id_tag) VALUES (90, 18);
INSERT IGNORE INTO TagProduk (id_produk, id_tag) VALUES (90, 40);
INSERT IGNORE INTO TagProduk (id_produk, id_tag) VALUES (90, 32);
INSERT IGNORE INTO TagProduk (id_produk, id_tag) VALUES (90, 55);
INSERT IGNORE INTO TagProduk (id_produk, id_tag) VALUES (91, 65);
INSERT IGNORE INTO TagProduk (id_produk, id_tag) VALUES (91, 61);
INSERT IGNORE INTO TagProduk (id_produk, id_tag) VALUES (92, 29);
INSERT IGNORE INTO TagProduk (id_produk, id_tag) VALUES (92, 87);
INSERT IGNORE INTO TagProduk (id_produk, id_tag) VALUES (92, 9);
INSERT IGNORE INTO TagProduk (id_produk, id_tag) VALUES (93, 43);
INSERT IGNORE INTO TagProduk (id_produk, id_tag) VALUES (94, 112);
INSERT IGNORE INTO TagProduk (id_produk, id_tag) VALUES (95, 8);
INSERT IGNORE INTO TagProduk (id_produk, id_tag) VALUES (96, 67);
INSERT IGNORE INTO TagProduk (id_produk, id_tag) VALUES (96, 57);
INSERT IGNORE INTO TagProduk (id_produk, id_tag) VALUES (97, 31);
INSERT IGNORE INTO TagProduk (id_produk, id_tag) VALUES (97, 22);
INSERT IGNORE INTO TagProduk (id_produk, id_tag) VALUES (98, 29);
INSERT IGNORE INTO TagProduk (id_produk, id_tag) VALUES (98, 73);
INSERT IGNORE INTO TagProduk (id_produk, id_tag) VALUES (98, 21);
INSERT IGNORE INTO TagProduk (id_produk, id_tag) VALUES (98, 62);
INSERT IGNORE INTO TagProduk (id_produk, id_tag) VALUES (99, 64);
INSERT IGNORE INTO TagProduk (id_produk, id_tag) VALUES (99, 107);
INSERT IGNORE INTO TagProduk (id_produk, id_tag) VALUES (100, 118);
INSERT IGNORE INTO TagProduk (id_produk, id_tag) VALUES (100, 114);
INSERT IGNORE INTO TagProduk (id_produk, id_tag) VALUES (100, 9);
INSERT IGNORE INTO TagProduk (id_produk, id_tag) VALUES (100, 95);

-- BarangKeranjang
INSERT IGNORE INTO BarangKeranjang (id_keranjang, sku, kuantitas) VALUES (1, 'SKU000074', 2);
INSERT IGNORE INTO BarangKeranjang (id_keranjang, sku, kuantitas) VALUES (1, 'SKU000017', 1);
INSERT IGNORE INTO BarangKeranjang (id_keranjang, sku, kuantitas) VALUES (1, 'SKU000088', 2);
INSERT IGNORE INTO BarangKeranjang (id_keranjang, sku, kuantitas) VALUES (1, 'SKU000008', 3);
INSERT IGNORE INTO BarangKeranjang (id_keranjang, sku, kuantitas) VALUES (1, 'SKU000156', 2);
INSERT IGNORE INTO BarangKeranjang (id_keranjang, sku, kuantitas) VALUES (3, 'SKU000111', 2);
INSERT IGNORE INTO BarangKeranjang (id_keranjang, sku, kuantitas) VALUES (3, 'SKU000151', 3);
INSERT IGNORE INTO BarangKeranjang (id_keranjang, sku, kuantitas) VALUES (3, 'SKU000185', 1);
INSERT IGNORE INTO BarangKeranjang (id_keranjang, sku, kuantitas) VALUES (3, 'SKU000050', 3);
INSERT IGNORE INTO BarangKeranjang (id_keranjang, sku, kuantitas) VALUES (3, 'SKU000190', 3);
INSERT IGNORE INTO BarangKeranjang (id_keranjang, sku, kuantitas) VALUES (7, 'SKU000176', 3);
INSERT IGNORE INTO BarangKeranjang (id_keranjang, sku, kuantitas) VALUES (7, 'SKU000112', 1);
INSERT IGNORE INTO BarangKeranjang (id_keranjang, sku, kuantitas) VALUES (7, 'SKU000182', 3);
INSERT IGNORE INTO BarangKeranjang (id_keranjang, sku, kuantitas) VALUES (7, 'SKU000006', 2);
INSERT IGNORE INTO BarangKeranjang (id_keranjang, sku, kuantitas) VALUES (7, 'SKU000165', 1);
INSERT IGNORE INTO BarangKeranjang (id_keranjang, sku, kuantitas) VALUES (8, 'SKU000038', 3);
INSERT IGNORE INTO BarangKeranjang (id_keranjang, sku, kuantitas) VALUES (8, 'SKU000098', 3);
INSERT IGNORE INTO BarangKeranjang (id_keranjang, sku, kuantitas) VALUES (9, 'SKU000027', 2);
INSERT IGNORE INTO BarangKeranjang (id_keranjang, sku, kuantitas) VALUES (9, 'SKU000025', 1);
INSERT IGNORE INTO BarangKeranjang (id_keranjang, sku, kuantitas) VALUES (9, 'SKU000055', 1);
INSERT IGNORE INTO BarangKeranjang (id_keranjang, sku, kuantitas) VALUES (9, 'SKU000032', 1);
INSERT IGNORE INTO BarangKeranjang (id_keranjang, sku, kuantitas) VALUES (10, 'SKU000055', 2);
INSERT IGNORE INTO BarangKeranjang (id_keranjang, sku, kuantitas) VALUES (10, 'SKU000171', 1);
INSERT IGNORE INTO BarangKeranjang (id_keranjang, sku, kuantitas) VALUES (10, 'SKU000188', 1);
INSERT IGNORE INTO BarangKeranjang (id_keranjang, sku, kuantitas) VALUES (12, 'SKU000135', 3);
INSERT IGNORE INTO BarangKeranjang (id_keranjang, sku, kuantitas) VALUES (12, 'SKU000029', 3);
INSERT IGNORE INTO BarangKeranjang (id_keranjang, sku, kuantitas) VALUES (12, 'SKU000038', 3);
INSERT IGNORE INTO BarangKeranjang (id_keranjang, sku, kuantitas) VALUES (12, 'SKU000050', 1);
INSERT IGNORE INTO BarangKeranjang (id_keranjang, sku, kuantitas) VALUES (12, 'SKU000178', 3);
INSERT IGNORE INTO BarangKeranjang (id_keranjang, sku, kuantitas) VALUES (14, 'SKU000057', 2);
INSERT IGNORE INTO BarangKeranjang (id_keranjang, sku, kuantitas) VALUES (14, 'SKU000082', 1);
INSERT IGNORE INTO BarangKeranjang (id_keranjang, sku, kuantitas) VALUES (14, 'SKU000020', 2);
INSERT IGNORE INTO BarangKeranjang (id_keranjang, sku, kuantitas) VALUES (15, 'SKU000175', 3);
INSERT IGNORE INTO BarangKeranjang (id_keranjang, sku, kuantitas) VALUES (15, 'SKU000103', 1);
INSERT IGNORE INTO BarangKeranjang (id_keranjang, sku, kuantitas) VALUES (15, 'SKU000063', 3);
INSERT IGNORE INTO BarangKeranjang (id_keranjang, sku, kuantitas) VALUES (16, 'SKU000166', 3);
INSERT IGNORE INTO BarangKeranjang (id_keranjang, sku, kuantitas) VALUES (16, 'SKU000195', 1);
INSERT IGNORE INTO BarangKeranjang (id_keranjang, sku, kuantitas) VALUES (16, 'SKU000016', 1);
INSERT IGNORE INTO BarangKeranjang (id_keranjang, sku, kuantitas) VALUES (17, 'SKU000164', 1);
INSERT IGNORE INTO BarangKeranjang (id_keranjang, sku, kuantitas) VALUES (17, 'SKU000195', 3);
INSERT IGNORE INTO BarangKeranjang (id_keranjang, sku, kuantitas) VALUES (17, 'SKU000048', 1);
INSERT IGNORE INTO BarangKeranjang (id_keranjang, sku, kuantitas) VALUES (18, 'SKU000113', 3);
INSERT IGNORE INTO BarangKeranjang (id_keranjang, sku, kuantitas) VALUES (19, 'SKU000106', 3);
INSERT IGNORE INTO BarangKeranjang (id_keranjang, sku, kuantitas) VALUES (19, 'SKU000188', 3);
INSERT IGNORE INTO BarangKeranjang (id_keranjang, sku, kuantitas) VALUES (20, 'SKU000197', 3);
INSERT IGNORE INTO BarangKeranjang (id_keranjang, sku, kuantitas) VALUES (20, 'SKU000051', 1);
INSERT IGNORE INTO BarangKeranjang (id_keranjang, sku, kuantitas) VALUES (22, 'SKU000040', 2);
INSERT IGNORE INTO BarangKeranjang (id_keranjang, sku, kuantitas) VALUES (23, 'SKU000154', 3);
INSERT IGNORE INTO BarangKeranjang (id_keranjang, sku, kuantitas) VALUES (24, 'SKU000110', 1);
INSERT IGNORE INTO BarangKeranjang (id_keranjang, sku, kuantitas) VALUES (24, 'SKU000049', 3);
INSERT IGNORE INTO BarangKeranjang (id_keranjang, sku, kuantitas) VALUES (25, 'SKU000137', 2);
INSERT IGNORE INTO BarangKeranjang (id_keranjang, sku, kuantitas) VALUES (25, 'SKU000056', 3);
INSERT IGNORE INTO BarangKeranjang (id_keranjang, sku, kuantitas) VALUES (25, 'SKU000122', 3);
INSERT IGNORE INTO BarangKeranjang (id_keranjang, sku, kuantitas) VALUES (27, 'SKU000087', 3);
INSERT IGNORE INTO BarangKeranjang (id_keranjang, sku, kuantitas) VALUES (27, 'SKU000048', 2);
INSERT IGNORE INTO BarangKeranjang (id_keranjang, sku, kuantitas) VALUES (28, 'SKU000186', 2);
INSERT IGNORE INTO BarangKeranjang (id_keranjang, sku, kuantitas) VALUES (28, 'SKU000060', 1);
INSERT IGNORE INTO BarangKeranjang (id_keranjang, sku, kuantitas) VALUES (29, 'SKU000090', 1);
INSERT IGNORE INTO BarangKeranjang (id_keranjang, sku, kuantitas) VALUES (29, 'SKU000059', 3);
INSERT IGNORE INTO BarangKeranjang (id_keranjang, sku, kuantitas) VALUES (29, 'SKU000186', 2);
INSERT IGNORE INTO BarangKeranjang (id_keranjang, sku, kuantitas) VALUES (30, 'SKU000196', 3);
INSERT IGNORE INTO BarangKeranjang (id_keranjang, sku, kuantitas) VALUES (30, 'SKU000137', 1);
INSERT IGNORE INTO BarangKeranjang (id_keranjang, sku, kuantitas) VALUES (30, 'SKU000121', 2);
INSERT IGNORE INTO BarangKeranjang (id_keranjang, sku, kuantitas) VALUES (30, 'SKU000095', 1);
INSERT IGNORE INTO BarangKeranjang (id_keranjang, sku, kuantitas) VALUES (30, 'SKU000102', 3);
INSERT IGNORE INTO BarangKeranjang (id_keranjang, sku, kuantitas) VALUES (31, 'SKU000072', 1);
INSERT IGNORE INTO BarangKeranjang (id_keranjang, sku, kuantitas) VALUES (31, 'SKU000051', 3);
INSERT IGNORE INTO BarangKeranjang (id_keranjang, sku, kuantitas) VALUES (32, 'SKU000181', 2);
INSERT IGNORE INTO BarangKeranjang (id_keranjang, sku, kuantitas) VALUES (32, 'SKU000036', 1);
INSERT IGNORE INTO BarangKeranjang (id_keranjang, sku, kuantitas) VALUES (33, 'SKU000184', 2);
INSERT IGNORE INTO BarangKeranjang (id_keranjang, sku, kuantitas) VALUES (36, 'SKU000014', 2);
INSERT IGNORE INTO BarangKeranjang (id_keranjang, sku, kuantitas) VALUES (36, 'SKU000053', 1);
INSERT IGNORE INTO BarangKeranjang (id_keranjang, sku, kuantitas) VALUES (36, 'SKU000134', 1);
INSERT IGNORE INTO BarangKeranjang (id_keranjang, sku, kuantitas) VALUES (38, 'SKU000153', 3);
INSERT IGNORE INTO BarangKeranjang (id_keranjang, sku, kuantitas) VALUES (39, 'SKU000168', 1);
INSERT IGNORE INTO BarangKeranjang (id_keranjang, sku, kuantitas) VALUES (39, 'SKU000196', 3);
INSERT IGNORE INTO BarangKeranjang (id_keranjang, sku, kuantitas) VALUES (39, 'SKU000044', 2);
INSERT IGNORE INTO BarangKeranjang (id_keranjang, sku, kuantitas) VALUES (39, 'SKU000110', 3);
INSERT IGNORE INTO BarangKeranjang (id_keranjang, sku, kuantitas) VALUES (40, 'SKU000052', 2);
INSERT IGNORE INTO BarangKeranjang (id_keranjang, sku, kuantitas) VALUES (40, 'SKU000121', 2);
INSERT IGNORE INTO BarangKeranjang (id_keranjang, sku, kuantitas) VALUES (40, 'SKU000022', 1);
INSERT IGNORE INTO BarangKeranjang (id_keranjang, sku, kuantitas) VALUES (40, 'SKU000102', 2);
INSERT IGNORE INTO BarangKeranjang (id_keranjang, sku, kuantitas) VALUES (40, 'SKU000045', 2);
INSERT IGNORE INTO BarangKeranjang (id_keranjang, sku, kuantitas) VALUES (41, 'SKU000021', 3);
INSERT IGNORE INTO BarangKeranjang (id_keranjang, sku, kuantitas) VALUES (41, 'SKU000088', 3);
INSERT IGNORE INTO BarangKeranjang (id_keranjang, sku, kuantitas) VALUES (41, 'SKU000175', 3);
INSERT IGNORE INTO BarangKeranjang (id_keranjang, sku, kuantitas) VALUES (41, 'SKU000182', 1);
INSERT IGNORE INTO BarangKeranjang (id_keranjang, sku, kuantitas) VALUES (42, 'SKU000011', 1);
INSERT IGNORE INTO BarangKeranjang (id_keranjang, sku, kuantitas) VALUES (42, 'SKU000200', 2);
INSERT IGNORE INTO BarangKeranjang (id_keranjang, sku, kuantitas) VALUES (42, 'SKU000013', 3);
INSERT IGNORE INTO BarangKeranjang (id_keranjang, sku, kuantitas) VALUES (43, 'SKU000015', 2);
INSERT IGNORE INTO BarangKeranjang (id_keranjang, sku, kuantitas) VALUES (43, 'SKU000163', 3);
INSERT IGNORE INTO BarangKeranjang (id_keranjang, sku, kuantitas) VALUES (43, 'SKU000021', 1);
INSERT IGNORE INTO BarangKeranjang (id_keranjang, sku, kuantitas) VALUES (43, 'SKU000165', 1);
INSERT IGNORE INTO BarangKeranjang (id_keranjang, sku, kuantitas) VALUES (44, 'SKU000178', 2);
INSERT IGNORE INTO BarangKeranjang (id_keranjang, sku, kuantitas) VALUES (44, 'SKU000155', 1);
INSERT IGNORE INTO BarangKeranjang (id_keranjang, sku, kuantitas) VALUES (44, 'SKU000182', 3);
INSERT IGNORE INTO BarangKeranjang (id_keranjang, sku, kuantitas) VALUES (45, 'SKU000093', 2);
INSERT IGNORE INTO BarangKeranjang (id_keranjang, sku, kuantitas) VALUES (45, 'SKU000154', 2);
INSERT IGNORE INTO BarangKeranjang (id_keranjang, sku, kuantitas) VALUES (45, 'SKU000110', 1);
INSERT IGNORE INTO BarangKeranjang (id_keranjang, sku, kuantitas) VALUES (47, 'SKU000025', 2);
INSERT IGNORE INTO BarangKeranjang (id_keranjang, sku, kuantitas) VALUES (48, 'SKU000148', 2);
INSERT IGNORE INTO BarangKeranjang (id_keranjang, sku, kuantitas) VALUES (48, 'SKU000192', 2);
INSERT IGNORE INTO BarangKeranjang (id_keranjang, sku, kuantitas) VALUES (48, 'SKU000060', 3);
INSERT IGNORE INTO BarangKeranjang (id_keranjang, sku, kuantitas) VALUES (48, 'SKU000031', 3);
INSERT IGNORE INTO BarangKeranjang (id_keranjang, sku, kuantitas) VALUES (48, 'SKU000125', 2);
INSERT IGNORE INTO BarangKeranjang (id_keranjang, sku, kuantitas) VALUES (49, 'SKU000014', 3);
INSERT IGNORE INTO BarangKeranjang (id_keranjang, sku, kuantitas) VALUES (49, 'SKU000198', 1);
INSERT IGNORE INTO BarangKeranjang (id_keranjang, sku, kuantitas) VALUES (50, 'SKU000095', 3);
INSERT IGNORE INTO BarangKeranjang (id_keranjang, sku, kuantitas) VALUES (50, 'SKU000051', 2);
INSERT IGNORE INTO BarangKeranjang (id_keranjang, sku, kuantitas) VALUES (51, 'SKU000110', 3);
INSERT IGNORE INTO BarangKeranjang (id_keranjang, sku, kuantitas) VALUES (51, 'SKU000029', 1);
INSERT IGNORE INTO BarangKeranjang (id_keranjang, sku, kuantitas) VALUES (52, 'SKU000099', 3);
INSERT IGNORE INTO BarangKeranjang (id_keranjang, sku, kuantitas) VALUES (52, 'SKU000131', 3);
INSERT IGNORE INTO BarangKeranjang (id_keranjang, sku, kuantitas) VALUES (52, 'SKU000054', 2);
INSERT IGNORE INTO BarangKeranjang (id_keranjang, sku, kuantitas) VALUES (52, 'SKU000100', 2);
INSERT IGNORE INTO BarangKeranjang (id_keranjang, sku, kuantitas) VALUES (52, 'SKU000086', 2);
INSERT IGNORE INTO BarangKeranjang (id_keranjang, sku, kuantitas) VALUES (55, 'SKU000026', 3);
INSERT IGNORE INTO BarangKeranjang (id_keranjang, sku, kuantitas) VALUES (55, 'SKU000052', 3);
INSERT IGNORE INTO BarangKeranjang (id_keranjang, sku, kuantitas) VALUES (56, 'SKU000127', 3);
INSERT IGNORE INTO BarangKeranjang (id_keranjang, sku, kuantitas) VALUES (56, 'SKU000030', 3);
INSERT IGNORE INTO BarangKeranjang (id_keranjang, sku, kuantitas) VALUES (56, 'SKU000141', 2);
INSERT IGNORE INTO BarangKeranjang (id_keranjang, sku, kuantitas) VALUES (56, 'SKU000186', 1);
INSERT IGNORE INTO BarangKeranjang (id_keranjang, sku, kuantitas) VALUES (56, 'SKU000151', 1);
INSERT IGNORE INTO BarangKeranjang (id_keranjang, sku, kuantitas) VALUES (57, 'SKU000004', 3);
INSERT IGNORE INTO BarangKeranjang (id_keranjang, sku, kuantitas) VALUES (57, 'SKU000010', 1);
INSERT IGNORE INTO BarangKeranjang (id_keranjang, sku, kuantitas) VALUES (57, 'SKU000079', 3);
INSERT IGNORE INTO BarangKeranjang (id_keranjang, sku, kuantitas) VALUES (58, 'SKU000119', 1);
INSERT IGNORE INTO BarangKeranjang (id_keranjang, sku, kuantitas) VALUES (58, 'SKU000106', 3);
INSERT IGNORE INTO BarangKeranjang (id_keranjang, sku, kuantitas) VALUES (59, 'SKU000186', 2);
INSERT IGNORE INTO BarangKeranjang (id_keranjang, sku, kuantitas) VALUES (59, 'SKU000158', 2);
INSERT IGNORE INTO BarangKeranjang (id_keranjang, sku, kuantitas) VALUES (59, 'SKU000002', 2);
INSERT IGNORE INTO BarangKeranjang (id_keranjang, sku, kuantitas) VALUES (59, 'SKU000139', 2);
INSERT IGNORE INTO BarangKeranjang (id_keranjang, sku, kuantitas) VALUES (60, 'SKU000136', 1);
INSERT IGNORE INTO BarangKeranjang (id_keranjang, sku, kuantitas) VALUES (60, 'SKU000194', 2);

-- Pesanan
INSERT IGNORE INTO Pesanan (id_pesanan, id_pembeli, id_alamat_pembeli, metode_pembayaran, metode_pengiriman, catatan, status_pesanan, waktu_pemesanan) VALUES (1, 32, 64, 'Kartu Kredit Mastercard', 'Ninja Xpress', NULL, 'Selesai', '2025-05-29 21:14:51');
INSERT IGNORE INTO Pesanan (id_pesanan, id_pembeli, id_alamat_pembeli, metode_pembayaran, metode_pengiriman, catatan, status_pesanan, waktu_pemesanan) VALUES (2, 28, 57, 'Transfer Bank BCA', 'JNE REG', 'Beatae asperiores ipsam ipsa.', 'Menunggu Pembayaran', '2025-02-07 04:05:51');
INSERT IGNORE INTO Pesanan (id_pesanan, id_pembeli, id_alamat_pembeli, metode_pembayaran, metode_pengiriman, catatan, status_pesanan, waktu_pemesanan) VALUES (3, 39, 79, 'Transfer Bank BCA', 'Gojek Instant', 'Numquam eligendi odio eligendi modi sint molestias tenetur.', 'Menunggu Pembayaran', '2025-05-05 07:51:51');
INSERT IGNORE INTO Pesanan (id_pesanan, id_pembeli, id_alamat_pembeli, metode_pembayaran, metode_pengiriman, catatan, status_pesanan, waktu_pemesanan) VALUES (4, 10, 19, 'Transfer Bank Mandiri', 'Sicepat Gokil', NULL, 'Selesai', '2025-02-16 02:15:51');
INSERT IGNORE INTO Pesanan (id_pesanan, id_pembeli, id_alamat_pembeli, metode_pembayaran, metode_pengiriman, catatan, status_pesanan, waktu_pemesanan) VALUES (5, 9, 18, 'ShopeePay', 'Sicepat HALU', NULL, 'Pending', '2025-02-07 16:35:51');
INSERT IGNORE INTO Pesanan (id_pesanan, id_pembeli, id_alamat_pembeli, metode_pembayaran, metode_pengiriman, catatan, status_pesanan, waktu_pemesanan) VALUES (6, 40, 82, 'ShopeePay', 'Ninja Xpress', 'Rerum ipsam consequuntur esse explicabo adipisci occaecati provident eum adipisci deserunt cum amet quod dicta ipsa ut.', 'Diproses', '2025-03-24 09:06:51');
INSERT IGNORE INTO Pesanan (id_pesanan, id_pembeli, id_alamat_pembeli, metode_pembayaran, metode_pengiriman, catatan, status_pesanan, waktu_pemesanan) VALUES (7, 36, 74, 'Virtual Account BNI', 'J&T Express', NULL, 'Menunggu Pembayaran', '2025-01-14 09:34:51');
INSERT IGNORE INTO Pesanan (id_pesanan, id_pembeli, id_alamat_pembeli, metode_pembayaran, metode_pengiriman, catatan, status_pesanan, waktu_pemesanan) VALUES (8, 25, 54, 'Virtual Account BNI', 'Gojek Instant', 'Voluptate tempore doloribus repudiandae laborum.', 'Dikirim', '2025-02-03 13:35:51');
INSERT IGNORE INTO Pesanan (id_pesanan, id_pembeli, id_alamat_pembeli, metode_pembayaran, metode_pengiriman, catatan, status_pesanan, waktu_pemesanan) VALUES (9, 49, 103, 'Kartu Kredit Visa', 'Grab SameDay', NULL, 'Diproses', '2025-03-15 07:48:51');
INSERT IGNORE INTO Pesanan (id_pesanan, id_pembeli, id_alamat_pembeli, metode_pembayaran, metode_pengiriman, catatan, status_pesanan, waktu_pemesanan) VALUES (10, 29, 59, 'ShopeePay', 'JNE YES', NULL, 'Menunggu Pembayaran', '2025-04-27 10:59:51');
INSERT IGNORE INTO Pesanan (id_pesanan, id_pembeli, id_alamat_pembeli, metode_pembayaran, metode_pengiriman, catatan, status_pesanan, waktu_pemesanan) VALUES (11, 34, 69, 'COD', 'JNE Trucking', 'Minus culpa quos possimus dignissimos nesciunt ipsam voluptatibus odit.', 'Dikirim', '2025-03-07 12:15:51');
INSERT IGNORE INTO Pesanan (id_pesanan, id_pembeli, id_alamat_pembeli, metode_pembayaran, metode_pengiriman, catatan, status_pesanan, waktu_pemesanan) VALUES (12, 34, 68, 'GoPay', 'Anteraja Regular', 'Quos hic dicta repudiandae vel excepturi vero totam accusantium sint.', 'Pending', '2025-04-28 23:44:51');
INSERT IGNORE INTO Pesanan (id_pesanan, id_pembeli, id_alamat_pembeli, metode_pembayaran, metode_pengiriman, catatan, status_pesanan, waktu_pemesanan) VALUES (13, 21, 42, 'OVO', 'POS Indonesia', 'Corporis illo cum vitae.', 'Pengembalian Dana', '2025-03-27 13:10:51');
INSERT IGNORE INTO Pesanan (id_pesanan, id_pembeli, id_alamat_pembeli, metode_pembayaran, metode_pengiriman, catatan, status_pesanan, waktu_pemesanan) VALUES (14, 59, 122, 'OVO', 'JNE YES', NULL, 'Pengembalian Dana', '2025-03-27 15:14:51');
INSERT IGNORE INTO Pesanan (id_pesanan, id_pembeli, id_alamat_pembeli, metode_pembayaran, metode_pengiriman, catatan, status_pesanan, waktu_pemesanan) VALUES (15, 57, 117, 'OVO', 'Sicepat HALU', 'Vero nobis illo itaque blanditiis veniam ratione rerum cum id nisi nihil quis atque quis eaque similique eaque tempora.', 'Dikirim', '2025-02-07 00:49:51');
INSERT IGNORE INTO Pesanan (id_pesanan, id_pembeli, id_alamat_pembeli, metode_pembayaran, metode_pengiriman, catatan, status_pesanan, waktu_pemesanan) VALUES (16, 5, 10, 'Transfer Bank BCA', 'POS Indonesia', NULL, 'Menunggu Pembayaran', '2025-01-22 05:35:51');
INSERT IGNORE INTO Pesanan (id_pesanan, id_pembeli, id_alamat_pembeli, metode_pembayaran, metode_pengiriman, catatan, status_pesanan, waktu_pemesanan) VALUES (17, 49, 103, 'OVO', 'Gojek Instant', NULL, 'Dibatalkan', '2025-05-30 12:16:51');
INSERT IGNORE INTO Pesanan (id_pesanan, id_pembeli, id_alamat_pembeli, metode_pembayaran, metode_pengiriman, catatan, status_pesanan, waktu_pemesanan) VALUES (18, 55, 113, 'Virtual Account BNI', 'Anteraja Regular', 'Accusantium officiis earum maxime amet ad itaque.', 'Dibatalkan', '2024-12-08 23:56:51');
INSERT IGNORE INTO Pesanan (id_pesanan, id_pembeli, id_alamat_pembeli, metode_pembayaran, metode_pengiriman, catatan, status_pesanan, waktu_pemesanan) VALUES (19, 48, 99, 'GoPay', 'Anteraja Regular', NULL, 'Dibatalkan', '2025-02-04 05:06:51');
INSERT IGNORE INTO Pesanan (id_pesanan, id_pembeli, id_alamat_pembeli, metode_pembayaran, metode_pengiriman, catatan, status_pesanan, waktu_pemesanan) VALUES (20, 18, 38, 'Dana', 'Grab SameDay', NULL, 'Dikirim', '2025-01-16 03:49:51');
INSERT IGNORE INTO Pesanan (id_pesanan, id_pembeli, id_alamat_pembeli, metode_pembayaran, metode_pengiriman, catatan, status_pesanan, waktu_pemesanan) VALUES (21, 23, 49, 'COD', 'JNE YES', NULL, 'Diproses', '2025-01-31 10:30:51');
INSERT IGNORE INTO Pesanan (id_pesanan, id_pembeli, id_alamat_pembeli, metode_pembayaran, metode_pengiriman, catatan, status_pesanan, waktu_pemesanan) VALUES (22, 26, 55, 'Indomaret', 'Grab SameDay', NULL, 'Selesai', '2025-05-18 06:18:51');
INSERT IGNORE INTO Pesanan (id_pesanan, id_pembeli, id_alamat_pembeli, metode_pembayaran, metode_pengiriman, catatan, status_pesanan, waktu_pemesanan) VALUES (23, 5, 10, 'Kartu Kredit Mastercard', 'J&T Express', 'Nihil perferendis reprehenderit molestias consequuntur sed corrupti officiis aperiam commodi repellendus.', 'Dikirim', '2024-12-21 20:59:51');
INSERT IGNORE INTO Pesanan (id_pesanan, id_pembeli, id_alamat_pembeli, metode_pembayaran, metode_pengiriman, catatan, status_pesanan, waktu_pemesanan) VALUES (24, 52, 108, 'ShopeePay', 'POS Indonesia', 'Saepe sapiente deleniti ea omnis ad nulla officiis totam eum voluptate a repudiandae.', 'Dikirim', '2025-04-30 20:12:51');
INSERT IGNORE INTO Pesanan (id_pesanan, id_pembeli, id_alamat_pembeli, metode_pembayaran, metode_pengiriman, catatan, status_pesanan, waktu_pemesanan) VALUES (25, 24, 50, 'OVO', 'POS Indonesia', NULL, 'Diproses', '2025-01-13 02:33:51');
INSERT IGNORE INTO Pesanan (id_pesanan, id_pembeli, id_alamat_pembeli, metode_pembayaran, metode_pengiriman, catatan, status_pesanan, waktu_pemesanan) VALUES (26, 38, 77, 'ShopeePay', 'JNE Trucking', NULL, 'Pengembalian Dana', '2025-04-10 01:55:51');
INSERT IGNORE INTO Pesanan (id_pesanan, id_pembeli, id_alamat_pembeli, metode_pembayaran, metode_pengiriman, catatan, status_pesanan, waktu_pemesanan) VALUES (27, 7, 13, 'Alfamart', 'Sicepat Gokil', NULL, 'Menunggu Pembayaran', '2025-05-15 10:33:51');
INSERT IGNORE INTO Pesanan (id_pesanan, id_pembeli, id_alamat_pembeli, metode_pembayaran, metode_pengiriman, catatan, status_pesanan, waktu_pemesanan) VALUES (28, 53, 109, 'Virtual Account BNI', 'Grab SameDay', 'Pariatur amet non.', 'Selesai', '2025-02-02 12:37:51');
INSERT IGNORE INTO Pesanan (id_pesanan, id_pembeli, id_alamat_pembeli, metode_pembayaran, metode_pengiriman, catatan, status_pesanan, waktu_pemesanan) VALUES (29, 43, 87, 'Transfer Bank BCA', 'Grab SameDay', 'Aut fugit delectus quaerat dicta maiores consectetur corrupti unde distinctio impedit facilis provident error.', 'Diproses', '2025-02-10 17:12:51');
INSERT IGNORE INTO Pesanan (id_pesanan, id_pembeli, id_alamat_pembeli, metode_pembayaran, metode_pengiriman, catatan, status_pesanan, waktu_pemesanan) VALUES (30, 40, 82, 'Kartu Kredit Visa', 'J&T Express', 'Molestias facere vel id maxime.', 'Pending', '2025-03-29 17:12:51');
INSERT IGNORE INTO Pesanan (id_pesanan, id_pembeli, id_alamat_pembeli, metode_pembayaran, metode_pengiriman, catatan, status_pesanan, waktu_pemesanan) VALUES (31, 52, 108, 'Virtual Account BNI', 'J&T Express', NULL, 'Selesai', '2025-04-05 19:21:51');
INSERT IGNORE INTO Pesanan (id_pesanan, id_pembeli, id_alamat_pembeli, metode_pembayaran, metode_pengiriman, catatan, status_pesanan, waktu_pemesanan) VALUES (32, 22, 45, 'Virtual Account BNI', 'J&T Express', NULL, 'Diproses', '2025-04-21 21:20:51');
INSERT IGNORE INTO Pesanan (id_pesanan, id_pembeli, id_alamat_pembeli, metode_pembayaran, metode_pengiriman, catatan, status_pesanan, waktu_pemesanan) VALUES (33, 34, 68, 'Alfamart', 'JNE Trucking', NULL, 'Menunggu Pembayaran', '2025-03-20 14:32:51');
INSERT IGNORE INTO Pesanan (id_pesanan, id_pembeli, id_alamat_pembeli, metode_pembayaran, metode_pengiriman, catatan, status_pesanan, waktu_pemesanan) VALUES (34, 18, 37, 'ShopeePay', 'Ninja Xpress', 'Vitae expedita consectetur quasi optio delectus molestiae nisi quasi quisquam.', 'Selesai', '2025-03-08 21:40:51');
INSERT IGNORE INTO Pesanan (id_pesanan, id_pembeli, id_alamat_pembeli, metode_pembayaran, metode_pengiriman, catatan, status_pesanan, waktu_pemesanan) VALUES (35, 36, 74, 'Indomaret', 'Sicepat BEST', NULL, 'Pending', '2024-12-12 20:00:51');
INSERT IGNORE INTO Pesanan (id_pesanan, id_pembeli, id_alamat_pembeli, metode_pembayaran, metode_pengiriman, catatan, status_pesanan, waktu_pemesanan) VALUES (36, 56, 116, 'OVO', 'Ninja Xpress', NULL, 'Menunggu Pembayaran', '2025-04-06 20:48:51');
INSERT IGNORE INTO Pesanan (id_pesanan, id_pembeli, id_alamat_pembeli, metode_pembayaran, metode_pengiriman, catatan, status_pesanan, waktu_pemesanan) VALUES (37, 47, 97, 'Alfamart', 'JNE YES', NULL, 'Menunggu Pembayaran', '2025-01-14 22:27:51');
INSERT IGNORE INTO Pesanan (id_pesanan, id_pembeli, id_alamat_pembeli, metode_pembayaran, metode_pengiriman, catatan, status_pesanan, waktu_pemesanan) VALUES (38, 49, 103, 'ShopeePay', 'Sicepat HALU', NULL, 'Pending', '2025-05-02 20:07:51');
INSERT IGNORE INTO Pesanan (id_pesanan, id_pembeli, id_alamat_pembeli, metode_pembayaran, metode_pengiriman, catatan, status_pesanan, waktu_pemesanan) VALUES (39, 7, 13, 'Dana', 'JNE YES', NULL, 'Dikirim', '2024-12-08 03:03:51');
INSERT IGNORE INTO Pesanan (id_pesanan, id_pembeli, id_alamat_pembeli, metode_pembayaran, metode_pengiriman, catatan, status_pesanan, waktu_pemesanan) VALUES (40, 20, 41, 'Virtual Account BNI', 'Sicepat HALU', NULL, 'Pending', '2025-01-09 23:55:51');
INSERT IGNORE INTO Pesanan (id_pesanan, id_pembeli, id_alamat_pembeli, metode_pembayaran, metode_pengiriman, catatan, status_pesanan, waktu_pemesanan) VALUES (41, 51, 107, 'Transfer Bank Mandiri', 'Sicepat HALU', NULL, 'Dikirim', '2025-01-13 22:36:51');
INSERT IGNORE INTO Pesanan (id_pesanan, id_pembeli, id_alamat_pembeli, metode_pembayaran, metode_pengiriman, catatan, status_pesanan, waktu_pemesanan) VALUES (42, 39, 80, 'Indomaret', 'JNE YES', NULL, 'Pengembalian Dana', '2025-04-02 15:25:51');
INSERT IGNORE INTO Pesanan (id_pesanan, id_pembeli, id_alamat_pembeli, metode_pembayaran, metode_pengiriman, catatan, status_pesanan, waktu_pemesanan) VALUES (43, 28, 58, 'Virtual Account BNI', 'JNE REG', 'Animi cumque blanditiis enim officia impedit.', 'Menunggu Pembayaran', '2025-02-20 09:24:51');
INSERT IGNORE INTO Pesanan (id_pesanan, id_pembeli, id_alamat_pembeli, metode_pembayaran, metode_pengiriman, catatan, status_pesanan, waktu_pemesanan) VALUES (44, 11, 22, 'Virtual Account BNI', 'JNE REG', NULL, 'Diproses', '2025-04-26 00:15:51');
INSERT IGNORE INTO Pesanan (id_pesanan, id_pembeli, id_alamat_pembeli, metode_pembayaran, metode_pengiriman, catatan, status_pesanan, waktu_pemesanan) VALUES (45, 4, 7, 'Indomaret', 'Sicepat BEST', 'Perspiciatis alias officiis ad.', 'Diproses', '2025-02-07 03:12:51');
INSERT IGNORE INTO Pesanan (id_pesanan, id_pembeli, id_alamat_pembeli, metode_pembayaran, metode_pengiriman, catatan, status_pesanan, waktu_pemesanan) VALUES (46, 1, 1, 'Transfer Bank BCA', 'JNE REG', 'Provident voluptas nobis molestias molestiae modi nihil odit non ipsa suscipit perferendis quibusdam aperiam.', 'Pending', '2024-12-25 00:13:51');
INSERT IGNORE INTO Pesanan (id_pesanan, id_pembeli, id_alamat_pembeli, metode_pembayaran, metode_pengiriman, catatan, status_pesanan, waktu_pemesanan) VALUES (47, 59, 123, 'Indomaret', 'Sicepat BEST', 'Mollitia odit tempora consequatur hic.', 'Diproses', '2025-05-18 03:20:51');
INSERT IGNORE INTO Pesanan (id_pesanan, id_pembeli, id_alamat_pembeli, metode_pembayaran, metode_pengiriman, catatan, status_pesanan, waktu_pemesanan) VALUES (48, 53, 109, 'COD', 'POS Indonesia', NULL, 'Dibatalkan', '2025-02-21 10:43:51');
INSERT IGNORE INTO Pesanan (id_pesanan, id_pembeli, id_alamat_pembeli, metode_pembayaran, metode_pengiriman, catatan, status_pesanan, waktu_pemesanan) VALUES (49, 55, 113, 'Transfer Bank BCA', 'Ninja Xpress', NULL, 'Pending', '2024-12-11 07:53:51');
INSERT IGNORE INTO Pesanan (id_pesanan, id_pembeli, id_alamat_pembeli, metode_pembayaran, metode_pengiriman, catatan, status_pesanan, waktu_pemesanan) VALUES (50, 45, 92, 'Virtual Account BNI', 'JNE YES', 'Laboriosam amet quis quisquam temporibus atque consequatur repellendus.', 'Dikirim', '2025-01-22 09:35:51');
INSERT IGNORE INTO Pesanan (id_pesanan, id_pembeli, id_alamat_pembeli, metode_pembayaran, metode_pengiriman, catatan, status_pesanan, waktu_pemesanan) VALUES (51, 31, 63, 'Indomaret', 'Sicepat Gokil', NULL, 'Menunggu Pembayaran', '2025-03-25 17:59:51');
INSERT IGNORE INTO Pesanan (id_pesanan, id_pembeli, id_alamat_pembeli, metode_pembayaran, metode_pengiriman, catatan, status_pesanan, waktu_pemesanan) VALUES (52, 20, 41, 'Virtual Account BNI', 'JNE YES', NULL, 'Diproses', '2025-01-28 04:29:51');
INSERT IGNORE INTO Pesanan (id_pesanan, id_pembeli, id_alamat_pembeli, metode_pembayaran, metode_pengiriman, catatan, status_pesanan, waktu_pemesanan) VALUES (53, 24, 52, 'Kartu Kredit Mastercard', 'JNE Trucking', 'Quod ipsa rerum exercitationem est saepe facilis quia earum voluptates iste fugit quam.', 'Dikirim', '2025-05-08 13:38:51');
INSERT IGNORE INTO Pesanan (id_pesanan, id_pembeli, id_alamat_pembeli, metode_pembayaran, metode_pengiriman, catatan, status_pesanan, waktu_pemesanan) VALUES (54, 51, 107, 'OVO', 'Gojek Instant', NULL, 'Diproses', '2025-02-13 09:20:51');
INSERT IGNORE INTO Pesanan (id_pesanan, id_pembeli, id_alamat_pembeli, metode_pembayaran, metode_pengiriman, catatan, status_pesanan, waktu_pemesanan) VALUES (55, 45, 92, 'Alfamart', 'Ninja Xpress', NULL, 'Pending', '2025-04-08 16:56:51');
INSERT IGNORE INTO Pesanan (id_pesanan, id_pembeli, id_alamat_pembeli, metode_pembayaran, metode_pengiriman, catatan, status_pesanan, waktu_pemesanan) VALUES (56, 2, 4, 'Dana', 'JNE Trucking', 'Possimus natus dolorem debitis porro hic illo tempore.', 'Diproses', '2025-01-01 02:29:51');
INSERT IGNORE INTO Pesanan (id_pesanan, id_pembeli, id_alamat_pembeli, metode_pembayaran, metode_pengiriman, catatan, status_pesanan, waktu_pemesanan) VALUES (57, 28, 57, 'Indomaret', 'JNE REG', 'Rem error expedita at inventore fugiat delectus non similique culpa iste cupiditate ratione dolores labore nobis veniam iste.', 'Pengembalian Dana', '2025-01-02 00:59:51');
INSERT IGNORE INTO Pesanan (id_pesanan, id_pembeli, id_alamat_pembeli, metode_pembayaran, metode_pengiriman, catatan, status_pesanan, waktu_pemesanan) VALUES (58, 3, 6, 'Kartu Kredit Visa', 'JNE YES', NULL, 'Dikirim', '2025-03-15 06:33:51');
INSERT IGNORE INTO Pesanan (id_pesanan, id_pembeli, id_alamat_pembeli, metode_pembayaran, metode_pengiriman, catatan, status_pesanan, waktu_pemesanan) VALUES (59, 3, 6, 'Kartu Kredit Mastercard', 'JNE YES', 'Quaerat minus recusandae eos porro dolore cumque laboriosam non autem aliquid fugit.', 'Pengembalian Dana', '2024-12-10 06:24:51');
INSERT IGNORE INTO Pesanan (id_pesanan, id_pembeli, id_alamat_pembeli, metode_pembayaran, metode_pengiriman, catatan, status_pesanan, waktu_pemesanan) VALUES (60, 41, 83, 'Kartu Kredit Visa', 'JNE REG', 'Optio eius incidunt quisquam.', 'Dibatalkan', '2025-03-31 07:05:51');
INSERT IGNORE INTO Pesanan (id_pesanan, id_pembeli, id_alamat_pembeli, metode_pembayaran, metode_pengiriman, catatan, status_pesanan, waktu_pemesanan) VALUES (61, 51, 106, 'Transfer Bank Mandiri', 'J&T Express', NULL, 'Menunggu Pembayaran', '2025-01-13 19:23:51');
INSERT IGNORE INTO Pesanan (id_pesanan, id_pembeli, id_alamat_pembeli, metode_pembayaran, metode_pengiriman, catatan, status_pesanan, waktu_pemesanan) VALUES (62, 59, 122, 'GoPay', 'Sicepat HALU', NULL, 'Pengembalian Dana', '2024-12-01 14:24:51');
INSERT IGNORE INTO Pesanan (id_pesanan, id_pembeli, id_alamat_pembeli, metode_pembayaran, metode_pengiriman, catatan, status_pesanan, waktu_pemesanan) VALUES (63, 6, 11, 'Dana', 'JNE YES', 'Vel iusto nobis deserunt incidunt nesciunt.', 'Selesai', '2024-12-28 05:54:51');
INSERT IGNORE INTO Pesanan (id_pesanan, id_pembeli, id_alamat_pembeli, metode_pembayaran, metode_pengiriman, catatan, status_pesanan, waktu_pemesanan) VALUES (64, 58, 120, 'ShopeePay', 'Sicepat BEST', NULL, 'Diproses', '2025-01-29 17:39:51');
INSERT IGNORE INTO Pesanan (id_pesanan, id_pembeli, id_alamat_pembeli, metode_pembayaran, metode_pengiriman, catatan, status_pesanan, waktu_pemesanan) VALUES (65, 45, 94, 'Kartu Kredit Visa', 'Sicepat BEST', 'Delectus quia culpa assumenda rem est cupiditate labore dolorem sint odit dolorum excepturi optio aliquid commodi.', 'Dikirim', '2025-04-10 08:32:51');
INSERT IGNORE INTO Pesanan (id_pesanan, id_pembeli, id_alamat_pembeli, metode_pembayaran, metode_pengiriman, catatan, status_pesanan, waktu_pemesanan) VALUES (66, 38, 78, 'Dana', 'J&T Express', NULL, 'Dikirim', '2025-03-05 04:13:51');
INSERT IGNORE INTO Pesanan (id_pesanan, id_pembeli, id_alamat_pembeli, metode_pembayaran, metode_pengiriman, catatan, status_pesanan, waktu_pemesanan) VALUES (67, 58, 120, 'GoPay', 'Sicepat Gokil', 'Minus ipsa quam sequi debitis occaecati repellat ipsum facere doloribus molestiae incidunt illum ducimus earum voluptates illo.', 'Diproses', '2024-12-23 21:53:51');
INSERT IGNORE INTO Pesanan (id_pesanan, id_pembeli, id_alamat_pembeli, metode_pembayaran, metode_pengiriman, catatan, status_pesanan, waktu_pemesanan) VALUES (68, 19, 40, 'GoPay', 'Anteraja Regular', 'Atque enim et facere tenetur ipsum consequuntur suscipit delectus.', 'Pending', '2025-04-10 05:19:51');
INSERT IGNORE INTO Pesanan (id_pesanan, id_pembeli, id_alamat_pembeli, metode_pembayaran, metode_pengiriman, catatan, status_pesanan, waktu_pemesanan) VALUES (69, 55, 112, 'OVO', 'J&T Express', NULL, 'Pengembalian Dana', '2025-03-23 19:46:51');
INSERT IGNORE INTO Pesanan (id_pesanan, id_pembeli, id_alamat_pembeli, metode_pembayaran, metode_pengiriman, catatan, status_pesanan, waktu_pemesanan) VALUES (70, 15, 31, 'Transfer Bank Mandiri', 'POS Indonesia', NULL, 'Pending', '2025-03-30 20:12:51');
INSERT IGNORE INTO Pesanan (id_pesanan, id_pembeli, id_alamat_pembeli, metode_pembayaran, metode_pengiriman, catatan, status_pesanan, waktu_pemesanan) VALUES (71, 2, 4, 'COD', 'Sicepat HALU', 'Eveniet mollitia repudiandae dolores laboriosam natus.', 'Menunggu Pembayaran', '2025-05-15 20:03:51');
INSERT IGNORE INTO Pesanan (id_pesanan, id_pembeli, id_alamat_pembeli, metode_pembayaran, metode_pengiriman, catatan, status_pesanan, waktu_pemesanan) VALUES (72, 55, 113, 'Virtual Account BNI', 'POS Indonesia', NULL, 'Menunggu Pembayaran', '2025-04-15 20:09:51');
INSERT IGNORE INTO Pesanan (id_pesanan, id_pembeli, id_alamat_pembeli, metode_pembayaran, metode_pengiriman, catatan, status_pesanan, waktu_pemesanan) VALUES (73, 59, 123, 'Alfamart', 'Ninja Xpress', 'Nisi commodi temporibus beatae illum iure aspernatur doloribus modi quas possimus assumenda accusamus temporibus optio inventore similique.', 'Dikirim', '2025-01-21 02:31:51');
INSERT IGNORE INTO Pesanan (id_pesanan, id_pembeli, id_alamat_pembeli, metode_pembayaran, metode_pengiriman, catatan, status_pesanan, waktu_pemesanan) VALUES (74, 36, 73, 'Kartu Kredit Visa', 'Ninja Xpress', 'Necessitatibus delectus dignissimos modi exercitationem neque consectetur aperiam suscipit eaque officiis magni.', 'Dibatalkan', '2025-05-07 15:26:51');
INSERT IGNORE INTO Pesanan (id_pesanan, id_pembeli, id_alamat_pembeli, metode_pembayaran, metode_pengiriman, catatan, status_pesanan, waktu_pemesanan) VALUES (75, 50, 105, 'OVO', 'Sicepat BEST', 'Illo deserunt possimus minima magni quasi aspernatur nam dolores deleniti.', 'Pending', '2025-02-19 23:10:51');
INSERT IGNORE INTO Pesanan (id_pesanan, id_pembeli, id_alamat_pembeli, metode_pembayaran, metode_pengiriman, catatan, status_pesanan, waktu_pemesanan) VALUES (76, 4, 7, 'COD', 'Sicepat Gokil', 'Itaque possimus aliquid commodi cum voluptas reiciendis quam adipisci libero reprehenderit ipsum.', 'Dibatalkan', '2025-01-28 07:23:51');
INSERT IGNORE INTO Pesanan (id_pesanan, id_pembeli, id_alamat_pembeli, metode_pembayaran, metode_pengiriman, catatan, status_pesanan, waktu_pemesanan) VALUES (77, 34, 69, 'GoPay', 'JNE YES', 'Quod voluptatum adipisci eveniet voluptate sunt quasi consequatur delectus maiores.', 'Pending', '2025-03-11 13:05:51');
INSERT IGNORE INTO Pesanan (id_pesanan, id_pembeli, id_alamat_pembeli, metode_pembayaran, metode_pengiriman, catatan, status_pesanan, waktu_pemesanan) VALUES (78, 22, 46, 'Indomaret', 'JNE REG', 'Eius reiciendis minus culpa culpa nobis tempore ratione incidunt repellendus quia quo libero voluptates non ea maxime cum.', 'Pending', '2025-01-18 04:54:51');
INSERT IGNORE INTO Pesanan (id_pesanan, id_pembeli, id_alamat_pembeli, metode_pembayaran, metode_pengiriman, catatan, status_pesanan, waktu_pemesanan) VALUES (79, 19, 39, 'Alfamart', 'Sicepat HALU', 'Deleniti inventore nulla.', 'Selesai', '2025-03-10 01:31:51');
INSERT IGNORE INTO Pesanan (id_pesanan, id_pembeli, id_alamat_pembeli, metode_pembayaran, metode_pengiriman, catatan, status_pesanan, waktu_pemesanan) VALUES (80, 14, 29, 'Transfer Bank Mandiri', 'Sicepat HALU', NULL, 'Diproses', '2025-01-03 14:57:51');
INSERT IGNORE INTO Pesanan (id_pesanan, id_pembeli, id_alamat_pembeli, metode_pembayaran, metode_pengiriman, catatan, status_pesanan, waktu_pemesanan) VALUES (81, 38, 78, 'Transfer Bank Mandiri', 'Anteraja Regular', NULL, 'Menunggu Pembayaran', '2025-01-08 02:48:51');
INSERT IGNORE INTO Pesanan (id_pesanan, id_pembeli, id_alamat_pembeli, metode_pembayaran, metode_pengiriman, catatan, status_pesanan, waktu_pemesanan) VALUES (82, 56, 116, 'Alfamart', 'JNE REG', 'Deserunt rem soluta saepe blanditiis.', 'Dikirim', '2024-12-10 22:19:51');
INSERT IGNORE INTO Pesanan (id_pesanan, id_pembeli, id_alamat_pembeli, metode_pembayaran, metode_pengiriman, catatan, status_pesanan, waktu_pemesanan) VALUES (83, 54, 111, 'COD', 'Anteraja Regular', 'Eos itaque sapiente voluptatem possimus nesciunt.', 'Diproses', '2025-01-04 06:59:51');
INSERT IGNORE INTO Pesanan (id_pesanan, id_pembeli, id_alamat_pembeli, metode_pembayaran, metode_pengiriman, catatan, status_pesanan, waktu_pemesanan) VALUES (84, 44, 90, 'Transfer Bank Mandiri', 'JNE Trucking', NULL, 'Dikirim', '2025-04-17 22:44:51');
INSERT IGNORE INTO Pesanan (id_pesanan, id_pembeli, id_alamat_pembeli, metode_pembayaran, metode_pengiriman, catatan, status_pesanan, waktu_pemesanan) VALUES (85, 41, 83, 'Kartu Kredit Mastercard', 'Ninja Xpress', NULL, 'Pengembalian Dana', '2024-12-28 22:24:51');
INSERT IGNORE INTO Pesanan (id_pesanan, id_pembeli, id_alamat_pembeli, metode_pembayaran, metode_pengiriman, catatan, status_pesanan, waktu_pemesanan) VALUES (86, 24, 51, 'Alfamart', 'Gojek Instant', NULL, 'Selesai', '2025-04-19 11:51:51');
INSERT IGNORE INTO Pesanan (id_pesanan, id_pembeli, id_alamat_pembeli, metode_pembayaran, metode_pengiriman, catatan, status_pesanan, waktu_pemesanan) VALUES (87, 53, 110, 'Transfer Bank Mandiri', 'JNE Trucking', NULL, 'Diproses', '2025-02-28 03:27:51');
INSERT IGNORE INTO Pesanan (id_pesanan, id_pembeli, id_alamat_pembeli, metode_pembayaran, metode_pengiriman, catatan, status_pesanan, waktu_pemesanan) VALUES (88, 16, 34, 'Kartu Kredit Visa', 'JNE REG', NULL, 'Pengembalian Dana', '2025-04-07 23:59:51');
INSERT IGNORE INTO Pesanan (id_pesanan, id_pembeli, id_alamat_pembeli, metode_pembayaran, metode_pengiriman, catatan, status_pesanan, waktu_pemesanan) VALUES (89, 26, 55, 'COD', 'Sicepat HALU', NULL, 'Pengembalian Dana', '2025-02-06 12:45:51');
INSERT IGNORE INTO Pesanan (id_pesanan, id_pembeli, id_alamat_pembeli, metode_pembayaran, metode_pengiriman, catatan, status_pesanan, waktu_pemesanan) VALUES (90, 32, 64, 'Dana', 'Anteraja Regular', 'Fugit quo possimus id nesciunt ipsam porro eligendi voluptate.', 'Dikirim', '2025-02-06 00:46:51');
INSERT IGNORE INTO Pesanan (id_pesanan, id_pembeli, id_alamat_pembeli, metode_pembayaran, metode_pengiriman, catatan, status_pesanan, waktu_pemesanan) VALUES (91, 57, 117, 'ShopeePay', 'J&T Express', 'Debitis sint quos occaecati aspernatur qui doloribus minima earum in molestias.', 'Selesai', '2025-01-01 23:40:51');
INSERT IGNORE INTO Pesanan (id_pesanan, id_pembeli, id_alamat_pembeli, metode_pembayaran, metode_pengiriman, catatan, status_pesanan, waktu_pemesanan) VALUES (92, 32, 64, 'Kartu Kredit Visa', 'Grab SameDay', NULL, 'Menunggu Pembayaran', '2025-01-06 20:28:51');
INSERT IGNORE INTO Pesanan (id_pesanan, id_pembeli, id_alamat_pembeli, metode_pembayaran, metode_pengiriman, catatan, status_pesanan, waktu_pemesanan) VALUES (93, 20, 41, 'Dana', 'JNE YES', NULL, 'Diproses', '2025-01-02 05:49:51');
INSERT IGNORE INTO Pesanan (id_pesanan, id_pembeli, id_alamat_pembeli, metode_pembayaran, metode_pengiriman, catatan, status_pesanan, waktu_pemesanan) VALUES (94, 37, 75, 'Indomaret', 'J&T Express', NULL, 'Menunggu Pembayaran', '2024-12-18 04:08:51');
INSERT IGNORE INTO Pesanan (id_pesanan, id_pembeli, id_alamat_pembeli, metode_pembayaran, metode_pengiriman, catatan, status_pesanan, waktu_pemesanan) VALUES (95, 31, 63, 'Transfer Bank BCA', 'JNE Trucking', 'Delectus nam quidem aut qui iste accusamus enim quis iusto at possimus quas sequi sapiente impedit.', 'Pending', '2024-12-30 04:56:51');
INSERT IGNORE INTO Pesanan (id_pesanan, id_pembeli, id_alamat_pembeli, metode_pembayaran, metode_pengiriman, catatan, status_pesanan, waktu_pemesanan) VALUES (96, 12, 25, 'Transfer Bank BCA', 'Ninja Xpress', 'Odio minima dolore quam accusantium fuga.', 'Selesai', '2025-04-29 09:20:51');
INSERT IGNORE INTO Pesanan (id_pesanan, id_pembeli, id_alamat_pembeli, metode_pembayaran, metode_pengiriman, catatan, status_pesanan, waktu_pemesanan) VALUES (97, 28, 58, 'Kartu Kredit Visa', 'Sicepat Gokil', NULL, 'Pengembalian Dana', '2025-05-28 21:12:51');
INSERT IGNORE INTO Pesanan (id_pesanan, id_pembeli, id_alamat_pembeli, metode_pembayaran, metode_pengiriman, catatan, status_pesanan, waktu_pemesanan) VALUES (98, 53, 110, 'Alfamart', 'Anteraja Regular', NULL, 'Dibatalkan', '2025-02-21 01:03:51');
INSERT IGNORE INTO Pesanan (id_pesanan, id_pembeli, id_alamat_pembeli, metode_pembayaran, metode_pengiriman, catatan, status_pesanan, waktu_pemesanan) VALUES (99, 14, 29, 'Transfer Bank Mandiri', 'Sicepat Gokil', NULL, 'Pengembalian Dana', '2025-03-15 09:33:51');
INSERT IGNORE INTO Pesanan (id_pesanan, id_pembeli, id_alamat_pembeli, metode_pembayaran, metode_pengiriman, catatan, status_pesanan, waktu_pemesanan) VALUES (100, 36, 73, 'Indomaret', 'JNE Trucking', NULL, 'Menunggu Pembayaran', '2025-05-21 07:23:51');

-- BarangPesanan
INSERT IGNORE INTO BarangPesanan (id_pesanan, sku, kuantitas) VALUES (1, 'SKU000054', 2);
INSERT IGNORE INTO BarangPesanan (id_pesanan, sku, kuantitas) VALUES (1, 'SKU000152', 1);
INSERT IGNORE INTO BarangPesanan (id_pesanan, sku, kuantitas) VALUES (2, 'SKU000163', 1);
INSERT IGNORE INTO BarangPesanan (id_pesanan, sku, kuantitas) VALUES (2, 'SKU000012', 1);
INSERT IGNORE INTO BarangPesanan (id_pesanan, sku, kuantitas) VALUES (2, 'SKU000001', 2);
INSERT IGNORE INTO BarangPesanan (id_pesanan, sku, kuantitas) VALUES (3, 'SKU000181', 2);
INSERT IGNORE INTO BarangPesanan (id_pesanan, sku, kuantitas) VALUES (3, 'SKU000018', 2);
INSERT IGNORE INTO BarangPesanan (id_pesanan, sku, kuantitas) VALUES (4, 'SKU000046', 1);
INSERT IGNORE INTO BarangPesanan (id_pesanan, sku, kuantitas) VALUES (5, 'SKU000192', 1);
INSERT IGNORE INTO BarangPesanan (id_pesanan, sku, kuantitas) VALUES (6, 'SKU000050', 1);
INSERT IGNORE INTO BarangPesanan (id_pesanan, sku, kuantitas) VALUES (7, 'SKU000162', 2);
INSERT IGNORE INTO BarangPesanan (id_pesanan, sku, kuantitas) VALUES (7, 'SKU000053', 1);
INSERT IGNORE INTO BarangPesanan (id_pesanan, sku, kuantitas) VALUES (7, 'SKU000123', 2);
INSERT IGNORE INTO BarangPesanan (id_pesanan, sku, kuantitas) VALUES (8, 'SKU000012', 2);
INSERT IGNORE INTO BarangPesanan (id_pesanan, sku, kuantitas) VALUES (8, 'SKU000032', 1);
INSERT IGNORE INTO BarangPesanan (id_pesanan, sku, kuantitas) VALUES (9, 'SKU000091', 2);
INSERT IGNORE INTO BarangPesanan (id_pesanan, sku, kuantitas) VALUES (9, 'SKU000199', 1);
INSERT IGNORE INTO BarangPesanan (id_pesanan, sku, kuantitas) VALUES (10, 'SKU000040', 1);
INSERT IGNORE INTO BarangPesanan (id_pesanan, sku, kuantitas) VALUES (10, 'SKU000196', 1);
INSERT IGNORE INTO BarangPesanan (id_pesanan, sku, kuantitas) VALUES (10, 'SKU000057', 2);
INSERT IGNORE INTO BarangPesanan (id_pesanan, sku, kuantitas) VALUES (10, 'SKU000064', 1);
INSERT IGNORE INTO BarangPesanan (id_pesanan, sku, kuantitas) VALUES (11, 'SKU000035', 2);
INSERT IGNORE INTO BarangPesanan (id_pesanan, sku, kuantitas) VALUES (12, 'SKU000071', 1);
INSERT IGNORE INTO BarangPesanan (id_pesanan, sku, kuantitas) VALUES (12, 'SKU000194', 2);
INSERT IGNORE INTO BarangPesanan (id_pesanan, sku, kuantitas) VALUES (13, 'SKU000117', 1);
INSERT IGNORE INTO BarangPesanan (id_pesanan, sku, kuantitas) VALUES (13, 'SKU000167', 2);
INSERT IGNORE INTO BarangPesanan (id_pesanan, sku, kuantitas) VALUES (13, 'SKU000181', 1);
INSERT IGNORE INTO BarangPesanan (id_pesanan, sku, kuantitas) VALUES (13, 'SKU000184', 1);
INSERT IGNORE INTO BarangPesanan (id_pesanan, sku, kuantitas) VALUES (14, 'SKU000080', 2);
INSERT IGNORE INTO BarangPesanan (id_pesanan, sku, kuantitas) VALUES (14, 'SKU000029', 1);
INSERT IGNORE INTO BarangPesanan (id_pesanan, sku, kuantitas) VALUES (15, 'SKU000009', 2);
INSERT IGNORE INTO BarangPesanan (id_pesanan, sku, kuantitas) VALUES (16, 'SKU000092', 2);
INSERT IGNORE INTO BarangPesanan (id_pesanan, sku, kuantitas) VALUES (16, 'SKU000122', 1);
INSERT IGNORE INTO BarangPesanan (id_pesanan, sku, kuantitas) VALUES (16, 'SKU000025', 2);
INSERT IGNORE INTO BarangPesanan (id_pesanan, sku, kuantitas) VALUES (17, 'SKU000117', 2);
INSERT IGNORE INTO BarangPesanan (id_pesanan, sku, kuantitas) VALUES (18, 'SKU000176', 2);
INSERT IGNORE INTO BarangPesanan (id_pesanan, sku, kuantitas) VALUES (18, 'SKU000188', 1);
INSERT IGNORE INTO BarangPesanan (id_pesanan, sku, kuantitas) VALUES (18, 'SKU000089', 2);
INSERT IGNORE INTO BarangPesanan (id_pesanan, sku, kuantitas) VALUES (19, 'SKU000162', 2);
INSERT IGNORE INTO BarangPesanan (id_pesanan, sku, kuantitas) VALUES (20, 'SKU000115', 2);
INSERT IGNORE INTO BarangPesanan (id_pesanan, sku, kuantitas) VALUES (21, 'SKU000060', 2);
INSERT IGNORE INTO BarangPesanan (id_pesanan, sku, kuantitas) VALUES (21, 'SKU000108', 2);
INSERT IGNORE INTO BarangPesanan (id_pesanan, sku, kuantitas) VALUES (21, 'SKU000158', 1);
INSERT IGNORE INTO BarangPesanan (id_pesanan, sku, kuantitas) VALUES (21, 'SKU000145', 1);
INSERT IGNORE INTO BarangPesanan (id_pesanan, sku, kuantitas) VALUES (22, 'SKU000140', 1);
INSERT IGNORE INTO BarangPesanan (id_pesanan, sku, kuantitas) VALUES (22, 'SKU000129', 1);
INSERT IGNORE INTO BarangPesanan (id_pesanan, sku, kuantitas) VALUES (22, 'SKU000185', 1);
INSERT IGNORE INTO BarangPesanan (id_pesanan, sku, kuantitas) VALUES (23, 'SKU000104', 2);
INSERT IGNORE INTO BarangPesanan (id_pesanan, sku, kuantitas) VALUES (23, 'SKU000055', 2);
INSERT IGNORE INTO BarangPesanan (id_pesanan, sku, kuantitas) VALUES (23, 'SKU000183', 2);
INSERT IGNORE INTO BarangPesanan (id_pesanan, sku, kuantitas) VALUES (24, 'SKU000062', 1);
INSERT IGNORE INTO BarangPesanan (id_pesanan, sku, kuantitas) VALUES (24, 'SKU000105', 1);
INSERT IGNORE INTO BarangPesanan (id_pesanan, sku, kuantitas) VALUES (24, 'SKU000114', 1);
INSERT IGNORE INTO BarangPesanan (id_pesanan, sku, kuantitas) VALUES (24, 'SKU000181', 2);
INSERT IGNORE INTO BarangPesanan (id_pesanan, sku, kuantitas) VALUES (25, 'SKU000182', 2);
INSERT IGNORE INTO BarangPesanan (id_pesanan, sku, kuantitas) VALUES (26, 'SKU000049', 1);
INSERT IGNORE INTO BarangPesanan (id_pesanan, sku, kuantitas) VALUES (27, 'SKU000022', 2);
INSERT IGNORE INTO BarangPesanan (id_pesanan, sku, kuantitas) VALUES (27, 'SKU000143', 2);
INSERT IGNORE INTO BarangPesanan (id_pesanan, sku, kuantitas) VALUES (27, 'SKU000033', 1);
INSERT IGNORE INTO BarangPesanan (id_pesanan, sku, kuantitas) VALUES (28, 'SKU000167', 2);
INSERT IGNORE INTO BarangPesanan (id_pesanan, sku, kuantitas) VALUES (29, 'SKU000112', 2);
INSERT IGNORE INTO BarangPesanan (id_pesanan, sku, kuantitas) VALUES (29, 'SKU000099', 1);
INSERT IGNORE INTO BarangPesanan (id_pesanan, sku, kuantitas) VALUES (30, 'SKU000089', 1);
INSERT IGNORE INTO BarangPesanan (id_pesanan, sku, kuantitas) VALUES (30, 'SKU000005', 2);
INSERT IGNORE INTO BarangPesanan (id_pesanan, sku, kuantitas) VALUES (30, 'SKU000072', 2);
INSERT IGNORE INTO BarangPesanan (id_pesanan, sku, kuantitas) VALUES (31, 'SKU000191', 1);
INSERT IGNORE INTO BarangPesanan (id_pesanan, sku, kuantitas) VALUES (32, 'SKU000083', 2);
INSERT IGNORE INTO BarangPesanan (id_pesanan, sku, kuantitas) VALUES (32, 'SKU000171', 2);
INSERT IGNORE INTO BarangPesanan (id_pesanan, sku, kuantitas) VALUES (32, 'SKU000182', 2);
INSERT IGNORE INTO BarangPesanan (id_pesanan, sku, kuantitas) VALUES (32, 'SKU000186', 2);
INSERT IGNORE INTO BarangPesanan (id_pesanan, sku, kuantitas) VALUES (33, 'SKU000048', 2);
INSERT IGNORE INTO BarangPesanan (id_pesanan, sku, kuantitas) VALUES (33, 'SKU000075', 1);
INSERT IGNORE INTO BarangPesanan (id_pesanan, sku, kuantitas) VALUES (33, 'SKU000102', 2);
INSERT IGNORE INTO BarangPesanan (id_pesanan, sku, kuantitas) VALUES (34, 'SKU000187', 2);
INSERT IGNORE INTO BarangPesanan (id_pesanan, sku, kuantitas) VALUES (34, 'SKU000138', 1);
INSERT IGNORE INTO BarangPesanan (id_pesanan, sku, kuantitas) VALUES (34, 'SKU000163', 2);
INSERT IGNORE INTO BarangPesanan (id_pesanan, sku, kuantitas) VALUES (34, 'SKU000123', 1);
INSERT IGNORE INTO BarangPesanan (id_pesanan, sku, kuantitas) VALUES (35, 'SKU000120', 1);
INSERT IGNORE INTO BarangPesanan (id_pesanan, sku, kuantitas) VALUES (35, 'SKU000135', 1);
INSERT IGNORE INTO BarangPesanan (id_pesanan, sku, kuantitas) VALUES (35, 'SKU000139', 1);
INSERT IGNORE INTO BarangPesanan (id_pesanan, sku, kuantitas) VALUES (36, 'SKU000100', 2);
INSERT IGNORE INTO BarangPesanan (id_pesanan, sku, kuantitas) VALUES (36, 'SKU000105', 1);
INSERT IGNORE INTO BarangPesanan (id_pesanan, sku, kuantitas) VALUES (37, 'SKU000167', 1);
INSERT IGNORE INTO BarangPesanan (id_pesanan, sku, kuantitas) VALUES (37, 'SKU000090', 1);
INSERT IGNORE INTO BarangPesanan (id_pesanan, sku, kuantitas) VALUES (37, 'SKU000169', 1);
INSERT IGNORE INTO BarangPesanan (id_pesanan, sku, kuantitas) VALUES (38, 'SKU000152', 2);
INSERT IGNORE INTO BarangPesanan (id_pesanan, sku, kuantitas) VALUES (38, 'SKU000112', 2);
INSERT IGNORE INTO BarangPesanan (id_pesanan, sku, kuantitas) VALUES (38, 'SKU000081', 2);
INSERT IGNORE INTO BarangPesanan (id_pesanan, sku, kuantitas) VALUES (38, 'SKU000076', 2);
INSERT IGNORE INTO BarangPesanan (id_pesanan, sku, kuantitas) VALUES (39, 'SKU000017', 2);
INSERT IGNORE INTO BarangPesanan (id_pesanan, sku, kuantitas) VALUES (39, 'SKU000058', 1);
INSERT IGNORE INTO BarangPesanan (id_pesanan, sku, kuantitas) VALUES (40, 'SKU000154', 1);
INSERT IGNORE INTO BarangPesanan (id_pesanan, sku, kuantitas) VALUES (40, 'SKU000088', 1);
INSERT IGNORE INTO BarangPesanan (id_pesanan, sku, kuantitas) VALUES (40, 'SKU000156', 1);
INSERT IGNORE INTO BarangPesanan (id_pesanan, sku, kuantitas) VALUES (41, 'SKU000024', 2);
INSERT IGNORE INTO BarangPesanan (id_pesanan, sku, kuantitas) VALUES (41, 'SKU000072', 1);
INSERT IGNORE INTO BarangPesanan (id_pesanan, sku, kuantitas) VALUES (41, 'SKU000143', 1);
INSERT IGNORE INTO BarangPesanan (id_pesanan, sku, kuantitas) VALUES (41, 'SKU000165', 2);
INSERT IGNORE INTO BarangPesanan (id_pesanan, sku, kuantitas) VALUES (42, 'SKU000038', 1);
INSERT IGNORE INTO BarangPesanan (id_pesanan, sku, kuantitas) VALUES (42, 'SKU000057', 2);
INSERT IGNORE INTO BarangPesanan (id_pesanan, sku, kuantitas) VALUES (43, 'SKU000025', 2);
INSERT IGNORE INTO BarangPesanan (id_pesanan, sku, kuantitas) VALUES (43, 'SKU000172', 2);
INSERT IGNORE INTO BarangPesanan (id_pesanan, sku, kuantitas) VALUES (44, 'SKU000119', 2);
INSERT IGNORE INTO BarangPesanan (id_pesanan, sku, kuantitas) VALUES (44, 'SKU000055', 2);
INSERT IGNORE INTO BarangPesanan (id_pesanan, sku, kuantitas) VALUES (44, 'SKU000071', 1);
INSERT IGNORE INTO BarangPesanan (id_pesanan, sku, kuantitas) VALUES (44, 'SKU000059', 1);
INSERT IGNORE INTO BarangPesanan (id_pesanan, sku, kuantitas) VALUES (45, 'SKU000158', 2);
INSERT IGNORE INTO BarangPesanan (id_pesanan, sku, kuantitas) VALUES (46, 'SKU000062', 2);
INSERT IGNORE INTO BarangPesanan (id_pesanan, sku, kuantitas) VALUES (46, 'SKU000097', 1);
INSERT IGNORE INTO BarangPesanan (id_pesanan, sku, kuantitas) VALUES (46, 'SKU000196', 1);
INSERT IGNORE INTO BarangPesanan (id_pesanan, sku, kuantitas) VALUES (46, 'SKU000067', 2);
INSERT IGNORE INTO BarangPesanan (id_pesanan, sku, kuantitas) VALUES (47, 'SKU000052', 2);
INSERT IGNORE INTO BarangPesanan (id_pesanan, sku, kuantitas) VALUES (47, 'SKU000055', 1);
INSERT IGNORE INTO BarangPesanan (id_pesanan, sku, kuantitas) VALUES (48, 'SKU000194', 1);
INSERT IGNORE INTO BarangPesanan (id_pesanan, sku, kuantitas) VALUES (48, 'SKU000086', 2);
INSERT IGNORE INTO BarangPesanan (id_pesanan, sku, kuantitas) VALUES (48, 'SKU000001', 2);
INSERT IGNORE INTO BarangPesanan (id_pesanan, sku, kuantitas) VALUES (49, 'SKU000042', 1);
INSERT IGNORE INTO BarangPesanan (id_pesanan, sku, kuantitas) VALUES (49, 'SKU000114', 1);
INSERT IGNORE INTO BarangPesanan (id_pesanan, sku, kuantitas) VALUES (50, 'SKU000149', 2);
INSERT IGNORE INTO BarangPesanan (id_pesanan, sku, kuantitas) VALUES (50, 'SKU000003', 1);
INSERT IGNORE INTO BarangPesanan (id_pesanan, sku, kuantitas) VALUES (50, 'SKU000009', 1);
INSERT IGNORE INTO BarangPesanan (id_pesanan, sku, kuantitas) VALUES (50, 'SKU000135', 1);
INSERT IGNORE INTO BarangPesanan (id_pesanan, sku, kuantitas) VALUES (51, 'SKU000105', 1);
INSERT IGNORE INTO BarangPesanan (id_pesanan, sku, kuantitas) VALUES (51, 'SKU000134', 1);
INSERT IGNORE INTO BarangPesanan (id_pesanan, sku, kuantitas) VALUES (51, 'SKU000089', 1);
INSERT IGNORE INTO BarangPesanan (id_pesanan, sku, kuantitas) VALUES (51, 'SKU000185', 2);
INSERT IGNORE INTO BarangPesanan (id_pesanan, sku, kuantitas) VALUES (52, 'SKU000023', 2);
INSERT IGNORE INTO BarangPesanan (id_pesanan, sku, kuantitas) VALUES (52, 'SKU000090', 1);
INSERT IGNORE INTO BarangPesanan (id_pesanan, sku, kuantitas) VALUES (53, 'SKU000192', 2);
INSERT IGNORE INTO BarangPesanan (id_pesanan, sku, kuantitas) VALUES (54, 'SKU000161', 2);
INSERT IGNORE INTO BarangPesanan (id_pesanan, sku, kuantitas) VALUES (54, 'SKU000193', 1);
INSERT IGNORE INTO BarangPesanan (id_pesanan, sku, kuantitas) VALUES (55, 'SKU000107', 2);
INSERT IGNORE INTO BarangPesanan (id_pesanan, sku, kuantitas) VALUES (55, 'SKU000068', 2);
INSERT IGNORE INTO BarangPesanan (id_pesanan, sku, kuantitas) VALUES (56, 'SKU000021', 1);
INSERT IGNORE INTO BarangPesanan (id_pesanan, sku, kuantitas) VALUES (56, 'SKU000027', 1);
INSERT IGNORE INTO BarangPesanan (id_pesanan, sku, kuantitas) VALUES (56, 'SKU000158', 2);
INSERT IGNORE INTO BarangPesanan (id_pesanan, sku, kuantitas) VALUES (57, 'SKU000135', 1);
INSERT IGNORE INTO BarangPesanan (id_pesanan, sku, kuantitas) VALUES (57, 'SKU000101', 2);
INSERT IGNORE INTO BarangPesanan (id_pesanan, sku, kuantitas) VALUES (57, 'SKU000006', 1);
INSERT IGNORE INTO BarangPesanan (id_pesanan, sku, kuantitas) VALUES (57, 'SKU000025', 2);
INSERT IGNORE INTO BarangPesanan (id_pesanan, sku, kuantitas) VALUES (58, 'SKU000127', 2);
INSERT IGNORE INTO BarangPesanan (id_pesanan, sku, kuantitas) VALUES (58, 'SKU000046', 2);
INSERT IGNORE INTO BarangPesanan (id_pesanan, sku, kuantitas) VALUES (59, 'SKU000079', 2);
INSERT IGNORE INTO BarangPesanan (id_pesanan, sku, kuantitas) VALUES (59, 'SKU000035', 1);
INSERT IGNORE INTO BarangPesanan (id_pesanan, sku, kuantitas) VALUES (59, 'SKU000010', 2);
INSERT IGNORE INTO BarangPesanan (id_pesanan, sku, kuantitas) VALUES (60, 'SKU000098', 1);
INSERT IGNORE INTO BarangPesanan (id_pesanan, sku, kuantitas) VALUES (61, 'SKU000156', 2);
INSERT IGNORE INTO BarangPesanan (id_pesanan, sku, kuantitas) VALUES (61, 'SKU000024', 1);
INSERT IGNORE INTO BarangPesanan (id_pesanan, sku, kuantitas) VALUES (61, 'SKU000079', 2);
INSERT IGNORE INTO BarangPesanan (id_pesanan, sku, kuantitas) VALUES (62, 'SKU000054', 2);
INSERT IGNORE INTO BarangPesanan (id_pesanan, sku, kuantitas) VALUES (62, 'SKU000132', 1);
INSERT IGNORE INTO BarangPesanan (id_pesanan, sku, kuantitas) VALUES (63, 'SKU000143', 2);
INSERT IGNORE INTO BarangPesanan (id_pesanan, sku, kuantitas) VALUES (64, 'SKU000182', 2);
INSERT IGNORE INTO BarangPesanan (id_pesanan, sku, kuantitas) VALUES (65, 'SKU000102', 1);
INSERT IGNORE INTO BarangPesanan (id_pesanan, sku, kuantitas) VALUES (66, 'SKU000116', 1);
INSERT IGNORE INTO BarangPesanan (id_pesanan, sku, kuantitas) VALUES (66, 'SKU000194', 2);
INSERT IGNORE INTO BarangPesanan (id_pesanan, sku, kuantitas) VALUES (66, 'SKU000064', 1);
INSERT IGNORE INTO BarangPesanan (id_pesanan, sku, kuantitas) VALUES (67, 'SKU000197', 1);
INSERT IGNORE INTO BarangPesanan (id_pesanan, sku, kuantitas) VALUES (67, 'SKU000131', 1);
INSERT IGNORE INTO BarangPesanan (id_pesanan, sku, kuantitas) VALUES (67, 'SKU000054', 1);
INSERT IGNORE INTO BarangPesanan (id_pesanan, sku, kuantitas) VALUES (68, 'SKU000058', 1);
INSERT IGNORE INTO BarangPesanan (id_pesanan, sku, kuantitas) VALUES (68, 'SKU000050', 1);
INSERT IGNORE INTO BarangPesanan (id_pesanan, sku, kuantitas) VALUES (68, 'SKU000033', 1);
INSERT IGNORE INTO BarangPesanan (id_pesanan, sku, kuantitas) VALUES (68, 'SKU000113', 2);
INSERT IGNORE INTO BarangPesanan (id_pesanan, sku, kuantitas) VALUES (69, 'SKU000192', 1);
INSERT IGNORE INTO BarangPesanan (id_pesanan, sku, kuantitas) VALUES (69, 'SKU000054', 2);
INSERT IGNORE INTO BarangPesanan (id_pesanan, sku, kuantitas) VALUES (69, 'SKU000185', 2);
INSERT IGNORE INTO BarangPesanan (id_pesanan, sku, kuantitas) VALUES (70, 'SKU000018', 2);
INSERT IGNORE INTO BarangPesanan (id_pesanan, sku, kuantitas) VALUES (70, 'SKU000089', 1);
INSERT IGNORE INTO BarangPesanan (id_pesanan, sku, kuantitas) VALUES (71, 'SKU000095', 2);
INSERT IGNORE INTO BarangPesanan (id_pesanan, sku, kuantitas) VALUES (71, 'SKU000197', 2);
INSERT IGNORE INTO BarangPesanan (id_pesanan, sku, kuantitas) VALUES (72, 'SKU000057', 2);
INSERT IGNORE INTO BarangPesanan (id_pesanan, sku, kuantitas) VALUES (72, 'SKU000130', 1);
INSERT IGNORE INTO BarangPesanan (id_pesanan, sku, kuantitas) VALUES (73, 'SKU000062', 2);
INSERT IGNORE INTO BarangPesanan (id_pesanan, sku, kuantitas) VALUES (73, 'SKU000165', 1);
INSERT IGNORE INTO BarangPesanan (id_pesanan, sku, kuantitas) VALUES (73, 'SKU000189', 2);
INSERT IGNORE INTO BarangPesanan (id_pesanan, sku, kuantitas) VALUES (74, 'SKU000021', 1);
INSERT IGNORE INTO BarangPesanan (id_pesanan, sku, kuantitas) VALUES (74, 'SKU000004', 1);
INSERT IGNORE INTO BarangPesanan (id_pesanan, sku, kuantitas) VALUES (74, 'SKU000087', 2);
INSERT IGNORE INTO BarangPesanan (id_pesanan, sku, kuantitas) VALUES (75, 'SKU000075', 2);
INSERT IGNORE INTO BarangPesanan (id_pesanan, sku, kuantitas) VALUES (75, 'SKU000039', 1);
INSERT IGNORE INTO BarangPesanan (id_pesanan, sku, kuantitas) VALUES (75, 'SKU000170', 2);
INSERT IGNORE INTO BarangPesanan (id_pesanan, sku, kuantitas) VALUES (76, 'SKU000040', 2);
INSERT IGNORE INTO BarangPesanan (id_pesanan, sku, kuantitas) VALUES (76, 'SKU000078', 2);
INSERT IGNORE INTO BarangPesanan (id_pesanan, sku, kuantitas) VALUES (76, 'SKU000130', 1);
INSERT IGNORE INTO BarangPesanan (id_pesanan, sku, kuantitas) VALUES (77, 'SKU000175', 1);
INSERT IGNORE INTO BarangPesanan (id_pesanan, sku, kuantitas) VALUES (77, 'SKU000188', 1);
INSERT IGNORE INTO BarangPesanan (id_pesanan, sku, kuantitas) VALUES (77, 'SKU000070', 1);
INSERT IGNORE INTO BarangPesanan (id_pesanan, sku, kuantitas) VALUES (78, 'SKU000051', 2);
INSERT IGNORE INTO BarangPesanan (id_pesanan, sku, kuantitas) VALUES (78, 'SKU000084', 1);
INSERT IGNORE INTO BarangPesanan (id_pesanan, sku, kuantitas) VALUES (78, 'SKU000011', 2);
INSERT IGNORE INTO BarangPesanan (id_pesanan, sku, kuantitas) VALUES (78, 'SKU000075', 1);
INSERT IGNORE INTO BarangPesanan (id_pesanan, sku, kuantitas) VALUES (79, 'SKU000179', 2);
INSERT IGNORE INTO BarangPesanan (id_pesanan, sku, kuantitas) VALUES (79, 'SKU000188', 2);
INSERT IGNORE INTO BarangPesanan (id_pesanan, sku, kuantitas) VALUES (80, 'SKU000187', 1);
INSERT IGNORE INTO BarangPesanan (id_pesanan, sku, kuantitas) VALUES (80, 'SKU000042', 2);
INSERT IGNORE INTO BarangPesanan (id_pesanan, sku, kuantitas) VALUES (80, 'SKU000014', 2);
INSERT IGNORE INTO BarangPesanan (id_pesanan, sku, kuantitas) VALUES (80, 'SKU000019', 2);
INSERT IGNORE INTO BarangPesanan (id_pesanan, sku, kuantitas) VALUES (81, 'SKU000136', 1);
INSERT IGNORE INTO BarangPesanan (id_pesanan, sku, kuantitas) VALUES (81, 'SKU000003', 2);
INSERT IGNORE INTO BarangPesanan (id_pesanan, sku, kuantitas) VALUES (81, 'SKU000019', 2);
INSERT IGNORE INTO BarangPesanan (id_pesanan, sku, kuantitas) VALUES (81, 'SKU000161', 1);
INSERT IGNORE INTO BarangPesanan (id_pesanan, sku, kuantitas) VALUES (82, 'SKU000145', 1);
INSERT IGNORE INTO BarangPesanan (id_pesanan, sku, kuantitas) VALUES (82, 'SKU000101', 2);
INSERT IGNORE INTO BarangPesanan (id_pesanan, sku, kuantitas) VALUES (82, 'SKU000002', 2);
INSERT IGNORE INTO BarangPesanan (id_pesanan, sku, kuantitas) VALUES (82, 'SKU000064', 1);
INSERT IGNORE INTO BarangPesanan (id_pesanan, sku, kuantitas) VALUES (83, 'SKU000091', 1);
INSERT IGNORE INTO BarangPesanan (id_pesanan, sku, kuantitas) VALUES (83, 'SKU000101', 1);
INSERT IGNORE INTO BarangPesanan (id_pesanan, sku, kuantitas) VALUES (83, 'SKU000047', 2);
INSERT IGNORE INTO BarangPesanan (id_pesanan, sku, kuantitas) VALUES (84, 'SKU000158', 2);
INSERT IGNORE INTO BarangPesanan (id_pesanan, sku, kuantitas) VALUES (84, 'SKU000192', 1);
INSERT IGNORE INTO BarangPesanan (id_pesanan, sku, kuantitas) VALUES (84, 'SKU000013', 1);
INSERT IGNORE INTO BarangPesanan (id_pesanan, sku, kuantitas) VALUES (85, 'SKU000161', 2);
INSERT IGNORE INTO BarangPesanan (id_pesanan, sku, kuantitas) VALUES (86, 'SKU000125', 2);
INSERT IGNORE INTO BarangPesanan (id_pesanan, sku, kuantitas) VALUES (86, 'SKU000065', 1);
INSERT IGNORE INTO BarangPesanan (id_pesanan, sku, kuantitas) VALUES (86, 'SKU000128', 2);
INSERT IGNORE INTO BarangPesanan (id_pesanan, sku, kuantitas) VALUES (86, 'SKU000188', 1);
INSERT IGNORE INTO BarangPesanan (id_pesanan, sku, kuantitas) VALUES (87, 'SKU000022', 2);
INSERT IGNORE INTO BarangPesanan (id_pesanan, sku, kuantitas) VALUES (87, 'SKU000005', 1);
INSERT IGNORE INTO BarangPesanan (id_pesanan, sku, kuantitas) VALUES (88, 'SKU000140', 1);
INSERT IGNORE INTO BarangPesanan (id_pesanan, sku, kuantitas) VALUES (88, 'SKU000173', 1);
INSERT IGNORE INTO BarangPesanan (id_pesanan, sku, kuantitas) VALUES (88, 'SKU000086', 1);
INSERT IGNORE INTO BarangPesanan (id_pesanan, sku, kuantitas) VALUES (88, 'SKU000163', 2);
INSERT IGNORE INTO BarangPesanan (id_pesanan, sku, kuantitas) VALUES (89, 'SKU000001', 1);
INSERT IGNORE INTO BarangPesanan (id_pesanan, sku, kuantitas) VALUES (90, 'SKU000018', 1);
INSERT IGNORE INTO BarangPesanan (id_pesanan, sku, kuantitas) VALUES (90, 'SKU000036', 2);
INSERT IGNORE INTO BarangPesanan (id_pesanan, sku, kuantitas) VALUES (90, 'SKU000101', 2);
INSERT IGNORE INTO BarangPesanan (id_pesanan, sku, kuantitas) VALUES (91, 'SKU000118', 2);
INSERT IGNORE INTO BarangPesanan (id_pesanan, sku, kuantitas) VALUES (91, 'SKU000143', 1);
INSERT IGNORE INTO BarangPesanan (id_pesanan, sku, kuantitas) VALUES (91, 'SKU000181', 2);
INSERT IGNORE INTO BarangPesanan (id_pesanan, sku, kuantitas) VALUES (91, 'SKU000017', 2);
INSERT IGNORE INTO BarangPesanan (id_pesanan, sku, kuantitas) VALUES (92, 'SKU000008', 1);
INSERT IGNORE INTO BarangPesanan (id_pesanan, sku, kuantitas) VALUES (92, 'SKU000177', 1);
INSERT IGNORE INTO BarangPesanan (id_pesanan, sku, kuantitas) VALUES (92, 'SKU000166', 2);
INSERT IGNORE INTO BarangPesanan (id_pesanan, sku, kuantitas) VALUES (93, 'SKU000016', 1);
INSERT IGNORE INTO BarangPesanan (id_pesanan, sku, kuantitas) VALUES (94, 'SKU000180', 2);
INSERT IGNORE INTO BarangPesanan (id_pesanan, sku, kuantitas) VALUES (95, 'SKU000015', 1);
INSERT IGNORE INTO BarangPesanan (id_pesanan, sku, kuantitas) VALUES (95, 'SKU000157', 1);
INSERT IGNORE INTO BarangPesanan (id_pesanan, sku, kuantitas) VALUES (95, 'SKU000126', 1);
INSERT IGNORE INTO BarangPesanan (id_pesanan, sku, kuantitas) VALUES (95, 'SKU000039', 2);
INSERT IGNORE INTO BarangPesanan (id_pesanan, sku, kuantitas) VALUES (96, 'SKU000011', 2);
INSERT IGNORE INTO BarangPesanan (id_pesanan, sku, kuantitas) VALUES (96, 'SKU000171', 1);
INSERT IGNORE INTO BarangPesanan (id_pesanan, sku, kuantitas) VALUES (96, 'SKU000104', 1);
INSERT IGNORE INTO BarangPesanan (id_pesanan, sku, kuantitas) VALUES (96, 'SKU000159', 1);
INSERT IGNORE INTO BarangPesanan (id_pesanan, sku, kuantitas) VALUES (97, 'SKU000148', 2);
INSERT IGNORE INTO BarangPesanan (id_pesanan, sku, kuantitas) VALUES (98, 'SKU000126', 2);
INSERT IGNORE INTO BarangPesanan (id_pesanan, sku, kuantitas) VALUES (98, 'SKU000158', 2);
INSERT IGNORE INTO BarangPesanan (id_pesanan, sku, kuantitas) VALUES (98, 'SKU000187', 2);
INSERT IGNORE INTO BarangPesanan (id_pesanan, sku, kuantitas) VALUES (98, 'SKU000109', 1);
INSERT IGNORE INTO BarangPesanan (id_pesanan, sku, kuantitas) VALUES (99, 'SKU000162', 1);
INSERT IGNORE INTO BarangPesanan (id_pesanan, sku, kuantitas) VALUES (99, 'SKU000126', 1);
INSERT IGNORE INTO BarangPesanan (id_pesanan, sku, kuantitas) VALUES (99, 'SKU000004', 2);
INSERT IGNORE INTO BarangPesanan (id_pesanan, sku, kuantitas) VALUES (100, 'SKU000140', 2);
INSERT IGNORE INTO BarangPesanan (id_pesanan, sku, kuantitas) VALUES (100, 'SKU000101', 2);

-- Wishlist
INSERT IGNORE INTO Wishlist (id_pembeli, id_produk) VALUES (1, 77);
INSERT IGNORE INTO Wishlist (id_pembeli, id_produk) VALUES (1, 31);
INSERT IGNORE INTO Wishlist (id_pembeli, id_produk) VALUES (1, 87);
INSERT IGNORE INTO Wishlist (id_pembeli, id_produk) VALUES (1, 37);
INSERT IGNORE INTO Wishlist (id_pembeli, id_produk) VALUES (1, 98);
INSERT IGNORE INTO Wishlist (id_pembeli, id_produk) VALUES (1, 72);
INSERT IGNORE INTO Wishlist (id_pembeli, id_produk) VALUES (2, 67);
INSERT IGNORE INTO Wishlist (id_pembeli, id_produk) VALUES (2, 58);
INSERT IGNORE INTO Wishlist (id_pembeli, id_produk) VALUES (2, 48);
INSERT IGNORE INTO Wishlist (id_pembeli, id_produk) VALUES (2, 5);
INSERT IGNORE INTO Wishlist (id_pembeli, id_produk) VALUES (2, 31);
INSERT IGNORE INTO Wishlist (id_pembeli, id_produk) VALUES (2, 44);
INSERT IGNORE INTO Wishlist (id_pembeli, id_produk) VALUES (2, 74);
INSERT IGNORE INTO Wishlist (id_pembeli, id_produk) VALUES (2, 29);
INSERT IGNORE INTO Wishlist (id_pembeli, id_produk) VALUES (2, 26);
INSERT IGNORE INTO Wishlist (id_pembeli, id_produk) VALUES (3, 64);
INSERT IGNORE INTO Wishlist (id_pembeli, id_produk) VALUES (3, 38);
INSERT IGNORE INTO Wishlist (id_pembeli, id_produk) VALUES (3, 79);
INSERT IGNORE INTO Wishlist (id_pembeli, id_produk) VALUES (3, 69);
INSERT IGNORE INTO Wishlist (id_pembeli, id_produk) VALUES (4, 77);
INSERT IGNORE INTO Wishlist (id_pembeli, id_produk) VALUES (4, 22);
INSERT IGNORE INTO Wishlist (id_pembeli, id_produk) VALUES (4, 49);
INSERT IGNORE INTO Wishlist (id_pembeli, id_produk) VALUES (4, 80);
INSERT IGNORE INTO Wishlist (id_pembeli, id_produk) VALUES (5, 99);
INSERT IGNORE INTO Wishlist (id_pembeli, id_produk) VALUES (5, 5);
INSERT IGNORE INTO Wishlist (id_pembeli, id_produk) VALUES (5, 38);
INSERT IGNORE INTO Wishlist (id_pembeli, id_produk) VALUES (5, 73);
INSERT IGNORE INTO Wishlist (id_pembeli, id_produk) VALUES (5, 34);
INSERT IGNORE INTO Wishlist (id_pembeli, id_produk) VALUES (5, 23);
INSERT IGNORE INTO Wishlist (id_pembeli, id_produk) VALUES (5, 22);
INSERT IGNORE INTO Wishlist (id_pembeli, id_produk) VALUES (6, 25);
INSERT IGNORE INTO Wishlist (id_pembeli, id_produk) VALUES (7, 43);
INSERT IGNORE INTO Wishlist (id_pembeli, id_produk) VALUES (7, 71);
INSERT IGNORE INTO Wishlist (id_pembeli, id_produk) VALUES (7, 44);
INSERT IGNORE INTO Wishlist (id_pembeli, id_produk) VALUES (7, 9);
INSERT IGNORE INTO Wishlist (id_pembeli, id_produk) VALUES (7, 37);
INSERT IGNORE INTO Wishlist (id_pembeli, id_produk) VALUES (8, 76);
INSERT IGNORE INTO Wishlist (id_pembeli, id_produk) VALUES (8, 94);
INSERT IGNORE INTO Wishlist (id_pembeli, id_produk) VALUES (8, 83);
INSERT IGNORE INTO Wishlist (id_pembeli, id_produk) VALUES (8, 1);
INSERT IGNORE INTO Wishlist (id_pembeli, id_produk) VALUES (8, 13);
INSERT IGNORE INTO Wishlist (id_pembeli, id_produk) VALUES (9, 56);
INSERT IGNORE INTO Wishlist (id_pembeli, id_produk) VALUES (9, 31);
INSERT IGNORE INTO Wishlist (id_pembeli, id_produk) VALUES (9, 59);
INSERT IGNORE INTO Wishlist (id_pembeli, id_produk) VALUES (10, 52);
INSERT IGNORE INTO Wishlist (id_pembeli, id_produk) VALUES (10, 32);
INSERT IGNORE INTO Wishlist (id_pembeli, id_produk) VALUES (10, 12);
INSERT IGNORE INTO Wishlist (id_pembeli, id_produk) VALUES (10, 18);
INSERT IGNORE INTO Wishlist (id_pembeli, id_produk) VALUES (10, 16);
INSERT IGNORE INTO Wishlist (id_pembeli, id_produk) VALUES (10, 66);
INSERT IGNORE INTO Wishlist (id_pembeli, id_produk) VALUES (10, 74);
INSERT IGNORE INTO Wishlist (id_pembeli, id_produk) VALUES (10, 10);
INSERT IGNORE INTO Wishlist (id_pembeli, id_produk) VALUES (10, 90);
INSERT IGNORE INTO Wishlist (id_pembeli, id_produk) VALUES (10, 48);
INSERT IGNORE INTO Wishlist (id_pembeli, id_produk) VALUES (11, 56);
INSERT IGNORE INTO Wishlist (id_pembeli, id_produk) VALUES (11, 16);
INSERT IGNORE INTO Wishlist (id_pembeli, id_produk) VALUES (11, 18);
INSERT IGNORE INTO Wishlist (id_pembeli, id_produk) VALUES (11, 57);
INSERT IGNORE INTO Wishlist (id_pembeli, id_produk) VALUES (11, 7);
INSERT IGNORE INTO Wishlist (id_pembeli, id_produk) VALUES (11, 54);
INSERT IGNORE INTO Wishlist (id_pembeli, id_produk) VALUES (11, 91);
INSERT IGNORE INTO Wishlist (id_pembeli, id_produk) VALUES (11, 12);
INSERT IGNORE INTO Wishlist (id_pembeli, id_produk) VALUES (11, 40);
INSERT IGNORE INTO Wishlist (id_pembeli, id_produk) VALUES (11, 73);
INSERT IGNORE INTO Wishlist (id_pembeli, id_produk) VALUES (12, 73);
INSERT IGNORE INTO Wishlist (id_pembeli, id_produk) VALUES (12, 63);
INSERT IGNORE INTO Wishlist (id_pembeli, id_produk) VALUES (12, 11);
INSERT IGNORE INTO Wishlist (id_pembeli, id_produk) VALUES (13, 28);
INSERT IGNORE INTO Wishlist (id_pembeli, id_produk) VALUES (13, 10);
INSERT IGNORE INTO Wishlist (id_pembeli, id_produk) VALUES (13, 57);
INSERT IGNORE INTO Wishlist (id_pembeli, id_produk) VALUES (14, 37);
INSERT IGNORE INTO Wishlist (id_pembeli, id_produk) VALUES (14, 21);
INSERT IGNORE INTO Wishlist (id_pembeli, id_produk) VALUES (14, 75);
INSERT IGNORE INTO Wishlist (id_pembeli, id_produk) VALUES (14, 50);
INSERT IGNORE INTO Wishlist (id_pembeli, id_produk) VALUES (14, 3);
INSERT IGNORE INTO Wishlist (id_pembeli, id_produk) VALUES (14, 90);
INSERT IGNORE INTO Wishlist (id_pembeli, id_produk) VALUES (14, 36);
INSERT IGNORE INTO Wishlist (id_pembeli, id_produk) VALUES (15, 58);
INSERT IGNORE INTO Wishlist (id_pembeli, id_produk) VALUES (15, 14);
INSERT IGNORE INTO Wishlist (id_pembeli, id_produk) VALUES (15, 62);
INSERT IGNORE INTO Wishlist (id_pembeli, id_produk) VALUES (15, 47);
INSERT IGNORE INTO Wishlist (id_pembeli, id_produk) VALUES (15, 2);
INSERT IGNORE INTO Wishlist (id_pembeli, id_produk) VALUES (16, 35);
INSERT IGNORE INTO Wishlist (id_pembeli, id_produk) VALUES (16, 46);
INSERT IGNORE INTO Wishlist (id_pembeli, id_produk) VALUES (16, 15);
INSERT IGNORE INTO Wishlist (id_pembeli, id_produk) VALUES (16, 86);
INSERT IGNORE INTO Wishlist (id_pembeli, id_produk) VALUES (16, 28);
INSERT IGNORE INTO Wishlist (id_pembeli, id_produk) VALUES (16, 57);
INSERT IGNORE INTO Wishlist (id_pembeli, id_produk) VALUES (16, 65);
INSERT IGNORE INTO Wishlist (id_pembeli, id_produk) VALUES (16, 60);
INSERT IGNORE INTO Wishlist (id_pembeli, id_produk) VALUES (16, 56);
INSERT IGNORE INTO Wishlist (id_pembeli, id_produk) VALUES (17, 88);
INSERT IGNORE INTO Wishlist (id_pembeli, id_produk) VALUES (19, 13);
INSERT IGNORE INTO Wishlist (id_pembeli, id_produk) VALUES (19, 92);
INSERT IGNORE INTO Wishlist (id_pembeli, id_produk) VALUES (19, 41);
INSERT IGNORE INTO Wishlist (id_pembeli, id_produk) VALUES (19, 73);
INSERT IGNORE INTO Wishlist (id_pembeli, id_produk) VALUES (19, 21);
INSERT IGNORE INTO Wishlist (id_pembeli, id_produk) VALUES (19, 100);
INSERT IGNORE INTO Wishlist (id_pembeli, id_produk) VALUES (19, 29);
INSERT IGNORE INTO Wishlist (id_pembeli, id_produk) VALUES (19, 30);
INSERT IGNORE INTO Wishlist (id_pembeli, id_produk) VALUES (19, 74);
INSERT IGNORE INTO Wishlist (id_pembeli, id_produk) VALUES (19, 76);
INSERT IGNORE INTO Wishlist (id_pembeli, id_produk) VALUES (20, 72);
INSERT IGNORE INTO Wishlist (id_pembeli, id_produk) VALUES (20, 40);
INSERT IGNORE INTO Wishlist (id_pembeli, id_produk) VALUES (20, 23);
INSERT IGNORE INTO Wishlist (id_pembeli, id_produk) VALUES (20, 80);
INSERT IGNORE INTO Wishlist (id_pembeli, id_produk) VALUES (20, 27);
INSERT IGNORE INTO Wishlist (id_pembeli, id_produk) VALUES (20, 28);
INSERT IGNORE INTO Wishlist (id_pembeli, id_produk) VALUES (20, 22);
INSERT IGNORE INTO Wishlist (id_pembeli, id_produk) VALUES (21, 4);
INSERT IGNORE INTO Wishlist (id_pembeli, id_produk) VALUES (21, 19);
INSERT IGNORE INTO Wishlist (id_pembeli, id_produk) VALUES (21, 67);
INSERT IGNORE INTO Wishlist (id_pembeli, id_produk) VALUES (21, 29);
INSERT IGNORE INTO Wishlist (id_pembeli, id_produk) VALUES (21, 1);
INSERT IGNORE INTO Wishlist (id_pembeli, id_produk) VALUES (22, 5);
INSERT IGNORE INTO Wishlist (id_pembeli, id_produk) VALUES (22, 16);
INSERT IGNORE INTO Wishlist (id_pembeli, id_produk) VALUES (22, 59);
INSERT IGNORE INTO Wishlist (id_pembeli, id_produk) VALUES (22, 24);
INSERT IGNORE INTO Wishlist (id_pembeli, id_produk) VALUES (23, 28);
INSERT IGNORE INTO Wishlist (id_pembeli, id_produk) VALUES (23, 69);
INSERT IGNORE INTO Wishlist (id_pembeli, id_produk) VALUES (23, 5);
INSERT IGNORE INTO Wishlist (id_pembeli, id_produk) VALUES (23, 59);
INSERT IGNORE INTO Wishlist (id_pembeli, id_produk) VALUES (24, 86);
INSERT IGNORE INTO Wishlist (id_pembeli, id_produk) VALUES (24, 98);
INSERT IGNORE INTO Wishlist (id_pembeli, id_produk) VALUES (24, 100);
INSERT IGNORE INTO Wishlist (id_pembeli, id_produk) VALUES (25, 67);
INSERT IGNORE INTO Wishlist (id_pembeli, id_produk) VALUES (25, 80);
INSERT IGNORE INTO Wishlist (id_pembeli, id_produk) VALUES (25, 51);
INSERT IGNORE INTO Wishlist (id_pembeli, id_produk) VALUES (25, 46);
INSERT IGNORE INTO Wishlist (id_pembeli, id_produk) VALUES (25, 25);
INSERT IGNORE INTO Wishlist (id_pembeli, id_produk) VALUES (25, 62);
INSERT IGNORE INTO Wishlist (id_pembeli, id_produk) VALUES (25, 40);
INSERT IGNORE INTO Wishlist (id_pembeli, id_produk) VALUES (26, 92);
INSERT IGNORE INTO Wishlist (id_pembeli, id_produk) VALUES (26, 41);
INSERT IGNORE INTO Wishlist (id_pembeli, id_produk) VALUES (26, 20);
INSERT IGNORE INTO Wishlist (id_pembeli, id_produk) VALUES (26, 47);
INSERT IGNORE INTO Wishlist (id_pembeli, id_produk) VALUES (26, 57);
INSERT IGNORE INTO Wishlist (id_pembeli, id_produk) VALUES (26, 29);
INSERT IGNORE INTO Wishlist (id_pembeli, id_produk) VALUES (26, 75);
INSERT IGNORE INTO Wishlist (id_pembeli, id_produk) VALUES (26, 72);
INSERT IGNORE INTO Wishlist (id_pembeli, id_produk) VALUES (27, 63);
INSERT IGNORE INTO Wishlist (id_pembeli, id_produk) VALUES (28, 96);
INSERT IGNORE INTO Wishlist (id_pembeli, id_produk) VALUES (28, 23);
INSERT IGNORE INTO Wishlist (id_pembeli, id_produk) VALUES (28, 53);
INSERT IGNORE INTO Wishlist (id_pembeli, id_produk) VALUES (28, 72);
INSERT IGNORE INTO Wishlist (id_pembeli, id_produk) VALUES (28, 48);
INSERT IGNORE INTO Wishlist (id_pembeli, id_produk) VALUES (28, 14);
INSERT IGNORE INTO Wishlist (id_pembeli, id_produk) VALUES (28, 68);
INSERT IGNORE INTO Wishlist (id_pembeli, id_produk) VALUES (29, 65);
INSERT IGNORE INTO Wishlist (id_pembeli, id_produk) VALUES (30, 72);
INSERT IGNORE INTO Wishlist (id_pembeli, id_produk) VALUES (30, 21);
INSERT IGNORE INTO Wishlist (id_pembeli, id_produk) VALUES (30, 70);
INSERT IGNORE INTO Wishlist (id_pembeli, id_produk) VALUES (31, 96);
INSERT IGNORE INTO Wishlist (id_pembeli, id_produk) VALUES (31, 29);
INSERT IGNORE INTO Wishlist (id_pembeli, id_produk) VALUES (31, 74);
INSERT IGNORE INTO Wishlist (id_pembeli, id_produk) VALUES (31, 24);
INSERT IGNORE INTO Wishlist (id_pembeli, id_produk) VALUES (31, 9);
INSERT IGNORE INTO Wishlist (id_pembeli, id_produk) VALUES (31, 5);
INSERT IGNORE INTO Wishlist (id_pembeli, id_produk) VALUES (31, 38);
INSERT IGNORE INTO Wishlist (id_pembeli, id_produk) VALUES (31, 37);
INSERT IGNORE INTO Wishlist (id_pembeli, id_produk) VALUES (32, 39);
INSERT IGNORE INTO Wishlist (id_pembeli, id_produk) VALUES (32, 94);
INSERT IGNORE INTO Wishlist (id_pembeli, id_produk) VALUES (32, 46);
INSERT IGNORE INTO Wishlist (id_pembeli, id_produk) VALUES (32, 50);
INSERT IGNORE INTO Wishlist (id_pembeli, id_produk) VALUES (32, 28);
INSERT IGNORE INTO Wishlist (id_pembeli, id_produk) VALUES (32, 23);
INSERT IGNORE INTO Wishlist (id_pembeli, id_produk) VALUES (32, 66);
INSERT IGNORE INTO Wishlist (id_pembeli, id_produk) VALUES (32, 31);
INSERT IGNORE INTO Wishlist (id_pembeli, id_produk) VALUES (32, 38);
INSERT IGNORE INTO Wishlist (id_pembeli, id_produk) VALUES (33, 54);
INSERT IGNORE INTO Wishlist (id_pembeli, id_produk) VALUES (33, 68);
INSERT IGNORE INTO Wishlist (id_pembeli, id_produk) VALUES (33, 90);
INSERT IGNORE INTO Wishlist (id_pembeli, id_produk) VALUES (33, 56);
INSERT IGNORE INTO Wishlist (id_pembeli, id_produk) VALUES (33, 82);
INSERT IGNORE INTO Wishlist (id_pembeli, id_produk) VALUES (33, 15);
INSERT IGNORE INTO Wishlist (id_pembeli, id_produk) VALUES (33, 47);
INSERT IGNORE INTO Wishlist (id_pembeli, id_produk) VALUES (33, 57);
INSERT IGNORE INTO Wishlist (id_pembeli, id_produk) VALUES (35, 28);
INSERT IGNORE INTO Wishlist (id_pembeli, id_produk) VALUES (35, 71);
INSERT IGNORE INTO Wishlist (id_pembeli, id_produk) VALUES (35, 97);
INSERT IGNORE INTO Wishlist (id_pembeli, id_produk) VALUES (35, 62);
INSERT IGNORE INTO Wishlist (id_pembeli, id_produk) VALUES (35, 33);
INSERT IGNORE INTO Wishlist (id_pembeli, id_produk) VALUES (37, 24);
INSERT IGNORE INTO Wishlist (id_pembeli, id_produk) VALUES (37, 4);
INSERT IGNORE INTO Wishlist (id_pembeli, id_produk) VALUES (37, 13);
INSERT IGNORE INTO Wishlist (id_pembeli, id_produk) VALUES (37, 76);
INSERT IGNORE INTO Wishlist (id_pembeli, id_produk) VALUES (37, 83);
INSERT IGNORE INTO Wishlist (id_pembeli, id_produk) VALUES (38, 73);
INSERT IGNORE INTO Wishlist (id_pembeli, id_produk) VALUES (38, 87);
INSERT IGNORE INTO Wishlist (id_pembeli, id_produk) VALUES (38, 40);
INSERT IGNORE INTO Wishlist (id_pembeli, id_produk) VALUES (38, 32);
INSERT IGNORE INTO Wishlist (id_pembeli, id_produk) VALUES (38, 85);
INSERT IGNORE INTO Wishlist (id_pembeli, id_produk) VALUES (39, 32);
INSERT IGNORE INTO Wishlist (id_pembeli, id_produk) VALUES (40, 43);
INSERT IGNORE INTO Wishlist (id_pembeli, id_produk) VALUES (40, 9);
INSERT IGNORE INTO Wishlist (id_pembeli, id_produk) VALUES (40, 8);
INSERT IGNORE INTO Wishlist (id_pembeli, id_produk) VALUES (41, 91);
INSERT IGNORE INTO Wishlist (id_pembeli, id_produk) VALUES (41, 97);
INSERT IGNORE INTO Wishlist (id_pembeli, id_produk) VALUES (41, 88);
INSERT IGNORE INTO Wishlist (id_pembeli, id_produk) VALUES (41, 33);
INSERT IGNORE INTO Wishlist (id_pembeli, id_produk) VALUES (42, 21);
INSERT IGNORE INTO Wishlist (id_pembeli, id_produk) VALUES (42, 35);
INSERT IGNORE INTO Wishlist (id_pembeli, id_produk) VALUES (42, 86);
INSERT IGNORE INTO Wishlist (id_pembeli, id_produk) VALUES (42, 63);
INSERT IGNORE INTO Wishlist (id_pembeli, id_produk) VALUES (42, 73);
INSERT IGNORE INTO Wishlist (id_pembeli, id_produk) VALUES (42, 71);
INSERT IGNORE INTO Wishlist (id_pembeli, id_produk) VALUES (42, 49);
INSERT IGNORE INTO Wishlist (id_pembeli, id_produk) VALUES (42, 48);
INSERT IGNORE INTO Wishlist (id_pembeli, id_produk) VALUES (43, 15);
INSERT IGNORE INTO Wishlist (id_pembeli, id_produk) VALUES (43, 36);
INSERT IGNORE INTO Wishlist (id_pembeli, id_produk) VALUES (43, 88);
INSERT IGNORE INTO Wishlist (id_pembeli, id_produk) VALUES (43, 74);
INSERT IGNORE INTO Wishlist (id_pembeli, id_produk) VALUES (43, 95);
INSERT IGNORE INTO Wishlist (id_pembeli, id_produk) VALUES (44, 76);
INSERT IGNORE INTO Wishlist (id_pembeli, id_produk) VALUES (44, 94);
INSERT IGNORE INTO Wishlist (id_pembeli, id_produk) VALUES (45, 10);
INSERT IGNORE INTO Wishlist (id_pembeli, id_produk) VALUES (46, 90);
INSERT IGNORE INTO Wishlist (id_pembeli, id_produk) VALUES (46, 46);
INSERT IGNORE INTO Wishlist (id_pembeli, id_produk) VALUES (46, 99);
INSERT IGNORE INTO Wishlist (id_pembeli, id_produk) VALUES (46, 16);
INSERT IGNORE INTO Wishlist (id_pembeli, id_produk) VALUES (46, 18);
INSERT IGNORE INTO Wishlist (id_pembeli, id_produk) VALUES (46, 69);
INSERT IGNORE INTO Wishlist (id_pembeli, id_produk) VALUES (46, 14);
INSERT IGNORE INTO Wishlist (id_pembeli, id_produk) VALUES (47, 59);
INSERT IGNORE INTO Wishlist (id_pembeli, id_produk) VALUES (47, 36);
INSERT IGNORE INTO Wishlist (id_pembeli, id_produk) VALUES (47, 39);
INSERT IGNORE INTO Wishlist (id_pembeli, id_produk) VALUES (47, 66);
INSERT IGNORE INTO Wishlist (id_pembeli, id_produk) VALUES (47, 88);
INSERT IGNORE INTO Wishlist (id_pembeli, id_produk) VALUES (47, 34);
INSERT IGNORE INTO Wishlist (id_pembeli, id_produk) VALUES (47, 4);
INSERT IGNORE INTO Wishlist (id_pembeli, id_produk) VALUES (47, 17);
INSERT IGNORE INTO Wishlist (id_pembeli, id_produk) VALUES (47, 87);
INSERT IGNORE INTO Wishlist (id_pembeli, id_produk) VALUES (47, 52);
INSERT IGNORE INTO Wishlist (id_pembeli, id_produk) VALUES (48, 49);
INSERT IGNORE INTO Wishlist (id_pembeli, id_produk) VALUES (48, 32);
INSERT IGNORE INTO Wishlist (id_pembeli, id_produk) VALUES (48, 51);
INSERT IGNORE INTO Wishlist (id_pembeli, id_produk) VALUES (48, 19);
INSERT IGNORE INTO Wishlist (id_pembeli, id_produk) VALUES (48, 69);
INSERT IGNORE INTO Wishlist (id_pembeli, id_produk) VALUES (48, 12);
INSERT IGNORE INTO Wishlist (id_pembeli, id_produk) VALUES (48, 42);
INSERT IGNORE INTO Wishlist (id_pembeli, id_produk) VALUES (48, 77);
INSERT IGNORE INTO Wishlist (id_pembeli, id_produk) VALUES (48, 81);
INSERT IGNORE INTO Wishlist (id_pembeli, id_produk) VALUES (49, 81);
INSERT IGNORE INTO Wishlist (id_pembeli, id_produk) VALUES (49, 25);
INSERT IGNORE INTO Wishlist (id_pembeli, id_produk) VALUES (49, 89);
INSERT IGNORE INTO Wishlist (id_pembeli, id_produk) VALUES (49, 28);
INSERT IGNORE INTO Wishlist (id_pembeli, id_produk) VALUES (49, 22);
INSERT IGNORE INTO Wishlist (id_pembeli, id_produk) VALUES (49, 92);
INSERT IGNORE INTO Wishlist (id_pembeli, id_produk) VALUES (50, 29);
INSERT IGNORE INTO Wishlist (id_pembeli, id_produk) VALUES (50, 62);
INSERT IGNORE INTO Wishlist (id_pembeli, id_produk) VALUES (50, 27);
INSERT IGNORE INTO Wishlist (id_pembeli, id_produk) VALUES (51, 80);
INSERT IGNORE INTO Wishlist (id_pembeli, id_produk) VALUES (51, 7);
INSERT IGNORE INTO Wishlist (id_pembeli, id_produk) VALUES (53, 46);
INSERT IGNORE INTO Wishlist (id_pembeli, id_produk) VALUES (53, 38);
INSERT IGNORE INTO Wishlist (id_pembeli, id_produk) VALUES (53, 24);
INSERT IGNORE INTO Wishlist (id_pembeli, id_produk) VALUES (54, 6);
INSERT IGNORE INTO Wishlist (id_pembeli, id_produk) VALUES (54, 36);
INSERT IGNORE INTO Wishlist (id_pembeli, id_produk) VALUES (55, 66);
INSERT IGNORE INTO Wishlist (id_pembeli, id_produk) VALUES (55, 32);
INSERT IGNORE INTO Wishlist (id_pembeli, id_produk) VALUES (55, 26);
INSERT IGNORE INTO Wishlist (id_pembeli, id_produk) VALUES (55, 44);
INSERT IGNORE INTO Wishlist (id_pembeli, id_produk) VALUES (56, 19);
INSERT IGNORE INTO Wishlist (id_pembeli, id_produk) VALUES (56, 10);
INSERT IGNORE INTO Wishlist (id_pembeli, id_produk) VALUES (57, 41);
INSERT IGNORE INTO Wishlist (id_pembeli, id_produk) VALUES (57, 75);
INSERT IGNORE INTO Wishlist (id_pembeli, id_produk) VALUES (57, 81);
INSERT IGNORE INTO Wishlist (id_pembeli, id_produk) VALUES (58, 15);
INSERT IGNORE INTO Wishlist (id_pembeli, id_produk) VALUES (59, 91);
INSERT IGNORE INTO Wishlist (id_pembeli, id_produk) VALUES (59, 27);
INSERT IGNORE INTO Wishlist (id_pembeli, id_produk) VALUES (59, 12);
INSERT IGNORE INTO Wishlist (id_pembeli, id_produk) VALUES (59, 50);
INSERT IGNORE INTO Wishlist (id_pembeli, id_produk) VALUES (60, 9);
INSERT IGNORE INTO Wishlist (id_pembeli, id_produk) VALUES (60, 64);
INSERT IGNORE INTO Wishlist (id_pembeli, id_produk) VALUES (60, 54);
INSERT IGNORE INTO Wishlist (id_pembeli, id_produk) VALUES (60, 16);
INSERT IGNORE INTO Wishlist (id_pembeli, id_produk) VALUES (60, 6);

-- Ulasan
INSERT IGNORE INTO Ulasan (id_produk, id_pembeli, komentar, penilaian) VALUES (3, 32, 'Corrupti explicabo omnis. Nam magni expedita possimus autem. Dolor id dicta.', 2);
INSERT IGNORE INTO Ulasan (id_produk, id_pembeli, komentar, penilaian) VALUES (97, 9, 'Illo perspiciatis reiciendis placeat id modi. Ex facilis repellendus quaerat eligendi.', 1);
INSERT IGNORE INTO Ulasan (id_produk, id_pembeli, komentar, penilaian) VALUES (24, 40, 'Occaecati maxime repellat porro.', 3);
INSERT IGNORE INTO Ulasan (id_produk, id_pembeli, komentar, penilaian) VALUES (59, 36, 'Quia sapiente totam.', 1);
INSERT IGNORE INTO Ulasan (id_produk, id_pembeli, komentar, penilaian) VALUES (14, 25, 'Nisi maiores veniam quasi.', 1);
INSERT IGNORE INTO Ulasan (id_produk, id_pembeli, komentar, penilaian) VALUES (54, 49, 'Quis quas rerum sit vero aliquid.', 3);
INSERT IGNORE INTO Ulasan (id_produk, id_pembeli, komentar, penilaian) VALUES (100, 49, 'Harum quod ullam a soluta quis. Quae distinctio delectus voluptatum.', 5);
INSERT IGNORE INTO Ulasan (id_produk, id_pembeli, komentar, penilaian) VALUES (99, 29, 'Iusto quaerat in culpa alias. Reiciendis est qui corporis rerum.', 5);
INSERT IGNORE INTO Ulasan (id_produk, id_pembeli, komentar, penilaian) VALUES (17, 29, 'Eligendi ullam asperiores cumque eius dolorum eos rerum. Consequatur iste nulla pariatur aliquid. Vitae fugiat autem laboriosam assumenda consequuntur.', 1);
INSERT IGNORE INTO Ulasan (id_produk, id_pembeli, komentar, penilaian) VALUES (27, 29, 'Repellendus enim maiores molestias.', 1);
INSERT IGNORE INTO Ulasan (id_produk, id_pembeli, komentar, penilaian) VALUES (31, 29, 'Deserunt tempora numquam tenetur harum sit.', 2);
INSERT IGNORE INTO Ulasan (id_produk, id_pembeli, komentar, penilaian) VALUES (95, 34, 'Aut cupiditate aspernatur nihil eum unde. Pariatur est quidem ratione illum quis. Fugit maxime eius similique est modi quo. Repellat asperiores distinctio eos iure quod itaque.', 2);
INSERT IGNORE INTO Ulasan (id_produk, id_pembeli, komentar, penilaian) VALUES (57, 21, 'Labore nostrum illum quis alias. Odit quibusdam odit voluptates recusandae aut similique.', 5);
INSERT IGNORE INTO Ulasan (id_produk, id_pembeli, komentar, penilaian) VALUES (12, 59, 'Ipsum odit nesciunt. Voluptatum quibusdam id laboriosam placeat recusandae eligendi.', 4);
INSERT IGNORE INTO Ulasan (id_produk, id_pembeli, komentar, penilaian) VALUES (18, 55, 'Beatae rerum soluta vel enim ad veritatis facilis.', 1);
INSERT IGNORE INTO Ulasan (id_produk, id_pembeli, komentar, penilaian) VALUES (55, 55, 'Totam deserunt voluptatem provident est. Doloremque voluptatibus nesciunt. Ab quia ipsa repellendus esse ab voluptate fuga.', 5);
INSERT IGNORE INTO Ulasan (id_produk, id_pembeli, komentar, penilaian) VALUES (87, 55, 'Distinctio excepturi quis unde iusto vitae. Itaque doloremque porro voluptate. Beatae nisi placeat quos.', 2);
INSERT IGNORE INTO Ulasan (id_produk, id_pembeli, komentar, penilaian) VALUES (63, 55, 'Consequatur dolores tempore. Ipsam quisquam vero omnis ducimus.', 5);
INSERT IGNORE INTO Ulasan (id_produk, id_pembeli, komentar, penilaian) VALUES (26, 55, 'Optio doloribus totam ex accusantium vel laboriosam. Blanditiis et tempora libero facilis harum.', 5);
INSERT IGNORE INTO Ulasan (id_produk, id_pembeli, komentar, penilaian) VALUES (56, 18, 'Quia tempore ducimus laborum. Perferendis quod eaque cum quasi. Tempora voluptatibus praesentium.', 2);
INSERT IGNORE INTO Ulasan (id_produk, id_pembeli, komentar, penilaian) VALUES (80, 18, 'Reprehenderit accusamus minus illum excepturi.', 1);
INSERT IGNORE INTO Ulasan (id_produk, id_pembeli, komentar, penilaian) VALUES (94, 18, 'Adipisci amet eveniet adipisci inventore error. Deleniti itaque praesentium molestiae architecto officia praesentium harum.', 1);
INSERT IGNORE INTO Ulasan (id_produk, id_pembeli, komentar, penilaian) VALUES (67, 18, 'Facere fugiat neque aut accusantium.', 3);
INSERT IGNORE INTO Ulasan (id_produk, id_pembeli, komentar, penilaian) VALUES (78, 23, 'A cum recusandae culpa animi. Error amet occaecati consequatur maiores.', 5);
INSERT IGNORE INTO Ulasan (id_produk, id_pembeli, komentar, penilaian) VALUES (71, 23, 'Dicta amet at fuga. Saepe minima quia rerum beatae rem veritatis velit.', 5);
INSERT IGNORE INTO Ulasan (id_produk, id_pembeli, komentar, penilaian) VALUES (29, 23, 'Ex assumenda laudantium officia porro porro a. Sint voluptate sunt nam adipisci odio eaque.', 1);
INSERT IGNORE INTO Ulasan (id_produk, id_pembeli, komentar, penilaian) VALUES (62, 26, 'Repellat quo libero quod reprehenderit aliquid temporibus maiores.', 5);
INSERT IGNORE INTO Ulasan (id_produk, id_pembeli, komentar, penilaian) VALUES (92, 26, 'Ipsa voluptatem molestiae occaecati a ducimus. Aperiam vero modi alias.', 3);
INSERT IGNORE INTO Ulasan (id_produk, id_pembeli, komentar, penilaian) VALUES (49, 52, 'Consectetur hic nam. Distinctio sequi voluptatum earum iusto numquam. Atque similique dignissimos non quasi corrupti.', 4);
INSERT IGNORE INTO Ulasan (id_produk, id_pembeli, komentar, penilaian) VALUES (30, 52, 'Consequuntur aspernatur voluptates culpa impedit.', 2);
INSERT IGNORE INTO Ulasan (id_produk, id_pembeli, komentar, penilaian) VALUES (62, 24, 'Magnam autem facilis laboriosam. Sit dicta sunt iure cupiditate amet sit praesentium.', 3);
INSERT IGNORE INTO Ulasan (id_produk, id_pembeli, komentar, penilaian) VALUES (31, 24, 'Tempore totam optio aut. Quasi atque nostrum exercitationem quam nulla sed commodi.', 3);
INSERT IGNORE INTO Ulasan (id_produk, id_pembeli, komentar, penilaian) VALUES (97, 24, 'Illum a maxime eaque rem at nesciunt.', 2);
INSERT IGNORE INTO Ulasan (id_produk, id_pembeli, komentar, penilaian) VALUES (95, 24, 'Blanditiis saepe cumque iure sed tempore.', 5);
INSERT IGNORE INTO Ulasan (id_produk, id_pembeli, komentar, penilaian) VALUES (91, 24, 'Autem culpa inventore quas cumque.', 3);
INSERT IGNORE INTO Ulasan (id_produk, id_pembeli, komentar, penilaian) VALUES (79, 38, 'Reprehenderit quisquam nostrum dignissimos.', 4);
INSERT IGNORE INTO Ulasan (id_produk, id_pembeli, komentar, penilaian) VALUES (69, 7, 'Dignissimos beatae cumque harum dolorem voluptatum.', 1);
INSERT IGNORE INTO Ulasan (id_produk, id_pembeli, komentar, penilaian) VALUES (27, 7, 'Earum minus ipsam nihil atque impedit dicta. Necessitatibus laborum neque quos.', 3);
INSERT IGNORE INTO Ulasan (id_produk, id_pembeli, komentar, penilaian) VALUES (9, 7, 'Alias earum cum odit libero dolore.', 3);
INSERT IGNORE INTO Ulasan (id_produk, id_pembeli, komentar, penilaian) VALUES (7, 7, 'Aut rem ab accusantium.', 2);
INSERT IGNORE INTO Ulasan (id_produk, id_pembeli, komentar, penilaian) VALUES (60, 53, 'Iusto ipsam eum eligendi ea soluta. Nobis eligendi quaerat.', 1);
INSERT IGNORE INTO Ulasan (id_produk, id_pembeli, komentar, penilaian) VALUES (9, 53, 'Soluta voluptate doloremque reprehenderit. Laudantium quo voluptatem ducimus mollitia illum laudantium.', 1);
INSERT IGNORE INTO Ulasan (id_produk, id_pembeli, komentar, penilaian) VALUES (94, 53, 'Expedita dolorem praesentium expedita dolore.', 1);
INSERT IGNORE INTO Ulasan (id_produk, id_pembeli, komentar, penilaian) VALUES (54, 43, 'Nobis amet incidunt distinctio sed impedit.', 5);
INSERT IGNORE INTO Ulasan (id_produk, id_pembeli, komentar, penilaian) VALUES (46, 43, 'Culpa sint hic veritatis. Vel doloribus eligendi hic nemo odit. Sapiente nulla nisi eaque animi. Unde eligendi veritatis eos nihil consectetur est.', 5);
INSERT IGNORE INTO Ulasan (id_produk, id_pembeli, komentar, penilaian) VALUES (84, 22, 'Repellendus libero sed maiores voluptates repellendus blanditiis.', 3);
INSERT IGNORE INTO Ulasan (id_produk, id_pembeli, komentar, penilaian) VALUES (93, 22, 'Repellat rerum nostrum. Error necessitatibus veritatis. At et error.', 1);
INSERT IGNORE INTO Ulasan (id_produk, id_pembeli, komentar, penilaian) VALUES (24, 22, 'Fugit fugit illo sapiente. A maiores perferendis sed quis voluptas fuga repudiandae.', 1);
INSERT IGNORE INTO Ulasan (id_produk, id_pembeli, komentar, penilaian) VALUES (37, 22, 'A temporibus error quidem nobis quibusdam commodi. Eum sint quia voluptas ratione. Est magni officiis id beatae.', 4);
INSERT IGNORE INTO Ulasan (id_produk, id_pembeli, komentar, penilaian) VALUES (49, 56, 'Debitis quis eaque ex.', 4);
INSERT IGNORE INTO Ulasan (id_produk, id_pembeli, komentar, penilaian) VALUES (71, 56, 'Corporis cupiditate ea reprehenderit.', 5);
INSERT IGNORE INTO Ulasan (id_produk, id_pembeli, komentar, penilaian) VALUES (47, 56, 'Laborum quasi fugiat fuga at commodi odio perferendis. Ducimus laudantium laudantium beatae a nobis.', 2);
INSERT IGNORE INTO Ulasan (id_produk, id_pembeli, komentar, penilaian) VALUES (1, 56, 'Libero quae ipsam quod maiores doloribus animi.', 1);
INSERT IGNORE INTO Ulasan (id_produk, id_pembeli, komentar, penilaian) VALUES (82, 47, 'Nulla ipsa amet eaque fugiat.', 5);
INSERT IGNORE INTO Ulasan (id_produk, id_pembeli, komentar, penilaian) VALUES (84, 47, 'Id iure sit porro est quo placeat. Minus dicta dignissimos corporis accusantium ipsam.', 4);
INSERT IGNORE INTO Ulasan (id_produk, id_pembeli, komentar, penilaian) VALUES (43, 47, 'Corrupti iusto nam rerum perspiciatis recusandae qui.', 4);
INSERT IGNORE INTO Ulasan (id_produk, id_pembeli, komentar, penilaian) VALUES (75, 20, 'Dolorum aut iste quos aliquid.', 5);
INSERT IGNORE INTO Ulasan (id_produk, id_pembeli, komentar, penilaian) VALUES (79, 51, 'Dolore itaque tempora dolorem dolorem. Laboriosam ea porro cupiditate.', 2);
INSERT IGNORE INTO Ulasan (id_produk, id_pembeli, komentar, penilaian) VALUES (97, 51, 'Facilis ab facere.', 4);
INSERT IGNORE INTO Ulasan (id_produk, id_pembeli, komentar, penilaian) VALUES (81, 51, 'Eum quia debitis officiis delectus rerum nemo distinctio. Laborum aut hic quis similique expedita.', 2);
INSERT IGNORE INTO Ulasan (id_produk, id_pembeli, komentar, penilaian) VALUES (35, 11, 'Aspernatur pariatur optio omnis.', 2);
INSERT IGNORE INTO Ulasan (id_produk, id_pembeli, komentar, penilaian) VALUES (26, 11, 'Repellat provident facere repudiandae. Temporibus nisi placeat eius quaerat modi dolorem. Saepe expedita vero hic accusantium nulla tempora.', 4);
INSERT IGNORE INTO Ulasan (id_produk, id_pembeli, komentar, penilaian) VALUES (28, 11, 'Accusantium sit voluptas. Soluta officia repudiandae sint illum culpa nam.', 3);
INSERT IGNORE INTO Ulasan (id_produk, id_pembeli, komentar, penilaian) VALUES (17, 4, 'Totam adipisci sequi dolorum fugiat.', 5);
INSERT IGNORE INTO Ulasan (id_produk, id_pembeli, komentar, penilaian) VALUES (38, 4, 'Minus repellat vero.', 2);
INSERT IGNORE INTO Ulasan (id_produk, id_pembeli, komentar, penilaian) VALUES (99, 1, 'Aliquid explicabo odit quisquam iusto.', 3);
INSERT IGNORE INTO Ulasan (id_produk, id_pembeli, komentar, penilaian) VALUES (30, 1, 'Nisi odit cumque illum.', 4);
INSERT IGNORE INTO Ulasan (id_produk, id_pembeli, komentar, penilaian) VALUES (4, 45, 'Cum quasi consectetur repellat. Alias deleniti iusto reiciendis illo similique nesciunt odit.', 1);
INSERT IGNORE INTO Ulasan (id_produk, id_pembeli, komentar, penilaian) VALUES (66, 45, 'Possimus voluptatibus debitis exercitationem. Quae deserunt incidunt est. Vero libero perspiciatis.', 1);
INSERT IGNORE INTO Ulasan (id_produk, id_pembeli, komentar, penilaian) VALUES (72, 45, 'Voluptas commodi rem. Maxime atque sunt quam sint.', 1);
INSERT IGNORE INTO Ulasan (id_produk, id_pembeli, komentar, penilaian) VALUES (92, 31, 'Tempore dicta facere laborum necessitatibus quas exercitationem nisi. Possimus atque quos ad.', 2);
INSERT IGNORE INTO Ulasan (id_produk, id_pembeli, komentar, penilaian) VALUES (17, 31, 'Nobis quos voluptatem necessitatibus ad. Consequatur odit vero dolorem.', 5);
INSERT IGNORE INTO Ulasan (id_produk, id_pembeli, komentar, penilaian) VALUES (15, 3, 'Dolores exercitationem corporis dolores ipsam id. Ad sint cupiditate nam exercitationem.', 1);
INSERT IGNORE INTO Ulasan (id_produk, id_pembeli, komentar, penilaian) VALUES (22, 3, 'Molestias laboriosam voluptatem.', 3);
INSERT IGNORE INTO Ulasan (id_produk, id_pembeli, komentar, penilaian) VALUES (4, 3, 'Quas maxime quae sed maiores debitis.', 5);
INSERT IGNORE INTO Ulasan (id_produk, id_pembeli, komentar, penilaian) VALUES (61, 3, 'Quibusdam illo nobis magnam excepturi. Occaecati assumenda vitae iusto laudantium. Nostrum sequi accusamus doloremque et corporis at a.', 3);
INSERT IGNORE INTO Ulasan (id_produk, id_pembeli, komentar, penilaian) VALUES (39, 3, 'Modi excepturi sit sed.', 3);
INSERT IGNORE INTO Ulasan (id_produk, id_pembeli, komentar, penilaian) VALUES (79, 41, 'Veniam exercitationem similique ipsam.', 3);
INSERT IGNORE INTO Ulasan (id_produk, id_pembeli, komentar, penilaian) VALUES (91, 58, 'Minima cupiditate illum eligendi.', 5);
INSERT IGNORE INTO Ulasan (id_produk, id_pembeli, komentar, penilaian) VALUES (26, 58, 'Odit eos porro odio nam nostrum.', 4);
INSERT IGNORE INTO Ulasan (id_produk, id_pembeli, komentar, penilaian) VALUES (63, 58, 'Quod placeat ducimus unde dolores explicabo rem.', 4);
INSERT IGNORE INTO Ulasan (id_produk, id_pembeli, komentar, penilaian) VALUES (27, 19, 'Tempora quas perspiciatis quas architecto modi.', 2);
INSERT IGNORE INTO Ulasan (id_produk, id_pembeli, komentar, penilaian) VALUES (24, 19, 'Id necessitatibus iure sed.', 1);
INSERT IGNORE INTO Ulasan (id_produk, id_pembeli, komentar, penilaian) VALUES (14, 19, 'Nemo id odit ratione animi fugit excepturi.', 1);
INSERT IGNORE INTO Ulasan (id_produk, id_pembeli, komentar, penilaian) VALUES (42, 15, 'Aliquam quas asperiores eligendi ex quis voluptatum.', 4);
INSERT IGNORE INTO Ulasan (id_produk, id_pembeli, komentar, penilaian) VALUES (17, 50, 'Accusamus quae quasi facere corporis aperiam minus.', 2);
INSERT IGNORE INTO Ulasan (id_produk, id_pembeli, komentar, penilaian) VALUES (41, 16, 'Esse voluptas provident accusantium veritatis sed deleniti. Quod assumenda quod officiis.', 4);
INSERT IGNORE INTO Ulasan (id_produk, id_pembeli, komentar, penilaian) VALUES (80, 16, 'Optio facere quisquam.', 5);
INSERT IGNORE INTO Ulasan (id_produk, id_pembeli, komentar, penilaian) VALUES (67, 16, 'Ex perferendis expedita delectus. Omnis expedita et.', 1);
INSERT IGNORE INTO Ulasan (id_produk, id_pembeli, komentar, penilaian) VALUES (89, 37, 'Perferendis omnis sapiente eum voluptatum.', 4);
INSERT IGNORE INTO Ulasan (id_produk, id_pembeli, komentar, penilaian) VALUES (84, 12, 'Voluptatum laborum fuga consequuntur doloribus modi dolor nostrum.', 1);
INSERT IGNORE INTO Ulasan (id_produk, id_pembeli, komentar, penilaian) VALUES (4, 12, 'Beatae sequi ratione reiciendis voluptates commodi.', 3);
INSERT IGNORE INTO Ulasan (id_produk, id_pembeli, komentar, penilaian) VALUES (49, 12, 'Nobis inventore ab autem. Unde cumque praesentium repellendus officia.', 3);
INSERT IGNORE INTO Ulasan (id_produk, id_pembeli, komentar, penilaian) VALUES (78, 12, 'Libero eius qui sint repellat. Numquam rerum quam officiis quibusdam deleniti odit.', 5);
INSERT IGNORE INTO Ulasan (id_produk, id_pembeli, komentar, penilaian) VALUES (57, 13, 'Quo cum necessitatibus odio illum quia. Fugiat voluptate ab ullam.
Laudantium neque officia veniam odio.', 5);
INSERT IGNORE INTO Ulasan (id_produk, id_pembeli, komentar, penilaian) VALUES (57, 37, 'Similique autem fuga laboriosam. Doloribus odit deserunt at expedita deleniti. Repellat repellat quas dolores mollitia dignissimos.', 5);
INSERT IGNORE INTO Ulasan (id_produk, id_pembeli, komentar, penilaian) VALUES (24, 17, 'Beatae autem debitis. Officiis adipisci natus inventore quas. Reiciendis nihil laborum at.', 4);
INSERT IGNORE INTO Ulasan (id_produk, id_pembeli, komentar, penilaian) VALUES (4, 47, 'Incidunt iste eligendi aut soluta perspiciatis. Labore voluptatibus distinctio at facilis ipsam.', 4);
INSERT IGNORE INTO Ulasan (id_produk, id_pembeli, komentar, penilaian) VALUES (76, 36, 'Ipsum tenetur iure fugit nihil officiis. Fugit libero voluptatibus quos ducimus fugiat. Temporibus dolores molestiae exercitationem officiis.', 5);
INSERT IGNORE INTO Ulasan (id_produk, id_pembeli, komentar, penilaian) VALUES (87, 31, 'Harum nostrum eius dolor odit perspiciatis. Molestiae veritatis recusandae saepe placeat. Odio numquam dolorum.', 5);

-- Teman
INSERT IGNORE INTO Teman (id_diikuti, id_mengikuti) VALUES (21, 2);
INSERT IGNORE INTO Teman (id_diikuti, id_mengikuti) VALUES (84, 2);
INSERT IGNORE INTO Teman (id_diikuti, id_mengikuti) VALUES (89, 2);
INSERT IGNORE INTO Teman (id_diikuti, id_mengikuti) VALUES (77, 3);
INSERT IGNORE INTO Teman (id_diikuti, id_mengikuti) VALUES (42, 3);
INSERT IGNORE INTO Teman (id_diikuti, id_mengikuti) VALUES (84, 3);
INSERT IGNORE INTO Teman (id_diikuti, id_mengikuti) VALUES (57, 3);
INSERT IGNORE INTO Teman (id_diikuti, id_mengikuti) VALUES (21, 3);
INSERT IGNORE INTO Teman (id_diikuti, id_mengikuti) VALUES (73, 3);
INSERT IGNORE INTO Teman (id_diikuti, id_mengikuti) VALUES (93, 3);
INSERT IGNORE INTO Teman (id_diikuti, id_mengikuti) VALUES (46, 4);
INSERT IGNORE INTO Teman (id_diikuti, id_mengikuti) VALUES (105, 4);
INSERT IGNORE INTO Teman (id_diikuti, id_mengikuti) VALUES (87, 5);
INSERT IGNORE INTO Teman (id_diikuti, id_mengikuti) VALUES (11, 5);
INSERT IGNORE INTO Teman (id_diikuti, id_mengikuti) VALUES (96, 5);
INSERT IGNORE INTO Teman (id_diikuti, id_mengikuti) VALUES (72, 5);
INSERT IGNORE INTO Teman (id_diikuti, id_mengikuti) VALUES (101, 5);
INSERT IGNORE INTO Teman (id_diikuti, id_mengikuti) VALUES (86, 5);
INSERT IGNORE INTO Teman (id_diikuti, id_mengikuti) VALUES (46, 5);
INSERT IGNORE INTO Teman (id_diikuti, id_mengikuti) VALUES (55, 6);
INSERT IGNORE INTO Teman (id_diikuti, id_mengikuti) VALUES (81, 6);
INSERT IGNORE INTO Teman (id_diikuti, id_mengikuti) VALUES (85, 6);
INSERT IGNORE INTO Teman (id_diikuti, id_mengikuti) VALUES (87, 6);
INSERT IGNORE INTO Teman (id_diikuti, id_mengikuti) VALUES (75, 6);
INSERT IGNORE INTO Teman (id_diikuti, id_mengikuti) VALUES (89, 7);
INSERT IGNORE INTO Teman (id_diikuti, id_mengikuti) VALUES (64, 7);
INSERT IGNORE INTO Teman (id_diikuti, id_mengikuti) VALUES (109, 7);
INSERT IGNORE INTO Teman (id_diikuti, id_mengikuti) VALUES (3, 7);
INSERT IGNORE INTO Teman (id_diikuti, id_mengikuti) VALUES (77, 7);
INSERT IGNORE INTO Teman (id_diikuti, id_mengikuti) VALUES (7, 9);
INSERT IGNORE INTO Teman (id_diikuti, id_mengikuti) VALUES (77, 9);
INSERT IGNORE INTO Teman (id_diikuti, id_mengikuti) VALUES (41, 9);
INSERT IGNORE INTO Teman (id_diikuti, id_mengikuti) VALUES (54, 10);
INSERT IGNORE INTO Teman (id_diikuti, id_mengikuti) VALUES (94, 10);
INSERT IGNORE INTO Teman (id_diikuti, id_mengikuti) VALUES (12, 10);
INSERT IGNORE INTO Teman (id_diikuti, id_mengikuti) VALUES (3, 10);
INSERT IGNORE INTO Teman (id_diikuti, id_mengikuti) VALUES (39, 11);
INSERT IGNORE INTO Teman (id_diikuti, id_mengikuti) VALUES (59, 11);
INSERT IGNORE INTO Teman (id_diikuti, id_mengikuti) VALUES (42, 11);
INSERT IGNORE INTO Teman (id_diikuti, id_mengikuti) VALUES (69, 12);
INSERT IGNORE INTO Teman (id_diikuti, id_mengikuti) VALUES (31, 12);
INSERT IGNORE INTO Teman (id_diikuti, id_mengikuti) VALUES (101, 12);
INSERT IGNORE INTO Teman (id_diikuti, id_mengikuti) VALUES (36, 13);
INSERT IGNORE INTO Teman (id_diikuti, id_mengikuti) VALUES (107, 13);
INSERT IGNORE INTO Teman (id_diikuti, id_mengikuti) VALUES (43, 13);
INSERT IGNORE INTO Teman (id_diikuti, id_mengikuti) VALUES (34, 15);
INSERT IGNORE INTO Teman (id_diikuti, id_mengikuti) VALUES (42, 15);
INSERT IGNORE INTO Teman (id_diikuti, id_mengikuti) VALUES (106, 15);
INSERT IGNORE INTO Teman (id_diikuti, id_mengikuti) VALUES (84, 15);
INSERT IGNORE INTO Teman (id_diikuti, id_mengikuti) VALUES (49, 15);
INSERT IGNORE INTO Teman (id_diikuti, id_mengikuti) VALUES (58, 15);
INSERT IGNORE INTO Teman (id_diikuti, id_mengikuti) VALUES (75, 15);
INSERT IGNORE INTO Teman (id_diikuti, id_mengikuti) VALUES (8, 16);
INSERT IGNORE INTO Teman (id_diikuti, id_mengikuti) VALUES (29, 16);
INSERT IGNORE INTO Teman (id_diikuti, id_mengikuti) VALUES (40, 16);
INSERT IGNORE INTO Teman (id_diikuti, id_mengikuti) VALUES (43, 16);
INSERT IGNORE INTO Teman (id_diikuti, id_mengikuti) VALUES (79, 16);
INSERT IGNORE INTO Teman (id_diikuti, id_mengikuti) VALUES (89, 16);
INSERT IGNORE INTO Teman (id_diikuti, id_mengikuti) VALUES (26, 16);
INSERT IGNORE INTO Teman (id_diikuti, id_mengikuti) VALUES (93, 17);
INSERT IGNORE INTO Teman (id_diikuti, id_mengikuti) VALUES (6, 17);
INSERT IGNORE INTO Teman (id_diikuti, id_mengikuti) VALUES (27, 17);
INSERT IGNORE INTO Teman (id_diikuti, id_mengikuti) VALUES (43, 17);
INSERT IGNORE INTO Teman (id_diikuti, id_mengikuti) VALUES (13, 17);
INSERT IGNORE INTO Teman (id_diikuti, id_mengikuti) VALUES (92, 17);
INSERT IGNORE INTO Teman (id_diikuti, id_mengikuti) VALUES (110, 17);
INSERT IGNORE INTO Teman (id_diikuti, id_mengikuti) VALUES (19, 18);
INSERT IGNORE INTO Teman (id_diikuti, id_mengikuti) VALUES (100, 18);
INSERT IGNORE INTO Teman (id_diikuti, id_mengikuti) VALUES (99, 18);
INSERT IGNORE INTO Teman (id_diikuti, id_mengikuti) VALUES (88, 18);
INSERT IGNORE INTO Teman (id_diikuti, id_mengikuti) VALUES (35, 18);
INSERT IGNORE INTO Teman (id_diikuti, id_mengikuti) VALUES (85, 18);
INSERT IGNORE INTO Teman (id_diikuti, id_mengikuti) VALUES (27, 19);
INSERT IGNORE INTO Teman (id_diikuti, id_mengikuti) VALUES (67, 19);
INSERT IGNORE INTO Teman (id_diikuti, id_mengikuti) VALUES (12, 19);
INSERT IGNORE INTO Teman (id_diikuti, id_mengikuti) VALUES (25, 19);
INSERT IGNORE INTO Teman (id_diikuti, id_mengikuti) VALUES (22, 20);
INSERT IGNORE INTO Teman (id_diikuti, id_mengikuti) VALUES (2, 20);
INSERT IGNORE INTO Teman (id_diikuti, id_mengikuti) VALUES (8, 20);
INSERT IGNORE INTO Teman (id_diikuti, id_mengikuti) VALUES (98, 20);
INSERT IGNORE INTO Teman (id_diikuti, id_mengikuti) VALUES (35, 20);
INSERT IGNORE INTO Teman (id_diikuti, id_mengikuti) VALUES (51, 22);
INSERT IGNORE INTO Teman (id_diikuti, id_mengikuti) VALUES (75, 24);
INSERT IGNORE INTO Teman (id_diikuti, id_mengikuti) VALUES (58, 24);
INSERT IGNORE INTO Teman (id_diikuti, id_mengikuti) VALUES (31, 25);
INSERT IGNORE INTO Teman (id_diikuti, id_mengikuti) VALUES (8, 26);
INSERT IGNORE INTO Teman (id_diikuti, id_mengikuti) VALUES (43, 26);
INSERT IGNORE INTO Teman (id_diikuti, id_mengikuti) VALUES (47, 26);
INSERT IGNORE INTO Teman (id_diikuti, id_mengikuti) VALUES (62, 26);
INSERT IGNORE INTO Teman (id_diikuti, id_mengikuti) VALUES (12, 26);
INSERT IGNORE INTO Teman (id_diikuti, id_mengikuti) VALUES (61, 26);
INSERT IGNORE INTO Teman (id_diikuti, id_mengikuti) VALUES (80, 26);
INSERT IGNORE INTO Teman (id_diikuti, id_mengikuti) VALUES (104, 27);
INSERT IGNORE INTO Teman (id_diikuti, id_mengikuti) VALUES (65, 27);
INSERT IGNORE INTO Teman (id_diikuti, id_mengikuti) VALUES (62, 27);
INSERT IGNORE INTO Teman (id_diikuti, id_mengikuti) VALUES (90, 27);
INSERT IGNORE INTO Teman (id_diikuti, id_mengikuti) VALUES (105, 28);
INSERT IGNORE INTO Teman (id_diikuti, id_mengikuti) VALUES (94, 28);
INSERT IGNORE INTO Teman (id_diikuti, id_mengikuti) VALUES (4, 28);
INSERT IGNORE INTO Teman (id_diikuti, id_mengikuti) VALUES (11, 28);
INSERT IGNORE INTO Teman (id_diikuti, id_mengikuti) VALUES (104, 28);
INSERT IGNORE INTO Teman (id_diikuti, id_mengikuti) VALUES (68, 28);
INSERT IGNORE INTO Teman (id_diikuti, id_mengikuti) VALUES (37, 29);
INSERT IGNORE INTO Teman (id_diikuti, id_mengikuti) VALUES (16, 29);
INSERT IGNORE INTO Teman (id_diikuti, id_mengikuti) VALUES (15, 29);
INSERT IGNORE INTO Teman (id_diikuti, id_mengikuti) VALUES (89, 29);
INSERT IGNORE INTO Teman (id_diikuti, id_mengikuti) VALUES (24, 29);
INSERT IGNORE INTO Teman (id_diikuti, id_mengikuti) VALUES (23, 29);
INSERT IGNORE INTO Teman (id_diikuti, id_mengikuti) VALUES (110, 30);
INSERT IGNORE INTO Teman (id_diikuti, id_mengikuti) VALUES (59, 31);
INSERT IGNORE INTO Teman (id_diikuti, id_mengikuti) VALUES (80, 31);
INSERT IGNORE INTO Teman (id_diikuti, id_mengikuti) VALUES (39, 31);
INSERT IGNORE INTO Teman (id_diikuti, id_mengikuti) VALUES (96, 31);
INSERT IGNORE INTO Teman (id_diikuti, id_mengikuti) VALUES (37, 31);
INSERT IGNORE INTO Teman (id_diikuti, id_mengikuti) VALUES (9, 31);
INSERT IGNORE INTO Teman (id_diikuti, id_mengikuti) VALUES (48, 31);
INSERT IGNORE INTO Teman (id_diikuti, id_mengikuti) VALUES (16, 32);
INSERT IGNORE INTO Teman (id_diikuti, id_mengikuti) VALUES (87, 32);
INSERT IGNORE INTO Teman (id_diikuti, id_mengikuti) VALUES (88, 32);
INSERT IGNORE INTO Teman (id_diikuti, id_mengikuti) VALUES (1, 32);
INSERT IGNORE INTO Teman (id_diikuti, id_mengikuti) VALUES (10, 33);
INSERT IGNORE INTO Teman (id_diikuti, id_mengikuti) VALUES (86, 33);
INSERT IGNORE INTO Teman (id_diikuti, id_mengikuti) VALUES (31, 33);
INSERT IGNORE INTO Teman (id_diikuti, id_mengikuti) VALUES (15, 33);
INSERT IGNORE INTO Teman (id_diikuti, id_mengikuti) VALUES (105, 34);
INSERT IGNORE INTO Teman (id_diikuti, id_mengikuti) VALUES (39, 35);
INSERT IGNORE INTO Teman (id_diikuti, id_mengikuti) VALUES (82, 35);
INSERT IGNORE INTO Teman (id_diikuti, id_mengikuti) VALUES (85, 35);
INSERT IGNORE INTO Teman (id_diikuti, id_mengikuti) VALUES (60, 35);
INSERT IGNORE INTO Teman (id_diikuti, id_mengikuti) VALUES (80, 35);
INSERT IGNORE INTO Teman (id_diikuti, id_mengikuti) VALUES (20, 35);
INSERT IGNORE INTO Teman (id_diikuti, id_mengikuti) VALUES (79, 35);
INSERT IGNORE INTO Teman (id_diikuti, id_mengikuti) VALUES (78, 36);
INSERT IGNORE INTO Teman (id_diikuti, id_mengikuti) VALUES (85, 36);
INSERT IGNORE INTO Teman (id_diikuti, id_mengikuti) VALUES (40, 36);
INSERT IGNORE INTO Teman (id_diikuti, id_mengikuti) VALUES (4, 36);
INSERT IGNORE INTO Teman (id_diikuti, id_mengikuti) VALUES (11, 36);
INSERT IGNORE INTO Teman (id_diikuti, id_mengikuti) VALUES (80, 36);
INSERT IGNORE INTO Teman (id_diikuti, id_mengikuti) VALUES (60, 37);
INSERT IGNORE INTO Teman (id_diikuti, id_mengikuti) VALUES (47, 37);
INSERT IGNORE INTO Teman (id_diikuti, id_mengikuti) VALUES (83, 37);
INSERT IGNORE INTO Teman (id_diikuti, id_mengikuti) VALUES (30, 37);
INSERT IGNORE INTO Teman (id_diikuti, id_mengikuti) VALUES (82, 37);
INSERT IGNORE INTO Teman (id_diikuti, id_mengikuti) VALUES (9, 39);
INSERT IGNORE INTO Teman (id_diikuti, id_mengikuti) VALUES (47, 39);
INSERT IGNORE INTO Teman (id_diikuti, id_mengikuti) VALUES (56, 40);
INSERT IGNORE INTO Teman (id_diikuti, id_mengikuti) VALUES (54, 41);
INSERT IGNORE INTO Teman (id_diikuti, id_mengikuti) VALUES (3, 41);
INSERT IGNORE INTO Teman (id_diikuti, id_mengikuti) VALUES (9, 41);
INSERT IGNORE INTO Teman (id_diikuti, id_mengikuti) VALUES (28, 41);
INSERT IGNORE INTO Teman (id_diikuti, id_mengikuti) VALUES (22, 41);
INSERT IGNORE INTO Teman (id_diikuti, id_mengikuti) VALUES (91, 41);
INSERT IGNORE INTO Teman (id_diikuti, id_mengikuti) VALUES (16, 41);
INSERT IGNORE INTO Teman (id_diikuti, id_mengikuti) VALUES (103, 42);
INSERT IGNORE INTO Teman (id_diikuti, id_mengikuti) VALUES (3, 42);
INSERT IGNORE INTO Teman (id_diikuti, id_mengikuti) VALUES (58, 42);
INSERT IGNORE INTO Teman (id_diikuti, id_mengikuti) VALUES (38, 43);
INSERT IGNORE INTO Teman (id_diikuti, id_mengikuti) VALUES (33, 43);
INSERT IGNORE INTO Teman (id_diikuti, id_mengikuti) VALUES (107, 43);
INSERT IGNORE INTO Teman (id_diikuti, id_mengikuti) VALUES (24, 44);
INSERT IGNORE INTO Teman (id_diikuti, id_mengikuti) VALUES (90, 44);
INSERT IGNORE INTO Teman (id_diikuti, id_mengikuti) VALUES (80, 44);
INSERT IGNORE INTO Teman (id_diikuti, id_mengikuti) VALUES (34, 44);
INSERT IGNORE INTO Teman (id_diikuti, id_mengikuti) VALUES (66, 44);
INSERT IGNORE INTO Teman (id_diikuti, id_mengikuti) VALUES (20, 44);
INSERT IGNORE INTO Teman (id_diikuti, id_mengikuti) VALUES (73, 45);
INSERT IGNORE INTO Teman (id_diikuti, id_mengikuti) VALUES (29, 45);
INSERT IGNORE INTO Teman (id_diikuti, id_mengikuti) VALUES (38, 45);
INSERT IGNORE INTO Teman (id_diikuti, id_mengikuti) VALUES (25, 45);
INSERT IGNORE INTO Teman (id_diikuti, id_mengikuti) VALUES (20, 46);
INSERT IGNORE INTO Teman (id_diikuti, id_mengikuti) VALUES (55, 46);
INSERT IGNORE INTO Teman (id_diikuti, id_mengikuti) VALUES (65, 46);
INSERT IGNORE INTO Teman (id_diikuti, id_mengikuti) VALUES (102, 46);
INSERT IGNORE INTO Teman (id_diikuti, id_mengikuti) VALUES (6, 46);
INSERT IGNORE INTO Teman (id_diikuti, id_mengikuti) VALUES (75, 46);
INSERT IGNORE INTO Teman (id_diikuti, id_mengikuti) VALUES (38, 46);
INSERT IGNORE INTO Teman (id_diikuti, id_mengikuti) VALUES (84, 47);
INSERT IGNORE INTO Teman (id_diikuti, id_mengikuti) VALUES (65, 47);
INSERT IGNORE INTO Teman (id_diikuti, id_mengikuti) VALUES (5, 48);
INSERT IGNORE INTO Teman (id_diikuti, id_mengikuti) VALUES (26, 48);
INSERT IGNORE INTO Teman (id_diikuti, id_mengikuti) VALUES (53, 48);
INSERT IGNORE INTO Teman (id_diikuti, id_mengikuti) VALUES (106, 48);
INSERT IGNORE INTO Teman (id_diikuti, id_mengikuti) VALUES (39, 48);
INSERT IGNORE INTO Teman (id_diikuti, id_mengikuti) VALUES (99, 48);
INSERT IGNORE INTO Teman (id_diikuti, id_mengikuti) VALUES (98, 49);
INSERT IGNORE INTO Teman (id_diikuti, id_mengikuti) VALUES (31, 49);
INSERT IGNORE INTO Teman (id_diikuti, id_mengikuti) VALUES (36, 49);
INSERT IGNORE INTO Teman (id_diikuti, id_mengikuti) VALUES (28, 49);
INSERT IGNORE INTO Teman (id_diikuti, id_mengikuti) VALUES (61, 49);
INSERT IGNORE INTO Teman (id_diikuti, id_mengikuti) VALUES (55, 49);
INSERT IGNORE INTO Teman (id_diikuti, id_mengikuti) VALUES (73, 50);
INSERT IGNORE INTO Teman (id_diikuti, id_mengikuti) VALUES (74, 50);
INSERT IGNORE INTO Teman (id_diikuti, id_mengikuti) VALUES (21, 51);
INSERT IGNORE INTO Teman (id_diikuti, id_mengikuti) VALUES (37, 51);
INSERT IGNORE INTO Teman (id_diikuti, id_mengikuti) VALUES (24, 53);
INSERT IGNORE INTO Teman (id_diikuti, id_mengikuti) VALUES (9, 54);
INSERT IGNORE INTO Teman (id_diikuti, id_mengikuti) VALUES (47, 54);
INSERT IGNORE INTO Teman (id_diikuti, id_mengikuti) VALUES (109, 54);
INSERT IGNORE INTO Teman (id_diikuti, id_mengikuti) VALUES (72, 54);
INSERT IGNORE INTO Teman (id_diikuti, id_mengikuti) VALUES (93, 54);
INSERT IGNORE INTO Teman (id_diikuti, id_mengikuti) VALUES (42, 54);
INSERT IGNORE INTO Teman (id_diikuti, id_mengikuti) VALUES (110, 55);
INSERT IGNORE INTO Teman (id_diikuti, id_mengikuti) VALUES (6, 55);
INSERT IGNORE INTO Teman (id_diikuti, id_mengikuti) VALUES (5, 56);
INSERT IGNORE INTO Teman (id_diikuti, id_mengikuti) VALUES (81, 56);
INSERT IGNORE INTO Teman (id_diikuti, id_mengikuti) VALUES (97, 57);
INSERT IGNORE INTO Teman (id_diikuti, id_mengikuti) VALUES (15, 57);
INSERT IGNORE INTO Teman (id_diikuti, id_mengikuti) VALUES (47, 58);
INSERT IGNORE INTO Teman (id_diikuti, id_mengikuti) VALUES (103, 58);
INSERT IGNORE INTO Teman (id_diikuti, id_mengikuti) VALUES (18, 58);
INSERT IGNORE INTO Teman (id_diikuti, id_mengikuti) VALUES (5, 58);
INSERT IGNORE INTO Teman (id_diikuti, id_mengikuti) VALUES (48, 58);
INSERT IGNORE INTO Teman (id_diikuti, id_mengikuti) VALUES (7, 58);
INSERT IGNORE INTO Teman (id_diikuti, id_mengikuti) VALUES (29, 58);
INSERT IGNORE INTO Teman (id_diikuti, id_mengikuti) VALUES (47, 59);
INSERT IGNORE INTO Teman (id_diikuti, id_mengikuti) VALUES (55, 59);
INSERT IGNORE INTO Teman (id_diikuti, id_mengikuti) VALUES (81, 59);
INSERT IGNORE INTO Teman (id_diikuti, id_mengikuti) VALUES (64, 59);
INSERT IGNORE INTO Teman (id_diikuti, id_mengikuti) VALUES (41, 59);
INSERT IGNORE INTO Teman (id_diikuti, id_mengikuti) VALUES (29, 59);
INSERT IGNORE INTO Teman (id_diikuti, id_mengikuti) VALUES (70, 59);
INSERT IGNORE INTO Teman (id_diikuti, id_mengikuti) VALUES (29, 60);
INSERT IGNORE INTO Teman (id_diikuti, id_mengikuti) VALUES (67, 60);
INSERT IGNORE INTO Teman (id_diikuti, id_mengikuti) VALUES (11, 60);
INSERT IGNORE INTO Teman (id_diikuti, id_mengikuti) VALUES (34, 60);
INSERT IGNORE INTO Teman (id_diikuti, id_mengikuti) VALUES (90, 60);
INSERT IGNORE INTO Teman (id_diikuti, id_mengikuti) VALUES (23, 60);
INSERT IGNORE INTO Teman (id_diikuti, id_mengikuti) VALUES (61, 60);
INSERT IGNORE INTO Teman (id_diikuti, id_mengikuti) VALUES (103, 61);
INSERT IGNORE INTO Teman (id_diikuti, id_mengikuti) VALUES (11, 61);
INSERT IGNORE INTO Teman (id_diikuti, id_mengikuti) VALUES (97, 61);
INSERT IGNORE INTO Teman (id_diikuti, id_mengikuti) VALUES (35, 61);
INSERT IGNORE INTO Teman (id_diikuti, id_mengikuti) VALUES (68, 61);
INSERT IGNORE INTO Teman (id_diikuti, id_mengikuti) VALUES (55, 62);
INSERT IGNORE INTO Teman (id_diikuti, id_mengikuti) VALUES (56, 63);
INSERT IGNORE INTO Teman (id_diikuti, id_mengikuti) VALUES (108, 63);
INSERT IGNORE INTO Teman (id_diikuti, id_mengikuti) VALUES (107, 64);
INSERT IGNORE INTO Teman (id_diikuti, id_mengikuti) VALUES (49, 64);
INSERT IGNORE INTO Teman (id_diikuti, id_mengikuti) VALUES (94, 64);
INSERT IGNORE INTO Teman (id_diikuti, id_mengikuti) VALUES (69, 65);
INSERT IGNORE INTO Teman (id_diikuti, id_mengikuti) VALUES (18, 65);
INSERT IGNORE INTO Teman (id_diikuti, id_mengikuti) VALUES (102, 65);
INSERT IGNORE INTO Teman (id_diikuti, id_mengikuti) VALUES (9, 65);
INSERT IGNORE INTO Teman (id_diikuti, id_mengikuti) VALUES (25, 67);
INSERT IGNORE INTO Teman (id_diikuti, id_mengikuti) VALUES (45, 67);
INSERT IGNORE INTO Teman (id_diikuti, id_mengikuti) VALUES (65, 67);
INSERT IGNORE INTO Teman (id_diikuti, id_mengikuti) VALUES (60, 67);
INSERT IGNORE INTO Teman (id_diikuti, id_mengikuti) VALUES (58, 69);
INSERT IGNORE INTO Teman (id_diikuti, id_mengikuti) VALUES (87, 69);
INSERT IGNORE INTO Teman (id_diikuti, id_mengikuti) VALUES (26, 69);
INSERT IGNORE INTO Teman (id_diikuti, id_mengikuti) VALUES (90, 69);
INSERT IGNORE INTO Teman (id_diikuti, id_mengikuti) VALUES (43, 70);
INSERT IGNORE INTO Teman (id_diikuti, id_mengikuti) VALUES (74, 70);
INSERT IGNORE INTO Teman (id_diikuti, id_mengikuti) VALUES (36, 70);
INSERT IGNORE INTO Teman (id_diikuti, id_mengikuti) VALUES (20, 70);
INSERT IGNORE INTO Teman (id_diikuti, id_mengikuti) VALUES (13, 71);
INSERT IGNORE INTO Teman (id_diikuti, id_mengikuti) VALUES (79, 72);
INSERT IGNORE INTO Teman (id_diikuti, id_mengikuti) VALUES (58, 72);
INSERT IGNORE INTO Teman (id_diikuti, id_mengikuti) VALUES (10, 72);
INSERT IGNORE INTO Teman (id_diikuti, id_mengikuti) VALUES (77, 73);
INSERT IGNORE INTO Teman (id_diikuti, id_mengikuti) VALUES (46, 73);
INSERT IGNORE INTO Teman (id_diikuti, id_mengikuti) VALUES (106, 73);
INSERT IGNORE INTO Teman (id_diikuti, id_mengikuti) VALUES (56, 73);
INSERT IGNORE INTO Teman (id_diikuti, id_mengikuti) VALUES (52, 74);
INSERT IGNORE INTO Teman (id_diikuti, id_mengikuti) VALUES (109, 74);
INSERT IGNORE INTO Teman (id_diikuti, id_mengikuti) VALUES (68, 74);
INSERT IGNORE INTO Teman (id_diikuti, id_mengikuti) VALUES (88, 74);
INSERT IGNORE INTO Teman (id_diikuti, id_mengikuti) VALUES (44, 74);
INSERT IGNORE INTO Teman (id_diikuti, id_mengikuti) VALUES (86, 74);
INSERT IGNORE INTO Teman (id_diikuti, id_mengikuti) VALUES (80, 74);
INSERT IGNORE INTO Teman (id_diikuti, id_mengikuti) VALUES (5, 75);
INSERT IGNORE INTO Teman (id_diikuti, id_mengikuti) VALUES (83, 75);
INSERT IGNORE INTO Teman (id_diikuti, id_mengikuti) VALUES (53, 75);
INSERT IGNORE INTO Teman (id_diikuti, id_mengikuti) VALUES (37, 75);
INSERT IGNORE INTO Teman (id_diikuti, id_mengikuti) VALUES (27, 75);
INSERT IGNORE INTO Teman (id_diikuti, id_mengikuti) VALUES (28, 75);
INSERT IGNORE INTO Teman (id_diikuti, id_mengikuti) VALUES (30, 76);
INSERT IGNORE INTO Teman (id_diikuti, id_mengikuti) VALUES (99, 76);
INSERT IGNORE INTO Teman (id_diikuti, id_mengikuti) VALUES (33, 76);
INSERT IGNORE INTO Teman (id_diikuti, id_mengikuti) VALUES (21, 76);
INSERT IGNORE INTO Teman (id_diikuti, id_mengikuti) VALUES (61, 77);
INSERT IGNORE INTO Teman (id_diikuti, id_mengikuti) VALUES (23, 77);
INSERT IGNORE INTO Teman (id_diikuti, id_mengikuti) VALUES (6, 77);
INSERT IGNORE INTO Teman (id_diikuti, id_mengikuti) VALUES (30, 77);
INSERT IGNORE INTO Teman (id_diikuti, id_mengikuti) VALUES (94, 77);
INSERT IGNORE INTO Teman (id_diikuti, id_mengikuti) VALUES (29, 78);
INSERT IGNORE INTO Teman (id_diikuti, id_mengikuti) VALUES (99, 79);
INSERT IGNORE INTO Teman (id_diikuti, id_mengikuti) VALUES (19, 79);
INSERT IGNORE INTO Teman (id_diikuti, id_mengikuti) VALUES (35, 79);
INSERT IGNORE INTO Teman (id_diikuti, id_mengikuti) VALUES (17, 79);
INSERT IGNORE INTO Teman (id_diikuti, id_mengikuti) VALUES (89, 79);
INSERT IGNORE INTO Teman (id_diikuti, id_mengikuti) VALUES (32, 80);
INSERT IGNORE INTO Teman (id_diikuti, id_mengikuti) VALUES (100, 80);
INSERT IGNORE INTO Teman (id_diikuti, id_mengikuti) VALUES (25, 80);
INSERT IGNORE INTO Teman (id_diikuti, id_mengikuti) VALUES (28, 80);
INSERT IGNORE INTO Teman (id_diikuti, id_mengikuti) VALUES (68, 80);
INSERT IGNORE INTO Teman (id_diikuti, id_mengikuti) VALUES (99, 80);
INSERT IGNORE INTO Teman (id_diikuti, id_mengikuti) VALUES (8, 81);
INSERT IGNORE INTO Teman (id_diikuti, id_mengikuti) VALUES (28, 81);
INSERT IGNORE INTO Teman (id_diikuti, id_mengikuti) VALUES (7, 81);
INSERT IGNORE INTO Teman (id_diikuti, id_mengikuti) VALUES (101, 81);
INSERT IGNORE INTO Teman (id_diikuti, id_mengikuti) VALUES (13, 81);
INSERT IGNORE INTO Teman (id_diikuti, id_mengikuti) VALUES (65, 82);
INSERT IGNORE INTO Teman (id_diikuti, id_mengikuti) VALUES (33, 82);
INSERT IGNORE INTO Teman (id_diikuti, id_mengikuti) VALUES (81, 82);
INSERT IGNORE INTO Teman (id_diikuti, id_mengikuti) VALUES (52, 84);
INSERT IGNORE INTO Teman (id_diikuti, id_mengikuti) VALUES (72, 84);
INSERT IGNORE INTO Teman (id_diikuti, id_mengikuti) VALUES (13, 84);
INSERT IGNORE INTO Teman (id_diikuti, id_mengikuti) VALUES (34, 84);
INSERT IGNORE INTO Teman (id_diikuti, id_mengikuti) VALUES (33, 84);
INSERT IGNORE INTO Teman (id_diikuti, id_mengikuti) VALUES (61, 85);
INSERT IGNORE INTO Teman (id_diikuti, id_mengikuti) VALUES (51, 85);
INSERT IGNORE INTO Teman (id_diikuti, id_mengikuti) VALUES (2, 85);
INSERT IGNORE INTO Teman (id_diikuti, id_mengikuti) VALUES (71, 86);
INSERT IGNORE INTO Teman (id_diikuti, id_mengikuti) VALUES (40, 86);
INSERT IGNORE INTO Teman (id_diikuti, id_mengikuti) VALUES (105, 86);
INSERT IGNORE INTO Teman (id_diikuti, id_mengikuti) VALUES (30, 86);
INSERT IGNORE INTO Teman (id_diikuti, id_mengikuti) VALUES (52, 86);
INSERT IGNORE INTO Teman (id_diikuti, id_mengikuti) VALUES (75, 86);
INSERT IGNORE INTO Teman (id_diikuti, id_mengikuti) VALUES (90, 86);
INSERT IGNORE INTO Teman (id_diikuti, id_mengikuti) VALUES (65, 87);
INSERT IGNORE INTO Teman (id_diikuti, id_mengikuti) VALUES (12, 87);
INSERT IGNORE INTO Teman (id_diikuti, id_mengikuti) VALUES (94, 87);
INSERT IGNORE INTO Teman (id_diikuti, id_mengikuti) VALUES (29, 87);
INSERT IGNORE INTO Teman (id_diikuti, id_mengikuti) VALUES (78, 87);
INSERT IGNORE INTO Teman (id_diikuti, id_mengikuti) VALUES (42, 88);
INSERT IGNORE INTO Teman (id_diikuti, id_mengikuti) VALUES (57, 88);
INSERT IGNORE INTO Teman (id_diikuti, id_mengikuti) VALUES (77, 88);
INSERT IGNORE INTO Teman (id_diikuti, id_mengikuti) VALUES (57, 89);
INSERT IGNORE INTO Teman (id_diikuti, id_mengikuti) VALUES (28, 89);
INSERT IGNORE INTO Teman (id_diikuti, id_mengikuti) VALUES (23, 89);
INSERT IGNORE INTO Teman (id_diikuti, id_mengikuti) VALUES (99, 89);
INSERT IGNORE INTO Teman (id_diikuti, id_mengikuti) VALUES (95, 90);
INSERT IGNORE INTO Teman (id_diikuti, id_mengikuti) VALUES (68, 90);
INSERT IGNORE INTO Teman (id_diikuti, id_mengikuti) VALUES (57, 90);
INSERT IGNORE INTO Teman (id_diikuti, id_mengikuti) VALUES (23, 91);
INSERT IGNORE INTO Teman (id_diikuti, id_mengikuti) VALUES (7, 92);
INSERT IGNORE INTO Teman (id_diikuti, id_mengikuti) VALUES (39, 92);
INSERT IGNORE INTO Teman (id_diikuti, id_mengikuti) VALUES (77, 92);
INSERT IGNORE INTO Teman (id_diikuti, id_mengikuti) VALUES (28, 92);
INSERT IGNORE INTO Teman (id_diikuti, id_mengikuti) VALUES (81, 92);
INSERT IGNORE INTO Teman (id_diikuti, id_mengikuti) VALUES (82, 92);
INSERT IGNORE INTO Teman (id_diikuti, id_mengikuti) VALUES (10, 94);
INSERT IGNORE INTO Teman (id_diikuti, id_mengikuti) VALUES (40, 94);
INSERT IGNORE INTO Teman (id_diikuti, id_mengikuti) VALUES (16, 94);
INSERT IGNORE INTO Teman (id_diikuti, id_mengikuti) VALUES (1, 95);
INSERT IGNORE INTO Teman (id_diikuti, id_mengikuti) VALUES (70, 96);
INSERT IGNORE INTO Teman (id_diikuti, id_mengikuti) VALUES (19, 96);
INSERT IGNORE INTO Teman (id_diikuti, id_mengikuti) VALUES (58, 96);
INSERT IGNORE INTO Teman (id_diikuti, id_mengikuti) VALUES (26, 96);
INSERT IGNORE INTO Teman (id_diikuti, id_mengikuti) VALUES (34, 97);
INSERT IGNORE INTO Teman (id_diikuti, id_mengikuti) VALUES (66, 97);
INSERT IGNORE INTO Teman (id_diikuti, id_mengikuti) VALUES (49, 97);
INSERT IGNORE INTO Teman (id_diikuti, id_mengikuti) VALUES (4, 97);
INSERT IGNORE INTO Teman (id_diikuti, id_mengikuti) VALUES (7, 98);
INSERT IGNORE INTO Teman (id_diikuti, id_mengikuti) VALUES (36, 98);
INSERT IGNORE INTO Teman (id_diikuti, id_mengikuti) VALUES (106, 98);
INSERT IGNORE INTO Teman (id_diikuti, id_mengikuti) VALUES (31, 98);
INSERT IGNORE INTO Teman (id_diikuti, id_mengikuti) VALUES (87, 99);
INSERT IGNORE INTO Teman (id_diikuti, id_mengikuti) VALUES (60, 99);
INSERT IGNORE INTO Teman (id_diikuti, id_mengikuti) VALUES (3, 100);
INSERT IGNORE INTO Teman (id_diikuti, id_mengikuti) VALUES (23, 100);
INSERT IGNORE INTO Teman (id_diikuti, id_mengikuti) VALUES (46, 101);
INSERT IGNORE INTO Teman (id_diikuti, id_mengikuti) VALUES (4, 101);
INSERT IGNORE INTO Teman (id_diikuti, id_mengikuti) VALUES (12, 101);
INSERT IGNORE INTO Teman (id_diikuti, id_mengikuti) VALUES (65, 102);
INSERT IGNORE INTO Teman (id_diikuti, id_mengikuti) VALUES (55, 102);
INSERT IGNORE INTO Teman (id_diikuti, id_mengikuti) VALUES (53, 102);
INSERT IGNORE INTO Teman (id_diikuti, id_mengikuti) VALUES (75, 103);
INSERT IGNORE INTO Teman (id_diikuti, id_mengikuti) VALUES (31, 103);
INSERT IGNORE INTO Teman (id_diikuti, id_mengikuti) VALUES (57, 103);
INSERT IGNORE INTO Teman (id_diikuti, id_mengikuti) VALUES (43, 103);
INSERT IGNORE INTO Teman (id_diikuti, id_mengikuti) VALUES (101, 103);
INSERT IGNORE INTO Teman (id_diikuti, id_mengikuti) VALUES (100, 103);
INSERT IGNORE INTO Teman (id_diikuti, id_mengikuti) VALUES (75, 104);
INSERT IGNORE INTO Teman (id_diikuti, id_mengikuti) VALUES (97, 104);
INSERT IGNORE INTO Teman (id_diikuti, id_mengikuti) VALUES (39, 104);
INSERT IGNORE INTO Teman (id_diikuti, id_mengikuti) VALUES (2, 104);
INSERT IGNORE INTO Teman (id_diikuti, id_mengikuti) VALUES (98, 105);
INSERT IGNORE INTO Teman (id_diikuti, id_mengikuti) VALUES (36, 105);
INSERT IGNORE INTO Teman (id_diikuti, id_mengikuti) VALUES (87, 105);
INSERT IGNORE INTO Teman (id_diikuti, id_mengikuti) VALUES (60, 105);
INSERT IGNORE INTO Teman (id_diikuti, id_mengikuti) VALUES (42, 105);
INSERT IGNORE INTO Teman (id_diikuti, id_mengikuti) VALUES (91, 105);
INSERT IGNORE INTO Teman (id_diikuti, id_mengikuti) VALUES (75, 106);
INSERT IGNORE INTO Teman (id_diikuti, id_mengikuti) VALUES (13, 107);
INSERT IGNORE INTO Teman (id_diikuti, id_mengikuti) VALUES (62, 107);
INSERT IGNORE INTO Teman (id_diikuti, id_mengikuti) VALUES (83, 107);
INSERT IGNORE INTO Teman (id_diikuti, id_mengikuti) VALUES (61, 107);
INSERT IGNORE INTO Teman (id_diikuti, id_mengikuti) VALUES (85, 107);
INSERT IGNORE INTO Teman (id_diikuti, id_mengikuti) VALUES (25, 107);
INSERT IGNORE INTO Teman (id_diikuti, id_mengikuti) VALUES (67, 108);
INSERT IGNORE INTO Teman (id_diikuti, id_mengikuti) VALUES (59, 108);
INSERT IGNORE INTO Teman (id_diikuti, id_mengikuti) VALUES (93, 108);
INSERT IGNORE INTO Teman (id_diikuti, id_mengikuti) VALUES (12, 108);
INSERT IGNORE INTO Teman (id_diikuti, id_mengikuti) VALUES (56, 108);
INSERT IGNORE INTO Teman (id_diikuti, id_mengikuti) VALUES (51, 108);
INSERT IGNORE INTO Teman (id_diikuti, id_mengikuti) VALUES (62, 108);
INSERT IGNORE INTO Teman (id_diikuti, id_mengikuti) VALUES (16, 109);
INSERT IGNORE INTO Teman (id_diikuti, id_mengikuti) VALUES (24, 109);
INSERT IGNORE INTO Teman (id_diikuti, id_mengikuti) VALUES (14, 110);
INSERT IGNORE INTO Teman (id_diikuti, id_mengikuti) VALUES (97, 110);
