CREATE DATABASE IF NOT EXISTS ecommerce;
USE ecommerce;

CREATE TABLE IF NOT EXISTS Alamat (
    id_alamat INT PRIMARY KEY,
    provinsi VARCHAR(255),
    kota VARCHAR(255),
    jalan VARCHAR(255)
);

CREATE TABLE IF NOT EXISTS Pengguna (
    id_pengguna INT PRIMARY KEY,
    email VARCHAR(255) UNIQUE,
    password VARCHAR(255),
    nama_lengkap VARCHAR(255),
    tgl_lahir DATE,
    no_telp VARCHAR(20),
    foto_profil VARCHAR(255),
    is_penjual BOOLEAN
);

CREATE TABLE IF NOT EXISTS Penjual (
    id_penjual INT PRIMARY KEY,
    id_pengguna INT,
    foto_diri VARCHAR(255),
    nama VARCHAR(100),
    is_verified BOOLEAN,
    FOREIGN KEY (id_pengguna) REFERENCES Pengguna(id_pengguna)
);

CREATE TABLE IF NOT EXISTS Pembeli (
    id_pembeli INT PRIMARY KEY,
    id_pengguna INT,
    FOREIGN KEY (id_pengguna) REFERENCES Pengguna(id_pengguna)
);

CREATE TABLE IF NOT EXISTS AlamatPembeli (
    id_pembeli INT,
    id_alamat INT,
    id_pesanan INT,
    is_default BOOLEAN,
    PRIMARY KEY (id_pembeli, id_alamat),
    FOREIGN KEY (id_pembeli) REFERENCES Pembeli(id_pembeli),
    FOREIGN KEY (id_alamat) REFERENCES Alamat(id_alamat)
);

CREATE TABLE IF NOT EXISTS Keranjang (
    id_keranjang INT PRIMARY KEY,
    id_pembeli INT,
    FOREIGN KEY (id_pembeli) REFERENCES Pembeli(id_pembeli)
);

CREATE TABLE IF NOT EXISTS Produk (
    id_produk INT PRIMARY KEY,
    id_penjual INT,
    nama VARCHAR(255),
    deskripsi TEXT,
    FOREIGN KEY (id_penjual) REFERENCES Penjual(id_penjual)
);

CREATE TABLE IF NOT EXISTS VarianProduk (
    sku VARCHAR(50) PRIMARY KEY,
    harga DECIMAL(10, 2),
    stok INT
);

CREATE TABLE IF NOT EXISTS AtributVarian (
    atribut_varian VARCHAR(50) PRIMARY KEY,
    nama VARCHAR(100)
);

CREATE TABLE IF NOT EXISTS ProdukVarianAtribut (
    id_produk INT,
    atribut_varian VARCHAR(50),
    sku VARCHAR(50),
    nilai VARCHAR(100),
    PRIMARY KEY (id_produk, atribut_varian, sku),
    FOREIGN KEY (id_produk) REFERENCES Produk(id_produk),
    FOREIGN KEY (atribut_varian) REFERENCES AtributVarian(atribut_varian),
    FOREIGN KEY (sku) REFERENCES VarianProduk(sku)
);

CREATE TABLE IF NOT EXISTS Gambar (
    id_gambar INT PRIMARY KEY,
    gambar VARCHAR(255)
);

CREATE TABLE IF NOT EXISTS GambarProduk (
    id_produk INT,
    id_gambar INT,
    PRIMARY KEY (id_produk, id_gambar),
    FOREIGN KEY (id_produk) REFERENCES Produk(id_produk),
    FOREIGN KEY (id_gambar) REFERENCES Gambar(id_gambar)
);

CREATE TABLE IF NOT EXISTS Tag (
    id_tag INT PRIMARY KEY,
    nama VARCHAR(50)
);

CREATE TABLE IF NOT EXISTS TagProduk (
    id_produk INT,
    id_tag INT,
    PRIMARY KEY (id_produk, id_tag),
    FOREIGN KEY (id_produk) REFERENCES Produk(id_produk),
    FOREIGN KEY (id_tag) REFERENCES Tag(id_tag)
);

CREATE TABLE IF NOT EXISTS BarangKeranjang (
    id_keranjang INT,
    sku VARCHAR(50),
    kuantitas INT,
    PRIMARY KEY (id_keranjang, sku),
    FOREIGN KEY (id_keranjang) REFERENCES Keranjang(id_keranjang),
    FOREIGN KEY (sku) REFERENCES VarianProduk(sku)
);

CREATE TABLE IF NOT EXISTS Pesanan (
    id_pesanan INT PRIMARY KEY,
    id_pembeli INT,
    metode_pembayaran VARCHAR(50),
    metode_pengiriman VARCHAR(50),
    catatan TEXT,
    status_pesanan VARCHAR(50),
    waktu_pemesanan TIMESTAMP,
    FOREIGN KEY (id_pembeli) REFERENCES Pembeli(id_pembeli)
);

CREATE TABLE IF NOT EXISTS BarangPesanan (
    id_pesanan INT,
    sku VARCHAR(50),
    kuantitas INT,
    PRIMARY KEY (id_pesanan, sku),
    FOREIGN KEY (id_pesanan) REFERENCES Pesanan(id_pesanan),
    FOREIGN KEY (sku) REFERENCES VarianProduk(sku)
);

CREATE TABLE IF NOT EXISTS Wishlist (
    id_pembeli INT,
    id_produk INT,
    PRIMARY KEY (id_pembeli, id_produk),
    FOREIGN KEY (id_pembeli) REFERENCES Pembeli(id_pembeli),
    FOREIGN KEY (id_produk) REFERENCES Produk(id_produk)
);

CREATE TABLE IF NOT EXISTS Ulasan (
    id_produk INT,
    id_pembeli INT,
    komentar TEXT,
    penilaian INT,
    PRIMARY KEY (id_produk, id_pembeli),
    FOREIGN KEY (id_produk) REFERENCES Produk(id_produk),
    FOREIGN KEY (id_pembeli) REFERENCES Pembeli(id_pembeli)
);

CREATE TABLE IF NOT EXISTS Teman (
    id_diikuti INT,
    id_mengikuti INT,
    PRIMARY KEY (id_diikuti, id_mengikuti),
    FOREIGN KEY (id_diikuti) REFERENCES Pengguna(id_pengguna),
    FOREIGN KEY (id_mengikuti) REFERENCES Pengguna(id_pengguna)
);

-- SEEDER DATA

-- Alamat
INSERT IGNORE INTO Alamat (id_alamat, provinsi, kota, jalan) VALUES (1, 'Jawa Timur', 'Lubuklinggau', 'Gg. Sadang Serang No. 392');
INSERT IGNORE INTO Alamat (id_alamat, provinsi, kota, jalan) VALUES (2, 'Papua Barat', 'Cilegon', 'Gang Indragiri No. 546');
INSERT IGNORE INTO Alamat (id_alamat, provinsi, kota, jalan) VALUES (3, 'Sulawesi Barat', 'Salatiga', 'Jl. Sukabumi No. 131');
INSERT IGNORE INTO Alamat (id_alamat, provinsi, kota, jalan) VALUES (4, 'Maluku', 'Jambi', 'Jalan Dipenogoro No. 4');
INSERT IGNORE INTO Alamat (id_alamat, provinsi, kota, jalan) VALUES (5, 'Gorontalo', 'Binjai', 'Gang Rajawali Barat No. 734');
INSERT IGNORE INTO Alamat (id_alamat, provinsi, kota, jalan) VALUES (6, 'Bengkulu', 'Samarinda', 'Jl. Cempaka No. 901');
INSERT IGNORE INTO Alamat (id_alamat, provinsi, kota, jalan) VALUES (7, 'Jawa Tengah', 'Denpasar', 'Jalan Raya Setiabudhi No. 093');
INSERT IGNORE INTO Alamat (id_alamat, provinsi, kota, jalan) VALUES (8, 'Sulawesi Selatan', 'Samarinda', 'Jl. Ahmad Yani No. 8');
INSERT IGNORE INTO Alamat (id_alamat, provinsi, kota, jalan) VALUES (9, 'Sulawesi Utara', 'Tebingtinggi', 'Jl. Veteran No. 512');
INSERT IGNORE INTO Alamat (id_alamat, provinsi, kota, jalan) VALUES (10, 'Jawa Barat', 'Ambon', 'Jalan Ciumbuleuit No. 7');
INSERT IGNORE INTO Alamat (id_alamat, provinsi, kota, jalan) VALUES (11, 'DI Yogyakarta', 'Kota Administrasi Jakarta Timur', 'Gang Joyoboyo No. 103');
INSERT IGNORE INTO Alamat (id_alamat, provinsi, kota, jalan) VALUES (12, 'Papua Barat', 'Palu', 'Jalan Siliwangi No. 89');
INSERT IGNORE INTO Alamat (id_alamat, provinsi, kota, jalan) VALUES (13, 'Gorontalo', 'Purwokerto', 'Gg. Rumah Sakit No. 978');
INSERT IGNORE INTO Alamat (id_alamat, provinsi, kota, jalan) VALUES (14, 'Sulawesi Barat', 'Tegal', 'Gg. M.H Thamrin No. 4');
INSERT IGNORE INTO Alamat (id_alamat, provinsi, kota, jalan) VALUES (15, 'Sulawesi Tengah', 'Padang', 'Gang Tubagus Ismail No. 14');
INSERT IGNORE INTO Alamat (id_alamat, provinsi, kota, jalan) VALUES (16, 'Sumatera Utara', 'Kediri', 'Jalan Ronggowarsito No. 9');
INSERT IGNORE INTO Alamat (id_alamat, provinsi, kota, jalan) VALUES (17, 'Bengkulu', 'Bitung', 'Gg. Waringin No. 9');
INSERT IGNORE INTO Alamat (id_alamat, provinsi, kota, jalan) VALUES (18, 'Sulawesi Utara', 'Sungai Penuh', 'Jalan HOS. Cokroaminoto No. 994');
INSERT IGNORE INTO Alamat (id_alamat, provinsi, kota, jalan) VALUES (19, 'Sumatera Barat', 'Tanjungbalai', 'Gang KH Amin Jasuta No. 066');
INSERT IGNORE INTO Alamat (id_alamat, provinsi, kota, jalan) VALUES (20, 'Kalimantan Barat', 'Kota Administrasi Jakarta Utara', 'Jl. Suniaraja No. 652');
INSERT IGNORE INTO Alamat (id_alamat, provinsi, kota, jalan) VALUES (21, 'Jawa Tengah', 'Palu', 'Jl. Pasir Koja No. 23');
INSERT IGNORE INTO Alamat (id_alamat, provinsi, kota, jalan) VALUES (22, 'Maluku', 'Batam', 'Jalan Sadang Serang No. 8');
INSERT IGNORE INTO Alamat (id_alamat, provinsi, kota, jalan) VALUES (23, 'DKI Jakarta', 'Tarakan', 'Jalan Suryakencana No. 305');
INSERT IGNORE INTO Alamat (id_alamat, provinsi, kota, jalan) VALUES (24, 'Jambi', 'Kota Administrasi Jakarta Barat', 'Gg. Gardujati No. 13');
INSERT IGNORE INTO Alamat (id_alamat, provinsi, kota, jalan) VALUES (25, 'Sulawesi Tengah', 'Malang', 'Jalan Kendalsari No. 08');
INSERT IGNORE INTO Alamat (id_alamat, provinsi, kota, jalan) VALUES (26, 'Jawa Timur', 'Bima', 'Gang Joyoboyo No. 231');
INSERT IGNORE INTO Alamat (id_alamat, provinsi, kota, jalan) VALUES (27, 'Gorontalo', 'Padang', 'Gg. Sukabumi No. 113');
INSERT IGNORE INTO Alamat (id_alamat, provinsi, kota, jalan) VALUES (28, 'Sulawesi Barat', 'Palu', 'Gang Monginsidi No. 306');
INSERT IGNORE INTO Alamat (id_alamat, provinsi, kota, jalan) VALUES (29, 'Kalimantan Tengah', 'Mojokerto', 'Jl. Moch. Ramdan No. 22');
INSERT IGNORE INTO Alamat (id_alamat, provinsi, kota, jalan) VALUES (30, 'Sulawesi Tengah', 'Padang', 'Jl. Suniaraja No. 338');
INSERT IGNORE INTO Alamat (id_alamat, provinsi, kota, jalan) VALUES (31, 'Sulawesi Barat', 'Bukittinggi', 'Gg. Kiaracondong No. 480');
INSERT IGNORE INTO Alamat (id_alamat, provinsi, kota, jalan) VALUES (32, 'Papua Barat', 'Bukittinggi', 'Gang Stasiun Wonokromo No. 898');
INSERT IGNORE INTO Alamat (id_alamat, provinsi, kota, jalan) VALUES (33, 'Maluku', 'Bandar Lampung', 'Jl. Kebonjati No. 77');
INSERT IGNORE INTO Alamat (id_alamat, provinsi, kota, jalan) VALUES (34, 'Sulawesi Barat', 'Sorong', 'Jl. Jamika No. 076');
INSERT IGNORE INTO Alamat (id_alamat, provinsi, kota, jalan) VALUES (35, 'Sulawesi Utara', 'Kota Administrasi Jakarta Pusat', 'Jl. Abdul Muis No. 3');
INSERT IGNORE INTO Alamat (id_alamat, provinsi, kota, jalan) VALUES (36, 'Jambi', 'Medan', 'Jalan Suryakencana No. 16');
INSERT IGNORE INTO Alamat (id_alamat, provinsi, kota, jalan) VALUES (37, 'Jawa Timur', 'Blitar', 'Jalan BKR No. 15');
INSERT IGNORE INTO Alamat (id_alamat, provinsi, kota, jalan) VALUES (38, 'Riau', 'Pasuruan', 'Jl. M.H Thamrin No. 2');
INSERT IGNORE INTO Alamat (id_alamat, provinsi, kota, jalan) VALUES (39, 'Riau', 'Bontang', 'Jalan Cihampelas No. 385');
INSERT IGNORE INTO Alamat (id_alamat, provinsi, kota, jalan) VALUES (40, 'Kalimantan Timur', 'Ambon', 'Gg. Asia Afrika No. 28');
INSERT IGNORE INTO Alamat (id_alamat, provinsi, kota, jalan) VALUES (41, 'Papua', 'Semarang', 'Gg. Rumah Sakit No. 4');
INSERT IGNORE INTO Alamat (id_alamat, provinsi, kota, jalan) VALUES (42, 'Kalimantan Barat', 'Balikpapan', 'Gg. Rajawali Barat No. 69');
INSERT IGNORE INTO Alamat (id_alamat, provinsi, kota, jalan) VALUES (43, 'Kalimantan Utara', 'Bima', 'Jl. Ir. H. Djuanda No. 558');
INSERT IGNORE INTO Alamat (id_alamat, provinsi, kota, jalan) VALUES (44, 'Aceh', 'Pariaman', 'Jl. Indragiri No. 88');
INSERT IGNORE INTO Alamat (id_alamat, provinsi, kota, jalan) VALUES (45, 'Kalimantan Tengah', 'Kotamobagu', 'Gang K.H. Wahid Hasyim No. 37');
INSERT IGNORE INTO Alamat (id_alamat, provinsi, kota, jalan) VALUES (46, 'Kalimantan Tengah', 'Mataram', 'Jl. Jakarta No. 9');
INSERT IGNORE INTO Alamat (id_alamat, provinsi, kota, jalan) VALUES (47, 'Sumatera Barat', 'Yogyakarta', 'Jl. Kebonjati No. 6');
INSERT IGNORE INTO Alamat (id_alamat, provinsi, kota, jalan) VALUES (48, 'Sumatera Utara', 'Bontang', 'Jl. Siliwangi No. 171');
INSERT IGNORE INTO Alamat (id_alamat, provinsi, kota, jalan) VALUES (49, 'Maluku Utara', 'Serang', 'Gang Kapten Muslihat No. 72');
INSERT IGNORE INTO Alamat (id_alamat, provinsi, kota, jalan) VALUES (50, 'Kalimantan Tengah', 'Pariaman', 'Jalan Wonoayu No. 138');
INSERT IGNORE INTO Alamat (id_alamat, provinsi, kota, jalan) VALUES (51, 'Kalimantan Tengah', 'Bontang', 'Jalan Raya Ujungberung No. 7');
INSERT IGNORE INTO Alamat (id_alamat, provinsi, kota, jalan) VALUES (52, 'Kalimantan Timur', 'Kupang', 'Jl. Kutisari Selatan No. 13');
INSERT IGNORE INTO Alamat (id_alamat, provinsi, kota, jalan) VALUES (53, 'Kalimantan Utara', 'Lubuklinggau', 'Jalan H.J Maemunah No. 595');
INSERT IGNORE INTO Alamat (id_alamat, provinsi, kota, jalan) VALUES (54, 'Jambi', 'Samarinda', 'Gang Monginsidi No. 93');
INSERT IGNORE INTO Alamat (id_alamat, provinsi, kota, jalan) VALUES (55, 'Sulawesi Tengah', 'Depok', 'Gg. Kapten Muslihat No. 57');
INSERT IGNORE INTO Alamat (id_alamat, provinsi, kota, jalan) VALUES (56, 'Sulawesi Tenggara', 'Batu', 'Jl. Bangka Raya No. 22');
INSERT IGNORE INTO Alamat (id_alamat, provinsi, kota, jalan) VALUES (57, 'Papua', 'Ambon', 'Jalan Sukabumi No. 553');
INSERT IGNORE INTO Alamat (id_alamat, provinsi, kota, jalan) VALUES (58, 'Kepulauan Bangka Belitung', 'Purwokerto', 'Jalan KH Amin Jasuta No. 4');
INSERT IGNORE INTO Alamat (id_alamat, provinsi, kota, jalan) VALUES (59, 'Nusa Tenggara Barat', 'Serang', 'Jl. Kebonjati No. 931');
INSERT IGNORE INTO Alamat (id_alamat, provinsi, kota, jalan) VALUES (60, 'Sumatera Barat', 'Lubuklinggau', 'Gg. Dr. Djunjunan No. 43');
INSERT IGNORE INTO Alamat (id_alamat, provinsi, kota, jalan) VALUES (61, 'Kalimantan Tengah', 'Subulussalam', 'Gang Stasiun Wonokromo No. 519');
INSERT IGNORE INTO Alamat (id_alamat, provinsi, kota, jalan) VALUES (62, 'Kalimantan Barat', 'Surakarta', 'Jl. HOS. Cokroaminoto No. 51');
INSERT IGNORE INTO Alamat (id_alamat, provinsi, kota, jalan) VALUES (63, 'Papua', 'Pasuruan', 'Jalan Sadang Serang No. 4');
INSERT IGNORE INTO Alamat (id_alamat, provinsi, kota, jalan) VALUES (64, 'Kalimantan Selatan', 'Serang', 'Gang Antapani Lama No. 30');
INSERT IGNORE INTO Alamat (id_alamat, provinsi, kota, jalan) VALUES (65, 'Papua Barat', 'Gorontalo', 'Jalan Moch. Ramdan No. 2');
INSERT IGNORE INTO Alamat (id_alamat, provinsi, kota, jalan) VALUES (66, 'Sulawesi Utara', 'Bukittinggi', 'Gg. Laswi No. 73');
INSERT IGNORE INTO Alamat (id_alamat, provinsi, kota, jalan) VALUES (67, 'Jawa Barat', 'Tebingtinggi', 'Jalan Surapati No. 86');
INSERT IGNORE INTO Alamat (id_alamat, provinsi, kota, jalan) VALUES (68, 'Nusa Tenggara Timur', 'Mojokerto', 'Jl. Moch. Ramdan No. 322');
INSERT IGNORE INTO Alamat (id_alamat, provinsi, kota, jalan) VALUES (69, 'Maluku', 'Banjar', 'Jalan Stasiun Wonokromo No. 840');
INSERT IGNORE INTO Alamat (id_alamat, provinsi, kota, jalan) VALUES (70, 'Kepulauan Bangka Belitung', 'Semarang', 'Jalan Antapani Lama No. 660');
INSERT IGNORE INTO Alamat (id_alamat, provinsi, kota, jalan) VALUES (71, 'Sumatera Barat', 'Bima', 'Jalan Pasir Koja No. 79');
INSERT IGNORE INTO Alamat (id_alamat, provinsi, kota, jalan) VALUES (72, 'Kalimantan Tengah', 'Tebingtinggi', 'Jl. Tubagus Ismail No. 0');
INSERT IGNORE INTO Alamat (id_alamat, provinsi, kota, jalan) VALUES (73, 'Nusa Tenggara Barat', 'Payakumbuh', 'Jalan Rajiman No. 184');
INSERT IGNORE INTO Alamat (id_alamat, provinsi, kota, jalan) VALUES (74, 'Gorontalo', 'Kendari', 'Gg. Jamika No. 056');
INSERT IGNORE INTO Alamat (id_alamat, provinsi, kota, jalan) VALUES (75, 'Sulawesi Barat', 'Dumai', 'Jalan Pasteur No. 4');
INSERT IGNORE INTO Alamat (id_alamat, provinsi, kota, jalan) VALUES (76, 'Jambi', 'Pasuruan', 'Gg. Dr. Djunjunan No. 781');
INSERT IGNORE INTO Alamat (id_alamat, provinsi, kota, jalan) VALUES (77, 'Nusa Tenggara Timur', 'Tanjungbalai', 'Gg. Antapani Lama No. 84');
INSERT IGNORE INTO Alamat (id_alamat, provinsi, kota, jalan) VALUES (78, 'Sumatera Selatan', 'Sungai Penuh', 'Gg. BKR No. 87');
INSERT IGNORE INTO Alamat (id_alamat, provinsi, kota, jalan) VALUES (79, 'Maluku Utara', 'Kupang', 'Jalan Pelajar Pejuang No. 238');
INSERT IGNORE INTO Alamat (id_alamat, provinsi, kota, jalan) VALUES (80, 'Sumatera Barat', 'Tegal', 'Jalan Monginsidi No. 94');
INSERT IGNORE INTO Alamat (id_alamat, provinsi, kota, jalan) VALUES (81, 'Sulawesi Tenggara', 'Manado', 'Gg. KH Amin Jasuta No. 4');
INSERT IGNORE INTO Alamat (id_alamat, provinsi, kota, jalan) VALUES (82, 'Gorontalo', 'Balikpapan', 'Jl. Abdul Muis No. 49');
INSERT IGNORE INTO Alamat (id_alamat, provinsi, kota, jalan) VALUES (83, 'Lampung', 'Banjarmasin', 'Jalan Wonoayu No. 8');
INSERT IGNORE INTO Alamat (id_alamat, provinsi, kota, jalan) VALUES (84, 'Papua Barat', 'Prabumulih', 'Gg. Cikutra Timur No. 0');
INSERT IGNORE INTO Alamat (id_alamat, provinsi, kota, jalan) VALUES (85, 'Kalimantan Tengah', 'Bandung', 'Jalan Kutai No. 656');
INSERT IGNORE INTO Alamat (id_alamat, provinsi, kota, jalan) VALUES (86, 'Gorontalo', 'Tual', 'Gang Moch. Toha No. 61');
INSERT IGNORE INTO Alamat (id_alamat, provinsi, kota, jalan) VALUES (87, 'Jawa Timur', 'Tanjungpinang', 'Jalan Dipatiukur No. 6');
INSERT IGNORE INTO Alamat (id_alamat, provinsi, kota, jalan) VALUES (88, 'Sulawesi Selatan', 'Sawahlunto', 'Gang Ciwastra No. 046');
INSERT IGNORE INTO Alamat (id_alamat, provinsi, kota, jalan) VALUES (89, 'Sulawesi Utara', 'Pekanbaru', 'Gg. Cikutra Barat No. 86');
INSERT IGNORE INTO Alamat (id_alamat, provinsi, kota, jalan) VALUES (90, 'Jawa Tengah', 'Palu', 'Jl. Kutisari Selatan No. 2');
INSERT IGNORE INTO Alamat (id_alamat, provinsi, kota, jalan) VALUES (91, 'Maluku', 'Kota Administrasi Jakarta Utara', 'Jalan KH Amin Jasuta No. 5');
INSERT IGNORE INTO Alamat (id_alamat, provinsi, kota, jalan) VALUES (92, 'Nusa Tenggara Timur', 'Pagaralam', 'Jalan Bangka Raya No. 4');
INSERT IGNORE INTO Alamat (id_alamat, provinsi, kota, jalan) VALUES (93, 'Banten', 'Bau-Bau', 'Gg. Laswi No. 865');
INSERT IGNORE INTO Alamat (id_alamat, provinsi, kota, jalan) VALUES (94, 'Kalimantan Utara', 'Samarinda', 'Gg. Cikutra Barat No. 54');
INSERT IGNORE INTO Alamat (id_alamat, provinsi, kota, jalan) VALUES (95, 'Sulawesi Barat', 'Solok', 'Jalan Erlangga No. 4');
INSERT IGNORE INTO Alamat (id_alamat, provinsi, kota, jalan) VALUES (96, 'Banten', 'Jambi', 'Jl. Pelajar Pejuang No. 97');
INSERT IGNORE INTO Alamat (id_alamat, provinsi, kota, jalan) VALUES (97, 'Jawa Timur', 'Denpasar', 'Gang Rawamangun No. 01');
INSERT IGNORE INTO Alamat (id_alamat, provinsi, kota, jalan) VALUES (98, 'Kepulauan Bangka Belitung', 'Padang Sidempuan', 'Gg. Jakarta No. 73');
INSERT IGNORE INTO Alamat (id_alamat, provinsi, kota, jalan) VALUES (99, 'Papua Barat', 'Langsa', 'Gg. Dipatiukur No. 22');
INSERT IGNORE INTO Alamat (id_alamat, provinsi, kota, jalan) VALUES (100, 'Kalimantan Utara', 'Jambi', 'Gang Kendalsari No. 45');

-- Pengguna
INSERT IGNORE INTO Pengguna (id_pengguna, email, password, nama_lengkap, tgl_lahir, no_telp, foto_profil, is_penjual) VALUES (1, 'wibowomulyono@example.org', 'YSDBWPZq(_l7', 'Michelle Prasetyo', '2004-03-25', '+62 (17) 179-9279', 'profil/user1.jpg', TRUE);
INSERT IGNORE INTO Pengguna (id_pengguna, email, password, nama_lengkap, tgl_lahir, no_telp, foto_profil, is_penjual) VALUES (2, 'malik68@example.net', '&7D0vO6CzsoG', 'drg. Dartono Hariyah, S.I.Kom', '1973-12-21', '+62 (988) 079 3517', 'profil/user2.jpg', TRUE);
INSERT IGNORE INTO Pengguna (id_pengguna, email, password, nama_lengkap, tgl_lahir, no_telp, foto_profil, is_penjual) VALUES (3, 'spradana@example.net', 'c7BYQCb6*m2i', 'Cinta Rahimah', '1978-05-22', '+62 (049) 181 7910', 'profil/user3.jpg', TRUE);
INSERT IGNORE INTO Pengguna (id_pengguna, email, password, nama_lengkap, tgl_lahir, no_telp, foto_profil, is_penjual) VALUES (4, 'ntamba@example.com', 'kE5n1KfK)mp!', 'Drajat Megantara', '1974-05-06', '+62 (0551) 938-1768', 'profil/user4.jpg', TRUE);
INSERT IGNORE INTO Pengguna (id_pengguna, email, password, nama_lengkap, tgl_lahir, no_telp, foto_profil, is_penjual) VALUES (5, 'malika29@example.net', 'Yd4)BAAkd&K#', 'Darmana Palastri', '1978-02-16', '+62 (016) 486 8990', 'profil/user5.jpg', TRUE);
INSERT IGNORE INTO Pengguna (id_pengguna, email, password, nama_lengkap, tgl_lahir, no_telp, foto_profil, is_penjual) VALUES (6, 'xkurniawan@example.com', '*n1c3VbaF3XJ', 'Ratih Natsir, S.T.', '1994-04-16', '+62-64-911-7094', 'profil/user6.jpg', TRUE);
INSERT IGNORE INTO Pengguna (id_pengguna, email, password, nama_lengkap, tgl_lahir, no_telp, foto_profil, is_penjual) VALUES (7, 'salahudinelon@example.org', 'fT2VSKhPdn%*', 'Rosman Suartini, S.Pd', '1971-03-23', '(0405) 128 7384', 'profil/user7.jpg', TRUE);
INSERT IGNORE INTO Pengguna (id_pengguna, email, password, nama_lengkap, tgl_lahir, no_telp, foto_profil, is_penjual) VALUES (8, 'salsabilasimbolon@example.com', '@B0a#bm_30)V', 'Bella Kuswandari', '1992-06-17', '+62-80-288-3049', 'profil/user8.jpg', TRUE);
INSERT IGNORE INTO Pengguna (id_pengguna, email, password, nama_lengkap, tgl_lahir, no_telp, foto_profil, is_penjual) VALUES (9, 'halimahmarsudi@example.net', '+a@$tQNLQ8Qu', 'Gina Wacana', '1966-07-23', '+62-475-570-1754', 'profil/user9.jpg', TRUE);
INSERT IGNORE INTO Pengguna (id_pengguna, email, password, nama_lengkap, tgl_lahir, no_telp, foto_profil, is_penjual) VALUES (10, 'gawatisantoso@example.org', '%V2K6t4FED!B', 'Prabawa Sudiati', '1998-06-03', '+62 (471) 916 1823', 'profil/user10.jpg', TRUE);
INSERT IGNORE INTO Pengguna (id_pengguna, email, password, nama_lengkap, tgl_lahir, no_telp, foto_profil, is_penjual) VALUES (11, 'kajen41@example.org', '^Xb08N5vhcvs', 'Gilda Wijaya', '1979-03-07', '+62-84-929-5949', 'profil/user11.jpg', TRUE);
INSERT IGNORE INTO Pengguna (id_pengguna, email, password, nama_lengkap, tgl_lahir, no_telp, foto_profil, is_penjual) VALUES (12, 'aslijan52@example.net', 'hk4&(HcbG)Qa', 'Paiman Suryono', '1972-12-09', '+62 (0106) 079-9810', 'profil/user12.jpg', TRUE);
INSERT IGNORE INTO Pengguna (id_pengguna, email, password, nama_lengkap, tgl_lahir, no_telp, foto_profil, is_penjual) VALUES (13, 'calistayuniar@example.net', '@n59iHY77bXP', 'Heryanto Fujiati, M.Ak', '1988-07-08', '+62-910-463-8360', 'profil/user13.jpg', TRUE);
INSERT IGNORE INTO Pengguna (id_pengguna, email, password, nama_lengkap, tgl_lahir, no_telp, foto_profil, is_penjual) VALUES (14, 'ira29@example.org', '#x8KK!vmfTo6', 'drg. Maida Utama, M.Farm', '1998-11-12', '+62-58-946-2456', 'profil/user14.jpg', TRUE);
INSERT IGNORE INTO Pengguna (id_pengguna, email, password, nama_lengkap, tgl_lahir, no_telp, foto_profil, is_penjual) VALUES (15, 'pranowofitria@example.com', '4Q6)!Hha^xjC', 'Naradi Oktaviani', '2004-04-05', '+62 (0359) 256 2985', 'profil/user15.jpg', TRUE);
INSERT IGNORE INTO Pengguna (id_pengguna, email, password, nama_lengkap, tgl_lahir, no_telp, foto_profil, is_penjual) VALUES (16, 'waluyoilsa@example.com', 'Qg!4NyxvbJQ$', 'Wardi Widodo', '1964-06-29', '+62-64-199-9964', 'profil/user16.jpg', TRUE);
INSERT IGNORE INTO Pengguna (id_pengguna, email, password, nama_lengkap, tgl_lahir, no_telp, foto_profil, is_penjual) VALUES (17, 'tsitorus@example.net', 'BLB5S2DR_^3t', 'Hj. Farah Fujiati', '1996-12-22', '+62-0505-947-5754', 'profil/user17.jpg', TRUE);
INSERT IGNORE INTO Pengguna (id_pengguna, email, password, nama_lengkap, tgl_lahir, no_telp, foto_profil, is_penjual) VALUES (18, 'fuyainah@example.net', '&7BNOOoQ&rHj', 'Yessi Gunarto', '1999-12-02', '+62 (693) 112 5049', 'profil/user18.jpg', TRUE);
INSERT IGNORE INTO Pengguna (id_pengguna, email, password, nama_lengkap, tgl_lahir, no_telp, foto_profil, is_penjual) VALUES (19, 'rsalahudin@example.net', '+0Tq9Uk_1Co!', 'Betania Adriansyah', '1971-10-30', '(086) 073 7889', 'profil/user19.jpg', TRUE);
INSERT IGNORE INTO Pengguna (id_pengguna, email, password, nama_lengkap, tgl_lahir, no_telp, foto_profil, is_penjual) VALUES (20, 'hidayantoyuni@example.com', 'E)TAT@Xf5T5E', 'Siska Dabukke', '1989-12-16', '+62 (0514) 397 1679', 'profil/user20.jpg', TRUE);
INSERT IGNORE INTO Pengguna (id_pengguna, email, password, nama_lengkap, tgl_lahir, no_telp, foto_profil, is_penjual) VALUES (21, 'mmansur@example.net', 'BX41**p(!QxR', 'Zizi Purwanti', '1978-11-17', '(0902) 200 9876', 'profil/user21.jpg', TRUE);
INSERT IGNORE INTO Pengguna (id_pengguna, email, password, nama_lengkap, tgl_lahir, no_telp, foto_profil, is_penjual) VALUES (22, 'ssitorus@example.net', '+D7$_YdlGGCg', 'Tgk. Cici Halim, M.M.', '1987-01-30', '+62 (38) 368 2298', 'profil/user22.jpg', TRUE);
INSERT IGNORE INTO Pengguna (id_pengguna, email, password, nama_lengkap, tgl_lahir, no_telp, foto_profil, is_penjual) VALUES (23, 'zhastuti@example.net', 'A+0qB!v(M9$n', 'Sabar Simanjuntak', '1983-04-11', '+62 (0494) 711 2631', 'profil/user23.jpg', TRUE);
INSERT IGNORE INTO Pengguna (id_pengguna, email, password, nama_lengkap, tgl_lahir, no_telp, foto_profil, is_penjual) VALUES (24, 'lutfan48@example.net', 'bjt7zbNs(9hZ', 'Martani Sitompul', '1981-10-27', '+62 (060) 439 9505', 'profil/user24.jpg', TRUE);
INSERT IGNORE INTO Pengguna (id_pengguna, email, password, nama_lengkap, tgl_lahir, no_telp, foto_profil, is_penjual) VALUES (25, 'daniswara35@example.org', 'I(O+lz+c)27d', 'Drs. Shania Farida', '1997-07-24', '+62 (29) 658-0974', 'profil/user25.jpg', TRUE);
INSERT IGNORE INTO Pengguna (id_pengguna, email, password, nama_lengkap, tgl_lahir, no_telp, foto_profil, is_penjual) VALUES (26, 'jayengyolanda@example.org', 'ox_VJIHevjl1', 'Kala Prasetya', '1966-09-21', '0824991090', 'profil/user26.jpg', TRUE);
INSERT IGNORE INTO Pengguna (id_pengguna, email, password, nama_lengkap, tgl_lahir, no_telp, foto_profil, is_penjual) VALUES (27, 'pianuraini@example.com', '(lL%kodm1qN5', 'Fitriani Wahyuni, M.Pd', '2000-06-16', '+62-08-893-1103', 'profil/user27.jpg', TRUE);
INSERT IGNORE INTO Pengguna (id_pengguna, email, password, nama_lengkap, tgl_lahir, no_telp, foto_profil, is_penjual) VALUES (28, 'gantar65@example.org', '+88BMRwk_R0(', 'Artawan Siregar', '1983-06-11', '+62 (732) 204 0096', 'profil/user28.jpg', TRUE);
INSERT IGNORE INTO Pengguna (id_pengguna, email, password, nama_lengkap, tgl_lahir, no_telp, foto_profil, is_penjual) VALUES (29, 'egasitorus@example.net', 's*_b_rIs@k1J', 'Harjaya Yuliarti', '1988-02-01', '(0341) 931-5229', 'profil/user29.jpg', TRUE);
INSERT IGNORE INTO Pengguna (id_pengguna, email, password, nama_lengkap, tgl_lahir, no_telp, foto_profil, is_penjual) VALUES (30, 'harjo27@example.net', 'e50WxV6C%FVy', 'Jasmin Mustofa', '2005-02-23', '(033) 002-1480', 'profil/user30.jpg', TRUE);
INSERT IGNORE INTO Pengguna (id_pengguna, email, password, nama_lengkap, tgl_lahir, no_telp, foto_profil, is_penjual) VALUES (31, 'ramadaneja@example.com', '(C&mkYKp1ZMi', 'Dr. Eka Damanik', '1993-01-18', '+62 (0871) 363 5805', 'profil/user31.jpg', TRUE);
INSERT IGNORE INTO Pengguna (id_pengguna, email, password, nama_lengkap, tgl_lahir, no_telp, foto_profil, is_penjual) VALUES (32, 'mahendrakardi@example.net', 'kzWnGKUP+4Gc', 'Kemal Thamrin', '1974-10-08', '+62 (695) 557-4832', 'profil/user32.jpg', TRUE);
INSERT IGNORE INTO Pengguna (id_pengguna, email, password, nama_lengkap, tgl_lahir, no_telp, foto_profil, is_penjual) VALUES (33, 'dongorancinta@example.com', 'V)72HK0xw80A', 'R.M. Setya Wastuti, S.Gz', '1976-10-22', '+62 (40) 883 1202', 'profil/user33.jpg', TRUE);
INSERT IGNORE INTO Pengguna (id_pengguna, email, password, nama_lengkap, tgl_lahir, no_telp, foto_profil, is_penjual) VALUES (34, 'samiahlaksita@example.net', '7%2K!hkT#zp%', 'Drs. Ella Uwais', '1987-02-27', '+62 (0919) 457 7542', 'profil/user34.jpg', TRUE);
INSERT IGNORE INTO Pengguna (id_pengguna, email, password, nama_lengkap, tgl_lahir, no_telp, foto_profil, is_penjual) VALUES (35, 'raden46@example.org', '&Hhj7(Dhjv+(', 'Tgk. Ida Mangunsong, S.Gz', '1973-12-30', '+62-755-574-3462', 'profil/user35.jpg', TRUE);
INSERT IGNORE INTO Pengguna (id_pengguna, email, password, nama_lengkap, tgl_lahir, no_telp, foto_profil, is_penjual) VALUES (36, 'ardiantocahya@example.com', '(UOXkPYoxZ7I', 'Belinda Halimah', '1984-04-02', '+62-012-214-5172', 'profil/user36.jpg', TRUE);
INSERT IGNORE INTO Pengguna (id_pengguna, email, password, nama_lengkap, tgl_lahir, no_telp, foto_profil, is_penjual) VALUES (37, 'malikagunawan@example.org', '%uRiQVh@d_8W', 'Carub Pangestu', '1977-11-10', '+62 (75) 176-4873', 'profil/user37.jpg', TRUE);
INSERT IGNORE INTO Pengguna (id_pengguna, email, password, nama_lengkap, tgl_lahir, no_telp, foto_profil, is_penjual) VALUES (38, 'kpermadi@example.com', '^l36iKlymZ@X', 'Leo Natsir', '1994-11-30', '+62-14-285-5630', 'profil/user38.jpg', TRUE);
INSERT IGNORE INTO Pengguna (id_pengguna, email, password, nama_lengkap, tgl_lahir, no_telp, foto_profil, is_penjual) VALUES (39, 'gildayolanda@example.org', 'YiZSSoY!)2jS', 'Karma Sudiati', '1977-01-08', '(063) 468-7112', 'profil/user39.jpg', TRUE);
INSERT IGNORE INTO Pengguna (id_pengguna, email, password, nama_lengkap, tgl_lahir, no_telp, foto_profil, is_penjual) VALUES (40, 'yessirahmawati@example.org', '&WeiO!y8(W9D', 'Novi Tarihoran', '1984-04-03', '(093) 661 9505', 'profil/user40.jpg', TRUE);
INSERT IGNORE INTO Pengguna (id_pengguna, email, password, nama_lengkap, tgl_lahir, no_telp, foto_profil, is_penjual) VALUES (41, 'lukita62@example.net', '7+t9OY5pq98^', 'Banawi Ardianto', '1971-04-01', '+62-051-160-6822', 'profil/user41.jpg', TRUE);
INSERT IGNORE INTO Pengguna (id_pengguna, email, password, nama_lengkap, tgl_lahir, no_telp, foto_profil, is_penjual) VALUES (42, 'damanikbalidin@example.com', ')D@$Jrqnsk#1', 'R.A. Ilsa Pudjiastuti, S.Ked', '1964-06-08', '+62-34-534-1453', 'profil/user42.jpg', TRUE);
INSERT IGNORE INTO Pengguna (id_pengguna, email, password, nama_lengkap, tgl_lahir, no_telp, foto_profil, is_penjual) VALUES (43, 'adriansyahkunthara@example.org', '^BHCVlBx53S5', 'Kayun Prasetyo', '1971-06-17', '(0025) 594 1603', 'profil/user43.jpg', TRUE);
INSERT IGNORE INTO Pengguna (id_pengguna, email, password, nama_lengkap, tgl_lahir, no_telp, foto_profil, is_penjual) VALUES (44, 'fnainggolan@example.org', '8RHFf7^a(SVQ', 'Sabar Simbolon', '1977-12-26', '086 065 7309', 'profil/user44.jpg', TRUE);
INSERT IGNORE INTO Pengguna (id_pengguna, email, password, nama_lengkap, tgl_lahir, no_telp, foto_profil, is_penjual) VALUES (45, 'grahmawati@example.com', '&2v(vOh#2EZ8', 'Icha Maryati', '1981-09-02', '+62 (32) 029 7372', 'profil/user45.jpg', TRUE);
INSERT IGNORE INTO Pengguna (id_pengguna, email, password, nama_lengkap, tgl_lahir, no_telp, foto_profil, is_penjual) VALUES (46, 'kenzie25@example.org', 'I%syyQCAjij1', 'Fathonah Pradipta', '1971-08-04', '0808462542', 'profil/user46.jpg', TRUE);
INSERT IGNORE INTO Pengguna (id_pengguna, email, password, nama_lengkap, tgl_lahir, no_telp, foto_profil, is_penjual) VALUES (47, 'parman69@example.net', '@i5zKzk0P55D', 'Raden Nasyidah', '1985-02-28', '(013) 181 9368', 'profil/user47.jpg', TRUE);
INSERT IGNORE INTO Pengguna (id_pengguna, email, password, nama_lengkap, tgl_lahir, no_telp, foto_profil, is_penjual) VALUES (48, 'cager64@example.org', '9_8eLvrvaS4#', 'Irfan Rajasa', '1966-12-21', '+62 (497) 021 8444', 'profil/user48.jpg', TRUE);
INSERT IGNORE INTO Pengguna (id_pengguna, email, password, nama_lengkap, tgl_lahir, no_telp, foto_profil, is_penjual) VALUES (49, 'fujiatikamal@example.net', '(4B^Qw*8e@k2', 'Danang Nurdiyanti', '1969-03-28', '+62 (055) 426 9244', 'profil/user49.jpg', TRUE);
INSERT IGNORE INTO Pengguna (id_pengguna, email, password, nama_lengkap, tgl_lahir, no_telp, foto_profil, is_penjual) VALUES (50, 'almira23@example.net', 'TBYYvkkM&8s*', 'Ifa Fujiati', '1965-01-29', '(076) 713-8959', 'profil/user50.jpg', TRUE);
INSERT IGNORE INTO Pengguna (id_pengguna, email, password, nama_lengkap, tgl_lahir, no_telp, foto_profil, is_penjual) VALUES (51, 'hasimsiregar@example.org', 'Zi2UuS+do&7w', 'Harimurti Kuswandari', '1977-01-22', '+62 (88) 234-5055', 'profil/user51.jpg', FALSE);
INSERT IGNORE INTO Pengguna (id_pengguna, email, password, nama_lengkap, tgl_lahir, no_telp, foto_profil, is_penjual) VALUES (52, 'stamba@example.com', 'ep)4(2TcH8R9', 'Rina Putra, S.Kom', '1978-02-21', '+62-034-308-7810', 'profil/user52.jpg', FALSE);
INSERT IGNORE INTO Pengguna (id_pengguna, email, password, nama_lengkap, tgl_lahir, no_telp, foto_profil, is_penjual) VALUES (53, 'jdamanik@example.org', 'N_1JD8gxwRt@', 'Tgk. Ganda Wijaya, S.Sos', '1968-04-03', '+62-036-643-7697', 'profil/user53.jpg', FALSE);
INSERT IGNORE INTO Pengguna (id_pengguna, email, password, nama_lengkap, tgl_lahir, no_telp, foto_profil, is_penjual) VALUES (54, 'lintangnashiruddin@example.com', 'DbSYkf0y!8%$', 'R.A. Hesti Irawan', '2005-09-20', '+62-76-952-8868', 'profil/user54.jpg', FALSE);
INSERT IGNORE INTO Pengguna (id_pengguna, email, password, nama_lengkap, tgl_lahir, no_telp, foto_profil, is_penjual) VALUES (55, 'agnesnababan@example.net', 'J6Wer7Kt@L+Z', 'Kezia Laksita', '1956-05-18', '+62 (740) 161-8542', 'profil/user55.jpg', FALSE);
INSERT IGNORE INTO Pengguna (id_pengguna, email, password, nama_lengkap, tgl_lahir, no_telp, foto_profil, is_penjual) VALUES (56, 'damar69@example.org', '&PZCVnKhH53f', 'Puti Jasmin Usada, M.Ak', '1982-08-10', '+62 (075) 137-9550', 'profil/user56.jpg', FALSE);
INSERT IGNORE INTO Pengguna (id_pengguna, email, password, nama_lengkap, tgl_lahir, no_telp, foto_profil, is_penjual) VALUES (57, 'gunartozaenab@example.org', 'u%4JUBppV%PF', 'Karma Iswahyudi', '2003-01-21', '+62 (068) 351-4347', 'profil/user57.jpg', FALSE);
INSERT IGNORE INTO Pengguna (id_pengguna, email, password, nama_lengkap, tgl_lahir, no_telp, foto_profil, is_penjual) VALUES (58, 'martana95@example.org', 'KOTRjToml#N6', 'dr. Sarah Kuswandari', '1986-01-11', '+62 (058) 565 2052', 'profil/user58.jpg', FALSE);
INSERT IGNORE INTO Pengguna (id_pengguna, email, password, nama_lengkap, tgl_lahir, no_telp, foto_profil, is_penjual) VALUES (59, 'esetiawan@example.org', 'u%d7NXVh0rC*', 'Oliva Thamrin', '2009-11-28', '(0439) 522 9499', 'profil/user59.jpg', FALSE);
INSERT IGNORE INTO Pengguna (id_pengguna, email, password, nama_lengkap, tgl_lahir, no_telp, foto_profil, is_penjual) VALUES (60, 'ysimanjuntak@example.org', '+x2Zn^%F1&yZ', 'Bakda Anggriawan', '1975-10-01', '+62 (083) 162 9724', 'profil/user60.jpg', FALSE);
INSERT IGNORE INTO Pengguna (id_pengguna, email, password, nama_lengkap, tgl_lahir, no_telp, foto_profil, is_penjual) VALUES (61, 'galiono16@example.net', '&!JDIaqMTM7p', 'Tgk. Winda Mahendra, M.Pd', '1989-01-06', '0825319167', 'profil/user61.jpg', FALSE);
INSERT IGNORE INTO Pengguna (id_pengguna, email, password, nama_lengkap, tgl_lahir, no_telp, foto_profil, is_penjual) VALUES (62, 'dalimaprasasta@example.com', 'gj@5G)BpPzAh', 'Lutfan Natsir, S.Psi', '1966-08-17', '+62 (238) 324 9082', 'profil/user62.jpg', FALSE);
INSERT IGNORE INTO Pengguna (id_pengguna, email, password, nama_lengkap, tgl_lahir, no_telp, foto_profil, is_penjual) VALUES (63, 'dadap65@example.com', 'ecGp4p4&@76p', 'Lasmono Mardhiyah', '1960-04-02', '080 051 4526', 'profil/user63.jpg', FALSE);
INSERT IGNORE INTO Pengguna (id_pengguna, email, password, nama_lengkap, tgl_lahir, no_telp, foto_profil, is_penjual) VALUES (64, 'jelita01@example.org', '^38yLpawNaKT', 'Paiman Gunarto', '1956-08-09', '0807441634', 'profil/user64.jpg', FALSE);
INSERT IGNORE INTO Pengguna (id_pengguna, email, password, nama_lengkap, tgl_lahir, no_telp, foto_profil, is_penjual) VALUES (65, 'gfujiati@example.net', 'o+#dHDLcp!3q', 'Alika Utami', '1990-06-07', '+62-375-673-8412', 'profil/user65.jpg', FALSE);
INSERT IGNORE INTO Pengguna (id_pengguna, email, password, nama_lengkap, tgl_lahir, no_telp, foto_profil, is_penjual) VALUES (66, 'zahra02@example.net', '(#u5D#4tEY!X', 'Kani Irawan', '1993-01-24', '0841467401', 'profil/user66.jpg', FALSE);
INSERT IGNORE INTO Pengguna (id_pengguna, email, password, nama_lengkap, tgl_lahir, no_telp, foto_profil, is_penjual) VALUES (67, 'gantarwidodo@example.net', '&IW*l$)i93ZR', 'Ganep Tampubolon', '1975-10-12', '+62-095-330-8066', 'profil/user67.jpg', FALSE);
INSERT IGNORE INTO Pengguna (id_pengguna, email, password, nama_lengkap, tgl_lahir, no_telp, foto_profil, is_penjual) VALUES (68, 'intan96@example.com', '$#i8MaZCH(8p', 'Tgk. Tasdik Firgantoro, S.T.', '2008-05-26', '+62 (644) 388 3814', 'profil/user68.jpg', FALSE);
INSERT IGNORE INTO Pengguna (id_pengguna, email, password, nama_lengkap, tgl_lahir, no_telp, foto_profil, is_penjual) VALUES (69, 'waryani@example.com', 'Cay7*El#^hlD', 'R. Lulut Manullang', '2006-02-14', '(097) 415 4795', 'profil/user69.jpg', FALSE);
INSERT IGNORE INTO Pengguna (id_pengguna, email, password, nama_lengkap, tgl_lahir, no_telp, foto_profil, is_penjual) VALUES (70, 'ophelia19@example.org', '&xL_8bsC8N5z', 'Elma Siregar', '1959-10-13', '+62 (004) 751 7144', 'profil/user70.jpg', FALSE);
INSERT IGNORE INTO Pengguna (id_pengguna, email, password, nama_lengkap, tgl_lahir, no_telp, foto_profil, is_penjual) VALUES (71, 'nardi44@example.com', 'Uk%)NBWbPGh6', 'Dr. Wani Waluyo, S.H.', '1967-12-24', '+62-0665-453-7304', 'profil/user71.jpg', FALSE);
INSERT IGNORE INTO Pengguna (id_pengguna, email, password, nama_lengkap, tgl_lahir, no_telp, foto_profil, is_penjual) VALUES (72, 'mandasaricakrawala@example.com', '$z2(U%nfCr+5', 'Hani Nasyidah', '1975-05-24', '+62-0545-490-2186', 'profil/user72.jpg', FALSE);
INSERT IGNORE INTO Pengguna (id_pengguna, email, password, nama_lengkap, tgl_lahir, no_telp, foto_profil, is_penjual) VALUES (73, 'gilangmangunsong@example.com', '8FpSHod6(f4^', 'Irma Yuniar', '1977-08-25', '+62 (068) 370-3114', 'profil/user73.jpg', FALSE);
INSERT IGNORE INTO Pengguna (id_pengguna, email, password, nama_lengkap, tgl_lahir, no_telp, foto_profil, is_penjual) VALUES (74, 'gamblang58@example.net', '!9k#JxnS^85E', 'Nrima Suwarno', '1978-08-16', '+62 (93) 601-6762', 'profil/user74.jpg', FALSE);
INSERT IGNORE INTO Pengguna (id_pengguna, email, password, nama_lengkap, tgl_lahir, no_telp, foto_profil, is_penjual) VALUES (75, 'nnurdiyanti@example.org', 'Y)5M+tZxMNDB', 'Bella Mulyani, M.Kom.', '2007-09-01', '+62 (685) 243-6863', 'profil/user75.jpg', FALSE);
INSERT IGNORE INTO Pengguna (id_pengguna, email, password, nama_lengkap, tgl_lahir, no_telp, foto_profil, is_penjual) VALUES (76, 'nurulutama@example.com', 'k5+fG*S+!s*k', 'Dt. Atmaja Mardhiyah, M.TI.', '1957-11-12', '+62 (734) 114-4197', 'profil/user76.jpg', FALSE);
INSERT IGNORE INTO Pengguna (id_pengguna, email, password, nama_lengkap, tgl_lahir, no_telp, foto_profil, is_penjual) VALUES (77, 'prayogasabar@example.com', 'bNuunvQG$6*F', 'drg. Wulan Mangunsong', '1978-03-06', '(0971) 012 5801', 'profil/user77.jpg', FALSE);
INSERT IGNORE INTO Pengguna (id_pengguna, email, password, nama_lengkap, tgl_lahir, no_telp, foto_profil, is_penjual) VALUES (78, 'windasiregar@example.net', '!j!Bijtww9Ga', 'Drs. Hasta Wibowo', '1971-03-24', '+62-382-972-8804', 'profil/user78.jpg', FALSE);
INSERT IGNORE INTO Pengguna (id_pengguna, email, password, nama_lengkap, tgl_lahir, no_telp, foto_profil, is_penjual) VALUES (79, 'salwawinarno@example.net', '%PMObe%(t)0&', 'H. Legawa Sihombing', '1983-01-29', '+62-78-727-3089', 'profil/user79.jpg', FALSE);
INSERT IGNORE INTO Pengguna (id_pengguna, email, password, nama_lengkap, tgl_lahir, no_telp, foto_profil, is_penjual) VALUES (80, 'sitorusviolet@example.net', 'C1uaSrWd(oOh', 'drg. Kusuma Laksmiwati, M.Kom.', '1990-07-31', '+62 (75) 540 7326', 'profil/user80.jpg', FALSE);
INSERT IGNORE INTO Pengguna (id_pengguna, email, password, nama_lengkap, tgl_lahir, no_telp, foto_profil, is_penjual) VALUES (81, 'maryadilailasari@example.net', 'k@@3RqHzhokb', 'R.M. Alambana Rahimah', '1958-03-27', '+62 (0447) 367 2596', 'profil/user81.jpg', FALSE);
INSERT IGNORE INTO Pengguna (id_pengguna, email, password, nama_lengkap, tgl_lahir, no_telp, foto_profil, is_penjual) VALUES (82, 'kawaca27@example.org', 'AZmWUua8wM5$', 'Sabrina Setiawan', '1955-11-22', '0814399250', 'profil/user82.jpg', FALSE);
INSERT IGNORE INTO Pengguna (id_pengguna, email, password, nama_lengkap, tgl_lahir, no_telp, foto_profil, is_penjual) VALUES (83, 'raharja94@example.net', '0M3p8tkn_k4J', 'Ika Suwarno', '1979-12-29', '+62 (37) 255-9243', 'profil/user83.jpg', FALSE);
INSERT IGNORE INTO Pengguna (id_pengguna, email, password, nama_lengkap, tgl_lahir, no_telp, foto_profil, is_penjual) VALUES (84, 'sitorusciaobella@example.net', '!vd2&0RtK+_r', 'Ophelia Prakasa', '1974-07-13', '+62 (996) 691 0502', 'profil/user84.jpg', FALSE);
INSERT IGNORE INTO Pengguna (id_pengguna, email, password, nama_lengkap, tgl_lahir, no_telp, foto_profil, is_penjual) VALUES (85, 'jagaragarahimah@example.org', '^B19(aPAHC2X', 'Raina Suryatmi', '2006-01-15', '+62 (363) 506 1691', 'profil/user85.jpg', FALSE);
INSERT IGNORE INTO Pengguna (id_pengguna, email, password, nama_lengkap, tgl_lahir, no_telp, foto_profil, is_penjual) VALUES (86, 'anom65@example.net', 'Nmup7pDs_iHs', 'Manah Hidayat, S.Ked', '1989-01-12', '(080) 206 3728', 'profil/user86.jpg', FALSE);
INSERT IGNORE INTO Pengguna (id_pengguna, email, password, nama_lengkap, tgl_lahir, no_telp, foto_profil, is_penjual) VALUES (87, 'putridabukke@example.net', '#96kdhw^$yoM', 'Ganda Hariyah', '1978-01-28', '+62-050-586-3772', 'profil/user87.jpg', FALSE);
INSERT IGNORE INTO Pengguna (id_pengguna, email, password, nama_lengkap, tgl_lahir, no_telp, foto_profil, is_penjual) VALUES (88, 'tsiregar@example.org', '#!%BTafj1YUn', 'R.M. Hasan Waskita, S.Pd', '1984-07-14', '+62 (0007) 085-1984', 'profil/user88.jpg', FALSE);
INSERT IGNORE INTO Pengguna (id_pengguna, email, password, nama_lengkap, tgl_lahir, no_telp, foto_profil, is_penjual) VALUES (89, 'abyasauyainah@example.net', 'Ca9@jBLd^S!q', 'Budi Hutapea', '2006-02-25', '(076) 957 1422', 'profil/user89.jpg', FALSE);
INSERT IGNORE INTO Pengguna (id_pengguna, email, password, nama_lengkap, tgl_lahir, no_telp, foto_profil, is_penjual) VALUES (90, 'vmandala@example.com', 'aCt)V8j0@%dO', 'dr. Iriana Maheswara', '1965-09-21', '+62 (0908) 785 5634', 'profil/user90.jpg', FALSE);
INSERT IGNORE INTO Pengguna (id_pengguna, email, password, nama_lengkap, tgl_lahir, no_telp, foto_profil, is_penjual) VALUES (91, 'maimunahpuspita@example.net', 'Q9zkaFtk@cbs', 'Jagapati Maheswara', '1991-04-08', '0834923897', 'profil/user91.jpg', FALSE);
INSERT IGNORE INTO Pengguna (id_pengguna, email, password, nama_lengkap, tgl_lahir, no_telp, foto_profil, is_penjual) VALUES (92, 'jessicahardiansyah@example.net', '3wJ&e$GA)25V', 'Mulya Nugroho', '1993-08-15', '(0629) 451 1709', 'profil/user92.jpg', FALSE);
INSERT IGNORE INTO Pengguna (id_pengguna, email, password, nama_lengkap, tgl_lahir, no_telp, foto_profil, is_penjual) VALUES (93, 'anggriawantaswir@example.org', 'j2N4o_BtFT_S', 'Dr. Mariadi Yolanda, S.E.', '1999-02-18', '(072) 778 0278', 'profil/user93.jpg', FALSE);
INSERT IGNORE INTO Pengguna (id_pengguna, email, password, nama_lengkap, tgl_lahir, no_telp, foto_profil, is_penjual) VALUES (94, 'yuliartidono@example.org', '%q_2WIYxNKE8', 'Cager Mandasari', '2009-02-23', '+62 (97) 416 3504', 'profil/user94.jpg', FALSE);
INSERT IGNORE INTO Pengguna (id_pengguna, email, password, nama_lengkap, tgl_lahir, no_telp, foto_profil, is_penjual) VALUES (95, 'tiara71@example.net', 'R938cYUw&qdA', 'Ozy Jailani', '1978-03-26', '+62 (80) 235-8753', 'profil/user95.jpg', FALSE);
INSERT IGNORE INTO Pengguna (id_pengguna, email, password, nama_lengkap, tgl_lahir, no_telp, foto_profil, is_penjual) VALUES (96, 'hzulkarnain@example.com', '%yOrtb7ua1H$', 'Ir. Gamblang Siregar, M.TI.', '1979-04-28', '+62-072-799-1803', 'profil/user96.jpg', FALSE);
INSERT IGNORE INTO Pengguna (id_pengguna, email, password, nama_lengkap, tgl_lahir, no_telp, foto_profil, is_penjual) VALUES (97, 'adityapadmasari@example.org', '&lWAbhf^mv66', 'Yuni Wijayanti', '1968-08-13', '(0919) 937-2174', 'profil/user97.jpg', FALSE);
INSERT IGNORE INTO Pengguna (id_pengguna, email, password, nama_lengkap, tgl_lahir, no_telp, foto_profil, is_penjual) VALUES (98, 'adinataprayoga@example.org', 'w8OMmO_@%_ax', 'Malika Natsir', '1995-06-28', '+62-0770-625-2268', 'profil/user98.jpg', FALSE);
INSERT IGNORE INTO Pengguna (id_pengguna, email, password, nama_lengkap, tgl_lahir, no_telp, foto_profil, is_penjual) VALUES (99, 'rahayu69@example.net', ')*SFEsz#G32l', 'Jane Fujiati, S.Ked', '1973-09-26', '(0995) 449 3772', 'profil/user99.jpg', FALSE);
INSERT IGNORE INTO Pengguna (id_pengguna, email, password, nama_lengkap, tgl_lahir, no_telp, foto_profil, is_penjual) VALUES (100, 'viktorsinaga@example.org', 'jOf9B@FsY+T)', 'Tina Riyanti', '1959-04-25', '+62 (388) 365-4849', 'profil/user100.jpg', FALSE);
INSERT IGNORE INTO Pengguna (id_pengguna, email, password, nama_lengkap, tgl_lahir, no_telp, foto_profil, is_penjual) VALUES (101, 'luisaryani@example.org', 'mA2$qpBM^wP#', 'Mutia Waskita', '1992-05-21', '+62 (0376) 936 3538', 'profil/user101.jpg', FALSE);
INSERT IGNORE INTO Pengguna (id_pengguna, email, password, nama_lengkap, tgl_lahir, no_telp, foto_profil, is_penjual) VALUES (102, 'lailasaritania@example.org', '6gU^GjaM%W0C', 'Dr. Syahrini Saputra, M.TI.', '1954-05-20', '+62 (064) 755 0739', 'profil/user102.jpg', FALSE);
INSERT IGNORE INTO Pengguna (id_pengguna, email, password, nama_lengkap, tgl_lahir, no_telp, foto_profil, is_penjual) VALUES (103, 'siregarjumari@example.org', 'HBE!wvh1u!1C', 'Jaeman Rahmawati', '1990-10-17', '0844852633', 'profil/user103.jpg', FALSE);
INSERT IGNORE INTO Pengguna (id_pengguna, email, password, nama_lengkap, tgl_lahir, no_telp, foto_profil, is_penjual) VALUES (104, 'cakrabuana33@example.net', '+HvSzcAMu_q1', 'Lamar Wibisono', '1969-06-15', '080 778 0021', 'profil/user104.jpg', FALSE);
INSERT IGNORE INTO Pengguna (id_pengguna, email, password, nama_lengkap, tgl_lahir, no_telp, foto_profil, is_penjual) VALUES (105, 'zelayamegantara@example.com', 'UtlXnhsW&5%*', 'Raharja Rajata', '1961-03-15', '+62 (48) 112-7755', 'profil/user105.jpg', FALSE);
INSERT IGNORE INTO Pengguna (id_pengguna, email, password, nama_lengkap, tgl_lahir, no_telp, foto_profil, is_penjual) VALUES (106, 'putimandasari@example.net', '(1@blSc*vI7G', 'Cinthia Uwais, M.Farm', '1983-11-06', '+62 (534) 707-9149', 'profil/user106.jpg', FALSE);
INSERT IGNORE INTO Pengguna (id_pengguna, email, password, nama_lengkap, tgl_lahir, no_telp, foto_profil, is_penjual) VALUES (107, 'pratamalili@example.com', 'YINZJlc!!2IN', 'R. Drajat Latupono', '1983-11-20', '(063) 073 0745', 'profil/user107.jpg', FALSE);
INSERT IGNORE INTO Pengguna (id_pengguna, email, password, nama_lengkap, tgl_lahir, no_telp, foto_profil, is_penjual) VALUES (108, 'cusamah@example.net', 'SNExZIil&un4', 'Cemeti Mardhiyah', '1960-10-11', '+62 (54) 213 6098', 'profil/user108.jpg', FALSE);
INSERT IGNORE INTO Pengguna (id_pengguna, email, password, nama_lengkap, tgl_lahir, no_telp, foto_profil, is_penjual) VALUES (109, 'hanisamosir@example.net', '_u!Ec#yo($d6', 'Saadat Suryono', '2003-05-08', '(026) 234 6786', 'profil/user109.jpg', FALSE);
INSERT IGNORE INTO Pengguna (id_pengguna, email, password, nama_lengkap, tgl_lahir, no_telp, foto_profil, is_penjual) VALUES (110, 'mansuraisyah@example.net', '1ux8Hz6x$atw', 'Nrima Puspita', '1960-03-14', '+62 (0265) 306 2497', 'profil/user110.jpg', FALSE);

-- Penjual
INSERT IGNORE INTO Penjual (id_penjual, id_pengguna, foto_diri, nama, is_verified) VALUES (1, 1, 'fotodiri/penjual1.jpg', 'PD Habibi Store', FALSE);
INSERT IGNORE INTO Penjual (id_penjual, id_pengguna, foto_diri, nama, is_verified) VALUES (2, 2, 'fotodiri/penjual2.jpg', 'PT Pradipta Yulianti (Persero) Tbk Store', TRUE);
INSERT IGNORE INTO Penjual (id_penjual, id_pengguna, foto_diri, nama, is_verified) VALUES (3, 3, 'fotodiri/penjual3.jpg', 'PD Wacana Store', FALSE);
INSERT IGNORE INTO Penjual (id_penjual, id_pengguna, foto_diri, nama, is_verified) VALUES (4, 4, 'fotodiri/penjual4.jpg', 'PD Haryanti Store', FALSE);
INSERT IGNORE INTO Penjual (id_penjual, id_pengguna, foto_diri, nama, is_verified) VALUES (5, 5, 'fotodiri/penjual5.jpg', 'PD Kusumo Suartini (Persero) Tbk Store', TRUE);
INSERT IGNORE INTO Penjual (id_penjual, id_pengguna, foto_diri, nama, is_verified) VALUES (6, 6, 'fotodiri/penjual6.jpg', 'PD Prabowo Tbk Store', FALSE);
INSERT IGNORE INTO Penjual (id_penjual, id_pengguna, foto_diri, nama, is_verified) VALUES (7, 7, 'fotodiri/penjual7.jpg', 'Perum Mandala (Persero) Tbk Store', TRUE);
INSERT IGNORE INTO Penjual (id_penjual, id_pengguna, foto_diri, nama, is_verified) VALUES (8, 8, 'fotodiri/penjual8.jpg', 'UD Waluyo Salahudin Tbk Store', TRUE);
INSERT IGNORE INTO Penjual (id_penjual, id_pengguna, foto_diri, nama, is_verified) VALUES (9, 9, 'fotodiri/penjual9.jpg', 'PD Farida Prasetya (Persero) Tbk Store', FALSE);
INSERT IGNORE INTO Penjual (id_penjual, id_pengguna, foto_diri, nama, is_verified) VALUES (10, 10, 'fotodiri/penjual10.jpg', 'Perum Nainggolan Anggraini (Persero) Tbk Store', FALSE);
INSERT IGNORE INTO Penjual (id_penjual, id_pengguna, foto_diri, nama, is_verified) VALUES (11, 11, 'fotodiri/penjual11.jpg', 'CV Mustofa Haryanti (Persero) Tbk Store', FALSE);
INSERT IGNORE INTO Penjual (id_penjual, id_pengguna, foto_diri, nama, is_verified) VALUES (12, 12, 'fotodiri/penjual12.jpg', 'UD Tarihoran Store', TRUE);
INSERT IGNORE INTO Penjual (id_penjual, id_pengguna, foto_diri, nama, is_verified) VALUES (13, 13, 'fotodiri/penjual13.jpg', 'PT Budiman (Persero) Tbk Store', TRUE);
INSERT IGNORE INTO Penjual (id_penjual, id_pengguna, foto_diri, nama, is_verified) VALUES (14, 14, 'fotodiri/penjual14.jpg', 'Perum Maryati Tbk Store', FALSE);
INSERT IGNORE INTO Penjual (id_penjual, id_pengguna, foto_diri, nama, is_verified) VALUES (15, 15, 'fotodiri/penjual15.jpg', 'PT Hassanah Utama (Persero) Tbk Store', FALSE);
INSERT IGNORE INTO Penjual (id_penjual, id_pengguna, foto_diri, nama, is_verified) VALUES (16, 16, 'fotodiri/penjual16.jpg', 'Perum Palastri Store', TRUE);
INSERT IGNORE INTO Penjual (id_penjual, id_pengguna, foto_diri, nama, is_verified) VALUES (17, 17, 'fotodiri/penjual17.jpg', 'PD Usada (Persero) Tbk Store', FALSE);
INSERT IGNORE INTO Penjual (id_penjual, id_pengguna, foto_diri, nama, is_verified) VALUES (18, 18, 'fotodiri/penjual18.jpg', 'PD Tamba Store', FALSE);
INSERT IGNORE INTO Penjual (id_penjual, id_pengguna, foto_diri, nama, is_verified) VALUES (19, 19, 'fotodiri/penjual19.jpg', 'PT Sitorus Mandala Tbk Store', FALSE);
INSERT IGNORE INTO Penjual (id_penjual, id_pengguna, foto_diri, nama, is_verified) VALUES (20, 20, 'fotodiri/penjual20.jpg', 'CV Pradipta Hastuti (Persero) Tbk Store', FALSE);
INSERT IGNORE INTO Penjual (id_penjual, id_pengguna, foto_diri, nama, is_verified) VALUES (21, 21, 'fotodiri/penjual21.jpg', 'UD Tamba Marpaung Tbk Store', TRUE);
INSERT IGNORE INTO Penjual (id_penjual, id_pengguna, foto_diri, nama, is_verified) VALUES (22, 22, 'fotodiri/penjual22.jpg', 'UD Riyanti Tbk Store', TRUE);
INSERT IGNORE INTO Penjual (id_penjual, id_pengguna, foto_diri, nama, is_verified) VALUES (23, 23, 'fotodiri/penjual23.jpg', 'Perum Hidayat Store', FALSE);
INSERT IGNORE INTO Penjual (id_penjual, id_pengguna, foto_diri, nama, is_verified) VALUES (24, 24, 'fotodiri/penjual24.jpg', 'CV Prasasta Pradipta Store', FALSE);
INSERT IGNORE INTO Penjual (id_penjual, id_pengguna, foto_diri, nama, is_verified) VALUES (25, 25, 'fotodiri/penjual25.jpg', 'CV Wulandari Hakim (Persero) Tbk Store', TRUE);
INSERT IGNORE INTO Penjual (id_penjual, id_pengguna, foto_diri, nama, is_verified) VALUES (26, 26, 'fotodiri/penjual26.jpg', 'CV Anggraini Store', FALSE);
INSERT IGNORE INTO Penjual (id_penjual, id_pengguna, foto_diri, nama, is_verified) VALUES (27, 27, 'fotodiri/penjual27.jpg', 'PD Situmorang (Persero) Tbk Store', FALSE);
INSERT IGNORE INTO Penjual (id_penjual, id_pengguna, foto_diri, nama, is_verified) VALUES (28, 28, 'fotodiri/penjual28.jpg', 'PT Mardhiyah Dongoran Store', FALSE);
INSERT IGNORE INTO Penjual (id_penjual, id_pengguna, foto_diri, nama, is_verified) VALUES (29, 29, 'fotodiri/penjual29.jpg', 'PD Sihotang Tbk Store', FALSE);
INSERT IGNORE INTO Penjual (id_penjual, id_pengguna, foto_diri, nama, is_verified) VALUES (30, 30, 'fotodiri/penjual30.jpg', 'PD Marpaung Store', TRUE);
INSERT IGNORE INTO Penjual (id_penjual, id_pengguna, foto_diri, nama, is_verified) VALUES (31, 31, 'fotodiri/penjual31.jpg', 'PT Andriani Puspita (Persero) Tbk Store', FALSE);
INSERT IGNORE INTO Penjual (id_penjual, id_pengguna, foto_diri, nama, is_verified) VALUES (32, 32, 'fotodiri/penjual32.jpg', 'UD Wacana Permadi (Persero) Tbk Store', TRUE);
INSERT IGNORE INTO Penjual (id_penjual, id_pengguna, foto_diri, nama, is_verified) VALUES (33, 33, 'fotodiri/penjual33.jpg', 'UD Januar Store', FALSE);
INSERT IGNORE INTO Penjual (id_penjual, id_pengguna, foto_diri, nama, is_verified) VALUES (34, 34, 'fotodiri/penjual34.jpg', 'CV Maheswara (Persero) Tbk Store', TRUE);
INSERT IGNORE INTO Penjual (id_penjual, id_pengguna, foto_diri, nama, is_verified) VALUES (35, 35, 'fotodiri/penjual35.jpg', 'CV Natsir Store', FALSE);
INSERT IGNORE INTO Penjual (id_penjual, id_pengguna, foto_diri, nama, is_verified) VALUES (36, 36, 'fotodiri/penjual36.jpg', 'CV Wulandari Store', TRUE);
INSERT IGNORE INTO Penjual (id_penjual, id_pengguna, foto_diri, nama, is_verified) VALUES (37, 37, 'fotodiri/penjual37.jpg', 'Perum Pertiwi Store', TRUE);
INSERT IGNORE INTO Penjual (id_penjual, id_pengguna, foto_diri, nama, is_verified) VALUES (38, 38, 'fotodiri/penjual38.jpg', 'CV Prayoga (Persero) Tbk Store', TRUE);
INSERT IGNORE INTO Penjual (id_penjual, id_pengguna, foto_diri, nama, is_verified) VALUES (39, 39, 'fotodiri/penjual39.jpg', 'PT Pradana Store', FALSE);
INSERT IGNORE INTO Penjual (id_penjual, id_pengguna, foto_diri, nama, is_verified) VALUES (40, 40, 'fotodiri/penjual40.jpg', 'UD Hutasoit Tbk Store', TRUE);
INSERT IGNORE INTO Penjual (id_penjual, id_pengguna, foto_diri, nama, is_verified) VALUES (41, 41, 'fotodiri/penjual41.jpg', 'CV Wibowo Nugroho (Persero) Tbk Store', TRUE);
INSERT IGNORE INTO Penjual (id_penjual, id_pengguna, foto_diri, nama, is_verified) VALUES (42, 42, 'fotodiri/penjual42.jpg', 'PD Zulkarnain Namaga Tbk Store', FALSE);
INSERT IGNORE INTO Penjual (id_penjual, id_pengguna, foto_diri, nama, is_verified) VALUES (43, 43, 'fotodiri/penjual43.jpg', 'Perum Farida Anggraini Tbk Store', FALSE);
INSERT IGNORE INTO Penjual (id_penjual, id_pengguna, foto_diri, nama, is_verified) VALUES (44, 44, 'fotodiri/penjual44.jpg', 'Perum Maryati Store', TRUE);
INSERT IGNORE INTO Penjual (id_penjual, id_pengguna, foto_diri, nama, is_verified) VALUES (45, 45, 'fotodiri/penjual45.jpg', 'CV Kurniawan (Persero) Tbk Store', FALSE);
INSERT IGNORE INTO Penjual (id_penjual, id_pengguna, foto_diri, nama, is_verified) VALUES (46, 46, 'fotodiri/penjual46.jpg', 'UD Ardianto Pradipta Store', FALSE);
INSERT IGNORE INTO Penjual (id_penjual, id_pengguna, foto_diri, nama, is_verified) VALUES (47, 47, 'fotodiri/penjual47.jpg', 'PD Salahudin Store', TRUE);
INSERT IGNORE INTO Penjual (id_penjual, id_pengguna, foto_diri, nama, is_verified) VALUES (48, 48, 'fotodiri/penjual48.jpg', 'PD Santoso Store', FALSE);
INSERT IGNORE INTO Penjual (id_penjual, id_pengguna, foto_diri, nama, is_verified) VALUES (49, 49, 'fotodiri/penjual49.jpg', 'CV Mulyani Hutasoit Tbk Store', TRUE);
INSERT IGNORE INTO Penjual (id_penjual, id_pengguna, foto_diri, nama, is_verified) VALUES (50, 50, 'fotodiri/penjual50.jpg', 'Perum Waluyo Mardhiyah (Persero) Tbk Store', TRUE);

-- Pembeli
INSERT IGNORE INTO Pembeli (id_pembeli, id_pengguna) VALUES (1, 51);
INSERT IGNORE INTO Pembeli (id_pembeli, id_pengguna) VALUES (2, 52);
INSERT IGNORE INTO Pembeli (id_pembeli, id_pengguna) VALUES (3, 53);
INSERT IGNORE INTO Pembeli (id_pembeli, id_pengguna) VALUES (4, 54);
INSERT IGNORE INTO Pembeli (id_pembeli, id_pengguna) VALUES (5, 55);
INSERT IGNORE INTO Pembeli (id_pembeli, id_pengguna) VALUES (6, 56);
INSERT IGNORE INTO Pembeli (id_pembeli, id_pengguna) VALUES (7, 57);
INSERT IGNORE INTO Pembeli (id_pembeli, id_pengguna) VALUES (8, 58);
INSERT IGNORE INTO Pembeli (id_pembeli, id_pengguna) VALUES (9, 59);
INSERT IGNORE INTO Pembeli (id_pembeli, id_pengguna) VALUES (10, 60);
INSERT IGNORE INTO Pembeli (id_pembeli, id_pengguna) VALUES (11, 61);
INSERT IGNORE INTO Pembeli (id_pembeli, id_pengguna) VALUES (12, 62);
INSERT IGNORE INTO Pembeli (id_pembeli, id_pengguna) VALUES (13, 63);
INSERT IGNORE INTO Pembeli (id_pembeli, id_pengguna) VALUES (14, 64);
INSERT IGNORE INTO Pembeli (id_pembeli, id_pengguna) VALUES (15, 65);
INSERT IGNORE INTO Pembeli (id_pembeli, id_pengguna) VALUES (16, 66);
INSERT IGNORE INTO Pembeli (id_pembeli, id_pengguna) VALUES (17, 67);
INSERT IGNORE INTO Pembeli (id_pembeli, id_pengguna) VALUES (18, 68);
INSERT IGNORE INTO Pembeli (id_pembeli, id_pengguna) VALUES (19, 69);
INSERT IGNORE INTO Pembeli (id_pembeli, id_pengguna) VALUES (20, 70);
INSERT IGNORE INTO Pembeli (id_pembeli, id_pengguna) VALUES (21, 71);
INSERT IGNORE INTO Pembeli (id_pembeli, id_pengguna) VALUES (22, 72);
INSERT IGNORE INTO Pembeli (id_pembeli, id_pengguna) VALUES (23, 73);
INSERT IGNORE INTO Pembeli (id_pembeli, id_pengguna) VALUES (24, 74);
INSERT IGNORE INTO Pembeli (id_pembeli, id_pengguna) VALUES (25, 75);
INSERT IGNORE INTO Pembeli (id_pembeli, id_pengguna) VALUES (26, 76);
INSERT IGNORE INTO Pembeli (id_pembeli, id_pengguna) VALUES (27, 77);
INSERT IGNORE INTO Pembeli (id_pembeli, id_pengguna) VALUES (28, 78);
INSERT IGNORE INTO Pembeli (id_pembeli, id_pengguna) VALUES (29, 79);
INSERT IGNORE INTO Pembeli (id_pembeli, id_pengguna) VALUES (30, 80);
INSERT IGNORE INTO Pembeli (id_pembeli, id_pengguna) VALUES (31, 81);
INSERT IGNORE INTO Pembeli (id_pembeli, id_pengguna) VALUES (32, 82);
INSERT IGNORE INTO Pembeli (id_pembeli, id_pengguna) VALUES (33, 83);
INSERT IGNORE INTO Pembeli (id_pembeli, id_pengguna) VALUES (34, 84);
INSERT IGNORE INTO Pembeli (id_pembeli, id_pengguna) VALUES (35, 85);
INSERT IGNORE INTO Pembeli (id_pembeli, id_pengguna) VALUES (36, 86);
INSERT IGNORE INTO Pembeli (id_pembeli, id_pengguna) VALUES (37, 87);
INSERT IGNORE INTO Pembeli (id_pembeli, id_pengguna) VALUES (38, 88);
INSERT IGNORE INTO Pembeli (id_pembeli, id_pengguna) VALUES (39, 89);
INSERT IGNORE INTO Pembeli (id_pembeli, id_pengguna) VALUES (40, 90);
INSERT IGNORE INTO Pembeli (id_pembeli, id_pengguna) VALUES (41, 91);
INSERT IGNORE INTO Pembeli (id_pembeli, id_pengguna) VALUES (42, 92);
INSERT IGNORE INTO Pembeli (id_pembeli, id_pengguna) VALUES (43, 93);
INSERT IGNORE INTO Pembeli (id_pembeli, id_pengguna) VALUES (44, 94);
INSERT IGNORE INTO Pembeli (id_pembeli, id_pengguna) VALUES (45, 95);
INSERT IGNORE INTO Pembeli (id_pembeli, id_pengguna) VALUES (46, 96);
INSERT IGNORE INTO Pembeli (id_pembeli, id_pengguna) VALUES (47, 97);
INSERT IGNORE INTO Pembeli (id_pembeli, id_pengguna) VALUES (48, 98);
INSERT IGNORE INTO Pembeli (id_pembeli, id_pengguna) VALUES (49, 99);
INSERT IGNORE INTO Pembeli (id_pembeli, id_pengguna) VALUES (50, 100);
INSERT IGNORE INTO Pembeli (id_pembeli, id_pengguna) VALUES (51, 101);
INSERT IGNORE INTO Pembeli (id_pembeli, id_pengguna) VALUES (52, 102);
INSERT IGNORE INTO Pembeli (id_pembeli, id_pengguna) VALUES (53, 103);
INSERT IGNORE INTO Pembeli (id_pembeli, id_pengguna) VALUES (54, 104);
INSERT IGNORE INTO Pembeli (id_pembeli, id_pengguna) VALUES (55, 105);
INSERT IGNORE INTO Pembeli (id_pembeli, id_pengguna) VALUES (56, 106);
INSERT IGNORE INTO Pembeli (id_pembeli, id_pengguna) VALUES (57, 107);
INSERT IGNORE INTO Pembeli (id_pembeli, id_pengguna) VALUES (58, 108);
INSERT IGNORE INTO Pembeli (id_pembeli, id_pengguna) VALUES (59, 109);
INSERT IGNORE INTO Pembeli (id_pembeli, id_pengguna) VALUES (60, 110);

-- AlamatPembeli
INSERT IGNORE INTO AlamatPembeli (id_pembeli, id_alamat, id_pesanan, is_default) VALUES (1, 1, NULL, TRUE);
INSERT IGNORE INTO AlamatPembeli (id_pembeli, id_alamat, id_pesanan, is_default) VALUES (1, 91, NULL, FALSE);
INSERT IGNORE INTO AlamatPembeli (id_pembeli, id_alamat, id_pesanan, is_default) VALUES (2, 72, NULL, TRUE);
INSERT IGNORE INTO AlamatPembeli (id_pembeli, id_alamat, id_pesanan, is_default) VALUES (2, 38, NULL, FALSE);
INSERT IGNORE INTO AlamatPembeli (id_pembeli, id_alamat, id_pesanan, is_default) VALUES (3, 52, NULL, TRUE);
INSERT IGNORE INTO AlamatPembeli (id_pembeli, id_alamat, id_pesanan, is_default) VALUES (3, 45, NULL, FALSE);
INSERT IGNORE INTO AlamatPembeli (id_pembeli, id_alamat, id_pesanan, is_default) VALUES (4, 79, NULL, TRUE);
INSERT IGNORE INTO AlamatPembeli (id_pembeli, id_alamat, id_pesanan, is_default) VALUES (5, 97, NULL, TRUE);
INSERT IGNORE INTO AlamatPembeli (id_pembeli, id_alamat, id_pesanan, is_default) VALUES (5, 67, NULL, FALSE);
INSERT IGNORE INTO AlamatPembeli (id_pembeli, id_alamat, id_pesanan, is_default) VALUES (5, 89, NULL, FALSE);
INSERT IGNORE INTO AlamatPembeli (id_pembeli, id_alamat, id_pesanan, is_default) VALUES (6, 24, NULL, TRUE);
INSERT IGNORE INTO AlamatPembeli (id_pembeli, id_alamat, id_pesanan, is_default) VALUES (6, 23, NULL, FALSE);
INSERT IGNORE INTO AlamatPembeli (id_pembeli, id_alamat, id_pesanan, is_default) VALUES (6, 39, NULL, FALSE);
INSERT IGNORE INTO AlamatPembeli (id_pembeli, id_alamat, id_pesanan, is_default) VALUES (7, 46, NULL, TRUE);
INSERT IGNORE INTO AlamatPembeli (id_pembeli, id_alamat, id_pesanan, is_default) VALUES (7, 66, NULL, FALSE);
INSERT IGNORE INTO AlamatPembeli (id_pembeli, id_alamat, id_pesanan, is_default) VALUES (7, 58, NULL, FALSE);
INSERT IGNORE INTO AlamatPembeli (id_pembeli, id_alamat, id_pesanan, is_default) VALUES (8, 17, NULL, TRUE);
INSERT IGNORE INTO AlamatPembeli (id_pembeli, id_alamat, id_pesanan, is_default) VALUES (8, 87, NULL, FALSE);
INSERT IGNORE INTO AlamatPembeli (id_pembeli, id_alamat, id_pesanan, is_default) VALUES (8, 28, NULL, FALSE);
INSERT IGNORE INTO AlamatPembeli (id_pembeli, id_alamat, id_pesanan, is_default) VALUES (9, 81, NULL, TRUE);
INSERT IGNORE INTO AlamatPembeli (id_pembeli, id_alamat, id_pesanan, is_default) VALUES (9, 96, NULL, FALSE);
INSERT IGNORE INTO AlamatPembeli (id_pembeli, id_alamat, id_pesanan, is_default) VALUES (10, 74, NULL, TRUE);
INSERT IGNORE INTO AlamatPembeli (id_pembeli, id_alamat, id_pesanan, is_default) VALUES (10, 4, NULL, FALSE);
INSERT IGNORE INTO AlamatPembeli (id_pembeli, id_alamat, id_pesanan, is_default) VALUES (11, 1, NULL, TRUE);
INSERT IGNORE INTO AlamatPembeli (id_pembeli, id_alamat, id_pesanan, is_default) VALUES (11, 38, NULL, FALSE);
INSERT IGNORE INTO AlamatPembeli (id_pembeli, id_alamat, id_pesanan, is_default) VALUES (12, 14, NULL, TRUE);
INSERT IGNORE INTO AlamatPembeli (id_pembeli, id_alamat, id_pesanan, is_default) VALUES (12, 54, NULL, FALSE);
INSERT IGNORE INTO AlamatPembeli (id_pembeli, id_alamat, id_pesanan, is_default) VALUES (12, 61, NULL, FALSE);
INSERT IGNORE INTO AlamatPembeli (id_pembeli, id_alamat, id_pesanan, is_default) VALUES (13, 74, NULL, TRUE);
INSERT IGNORE INTO AlamatPembeli (id_pembeli, id_alamat, id_pesanan, is_default) VALUES (14, 64, NULL, TRUE);
INSERT IGNORE INTO AlamatPembeli (id_pembeli, id_alamat, id_pesanan, is_default) VALUES (15, 76, NULL, TRUE);
INSERT IGNORE INTO AlamatPembeli (id_pembeli, id_alamat, id_pesanan, is_default) VALUES (15, 5, NULL, FALSE);
INSERT IGNORE INTO AlamatPembeli (id_pembeli, id_alamat, id_pesanan, is_default) VALUES (16, 56, NULL, TRUE);
INSERT IGNORE INTO AlamatPembeli (id_pembeli, id_alamat, id_pesanan, is_default) VALUES (17, 97, NULL, TRUE);
INSERT IGNORE INTO AlamatPembeli (id_pembeli, id_alamat, id_pesanan, is_default) VALUES (18, 24, NULL, TRUE);
INSERT IGNORE INTO AlamatPembeli (id_pembeli, id_alamat, id_pesanan, is_default) VALUES (18, 42, NULL, FALSE);
INSERT IGNORE INTO AlamatPembeli (id_pembeli, id_alamat, id_pesanan, is_default) VALUES (19, 28, NULL, TRUE);
INSERT IGNORE INTO AlamatPembeli (id_pembeli, id_alamat, id_pesanan, is_default) VALUES (19, 29, NULL, FALSE);
INSERT IGNORE INTO AlamatPembeli (id_pembeli, id_alamat, id_pesanan, is_default) VALUES (19, 4, NULL, FALSE);
INSERT IGNORE INTO AlamatPembeli (id_pembeli, id_alamat, id_pesanan, is_default) VALUES (20, 64, NULL, TRUE);
INSERT IGNORE INTO AlamatPembeli (id_pembeli, id_alamat, id_pesanan, is_default) VALUES (20, 34, NULL, FALSE);
INSERT IGNORE INTO AlamatPembeli (id_pembeli, id_alamat, id_pesanan, is_default) VALUES (20, 8, NULL, FALSE);
INSERT IGNORE INTO AlamatPembeli (id_pembeli, id_alamat, id_pesanan, is_default) VALUES (21, 49, NULL, TRUE);
INSERT IGNORE INTO AlamatPembeli (id_pembeli, id_alamat, id_pesanan, is_default) VALUES (21, 85, NULL, FALSE);
INSERT IGNORE INTO AlamatPembeli (id_pembeli, id_alamat, id_pesanan, is_default) VALUES (21, 37, NULL, FALSE);
INSERT IGNORE INTO AlamatPembeli (id_pembeli, id_alamat, id_pesanan, is_default) VALUES (22, 48, NULL, TRUE);
INSERT IGNORE INTO AlamatPembeli (id_pembeli, id_alamat, id_pesanan, is_default) VALUES (22, 57, NULL, FALSE);
INSERT IGNORE INTO AlamatPembeli (id_pembeli, id_alamat, id_pesanan, is_default) VALUES (22, 60, NULL, FALSE);
INSERT IGNORE INTO AlamatPembeli (id_pembeli, id_alamat, id_pesanan, is_default) VALUES (23, 55, NULL, TRUE);
INSERT IGNORE INTO AlamatPembeli (id_pembeli, id_alamat, id_pesanan, is_default) VALUES (24, 29, NULL, TRUE);
INSERT IGNORE INTO AlamatPembeli (id_pembeli, id_alamat, id_pesanan, is_default) VALUES (25, 59, NULL, TRUE);
INSERT IGNORE INTO AlamatPembeli (id_pembeli, id_alamat, id_pesanan, is_default) VALUES (26, 70, NULL, TRUE);
INSERT IGNORE INTO AlamatPembeli (id_pembeli, id_alamat, id_pesanan, is_default) VALUES (27, 29, NULL, TRUE);
INSERT IGNORE INTO AlamatPembeli (id_pembeli, id_alamat, id_pesanan, is_default) VALUES (27, 70, NULL, FALSE);
INSERT IGNORE INTO AlamatPembeli (id_pembeli, id_alamat, id_pesanan, is_default) VALUES (27, 21, NULL, FALSE);
INSERT IGNORE INTO AlamatPembeli (id_pembeli, id_alamat, id_pesanan, is_default) VALUES (28, 75, NULL, TRUE);
INSERT IGNORE INTO AlamatPembeli (id_pembeli, id_alamat, id_pesanan, is_default) VALUES (28, 21, NULL, FALSE);
INSERT IGNORE INTO AlamatPembeli (id_pembeli, id_alamat, id_pesanan, is_default) VALUES (29, 3, NULL, TRUE);
INSERT IGNORE INTO AlamatPembeli (id_pembeli, id_alamat, id_pesanan, is_default) VALUES (30, 5, NULL, TRUE);
INSERT IGNORE INTO AlamatPembeli (id_pembeli, id_alamat, id_pesanan, is_default) VALUES (30, 40, NULL, FALSE);
INSERT IGNORE INTO AlamatPembeli (id_pembeli, id_alamat, id_pesanan, is_default) VALUES (30, 29, NULL, FALSE);
INSERT IGNORE INTO AlamatPembeli (id_pembeli, id_alamat, id_pesanan, is_default) VALUES (31, 10, NULL, TRUE);
INSERT IGNORE INTO AlamatPembeli (id_pembeli, id_alamat, id_pesanan, is_default) VALUES (32, 47, NULL, TRUE);
INSERT IGNORE INTO AlamatPembeli (id_pembeli, id_alamat, id_pesanan, is_default) VALUES (32, 22, NULL, FALSE);
INSERT IGNORE INTO AlamatPembeli (id_pembeli, id_alamat, id_pesanan, is_default) VALUES (32, 83, NULL, FALSE);
INSERT IGNORE INTO AlamatPembeli (id_pembeli, id_alamat, id_pesanan, is_default) VALUES (33, 33, NULL, TRUE);
INSERT IGNORE INTO AlamatPembeli (id_pembeli, id_alamat, id_pesanan, is_default) VALUES (34, 21, NULL, TRUE);
INSERT IGNORE INTO AlamatPembeli (id_pembeli, id_alamat, id_pesanan, is_default) VALUES (34, 60, NULL, FALSE);
INSERT IGNORE INTO AlamatPembeli (id_pembeli, id_alamat, id_pesanan, is_default) VALUES (35, 18, NULL, TRUE);
INSERT IGNORE INTO AlamatPembeli (id_pembeli, id_alamat, id_pesanan, is_default) VALUES (35, 19, NULL, FALSE);
INSERT IGNORE INTO AlamatPembeli (id_pembeli, id_alamat, id_pesanan, is_default) VALUES (36, 2, NULL, TRUE);
INSERT IGNORE INTO AlamatPembeli (id_pembeli, id_alamat, id_pesanan, is_default) VALUES (36, 42, NULL, FALSE);
INSERT IGNORE INTO AlamatPembeli (id_pembeli, id_alamat, id_pesanan, is_default) VALUES (36, 22, NULL, FALSE);
INSERT IGNORE INTO AlamatPembeli (id_pembeli, id_alamat, id_pesanan, is_default) VALUES (37, 64, NULL, TRUE);
INSERT IGNORE INTO AlamatPembeli (id_pembeli, id_alamat, id_pesanan, is_default) VALUES (38, 17, NULL, TRUE);
INSERT IGNORE INTO AlamatPembeli (id_pembeli, id_alamat, id_pesanan, is_default) VALUES (38, 45, NULL, FALSE);
INSERT IGNORE INTO AlamatPembeli (id_pembeli, id_alamat, id_pesanan, is_default) VALUES (38, 76, NULL, FALSE);
INSERT IGNORE INTO AlamatPembeli (id_pembeli, id_alamat, id_pesanan, is_default) VALUES (39, 6, NULL, TRUE);
INSERT IGNORE INTO AlamatPembeli (id_pembeli, id_alamat, id_pesanan, is_default) VALUES (39, 11, NULL, FALSE);
INSERT IGNORE INTO AlamatPembeli (id_pembeli, id_alamat, id_pesanan, is_default) VALUES (40, 59, NULL, TRUE);
INSERT IGNORE INTO AlamatPembeli (id_pembeli, id_alamat, id_pesanan, is_default) VALUES (40, 68, NULL, FALSE);
INSERT IGNORE INTO AlamatPembeli (id_pembeli, id_alamat, id_pesanan, is_default) VALUES (41, 29, NULL, TRUE);
INSERT IGNORE INTO AlamatPembeli (id_pembeli, id_alamat, id_pesanan, is_default) VALUES (41, 77, NULL, FALSE);
INSERT IGNORE INTO AlamatPembeli (id_pembeli, id_alamat, id_pesanan, is_default) VALUES (42, 12, NULL, TRUE);
INSERT IGNORE INTO AlamatPembeli (id_pembeli, id_alamat, id_pesanan, is_default) VALUES (43, 35, NULL, TRUE);
INSERT IGNORE INTO AlamatPembeli (id_pembeli, id_alamat, id_pesanan, is_default) VALUES (44, 42, NULL, TRUE);
INSERT IGNORE INTO AlamatPembeli (id_pembeli, id_alamat, id_pesanan, is_default) VALUES (44, 3, NULL, FALSE);
INSERT IGNORE INTO AlamatPembeli (id_pembeli, id_alamat, id_pesanan, is_default) VALUES (45, 22, NULL, TRUE);
INSERT IGNORE INTO AlamatPembeli (id_pembeli, id_alamat, id_pesanan, is_default) VALUES (46, 5, NULL, TRUE);
INSERT IGNORE INTO AlamatPembeli (id_pembeli, id_alamat, id_pesanan, is_default) VALUES (47, 57, NULL, TRUE);
INSERT IGNORE INTO AlamatPembeli (id_pembeli, id_alamat, id_pesanan, is_default) VALUES (47, 21, NULL, FALSE);
INSERT IGNORE INTO AlamatPembeli (id_pembeli, id_alamat, id_pesanan, is_default) VALUES (48, 89, NULL, TRUE);
INSERT IGNORE INTO AlamatPembeli (id_pembeli, id_alamat, id_pesanan, is_default) VALUES (48, 31, NULL, FALSE);
INSERT IGNORE INTO AlamatPembeli (id_pembeli, id_alamat, id_pesanan, is_default) VALUES (48, 86, NULL, FALSE);
INSERT IGNORE INTO AlamatPembeli (id_pembeli, id_alamat, id_pesanan, is_default) VALUES (49, 84, NULL, TRUE);
INSERT IGNORE INTO AlamatPembeli (id_pembeli, id_alamat, id_pesanan, is_default) VALUES (50, 5, NULL, TRUE);
INSERT IGNORE INTO AlamatPembeli (id_pembeli, id_alamat, id_pesanan, is_default) VALUES (51, 4, NULL, TRUE);
INSERT IGNORE INTO AlamatPembeli (id_pembeli, id_alamat, id_pesanan, is_default) VALUES (51, 44, NULL, FALSE);
INSERT IGNORE INTO AlamatPembeli (id_pembeli, id_alamat, id_pesanan, is_default) VALUES (52, 7, NULL, TRUE);
INSERT IGNORE INTO AlamatPembeli (id_pembeli, id_alamat, id_pesanan, is_default) VALUES (52, 12, NULL, FALSE);
INSERT IGNORE INTO AlamatPembeli (id_pembeli, id_alamat, id_pesanan, is_default) VALUES (53, 58, NULL, TRUE);
INSERT IGNORE INTO AlamatPembeli (id_pembeli, id_alamat, id_pesanan, is_default) VALUES (53, 62, NULL, FALSE);
INSERT IGNORE INTO AlamatPembeli (id_pembeli, id_alamat, id_pesanan, is_default) VALUES (54, 9, NULL, TRUE);
INSERT IGNORE INTO AlamatPembeli (id_pembeli, id_alamat, id_pesanan, is_default) VALUES (54, 82, NULL, FALSE);
INSERT IGNORE INTO AlamatPembeli (id_pembeli, id_alamat, id_pesanan, is_default) VALUES (55, 29, NULL, TRUE);
INSERT IGNORE INTO AlamatPembeli (id_pembeli, id_alamat, id_pesanan, is_default) VALUES (55, 2, NULL, FALSE);
INSERT IGNORE INTO AlamatPembeli (id_pembeli, id_alamat, id_pesanan, is_default) VALUES (55, 54, NULL, FALSE);
INSERT IGNORE INTO AlamatPembeli (id_pembeli, id_alamat, id_pesanan, is_default) VALUES (56, 37, NULL, TRUE);
INSERT IGNORE INTO AlamatPembeli (id_pembeli, id_alamat, id_pesanan, is_default) VALUES (56, 63, NULL, FALSE);
INSERT IGNORE INTO AlamatPembeli (id_pembeli, id_alamat, id_pesanan, is_default) VALUES (56, 3, NULL, FALSE);
INSERT IGNORE INTO AlamatPembeli (id_pembeli, id_alamat, id_pesanan, is_default) VALUES (57, 46, NULL, TRUE);
INSERT IGNORE INTO AlamatPembeli (id_pembeli, id_alamat, id_pesanan, is_default) VALUES (57, 62, NULL, FALSE);
INSERT IGNORE INTO AlamatPembeli (id_pembeli, id_alamat, id_pesanan, is_default) VALUES (57, 32, NULL, FALSE);
INSERT IGNORE INTO AlamatPembeli (id_pembeli, id_alamat, id_pesanan, is_default) VALUES (58, 83, NULL, TRUE);
INSERT IGNORE INTO AlamatPembeli (id_pembeli, id_alamat, id_pesanan, is_default) VALUES (59, 99, NULL, TRUE);
INSERT IGNORE INTO AlamatPembeli (id_pembeli, id_alamat, id_pesanan, is_default) VALUES (59, 37, NULL, FALSE);
INSERT IGNORE INTO AlamatPembeli (id_pembeli, id_alamat, id_pesanan, is_default) VALUES (60, 66, NULL, TRUE);
INSERT IGNORE INTO AlamatPembeli (id_pembeli, id_alamat, id_pesanan, is_default) VALUES (60, 16, NULL, FALSE);

-- Keranjang
INSERT IGNORE INTO Keranjang (id_keranjang, id_pembeli) VALUES (1, 1);
INSERT IGNORE INTO Keranjang (id_keranjang, id_pembeli) VALUES (2, 2);
INSERT IGNORE INTO Keranjang (id_keranjang, id_pembeli) VALUES (3, 3);
INSERT IGNORE INTO Keranjang (id_keranjang, id_pembeli) VALUES (4, 4);
INSERT IGNORE INTO Keranjang (id_keranjang, id_pembeli) VALUES (5, 5);
INSERT IGNORE INTO Keranjang (id_keranjang, id_pembeli) VALUES (6, 6);
INSERT IGNORE INTO Keranjang (id_keranjang, id_pembeli) VALUES (7, 7);
INSERT IGNORE INTO Keranjang (id_keranjang, id_pembeli) VALUES (8, 8);
INSERT IGNORE INTO Keranjang (id_keranjang, id_pembeli) VALUES (9, 9);
INSERT IGNORE INTO Keranjang (id_keranjang, id_pembeli) VALUES (10, 10);
INSERT IGNORE INTO Keranjang (id_keranjang, id_pembeli) VALUES (11, 11);
INSERT IGNORE INTO Keranjang (id_keranjang, id_pembeli) VALUES (12, 12);
INSERT IGNORE INTO Keranjang (id_keranjang, id_pembeli) VALUES (13, 13);
INSERT IGNORE INTO Keranjang (id_keranjang, id_pembeli) VALUES (14, 14);
INSERT IGNORE INTO Keranjang (id_keranjang, id_pembeli) VALUES (15, 15);
INSERT IGNORE INTO Keranjang (id_keranjang, id_pembeli) VALUES (16, 16);
INSERT IGNORE INTO Keranjang (id_keranjang, id_pembeli) VALUES (17, 17);
INSERT IGNORE INTO Keranjang (id_keranjang, id_pembeli) VALUES (18, 18);
INSERT IGNORE INTO Keranjang (id_keranjang, id_pembeli) VALUES (19, 19);
INSERT IGNORE INTO Keranjang (id_keranjang, id_pembeli) VALUES (20, 20);
INSERT IGNORE INTO Keranjang (id_keranjang, id_pembeli) VALUES (21, 21);
INSERT IGNORE INTO Keranjang (id_keranjang, id_pembeli) VALUES (22, 22);
INSERT IGNORE INTO Keranjang (id_keranjang, id_pembeli) VALUES (23, 23);
INSERT IGNORE INTO Keranjang (id_keranjang, id_pembeli) VALUES (24, 24);
INSERT IGNORE INTO Keranjang (id_keranjang, id_pembeli) VALUES (25, 25);
INSERT IGNORE INTO Keranjang (id_keranjang, id_pembeli) VALUES (26, 26);
INSERT IGNORE INTO Keranjang (id_keranjang, id_pembeli) VALUES (27, 27);
INSERT IGNORE INTO Keranjang (id_keranjang, id_pembeli) VALUES (28, 28);
INSERT IGNORE INTO Keranjang (id_keranjang, id_pembeli) VALUES (29, 29);
INSERT IGNORE INTO Keranjang (id_keranjang, id_pembeli) VALUES (30, 30);
INSERT IGNORE INTO Keranjang (id_keranjang, id_pembeli) VALUES (31, 31);
INSERT IGNORE INTO Keranjang (id_keranjang, id_pembeli) VALUES (32, 32);
INSERT IGNORE INTO Keranjang (id_keranjang, id_pembeli) VALUES (33, 33);
INSERT IGNORE INTO Keranjang (id_keranjang, id_pembeli) VALUES (34, 34);
INSERT IGNORE INTO Keranjang (id_keranjang, id_pembeli) VALUES (35, 35);
INSERT IGNORE INTO Keranjang (id_keranjang, id_pembeli) VALUES (36, 36);
INSERT IGNORE INTO Keranjang (id_keranjang, id_pembeli) VALUES (37, 37);
INSERT IGNORE INTO Keranjang (id_keranjang, id_pembeli) VALUES (38, 38);
INSERT IGNORE INTO Keranjang (id_keranjang, id_pembeli) VALUES (39, 39);
INSERT IGNORE INTO Keranjang (id_keranjang, id_pembeli) VALUES (40, 40);
INSERT IGNORE INTO Keranjang (id_keranjang, id_pembeli) VALUES (41, 41);
INSERT IGNORE INTO Keranjang (id_keranjang, id_pembeli) VALUES (42, 42);
INSERT IGNORE INTO Keranjang (id_keranjang, id_pembeli) VALUES (43, 43);
INSERT IGNORE INTO Keranjang (id_keranjang, id_pembeli) VALUES (44, 44);
INSERT IGNORE INTO Keranjang (id_keranjang, id_pembeli) VALUES (45, 45);
INSERT IGNORE INTO Keranjang (id_keranjang, id_pembeli) VALUES (46, 46);
INSERT IGNORE INTO Keranjang (id_keranjang, id_pembeli) VALUES (47, 47);
INSERT IGNORE INTO Keranjang (id_keranjang, id_pembeli) VALUES (48, 48);
INSERT IGNORE INTO Keranjang (id_keranjang, id_pembeli) VALUES (49, 49);
INSERT IGNORE INTO Keranjang (id_keranjang, id_pembeli) VALUES (50, 50);
INSERT IGNORE INTO Keranjang (id_keranjang, id_pembeli) VALUES (51, 51);
INSERT IGNORE INTO Keranjang (id_keranjang, id_pembeli) VALUES (52, 52);
INSERT IGNORE INTO Keranjang (id_keranjang, id_pembeli) VALUES (53, 53);
INSERT IGNORE INTO Keranjang (id_keranjang, id_pembeli) VALUES (54, 54);
INSERT IGNORE INTO Keranjang (id_keranjang, id_pembeli) VALUES (55, 55);
INSERT IGNORE INTO Keranjang (id_keranjang, id_pembeli) VALUES (56, 56);
INSERT IGNORE INTO Keranjang (id_keranjang, id_pembeli) VALUES (57, 57);
INSERT IGNORE INTO Keranjang (id_keranjang, id_pembeli) VALUES (58, 58);
INSERT IGNORE INTO Keranjang (id_keranjang, id_pembeli) VALUES (59, 59);
INSERT IGNORE INTO Keranjang (id_keranjang, id_pembeli) VALUES (60, 60);

-- AtributVarian
INSERT IGNORE INTO AtributVarian (atribut_varian, nama) VALUES ('WARNA', 'Warna');
INSERT IGNORE INTO AtributVarian (atribut_varian, nama) VALUES ('UKURAN', 'Ukuran');
INSERT IGNORE INTO AtributVarian (atribut_varian, nama) VALUES ('MATERIAL', 'Material');
INSERT IGNORE INTO AtributVarian (atribut_varian, nama) VALUES ('RAM', 'RAM');
INSERT IGNORE INTO AtributVarian (atribut_varian, nama) VALUES ('STORAGE_INTERNAL', 'Penyimpanan Internal');
INSERT IGNORE INTO AtributVarian (atribut_varian, nama) VALUES ('JENIS_KAIN', 'Jenis Kain');
INSERT IGNORE INTO AtributVarian (atribut_varian, nama) VALUES ('RESOLUSI_LAYAR', 'Resolusi Layar');

-- Produk, VarianProduk, ProdukVarianAtribut
INSERT IGNORE INTO Produk (id_produk, id_penjual, nama, deskripsi) VALUES (1, 40, 'Strategize Magnetic Functionalities Serbaguna', 'Ipsam ipsam culpa debitis. Sapiente harum earum consequatur voluptatum sint est. Hic labore corporis eveniet laboriosam saepe.');
INSERT IGNORE INTO VarianProduk (sku, harga, stok) VALUES ('SKU000001', 2084802.86, 9);
INSERT IGNORE INTO ProdukVarianAtribut (id_produk, atribut_varian, sku, nilai) VALUES (1, 'UKURAN', 'SKU000001', 'L');
INSERT IGNORE INTO Produk (id_produk, id_penjual, nama, deskripsi) VALUES (2, 3, 'Generate Clicks-And-Mortar Functionalities Premium', 'Eos eveniet expedita soluta libero. Ad qui labore aliquid laudantium et eligendi. Provident suscipit voluptatibus aperiam. Natus nemo possimus facilis enim recusandae saepe.');
INSERT IGNORE INTO VarianProduk (sku, harga, stok) VALUES ('SKU000002', 1046923.66, 84);
INSERT IGNORE INTO ProdukVarianAtribut (id_produk, atribut_varian, sku, nilai) VALUES (2, 'JENIS_KAIN', 'SKU000002', 'Rayon');
INSERT IGNORE INTO VarianProduk (sku, harga, stok) VALUES ('SKU000003', 889522.89, 47);
INSERT IGNORE INTO ProdukVarianAtribut (id_produk, atribut_varian, sku, nilai) VALUES (2, 'UKURAN', 'SKU000003', 'S');
INSERT IGNORE INTO Produk (id_produk, id_penjual, nama, deskripsi) VALUES (3, 3, 'Integrate Back-End E-Services Premium', 'Reprehenderit eaque vitae. Eos quisquam quaerat harum.');
INSERT IGNORE INTO VarianProduk (sku, harga, stok) VALUES ('SKU000004', 121705.43, 80);
INSERT IGNORE INTO ProdukVarianAtribut (id_produk, atribut_varian, sku, nilai) VALUES (3, 'STORAGE_INTERNAL', 'SKU000004', '64GB');
INSERT IGNORE INTO Produk (id_produk, id_penjual, nama, deskripsi) VALUES (4, 4, 'Engage Holistic Niches Premium', 'Cum eveniet id maxime ducimus sit maiores dolorem. Excepturi error facere. Molestias dolore ullam eveniet. Unde delectus deleniti reprehenderit fuga amet.');
INSERT IGNORE INTO VarianProduk (sku, harga, stok) VALUES ('SKU000005', 1274275.3, 102);
INSERT IGNORE INTO ProdukVarianAtribut (id_produk, atribut_varian, sku, nilai) VALUES (4, 'UKURAN', 'SKU000005', '40');
INSERT IGNORE INTO VarianProduk (sku, harga, stok) VALUES ('SKU000006', 109575.8, 67);
INSERT IGNORE INTO ProdukVarianAtribut (id_produk, atribut_varian, sku, nilai) VALUES (4, 'RESOLUSI_LAYAR', 'SKU000006', 'HD');
INSERT IGNORE INTO VarianProduk (sku, harga, stok) VALUES ('SKU000007', 2058925.8, 24);
INSERT IGNORE INTO ProdukVarianAtribut (id_produk, atribut_varian, sku, nilai) VALUES (4, 'MATERIAL', 'SKU000007', 'Kulit Sintetis PU');
INSERT IGNORE INTO ProdukVarianAtribut (id_produk, atribut_varian, sku, nilai) VALUES (4, 'RAM', 'SKU000007', '16GB');
INSERT IGNORE INTO Produk (id_produk, id_penjual, nama, deskripsi) VALUES (5, 34, 'Orchestrate Cross-Platform E-Services Premium', 'Odio nihil numquam dolorum repellendus magni. Veritatis quo alias sunt quis voluptate.');
INSERT IGNORE INTO VarianProduk (sku, harga, stok) VALUES ('SKU000008', 357711.37, 51);
INSERT IGNORE INTO ProdukVarianAtribut (id_produk, atribut_varian, sku, nilai) VALUES (5, 'MATERIAL', 'SKU000008', 'Kanvas Tebal');
INSERT IGNORE INTO ProdukVarianAtribut (id_produk, atribut_varian, sku, nilai) VALUES (5, 'RAM', 'SKU000008', '16GB');
INSERT IGNORE INTO Produk (id_produk, id_penjual, nama, deskripsi) VALUES (6, 47, 'Engage Clicks-And-Mortar Methodologies Serbaguna', 'Numquam fugit atque facere impedit recusandae. Asperiores earum exercitationem unde ipsam molestias repellendus cumque. Aspernatur cumque officiis tenetur velit. Sequi temporibus quo.');
INSERT IGNORE INTO VarianProduk (sku, harga, stok) VALUES ('SKU000009', 2602001.28, 4);
INSERT IGNORE INTO ProdukVarianAtribut (id_produk, atribut_varian, sku, nilai) VALUES (6, 'MATERIAL', 'SKU000009', 'Kulit Sintetis PU');
INSERT IGNORE INTO VarianProduk (sku, harga, stok) VALUES ('SKU000010', 2205665.45, 89);
INSERT IGNORE INTO ProdukVarianAtribut (id_produk, atribut_varian, sku, nilai) VALUES (6, 'RESOLUSI_LAYAR', 'SKU000010', 'QHD');
INSERT IGNORE INTO ProdukVarianAtribut (id_produk, atribut_varian, sku, nilai) VALUES (6, 'MATERIAL', 'SKU000010', 'Katun Combed 30s');
INSERT IGNORE INTO VarianProduk (sku, harga, stok) VALUES ('SKU000011', 148732.1, 140);
INSERT IGNORE INTO ProdukVarianAtribut (id_produk, atribut_varian, sku, nilai) VALUES (6, 'UKURAN', 'SKU000011', '40');
INSERT IGNORE INTO Produk (id_produk, id_penjual, nama, deskripsi) VALUES (7, 10, 'Extend Mission-Critical E-Commerce Edisi Terbatas', 'Doloremque incidunt tenetur aspernatur velit dolorum. Vero autem suscipit provident.');
INSERT IGNORE INTO VarianProduk (sku, harga, stok) VALUES ('SKU000012', 518465.07, 50);
INSERT IGNORE INTO ProdukVarianAtribut (id_produk, atribut_varian, sku, nilai) VALUES (7, 'UKURAN', 'SKU000012', '38');
INSERT IGNORE INTO ProdukVarianAtribut (id_produk, atribut_varian, sku, nilai) VALUES (7, 'RAM', 'SKU000012', '8GB');
INSERT IGNORE INTO ProdukVarianAtribut (id_produk, atribut_varian, sku, nilai) VALUES (7, 'WARNA', 'SKU000012', 'Biru');
INSERT IGNORE INTO VarianProduk (sku, harga, stok) VALUES ('SKU000013', 2554964.78, 77);
INSERT IGNORE INTO ProdukVarianAtribut (id_produk, atribut_varian, sku, nilai) VALUES (7, 'JENIS_KAIN', 'SKU000013', 'Denim');
INSERT IGNORE INTO ProdukVarianAtribut (id_produk, atribut_varian, sku, nilai) VALUES (7, 'UKURAN', 'SKU000013', '41');
INSERT IGNORE INTO ProdukVarianAtribut (id_produk, atribut_varian, sku, nilai) VALUES (7, 'STORAGE_INTERNAL', 'SKU000013', '1TB');
INSERT IGNORE INTO Produk (id_produk, id_penjual, nama, deskripsi) VALUES (8, 24, 'Generate Holistic Action-Items Premium', 'Cupiditate sequi tempora culpa non. Rerum in quasi veritatis. Cupiditate esse veniam. Eaque itaque ea ipsam veniam.');
INSERT IGNORE INTO VarianProduk (sku, harga, stok) VALUES ('SKU000014', 1539816.82, 130);
INSERT IGNORE INTO ProdukVarianAtribut (id_produk, atribut_varian, sku, nilai) VALUES (8, 'WARNA', 'SKU000014', 'Emas');
INSERT IGNORE INTO ProdukVarianAtribut (id_produk, atribut_varian, sku, nilai) VALUES (8, 'MATERIAL', 'SKU000014', 'Stainless Steel 304');
INSERT IGNORE INTO VarianProduk (sku, harga, stok) VALUES ('SKU000015', 1698662.76, 32);
INSERT IGNORE INTO ProdukVarianAtribut (id_produk, atribut_varian, sku, nilai) VALUES (8, 'UKURAN', 'SKU000015', '38');
INSERT IGNORE INTO ProdukVarianAtribut (id_produk, atribut_varian, sku, nilai) VALUES (8, 'RAM', 'SKU000015', '8GB');
INSERT IGNORE INTO ProdukVarianAtribut (id_produk, atribut_varian, sku, nilai) VALUES (8, 'RESOLUSI_LAYAR', 'SKU000015', 'HD');
INSERT IGNORE INTO Produk (id_produk, id_penjual, nama, deskripsi) VALUES (9, 19, 'Reinvent Turn-Key Markets Edisi Terbatas', 'Cum occaecati voluptatibus illum reiciendis nisi.');
INSERT IGNORE INTO VarianProduk (sku, harga, stok) VALUES ('SKU000016', 238358.2, 51);
INSERT IGNORE INTO ProdukVarianAtribut (id_produk, atribut_varian, sku, nilai) VALUES (9, 'RESOLUSI_LAYAR', 'SKU000016', 'HD');
INSERT IGNORE INTO ProdukVarianAtribut (id_produk, atribut_varian, sku, nilai) VALUES (9, 'STORAGE_INTERNAL', 'SKU000016', '128GB');
INSERT IGNORE INTO ProdukVarianAtribut (id_produk, atribut_varian, sku, nilai) VALUES (9, 'MATERIAL', 'SKU000016', 'Kanvas Tebal');
INSERT IGNORE INTO VarianProduk (sku, harga, stok) VALUES ('SKU000017', 1630797.42, 96);
INSERT IGNORE INTO ProdukVarianAtribut (id_produk, atribut_varian, sku, nilai) VALUES (9, 'RAM', 'SKU000017', '4GB');
INSERT IGNORE INTO ProdukVarianAtribut (id_produk, atribut_varian, sku, nilai) VALUES (9, 'JENIS_KAIN', 'SKU000017', 'Denim');
INSERT IGNORE INTO ProdukVarianAtribut (id_produk, atribut_varian, sku, nilai) VALUES (9, 'UKURAN', 'SKU000017', '40');
INSERT IGNORE INTO Produk (id_produk, id_penjual, nama, deskripsi) VALUES (10, 4, 'Enable 24/365 Interfaces Modern', 'Deleniti facere unde quas temporibus numquam repudiandae. Nihil modi eius dignissimos recusandae quod deserunt. Dolorum ut illum harum mollitia similique necessitatibus. Nobis magni ratione ea sapiente recusandae culpa.');
INSERT IGNORE INTO VarianProduk (sku, harga, stok) VALUES ('SKU000018', 2147017.62, 54);
INSERT IGNORE INTO ProdukVarianAtribut (id_produk, atribut_varian, sku, nilai) VALUES (10, 'STORAGE_INTERNAL', 'SKU000018', '128GB');
INSERT IGNORE INTO VarianProduk (sku, harga, stok) VALUES ('SKU000019', 900399.26, 100);
INSERT IGNORE INTO ProdukVarianAtribut (id_produk, atribut_varian, sku, nilai) VALUES (10, 'MATERIAL', 'SKU000019', 'Kanvas Tebal');
INSERT IGNORE INTO ProdukVarianAtribut (id_produk, atribut_varian, sku, nilai) VALUES (10, 'RAM', 'SKU000019', '4GB');
INSERT IGNORE INTO Produk (id_produk, id_penjual, nama, deskripsi) VALUES (11, 39, 'Synthesize Ubiquitous Functionalities Serbaguna', 'Sint ex animi culpa inventore laborum eius. Nisi recusandae est perspiciatis. Enim doloribus necessitatibus itaque.');
INSERT IGNORE INTO VarianProduk (sku, harga, stok) VALUES ('SKU000020', 1483956.67, 50);
INSERT IGNORE INTO ProdukVarianAtribut (id_produk, atribut_varian, sku, nilai) VALUES (11, 'WARNA', 'SKU000020', 'Biru');
INSERT IGNORE INTO VarianProduk (sku, harga, stok) VALUES ('SKU000021', 1426878.04, 96);
INSERT IGNORE INTO ProdukVarianAtribut (id_produk, atribut_varian, sku, nilai) VALUES (11, 'RESOLUSI_LAYAR', 'SKU000021', 'QHD');
INSERT IGNORE INTO VarianProduk (sku, harga, stok) VALUES ('SKU000022', 1371322.52, 102);
INSERT IGNORE INTO ProdukVarianAtribut (id_produk, atribut_varian, sku, nilai) VALUES (11, 'STORAGE_INTERNAL', 'SKU000022', '128GB');
INSERT IGNORE INTO ProdukVarianAtribut (id_produk, atribut_varian, sku, nilai) VALUES (11, 'RESOLUSI_LAYAR', 'SKU000022', 'FHD');
INSERT IGNORE INTO ProdukVarianAtribut (id_produk, atribut_varian, sku, nilai) VALUES (11, 'MATERIAL', 'SKU000022', 'Polyester Blend');
INSERT IGNORE INTO Produk (id_produk, id_penjual, nama, deskripsi) VALUES (12, 20, 'Whiteboard E-Business Paradigms Serbaguna', 'Sunt sint doloremque dolores. Error pariatur at quae sequi. Dicta veritatis esse quae perferendis.');
INSERT IGNORE INTO VarianProduk (sku, harga, stok) VALUES ('SKU000023', 1021252.45, 124);
INSERT IGNORE INTO ProdukVarianAtribut (id_produk, atribut_varian, sku, nilai) VALUES (12, 'JENIS_KAIN', 'SKU000023', 'Satin');
INSERT IGNORE INTO VarianProduk (sku, harga, stok) VALUES ('SKU000024', 1443597.17, 99);
INSERT IGNORE INTO ProdukVarianAtribut (id_produk, atribut_varian, sku, nilai) VALUES (12, 'MATERIAL', 'SKU000024', 'Kulit Sintetis PU');
INSERT IGNORE INTO ProdukVarianAtribut (id_produk, atribut_varian, sku, nilai) VALUES (12, 'UKURAN', 'SKU000024', '38');
INSERT IGNORE INTO Produk (id_produk, id_penjual, nama, deskripsi) VALUES (13, 42, 'Leverage Holistic Interfaces Premium', 'Sunt assumenda sed voluptas vel sit. Beatae voluptates ex autem perferendis repudiandae quisquam. Voluptas quisquam reiciendis.');
INSERT IGNORE INTO VarianProduk (sku, harga, stok) VALUES ('SKU000025', 275787.14, 75);
INSERT IGNORE INTO ProdukVarianAtribut (id_produk, atribut_varian, sku, nilai) VALUES (13, 'JENIS_KAIN', 'SKU000025', 'Satin');
INSERT IGNORE INTO ProdukVarianAtribut (id_produk, atribut_varian, sku, nilai) VALUES (13, 'MATERIAL', 'SKU000025', 'Kulit Sintetis PU');
INSERT IGNORE INTO Produk (id_produk, id_penjual, nama, deskripsi) VALUES (14, 45, 'Harness Virtual Solutions Serbaguna', 'Accusantium magni cum reiciendis porro alias nostrum. Hic alias inventore sint distinctio ut minus.');
INSERT IGNORE INTO VarianProduk (sku, harga, stok) VALUES ('SKU000026', 2003605.68, 97);
INSERT IGNORE INTO ProdukVarianAtribut (id_produk, atribut_varian, sku, nilai) VALUES (14, 'WARNA', 'SKU000026', 'Putih');
INSERT IGNORE INTO ProdukVarianAtribut (id_produk, atribut_varian, sku, nilai) VALUES (14, 'JENIS_KAIN', 'SKU000026', 'Satin');
INSERT IGNORE INTO ProdukVarianAtribut (id_produk, atribut_varian, sku, nilai) VALUES (14, 'RAM', 'SKU000026', '12GB');
INSERT IGNORE INTO VarianProduk (sku, harga, stok) VALUES ('SKU000027', 1734396.07, 16);
INSERT IGNORE INTO ProdukVarianAtribut (id_produk, atribut_varian, sku, nilai) VALUES (14, 'WARNA', 'SKU000027', 'Ungu tua');
INSERT IGNORE INTO ProdukVarianAtribut (id_produk, atribut_varian, sku, nilai) VALUES (14, 'UKURAN', 'SKU000027', 'All Size');
INSERT IGNORE INTO Produk (id_produk, id_penjual, nama, deskripsi) VALUES (15, 50, 'Re-Intermediate Dot-Com Content Serbaguna', 'Labore quos dolorem nemo assumenda laboriosam.');
INSERT IGNORE INTO VarianProduk (sku, harga, stok) VALUES ('SKU000028', 1006658.44, 71);
INSERT IGNORE INTO ProdukVarianAtribut (id_produk, atribut_varian, sku, nilai) VALUES (15, 'RAM', 'SKU000028', '16GB');
INSERT IGNORE INTO ProdukVarianAtribut (id_produk, atribut_varian, sku, nilai) VALUES (15, 'WARNA', 'SKU000028', 'Biru');
INSERT IGNORE INTO Produk (id_produk, id_penjual, nama, deskripsi) VALUES (16, 44, 'Strategize Killer Deliverables Modern', 'Dolorem quis numquam rem. Nam necessitatibus dolorem hic optio magnam beatae.');
INSERT IGNORE INTO VarianProduk (sku, harga, stok) VALUES ('SKU000029', 2172422.06, 143);
INSERT IGNORE INTO ProdukVarianAtribut (id_produk, atribut_varian, sku, nilai) VALUES (16, 'UKURAN', 'SKU000029', 'L');
INSERT IGNORE INTO VarianProduk (sku, harga, stok) VALUES ('SKU000030', 2794044.6, 79);
INSERT IGNORE INTO ProdukVarianAtribut (id_produk, atribut_varian, sku, nilai) VALUES (16, 'RESOLUSI_LAYAR', 'SKU000030', 'FHD');
INSERT IGNORE INTO VarianProduk (sku, harga, stok) VALUES ('SKU000031', 51958.18, 88);
INSERT IGNORE INTO ProdukVarianAtribut (id_produk, atribut_varian, sku, nilai) VALUES (16, 'WARNA', 'SKU000031', 'Coklat tua');
INSERT IGNORE INTO Produk (id_produk, id_penjual, nama, deskripsi) VALUES (17, 27, 'Leverage Wireless Niches Serbaguna', 'Iure accusamus rerum deleniti. Voluptate ea earum omnis amet atque quasi vero.');
INSERT IGNORE INTO VarianProduk (sku, harga, stok) VALUES ('SKU000032', 1927955.94, 74);
INSERT IGNORE INTO ProdukVarianAtribut (id_produk, atribut_varian, sku, nilai) VALUES (17, 'UKURAN', 'SKU000032', 'L');
INSERT IGNORE INTO ProdukVarianAtribut (id_produk, atribut_varian, sku, nilai) VALUES (17, 'RAM', 'SKU000032', '8GB');
INSERT IGNORE INTO ProdukVarianAtribut (id_produk, atribut_varian, sku, nilai) VALUES (17, 'MATERIAL', 'SKU000032', 'Polyester Blend');
INSERT IGNORE INTO Produk (id_produk, id_penjual, nama, deskripsi) VALUES (18, 22, 'Facilitate Seamless Synergies Premium', 'Eos debitis quas distinctio nulla dolorem hic sunt. Amet adipisci dolorum inventore quos blanditiis.');
INSERT IGNORE INTO VarianProduk (sku, harga, stok) VALUES ('SKU000033', 1462074.48, 127);
INSERT IGNORE INTO ProdukVarianAtribut (id_produk, atribut_varian, sku, nilai) VALUES (18, 'UKURAN', 'SKU000033', '39');
INSERT IGNORE INTO ProdukVarianAtribut (id_produk, atribut_varian, sku, nilai) VALUES (18, 'WARNA', 'SKU000033', 'Abu-abu');
INSERT IGNORE INTO VarianProduk (sku, harga, stok) VALUES ('SKU000034', 98580.8, 5);
INSERT IGNORE INTO ProdukVarianAtribut (id_produk, atribut_varian, sku, nilai) VALUES (18, 'UKURAN', 'SKU000034', 'XXL');
INSERT IGNORE INTO Produk (id_produk, id_penjual, nama, deskripsi) VALUES (19, 2, 'Revolutionize B2C Web-Readiness Modern', 'Itaque quis esse repudiandae cum doloremque vel. Assumenda iure quas eligendi eius impedit.');
INSERT IGNORE INTO VarianProduk (sku, harga, stok) VALUES ('SKU000035', 1239163.47, 79);
INSERT IGNORE INTO ProdukVarianAtribut (id_produk, atribut_varian, sku, nilai) VALUES (19, 'RESOLUSI_LAYAR', 'SKU000035', 'HD');
INSERT IGNORE INTO ProdukVarianAtribut (id_produk, atribut_varian, sku, nilai) VALUES (19, 'STORAGE_INTERNAL', 'SKU000035', '1TB');
INSERT IGNORE INTO VarianProduk (sku, harga, stok) VALUES ('SKU000036', 2900181.07, 80);
INSERT IGNORE INTO ProdukVarianAtribut (id_produk, atribut_varian, sku, nilai) VALUES (19, 'JENIS_KAIN', 'SKU000036', 'Satin');
INSERT IGNORE INTO ProdukVarianAtribut (id_produk, atribut_varian, sku, nilai) VALUES (19, 'WARNA', 'SKU000036', 'Biru muda');
INSERT IGNORE INTO ProdukVarianAtribut (id_produk, atribut_varian, sku, nilai) VALUES (19, 'RESOLUSI_LAYAR', 'SKU000036', '4K');
INSERT IGNORE INTO Produk (id_produk, id_penjual, nama, deskripsi) VALUES (20, 15, 'Repurpose Customized Technologies Serbaguna', 'Voluptate eveniet quia dolorem.');
INSERT IGNORE INTO VarianProduk (sku, harga, stok) VALUES ('SKU000037', 867326.48, 120);
INSERT IGNORE INTO ProdukVarianAtribut (id_produk, atribut_varian, sku, nilai) VALUES (20, 'WARNA', 'SKU000037', 'Hitam');
INSERT IGNORE INTO VarianProduk (sku, harga, stok) VALUES ('SKU000038', 1418323.69, 42);
INSERT IGNORE INTO ProdukVarianAtribut (id_produk, atribut_varian, sku, nilai) VALUES (20, 'JENIS_KAIN', 'SKU000038', 'Flanel');
INSERT IGNORE INTO ProdukVarianAtribut (id_produk, atribut_varian, sku, nilai) VALUES (20, 'WARNA', 'SKU000038', 'Biru laut');
INSERT IGNORE INTO Produk (id_produk, id_penjual, nama, deskripsi) VALUES (21, 49, 'Visualize Best-Of-Breed Partnerships Serbaguna', 'Fuga facilis voluptatum mollitia a.');
INSERT IGNORE INTO VarianProduk (sku, harga, stok) VALUES ('SKU000039', 2004768.22, 102);
INSERT IGNORE INTO ProdukVarianAtribut (id_produk, atribut_varian, sku, nilai) VALUES (21, 'MATERIAL', 'SKU000039', 'Katun Combed 30s');
INSERT IGNORE INTO ProdukVarianAtribut (id_produk, atribut_varian, sku, nilai) VALUES (21, 'RAM', 'SKU000039', '32GB');
INSERT IGNORE INTO VarianProduk (sku, harga, stok) VALUES ('SKU000040', 2203807.02, 15);
INSERT IGNORE INTO ProdukVarianAtribut (id_produk, atribut_varian, sku, nilai) VALUES (21, 'WARNA', 'SKU000040', 'Emas');
INSERT IGNORE INTO ProdukVarianAtribut (id_produk, atribut_varian, sku, nilai) VALUES (21, 'RESOLUSI_LAYAR', 'SKU000040', 'HD');
INSERT IGNORE INTO ProdukVarianAtribut (id_produk, atribut_varian, sku, nilai) VALUES (21, 'RAM', 'SKU000040', '4GB');
INSERT IGNORE INTO VarianProduk (sku, harga, stok) VALUES ('SKU000041', 2934919.16, 27);
INSERT IGNORE INTO ProdukVarianAtribut (id_produk, atribut_varian, sku, nilai) VALUES (21, 'MATERIAL', 'SKU000041', 'Plastik ABS Food Grade');
INSERT IGNORE INTO ProdukVarianAtribut (id_produk, atribut_varian, sku, nilai) VALUES (21, 'JENIS_KAIN', 'SKU000041', 'Flanel');
INSERT IGNORE INTO ProdukVarianAtribut (id_produk, atribut_varian, sku, nilai) VALUES (21, 'WARNA', 'SKU000041', 'Kuning');
INSERT IGNORE INTO Produk (id_produk, id_penjual, nama, deskripsi) VALUES (22, 30, 'Integrate Seamless Mindshare Edisi Terbatas', 'Maxime voluptatum possimus architecto unde in. In hic repellendus illum.');
INSERT IGNORE INTO VarianProduk (sku, harga, stok) VALUES ('SKU000042', 110758.45, 44);
INSERT IGNORE INTO ProdukVarianAtribut (id_produk, atribut_varian, sku, nilai) VALUES (22, 'MATERIAL', 'SKU000042', 'Polyester Blend');
INSERT IGNORE INTO ProdukVarianAtribut (id_produk, atribut_varian, sku, nilai) VALUES (22, 'RESOLUSI_LAYAR', 'SKU000042', 'HD');
INSERT IGNORE INTO VarianProduk (sku, harga, stok) VALUES ('SKU000043', 2515466.5, 82);
INSERT IGNORE INTO ProdukVarianAtribut (id_produk, atribut_varian, sku, nilai) VALUES (22, 'STORAGE_INTERNAL', 'SKU000043', '128GB');
INSERT IGNORE INTO ProdukVarianAtribut (id_produk, atribut_varian, sku, nilai) VALUES (22, 'WARNA', 'SKU000043', 'Coklat');
INSERT IGNORE INTO VarianProduk (sku, harga, stok) VALUES ('SKU000044', 2641616.37, 83);
INSERT IGNORE INTO ProdukVarianAtribut (id_produk, atribut_varian, sku, nilai) VALUES (22, 'UKURAN', 'SKU000044', 'XL');
INSERT IGNORE INTO ProdukVarianAtribut (id_produk, atribut_varian, sku, nilai) VALUES (22, 'STORAGE_INTERNAL', 'SKU000044', '64GB');
INSERT IGNORE INTO ProdukVarianAtribut (id_produk, atribut_varian, sku, nilai) VALUES (22, 'JENIS_KAIN', 'SKU000044', 'Flanel');
INSERT IGNORE INTO Produk (id_produk, id_penjual, nama, deskripsi) VALUES (23, 43, 'Synergize Revolutionary Convergence Modern', 'Expedita veritatis eaque tenetur corporis tempore fugiat ut. Odio sunt commodi suscipit molestiae quaerat hic.');
INSERT IGNORE INTO VarianProduk (sku, harga, stok) VALUES ('SKU000045', 993998.34, 73);
INSERT IGNORE INTO ProdukVarianAtribut (id_produk, atribut_varian, sku, nilai) VALUES (23, 'UKURAN', 'SKU000045', 'L');
INSERT IGNORE INTO ProdukVarianAtribut (id_produk, atribut_varian, sku, nilai) VALUES (23, 'RAM', 'SKU000045', '16GB');
INSERT IGNORE INTO Produk (id_produk, id_penjual, nama, deskripsi) VALUES (24, 26, 'Morph 24/365 Functionalities Premium', 'Atque ad dicta placeat. Totam fuga eaque repellendus at iste totam. Quis minima iusto unde natus. Culpa recusandae voluptates harum. Minima consequuntur voluptates quas.');
INSERT IGNORE INTO VarianProduk (sku, harga, stok) VALUES ('SKU000046', 1401120.62, 90);
INSERT IGNORE INTO ProdukVarianAtribut (id_produk, atribut_varian, sku, nilai) VALUES (24, 'RAM', 'SKU000046', '16GB');
INSERT IGNORE INTO ProdukVarianAtribut (id_produk, atribut_varian, sku, nilai) VALUES (24, 'UKURAN', 'SKU000046', '41');
INSERT IGNORE INTO ProdukVarianAtribut (id_produk, atribut_varian, sku, nilai) VALUES (24, 'STORAGE_INTERNAL', 'SKU000046', '256GB');
INSERT IGNORE INTO Produk (id_produk, id_penjual, nama, deskripsi) VALUES (25, 34, 'Redefine Ubiquitous E-Markets Edisi Terbatas', 'Deserunt cum dignissimos modi quam. Deleniti quo dolore rerum cum officiis sed ad.');
INSERT IGNORE INTO VarianProduk (sku, harga, stok) VALUES ('SKU000047', 713294.72, 18);
INSERT IGNORE INTO ProdukVarianAtribut (id_produk, atribut_varian, sku, nilai) VALUES (25, 'RESOLUSI_LAYAR', 'SKU000047', 'FHD');
INSERT IGNORE INTO ProdukVarianAtribut (id_produk, atribut_varian, sku, nilai) VALUES (25, 'UKURAN', 'SKU000047', 'M');
INSERT IGNORE INTO ProdukVarianAtribut (id_produk, atribut_varian, sku, nilai) VALUES (25, 'JENIS_KAIN', 'SKU000047', 'Rayon');
INSERT IGNORE INTO VarianProduk (sku, harga, stok) VALUES ('SKU000048', 1104080.95, 13);
INSERT IGNORE INTO ProdukVarianAtribut (id_produk, atribut_varian, sku, nilai) VALUES (25, 'STORAGE_INTERNAL', 'SKU000048', '128GB');
INSERT IGNORE INTO ProdukVarianAtribut (id_produk, atribut_varian, sku, nilai) VALUES (25, 'MATERIAL', 'SKU000048', 'Plastik ABS Food Grade');
INSERT IGNORE INTO Produk (id_produk, id_penjual, nama, deskripsi) VALUES (26, 26, 'Strategize Virtual Platforms Modern', 'Maxime itaque cumque aliquam non provident vero. Suscipit facilis repellendus ullam inventore ipsum voluptate.');
INSERT IGNORE INTO VarianProduk (sku, harga, stok) VALUES ('SKU000049', 1824731.11, 135);
INSERT IGNORE INTO ProdukVarianAtribut (id_produk, atribut_varian, sku, nilai) VALUES (26, 'WARNA', 'SKU000049', 'Biru laut');
INSERT IGNORE INTO VarianProduk (sku, harga, stok) VALUES ('SKU000050', 109264.06, 49);
INSERT IGNORE INTO ProdukVarianAtribut (id_produk, atribut_varian, sku, nilai) VALUES (26, 'WARNA', 'SKU000050', 'Biru laut');
INSERT IGNORE INTO ProdukVarianAtribut (id_produk, atribut_varian, sku, nilai) VALUES (26, 'JENIS_KAIN', 'SKU000050', 'Satin');
INSERT IGNORE INTO ProdukVarianAtribut (id_produk, atribut_varian, sku, nilai) VALUES (26, 'RAM', 'SKU000050', '32GB');
INSERT IGNORE INTO Produk (id_produk, id_penjual, nama, deskripsi) VALUES (27, 50, 'Extend Seamless E-Markets Edisi Terbatas', 'Officiis provident beatae distinctio omnis voluptas. Alias sed repudiandae pariatur placeat dicta nostrum.');
INSERT IGNORE INTO VarianProduk (sku, harga, stok) VALUES ('SKU000051', 311229.57, 70);
INSERT IGNORE INTO ProdukVarianAtribut (id_produk, atribut_varian, sku, nilai) VALUES (27, 'WARNA', 'SKU000051', 'Biru muda');
INSERT IGNORE INTO ProdukVarianAtribut (id_produk, atribut_varian, sku, nilai) VALUES (27, 'RAM', 'SKU000051', '8GB');
INSERT IGNORE INTO ProdukVarianAtribut (id_produk, atribut_varian, sku, nilai) VALUES (27, 'RESOLUSI_LAYAR', 'SKU000051', 'FHD');
INSERT IGNORE INTO VarianProduk (sku, harga, stok) VALUES ('SKU000052', 1699112.1, 97);
INSERT IGNORE INTO ProdukVarianAtribut (id_produk, atribut_varian, sku, nilai) VALUES (27, 'RAM', 'SKU000052', '4GB');
INSERT IGNORE INTO VarianProduk (sku, harga, stok) VALUES ('SKU000053', 356890.66, 40);
INSERT IGNORE INTO ProdukVarianAtribut (id_produk, atribut_varian, sku, nilai) VALUES (27, 'STORAGE_INTERNAL', 'SKU000053', '64GB');
INSERT IGNORE INTO ProdukVarianAtribut (id_produk, atribut_varian, sku, nilai) VALUES (27, 'RESOLUSI_LAYAR', 'SKU000053', '4K');
INSERT IGNORE INTO ProdukVarianAtribut (id_produk, atribut_varian, sku, nilai) VALUES (27, 'RAM', 'SKU000053', '4GB');
INSERT IGNORE INTO Produk (id_produk, id_penjual, nama, deskripsi) VALUES (28, 15, 'Scale Transparent Communities Modern', 'Aspernatur necessitatibus consequatur cumque quos quod non. Quod perferendis libero fugiat unde doloribus. Neque animi aliquam voluptates sint neque dolorum.');
INSERT IGNORE INTO VarianProduk (sku, harga, stok) VALUES ('SKU000054', 1770629.71, 15);
INSERT IGNORE INTO ProdukVarianAtribut (id_produk, atribut_varian, sku, nilai) VALUES (28, 'RESOLUSI_LAYAR', 'SKU000054', 'HD');
INSERT IGNORE INTO ProdukVarianAtribut (id_produk, atribut_varian, sku, nilai) VALUES (28, 'JENIS_KAIN', 'SKU000054', 'Satin');
INSERT IGNORE INTO Produk (id_produk, id_penjual, nama, deskripsi) VALUES (29, 1, 'Synthesize User-Centric Metrics Edisi Terbatas', 'Voluptatibus culpa atque ab iusto neque saepe mollitia. Quas dolorum neque perspiciatis animi incidunt aut. Et ullam accusamus.');
INSERT IGNORE INTO VarianProduk (sku, harga, stok) VALUES ('SKU000055', 2203765.93, 41);
INSERT IGNORE INTO ProdukVarianAtribut (id_produk, atribut_varian, sku, nilai) VALUES (29, 'WARNA', 'SKU000055', 'Magenta');
INSERT IGNORE INTO ProdukVarianAtribut (id_produk, atribut_varian, sku, nilai) VALUES (29, 'STORAGE_INTERNAL', 'SKU000055', '64GB');
INSERT IGNORE INTO ProdukVarianAtribut (id_produk, atribut_varian, sku, nilai) VALUES (29, 'JENIS_KAIN', 'SKU000055', 'Denim');
INSERT IGNORE INTO VarianProduk (sku, harga, stok) VALUES ('SKU000056', 1099067.38, 106);
INSERT IGNORE INTO ProdukVarianAtribut (id_produk, atribut_varian, sku, nilai) VALUES (29, 'STORAGE_INTERNAL', 'SKU000056', '256GB');
INSERT IGNORE INTO ProdukVarianAtribut (id_produk, atribut_varian, sku, nilai) VALUES (29, 'RESOLUSI_LAYAR', 'SKU000056', 'FHD');
INSERT IGNORE INTO ProdukVarianAtribut (id_produk, atribut_varian, sku, nilai) VALUES (29, 'UKURAN', 'SKU000056', '41');
INSERT IGNORE INTO Produk (id_produk, id_penjual, nama, deskripsi) VALUES (30, 19, 'Redefine Visionary Systems Modern', 'Earum officiis facere labore rerum nisi dolorum. Numquam ipsam iure corporis quam pariatur. Vero inventore tempora beatae. Nulla officiis suscipit in iusto ducimus.');
INSERT IGNORE INTO VarianProduk (sku, harga, stok) VALUES ('SKU000057', 1306243.43, 108);
INSERT IGNORE INTO ProdukVarianAtribut (id_produk, atribut_varian, sku, nilai) VALUES (30, 'RAM', 'SKU000057', '32GB');
INSERT IGNORE INTO ProdukVarianAtribut (id_produk, atribut_varian, sku, nilai) VALUES (30, 'RESOLUSI_LAYAR', 'SKU000057', 'HD');
INSERT IGNORE INTO ProdukVarianAtribut (id_produk, atribut_varian, sku, nilai) VALUES (30, 'MATERIAL', 'SKU000057', 'Kulit Sintetis PU');
INSERT IGNORE INTO VarianProduk (sku, harga, stok) VALUES ('SKU000058', 205392.88, 15);
INSERT IGNORE INTO ProdukVarianAtribut (id_produk, atribut_varian, sku, nilai) VALUES (30, 'STORAGE_INTERNAL', 'SKU000058', '128GB');
INSERT IGNORE INTO ProdukVarianAtribut (id_produk, atribut_varian, sku, nilai) VALUES (30, 'JENIS_KAIN', 'SKU000058', 'Denim');
INSERT IGNORE INTO Produk (id_produk, id_penjual, nama, deskripsi) VALUES (31, 36, 'Redefine Granular Networks Premium', 'Nisi ratione odit debitis. Labore nostrum non placeat animi. Debitis natus numquam reiciendis libero doloremque nostrum beatae.');
INSERT IGNORE INTO VarianProduk (sku, harga, stok) VALUES ('SKU000059', 863684.31, 86);
INSERT IGNORE INTO ProdukVarianAtribut (id_produk, atribut_varian, sku, nilai) VALUES (31, 'JENIS_KAIN', 'SKU000059', 'Flanel');
INSERT IGNORE INTO VarianProduk (sku, harga, stok) VALUES ('SKU000060', 1652889.5, 49);
INSERT IGNORE INTO ProdukVarianAtribut (id_produk, atribut_varian, sku, nilai) VALUES (31, 'STORAGE_INTERNAL', 'SKU000060', '1TB');
INSERT IGNORE INTO VarianProduk (sku, harga, stok) VALUES ('SKU000061', 125218.61, 93);
INSERT IGNORE INTO ProdukVarianAtribut (id_produk, atribut_varian, sku, nilai) VALUES (31, 'WARNA', 'SKU000061', 'Biru muda');
INSERT IGNORE INTO Produk (id_produk, id_penjual, nama, deskripsi) VALUES (32, 37, 'Repurpose Visionary Models Serbaguna', 'Libero tenetur ipsum molestiae. Ut quidem eos exercitationem reiciendis. Atque aliquam explicabo fugiat delectus qui alias dolore.');
INSERT IGNORE INTO VarianProduk (sku, harga, stok) VALUES ('SKU000062', 2573748.89, 146);
INSERT IGNORE INTO ProdukVarianAtribut (id_produk, atribut_varian, sku, nilai) VALUES (32, 'JENIS_KAIN', 'SKU000062', 'Denim');
INSERT IGNORE INTO ProdukVarianAtribut (id_produk, atribut_varian, sku, nilai) VALUES (32, 'WARNA', 'SKU000062', 'Biru');
INSERT IGNORE INTO Produk (id_produk, id_penjual, nama, deskripsi) VALUES (33, 18, 'Enhance E-Business Paradigms Serbaguna', 'Totam veritatis porro incidunt. Illum debitis natus inventore explicabo architecto ab. Modi neque at laboriosam. Impedit nam magnam natus ab ad. Harum ullam eaque officiis odit.');
INSERT IGNORE INTO VarianProduk (sku, harga, stok) VALUES ('SKU000063', 2675979.63, 17);
INSERT IGNORE INTO ProdukVarianAtribut (id_produk, atribut_varian, sku, nilai) VALUES (33, 'RAM', 'SKU000063', '12GB');
INSERT IGNORE INTO ProdukVarianAtribut (id_produk, atribut_varian, sku, nilai) VALUES (33, 'MATERIAL', 'SKU000063', 'Kulit Sintetis PU');
INSERT IGNORE INTO ProdukVarianAtribut (id_produk, atribut_varian, sku, nilai) VALUES (33, 'WARNA', 'SKU000063', 'Merah marun');
INSERT IGNORE INTO VarianProduk (sku, harga, stok) VALUES ('SKU000064', 2551153.37, 3);
INSERT IGNORE INTO ProdukVarianAtribut (id_produk, atribut_varian, sku, nilai) VALUES (33, 'WARNA', 'SKU000064', 'Biru laut');
INSERT IGNORE INTO Produk (id_produk, id_penjual, nama, deskripsi) VALUES (34, 38, 'Synthesize Scalable Mindshare Premium', 'Accusamus dolore hic unde quia repudiandae. Corrupti ratione quia unde rem.');
INSERT IGNORE INTO VarianProduk (sku, harga, stok) VALUES ('SKU000065', 2126830.75, 41);
INSERT IGNORE INTO ProdukVarianAtribut (id_produk, atribut_varian, sku, nilai) VALUES (34, 'WARNA', 'SKU000065', 'Koral');
INSERT IGNORE INTO Produk (id_produk, id_penjual, nama, deskripsi) VALUES (35, 10, 'Engage Distributed Convergence Premium', 'Nisi libero mollitia consequuntur. Quae distinctio voluptas sapiente. Sapiente eum beatae totam. Vero pariatur debitis enim soluta perferendis. Accusamus quas corrupti eaque explicabo doloribus.');
INSERT IGNORE INTO VarianProduk (sku, harga, stok) VALUES ('SKU000066', 2004258.16, 56);
INSERT IGNORE INTO ProdukVarianAtribut (id_produk, atribut_varian, sku, nilai) VALUES (35, 'MATERIAL', 'SKU000066', 'Kulit Sintetis PU');
INSERT IGNORE INTO ProdukVarianAtribut (id_produk, atribut_varian, sku, nilai) VALUES (35, 'RESOLUSI_LAYAR', 'SKU000066', 'FHD');
INSERT IGNORE INTO Produk (id_produk, id_penjual, nama, deskripsi) VALUES (36, 22, 'Revolutionize E-Business Web-Readiness Premium', 'Autem quas beatae ut illum harum minus. Hic itaque eos eaque sunt. Quibusdam maxime incidunt ipsa iste dignissimos. Sed expedita officiis soluta.');
INSERT IGNORE INTO VarianProduk (sku, harga, stok) VALUES ('SKU000067', 1417954.12, 135);
INSERT IGNORE INTO ProdukVarianAtribut (id_produk, atribut_varian, sku, nilai) VALUES (36, 'RAM', 'SKU000067', '8GB');
INSERT IGNORE INTO ProdukVarianAtribut (id_produk, atribut_varian, sku, nilai) VALUES (36, 'WARNA', 'SKU000067', 'Magenta');
INSERT IGNORE INTO ProdukVarianAtribut (id_produk, atribut_varian, sku, nilai) VALUES (36, 'JENIS_KAIN', 'SKU000067', 'Flanel');
INSERT IGNORE INTO VarianProduk (sku, harga, stok) VALUES ('SKU000068', 1986396.51, 55);
INSERT IGNORE INTO ProdukVarianAtribut (id_produk, atribut_varian, sku, nilai) VALUES (36, 'JENIS_KAIN', 'SKU000068', 'Denim');
INSERT IGNORE INTO ProdukVarianAtribut (id_produk, atribut_varian, sku, nilai) VALUES (36, 'RESOLUSI_LAYAR', 'SKU000068', 'FHD');
INSERT IGNORE INTO VarianProduk (sku, harga, stok) VALUES ('SKU000069', 2998994.26, 82);
INSERT IGNORE INTO ProdukVarianAtribut (id_produk, atribut_varian, sku, nilai) VALUES (36, 'RAM', 'SKU000069', '12GB');
INSERT IGNORE INTO Produk (id_produk, id_penjual, nama, deskripsi) VALUES (37, 43, 'Enhance Extensible Systems Serbaguna', 'Eum laboriosam vero laudantium eius quibusdam. Ad at fugit vero nobis.');
INSERT IGNORE INTO VarianProduk (sku, harga, stok) VALUES ('SKU000070', 74948.99, 85);
INSERT IGNORE INTO ProdukVarianAtribut (id_produk, atribut_varian, sku, nilai) VALUES (37, 'WARNA', 'SKU000070', 'Coklat tua');
INSERT IGNORE INTO ProdukVarianAtribut (id_produk, atribut_varian, sku, nilai) VALUES (37, 'RAM', 'SKU000070', '12GB');
INSERT IGNORE INTO VarianProduk (sku, harga, stok) VALUES ('SKU000071', 1296257.32, 20);
INSERT IGNORE INTO ProdukVarianAtribut (id_produk, atribut_varian, sku, nilai) VALUES (37, 'STORAGE_INTERNAL', 'SKU000071', '1TB');
INSERT IGNORE INTO VarianProduk (sku, harga, stok) VALUES ('SKU000072', 1395491.62, 117);
INSERT IGNORE INTO ProdukVarianAtribut (id_produk, atribut_varian, sku, nilai) VALUES (37, 'RAM', 'SKU000072', '4GB');
INSERT IGNORE INTO Produk (id_produk, id_penjual, nama, deskripsi) VALUES (38, 38, 'Embrace Transparent Bandwidth Serbaguna', 'Molestias nisi iusto recusandae quas corporis ipsam. Recusandae quos numquam voluptate eum.');
INSERT IGNORE INTO VarianProduk (sku, harga, stok) VALUES ('SKU000073', 1069837.01, 147);
INSERT IGNORE INTO ProdukVarianAtribut (id_produk, atribut_varian, sku, nilai) VALUES (38, 'JENIS_KAIN', 'SKU000073', 'Rayon');
INSERT IGNORE INTO ProdukVarianAtribut (id_produk, atribut_varian, sku, nilai) VALUES (38, 'RESOLUSI_LAYAR', 'SKU000073', 'FHD');
INSERT IGNORE INTO ProdukVarianAtribut (id_produk, atribut_varian, sku, nilai) VALUES (38, 'RAM', 'SKU000073', '12GB');
INSERT IGNORE INTO VarianProduk (sku, harga, stok) VALUES ('SKU000074', 1373969.69, 61);
INSERT IGNORE INTO ProdukVarianAtribut (id_produk, atribut_varian, sku, nilai) VALUES (38, 'STORAGE_INTERNAL', 'SKU000074', '128GB');
INSERT IGNORE INTO VarianProduk (sku, harga, stok) VALUES ('SKU000075', 2844900.25, 108);
INSERT IGNORE INTO ProdukVarianAtribut (id_produk, atribut_varian, sku, nilai) VALUES (38, 'STORAGE_INTERNAL', 'SKU000075', '1TB');
INSERT IGNORE INTO Produk (id_produk, id_penjual, nama, deskripsi) VALUES (39, 5, 'Re-Contextualize Robust Supply-Chains Serbaguna', 'Inventore repellendus cumque quod recusandae doloribus beatae. Eius illo quaerat quod.');
INSERT IGNORE INTO VarianProduk (sku, harga, stok) VALUES ('SKU000076', 2645462.47, 122);
INSERT IGNORE INTO ProdukVarianAtribut (id_produk, atribut_varian, sku, nilai) VALUES (39, 'UKURAN', 'SKU000076', '39');
INSERT IGNORE INTO ProdukVarianAtribut (id_produk, atribut_varian, sku, nilai) VALUES (39, 'MATERIAL', 'SKU000076', 'Kanvas Tebal');
INSERT IGNORE INTO ProdukVarianAtribut (id_produk, atribut_varian, sku, nilai) VALUES (39, 'STORAGE_INTERNAL', 'SKU000076', '128GB');
INSERT IGNORE INTO VarianProduk (sku, harga, stok) VALUES ('SKU000077', 1587283.14, 13);
INSERT IGNORE INTO ProdukVarianAtribut (id_produk, atribut_varian, sku, nilai) VALUES (39, 'UKURAN', 'SKU000077', 'XL');
INSERT IGNORE INTO ProdukVarianAtribut (id_produk, atribut_varian, sku, nilai) VALUES (39, 'RESOLUSI_LAYAR', 'SKU000077', 'FHD');
INSERT IGNORE INTO ProdukVarianAtribut (id_produk, atribut_varian, sku, nilai) VALUES (39, 'RAM', 'SKU000077', '8GB');
INSERT IGNORE INTO VarianProduk (sku, harga, stok) VALUES ('SKU000078', 1786405.45, 77);
INSERT IGNORE INTO ProdukVarianAtribut (id_produk, atribut_varian, sku, nilai) VALUES (39, 'UKURAN', 'SKU000078', 'All Size');
INSERT IGNORE INTO Produk (id_produk, id_penjual, nama, deskripsi) VALUES (40, 18, 'Evolve 24/7 Experiences Serbaguna', 'Provident aliquid assumenda suscipit ipsam maiores reprehenderit. Perspiciatis porro beatae consequuntur sit odit. Reiciendis libero minus blanditiis.');
INSERT IGNORE INTO VarianProduk (sku, harga, stok) VALUES ('SKU000079', 1401802.76, 139);
INSERT IGNORE INTO ProdukVarianAtribut (id_produk, atribut_varian, sku, nilai) VALUES (40, 'WARNA', 'SKU000079', 'Merah bata');
INSERT IGNORE INTO VarianProduk (sku, harga, stok) VALUES ('SKU000080', 309472.17, 56);
INSERT IGNORE INTO ProdukVarianAtribut (id_produk, atribut_varian, sku, nilai) VALUES (40, 'WARNA', 'SKU000080', 'Coklat tua');
INSERT IGNORE INTO ProdukVarianAtribut (id_produk, atribut_varian, sku, nilai) VALUES (40, 'STORAGE_INTERNAL', 'SKU000080', '128GB');
INSERT IGNORE INTO VarianProduk (sku, harga, stok) VALUES ('SKU000081', 1404903.61, 113);
INSERT IGNORE INTO ProdukVarianAtribut (id_produk, atribut_varian, sku, nilai) VALUES (40, 'MATERIAL', 'SKU000081', 'Katun Combed 30s');
INSERT IGNORE INTO Produk (id_produk, id_penjual, nama, deskripsi) VALUES (41, 38, 'Cultivate Compelling E-Commerce Premium', 'Eum quis praesentium consectetur ut vel. Odit earum unde totam dignissimos vitae. Veniam tempora eaque numquam nulla maxime dolor.');
INSERT IGNORE INTO VarianProduk (sku, harga, stok) VALUES ('SKU000082', 2100753.35, 122);
INSERT IGNORE INTO ProdukVarianAtribut (id_produk, atribut_varian, sku, nilai) VALUES (41, 'RAM', 'SKU000082', '32GB');
INSERT IGNORE INTO Produk (id_produk, id_penjual, nama, deskripsi) VALUES (42, 7, 'Extend Leading-Edge Infrastructures Edisi Terbatas', 'Minima expedita earum debitis illo ipsam ex. Alias molestiae laboriosam aliquid quia.');
INSERT IGNORE INTO VarianProduk (sku, harga, stok) VALUES ('SKU000083', 1013820.67, 141);
INSERT IGNORE INTO ProdukVarianAtribut (id_produk, atribut_varian, sku, nilai) VALUES (42, 'RAM', 'SKU000083', '12GB');
INSERT IGNORE INTO ProdukVarianAtribut (id_produk, atribut_varian, sku, nilai) VALUES (42, 'UKURAN', 'SKU000083', 'L');
INSERT IGNORE INTO ProdukVarianAtribut (id_produk, atribut_varian, sku, nilai) VALUES (42, 'JENIS_KAIN', 'SKU000083', 'Flanel');
INSERT IGNORE INTO Produk (id_produk, id_penjual, nama, deskripsi) VALUES (43, 46, 'Drive Web-Enabled Interfaces Edisi Terbatas', 'Beatae cum tempora beatae minus. Totam aspernatur assumenda aspernatur excepturi ullam perspiciatis. Inventore officiis earum beatae sit.');
INSERT IGNORE INTO VarianProduk (sku, harga, stok) VALUES ('SKU000084', 2350048.81, 87);
INSERT IGNORE INTO ProdukVarianAtribut (id_produk, atribut_varian, sku, nilai) VALUES (43, 'RESOLUSI_LAYAR', 'SKU000084', '4K');
INSERT IGNORE INTO VarianProduk (sku, harga, stok) VALUES ('SKU000085', 2383468.97, 12);
INSERT IGNORE INTO ProdukVarianAtribut (id_produk, atribut_varian, sku, nilai) VALUES (43, 'RESOLUSI_LAYAR', 'SKU000085', 'HD');
INSERT IGNORE INTO ProdukVarianAtribut (id_produk, atribut_varian, sku, nilai) VALUES (43, 'STORAGE_INTERNAL', 'SKU000085', '128GB');
INSERT IGNORE INTO VarianProduk (sku, harga, stok) VALUES ('SKU000086', 488114.63, 32);
INSERT IGNORE INTO ProdukVarianAtribut (id_produk, atribut_varian, sku, nilai) VALUES (43, 'STORAGE_INTERNAL', 'SKU000086', '64GB');
INSERT IGNORE INTO ProdukVarianAtribut (id_produk, atribut_varian, sku, nilai) VALUES (43, 'UKURAN', 'SKU000086', 'L');
INSERT IGNORE INTO ProdukVarianAtribut (id_produk, atribut_varian, sku, nilai) VALUES (43, 'RAM', 'SKU000086', '4GB');
INSERT IGNORE INTO Produk (id_produk, id_penjual, nama, deskripsi) VALUES (44, 37, 'Scale Cutting-Edge Partnerships Modern', 'Vitae debitis adipisci fugit. Occaecati ipsum praesentium aspernatur voluptatum ab error. Impedit modi voluptas deserunt velit eum optio vitae. Exercitationem illum quia. Tempore consequuntur ipsa explicabo consequatur officia nulla.');
INSERT IGNORE INTO VarianProduk (sku, harga, stok) VALUES ('SKU000087', 2775408.19, 148);
INSERT IGNORE INTO ProdukVarianAtribut (id_produk, atribut_varian, sku, nilai) VALUES (44, 'JENIS_KAIN', 'SKU000087', 'Flanel');
INSERT IGNORE INTO ProdukVarianAtribut (id_produk, atribut_varian, sku, nilai) VALUES (44, 'STORAGE_INTERNAL', 'SKU000087', '64GB');
INSERT IGNORE INTO VarianProduk (sku, harga, stok) VALUES ('SKU000088', 1406269.26, 115);
INSERT IGNORE INTO ProdukVarianAtribut (id_produk, atribut_varian, sku, nilai) VALUES (44, 'STORAGE_INTERNAL', 'SKU000088', '1TB');
INSERT IGNORE INTO ProdukVarianAtribut (id_produk, atribut_varian, sku, nilai) VALUES (44, 'JENIS_KAIN', 'SKU000088', 'Rayon');
INSERT IGNORE INTO ProdukVarianAtribut (id_produk, atribut_varian, sku, nilai) VALUES (44, 'RAM', 'SKU000088', '4GB');
INSERT IGNORE INTO VarianProduk (sku, harga, stok) VALUES ('SKU000089', 1984711.9, 49);
INSERT IGNORE INTO ProdukVarianAtribut (id_produk, atribut_varian, sku, nilai) VALUES (44, 'MATERIAL', 'SKU000089', 'Katun Combed 30s');
INSERT IGNORE INTO Produk (id_produk, id_penjual, nama, deskripsi) VALUES (45, 35, 'Integrate Viral Communities Serbaguna', 'Nulla cum aperiam nobis unde. Corporis inventore nam est. Blanditiis adipisci deserunt rem.');
INSERT IGNORE INTO VarianProduk (sku, harga, stok) VALUES ('SKU000090', 1688972.56, 6);
INSERT IGNORE INTO ProdukVarianAtribut (id_produk, atribut_varian, sku, nilai) VALUES (45, 'UKURAN', 'SKU000090', '38');
INSERT IGNORE INTO VarianProduk (sku, harga, stok) VALUES ('SKU000091', 2635704.54, 101);
INSERT IGNORE INTO ProdukVarianAtribut (id_produk, atribut_varian, sku, nilai) VALUES (45, 'MATERIAL', 'SKU000091', 'Plastik ABS Food Grade');
INSERT IGNORE INTO VarianProduk (sku, harga, stok) VALUES ('SKU000092', 929361.98, 52);
INSERT IGNORE INTO ProdukVarianAtribut (id_produk, atribut_varian, sku, nilai) VALUES (45, 'RESOLUSI_LAYAR', 'SKU000092', 'HD');
INSERT IGNORE INTO ProdukVarianAtribut (id_produk, atribut_varian, sku, nilai) VALUES (45, 'MATERIAL', 'SKU000092', 'Plastik ABS Food Grade');
INSERT IGNORE INTO ProdukVarianAtribut (id_produk, atribut_varian, sku, nilai) VALUES (45, 'RAM', 'SKU000092', '32GB');
INSERT IGNORE INTO Produk (id_produk, id_penjual, nama, deskripsi) VALUES (46, 32, 'Integrate User-Centric Info-Mediaries Edisi Terbatas', 'At sapiente unde ea nulla error. Expedita nobis deserunt. Minus neque beatae iure. Iusto fugiat iure alias. Fuga libero exercitationem soluta.');
INSERT IGNORE INTO VarianProduk (sku, harga, stok) VALUES ('SKU000093', 823206.81, 20);
INSERT IGNORE INTO ProdukVarianAtribut (id_produk, atribut_varian, sku, nilai) VALUES (46, 'UKURAN', 'SKU000093', 'XL');
INSERT IGNORE INTO VarianProduk (sku, harga, stok) VALUES ('SKU000094', 1791283.35, 90);
INSERT IGNORE INTO ProdukVarianAtribut (id_produk, atribut_varian, sku, nilai) VALUES (46, 'RESOLUSI_LAYAR', 'SKU000094', 'HD');
INSERT IGNORE INTO ProdukVarianAtribut (id_produk, atribut_varian, sku, nilai) VALUES (46, 'WARNA', 'SKU000094', 'Zaitun');
INSERT IGNORE INTO VarianProduk (sku, harga, stok) VALUES ('SKU000095', 445049.61, 90);
INSERT IGNORE INTO ProdukVarianAtribut (id_produk, atribut_varian, sku, nilai) VALUES (46, 'RAM', 'SKU000095', '4GB');
INSERT IGNORE INTO Produk (id_produk, id_penjual, nama, deskripsi) VALUES (47, 14, 'Maximize Plug-And-Play Metrics Serbaguna', 'Dolorem sequi sunt impedit adipisci.');
INSERT IGNORE INTO VarianProduk (sku, harga, stok) VALUES ('SKU000096', 279672.27, 74);
INSERT IGNORE INTO ProdukVarianAtribut (id_produk, atribut_varian, sku, nilai) VALUES (47, 'UKURAN', 'SKU000096', '40');
INSERT IGNORE INTO ProdukVarianAtribut (id_produk, atribut_varian, sku, nilai) VALUES (47, 'WARNA', 'SKU000096', 'Putih');
INSERT IGNORE INTO Produk (id_produk, id_penjual, nama, deskripsi) VALUES (48, 20, 'Empower Customized Initiatives Edisi Terbatas', 'Vero blanditiis nobis. Corrupti accusamus omnis in ea deserunt veritatis.');
INSERT IGNORE INTO VarianProduk (sku, harga, stok) VALUES ('SKU000097', 1653850.87, 100);
INSERT IGNORE INTO ProdukVarianAtribut (id_produk, atribut_varian, sku, nilai) VALUES (48, 'STORAGE_INTERNAL', 'SKU000097', '1TB');
INSERT IGNORE INTO ProdukVarianAtribut (id_produk, atribut_varian, sku, nilai) VALUES (48, 'MATERIAL', 'SKU000097', 'Polyester Blend');
INSERT IGNORE INTO VarianProduk (sku, harga, stok) VALUES ('SKU000098', 1079104.4, 104);
INSERT IGNORE INTO ProdukVarianAtribut (id_produk, atribut_varian, sku, nilai) VALUES (48, 'JENIS_KAIN', 'SKU000098', 'Flanel');
INSERT IGNORE INTO ProdukVarianAtribut (id_produk, atribut_varian, sku, nilai) VALUES (48, 'RAM', 'SKU000098', '32GB');
INSERT IGNORE INTO Produk (id_produk, id_penjual, nama, deskripsi) VALUES (49, 26, 'Productize Out-Of-The-Box Web-Readiness Premium', 'Nulla eveniet quia provident velit ipsam. Eligendi sapiente similique iste odio iusto eligendi. Sed aliquam hic illum.');
INSERT IGNORE INTO VarianProduk (sku, harga, stok) VALUES ('SKU000099', 317952.03, 149);
INSERT IGNORE INTO ProdukVarianAtribut (id_produk, atribut_varian, sku, nilai) VALUES (49, 'MATERIAL', 'SKU000099', 'Polyester Blend');
INSERT IGNORE INTO VarianProduk (sku, harga, stok) VALUES ('SKU000100', 1900204.1, 83);
INSERT IGNORE INTO ProdukVarianAtribut (id_produk, atribut_varian, sku, nilai) VALUES (49, 'MATERIAL', 'SKU000100', 'Kanvas Tebal');
INSERT IGNORE INTO ProdukVarianAtribut (id_produk, atribut_varian, sku, nilai) VALUES (49, 'RAM', 'SKU000100', '4GB');
INSERT IGNORE INTO ProdukVarianAtribut (id_produk, atribut_varian, sku, nilai) VALUES (49, 'UKURAN', 'SKU000100', 'XXL');
INSERT IGNORE INTO Produk (id_produk, id_penjual, nama, deskripsi) VALUES (50, 41, 'Cultivate Bricks-And-Clicks Content Edisi Terbatas', 'Voluptas aliquid voluptas dolorum officiis libero maxime. Blanditiis accusantium veniam ex excepturi sunt sunt. Earum fugiat nulla. Possimus eius architecto voluptates deserunt.');
INSERT IGNORE INTO VarianProduk (sku, harga, stok) VALUES ('SKU000101', 1206224.24, 101);
INSERT IGNORE INTO ProdukVarianAtribut (id_produk, atribut_varian, sku, nilai) VALUES (50, 'RAM', 'SKU000101', '4GB');
INSERT IGNORE INTO VarianProduk (sku, harga, stok) VALUES ('SKU000102', 870963.34, 142);
INSERT IGNORE INTO ProdukVarianAtribut (id_produk, atribut_varian, sku, nilai) VALUES (50, 'MATERIAL', 'SKU000102', 'Kanvas Tebal');
INSERT IGNORE INTO ProdukVarianAtribut (id_produk, atribut_varian, sku, nilai) VALUES (50, 'UKURAN', 'SKU000102', '38');
INSERT IGNORE INTO VarianProduk (sku, harga, stok) VALUES ('SKU000103', 2765349.5, 29);
INSERT IGNORE INTO ProdukVarianAtribut (id_produk, atribut_varian, sku, nilai) VALUES (50, 'WARNA', 'SKU000103', 'Hitam');
INSERT IGNORE INTO ProdukVarianAtribut (id_produk, atribut_varian, sku, nilai) VALUES (50, 'RAM', 'SKU000103', '8GB');
INSERT IGNORE INTO Produk (id_produk, id_penjual, nama, deskripsi) VALUES (51, 33, 'Benchmark Dynamic Partnerships Modern', 'Culpa corporis ipsa voluptatum magni minus fuga cum. Et rerum asperiores exercitationem ad. Quod voluptate optio exercitationem.');
INSERT IGNORE INTO VarianProduk (sku, harga, stok) VALUES ('SKU000104', 2567812.45, 123);
INSERT IGNORE INTO ProdukVarianAtribut (id_produk, atribut_varian, sku, nilai) VALUES (51, 'WARNA', 'SKU000104', 'Coklat');
INSERT IGNORE INTO ProdukVarianAtribut (id_produk, atribut_varian, sku, nilai) VALUES (51, 'RESOLUSI_LAYAR', 'SKU000104', 'HD');
INSERT IGNORE INTO VarianProduk (sku, harga, stok) VALUES ('SKU000105', 1993345.3, 40);
INSERT IGNORE INTO ProdukVarianAtribut (id_produk, atribut_varian, sku, nilai) VALUES (51, 'MATERIAL', 'SKU000105', 'Stainless Steel 304');
INSERT IGNORE INTO ProdukVarianAtribut (id_produk, atribut_varian, sku, nilai) VALUES (51, 'RESOLUSI_LAYAR', 'SKU000105', 'FHD');
INSERT IGNORE INTO VarianProduk (sku, harga, stok) VALUES ('SKU000106', 2520775.65, 29);
INSERT IGNORE INTO ProdukVarianAtribut (id_produk, atribut_varian, sku, nilai) VALUES (51, 'MATERIAL', 'SKU000106', 'Stainless Steel 304');
INSERT IGNORE INTO ProdukVarianAtribut (id_produk, atribut_varian, sku, nilai) VALUES (51, 'UKURAN', 'SKU000106', 'XXL');
INSERT IGNORE INTO Produk (id_produk, id_penjual, nama, deskripsi) VALUES (52, 17, 'Exploit Plug-And-Play Paradigms Serbaguna', 'Dignissimos ipsum saepe illum nobis natus at.');
INSERT IGNORE INTO VarianProduk (sku, harga, stok) VALUES ('SKU000107', 1826497.26, 30);
INSERT IGNORE INTO ProdukVarianAtribut (id_produk, atribut_varian, sku, nilai) VALUES (52, 'JENIS_KAIN', 'SKU000107', 'Rayon');
INSERT IGNORE INTO ProdukVarianAtribut (id_produk, atribut_varian, sku, nilai) VALUES (52, 'RESOLUSI_LAYAR', 'SKU000107', 'HD');
INSERT IGNORE INTO Produk (id_produk, id_penjual, nama, deskripsi) VALUES (53, 47, 'Disintermediate Global Web Services Edisi Terbatas', 'Id nobis sequi sint quod cumque quod.');
INSERT IGNORE INTO VarianProduk (sku, harga, stok) VALUES ('SKU000108', 1941199.03, 146);
INSERT IGNORE INTO ProdukVarianAtribut (id_produk, atribut_varian, sku, nilai) VALUES (53, 'JENIS_KAIN', 'SKU000108', 'Denim');
INSERT IGNORE INTO ProdukVarianAtribut (id_produk, atribut_varian, sku, nilai) VALUES (53, 'STORAGE_INTERNAL', 'SKU000108', '512GB');
INSERT IGNORE INTO ProdukVarianAtribut (id_produk, atribut_varian, sku, nilai) VALUES (53, 'RESOLUSI_LAYAR', 'SKU000108', 'FHD');
INSERT IGNORE INTO VarianProduk (sku, harga, stok) VALUES ('SKU000109', 1396194.86, 144);
INSERT IGNORE INTO ProdukVarianAtribut (id_produk, atribut_varian, sku, nilai) VALUES (53, 'JENIS_KAIN', 'SKU000109', 'Flanel');
INSERT IGNORE INTO ProdukVarianAtribut (id_produk, atribut_varian, sku, nilai) VALUES (53, 'MATERIAL', 'SKU000109', 'Katun Combed 30s');
INSERT IGNORE INTO VarianProduk (sku, harga, stok) VALUES ('SKU000110', 2618156.98, 13);
INSERT IGNORE INTO ProdukVarianAtribut (id_produk, atribut_varian, sku, nilai) VALUES (53, 'WARNA', 'SKU000110', 'Abu-abu');
INSERT IGNORE INTO ProdukVarianAtribut (id_produk, atribut_varian, sku, nilai) VALUES (53, 'RESOLUSI_LAYAR', 'SKU000110', '4K');
INSERT IGNORE INTO ProdukVarianAtribut (id_produk, atribut_varian, sku, nilai) VALUES (53, 'UKURAN', 'SKU000110', 'M');
INSERT IGNORE INTO Produk (id_produk, id_penjual, nama, deskripsi) VALUES (54, 31, 'Matrix Web-Enabled Applications Modern', 'Adipisci minus modi delectus. Officiis nesciunt voluptatum id odio quibusdam id illo. Iure qui temporibus quo necessitatibus assumenda facere. Officia repellat nam eius.');
INSERT IGNORE INTO VarianProduk (sku, harga, stok) VALUES ('SKU000111', 1403681.07, 9);
INSERT IGNORE INTO ProdukVarianAtribut (id_produk, atribut_varian, sku, nilai) VALUES (54, 'STORAGE_INTERNAL', 'SKU000111', '512GB');
INSERT IGNORE INTO ProdukVarianAtribut (id_produk, atribut_varian, sku, nilai) VALUES (54, 'MATERIAL', 'SKU000111', 'Stainless Steel 304');
INSERT IGNORE INTO VarianProduk (sku, harga, stok) VALUES ('SKU000112', 506765.95, 4);
INSERT IGNORE INTO ProdukVarianAtribut (id_produk, atribut_varian, sku, nilai) VALUES (54, 'JENIS_KAIN', 'SKU000112', 'Denim');
INSERT IGNORE INTO ProdukVarianAtribut (id_produk, atribut_varian, sku, nilai) VALUES (54, 'WARNA', 'SKU000112', 'Zaitun');
INSERT IGNORE INTO ProdukVarianAtribut (id_produk, atribut_varian, sku, nilai) VALUES (54, 'STORAGE_INTERNAL', 'SKU000112', '64GB');
INSERT IGNORE INTO VarianProduk (sku, harga, stok) VALUES ('SKU000113', 956283.6, 77);
INSERT IGNORE INTO ProdukVarianAtribut (id_produk, atribut_varian, sku, nilai) VALUES (54, 'WARNA', 'SKU000113', 'Biru');
INSERT IGNORE INTO ProdukVarianAtribut (id_produk, atribut_varian, sku, nilai) VALUES (54, 'MATERIAL', 'SKU000113', 'Polyester Blend');
INSERT IGNORE INTO ProdukVarianAtribut (id_produk, atribut_varian, sku, nilai) VALUES (54, 'RESOLUSI_LAYAR', 'SKU000113', 'FHD');
INSERT IGNORE INTO Produk (id_produk, id_penjual, nama, deskripsi) VALUES (55, 2, 'Productize Front-End Mindshare Serbaguna', 'Cum vel ipsum provident omnis. Quia assumenda voluptate blanditiis inventore id commodi officiis. Laboriosam excepturi iste. Velit excepturi ducimus odio quas molestiae. Porro impedit necessitatibus rerum non mollitia.');
INSERT IGNORE INTO VarianProduk (sku, harga, stok) VALUES ('SKU000114', 2057930.72, 85);
INSERT IGNORE INTO ProdukVarianAtribut (id_produk, atribut_varian, sku, nilai) VALUES (55, 'RESOLUSI_LAYAR', 'SKU000114', '4K');
INSERT IGNORE INTO VarianProduk (sku, harga, stok) VALUES ('SKU000115', 1726908.65, 3);
INSERT IGNORE INTO ProdukVarianAtribut (id_produk, atribut_varian, sku, nilai) VALUES (55, 'RESOLUSI_LAYAR', 'SKU000115', 'FHD');
INSERT IGNORE INTO ProdukVarianAtribut (id_produk, atribut_varian, sku, nilai) VALUES (55, 'WARNA', 'SKU000115', 'Ungu tua');
INSERT IGNORE INTO Produk (id_produk, id_penjual, nama, deskripsi) VALUES (56, 7, 'Enable Best-Of-Breed Mindshare Edisi Terbatas', 'Reprehenderit perspiciatis rerum reprehenderit. Voluptate distinctio est accusantium beatae.');
INSERT IGNORE INTO VarianProduk (sku, harga, stok) VALUES ('SKU000116', 426003.37, 80);
INSERT IGNORE INTO ProdukVarianAtribut (id_produk, atribut_varian, sku, nilai) VALUES (56, 'STORAGE_INTERNAL', 'SKU000116', '1TB');
INSERT IGNORE INTO ProdukVarianAtribut (id_produk, atribut_varian, sku, nilai) VALUES (56, 'WARNA', 'SKU000116', 'Biru muda');
INSERT IGNORE INTO ProdukVarianAtribut (id_produk, atribut_varian, sku, nilai) VALUES (56, 'UKURAN', 'SKU000116', '41');
INSERT IGNORE INTO VarianProduk (sku, harga, stok) VALUES ('SKU000117', 1459467.96, 148);
INSERT IGNORE INTO ProdukVarianAtribut (id_produk, atribut_varian, sku, nilai) VALUES (56, 'UKURAN', 'SKU000117', 'XL');
INSERT IGNORE INTO ProdukVarianAtribut (id_produk, atribut_varian, sku, nilai) VALUES (56, 'STORAGE_INTERNAL', 'SKU000117', '512GB');
INSERT IGNORE INTO ProdukVarianAtribut (id_produk, atribut_varian, sku, nilai) VALUES (56, 'MATERIAL', 'SKU000117', 'Stainless Steel 304');
INSERT IGNORE INTO Produk (id_produk, id_penjual, nama, deskripsi) VALUES (57, 25, 'Generate Global Schemas Modern', 'Sed fugit ea eum. Nihil sit sint praesentium consequatur quam dignissimos pariatur. Esse aliquam consequuntur.');
INSERT IGNORE INTO VarianProduk (sku, harga, stok) VALUES ('SKU000118', 1565733.15, 61);
INSERT IGNORE INTO ProdukVarianAtribut (id_produk, atribut_varian, sku, nilai) VALUES (57, 'MATERIAL', 'SKU000118', 'Kulit Sintetis PU');
INSERT IGNORE INTO ProdukVarianAtribut (id_produk, atribut_varian, sku, nilai) VALUES (57, 'UKURAN', 'SKU000118', '40');
INSERT IGNORE INTO VarianProduk (sku, harga, stok) VALUES ('SKU000119', 2960303.06, 119);
INSERT IGNORE INTO ProdukVarianAtribut (id_produk, atribut_varian, sku, nilai) VALUES (57, 'RESOLUSI_LAYAR', 'SKU000119', 'HD');
INSERT IGNORE INTO ProdukVarianAtribut (id_produk, atribut_varian, sku, nilai) VALUES (57, 'STORAGE_INTERNAL', 'SKU000119', '64GB');
INSERT IGNORE INTO Produk (id_produk, id_penjual, nama, deskripsi) VALUES (58, 19, 'Aggregate Efficient Portals Premium', 'Ipsam inventore numquam quos quo. Qui aspernatur odit asperiores doloribus. Occaecati dicta quis ducimus excepturi tenetur.');
INSERT IGNORE INTO VarianProduk (sku, harga, stok) VALUES ('SKU000120', 2178577.34, 37);
INSERT IGNORE INTO ProdukVarianAtribut (id_produk, atribut_varian, sku, nilai) VALUES (58, 'WARNA', 'SKU000120', 'Jingga');
INSERT IGNORE INTO ProdukVarianAtribut (id_produk, atribut_varian, sku, nilai) VALUES (58, 'RESOLUSI_LAYAR', 'SKU000120', 'FHD');
INSERT IGNORE INTO ProdukVarianAtribut (id_produk, atribut_varian, sku, nilai) VALUES (58, 'JENIS_KAIN', 'SKU000120', 'Rayon');
INSERT IGNORE INTO Produk (id_produk, id_penjual, nama, deskripsi) VALUES (59, 7, 'Implement Web-Enabled E-Business Premium', 'Omnis in maxime facilis quam. Quae quo facere distinctio corrupti at quos.');
INSERT IGNORE INTO VarianProduk (sku, harga, stok) VALUES ('SKU000121', 2486383.47, 86);
INSERT IGNORE INTO ProdukVarianAtribut (id_produk, atribut_varian, sku, nilai) VALUES (59, 'MATERIAL', 'SKU000121', 'Kulit Sintetis PU');
INSERT IGNORE INTO Produk (id_produk, id_penjual, nama, deskripsi) VALUES (60, 12, 'Reinvent Next-Generation Technologies Premium', 'Deleniti aliquid nemo eaque maiores. Omnis maiores placeat cum recusandae corporis dolorem ad. Ipsum ipsa libero expedita reprehenderit autem. Adipisci tempore perferendis beatae dolorem eos harum.');
INSERT IGNORE INTO VarianProduk (sku, harga, stok) VALUES ('SKU000122', 357830.57, 50);
INSERT IGNORE INTO ProdukVarianAtribut (id_produk, atribut_varian, sku, nilai) VALUES (60, 'JENIS_KAIN', 'SKU000122', 'Denim');
INSERT IGNORE INTO ProdukVarianAtribut (id_produk, atribut_varian, sku, nilai) VALUES (60, 'WARNA', 'SKU000122', 'Hitam');
INSERT IGNORE INTO ProdukVarianAtribut (id_produk, atribut_varian, sku, nilai) VALUES (60, 'STORAGE_INTERNAL', 'SKU000122', '512GB');
INSERT IGNORE INTO VarianProduk (sku, harga, stok) VALUES ('SKU000123', 137056.97, 107);
INSERT IGNORE INTO ProdukVarianAtribut (id_produk, atribut_varian, sku, nilai) VALUES (60, 'JENIS_KAIN', 'SKU000123', 'Flanel');
INSERT IGNORE INTO VarianProduk (sku, harga, stok) VALUES ('SKU000124', 2877916.55, 31);
INSERT IGNORE INTO ProdukVarianAtribut (id_produk, atribut_varian, sku, nilai) VALUES (60, 'RESOLUSI_LAYAR', 'SKU000124', 'QHD');
INSERT IGNORE INTO ProdukVarianAtribut (id_produk, atribut_varian, sku, nilai) VALUES (60, 'MATERIAL', 'SKU000124', 'Kanvas Tebal');
INSERT IGNORE INTO ProdukVarianAtribut (id_produk, atribut_varian, sku, nilai) VALUES (60, 'STORAGE_INTERNAL', 'SKU000124', '128GB');
INSERT IGNORE INTO Produk (id_produk, id_penjual, nama, deskripsi) VALUES (61, 41, 'Implement 24/7 Models Serbaguna', 'Laboriosam amet minus molestias id. Ab iure saepe facere error voluptas.');
INSERT IGNORE INTO VarianProduk (sku, harga, stok) VALUES ('SKU000125', 771066.0, 11);
INSERT IGNORE INTO ProdukVarianAtribut (id_produk, atribut_varian, sku, nilai) VALUES (61, 'RESOLUSI_LAYAR', 'SKU000125', 'FHD');
INSERT IGNORE INTO ProdukVarianAtribut (id_produk, atribut_varian, sku, nilai) VALUES (61, 'WARNA', 'SKU000125', 'Nila');
INSERT IGNORE INTO ProdukVarianAtribut (id_produk, atribut_varian, sku, nilai) VALUES (61, 'JENIS_KAIN', 'SKU000125', 'Satin');
INSERT IGNORE INTO VarianProduk (sku, harga, stok) VALUES ('SKU000126', 2520557.59, 105);
INSERT IGNORE INTO ProdukVarianAtribut (id_produk, atribut_varian, sku, nilai) VALUES (61, 'RESOLUSI_LAYAR', 'SKU000126', 'FHD');
INSERT IGNORE INTO ProdukVarianAtribut (id_produk, atribut_varian, sku, nilai) VALUES (61, 'UKURAN', 'SKU000126', 'XL');
INSERT IGNORE INTO ProdukVarianAtribut (id_produk, atribut_varian, sku, nilai) VALUES (61, 'RAM', 'SKU000126', '12GB');
INSERT IGNORE INTO Produk (id_produk, id_penjual, nama, deskripsi) VALUES (62, 44, 'Mesh Distributed Supply-Chains Premium', 'Occaecati voluptatibus vel eveniet autem minima quibusdam. Sed facilis occaecati eius perspiciatis autem labore. Cumque numquam hic cupiditate eligendi. Atque aut velit consectetur non perferendis quibusdam.');
INSERT IGNORE INTO VarianProduk (sku, harga, stok) VALUES ('SKU000127', 173954.31, 113);
INSERT IGNORE INTO ProdukVarianAtribut (id_produk, atribut_varian, sku, nilai) VALUES (62, 'UKURAN', 'SKU000127', 'S');
INSERT IGNORE INTO Produk (id_produk, id_penjual, nama, deskripsi) VALUES (63, 48, 'Architect Bricks-And-Clicks E-Services Premium', 'Fugiat dignissimos eius at minus quia iusto. A tempore assumenda inventore.');
INSERT IGNORE INTO VarianProduk (sku, harga, stok) VALUES ('SKU000128', 2767115.39, 81);
INSERT IGNORE INTO ProdukVarianAtribut (id_produk, atribut_varian, sku, nilai) VALUES (63, 'WARNA', 'SKU000128', 'Perak');
INSERT IGNORE INTO ProdukVarianAtribut (id_produk, atribut_varian, sku, nilai) VALUES (63, 'RESOLUSI_LAYAR', 'SKU000128', 'QHD');
INSERT IGNORE INTO ProdukVarianAtribut (id_produk, atribut_varian, sku, nilai) VALUES (63, 'UKURAN', 'SKU000128', '38');
INSERT IGNORE INTO Produk (id_produk, id_penjual, nama, deskripsi) VALUES (64, 9, 'Synthesize Leading-Edge Web Services Edisi Terbatas', 'Quis accusamus cumque perspiciatis. Illum nostrum rem. Ea reiciendis culpa cupiditate.');
INSERT IGNORE INTO VarianProduk (sku, harga, stok) VALUES ('SKU000129', 313712.23, 149);
INSERT IGNORE INTO ProdukVarianAtribut (id_produk, atribut_varian, sku, nilai) VALUES (64, 'WARNA', 'SKU000129', 'Ungu');
INSERT IGNORE INTO VarianProduk (sku, harga, stok) VALUES ('SKU000130', 707798.45, 81);
INSERT IGNORE INTO ProdukVarianAtribut (id_produk, atribut_varian, sku, nilai) VALUES (64, 'RESOLUSI_LAYAR', 'SKU000130', 'HD');
INSERT IGNORE INTO ProdukVarianAtribut (id_produk, atribut_varian, sku, nilai) VALUES (64, 'MATERIAL', 'SKU000130', 'Katun Combed 30s');
INSERT IGNORE INTO VarianProduk (sku, harga, stok) VALUES ('SKU000131', 175683.31, 35);
INSERT IGNORE INTO ProdukVarianAtribut (id_produk, atribut_varian, sku, nilai) VALUES (64, 'MATERIAL', 'SKU000131', 'Plastik ABS Food Grade');
INSERT IGNORE INTO ProdukVarianAtribut (id_produk, atribut_varian, sku, nilai) VALUES (64, 'WARNA', 'SKU000131', 'Biru laut');
INSERT IGNORE INTO Produk (id_produk, id_penjual, nama, deskripsi) VALUES (65, 41, 'Repurpose Clicks-And-Mortar Mindshare Serbaguna', 'Placeat corporis dolores quae quia quam. Velit natus blanditiis nulla facere eum praesentium. Sunt non exercitationem quod a voluptas quod.');
INSERT IGNORE INTO VarianProduk (sku, harga, stok) VALUES ('SKU000132', 1033667.23, 95);
INSERT IGNORE INTO ProdukVarianAtribut (id_produk, atribut_varian, sku, nilai) VALUES (65, 'RESOLUSI_LAYAR', 'SKU000132', 'FHD');
INSERT IGNORE INTO ProdukVarianAtribut (id_produk, atribut_varian, sku, nilai) VALUES (65, 'MATERIAL', 'SKU000132', 'Plastik ABS Food Grade');
INSERT IGNORE INTO Produk (id_produk, id_penjual, nama, deskripsi) VALUES (66, 26, 'Aggregate Efficient Info-Mediaries Edisi Terbatas', 'Quos corrupti ad sed. Expedita minus quia vitae delectus alias iure. Perspiciatis aut tenetur harum in dignissimos nulla molestias. Debitis alias impedit doloremque temporibus neque. Omnis iure placeat ullam consequatur consequatur nihil.');
INSERT IGNORE INTO VarianProduk (sku, harga, stok) VALUES ('SKU000133', 1922973.17, 126);
INSERT IGNORE INTO ProdukVarianAtribut (id_produk, atribut_varian, sku, nilai) VALUES (66, 'WARNA', 'SKU000133', 'Abu-abu');
INSERT IGNORE INTO ProdukVarianAtribut (id_produk, atribut_varian, sku, nilai) VALUES (66, 'UKURAN', 'SKU000133', '42');
INSERT IGNORE INTO ProdukVarianAtribut (id_produk, atribut_varian, sku, nilai) VALUES (66, 'MATERIAL', 'SKU000133', 'Plastik ABS Food Grade');
INSERT IGNORE INTO VarianProduk (sku, harga, stok) VALUES ('SKU000134', 461318.98, 12);
INSERT IGNORE INTO ProdukVarianAtribut (id_produk, atribut_varian, sku, nilai) VALUES (66, 'UKURAN', 'SKU000134', '40');
INSERT IGNORE INTO ProdukVarianAtribut (id_produk, atribut_varian, sku, nilai) VALUES (66, 'MATERIAL', 'SKU000134', 'Katun Combed 30s');
INSERT IGNORE INTO VarianProduk (sku, harga, stok) VALUES ('SKU000135', 963833.66, 9);
INSERT IGNORE INTO ProdukVarianAtribut (id_produk, atribut_varian, sku, nilai) VALUES (66, 'MATERIAL', 'SKU000135', 'Stainless Steel 304');
INSERT IGNORE INTO ProdukVarianAtribut (id_produk, atribut_varian, sku, nilai) VALUES (66, 'RESOLUSI_LAYAR', 'SKU000135', 'FHD');
INSERT IGNORE INTO ProdukVarianAtribut (id_produk, atribut_varian, sku, nilai) VALUES (66, 'RAM', 'SKU000135', '32GB');
INSERT IGNORE INTO Produk (id_produk, id_penjual, nama, deskripsi) VALUES (67, 46, 'Maximize E-Business Initiatives Premium', 'Repudiandae tenetur expedita rerum laudantium accusamus totam. Neque dolorum eos.');
INSERT IGNORE INTO VarianProduk (sku, harga, stok) VALUES ('SKU000136', 253256.46, 20);
INSERT IGNORE INTO ProdukVarianAtribut (id_produk, atribut_varian, sku, nilai) VALUES (67, 'RESOLUSI_LAYAR', 'SKU000136', 'FHD');
INSERT IGNORE INTO Produk (id_produk, id_penjual, nama, deskripsi) VALUES (68, 38, 'Evolve Value-Added Applications Serbaguna', 'Ex cupiditate recusandae maiores minus odio excepturi. Velit cupiditate quos nostrum rem necessitatibus quos.');
INSERT IGNORE INTO VarianProduk (sku, harga, stok) VALUES ('SKU000137', 520913.94, 101);
INSERT IGNORE INTO ProdukVarianAtribut (id_produk, atribut_varian, sku, nilai) VALUES (68, 'MATERIAL', 'SKU000137', 'Stainless Steel 304');
INSERT IGNORE INTO ProdukVarianAtribut (id_produk, atribut_varian, sku, nilai) VALUES (68, 'STORAGE_INTERNAL', 'SKU000137', '1TB');
INSERT IGNORE INTO VarianProduk (sku, harga, stok) VALUES ('SKU000138', 582996.44, 116);
INSERT IGNORE INTO ProdukVarianAtribut (id_produk, atribut_varian, sku, nilai) VALUES (68, 'STORAGE_INTERNAL', 'SKU000138', '256GB');
INSERT IGNORE INTO Produk (id_produk, id_penjual, nama, deskripsi) VALUES (69, 36, 'Streamline Transparent Mindshare Modern', 'Beatae consectetur animi quam excepturi. Quod eaque accusamus necessitatibus amet officiis atque. Dignissimos deserunt ea. Vero iste soluta repellat ad consequuntur officiis.');
INSERT IGNORE INTO VarianProduk (sku, harga, stok) VALUES ('SKU000139', 681909.96, 122);
INSERT IGNORE INTO ProdukVarianAtribut (id_produk, atribut_varian, sku, nilai) VALUES (69, 'STORAGE_INTERNAL', 'SKU000139', '256GB');
INSERT IGNORE INTO ProdukVarianAtribut (id_produk, atribut_varian, sku, nilai) VALUES (69, 'UKURAN', 'SKU000139', '40');
INSERT IGNORE INTO ProdukVarianAtribut (id_produk, atribut_varian, sku, nilai) VALUES (69, 'RESOLUSI_LAYAR', 'SKU000139', 'FHD');
INSERT IGNORE INTO Produk (id_produk, id_penjual, nama, deskripsi) VALUES (70, 16, 'Embrace Synergistic E-Services Modern', 'Fugiat quasi aut vel earum. Vel illo ipsa corrupti.');
INSERT IGNORE INTO VarianProduk (sku, harga, stok) VALUES ('SKU000140', 1726219.9, 32);
INSERT IGNORE INTO ProdukVarianAtribut (id_produk, atribut_varian, sku, nilai) VALUES (70, 'JENIS_KAIN', 'SKU000140', 'Flanel');
INSERT IGNORE INTO ProdukVarianAtribut (id_produk, atribut_varian, sku, nilai) VALUES (70, 'RESOLUSI_LAYAR', 'SKU000140', 'HD');
INSERT IGNORE INTO ProdukVarianAtribut (id_produk, atribut_varian, sku, nilai) VALUES (70, 'RAM', 'SKU000140', '12GB');
INSERT IGNORE INTO VarianProduk (sku, harga, stok) VALUES ('SKU000141', 943404.44, 10);
INSERT IGNORE INTO ProdukVarianAtribut (id_produk, atribut_varian, sku, nilai) VALUES (70, 'RAM', 'SKU000141', '12GB');
INSERT IGNORE INTO ProdukVarianAtribut (id_produk, atribut_varian, sku, nilai) VALUES (70, 'MATERIAL', 'SKU000141', 'Kanvas Tebal');
INSERT IGNORE INTO Produk (id_produk, id_penjual, nama, deskripsi) VALUES (71, 23, 'Implement Sticky Systems Modern', 'Assumenda ipsam ex. Repudiandae veniam ducimus libero laborum suscipit.');
INSERT IGNORE INTO VarianProduk (sku, harga, stok) VALUES ('SKU000142', 2244992.42, 137);
INSERT IGNORE INTO ProdukVarianAtribut (id_produk, atribut_varian, sku, nilai) VALUES (71, 'WARNA', 'SKU000142', 'Hijau muda');
INSERT IGNORE INTO ProdukVarianAtribut (id_produk, atribut_varian, sku, nilai) VALUES (71, 'UKURAN', 'SKU000142', '40');
INSERT IGNORE INTO ProdukVarianAtribut (id_produk, atribut_varian, sku, nilai) VALUES (71, 'RESOLUSI_LAYAR', 'SKU000142', '4K');
INSERT IGNORE INTO Produk (id_produk, id_penjual, nama, deskripsi) VALUES (72, 3, 'Orchestrate Proactive E-Business Serbaguna', 'Blanditiis dolore modi eius. Dolorum ad sapiente. Et recusandae dolor quasi hic magnam repellendus.');
INSERT IGNORE INTO VarianProduk (sku, harga, stok) VALUES ('SKU000143', 180029.8, 9);
INSERT IGNORE INTO ProdukVarianAtribut (id_produk, atribut_varian, sku, nilai) VALUES (72, 'RESOLUSI_LAYAR', 'SKU000143', 'HD');
INSERT IGNORE INTO Produk (id_produk, id_penjual, nama, deskripsi) VALUES (73, 38, 'Deploy Best-Of-Breed Markets Edisi Terbatas', 'Consequatur sapiente aspernatur aliquam quasi odit molestias. Modi sit odio nulla.');
INSERT IGNORE INTO VarianProduk (sku, harga, stok) VALUES ('SKU000144', 188558.04, 137);
INSERT IGNORE INTO ProdukVarianAtribut (id_produk, atribut_varian, sku, nilai) VALUES (73, 'MATERIAL', 'SKU000144', 'Katun Combed 30s');
INSERT IGNORE INTO ProdukVarianAtribut (id_produk, atribut_varian, sku, nilai) VALUES (73, 'WARNA', 'SKU000144', 'Coklat');
INSERT IGNORE INTO VarianProduk (sku, harga, stok) VALUES ('SKU000145', 2111327.26, 61);
INSERT IGNORE INTO ProdukVarianAtribut (id_produk, atribut_varian, sku, nilai) VALUES (73, 'STORAGE_INTERNAL', 'SKU000145', '256GB');
INSERT IGNORE INTO ProdukVarianAtribut (id_produk, atribut_varian, sku, nilai) VALUES (73, 'MATERIAL', 'SKU000145', 'Stainless Steel 304');
INSERT IGNORE INTO VarianProduk (sku, harga, stok) VALUES ('SKU000146', 1388675.35, 49);
INSERT IGNORE INTO ProdukVarianAtribut (id_produk, atribut_varian, sku, nilai) VALUES (73, 'RAM', 'SKU000146', '32GB');
INSERT IGNORE INTO ProdukVarianAtribut (id_produk, atribut_varian, sku, nilai) VALUES (73, 'UKURAN', 'SKU000146', 'All Size');
INSERT IGNORE INTO ProdukVarianAtribut (id_produk, atribut_varian, sku, nilai) VALUES (73, 'MATERIAL', 'SKU000146', 'Polyester Blend');
INSERT IGNORE INTO Produk (id_produk, id_penjual, nama, deskripsi) VALUES (74, 20, 'Productize Rich Channels Premium', 'Doloribus omnis enim asperiores maxime molestiae. Est cupiditate odit. Ipsa temporibus ipsam vel consequatur dolorem sequi.');
INSERT IGNORE INTO VarianProduk (sku, harga, stok) VALUES ('SKU000147', 1277848.82, 8);
INSERT IGNORE INTO ProdukVarianAtribut (id_produk, atribut_varian, sku, nilai) VALUES (74, 'UKURAN', 'SKU000147', '38');
INSERT IGNORE INTO Produk (id_produk, id_penjual, nama, deskripsi) VALUES (75, 40, 'Enable Compelling Models Serbaguna', 'Veniam sunt qui doloribus quia voluptates. Mollitia laborum quia consectetur totam nihil odio.');
INSERT IGNORE INTO VarianProduk (sku, harga, stok) VALUES ('SKU000148', 2326224.2, 19);
INSERT IGNORE INTO ProdukVarianAtribut (id_produk, atribut_varian, sku, nilai) VALUES (75, 'JENIS_KAIN', 'SKU000148', 'Flanel');
INSERT IGNORE INTO ProdukVarianAtribut (id_produk, atribut_varian, sku, nilai) VALUES (75, 'MATERIAL', 'SKU000148', 'Kanvas Tebal');
INSERT IGNORE INTO VarianProduk (sku, harga, stok) VALUES ('SKU000149', 1311158.74, 47);
INSERT IGNORE INTO ProdukVarianAtribut (id_produk, atribut_varian, sku, nilai) VALUES (75, 'RESOLUSI_LAYAR', 'SKU000149', '4K');
INSERT IGNORE INTO ProdukVarianAtribut (id_produk, atribut_varian, sku, nilai) VALUES (75, 'JENIS_KAIN', 'SKU000149', 'Satin');
INSERT IGNORE INTO VarianProduk (sku, harga, stok) VALUES ('SKU000150', 2803851.82, 17);
INSERT IGNORE INTO ProdukVarianAtribut (id_produk, atribut_varian, sku, nilai) VALUES (75, 'MATERIAL', 'SKU000150', 'Kulit Sintetis PU');
INSERT IGNORE INTO ProdukVarianAtribut (id_produk, atribut_varian, sku, nilai) VALUES (75, 'WARNA', 'SKU000150', 'Biru muda');
INSERT IGNORE INTO Produk (id_produk, id_penjual, nama, deskripsi) VALUES (76, 49, 'Grow Dynamic Infrastructures Edisi Terbatas', 'Maiores cumque voluptas facilis nihil dignissimos. Corporis perspiciatis ipsum veniam quas.');
INSERT IGNORE INTO VarianProduk (sku, harga, stok) VALUES ('SKU000151', 2087315.59, 48);
INSERT IGNORE INTO ProdukVarianAtribut (id_produk, atribut_varian, sku, nilai) VALUES (76, 'RAM', 'SKU000151', '32GB');
INSERT IGNORE INTO ProdukVarianAtribut (id_produk, atribut_varian, sku, nilai) VALUES (76, 'UKURAN', 'SKU000151', '40');
INSERT IGNORE INTO ProdukVarianAtribut (id_produk, atribut_varian, sku, nilai) VALUES (76, 'RESOLUSI_LAYAR', 'SKU000151', 'QHD');
INSERT IGNORE INTO VarianProduk (sku, harga, stok) VALUES ('SKU000152', 832286.7, 123);
INSERT IGNORE INTO ProdukVarianAtribut (id_produk, atribut_varian, sku, nilai) VALUES (76, 'MATERIAL', 'SKU000152', 'Polyester Blend');
INSERT IGNORE INTO ProdukVarianAtribut (id_produk, atribut_varian, sku, nilai) VALUES (76, 'WARNA', 'SKU000152', 'Kuning');
INSERT IGNORE INTO Produk (id_produk, id_penjual, nama, deskripsi) VALUES (77, 7, 'Innovate Mission-Critical Partnerships Modern', 'Cum vitae accusamus quas modi esse repellat reprehenderit. Dicta cum ipsum odio harum distinctio.');
INSERT IGNORE INTO VarianProduk (sku, harga, stok) VALUES ('SKU000153', 1143691.09, 106);
INSERT IGNORE INTO ProdukVarianAtribut (id_produk, atribut_varian, sku, nilai) VALUES (77, 'WARNA', 'SKU000153', 'Ungu');
INSERT IGNORE INTO VarianProduk (sku, harga, stok) VALUES ('SKU000154', 1537704.94, 25);
INSERT IGNORE INTO ProdukVarianAtribut (id_produk, atribut_varian, sku, nilai) VALUES (77, 'MATERIAL', 'SKU000154', 'Polyester Blend');
INSERT IGNORE INTO ProdukVarianAtribut (id_produk, atribut_varian, sku, nilai) VALUES (77, 'WARNA', 'SKU000154', 'Jingga');
INSERT IGNORE INTO VarianProduk (sku, harga, stok) VALUES ('SKU000155', 578844.86, 28);
INSERT IGNORE INTO ProdukVarianAtribut (id_produk, atribut_varian, sku, nilai) VALUES (77, 'RESOLUSI_LAYAR', 'SKU000155', 'FHD');
INSERT IGNORE INTO Produk (id_produk, id_penjual, nama, deskripsi) VALUES (78, 49, 'Leverage Seamless Interfaces Premium', 'Eos ea minima magnam debitis. Modi tenetur praesentium quos sint officiis asperiores deserunt.');
INSERT IGNORE INTO VarianProduk (sku, harga, stok) VALUES ('SKU000156', 41715.1, 69);
INSERT IGNORE INTO ProdukVarianAtribut (id_produk, atribut_varian, sku, nilai) VALUES (78, 'RAM', 'SKU000156', '4GB');
INSERT IGNORE INTO ProdukVarianAtribut (id_produk, atribut_varian, sku, nilai) VALUES (78, 'MATERIAL', 'SKU000156', 'Kanvas Tebal');
INSERT IGNORE INTO ProdukVarianAtribut (id_produk, atribut_varian, sku, nilai) VALUES (78, 'RESOLUSI_LAYAR', 'SKU000156', 'QHD');
INSERT IGNORE INTO VarianProduk (sku, harga, stok) VALUES ('SKU000157', 1363271.99, 150);
INSERT IGNORE INTO ProdukVarianAtribut (id_produk, atribut_varian, sku, nilai) VALUES (78, 'WARNA', 'SKU000157', 'Ungu tua');
INSERT IGNORE INTO ProdukVarianAtribut (id_produk, atribut_varian, sku, nilai) VALUES (78, 'RAM', 'SKU000157', '16GB');
INSERT IGNORE INTO ProdukVarianAtribut (id_produk, atribut_varian, sku, nilai) VALUES (78, 'UKURAN', 'SKU000157', 'All Size');
INSERT IGNORE INTO VarianProduk (sku, harga, stok) VALUES ('SKU000158', 466530.28, 28);
INSERT IGNORE INTO ProdukVarianAtribut (id_produk, atribut_varian, sku, nilai) VALUES (78, 'MATERIAL', 'SKU000158', 'Kulit Sintetis PU');
INSERT IGNORE INTO Produk (id_produk, id_penjual, nama, deskripsi) VALUES (79, 29, 'Productize Plug-And-Play Convergence Edisi Terbatas', 'Error autem voluptatum corrupti suscipit. Qui maxime sapiente velit quasi consectetur. Vel quas eius voluptatum laboriosam velit.');
INSERT IGNORE INTO VarianProduk (sku, harga, stok) VALUES ('SKU000159', 971473.44, 137);
INSERT IGNORE INTO ProdukVarianAtribut (id_produk, atribut_varian, sku, nilai) VALUES (79, 'UKURAN', 'SKU000159', '38');
INSERT IGNORE INTO ProdukVarianAtribut (id_produk, atribut_varian, sku, nilai) VALUES (79, 'JENIS_KAIN', 'SKU000159', 'Denim');
INSERT IGNORE INTO ProdukVarianAtribut (id_produk, atribut_varian, sku, nilai) VALUES (79, 'RAM', 'SKU000159', '4GB');
INSERT IGNORE INTO VarianProduk (sku, harga, stok) VALUES ('SKU000160', 2306206.38, 64);
INSERT IGNORE INTO ProdukVarianAtribut (id_produk, atribut_varian, sku, nilai) VALUES (79, 'MATERIAL', 'SKU000160', 'Kulit Sintetis PU');
INSERT IGNORE INTO ProdukVarianAtribut (id_produk, atribut_varian, sku, nilai) VALUES (79, 'JENIS_KAIN', 'SKU000160', 'Satin');
INSERT IGNORE INTO ProdukVarianAtribut (id_produk, atribut_varian, sku, nilai) VALUES (79, 'RESOLUSI_LAYAR', 'SKU000160', 'HD');
INSERT IGNORE INTO Produk (id_produk, id_penjual, nama, deskripsi) VALUES (80, 16, 'Utilize Holistic Solutions Edisi Terbatas', 'Optio nulla veritatis magnam numquam. Ullam et eligendi veniam nam deserunt possimus. Necessitatibus quod eaque fuga ipsam pariatur tempora saepe.');
INSERT IGNORE INTO VarianProduk (sku, harga, stok) VALUES ('SKU000161', 1895555.91, 71);
INSERT IGNORE INTO ProdukVarianAtribut (id_produk, atribut_varian, sku, nilai) VALUES (80, 'JENIS_KAIN', 'SKU000161', 'Denim');
INSERT IGNORE INTO ProdukVarianAtribut (id_produk, atribut_varian, sku, nilai) VALUES (80, 'RESOLUSI_LAYAR', 'SKU000161', '4K');
INSERT IGNORE INTO Produk (id_produk, id_penjual, nama, deskripsi) VALUES (81, 42, 'E-Enable Extensible Mindshare Serbaguna', 'Unde nisi possimus. Accusamus harum quisquam explicabo deleniti magnam.');
INSERT IGNORE INTO VarianProduk (sku, harga, stok) VALUES ('SKU000162', 1791028.86, 27);
INSERT IGNORE INTO ProdukVarianAtribut (id_produk, atribut_varian, sku, nilai) VALUES (81, 'MATERIAL', 'SKU000162', 'Plastik ABS Food Grade');
INSERT IGNORE INTO ProdukVarianAtribut (id_produk, atribut_varian, sku, nilai) VALUES (81, 'WARNA', 'SKU000162', 'Merah');
INSERT IGNORE INTO Produk (id_produk, id_penjual, nama, deskripsi) VALUES (82, 19, 'Innovate Proactive Action-Items Premium', 'Labore vitae laborum eum. Delectus eligendi amet harum iste error. Delectus explicabo optio excepturi veniam.');
INSERT IGNORE INTO VarianProduk (sku, harga, stok) VALUES ('SKU000163', 1917897.08, 105);
INSERT IGNORE INTO ProdukVarianAtribut (id_produk, atribut_varian, sku, nilai) VALUES (82, 'MATERIAL', 'SKU000163', 'Stainless Steel 304');
INSERT IGNORE INTO ProdukVarianAtribut (id_produk, atribut_varian, sku, nilai) VALUES (82, 'RAM', 'SKU000163', '32GB');
INSERT IGNORE INTO VarianProduk (sku, harga, stok) VALUES ('SKU000164', 1863291.73, 103);
INSERT IGNORE INTO ProdukVarianAtribut (id_produk, atribut_varian, sku, nilai) VALUES (82, 'UKURAN', 'SKU000164', '41');
INSERT IGNORE INTO ProdukVarianAtribut (id_produk, atribut_varian, sku, nilai) VALUES (82, 'JENIS_KAIN', 'SKU000164', 'Satin');
INSERT IGNORE INTO Produk (id_produk, id_penjual, nama, deskripsi) VALUES (83, 32, 'Expedite Intuitive Action-Items Edisi Terbatas', 'Sint quibusdam unde quam perferendis modi. Non facilis assumenda. Voluptas consequatur quibusdam doloremque nemo. Eum adipisci sapiente quia eos nobis.');
INSERT IGNORE INTO VarianProduk (sku, harga, stok) VALUES ('SKU000165', 583856.23, 84);
INSERT IGNORE INTO ProdukVarianAtribut (id_produk, atribut_varian, sku, nilai) VALUES (83, 'STORAGE_INTERNAL', 'SKU000165', '64GB');
INSERT IGNORE INTO ProdukVarianAtribut (id_produk, atribut_varian, sku, nilai) VALUES (83, 'RESOLUSI_LAYAR', 'SKU000165', 'FHD');
INSERT IGNORE INTO VarianProduk (sku, harga, stok) VALUES ('SKU000166', 1742754.41, 94);
INSERT IGNORE INTO ProdukVarianAtribut (id_produk, atribut_varian, sku, nilai) VALUES (83, 'RESOLUSI_LAYAR', 'SKU000166', 'FHD');
INSERT IGNORE INTO VarianProduk (sku, harga, stok) VALUES ('SKU000167', 2188366.24, 63);
INSERT IGNORE INTO ProdukVarianAtribut (id_produk, atribut_varian, sku, nilai) VALUES (83, 'RESOLUSI_LAYAR', 'SKU000167', 'HD');
INSERT IGNORE INTO ProdukVarianAtribut (id_produk, atribut_varian, sku, nilai) VALUES (83, 'JENIS_KAIN', 'SKU000167', 'Satin');
INSERT IGNORE INTO Produk (id_produk, id_penjual, nama, deskripsi) VALUES (84, 23, 'Innovate Bleeding-Edge Infrastructures Modern', 'Dignissimos magni facilis accusamus perferendis cupiditate officiis. Quo quam totam molestias soluta. Voluptas mollitia ullam consequatur nulla.');
INSERT IGNORE INTO VarianProduk (sku, harga, stok) VALUES ('SKU000168', 1713162.91, 101);
INSERT IGNORE INTO ProdukVarianAtribut (id_produk, atribut_varian, sku, nilai) VALUES (84, 'WARNA', 'SKU000168', 'Emas');
INSERT IGNORE INTO ProdukVarianAtribut (id_produk, atribut_varian, sku, nilai) VALUES (84, 'RESOLUSI_LAYAR', 'SKU000168', 'FHD');
INSERT IGNORE INTO VarianProduk (sku, harga, stok) VALUES ('SKU000169', 294781.99, 112);
INSERT IGNORE INTO ProdukVarianAtribut (id_produk, atribut_varian, sku, nilai) VALUES (84, 'STORAGE_INTERNAL', 'SKU000169', '512GB');
INSERT IGNORE INTO VarianProduk (sku, harga, stok) VALUES ('SKU000170', 1396061.49, 122);
INSERT IGNORE INTO ProdukVarianAtribut (id_produk, atribut_varian, sku, nilai) VALUES (84, 'RESOLUSI_LAYAR', 'SKU000170', 'FHD');
INSERT IGNORE INTO ProdukVarianAtribut (id_produk, atribut_varian, sku, nilai) VALUES (84, 'RAM', 'SKU000170', '32GB');
INSERT IGNORE INTO Produk (id_produk, id_penjual, nama, deskripsi) VALUES (85, 23, 'Visualize B2C Channels Premium', 'Porro nulla magni minus fugiat eos. Aliquid officiis enim debitis dolorem vero. Cupiditate veritatis architecto cumque quidem.');
INSERT IGNORE INTO VarianProduk (sku, harga, stok) VALUES ('SKU000171', 1834233.28, 76);
INSERT IGNORE INTO ProdukVarianAtribut (id_produk, atribut_varian, sku, nilai) VALUES (85, 'RAM', 'SKU000171', '32GB');
INSERT IGNORE INTO ProdukVarianAtribut (id_produk, atribut_varian, sku, nilai) VALUES (85, 'WARNA', 'SKU000171', 'Kuning');
INSERT IGNORE INTO ProdukVarianAtribut (id_produk, atribut_varian, sku, nilai) VALUES (85, 'RESOLUSI_LAYAR', 'SKU000171', '4K');
INSERT IGNORE INTO VarianProduk (sku, harga, stok) VALUES ('SKU000172', 1955065.51, 7);
INSERT IGNORE INTO ProdukVarianAtribut (id_produk, atribut_varian, sku, nilai) VALUES (85, 'RAM', 'SKU000172', '4GB');
INSERT IGNORE INTO Produk (id_produk, id_penjual, nama, deskripsi) VALUES (86, 3, 'Repurpose Interactive Platforms Modern', 'Occaecati et voluptatum quibusdam quaerat. Repellat repellendus aperiam a fugit iusto assumenda. Eveniet quos perspiciatis ipsum enim nobis. Rem aperiam recusandae. Illo aliquid doloremque sint reiciendis.');
INSERT IGNORE INTO VarianProduk (sku, harga, stok) VALUES ('SKU000173', 1520380.53, 128);
INSERT IGNORE INTO ProdukVarianAtribut (id_produk, atribut_varian, sku, nilai) VALUES (86, 'RAM', 'SKU000173', '16GB');
INSERT IGNORE INTO ProdukVarianAtribut (id_produk, atribut_varian, sku, nilai) VALUES (86, 'UKURAN', 'SKU000173', 'L');
INSERT IGNORE INTO ProdukVarianAtribut (id_produk, atribut_varian, sku, nilai) VALUES (86, 'STORAGE_INTERNAL', 'SKU000173', '128GB');
INSERT IGNORE INTO Produk (id_produk, id_penjual, nama, deskripsi) VALUES (87, 32, 'Morph Rich Roi Modern', 'Ducimus corrupti veniam quasi laborum ratione voluptates beatae. Aliquid molestiae quod ducimus. Reprehenderit expedita suscipit alias optio odio beatae. Exercitationem dicta quaerat corporis unde commodi quia. Quas mollitia dignissimos quidem.');
INSERT IGNORE INTO VarianProduk (sku, harga, stok) VALUES ('SKU000174', 1014528.05, 70);
INSERT IGNORE INTO ProdukVarianAtribut (id_produk, atribut_varian, sku, nilai) VALUES (87, 'UKURAN', 'SKU000174', 'L');
INSERT IGNORE INTO ProdukVarianAtribut (id_produk, atribut_varian, sku, nilai) VALUES (87, 'JENIS_KAIN', 'SKU000174', 'Rayon');
INSERT IGNORE INTO VarianProduk (sku, harga, stok) VALUES ('SKU000175', 2148161.77, 134);
INSERT IGNORE INTO ProdukVarianAtribut (id_produk, atribut_varian, sku, nilai) VALUES (87, 'RESOLUSI_LAYAR', 'SKU000175', 'QHD');
INSERT IGNORE INTO ProdukVarianAtribut (id_produk, atribut_varian, sku, nilai) VALUES (87, 'WARNA', 'SKU000175', 'Hijau');
INSERT IGNORE INTO VarianProduk (sku, harga, stok) VALUES ('SKU000176', 1134593.58, 5);
INSERT IGNORE INTO ProdukVarianAtribut (id_produk, atribut_varian, sku, nilai) VALUES (87, 'RESOLUSI_LAYAR', 'SKU000176', '4K');
INSERT IGNORE INTO ProdukVarianAtribut (id_produk, atribut_varian, sku, nilai) VALUES (87, 'MATERIAL', 'SKU000176', 'Kanvas Tebal');
INSERT IGNORE INTO Produk (id_produk, id_penjual, nama, deskripsi) VALUES (88, 37, 'Incentivize Strategic Synergies Premium', 'Laudantium ex maxime maxime. Quod dignissimos hic molestiae.');
INSERT IGNORE INTO VarianProduk (sku, harga, stok) VALUES ('SKU000177', 2276466.78, 0);
INSERT IGNORE INTO ProdukVarianAtribut (id_produk, atribut_varian, sku, nilai) VALUES (88, 'RESOLUSI_LAYAR', 'SKU000177', 'FHD');
INSERT IGNORE INTO ProdukVarianAtribut (id_produk, atribut_varian, sku, nilai) VALUES (88, 'RAM', 'SKU000177', '32GB');
INSERT IGNORE INTO VarianProduk (sku, harga, stok) VALUES ('SKU000178', 2029189.91, 86);
INSERT IGNORE INTO ProdukVarianAtribut (id_produk, atribut_varian, sku, nilai) VALUES (88, 'STORAGE_INTERNAL', 'SKU000178', '128GB');
INSERT IGNORE INTO ProdukVarianAtribut (id_produk, atribut_varian, sku, nilai) VALUES (88, 'RAM', 'SKU000178', '12GB');
INSERT IGNORE INTO Produk (id_produk, id_penjual, nama, deskripsi) VALUES (89, 48, 'Streamline Cross-Platform Communities Modern', 'Sed sint labore. Earum molestias voluptate itaque delectus.');
INSERT IGNORE INTO VarianProduk (sku, harga, stok) VALUES ('SKU000179', 1933443.42, 37);
INSERT IGNORE INTO ProdukVarianAtribut (id_produk, atribut_varian, sku, nilai) VALUES (89, 'JENIS_KAIN', 'SKU000179', 'Satin');
INSERT IGNORE INTO ProdukVarianAtribut (id_produk, atribut_varian, sku, nilai) VALUES (89, 'UKURAN', 'SKU000179', 'L');
INSERT IGNORE INTO ProdukVarianAtribut (id_produk, atribut_varian, sku, nilai) VALUES (89, 'MATERIAL', 'SKU000179', 'Katun Combed 30s');
INSERT IGNORE INTO VarianProduk (sku, harga, stok) VALUES ('SKU000180', 2698340.59, 147);
INSERT IGNORE INTO ProdukVarianAtribut (id_produk, atribut_varian, sku, nilai) VALUES (89, 'MATERIAL', 'SKU000180', 'Katun Combed 30s');
INSERT IGNORE INTO VarianProduk (sku, harga, stok) VALUES ('SKU000181', 796803.91, 63);
INSERT IGNORE INTO ProdukVarianAtribut (id_produk, atribut_varian, sku, nilai) VALUES (89, 'STORAGE_INTERNAL', 'SKU000181', '1TB');
INSERT IGNORE INTO ProdukVarianAtribut (id_produk, atribut_varian, sku, nilai) VALUES (89, 'RESOLUSI_LAYAR', 'SKU000181', 'QHD');
INSERT IGNORE INTO ProdukVarianAtribut (id_produk, atribut_varian, sku, nilai) VALUES (89, 'UKURAN', 'SKU000181', 'L');
INSERT IGNORE INTO Produk (id_produk, id_penjual, nama, deskripsi) VALUES (90, 44, 'Benchmark Seamless Interfaces Edisi Terbatas', 'Ullam quia vel. Sed eos beatae autem deleniti.');
INSERT IGNORE INTO VarianProduk (sku, harga, stok) VALUES ('SKU000182', 1082117.8, 35);
INSERT IGNORE INTO ProdukVarianAtribut (id_produk, atribut_varian, sku, nilai) VALUES (90, 'RAM', 'SKU000182', '8GB');
INSERT IGNORE INTO ProdukVarianAtribut (id_produk, atribut_varian, sku, nilai) VALUES (90, 'JENIS_KAIN', 'SKU000182', 'Flanel');
INSERT IGNORE INTO ProdukVarianAtribut (id_produk, atribut_varian, sku, nilai) VALUES (90, 'UKURAN', 'SKU000182', '38');
INSERT IGNORE INTO VarianProduk (sku, harga, stok) VALUES ('SKU000183', 1848625.32, 4);
INSERT IGNORE INTO ProdukVarianAtribut (id_produk, atribut_varian, sku, nilai) VALUES (90, 'MATERIAL', 'SKU000183', 'Plastik ABS Food Grade');
INSERT IGNORE INTO Produk (id_produk, id_penjual, nama, deskripsi) VALUES (91, 12, 'Transition Holistic Convergence Serbaguna', 'Corporis quaerat quaerat blanditiis.');
INSERT IGNORE INTO VarianProduk (sku, harga, stok) VALUES ('SKU000184', 2717052.06, 9);
INSERT IGNORE INTO ProdukVarianAtribut (id_produk, atribut_varian, sku, nilai) VALUES (91, 'STORAGE_INTERNAL', 'SKU000184', '64GB');
INSERT IGNORE INTO VarianProduk (sku, harga, stok) VALUES ('SKU000185', 1638306.37, 100);
INSERT IGNORE INTO ProdukVarianAtribut (id_produk, atribut_varian, sku, nilai) VALUES (91, 'STORAGE_INTERNAL', 'SKU000185', '1TB');
INSERT IGNORE INTO ProdukVarianAtribut (id_produk, atribut_varian, sku, nilai) VALUES (91, 'UKURAN', 'SKU000185', 'S');
INSERT IGNORE INTO Produk (id_produk, id_penjual, nama, deskripsi) VALUES (92, 40, 'Enable Clicks-And-Mortar Solutions Modern', 'Veniam distinctio ex necessitatibus officiis sapiente. Tempore illum blanditiis laboriosam illo. Ad consequuntur culpa asperiores. Ipsum ad quo nihil quia sed.');
INSERT IGNORE INTO VarianProduk (sku, harga, stok) VALUES ('SKU000186', 810998.01, 41);
INSERT IGNORE INTO ProdukVarianAtribut (id_produk, atribut_varian, sku, nilai) VALUES (92, 'RAM', 'SKU000186', '4GB');
INSERT IGNORE INTO ProdukVarianAtribut (id_produk, atribut_varian, sku, nilai) VALUES (92, 'MATERIAL', 'SKU000186', 'Plastik ABS Food Grade');
INSERT IGNORE INTO ProdukVarianAtribut (id_produk, atribut_varian, sku, nilai) VALUES (92, 'UKURAN', 'SKU000186', 'XL');
INSERT IGNORE INTO VarianProduk (sku, harga, stok) VALUES ('SKU000187', 276635.62, 43);
INSERT IGNORE INTO ProdukVarianAtribut (id_produk, atribut_varian, sku, nilai) VALUES (92, 'RESOLUSI_LAYAR', 'SKU000187', 'FHD');
INSERT IGNORE INTO Produk (id_produk, id_penjual, nama, deskripsi) VALUES (93, 42, 'Deploy Impactful E-Markets Edisi Terbatas', 'Voluptatum provident impedit aut fuga ea quasi tenetur. Ducimus odio ipsam saepe dicta officia non.');
INSERT IGNORE INTO VarianProduk (sku, harga, stok) VALUES ('SKU000188', 655137.82, 3);
INSERT IGNORE INTO ProdukVarianAtribut (id_produk, atribut_varian, sku, nilai) VALUES (93, 'STORAGE_INTERNAL', 'SKU000188', '128GB');
INSERT IGNORE INTO ProdukVarianAtribut (id_produk, atribut_varian, sku, nilai) VALUES (93, 'MATERIAL', 'SKU000188', 'Katun Combed 30s');
INSERT IGNORE INTO ProdukVarianAtribut (id_produk, atribut_varian, sku, nilai) VALUES (93, 'UKURAN', 'SKU000188', 'All Size');
INSERT IGNORE INTO VarianProduk (sku, harga, stok) VALUES ('SKU000189', 247550.88, 4);
INSERT IGNORE INTO ProdukVarianAtribut (id_produk, atribut_varian, sku, nilai) VALUES (93, 'JENIS_KAIN', 'SKU000189', 'Rayon');
INSERT IGNORE INTO ProdukVarianAtribut (id_produk, atribut_varian, sku, nilai) VALUES (93, 'RAM', 'SKU000189', '12GB');
INSERT IGNORE INTO VarianProduk (sku, harga, stok) VALUES ('SKU000190', 2064788.08, 137);
INSERT IGNORE INTO ProdukVarianAtribut (id_produk, atribut_varian, sku, nilai) VALUES (93, 'WARNA', 'SKU000190', 'Emas');
INSERT IGNORE INTO ProdukVarianAtribut (id_produk, atribut_varian, sku, nilai) VALUES (93, 'UKURAN', 'SKU000190', '40');
INSERT IGNORE INTO ProdukVarianAtribut (id_produk, atribut_varian, sku, nilai) VALUES (93, 'MATERIAL', 'SKU000190', 'Kulit Sintetis PU');
INSERT IGNORE INTO Produk (id_produk, id_penjual, nama, deskripsi) VALUES (94, 42, 'Syndicate Global Relationships Premium', 'Vero ut voluptas. Qui expedita officiis sunt vitae reiciendis.');
INSERT IGNORE INTO VarianProduk (sku, harga, stok) VALUES ('SKU000191', 1624030.88, 119);
INSERT IGNORE INTO ProdukVarianAtribut (id_produk, atribut_varian, sku, nilai) VALUES (94, 'MATERIAL', 'SKU000191', 'Katun Combed 30s');
INSERT IGNORE INTO ProdukVarianAtribut (id_produk, atribut_varian, sku, nilai) VALUES (94, 'STORAGE_INTERNAL', 'SKU000191', '1TB');
INSERT IGNORE INTO VarianProduk (sku, harga, stok) VALUES ('SKU000192', 1957188.1, 127);
INSERT IGNORE INTO ProdukVarianAtribut (id_produk, atribut_varian, sku, nilai) VALUES (94, 'MATERIAL', 'SKU000192', 'Stainless Steel 304');
INSERT IGNORE INTO VarianProduk (sku, harga, stok) VALUES ('SKU000193', 84896.37, 129);
INSERT IGNORE INTO ProdukVarianAtribut (id_produk, atribut_varian, sku, nilai) VALUES (94, 'STORAGE_INTERNAL', 'SKU000193', '64GB');
INSERT IGNORE INTO ProdukVarianAtribut (id_produk, atribut_varian, sku, nilai) VALUES (94, 'JENIS_KAIN', 'SKU000193', 'Flanel');
INSERT IGNORE INTO Produk (id_produk, id_penjual, nama, deskripsi) VALUES (95, 46, 'Leverage Innovative Methodologies Premium', 'Eaque dolor velit doloribus aut. Eaque eum amet distinctio accusantium.');
INSERT IGNORE INTO VarianProduk (sku, harga, stok) VALUES ('SKU000194', 262756.28, 4);
INSERT IGNORE INTO ProdukVarianAtribut (id_produk, atribut_varian, sku, nilai) VALUES (95, 'MATERIAL', 'SKU000194', 'Polyester Blend');
INSERT IGNORE INTO ProdukVarianAtribut (id_produk, atribut_varian, sku, nilai) VALUES (95, 'STORAGE_INTERNAL', 'SKU000194', '256GB');
INSERT IGNORE INTO VarianProduk (sku, harga, stok) VALUES ('SKU000195', 605971.26, 35);
INSERT IGNORE INTO ProdukVarianAtribut (id_produk, atribut_varian, sku, nilai) VALUES (95, 'JENIS_KAIN', 'SKU000195', 'Denim');
INSERT IGNORE INTO ProdukVarianAtribut (id_produk, atribut_varian, sku, nilai) VALUES (95, 'UKURAN', 'SKU000195', 'S');
INSERT IGNORE INTO ProdukVarianAtribut (id_produk, atribut_varian, sku, nilai) VALUES (95, 'RAM', 'SKU000195', '16GB');
INSERT IGNORE INTO Produk (id_produk, id_penjual, nama, deskripsi) VALUES (96, 44, 'Generate Compelling Users Serbaguna', 'Autem vitae dolor facere quis ipsum libero vitae. Aliquid dolores aperiam dignissimos culpa doloribus excepturi. Eveniet dolores quisquam. Atque modi consequatur facere. Sequi a numquam eveniet ipsa inventore rerum esse.');
INSERT IGNORE INTO VarianProduk (sku, harga, stok) VALUES ('SKU000196', 1971190.37, 41);
INSERT IGNORE INTO ProdukVarianAtribut (id_produk, atribut_varian, sku, nilai) VALUES (96, 'STORAGE_INTERNAL', 'SKU000196', '1TB');
INSERT IGNORE INTO ProdukVarianAtribut (id_produk, atribut_varian, sku, nilai) VALUES (96, 'RESOLUSI_LAYAR', 'SKU000196', 'FHD');
INSERT IGNORE INTO VarianProduk (sku, harga, stok) VALUES ('SKU000197', 2836525.07, 84);
INSERT IGNORE INTO ProdukVarianAtribut (id_produk, atribut_varian, sku, nilai) VALUES (96, 'WARNA', 'SKU000197', 'Hijau muda');
INSERT IGNORE INTO ProdukVarianAtribut (id_produk, atribut_varian, sku, nilai) VALUES (96, 'JENIS_KAIN', 'SKU000197', 'Denim');
INSERT IGNORE INTO ProdukVarianAtribut (id_produk, atribut_varian, sku, nilai) VALUES (96, 'STORAGE_INTERNAL', 'SKU000197', '128GB');
INSERT IGNORE INTO Produk (id_produk, id_penjual, nama, deskripsi) VALUES (97, 41, 'Facilitate Dynamic Platforms Serbaguna', 'Nesciunt magnam distinctio.');
INSERT IGNORE INTO VarianProduk (sku, harga, stok) VALUES ('SKU000198', 1143786.35, 67);
INSERT IGNORE INTO ProdukVarianAtribut (id_produk, atribut_varian, sku, nilai) VALUES (97, 'JENIS_KAIN', 'SKU000198', 'Rayon');
INSERT IGNORE INTO VarianProduk (sku, harga, stok) VALUES ('SKU000199', 1748497.08, 85);
INSERT IGNORE INTO ProdukVarianAtribut (id_produk, atribut_varian, sku, nilai) VALUES (97, 'STORAGE_INTERNAL', 'SKU000199', '64GB');
INSERT IGNORE INTO ProdukVarianAtribut (id_produk, atribut_varian, sku, nilai) VALUES (97, 'WARNA', 'SKU000199', 'Kuning');
INSERT IGNORE INTO ProdukVarianAtribut (id_produk, atribut_varian, sku, nilai) VALUES (97, 'MATERIAL', 'SKU000199', 'Katun Combed 30s');
INSERT IGNORE INTO VarianProduk (sku, harga, stok) VALUES ('SKU000200', 1710342.77, 8);
INSERT IGNORE INTO ProdukVarianAtribut (id_produk, atribut_varian, sku, nilai) VALUES (97, 'RAM', 'SKU000200', '4GB');
INSERT IGNORE INTO Produk (id_produk, id_penjual, nama, deskripsi) VALUES (98, 13, 'Redefine Best-Of-Breed Bandwidth Edisi Terbatas', 'Consequuntur fuga sit excepturi voluptate quasi et. Beatae nesciunt consequatur corrupti ex qui. Quae atque commodi. Aliquam quibusdam quibusdam ex odit odit omnis.');
INSERT IGNORE INTO VarianProduk (sku, harga, stok) VALUES ('SKU000201', 1472237.99, 37);
INSERT IGNORE INTO ProdukVarianAtribut (id_produk, atribut_varian, sku, nilai) VALUES (98, 'MATERIAL', 'SKU000201', 'Polyester Blend');
INSERT IGNORE INTO ProdukVarianAtribut (id_produk, atribut_varian, sku, nilai) VALUES (98, 'RESOLUSI_LAYAR', 'SKU000201', 'HD');
INSERT IGNORE INTO VarianProduk (sku, harga, stok) VALUES ('SKU000202', 2116614.75, 105);
INSERT IGNORE INTO ProdukVarianAtribut (id_produk, atribut_varian, sku, nilai) VALUES (98, 'JENIS_KAIN', 'SKU000202', 'Flanel');
INSERT IGNORE INTO Produk (id_produk, id_penjual, nama, deskripsi) VALUES (99, 14, 'Exploit Robust Metrics Serbaguna', 'Consectetur esse cum culpa quas quaerat perspiciatis. Reprehenderit quae assumenda dignissimos alias.');
INSERT IGNORE INTO VarianProduk (sku, harga, stok) VALUES ('SKU000203', 845592.41, 144);
INSERT IGNORE INTO ProdukVarianAtribut (id_produk, atribut_varian, sku, nilai) VALUES (99, 'MATERIAL', 'SKU000203', 'Stainless Steel 304');
INSERT IGNORE INTO ProdukVarianAtribut (id_produk, atribut_varian, sku, nilai) VALUES (99, 'RAM', 'SKU000203', '12GB');
INSERT IGNORE INTO ProdukVarianAtribut (id_produk, atribut_varian, sku, nilai) VALUES (99, 'WARNA', 'SKU000203', 'Biru');
INSERT IGNORE INTO VarianProduk (sku, harga, stok) VALUES ('SKU000204', 1222602.99, 95);
INSERT IGNORE INTO ProdukVarianAtribut (id_produk, atribut_varian, sku, nilai) VALUES (99, 'RAM', 'SKU000204', '4GB');
INSERT IGNORE INTO ProdukVarianAtribut (id_produk, atribut_varian, sku, nilai) VALUES (99, 'UKURAN', 'SKU000204', '38');
INSERT IGNORE INTO VarianProduk (sku, harga, stok) VALUES ('SKU000205', 2675664.86, 141);
INSERT IGNORE INTO ProdukVarianAtribut (id_produk, atribut_varian, sku, nilai) VALUES (99, 'RESOLUSI_LAYAR', 'SKU000205', 'QHD');
INSERT IGNORE INTO ProdukVarianAtribut (id_produk, atribut_varian, sku, nilai) VALUES (99, 'JENIS_KAIN', 'SKU000205', 'Denim');
INSERT IGNORE INTO Produk (id_produk, id_penjual, nama, deskripsi) VALUES (100, 47, 'Transition Global E-Commerce Modern', 'Numquam culpa tempore at voluptatibus.');
INSERT IGNORE INTO VarianProduk (sku, harga, stok) VALUES ('SKU000206', 1437052.5, 17);
INSERT IGNORE INTO ProdukVarianAtribut (id_produk, atribut_varian, sku, nilai) VALUES (100, 'JENIS_KAIN', 'SKU000206', 'Rayon');
INSERT IGNORE INTO ProdukVarianAtribut (id_produk, atribut_varian, sku, nilai) VALUES (100, 'RAM', 'SKU000206', '8GB');

-- Gambar
INSERT IGNORE INTO Gambar (id_gambar, gambar) VALUES (1, 'img/item/placeholder_1.jpg');
INSERT IGNORE INTO Gambar (id_gambar, gambar) VALUES (2, 'img/item/placeholder_2.jpg');
INSERT IGNORE INTO Gambar (id_gambar, gambar) VALUES (3, 'img/item/placeholder_3.jpg');
INSERT IGNORE INTO Gambar (id_gambar, gambar) VALUES (4, 'img/item/placeholder_4.jpg');
INSERT IGNORE INTO Gambar (id_gambar, gambar) VALUES (5, 'img/item/placeholder_5.jpg');
INSERT IGNORE INTO Gambar (id_gambar, gambar) VALUES (6, 'img/item/placeholder_6.jpg');
INSERT IGNORE INTO Gambar (id_gambar, gambar) VALUES (7, 'img/item/placeholder_7.jpg');
INSERT IGNORE INTO Gambar (id_gambar, gambar) VALUES (8, 'img/item/placeholder_8.jpg');
INSERT IGNORE INTO Gambar (id_gambar, gambar) VALUES (9, 'img/item/placeholder_9.jpg');
INSERT IGNORE INTO Gambar (id_gambar, gambar) VALUES (10, 'img/item/placeholder_10.jpg');
INSERT IGNORE INTO Gambar (id_gambar, gambar) VALUES (11, 'img/item/placeholder_11.jpg');
INSERT IGNORE INTO Gambar (id_gambar, gambar) VALUES (12, 'img/item/placeholder_12.jpg');
INSERT IGNORE INTO Gambar (id_gambar, gambar) VALUES (13, 'img/item/placeholder_13.jpg');
INSERT IGNORE INTO Gambar (id_gambar, gambar) VALUES (14, 'img/item/placeholder_14.jpg');
INSERT IGNORE INTO Gambar (id_gambar, gambar) VALUES (15, 'img/item/placeholder_15.jpg');
INSERT IGNORE INTO Gambar (id_gambar, gambar) VALUES (16, 'img/item/placeholder_16.jpg');
INSERT IGNORE INTO Gambar (id_gambar, gambar) VALUES (17, 'img/item/placeholder_17.jpg');
INSERT IGNORE INTO Gambar (id_gambar, gambar) VALUES (18, 'img/item/placeholder_18.jpg');
INSERT IGNORE INTO Gambar (id_gambar, gambar) VALUES (19, 'img/item/placeholder_19.jpg');
INSERT IGNORE INTO Gambar (id_gambar, gambar) VALUES (20, 'img/item/placeholder_20.jpg');
INSERT IGNORE INTO Gambar (id_gambar, gambar) VALUES (21, 'img/item/placeholder_21.jpg');
INSERT IGNORE INTO Gambar (id_gambar, gambar) VALUES (22, 'img/item/placeholder_22.jpg');
INSERT IGNORE INTO Gambar (id_gambar, gambar) VALUES (23, 'img/item/placeholder_23.jpg');
INSERT IGNORE INTO Gambar (id_gambar, gambar) VALUES (24, 'img/item/placeholder_24.jpg');
INSERT IGNORE INTO Gambar (id_gambar, gambar) VALUES (25, 'img/item/placeholder_25.jpg');
INSERT IGNORE INTO Gambar (id_gambar, gambar) VALUES (26, 'img/item/placeholder_26.jpg');
INSERT IGNORE INTO Gambar (id_gambar, gambar) VALUES (27, 'img/item/placeholder_27.jpg');
INSERT IGNORE INTO Gambar (id_gambar, gambar) VALUES (28, 'img/item/placeholder_28.jpg');
INSERT IGNORE INTO Gambar (id_gambar, gambar) VALUES (29, 'img/item/placeholder_29.jpg');
INSERT IGNORE INTO Gambar (id_gambar, gambar) VALUES (30, 'img/item/placeholder_30.jpg');
INSERT IGNORE INTO Gambar (id_gambar, gambar) VALUES (31, 'img/item/placeholder_31.jpg');
INSERT IGNORE INTO Gambar (id_gambar, gambar) VALUES (32, 'img/item/placeholder_32.jpg');
INSERT IGNORE INTO Gambar (id_gambar, gambar) VALUES (33, 'img/item/placeholder_33.jpg');
INSERT IGNORE INTO Gambar (id_gambar, gambar) VALUES (34, 'img/item/placeholder_34.jpg');
INSERT IGNORE INTO Gambar (id_gambar, gambar) VALUES (35, 'img/item/placeholder_35.jpg');
INSERT IGNORE INTO Gambar (id_gambar, gambar) VALUES (36, 'img/item/placeholder_36.jpg');
INSERT IGNORE INTO Gambar (id_gambar, gambar) VALUES (37, 'img/item/placeholder_37.jpg');
INSERT IGNORE INTO Gambar (id_gambar, gambar) VALUES (38, 'img/item/placeholder_38.jpg');
INSERT IGNORE INTO Gambar (id_gambar, gambar) VALUES (39, 'img/item/placeholder_39.jpg');
INSERT IGNORE INTO Gambar (id_gambar, gambar) VALUES (40, 'img/item/placeholder_40.jpg');
INSERT IGNORE INTO Gambar (id_gambar, gambar) VALUES (41, 'img/item/placeholder_41.jpg');
INSERT IGNORE INTO Gambar (id_gambar, gambar) VALUES (42, 'img/item/placeholder_42.jpg');
INSERT IGNORE INTO Gambar (id_gambar, gambar) VALUES (43, 'img/item/placeholder_43.jpg');
INSERT IGNORE INTO Gambar (id_gambar, gambar) VALUES (44, 'img/item/placeholder_44.jpg');
INSERT IGNORE INTO Gambar (id_gambar, gambar) VALUES (45, 'img/item/placeholder_45.jpg');
INSERT IGNORE INTO Gambar (id_gambar, gambar) VALUES (46, 'img/item/placeholder_46.jpg');
INSERT IGNORE INTO Gambar (id_gambar, gambar) VALUES (47, 'img/item/placeholder_47.jpg');
INSERT IGNORE INTO Gambar (id_gambar, gambar) VALUES (48, 'img/item/placeholder_48.jpg');
INSERT IGNORE INTO Gambar (id_gambar, gambar) VALUES (49, 'img/item/placeholder_49.jpg');
INSERT IGNORE INTO Gambar (id_gambar, gambar) VALUES (50, 'img/item/placeholder_50.jpg');
INSERT IGNORE INTO Gambar (id_gambar, gambar) VALUES (51, 'img/item/placeholder_51.jpg');
INSERT IGNORE INTO Gambar (id_gambar, gambar) VALUES (52, 'img/item/placeholder_52.jpg');
INSERT IGNORE INTO Gambar (id_gambar, gambar) VALUES (53, 'img/item/placeholder_53.jpg');
INSERT IGNORE INTO Gambar (id_gambar, gambar) VALUES (54, 'img/item/placeholder_54.jpg');
INSERT IGNORE INTO Gambar (id_gambar, gambar) VALUES (55, 'img/item/placeholder_55.jpg');
INSERT IGNORE INTO Gambar (id_gambar, gambar) VALUES (56, 'img/item/placeholder_56.jpg');
INSERT IGNORE INTO Gambar (id_gambar, gambar) VALUES (57, 'img/item/placeholder_57.jpg');
INSERT IGNORE INTO Gambar (id_gambar, gambar) VALUES (58, 'img/item/placeholder_58.jpg');
INSERT IGNORE INTO Gambar (id_gambar, gambar) VALUES (59, 'img/item/placeholder_59.jpg');
INSERT IGNORE INTO Gambar (id_gambar, gambar) VALUES (60, 'img/item/placeholder_60.jpg');
INSERT IGNORE INTO Gambar (id_gambar, gambar) VALUES (61, 'img/item/placeholder_61.jpg');
INSERT IGNORE INTO Gambar (id_gambar, gambar) VALUES (62, 'img/item/placeholder_62.jpg');
INSERT IGNORE INTO Gambar (id_gambar, gambar) VALUES (63, 'img/item/placeholder_63.jpg');
INSERT IGNORE INTO Gambar (id_gambar, gambar) VALUES (64, 'img/item/placeholder_64.jpg');
INSERT IGNORE INTO Gambar (id_gambar, gambar) VALUES (65, 'img/item/placeholder_65.jpg');
INSERT IGNORE INTO Gambar (id_gambar, gambar) VALUES (66, 'img/item/placeholder_66.jpg');
INSERT IGNORE INTO Gambar (id_gambar, gambar) VALUES (67, 'img/item/placeholder_67.jpg');
INSERT IGNORE INTO Gambar (id_gambar, gambar) VALUES (68, 'img/item/placeholder_68.jpg');
INSERT IGNORE INTO Gambar (id_gambar, gambar) VALUES (69, 'img/item/placeholder_69.jpg');
INSERT IGNORE INTO Gambar (id_gambar, gambar) VALUES (70, 'img/item/placeholder_70.jpg');
INSERT IGNORE INTO Gambar (id_gambar, gambar) VALUES (71, 'img/item/placeholder_71.jpg');
INSERT IGNORE INTO Gambar (id_gambar, gambar) VALUES (72, 'img/item/placeholder_72.jpg');
INSERT IGNORE INTO Gambar (id_gambar, gambar) VALUES (73, 'img/item/placeholder_73.jpg');
INSERT IGNORE INTO Gambar (id_gambar, gambar) VALUES (74, 'img/item/placeholder_74.jpg');
INSERT IGNORE INTO Gambar (id_gambar, gambar) VALUES (75, 'img/item/placeholder_75.jpg');
INSERT IGNORE INTO Gambar (id_gambar, gambar) VALUES (76, 'img/item/placeholder_76.jpg');
INSERT IGNORE INTO Gambar (id_gambar, gambar) VALUES (77, 'img/item/placeholder_77.jpg');
INSERT IGNORE INTO Gambar (id_gambar, gambar) VALUES (78, 'img/item/placeholder_78.jpg');
INSERT IGNORE INTO Gambar (id_gambar, gambar) VALUES (79, 'img/item/placeholder_79.jpg');
INSERT IGNORE INTO Gambar (id_gambar, gambar) VALUES (80, 'img/item/placeholder_80.jpg');
INSERT IGNORE INTO Gambar (id_gambar, gambar) VALUES (81, 'img/item/placeholder_81.jpg');
INSERT IGNORE INTO Gambar (id_gambar, gambar) VALUES (82, 'img/item/placeholder_82.jpg');
INSERT IGNORE INTO Gambar (id_gambar, gambar) VALUES (83, 'img/item/placeholder_83.jpg');
INSERT IGNORE INTO Gambar (id_gambar, gambar) VALUES (84, 'img/item/placeholder_84.jpg');
INSERT IGNORE INTO Gambar (id_gambar, gambar) VALUES (85, 'img/item/placeholder_85.jpg');
INSERT IGNORE INTO Gambar (id_gambar, gambar) VALUES (86, 'img/item/placeholder_86.jpg');
INSERT IGNORE INTO Gambar (id_gambar, gambar) VALUES (87, 'img/item/placeholder_87.jpg');
INSERT IGNORE INTO Gambar (id_gambar, gambar) VALUES (88, 'img/item/placeholder_88.jpg');
INSERT IGNORE INTO Gambar (id_gambar, gambar) VALUES (89, 'img/item/placeholder_89.jpg');
INSERT IGNORE INTO Gambar (id_gambar, gambar) VALUES (90, 'img/item/placeholder_90.jpg');
INSERT IGNORE INTO Gambar (id_gambar, gambar) VALUES (91, 'img/item/placeholder_91.jpg');
INSERT IGNORE INTO Gambar (id_gambar, gambar) VALUES (92, 'img/item/placeholder_92.jpg');
INSERT IGNORE INTO Gambar (id_gambar, gambar) VALUES (93, 'img/item/placeholder_93.jpg');
INSERT IGNORE INTO Gambar (id_gambar, gambar) VALUES (94, 'img/item/placeholder_94.jpg');
INSERT IGNORE INTO Gambar (id_gambar, gambar) VALUES (95, 'img/item/placeholder_95.jpg');
INSERT IGNORE INTO Gambar (id_gambar, gambar) VALUES (96, 'img/item/placeholder_96.jpg');
INSERT IGNORE INTO Gambar (id_gambar, gambar) VALUES (97, 'img/item/placeholder_97.jpg');
INSERT IGNORE INTO Gambar (id_gambar, gambar) VALUES (98, 'img/item/placeholder_98.jpg');
INSERT IGNORE INTO Gambar (id_gambar, gambar) VALUES (99, 'img/item/placeholder_99.jpg');
INSERT IGNORE INTO Gambar (id_gambar, gambar) VALUES (100, 'img/item/placeholder_100.jpg');
INSERT IGNORE INTO Gambar (id_gambar, gambar) VALUES (101, 'img/item/placeholder_101.jpg');
INSERT IGNORE INTO Gambar (id_gambar, gambar) VALUES (102, 'img/item/placeholder_102.jpg');
INSERT IGNORE INTO Gambar (id_gambar, gambar) VALUES (103, 'img/item/placeholder_103.jpg');
INSERT IGNORE INTO Gambar (id_gambar, gambar) VALUES (104, 'img/item/placeholder_104.jpg');
INSERT IGNORE INTO Gambar (id_gambar, gambar) VALUES (105, 'img/item/placeholder_105.jpg');
INSERT IGNORE INTO Gambar (id_gambar, gambar) VALUES (106, 'img/item/placeholder_106.jpg');
INSERT IGNORE INTO Gambar (id_gambar, gambar) VALUES (107, 'img/item/placeholder_107.jpg');
INSERT IGNORE INTO Gambar (id_gambar, gambar) VALUES (108, 'img/item/placeholder_108.jpg');
INSERT IGNORE INTO Gambar (id_gambar, gambar) VALUES (109, 'img/item/placeholder_109.jpg');
INSERT IGNORE INTO Gambar (id_gambar, gambar) VALUES (110, 'img/item/placeholder_110.jpg');
INSERT IGNORE INTO Gambar (id_gambar, gambar) VALUES (111, 'img/item/placeholder_111.jpg');
INSERT IGNORE INTO Gambar (id_gambar, gambar) VALUES (112, 'img/item/placeholder_112.jpg');
INSERT IGNORE INTO Gambar (id_gambar, gambar) VALUES (113, 'img/item/placeholder_113.jpg');
INSERT IGNORE INTO Gambar (id_gambar, gambar) VALUES (114, 'img/item/placeholder_114.jpg');
INSERT IGNORE INTO Gambar (id_gambar, gambar) VALUES (115, 'img/item/placeholder_115.jpg');
INSERT IGNORE INTO Gambar (id_gambar, gambar) VALUES (116, 'img/item/placeholder_116.jpg');
INSERT IGNORE INTO Gambar (id_gambar, gambar) VALUES (117, 'img/item/placeholder_117.jpg');
INSERT IGNORE INTO Gambar (id_gambar, gambar) VALUES (118, 'img/item/placeholder_118.jpg');
INSERT IGNORE INTO Gambar (id_gambar, gambar) VALUES (119, 'img/item/placeholder_119.jpg');
INSERT IGNORE INTO Gambar (id_gambar, gambar) VALUES (120, 'img/item/placeholder_120.jpg');
INSERT IGNORE INTO Gambar (id_gambar, gambar) VALUES (121, 'img/item/placeholder_121.jpg');
INSERT IGNORE INTO Gambar (id_gambar, gambar) VALUES (122, 'img/item/placeholder_122.jpg');
INSERT IGNORE INTO Gambar (id_gambar, gambar) VALUES (123, 'img/item/placeholder_123.jpg');
INSERT IGNORE INTO Gambar (id_gambar, gambar) VALUES (124, 'img/item/placeholder_124.jpg');
INSERT IGNORE INTO Gambar (id_gambar, gambar) VALUES (125, 'img/item/placeholder_125.jpg');
INSERT IGNORE INTO Gambar (id_gambar, gambar) VALUES (126, 'img/item/placeholder_126.jpg');
INSERT IGNORE INTO Gambar (id_gambar, gambar) VALUES (127, 'img/item/placeholder_127.jpg');
INSERT IGNORE INTO Gambar (id_gambar, gambar) VALUES (128, 'img/item/placeholder_128.jpg');
INSERT IGNORE INTO Gambar (id_gambar, gambar) VALUES (129, 'img/item/placeholder_129.jpg');
INSERT IGNORE INTO Gambar (id_gambar, gambar) VALUES (130, 'img/item/placeholder_130.jpg');
INSERT IGNORE INTO Gambar (id_gambar, gambar) VALUES (131, 'img/item/placeholder_131.jpg');
INSERT IGNORE INTO Gambar (id_gambar, gambar) VALUES (132, 'img/item/placeholder_132.jpg');
INSERT IGNORE INTO Gambar (id_gambar, gambar) VALUES (133, 'img/item/placeholder_133.jpg');
INSERT IGNORE INTO Gambar (id_gambar, gambar) VALUES (134, 'img/item/placeholder_134.jpg');
INSERT IGNORE INTO Gambar (id_gambar, gambar) VALUES (135, 'img/item/placeholder_135.jpg');
INSERT IGNORE INTO Gambar (id_gambar, gambar) VALUES (136, 'img/item/placeholder_136.jpg');
INSERT IGNORE INTO Gambar (id_gambar, gambar) VALUES (137, 'img/item/placeholder_137.jpg');
INSERT IGNORE INTO Gambar (id_gambar, gambar) VALUES (138, 'img/item/placeholder_138.jpg');
INSERT IGNORE INTO Gambar (id_gambar, gambar) VALUES (139, 'img/item/placeholder_139.jpg');
INSERT IGNORE INTO Gambar (id_gambar, gambar) VALUES (140, 'img/item/placeholder_140.jpg');
INSERT IGNORE INTO Gambar (id_gambar, gambar) VALUES (141, 'img/item/placeholder_141.jpg');
INSERT IGNORE INTO Gambar (id_gambar, gambar) VALUES (142, 'img/item/placeholder_142.jpg');
INSERT IGNORE INTO Gambar (id_gambar, gambar) VALUES (143, 'img/item/placeholder_143.jpg');
INSERT IGNORE INTO Gambar (id_gambar, gambar) VALUES (144, 'img/item/placeholder_144.jpg');
INSERT IGNORE INTO Gambar (id_gambar, gambar) VALUES (145, 'img/item/placeholder_145.jpg');
INSERT IGNORE INTO Gambar (id_gambar, gambar) VALUES (146, 'img/item/placeholder_146.jpg');
INSERT IGNORE INTO Gambar (id_gambar, gambar) VALUES (147, 'img/item/placeholder_147.jpg');
INSERT IGNORE INTO Gambar (id_gambar, gambar) VALUES (148, 'img/item/placeholder_148.jpg');
INSERT IGNORE INTO Gambar (id_gambar, gambar) VALUES (149, 'img/item/placeholder_149.jpg');
INSERT IGNORE INTO Gambar (id_gambar, gambar) VALUES (150, 'img/item/placeholder_150.jpg');
INSERT IGNORE INTO Gambar (id_gambar, gambar) VALUES (151, 'img/item/placeholder_151.jpg');
INSERT IGNORE INTO Gambar (id_gambar, gambar) VALUES (152, 'img/item/placeholder_152.jpg');
INSERT IGNORE INTO Gambar (id_gambar, gambar) VALUES (153, 'img/item/placeholder_153.jpg');
INSERT IGNORE INTO Gambar (id_gambar, gambar) VALUES (154, 'img/item/placeholder_154.jpg');
INSERT IGNORE INTO Gambar (id_gambar, gambar) VALUES (155, 'img/item/placeholder_155.jpg');
INSERT IGNORE INTO Gambar (id_gambar, gambar) VALUES (156, 'img/item/placeholder_156.jpg');
INSERT IGNORE INTO Gambar (id_gambar, gambar) VALUES (157, 'img/item/placeholder_157.jpg');
INSERT IGNORE INTO Gambar (id_gambar, gambar) VALUES (158, 'img/item/placeholder_158.jpg');
INSERT IGNORE INTO Gambar (id_gambar, gambar) VALUES (159, 'img/item/placeholder_159.jpg');
INSERT IGNORE INTO Gambar (id_gambar, gambar) VALUES (160, 'img/item/placeholder_160.jpg');
INSERT IGNORE INTO Gambar (id_gambar, gambar) VALUES (161, 'img/item/placeholder_161.jpg');
INSERT IGNORE INTO Gambar (id_gambar, gambar) VALUES (162, 'img/item/placeholder_162.jpg');
INSERT IGNORE INTO Gambar (id_gambar, gambar) VALUES (163, 'img/item/placeholder_163.jpg');
INSERT IGNORE INTO Gambar (id_gambar, gambar) VALUES (164, 'img/item/placeholder_164.jpg');
INSERT IGNORE INTO Gambar (id_gambar, gambar) VALUES (165, 'img/item/placeholder_165.jpg');
INSERT IGNORE INTO Gambar (id_gambar, gambar) VALUES (166, 'img/item/placeholder_166.jpg');
INSERT IGNORE INTO Gambar (id_gambar, gambar) VALUES (167, 'img/item/placeholder_167.jpg');
INSERT IGNORE INTO Gambar (id_gambar, gambar) VALUES (168, 'img/item/placeholder_168.jpg');
INSERT IGNORE INTO Gambar (id_gambar, gambar) VALUES (169, 'img/item/placeholder_169.jpg');
INSERT IGNORE INTO Gambar (id_gambar, gambar) VALUES (170, 'img/item/placeholder_170.jpg');
INSERT IGNORE INTO Gambar (id_gambar, gambar) VALUES (171, 'img/item/placeholder_171.jpg');
INSERT IGNORE INTO Gambar (id_gambar, gambar) VALUES (172, 'img/item/placeholder_172.jpg');
INSERT IGNORE INTO Gambar (id_gambar, gambar) VALUES (173, 'img/item/placeholder_173.jpg');
INSERT IGNORE INTO Gambar (id_gambar, gambar) VALUES (174, 'img/item/placeholder_174.jpg');
INSERT IGNORE INTO Gambar (id_gambar, gambar) VALUES (175, 'img/item/placeholder_175.jpg');
INSERT IGNORE INTO Gambar (id_gambar, gambar) VALUES (176, 'img/item/placeholder_176.jpg');
INSERT IGNORE INTO Gambar (id_gambar, gambar) VALUES (177, 'img/item/placeholder_177.jpg');
INSERT IGNORE INTO Gambar (id_gambar, gambar) VALUES (178, 'img/item/placeholder_178.jpg');
INSERT IGNORE INTO Gambar (id_gambar, gambar) VALUES (179, 'img/item/placeholder_179.jpg');
INSERT IGNORE INTO Gambar (id_gambar, gambar) VALUES (180, 'img/item/placeholder_180.jpg');
INSERT IGNORE INTO Gambar (id_gambar, gambar) VALUES (181, 'img/item/placeholder_181.jpg');
INSERT IGNORE INTO Gambar (id_gambar, gambar) VALUES (182, 'img/item/placeholder_182.jpg');
INSERT IGNORE INTO Gambar (id_gambar, gambar) VALUES (183, 'img/item/placeholder_183.jpg');
INSERT IGNORE INTO Gambar (id_gambar, gambar) VALUES (184, 'img/item/placeholder_184.jpg');
INSERT IGNORE INTO Gambar (id_gambar, gambar) VALUES (185, 'img/item/placeholder_185.jpg');
INSERT IGNORE INTO Gambar (id_gambar, gambar) VALUES (186, 'img/item/placeholder_186.jpg');
INSERT IGNORE INTO Gambar (id_gambar, gambar) VALUES (187, 'img/item/placeholder_187.jpg');
INSERT IGNORE INTO Gambar (id_gambar, gambar) VALUES (188, 'img/item/placeholder_188.jpg');
INSERT IGNORE INTO Gambar (id_gambar, gambar) VALUES (189, 'img/item/placeholder_189.jpg');
INSERT IGNORE INTO Gambar (id_gambar, gambar) VALUES (190, 'img/item/placeholder_190.jpg');
INSERT IGNORE INTO Gambar (id_gambar, gambar) VALUES (191, 'img/item/placeholder_191.jpg');
INSERT IGNORE INTO Gambar (id_gambar, gambar) VALUES (192, 'img/item/placeholder_192.jpg');
INSERT IGNORE INTO Gambar (id_gambar, gambar) VALUES (193, 'img/item/placeholder_193.jpg');
INSERT IGNORE INTO Gambar (id_gambar, gambar) VALUES (194, 'img/item/placeholder_194.jpg');
INSERT IGNORE INTO Gambar (id_gambar, gambar) VALUES (195, 'img/item/placeholder_195.jpg');
INSERT IGNORE INTO Gambar (id_gambar, gambar) VALUES (196, 'img/item/placeholder_196.jpg');
INSERT IGNORE INTO Gambar (id_gambar, gambar) VALUES (197, 'img/item/placeholder_197.jpg');
INSERT IGNORE INTO Gambar (id_gambar, gambar) VALUES (198, 'img/item/placeholder_198.jpg');
INSERT IGNORE INTO Gambar (id_gambar, gambar) VALUES (199, 'img/item/placeholder_199.jpg');
INSERT IGNORE INTO Gambar (id_gambar, gambar) VALUES (200, 'img/item/placeholder_200.jpg');

-- GambarProduk
INSERT IGNORE INTO GambarProduk (id_produk, id_gambar) VALUES (1, 93);
INSERT IGNORE INTO GambarProduk (id_produk, id_gambar) VALUES (1, 146);
INSERT IGNORE INTO GambarProduk (id_produk, id_gambar) VALUES (2, 152);
INSERT IGNORE INTO GambarProduk (id_produk, id_gambar) VALUES (2, 8);
INSERT IGNORE INTO GambarProduk (id_produk, id_gambar) VALUES (3, 175);
INSERT IGNORE INTO GambarProduk (id_produk, id_gambar) VALUES (3, 166);
INSERT IGNORE INTO GambarProduk (id_produk, id_gambar) VALUES (4, 35);
INSERT IGNORE INTO GambarProduk (id_produk, id_gambar) VALUES (4, 152);
INSERT IGNORE INTO GambarProduk (id_produk, id_gambar) VALUES (4, 26);
INSERT IGNORE INTO GambarProduk (id_produk, id_gambar) VALUES (5, 115);
INSERT IGNORE INTO GambarProduk (id_produk, id_gambar) VALUES (5, 63);
INSERT IGNORE INTO GambarProduk (id_produk, id_gambar) VALUES (5, 18);
INSERT IGNORE INTO GambarProduk (id_produk, id_gambar) VALUES (6, 90);
INSERT IGNORE INTO GambarProduk (id_produk, id_gambar) VALUES (6, 64);
INSERT IGNORE INTO GambarProduk (id_produk, id_gambar) VALUES (7, 50);
INSERT IGNORE INTO GambarProduk (id_produk, id_gambar) VALUES (7, 93);
INSERT IGNORE INTO GambarProduk (id_produk, id_gambar) VALUES (8, 39);
INSERT IGNORE INTO GambarProduk (id_produk, id_gambar) VALUES (8, 70);
INSERT IGNORE INTO GambarProduk (id_produk, id_gambar) VALUES (9, 191);
INSERT IGNORE INTO GambarProduk (id_produk, id_gambar) VALUES (9, 86);
INSERT IGNORE INTO GambarProduk (id_produk, id_gambar) VALUES (9, 180);
INSERT IGNORE INTO GambarProduk (id_produk, id_gambar) VALUES (10, 28);
INSERT IGNORE INTO GambarProduk (id_produk, id_gambar) VALUES (10, 161);
INSERT IGNORE INTO GambarProduk (id_produk, id_gambar) VALUES (11, 98);
INSERT IGNORE INTO GambarProduk (id_produk, id_gambar) VALUES (12, 50);
INSERT IGNORE INTO GambarProduk (id_produk, id_gambar) VALUES (12, 167);
INSERT IGNORE INTO GambarProduk (id_produk, id_gambar) VALUES (12, 160);
INSERT IGNORE INTO GambarProduk (id_produk, id_gambar) VALUES (13, 72);
INSERT IGNORE INTO GambarProduk (id_produk, id_gambar) VALUES (13, 111);
INSERT IGNORE INTO GambarProduk (id_produk, id_gambar) VALUES (14, 81);
INSERT IGNORE INTO GambarProduk (id_produk, id_gambar) VALUES (14, 158);
INSERT IGNORE INTO GambarProduk (id_produk, id_gambar) VALUES (14, 141);
INSERT IGNORE INTO GambarProduk (id_produk, id_gambar) VALUES (15, 196);
INSERT IGNORE INTO GambarProduk (id_produk, id_gambar) VALUES (15, 52);
INSERT IGNORE INTO GambarProduk (id_produk, id_gambar) VALUES (15, 149);
INSERT IGNORE INTO GambarProduk (id_produk, id_gambar) VALUES (16, 108);
INSERT IGNORE INTO GambarProduk (id_produk, id_gambar) VALUES (17, 141);
INSERT IGNORE INTO GambarProduk (id_produk, id_gambar) VALUES (17, 46);
INSERT IGNORE INTO GambarProduk (id_produk, id_gambar) VALUES (18, 100);
INSERT IGNORE INTO GambarProduk (id_produk, id_gambar) VALUES (18, 86);
INSERT IGNORE INTO GambarProduk (id_produk, id_gambar) VALUES (18, 61);
INSERT IGNORE INTO GambarProduk (id_produk, id_gambar) VALUES (19, 122);
INSERT IGNORE INTO GambarProduk (id_produk, id_gambar) VALUES (19, 70);
INSERT IGNORE INTO GambarProduk (id_produk, id_gambar) VALUES (19, 138);
INSERT IGNORE INTO GambarProduk (id_produk, id_gambar) VALUES (20, 76);
INSERT IGNORE INTO GambarProduk (id_produk, id_gambar) VALUES (20, 82);
INSERT IGNORE INTO GambarProduk (id_produk, id_gambar) VALUES (21, 150);
INSERT IGNORE INTO GambarProduk (id_produk, id_gambar) VALUES (21, 76);
INSERT IGNORE INTO GambarProduk (id_produk, id_gambar) VALUES (21, 190);
INSERT IGNORE INTO GambarProduk (id_produk, id_gambar) VALUES (22, 36);
INSERT IGNORE INTO GambarProduk (id_produk, id_gambar) VALUES (22, 10);
INSERT IGNORE INTO GambarProduk (id_produk, id_gambar) VALUES (22, 13);
INSERT IGNORE INTO GambarProduk (id_produk, id_gambar) VALUES (23, 200);
INSERT IGNORE INTO GambarProduk (id_produk, id_gambar) VALUES (23, 124);
INSERT IGNORE INTO GambarProduk (id_produk, id_gambar) VALUES (24, 52);
INSERT IGNORE INTO GambarProduk (id_produk, id_gambar) VALUES (24, 97);
INSERT IGNORE INTO GambarProduk (id_produk, id_gambar) VALUES (25, 142);
INSERT IGNORE INTO GambarProduk (id_produk, id_gambar) VALUES (26, 60);
INSERT IGNORE INTO GambarProduk (id_produk, id_gambar) VALUES (27, 177);
INSERT IGNORE INTO GambarProduk (id_produk, id_gambar) VALUES (28, 161);
INSERT IGNORE INTO GambarProduk (id_produk, id_gambar) VALUES (28, 175);
INSERT IGNORE INTO GambarProduk (id_produk, id_gambar) VALUES (28, 65);
INSERT IGNORE INTO GambarProduk (id_produk, id_gambar) VALUES (29, 113);
INSERT IGNORE INTO GambarProduk (id_produk, id_gambar) VALUES (29, 44);
INSERT IGNORE INTO GambarProduk (id_produk, id_gambar) VALUES (30, 144);
INSERT IGNORE INTO GambarProduk (id_produk, id_gambar) VALUES (31, 144);
INSERT IGNORE INTO GambarProduk (id_produk, id_gambar) VALUES (31, 150);
INSERT IGNORE INTO GambarProduk (id_produk, id_gambar) VALUES (31, 64);
INSERT IGNORE INTO GambarProduk (id_produk, id_gambar) VALUES (32, 120);
INSERT IGNORE INTO GambarProduk (id_produk, id_gambar) VALUES (33, 26);
INSERT IGNORE INTO GambarProduk (id_produk, id_gambar) VALUES (33, 176);
INSERT IGNORE INTO GambarProduk (id_produk, id_gambar) VALUES (34, 19);
INSERT IGNORE INTO GambarProduk (id_produk, id_gambar) VALUES (34, 190);
INSERT IGNORE INTO GambarProduk (id_produk, id_gambar) VALUES (35, 17);
INSERT IGNORE INTO GambarProduk (id_produk, id_gambar) VALUES (35, 113);
INSERT IGNORE INTO GambarProduk (id_produk, id_gambar) VALUES (35, 135);
INSERT IGNORE INTO GambarProduk (id_produk, id_gambar) VALUES (36, 44);
INSERT IGNORE INTO GambarProduk (id_produk, id_gambar) VALUES (36, 9);
INSERT IGNORE INTO GambarProduk (id_produk, id_gambar) VALUES (37, 51);
INSERT IGNORE INTO GambarProduk (id_produk, id_gambar) VALUES (38, 84);
INSERT IGNORE INTO GambarProduk (id_produk, id_gambar) VALUES (38, 45);
INSERT IGNORE INTO GambarProduk (id_produk, id_gambar) VALUES (38, 29);
INSERT IGNORE INTO GambarProduk (id_produk, id_gambar) VALUES (39, 174);
INSERT IGNORE INTO GambarProduk (id_produk, id_gambar) VALUES (39, 154);
INSERT IGNORE INTO GambarProduk (id_produk, id_gambar) VALUES (39, 110);
INSERT IGNORE INTO GambarProduk (id_produk, id_gambar) VALUES (40, 183);
INSERT IGNORE INTO GambarProduk (id_produk, id_gambar) VALUES (40, 102);
INSERT IGNORE INTO GambarProduk (id_produk, id_gambar) VALUES (40, 90);
INSERT IGNORE INTO GambarProduk (id_produk, id_gambar) VALUES (41, 183);
INSERT IGNORE INTO GambarProduk (id_produk, id_gambar) VALUES (42, 125);
INSERT IGNORE INTO GambarProduk (id_produk, id_gambar) VALUES (42, 168);
INSERT IGNORE INTO GambarProduk (id_produk, id_gambar) VALUES (43, 171);
INSERT IGNORE INTO GambarProduk (id_produk, id_gambar) VALUES (44, 138);
INSERT IGNORE INTO GambarProduk (id_produk, id_gambar) VALUES (44, 171);
INSERT IGNORE INTO GambarProduk (id_produk, id_gambar) VALUES (44, 187);
INSERT IGNORE INTO GambarProduk (id_produk, id_gambar) VALUES (45, 196);
INSERT IGNORE INTO GambarProduk (id_produk, id_gambar) VALUES (45, 144);
INSERT IGNORE INTO GambarProduk (id_produk, id_gambar) VALUES (46, 19);
INSERT IGNORE INTO GambarProduk (id_produk, id_gambar) VALUES (47, 77);
INSERT IGNORE INTO GambarProduk (id_produk, id_gambar) VALUES (47, 86);
INSERT IGNORE INTO GambarProduk (id_produk, id_gambar) VALUES (48, 178);
INSERT IGNORE INTO GambarProduk (id_produk, id_gambar) VALUES (48, 41);
INSERT IGNORE INTO GambarProduk (id_produk, id_gambar) VALUES (48, 42);
INSERT IGNORE INTO GambarProduk (id_produk, id_gambar) VALUES (49, 193);
INSERT IGNORE INTO GambarProduk (id_produk, id_gambar) VALUES (49, 63);
INSERT IGNORE INTO GambarProduk (id_produk, id_gambar) VALUES (49, 75);
INSERT IGNORE INTO GambarProduk (id_produk, id_gambar) VALUES (50, 17);
INSERT IGNORE INTO GambarProduk (id_produk, id_gambar) VALUES (50, 97);
INSERT IGNORE INTO GambarProduk (id_produk, id_gambar) VALUES (50, 15);
INSERT IGNORE INTO GambarProduk (id_produk, id_gambar) VALUES (51, 84);
INSERT IGNORE INTO GambarProduk (id_produk, id_gambar) VALUES (51, 45);
INSERT IGNORE INTO GambarProduk (id_produk, id_gambar) VALUES (51, 154);
INSERT IGNORE INTO GambarProduk (id_produk, id_gambar) VALUES (52, 46);
INSERT IGNORE INTO GambarProduk (id_produk, id_gambar) VALUES (52, 51);
INSERT IGNORE INTO GambarProduk (id_produk, id_gambar) VALUES (52, 71);
INSERT IGNORE INTO GambarProduk (id_produk, id_gambar) VALUES (53, 110);
INSERT IGNORE INTO GambarProduk (id_produk, id_gambar) VALUES (53, 192);
INSERT IGNORE INTO GambarProduk (id_produk, id_gambar) VALUES (53, 96);
INSERT IGNORE INTO GambarProduk (id_produk, id_gambar) VALUES (54, 12);
INSERT IGNORE INTO GambarProduk (id_produk, id_gambar) VALUES (54, 28);
INSERT IGNORE INTO GambarProduk (id_produk, id_gambar) VALUES (54, 161);
INSERT IGNORE INTO GambarProduk (id_produk, id_gambar) VALUES (55, 73);
INSERT IGNORE INTO GambarProduk (id_produk, id_gambar) VALUES (56, 148);
INSERT IGNORE INTO GambarProduk (id_produk, id_gambar) VALUES (56, 78);
INSERT IGNORE INTO GambarProduk (id_produk, id_gambar) VALUES (56, 118);
INSERT IGNORE INTO GambarProduk (id_produk, id_gambar) VALUES (57, 181);
INSERT IGNORE INTO GambarProduk (id_produk, id_gambar) VALUES (58, 185);
INSERT IGNORE INTO GambarProduk (id_produk, id_gambar) VALUES (58, 119);
INSERT IGNORE INTO GambarProduk (id_produk, id_gambar) VALUES (58, 34);
INSERT IGNORE INTO GambarProduk (id_produk, id_gambar) VALUES (59, 94);
INSERT IGNORE INTO GambarProduk (id_produk, id_gambar) VALUES (60, 26);
INSERT IGNORE INTO GambarProduk (id_produk, id_gambar) VALUES (61, 122);
INSERT IGNORE INTO GambarProduk (id_produk, id_gambar) VALUES (61, 76);
INSERT IGNORE INTO GambarProduk (id_produk, id_gambar) VALUES (62, 64);
INSERT IGNORE INTO GambarProduk (id_produk, id_gambar) VALUES (63, 8);
INSERT IGNORE INTO GambarProduk (id_produk, id_gambar) VALUES (63, 184);
INSERT IGNORE INTO GambarProduk (id_produk, id_gambar) VALUES (63, 110);
INSERT IGNORE INTO GambarProduk (id_produk, id_gambar) VALUES (64, 139);
INSERT IGNORE INTO GambarProduk (id_produk, id_gambar) VALUES (64, 13);
INSERT IGNORE INTO GambarProduk (id_produk, id_gambar) VALUES (65, 38);
INSERT IGNORE INTO GambarProduk (id_produk, id_gambar) VALUES (65, 90);
INSERT IGNORE INTO GambarProduk (id_produk, id_gambar) VALUES (66, 169);
INSERT IGNORE INTO GambarProduk (id_produk, id_gambar) VALUES (67, 65);
INSERT IGNORE INTO GambarProduk (id_produk, id_gambar) VALUES (67, 110);
INSERT IGNORE INTO GambarProduk (id_produk, id_gambar) VALUES (67, 112);
INSERT IGNORE INTO GambarProduk (id_produk, id_gambar) VALUES (68, 55);
INSERT IGNORE INTO GambarProduk (id_produk, id_gambar) VALUES (68, 90);
INSERT IGNORE INTO GambarProduk (id_produk, id_gambar) VALUES (69, 169);
INSERT IGNORE INTO GambarProduk (id_produk, id_gambar) VALUES (69, 122);
INSERT IGNORE INTO GambarProduk (id_produk, id_gambar) VALUES (69, 11);
INSERT IGNORE INTO GambarProduk (id_produk, id_gambar) VALUES (70, 169);
INSERT IGNORE INTO GambarProduk (id_produk, id_gambar) VALUES (70, 155);
INSERT IGNORE INTO GambarProduk (id_produk, id_gambar) VALUES (70, 66);
INSERT IGNORE INTO GambarProduk (id_produk, id_gambar) VALUES (71, 192);
INSERT IGNORE INTO GambarProduk (id_produk, id_gambar) VALUES (72, 78);
INSERT IGNORE INTO GambarProduk (id_produk, id_gambar) VALUES (73, 115);
INSERT IGNORE INTO GambarProduk (id_produk, id_gambar) VALUES (74, 78);
INSERT IGNORE INTO GambarProduk (id_produk, id_gambar) VALUES (75, 126);
INSERT IGNORE INTO GambarProduk (id_produk, id_gambar) VALUES (76, 86);
INSERT IGNORE INTO GambarProduk (id_produk, id_gambar) VALUES (76, 138);
INSERT IGNORE INTO GambarProduk (id_produk, id_gambar) VALUES (76, 196);
INSERT IGNORE INTO GambarProduk (id_produk, id_gambar) VALUES (77, 149);
INSERT IGNORE INTO GambarProduk (id_produk, id_gambar) VALUES (77, 179);
INSERT IGNORE INTO GambarProduk (id_produk, id_gambar) VALUES (77, 107);
INSERT IGNORE INTO GambarProduk (id_produk, id_gambar) VALUES (78, 184);
INSERT IGNORE INTO GambarProduk (id_produk, id_gambar) VALUES (78, 123);
INSERT IGNORE INTO GambarProduk (id_produk, id_gambar) VALUES (79, 190);
INSERT IGNORE INTO GambarProduk (id_produk, id_gambar) VALUES (80, 132);
INSERT IGNORE INTO GambarProduk (id_produk, id_gambar) VALUES (81, 13);
INSERT IGNORE INTO GambarProduk (id_produk, id_gambar) VALUES (81, 128);
INSERT IGNORE INTO GambarProduk (id_produk, id_gambar) VALUES (81, 70);
INSERT IGNORE INTO GambarProduk (id_produk, id_gambar) VALUES (82, 38);
INSERT IGNORE INTO GambarProduk (id_produk, id_gambar) VALUES (82, 45);
INSERT IGNORE INTO GambarProduk (id_produk, id_gambar) VALUES (82, 173);
INSERT IGNORE INTO GambarProduk (id_produk, id_gambar) VALUES (83, 166);
INSERT IGNORE INTO GambarProduk (id_produk, id_gambar) VALUES (83, 120);
INSERT IGNORE INTO GambarProduk (id_produk, id_gambar) VALUES (83, 141);
INSERT IGNORE INTO GambarProduk (id_produk, id_gambar) VALUES (84, 122);
INSERT IGNORE INTO GambarProduk (id_produk, id_gambar) VALUES (85, 130);
INSERT IGNORE INTO GambarProduk (id_produk, id_gambar) VALUES (85, 78);
INSERT IGNORE INTO GambarProduk (id_produk, id_gambar) VALUES (85, 15);
INSERT IGNORE INTO GambarProduk (id_produk, id_gambar) VALUES (86, 149);
INSERT IGNORE INTO GambarProduk (id_produk, id_gambar) VALUES (86, 103);
INSERT IGNORE INTO GambarProduk (id_produk, id_gambar) VALUES (87, 63);
INSERT IGNORE INTO GambarProduk (id_produk, id_gambar) VALUES (87, 75);
INSERT IGNORE INTO GambarProduk (id_produk, id_gambar) VALUES (88, 2);
INSERT IGNORE INTO GambarProduk (id_produk, id_gambar) VALUES (88, 171);
INSERT IGNORE INTO GambarProduk (id_produk, id_gambar) VALUES (89, 172);
INSERT IGNORE INTO GambarProduk (id_produk, id_gambar) VALUES (89, 111);
INSERT IGNORE INTO GambarProduk (id_produk, id_gambar) VALUES (89, 137);
INSERT IGNORE INTO GambarProduk (id_produk, id_gambar) VALUES (90, 38);
INSERT IGNORE INTO GambarProduk (id_produk, id_gambar) VALUES (90, 55);
INSERT IGNORE INTO GambarProduk (id_produk, id_gambar) VALUES (90, 126);
INSERT IGNORE INTO GambarProduk (id_produk, id_gambar) VALUES (91, 155);
INSERT IGNORE INTO GambarProduk (id_produk, id_gambar) VALUES (92, 89);
INSERT IGNORE INTO GambarProduk (id_produk, id_gambar) VALUES (92, 56);
INSERT IGNORE INTO GambarProduk (id_produk, id_gambar) VALUES (93, 2);
INSERT IGNORE INTO GambarProduk (id_produk, id_gambar) VALUES (93, 162);
INSERT IGNORE INTO GambarProduk (id_produk, id_gambar) VALUES (94, 188);
INSERT IGNORE INTO GambarProduk (id_produk, id_gambar) VALUES (94, 182);
INSERT IGNORE INTO GambarProduk (id_produk, id_gambar) VALUES (94, 165);
INSERT IGNORE INTO GambarProduk (id_produk, id_gambar) VALUES (95, 68);
INSERT IGNORE INTO GambarProduk (id_produk, id_gambar) VALUES (95, 185);
INSERT IGNORE INTO GambarProduk (id_produk, id_gambar) VALUES (95, 40);
INSERT IGNORE INTO GambarProduk (id_produk, id_gambar) VALUES (96, 132);
INSERT IGNORE INTO GambarProduk (id_produk, id_gambar) VALUES (96, 187);
INSERT IGNORE INTO GambarProduk (id_produk, id_gambar) VALUES (96, 106);
INSERT IGNORE INTO GambarProduk (id_produk, id_gambar) VALUES (97, 101);
INSERT IGNORE INTO GambarProduk (id_produk, id_gambar) VALUES (97, 120);
INSERT IGNORE INTO GambarProduk (id_produk, id_gambar) VALUES (97, 190);
INSERT IGNORE INTO GambarProduk (id_produk, id_gambar) VALUES (98, 168);
INSERT IGNORE INTO GambarProduk (id_produk, id_gambar) VALUES (98, 13);
INSERT IGNORE INTO GambarProduk (id_produk, id_gambar) VALUES (98, 18);
INSERT IGNORE INTO GambarProduk (id_produk, id_gambar) VALUES (99, 12);
INSERT IGNORE INTO GambarProduk (id_produk, id_gambar) VALUES (99, 43);
INSERT IGNORE INTO GambarProduk (id_produk, id_gambar) VALUES (99, 103);
INSERT IGNORE INTO GambarProduk (id_produk, id_gambar) VALUES (100, 18);

-- Tag
INSERT IGNORE INTO Tag (id_tag, nama) VALUES (1, 'Elektronik');
INSERT IGNORE INTO Tag (id_tag, nama) VALUES (2, 'Fashion Pria');
INSERT IGNORE INTO Tag (id_tag, nama) VALUES (3, 'Fashion Wanita');
INSERT IGNORE INTO Tag (id_tag, nama) VALUES (4, 'Rumah Tangga');
INSERT IGNORE INTO Tag (id_tag, nama) VALUES (5, 'Kesehatan');
INSERT IGNORE INTO Tag (id_tag, nama) VALUES (6, 'Kecantikan');
INSERT IGNORE INTO Tag (id_tag, nama) VALUES (7, 'Mainan Anak');
INSERT IGNORE INTO Tag (id_tag, nama) VALUES (8, 'Buku & Alat Tulis');
INSERT IGNORE INTO Tag (id_tag, nama) VALUES (9, 'Olahraga & Outdoor');
INSERT IGNORE INTO Tag (id_tag, nama) VALUES (10, 'Otomotif Parts');
INSERT IGNORE INTO Tag (id_tag, nama) VALUES (11, 'Voucher Digital');
INSERT IGNORE INTO Tag (id_tag, nama) VALUES (12, 'Hobi & Koleksi');
INSERT IGNORE INTO Tag (id_tag, nama) VALUES (13, 'Makanan & Minuman');
INSERT IGNORE INTO Tag (id_tag, nama) VALUES (14, 'Perlengkapan Bayi');
INSERT IGNORE INTO Tag (id_tag, nama) VALUES (15, 'Komputer & Aksesoris');
INSERT IGNORE INTO Tag (id_tag, nama) VALUES (16, 'Handphone & Tablet');
INSERT IGNORE INTO Tag (id_tag, nama) VALUES (17, 'Enterprise-Wide Maximized Secured Line 17');
INSERT IGNORE INTO Tag (id_tag, nama) VALUES (18, 'Automated Upward-Trending Local Area Network 18');
INSERT IGNORE INTO Tag (id_tag, nama) VALUES (19, 'Extended Motivating System Engine 19');
INSERT IGNORE INTO Tag (id_tag, nama) VALUES (20, 'Ergonomic Responsive Challenge 20');
INSERT IGNORE INTO Tag (id_tag, nama) VALUES (21, 'Team-Oriented 3Rdgeneration Benchmark 21');
INSERT IGNORE INTO Tag (id_tag, nama) VALUES (22, 'Cross-Platform Local Challenge 22');
INSERT IGNORE INTO Tag (id_tag, nama) VALUES (23, 'Multi-Tiered Explicit Benchmark 23');
INSERT IGNORE INTO Tag (id_tag, nama) VALUES (24, 'Synchronized Contextually-Based Secured Line 24');
INSERT IGNORE INTO Tag (id_tag, nama) VALUES (25, 'Versatile Value-Added Concept 25');
INSERT IGNORE INTO Tag (id_tag, nama) VALUES (26, 'Programmable 4Thgeneration Methodology 26');
INSERT IGNORE INTO Tag (id_tag, nama) VALUES (27, 'Decentralized Grid-Enabled Database 27');
INSERT IGNORE INTO Tag (id_tag, nama) VALUES (28, 'Multi-Tiered 5Thgeneration Adapter 28');
INSERT IGNORE INTO Tag (id_tag, nama) VALUES (29, 'Switchable Client-Driven Data-Warehouse 29');
INSERT IGNORE INTO Tag (id_tag, nama) VALUES (30, 'Ergonomic Bifurcated Hierarchy 30');
INSERT IGNORE INTO Tag (id_tag, nama) VALUES (31, 'Automated Object-Oriented Support 31');
INSERT IGNORE INTO Tag (id_tag, nama) VALUES (32, 'Proactive Zero-Defect Neural-Net 32');
INSERT IGNORE INTO Tag (id_tag, nama) VALUES (33, 'Reactive Needs-Based Support 33');
INSERT IGNORE INTO Tag (id_tag, nama) VALUES (34, 'Profit-Focused Content-Based Graphic Interface 34');
INSERT IGNORE INTO Tag (id_tag, nama) VALUES (35, 'Focused Actuating Infrastructure 35');
INSERT IGNORE INTO Tag (id_tag, nama) VALUES (36, 'Exclusive Neutral Graphic Interface 36');
INSERT IGNORE INTO Tag (id_tag, nama) VALUES (37, 'Optimized Well-Modulated Knowledgebase 37');
INSERT IGNORE INTO Tag (id_tag, nama) VALUES (38, 'Horizontal Secondary Graphic Interface 38');
INSERT IGNORE INTO Tag (id_tag, nama) VALUES (39, 'Inverse Modular Monitoring 39');
INSERT IGNORE INTO Tag (id_tag, nama) VALUES (40, 'Triple-Buffered Systematic Strategy 40');
INSERT IGNORE INTO Tag (id_tag, nama) VALUES (41, 'Enterprise-Wide 24/7 Complexity 41');
INSERT IGNORE INTO Tag (id_tag, nama) VALUES (42, 'Upgradable Real-Time Service-Desk 42');
INSERT IGNORE INTO Tag (id_tag, nama) VALUES (43, 'Devolved Cohesive Artificial Intelligence 43');
INSERT IGNORE INTO Tag (id_tag, nama) VALUES (44, 'Optimized Fault-Tolerant Concept 44');
INSERT IGNORE INTO Tag (id_tag, nama) VALUES (45, 'Total Modular Matrices 45');
INSERT IGNORE INTO Tag (id_tag, nama) VALUES (46, 'Open-Architected Bottom-Line Implementation 46');
INSERT IGNORE INTO Tag (id_tag, nama) VALUES (47, 'Reduced Directional Support 47');
INSERT IGNORE INTO Tag (id_tag, nama) VALUES (48, 'Managed Intangible Matrices 48');
INSERT IGNORE INTO Tag (id_tag, nama) VALUES (49, 'Extended Fault-Tolerant Architecture 49');
INSERT IGNORE INTO Tag (id_tag, nama) VALUES (50, 'Proactive Dedicated System Engine 50');
INSERT IGNORE INTO Tag (id_tag, nama) VALUES (51, 'Upgradable Logistical Software 51');
INSERT IGNORE INTO Tag (id_tag, nama) VALUES (52, 'Monitored Grid-Enabled Projection 52');
INSERT IGNORE INTO Tag (id_tag, nama) VALUES (53, 'Total Modular Conglomeration 53');
INSERT IGNORE INTO Tag (id_tag, nama) VALUES (54, 'Virtual Analyzing Infrastructure 54');
INSERT IGNORE INTO Tag (id_tag, nama) VALUES (55, 'Public-Key Encompassing Alliance 55');
INSERT IGNORE INTO Tag (id_tag, nama) VALUES (56, 'Organic Directional Support 56');
INSERT IGNORE INTO Tag (id_tag, nama) VALUES (57, 'Intuitive Content-Based Methodology 57');
INSERT IGNORE INTO Tag (id_tag, nama) VALUES (58, 'Operative Dedicated Approach 58');
INSERT IGNORE INTO Tag (id_tag, nama) VALUES (59, 'Adaptive Empowering Array 59');
INSERT IGNORE INTO Tag (id_tag, nama) VALUES (60, 'Integrated Even-Keeled Open Architecture 60');
INSERT IGNORE INTO Tag (id_tag, nama) VALUES (61, 'Open-Architected Even-Keeled Info-Mediaries 61');
INSERT IGNORE INTO Tag (id_tag, nama) VALUES (62, 'Visionary Discrete Application 62');
INSERT IGNORE INTO Tag (id_tag, nama) VALUES (63, 'Balanced Foreground Hierarchy 63');
INSERT IGNORE INTO Tag (id_tag, nama) VALUES (64, 'Open-Source Next Generation Moratorium 64');
INSERT IGNORE INTO Tag (id_tag, nama) VALUES (65, 'Innovative Scalable Forecast 65');
INSERT IGNORE INTO Tag (id_tag, nama) VALUES (66, 'Customer-Focused Directional Access 66');
INSERT IGNORE INTO Tag (id_tag, nama) VALUES (67, 'Public-Key Didactic Synergy 67');
INSERT IGNORE INTO Tag (id_tag, nama) VALUES (68, 'Public-Key Foreground Software 68');
INSERT IGNORE INTO Tag (id_tag, nama) VALUES (69, 'Seamless Systemic Process Improvement 69');
INSERT IGNORE INTO Tag (id_tag, nama) VALUES (70, 'Upgradable National Concept 70');
INSERT IGNORE INTO Tag (id_tag, nama) VALUES (71, 'Face-To-Face Cohesive Monitoring 71');
INSERT IGNORE INTO Tag (id_tag, nama) VALUES (72, 'Organic High-Level Structure 72');
INSERT IGNORE INTO Tag (id_tag, nama) VALUES (73, 'Fully-Configurable Transitional Toolset 73');
INSERT IGNORE INTO Tag (id_tag, nama) VALUES (74, 'Seamless Tangible Attitude 74');
INSERT IGNORE INTO Tag (id_tag, nama) VALUES (75, 'Proactive Responsive Customer Loyalty 75');
INSERT IGNORE INTO Tag (id_tag, nama) VALUES (76, 'Proactive Bi-Directional Artificial Intelligence 76');
INSERT IGNORE INTO Tag (id_tag, nama) VALUES (77, 'Stand-Alone Empowering Complexity 77');
INSERT IGNORE INTO Tag (id_tag, nama) VALUES (78, 'Multi-Tiered Content-Based Standardization 78');
INSERT IGNORE INTO Tag (id_tag, nama) VALUES (79, 'Optional Systemic Capacity 79');
INSERT IGNORE INTO Tag (id_tag, nama) VALUES (80, 'Monitored Neutral Standardization 80');
INSERT IGNORE INTO Tag (id_tag, nama) VALUES (81, 'Streamlined Even-Keeled Implementation 81');
INSERT IGNORE INTO Tag (id_tag, nama) VALUES (82, 'Adaptive Secondary Help-Desk 82');
INSERT IGNORE INTO Tag (id_tag, nama) VALUES (83, 'Cross-Platform Bi-Directional Functionalities 83');
INSERT IGNORE INTO Tag (id_tag, nama) VALUES (84, 'Re-Contextualized Heuristic Solution 84');
INSERT IGNORE INTO Tag (id_tag, nama) VALUES (85, 'Advanced Neutral Interface 85');
INSERT IGNORE INTO Tag (id_tag, nama) VALUES (86, 'Configurable Asymmetric Array 86');
INSERT IGNORE INTO Tag (id_tag, nama) VALUES (87, 'Open-Architected Neutral Migration 87');
INSERT IGNORE INTO Tag (id_tag, nama) VALUES (88, 'Optional Maximized Focus Group 88');
INSERT IGNORE INTO Tag (id_tag, nama) VALUES (89, 'Ergonomic Local Synergy 89');
INSERT IGNORE INTO Tag (id_tag, nama) VALUES (90, 'Fundamental Responsive Neural-Net 90');
INSERT IGNORE INTO Tag (id_tag, nama) VALUES (91, 'Innovative Stable Toolset 91');
INSERT IGNORE INTO Tag (id_tag, nama) VALUES (92, 'Fundamental Interactive Application 92');
INSERT IGNORE INTO Tag (id_tag, nama) VALUES (93, 'Team-Oriented Neutral Help-Desk 93');
INSERT IGNORE INTO Tag (id_tag, nama) VALUES (94, 'Virtual High-Level Moderator 94');
INSERT IGNORE INTO Tag (id_tag, nama) VALUES (95, 'Synergistic Non-Volatile Function 95');
INSERT IGNORE INTO Tag (id_tag, nama) VALUES (96, 'Reverse-Engineered 5Thgeneration Service-Desk 96');
INSERT IGNORE INTO Tag (id_tag, nama) VALUES (97, 'Universal Maximized Algorithm 97');
INSERT IGNORE INTO Tag (id_tag, nama) VALUES (98, 'Innovative Solution-Oriented Moderator 98');
INSERT IGNORE INTO Tag (id_tag, nama) VALUES (99, 'Re-Contextualized Asynchronous Throughput 99');
INSERT IGNORE INTO Tag (id_tag, nama) VALUES (100, 'Optional Didactic Hardware 100');
INSERT IGNORE INTO Tag (id_tag, nama) VALUES (101, 'Re-Contextualized Static Pricing Structure 101');
INSERT IGNORE INTO Tag (id_tag, nama) VALUES (102, 'Monitored Analyzing Data-Warehouse 102');
INSERT IGNORE INTO Tag (id_tag, nama) VALUES (103, 'Implemented Asynchronous Website 103');
INSERT IGNORE INTO Tag (id_tag, nama) VALUES (104, 'Profit-Focused National System Engine 104');
INSERT IGNORE INTO Tag (id_tag, nama) VALUES (105, 'Seamless Stable Structure 105');
INSERT IGNORE INTO Tag (id_tag, nama) VALUES (106, 'Reduced Reciprocal Paradigm 106');
INSERT IGNORE INTO Tag (id_tag, nama) VALUES (107, 'Reduced Human-Resource Help-Desk 107');
INSERT IGNORE INTO Tag (id_tag, nama) VALUES (108, 'Implemented Upward-Trending Knowledgebase 108');
INSERT IGNORE INTO Tag (id_tag, nama) VALUES (109, 'Devolved Even-Keeled Open System 109');
INSERT IGNORE INTO Tag (id_tag, nama) VALUES (110, 'Multi-Lateral Reciprocal Leverage 110');
INSERT IGNORE INTO Tag (id_tag, nama) VALUES (111, 'Multi-Tiered Discrete Service-Desk 111');
INSERT IGNORE INTO Tag (id_tag, nama) VALUES (112, 'Realigned System-Worthy Customer Loyalty 112');
INSERT IGNORE INTO Tag (id_tag, nama) VALUES (113, 'Managed Eco-Centric Frame 113');
INSERT IGNORE INTO Tag (id_tag, nama) VALUES (114, 'Persistent Dedicated Interface 114');
INSERT IGNORE INTO Tag (id_tag, nama) VALUES (115, 'Automated Holistic Info-Mediaries 115');
INSERT IGNORE INTO Tag (id_tag, nama) VALUES (116, 'Sharable Systemic Hierarchy 116');
INSERT IGNORE INTO Tag (id_tag, nama) VALUES (117, 'Proactive Maximized Encoding 117');
INSERT IGNORE INTO Tag (id_tag, nama) VALUES (118, 'Inverse Cohesive Initiative 118');
INSERT IGNORE INTO Tag (id_tag, nama) VALUES (119, 'Polarized Intangible Archive 119');
INSERT IGNORE INTO Tag (id_tag, nama) VALUES (120, 'Networked Explicit Paradigm 120');

-- TagProduk
INSERT IGNORE INTO TagProduk (id_produk, id_tag) VALUES (1, 50);
INSERT IGNORE INTO TagProduk (id_produk, id_tag) VALUES (1, 18);
INSERT IGNORE INTO TagProduk (id_produk, id_tag) VALUES (2, 15);
INSERT IGNORE INTO TagProduk (id_produk, id_tag) VALUES (2, 119);
INSERT IGNORE INTO TagProduk (id_produk, id_tag) VALUES (2, 79);
INSERT IGNORE INTO TagProduk (id_produk, id_tag) VALUES (3, 85);
INSERT IGNORE INTO TagProduk (id_produk, id_tag) VALUES (3, 80);
INSERT IGNORE INTO TagProduk (id_produk, id_tag) VALUES (4, 34);
INSERT IGNORE INTO TagProduk (id_produk, id_tag) VALUES (4, 4);
INSERT IGNORE INTO TagProduk (id_produk, id_tag) VALUES (4, 118);
INSERT IGNORE INTO TagProduk (id_produk, id_tag) VALUES (4, 80);
INSERT IGNORE INTO TagProduk (id_produk, id_tag) VALUES (5, 23);
INSERT IGNORE INTO TagProduk (id_produk, id_tag) VALUES (5, 59);
INSERT IGNORE INTO TagProduk (id_produk, id_tag) VALUES (5, 60);
INSERT IGNORE INTO TagProduk (id_produk, id_tag) VALUES (6, 74);
INSERT IGNORE INTO TagProduk (id_produk, id_tag) VALUES (6, 15);
INSERT IGNORE INTO TagProduk (id_produk, id_tag) VALUES (6, 94);
INSERT IGNORE INTO TagProduk (id_produk, id_tag) VALUES (6, 90);
INSERT IGNORE INTO TagProduk (id_produk, id_tag) VALUES (7, 67);
INSERT IGNORE INTO TagProduk (id_produk, id_tag) VALUES (8, 42);
INSERT IGNORE INTO TagProduk (id_produk, id_tag) VALUES (8, 119);
INSERT IGNORE INTO TagProduk (id_produk, id_tag) VALUES (8, 37);
INSERT IGNORE INTO TagProduk (id_produk, id_tag) VALUES (8, 11);
INSERT IGNORE INTO TagProduk (id_produk, id_tag) VALUES (9, 69);
INSERT IGNORE INTO TagProduk (id_produk, id_tag) VALUES (9, 95);
INSERT IGNORE INTO TagProduk (id_produk, id_tag) VALUES (10, 28);
INSERT IGNORE INTO TagProduk (id_produk, id_tag) VALUES (10, 5);
INSERT IGNORE INTO TagProduk (id_produk, id_tag) VALUES (10, 26);
INSERT IGNORE INTO TagProduk (id_produk, id_tag) VALUES (10, 45);
INSERT IGNORE INTO TagProduk (id_produk, id_tag) VALUES (11, 3);
INSERT IGNORE INTO TagProduk (id_produk, id_tag) VALUES (11, 103);
INSERT IGNORE INTO TagProduk (id_produk, id_tag) VALUES (11, 8);
INSERT IGNORE INTO TagProduk (id_produk, id_tag) VALUES (11, 23);
INSERT IGNORE INTO TagProduk (id_produk, id_tag) VALUES (12, 61);
INSERT IGNORE INTO TagProduk (id_produk, id_tag) VALUES (13, 2);
INSERT IGNORE INTO TagProduk (id_produk, id_tag) VALUES (13, 66);
INSERT IGNORE INTO TagProduk (id_produk, id_tag) VALUES (14, 62);
INSERT IGNORE INTO TagProduk (id_produk, id_tag) VALUES (14, 75);
INSERT IGNORE INTO TagProduk (id_produk, id_tag) VALUES (14, 37);
INSERT IGNORE INTO TagProduk (id_produk, id_tag) VALUES (14, 79);
INSERT IGNORE INTO TagProduk (id_produk, id_tag) VALUES (15, 49);
INSERT IGNORE INTO TagProduk (id_produk, id_tag) VALUES (15, 108);
INSERT IGNORE INTO TagProduk (id_produk, id_tag) VALUES (15, 32);
INSERT IGNORE INTO TagProduk (id_produk, id_tag) VALUES (15, 27);
INSERT IGNORE INTO TagProduk (id_produk, id_tag) VALUES (16, 115);
INSERT IGNORE INTO TagProduk (id_produk, id_tag) VALUES (16, 75);
INSERT IGNORE INTO TagProduk (id_produk, id_tag) VALUES (16, 44);
INSERT IGNORE INTO TagProduk (id_produk, id_tag) VALUES (16, 82);
INSERT IGNORE INTO TagProduk (id_produk, id_tag) VALUES (17, 12);
INSERT IGNORE INTO TagProduk (id_produk, id_tag) VALUES (17, 34);
INSERT IGNORE INTO TagProduk (id_produk, id_tag) VALUES (17, 77);
INSERT IGNORE INTO TagProduk (id_produk, id_tag) VALUES (17, 58);
INSERT IGNORE INTO TagProduk (id_produk, id_tag) VALUES (18, 42);
INSERT IGNORE INTO TagProduk (id_produk, id_tag) VALUES (19, 100);
INSERT IGNORE INTO TagProduk (id_produk, id_tag) VALUES (19, 52);
INSERT IGNORE INTO TagProduk (id_produk, id_tag) VALUES (20, 42);
INSERT IGNORE INTO TagProduk (id_produk, id_tag) VALUES (20, 73);
INSERT IGNORE INTO TagProduk (id_produk, id_tag) VALUES (20, 47);
INSERT IGNORE INTO TagProduk (id_produk, id_tag) VALUES (21, 41);
INSERT IGNORE INTO TagProduk (id_produk, id_tag) VALUES (21, 14);
INSERT IGNORE INTO TagProduk (id_produk, id_tag) VALUES (21, 39);
INSERT IGNORE INTO TagProduk (id_produk, id_tag) VALUES (22, 30);
INSERT IGNORE INTO TagProduk (id_produk, id_tag) VALUES (22, 83);
INSERT IGNORE INTO TagProduk (id_produk, id_tag) VALUES (22, 112);
INSERT IGNORE INTO TagProduk (id_produk, id_tag) VALUES (22, 9);
INSERT IGNORE INTO TagProduk (id_produk, id_tag) VALUES (23, 119);
INSERT IGNORE INTO TagProduk (id_produk, id_tag) VALUES (23, 43);
INSERT IGNORE INTO TagProduk (id_produk, id_tag) VALUES (23, 64);
INSERT IGNORE INTO TagProduk (id_produk, id_tag) VALUES (23, 86);
INSERT IGNORE INTO TagProduk (id_produk, id_tag) VALUES (24, 18);
INSERT IGNORE INTO TagProduk (id_produk, id_tag) VALUES (24, 83);
INSERT IGNORE INTO TagProduk (id_produk, id_tag) VALUES (24, 72);
INSERT IGNORE INTO TagProduk (id_produk, id_tag) VALUES (24, 108);
INSERT IGNORE INTO TagProduk (id_produk, id_tag) VALUES (25, 95);
INSERT IGNORE INTO TagProduk (id_produk, id_tag) VALUES (25, 102);
INSERT IGNORE INTO TagProduk (id_produk, id_tag) VALUES (26, 40);
INSERT IGNORE INTO TagProduk (id_produk, id_tag) VALUES (27, 28);
INSERT IGNORE INTO TagProduk (id_produk, id_tag) VALUES (27, 85);
INSERT IGNORE INTO TagProduk (id_produk, id_tag) VALUES (28, 68);
INSERT IGNORE INTO TagProduk (id_produk, id_tag) VALUES (28, 33);
INSERT IGNORE INTO TagProduk (id_produk, id_tag) VALUES (28, 63);
INSERT IGNORE INTO TagProduk (id_produk, id_tag) VALUES (28, 47);
INSERT IGNORE INTO TagProduk (id_produk, id_tag) VALUES (29, 92);
INSERT IGNORE INTO TagProduk (id_produk, id_tag) VALUES (29, 67);
INSERT IGNORE INTO TagProduk (id_produk, id_tag) VALUES (29, 22);
INSERT IGNORE INTO TagProduk (id_produk, id_tag) VALUES (29, 11);
INSERT IGNORE INTO TagProduk (id_produk, id_tag) VALUES (30, 39);
INSERT IGNORE INTO TagProduk (id_produk, id_tag) VALUES (30, 26);
INSERT IGNORE INTO TagProduk (id_produk, id_tag) VALUES (31, 106);
INSERT IGNORE INTO TagProduk (id_produk, id_tag) VALUES (31, 98);
INSERT IGNORE INTO TagProduk (id_produk, id_tag) VALUES (32, 12);
INSERT IGNORE INTO TagProduk (id_produk, id_tag) VALUES (32, 44);
INSERT IGNORE INTO TagProduk (id_produk, id_tag) VALUES (32, 114);
INSERT IGNORE INTO TagProduk (id_produk, id_tag) VALUES (32, 103);
INSERT IGNORE INTO TagProduk (id_produk, id_tag) VALUES (33, 27);
INSERT IGNORE INTO TagProduk (id_produk, id_tag) VALUES (33, 70);
INSERT IGNORE INTO TagProduk (id_produk, id_tag) VALUES (33, 29);
INSERT IGNORE INTO TagProduk (id_produk, id_tag) VALUES (34, 64);
INSERT IGNORE INTO TagProduk (id_produk, id_tag) VALUES (34, 98);
INSERT IGNORE INTO TagProduk (id_produk, id_tag) VALUES (35, 18);
INSERT IGNORE INTO TagProduk (id_produk, id_tag) VALUES (35, 21);
INSERT IGNORE INTO TagProduk (id_produk, id_tag) VALUES (35, 94);
INSERT IGNORE INTO TagProduk (id_produk, id_tag) VALUES (35, 59);
INSERT IGNORE INTO TagProduk (id_produk, id_tag) VALUES (36, 23);
INSERT IGNORE INTO TagProduk (id_produk, id_tag) VALUES (36, 106);
INSERT IGNORE INTO TagProduk (id_produk, id_tag) VALUES (36, 14);
INSERT IGNORE INTO TagProduk (id_produk, id_tag) VALUES (37, 39);
INSERT IGNORE INTO TagProduk (id_produk, id_tag) VALUES (38, 31);
INSERT IGNORE INTO TagProduk (id_produk, id_tag) VALUES (38, 74);
INSERT IGNORE INTO TagProduk (id_produk, id_tag) VALUES (39, 9);
INSERT IGNORE INTO TagProduk (id_produk, id_tag) VALUES (39, 3);
INSERT IGNORE INTO TagProduk (id_produk, id_tag) VALUES (39, 85);
INSERT IGNORE INTO TagProduk (id_produk, id_tag) VALUES (40, 110);
INSERT IGNORE INTO TagProduk (id_produk, id_tag) VALUES (40, 120);
INSERT IGNORE INTO TagProduk (id_produk, id_tag) VALUES (40, 95);
INSERT IGNORE INTO TagProduk (id_produk, id_tag) VALUES (41, 71);
INSERT IGNORE INTO TagProduk (id_produk, id_tag) VALUES (41, 111);
INSERT IGNORE INTO TagProduk (id_produk, id_tag) VALUES (41, 113);
INSERT IGNORE INTO TagProduk (id_produk, id_tag) VALUES (41, 79);
INSERT IGNORE INTO TagProduk (id_produk, id_tag) VALUES (42, 26);
INSERT IGNORE INTO TagProduk (id_produk, id_tag) VALUES (42, 6);
INSERT IGNORE INTO TagProduk (id_produk, id_tag) VALUES (43, 108);
INSERT IGNORE INTO TagProduk (id_produk, id_tag) VALUES (43, 109);
INSERT IGNORE INTO TagProduk (id_produk, id_tag) VALUES (43, 44);
INSERT IGNORE INTO TagProduk (id_produk, id_tag) VALUES (44, 5);
INSERT IGNORE INTO TagProduk (id_produk, id_tag) VALUES (44, 84);
INSERT IGNORE INTO TagProduk (id_produk, id_tag) VALUES (44, 85);
INSERT IGNORE INTO TagProduk (id_produk, id_tag) VALUES (45, 20);
INSERT IGNORE INTO TagProduk (id_produk, id_tag) VALUES (45, 117);
INSERT IGNORE INTO TagProduk (id_produk, id_tag) VALUES (45, 75);
INSERT IGNORE INTO TagProduk (id_produk, id_tag) VALUES (45, 33);
INSERT IGNORE INTO TagProduk (id_produk, id_tag) VALUES (46, 38);
INSERT IGNORE INTO TagProduk (id_produk, id_tag) VALUES (47, 113);
INSERT IGNORE INTO TagProduk (id_produk, id_tag) VALUES (47, 61);
INSERT IGNORE INTO TagProduk (id_produk, id_tag) VALUES (47, 102);
INSERT IGNORE INTO TagProduk (id_produk, id_tag) VALUES (47, 64);
INSERT IGNORE INTO TagProduk (id_produk, id_tag) VALUES (48, 72);
INSERT IGNORE INTO TagProduk (id_produk, id_tag) VALUES (48, 57);
INSERT IGNORE INTO TagProduk (id_produk, id_tag) VALUES (48, 69);
INSERT IGNORE INTO TagProduk (id_produk, id_tag) VALUES (48, 76);
INSERT IGNORE INTO TagProduk (id_produk, id_tag) VALUES (49, 81);
INSERT IGNORE INTO TagProduk (id_produk, id_tag) VALUES (50, 91);
INSERT IGNORE INTO TagProduk (id_produk, id_tag) VALUES (51, 80);
INSERT IGNORE INTO TagProduk (id_produk, id_tag) VALUES (51, 39);
INSERT IGNORE INTO TagProduk (id_produk, id_tag) VALUES (51, 55);
INSERT IGNORE INTO TagProduk (id_produk, id_tag) VALUES (51, 78);
INSERT IGNORE INTO TagProduk (id_produk, id_tag) VALUES (52, 78);
INSERT IGNORE INTO TagProduk (id_produk, id_tag) VALUES (52, 16);
INSERT IGNORE INTO TagProduk (id_produk, id_tag) VALUES (53, 112);
INSERT IGNORE INTO TagProduk (id_produk, id_tag) VALUES (54, 114);
INSERT IGNORE INTO TagProduk (id_produk, id_tag) VALUES (54, 99);
INSERT IGNORE INTO TagProduk (id_produk, id_tag) VALUES (54, 4);
INSERT IGNORE INTO TagProduk (id_produk, id_tag) VALUES (55, 109);
INSERT IGNORE INTO TagProduk (id_produk, id_tag) VALUES (55, 94);
INSERT IGNORE INTO TagProduk (id_produk, id_tag) VALUES (56, 9);
INSERT IGNORE INTO TagProduk (id_produk, id_tag) VALUES (56, 110);
INSERT IGNORE INTO TagProduk (id_produk, id_tag) VALUES (56, 34);
INSERT IGNORE INTO TagProduk (id_produk, id_tag) VALUES (56, 102);
INSERT IGNORE INTO TagProduk (id_produk, id_tag) VALUES (57, 56);
INSERT IGNORE INTO TagProduk (id_produk, id_tag) VALUES (57, 55);
INSERT IGNORE INTO TagProduk (id_produk, id_tag) VALUES (57, 48);
INSERT IGNORE INTO TagProduk (id_produk, id_tag) VALUES (57, 16);
INSERT IGNORE INTO TagProduk (id_produk, id_tag) VALUES (58, 23);
INSERT IGNORE INTO TagProduk (id_produk, id_tag) VALUES (58, 52);
INSERT IGNORE INTO TagProduk (id_produk, id_tag) VALUES (58, 48);
INSERT IGNORE INTO TagProduk (id_produk, id_tag) VALUES (58, 71);
INSERT IGNORE INTO TagProduk (id_produk, id_tag) VALUES (59, 114);
INSERT IGNORE INTO TagProduk (id_produk, id_tag) VALUES (59, 88);
INSERT IGNORE INTO TagProduk (id_produk, id_tag) VALUES (60, 73);
INSERT IGNORE INTO TagProduk (id_produk, id_tag) VALUES (60, 52);
INSERT IGNORE INTO TagProduk (id_produk, id_tag) VALUES (60, 67);
INSERT IGNORE INTO TagProduk (id_produk, id_tag) VALUES (60, 19);
INSERT IGNORE INTO TagProduk (id_produk, id_tag) VALUES (61, 33);
INSERT IGNORE INTO TagProduk (id_produk, id_tag) VALUES (61, 88);
INSERT IGNORE INTO TagProduk (id_produk, id_tag) VALUES (61, 46);
INSERT IGNORE INTO TagProduk (id_produk, id_tag) VALUES (61, 55);
INSERT IGNORE INTO TagProduk (id_produk, id_tag) VALUES (62, 96);
INSERT IGNORE INTO TagProduk (id_produk, id_tag) VALUES (62, 88);
INSERT IGNORE INTO TagProduk (id_produk, id_tag) VALUES (63, 106);
INSERT IGNORE INTO TagProduk (id_produk, id_tag) VALUES (63, 55);
INSERT IGNORE INTO TagProduk (id_produk, id_tag) VALUES (64, 26);
INSERT IGNORE INTO TagProduk (id_produk, id_tag) VALUES (64, 88);
INSERT IGNORE INTO TagProduk (id_produk, id_tag) VALUES (64, 15);
INSERT IGNORE INTO TagProduk (id_produk, id_tag) VALUES (64, 72);
INSERT IGNORE INTO TagProduk (id_produk, id_tag) VALUES (65, 60);
INSERT IGNORE INTO TagProduk (id_produk, id_tag) VALUES (65, 6);
INSERT IGNORE INTO TagProduk (id_produk, id_tag) VALUES (65, 64);
INSERT IGNORE INTO TagProduk (id_produk, id_tag) VALUES (66, 113);
INSERT IGNORE INTO TagProduk (id_produk, id_tag) VALUES (66, 68);
INSERT IGNORE INTO TagProduk (id_produk, id_tag) VALUES (66, 57);
INSERT IGNORE INTO TagProduk (id_produk, id_tag) VALUES (66, 52);
INSERT IGNORE INTO TagProduk (id_produk, id_tag) VALUES (67, 66);
INSERT IGNORE INTO TagProduk (id_produk, id_tag) VALUES (67, 61);
INSERT IGNORE INTO TagProduk (id_produk, id_tag) VALUES (67, 62);
INSERT IGNORE INTO TagProduk (id_produk, id_tag) VALUES (68, 53);
INSERT IGNORE INTO TagProduk (id_produk, id_tag) VALUES (68, 111);
INSERT IGNORE INTO TagProduk (id_produk, id_tag) VALUES (68, 21);
INSERT IGNORE INTO TagProduk (id_produk, id_tag) VALUES (69, 40);
INSERT IGNORE INTO TagProduk (id_produk, id_tag) VALUES (69, 65);
INSERT IGNORE INTO TagProduk (id_produk, id_tag) VALUES (69, 11);
INSERT IGNORE INTO TagProduk (id_produk, id_tag) VALUES (70, 9);
INSERT IGNORE INTO TagProduk (id_produk, id_tag) VALUES (70, 89);
INSERT IGNORE INTO TagProduk (id_produk, id_tag) VALUES (70, 62);
INSERT IGNORE INTO TagProduk (id_produk, id_tag) VALUES (70, 12);
INSERT IGNORE INTO TagProduk (id_produk, id_tag) VALUES (71, 9);
INSERT IGNORE INTO TagProduk (id_produk, id_tag) VALUES (71, 60);
INSERT IGNORE INTO TagProduk (id_produk, id_tag) VALUES (71, 100);
INSERT IGNORE INTO TagProduk (id_produk, id_tag) VALUES (71, 53);
INSERT IGNORE INTO TagProduk (id_produk, id_tag) VALUES (72, 26);
INSERT IGNORE INTO TagProduk (id_produk, id_tag) VALUES (72, 101);
INSERT IGNORE INTO TagProduk (id_produk, id_tag) VALUES (73, 43);
INSERT IGNORE INTO TagProduk (id_produk, id_tag) VALUES (73, 108);
INSERT IGNORE INTO TagProduk (id_produk, id_tag) VALUES (74, 88);
INSERT IGNORE INTO TagProduk (id_produk, id_tag) VALUES (74, 86);
INSERT IGNORE INTO TagProduk (id_produk, id_tag) VALUES (74, 82);
INSERT IGNORE INTO TagProduk (id_produk, id_tag) VALUES (75, 35);
INSERT IGNORE INTO TagProduk (id_produk, id_tag) VALUES (75, 33);
INSERT IGNORE INTO TagProduk (id_produk, id_tag) VALUES (75, 114);
INSERT IGNORE INTO TagProduk (id_produk, id_tag) VALUES (76, 60);
INSERT IGNORE INTO TagProduk (id_produk, id_tag) VALUES (76, 74);
INSERT IGNORE INTO TagProduk (id_produk, id_tag) VALUES (76, 77);
INSERT IGNORE INTO TagProduk (id_produk, id_tag) VALUES (76, 115);
INSERT IGNORE INTO TagProduk (id_produk, id_tag) VALUES (77, 70);
INSERT IGNORE INTO TagProduk (id_produk, id_tag) VALUES (77, 59);
INSERT IGNORE INTO TagProduk (id_produk, id_tag) VALUES (77, 53);
INSERT IGNORE INTO TagProduk (id_produk, id_tag) VALUES (77, 1);
INSERT IGNORE INTO TagProduk (id_produk, id_tag) VALUES (78, 95);
INSERT IGNORE INTO TagProduk (id_produk, id_tag) VALUES (78, 119);
INSERT IGNORE INTO TagProduk (id_produk, id_tag) VALUES (78, 20);
INSERT IGNORE INTO TagProduk (id_produk, id_tag) VALUES (79, 61);
INSERT IGNORE INTO TagProduk (id_produk, id_tag) VALUES (79, 18);
INSERT IGNORE INTO TagProduk (id_produk, id_tag) VALUES (79, 74);
INSERT IGNORE INTO TagProduk (id_produk, id_tag) VALUES (79, 47);
INSERT IGNORE INTO TagProduk (id_produk, id_tag) VALUES (80, 66);
INSERT IGNORE INTO TagProduk (id_produk, id_tag) VALUES (80, 113);
INSERT IGNORE INTO TagProduk (id_produk, id_tag) VALUES (80, 51);
INSERT IGNORE INTO TagProduk (id_produk, id_tag) VALUES (81, 58);
INSERT IGNORE INTO TagProduk (id_produk, id_tag) VALUES (81, 110);
INSERT IGNORE INTO TagProduk (id_produk, id_tag) VALUES (81, 16);
INSERT IGNORE INTO TagProduk (id_produk, id_tag) VALUES (82, 68);
INSERT IGNORE INTO TagProduk (id_produk, id_tag) VALUES (83, 36);
INSERT IGNORE INTO TagProduk (id_produk, id_tag) VALUES (83, 76);
INSERT IGNORE INTO TagProduk (id_produk, id_tag) VALUES (83, 20);
INSERT IGNORE INTO TagProduk (id_produk, id_tag) VALUES (84, 4);
INSERT IGNORE INTO TagProduk (id_produk, id_tag) VALUES (85, 104);
INSERT IGNORE INTO TagProduk (id_produk, id_tag) VALUES (85, 91);
INSERT IGNORE INTO TagProduk (id_produk, id_tag) VALUES (85, 84);
INSERT IGNORE INTO TagProduk (id_produk, id_tag) VALUES (86, 117);
INSERT IGNORE INTO TagProduk (id_produk, id_tag) VALUES (86, 104);
INSERT IGNORE INTO TagProduk (id_produk, id_tag) VALUES (86, 67);
INSERT IGNORE INTO TagProduk (id_produk, id_tag) VALUES (87, 1);
INSERT IGNORE INTO TagProduk (id_produk, id_tag) VALUES (87, 3);
INSERT IGNORE INTO TagProduk (id_produk, id_tag) VALUES (87, 61);
INSERT IGNORE INTO TagProduk (id_produk, id_tag) VALUES (88, 31);
INSERT IGNORE INTO TagProduk (id_produk, id_tag) VALUES (88, 72);
INSERT IGNORE INTO TagProduk (id_produk, id_tag) VALUES (88, 57);
INSERT IGNORE INTO TagProduk (id_produk, id_tag) VALUES (89, 31);
INSERT IGNORE INTO TagProduk (id_produk, id_tag) VALUES (89, 19);
INSERT IGNORE INTO TagProduk (id_produk, id_tag) VALUES (89, 14);
INSERT IGNORE INTO TagProduk (id_produk, id_tag) VALUES (90, 39);
INSERT IGNORE INTO TagProduk (id_produk, id_tag) VALUES (90, 69);
INSERT IGNORE INTO TagProduk (id_produk, id_tag) VALUES (91, 10);
INSERT IGNORE INTO TagProduk (id_produk, id_tag) VALUES (91, 34);
INSERT IGNORE INTO TagProduk (id_produk, id_tag) VALUES (91, 19);
INSERT IGNORE INTO TagProduk (id_produk, id_tag) VALUES (91, 76);
INSERT IGNORE INTO TagProduk (id_produk, id_tag) VALUES (92, 69);
INSERT IGNORE INTO TagProduk (id_produk, id_tag) VALUES (92, 99);
INSERT IGNORE INTO TagProduk (id_produk, id_tag) VALUES (93, 45);
INSERT IGNORE INTO TagProduk (id_produk, id_tag) VALUES (93, 115);
INSERT IGNORE INTO TagProduk (id_produk, id_tag) VALUES (94, 19);
INSERT IGNORE INTO TagProduk (id_produk, id_tag) VALUES (94, 29);
INSERT IGNORE INTO TagProduk (id_produk, id_tag) VALUES (94, 36);
INSERT IGNORE INTO TagProduk (id_produk, id_tag) VALUES (95, 20);
INSERT IGNORE INTO TagProduk (id_produk, id_tag) VALUES (96, 53);
INSERT IGNORE INTO TagProduk (id_produk, id_tag) VALUES (96, 119);
INSERT IGNORE INTO TagProduk (id_produk, id_tag) VALUES (96, 87);
INSERT IGNORE INTO TagProduk (id_produk, id_tag) VALUES (96, 70);
INSERT IGNORE INTO TagProduk (id_produk, id_tag) VALUES (97, 44);
INSERT IGNORE INTO TagProduk (id_produk, id_tag) VALUES (98, 111);
INSERT IGNORE INTO TagProduk (id_produk, id_tag) VALUES (98, 112);
INSERT IGNORE INTO TagProduk (id_produk, id_tag) VALUES (99, 115);
INSERT IGNORE INTO TagProduk (id_produk, id_tag) VALUES (100, 15);
INSERT IGNORE INTO TagProduk (id_produk, id_tag) VALUES (100, 45);
INSERT IGNORE INTO TagProduk (id_produk, id_tag) VALUES (100, 6);

-- BarangKeranjang
INSERT IGNORE INTO BarangKeranjang (id_keranjang, sku, kuantitas) VALUES (1, 'SKU000171', 1);
INSERT IGNORE INTO BarangKeranjang (id_keranjang, sku, kuantitas) VALUES (1, 'SKU000093', 3);
INSERT IGNORE INTO BarangKeranjang (id_keranjang, sku, kuantitas) VALUES (1, 'SKU000011', 2);
INSERT IGNORE INTO BarangKeranjang (id_keranjang, sku, kuantitas) VALUES (2, 'SKU000113', 3);
INSERT IGNORE INTO BarangKeranjang (id_keranjang, sku, kuantitas) VALUES (2, 'SKU000120', 1);
INSERT IGNORE INTO BarangKeranjang (id_keranjang, sku, kuantitas) VALUES (2, 'SKU000059', 3);
INSERT IGNORE INTO BarangKeranjang (id_keranjang, sku, kuantitas) VALUES (3, 'SKU000063', 1);
INSERT IGNORE INTO BarangKeranjang (id_keranjang, sku, kuantitas) VALUES (3, 'SKU000111', 1);
INSERT IGNORE INTO BarangKeranjang (id_keranjang, sku, kuantitas) VALUES (4, 'SKU000083', 3);
INSERT IGNORE INTO BarangKeranjang (id_keranjang, sku, kuantitas) VALUES (4, 'SKU000157', 3);
INSERT IGNORE INTO BarangKeranjang (id_keranjang, sku, kuantitas) VALUES (4, 'SKU000158', 3);
INSERT IGNORE INTO BarangKeranjang (id_keranjang, sku, kuantitas) VALUES (4, 'SKU000114', 3);
INSERT IGNORE INTO BarangKeranjang (id_keranjang, sku, kuantitas) VALUES (5, 'SKU000070', 3);
INSERT IGNORE INTO BarangKeranjang (id_keranjang, sku, kuantitas) VALUES (5, 'SKU000058', 3);
INSERT IGNORE INTO BarangKeranjang (id_keranjang, sku, kuantitas) VALUES (5, 'SKU000121', 1);
INSERT IGNORE INTO BarangKeranjang (id_keranjang, sku, kuantitas) VALUES (5, 'SKU000104', 1);
INSERT IGNORE INTO BarangKeranjang (id_keranjang, sku, kuantitas) VALUES (5, 'SKU000179', 3);
INSERT IGNORE INTO BarangKeranjang (id_keranjang, sku, kuantitas) VALUES (6, 'SKU000129', 2);
INSERT IGNORE INTO BarangKeranjang (id_keranjang, sku, kuantitas) VALUES (8, 'SKU000176', 2);
INSERT IGNORE INTO BarangKeranjang (id_keranjang, sku, kuantitas) VALUES (8, 'SKU000202', 2);
INSERT IGNORE INTO BarangKeranjang (id_keranjang, sku, kuantitas) VALUES (8, 'SKU000010', 2);
INSERT IGNORE INTO BarangKeranjang (id_keranjang, sku, kuantitas) VALUES (8, 'SKU000110', 3);
INSERT IGNORE INTO BarangKeranjang (id_keranjang, sku, kuantitas) VALUES (8, 'SKU000055', 1);
INSERT IGNORE INTO BarangKeranjang (id_keranjang, sku, kuantitas) VALUES (9, 'SKU000052', 1);
INSERT IGNORE INTO BarangKeranjang (id_keranjang, sku, kuantitas) VALUES (9, 'SKU000109', 3);
INSERT IGNORE INTO BarangKeranjang (id_keranjang, sku, kuantitas) VALUES (10, 'SKU000112', 1);
INSERT IGNORE INTO BarangKeranjang (id_keranjang, sku, kuantitas) VALUES (10, 'SKU000110', 1);
INSERT IGNORE INTO BarangKeranjang (id_keranjang, sku, kuantitas) VALUES (11, 'SKU000134', 3);
INSERT IGNORE INTO BarangKeranjang (id_keranjang, sku, kuantitas) VALUES (11, 'SKU000010', 3);
INSERT IGNORE INTO BarangKeranjang (id_keranjang, sku, kuantitas) VALUES (11, 'SKU000178', 3);
INSERT IGNORE INTO BarangKeranjang (id_keranjang, sku, kuantitas) VALUES (11, 'SKU000003', 1);
INSERT IGNORE INTO BarangKeranjang (id_keranjang, sku, kuantitas) VALUES (12, 'SKU000174', 1);
INSERT IGNORE INTO BarangKeranjang (id_keranjang, sku, kuantitas) VALUES (12, 'SKU000142', 2);
INSERT IGNORE INTO BarangKeranjang (id_keranjang, sku, kuantitas) VALUES (12, 'SKU000143', 1);
INSERT IGNORE INTO BarangKeranjang (id_keranjang, sku, kuantitas) VALUES (12, 'SKU000119', 3);
INSERT IGNORE INTO BarangKeranjang (id_keranjang, sku, kuantitas) VALUES (12, 'SKU000055', 3);
INSERT IGNORE INTO BarangKeranjang (id_keranjang, sku, kuantitas) VALUES (13, 'SKU000048', 3);
INSERT IGNORE INTO BarangKeranjang (id_keranjang, sku, kuantitas) VALUES (13, 'SKU000154', 3);
INSERT IGNORE INTO BarangKeranjang (id_keranjang, sku, kuantitas) VALUES (14, 'SKU000129', 2);
INSERT IGNORE INTO BarangKeranjang (id_keranjang, sku, kuantitas) VALUES (14, 'SKU000183', 1);
INSERT IGNORE INTO BarangKeranjang (id_keranjang, sku, kuantitas) VALUES (15, 'SKU000200', 2);
INSERT IGNORE INTO BarangKeranjang (id_keranjang, sku, kuantitas) VALUES (15, 'SKU000198', 2);
INSERT IGNORE INTO BarangKeranjang (id_keranjang, sku, kuantitas) VALUES (15, 'SKU000177', 3);
INSERT IGNORE INTO BarangKeranjang (id_keranjang, sku, kuantitas) VALUES (16, 'SKU000168', 1);
INSERT IGNORE INTO BarangKeranjang (id_keranjang, sku, kuantitas) VALUES (16, 'SKU000192', 2);
INSERT IGNORE INTO BarangKeranjang (id_keranjang, sku, kuantitas) VALUES (16, 'SKU000053', 3);
INSERT IGNORE INTO BarangKeranjang (id_keranjang, sku, kuantitas) VALUES (16, 'SKU000159', 3);
INSERT IGNORE INTO BarangKeranjang (id_keranjang, sku, kuantitas) VALUES (16, 'SKU000184', 1);
INSERT IGNORE INTO BarangKeranjang (id_keranjang, sku, kuantitas) VALUES (17, 'SKU000095', 1);
INSERT IGNORE INTO BarangKeranjang (id_keranjang, sku, kuantitas) VALUES (17, 'SKU000202', 2);
INSERT IGNORE INTO BarangKeranjang (id_keranjang, sku, kuantitas) VALUES (17, 'SKU000113', 2);
INSERT IGNORE INTO BarangKeranjang (id_keranjang, sku, kuantitas) VALUES (17, 'SKU000020', 3);
INSERT IGNORE INTO BarangKeranjang (id_keranjang, sku, kuantitas) VALUES (17, 'SKU000185', 2);
INSERT IGNORE INTO BarangKeranjang (id_keranjang, sku, kuantitas) VALUES (19, 'SKU000119', 2);
INSERT IGNORE INTO BarangKeranjang (id_keranjang, sku, kuantitas) VALUES (19, 'SKU000063', 2);
INSERT IGNORE INTO BarangKeranjang (id_keranjang, sku, kuantitas) VALUES (20, 'SKU000068', 1);
INSERT IGNORE INTO BarangKeranjang (id_keranjang, sku, kuantitas) VALUES (20, 'SKU000152', 1);
INSERT IGNORE INTO BarangKeranjang (id_keranjang, sku, kuantitas) VALUES (20, 'SKU000087', 3);
INSERT IGNORE INTO BarangKeranjang (id_keranjang, sku, kuantitas) VALUES (22, 'SKU000114', 1);
INSERT IGNORE INTO BarangKeranjang (id_keranjang, sku, kuantitas) VALUES (22, 'SKU000122', 2);
INSERT IGNORE INTO BarangKeranjang (id_keranjang, sku, kuantitas) VALUES (22, 'SKU000085', 3);
INSERT IGNORE INTO BarangKeranjang (id_keranjang, sku, kuantitas) VALUES (22, 'SKU000071', 1);
INSERT IGNORE INTO BarangKeranjang (id_keranjang, sku, kuantitas) VALUES (22, 'SKU000078', 1);
INSERT IGNORE INTO BarangKeranjang (id_keranjang, sku, kuantitas) VALUES (23, 'SKU000064', 2);
INSERT IGNORE INTO BarangKeranjang (id_keranjang, sku, kuantitas) VALUES (24, 'SKU000059', 3);
INSERT IGNORE INTO BarangKeranjang (id_keranjang, sku, kuantitas) VALUES (24, 'SKU000141', 2);
INSERT IGNORE INTO BarangKeranjang (id_keranjang, sku, kuantitas) VALUES (24, 'SKU000061', 2);
INSERT IGNORE INTO BarangKeranjang (id_keranjang, sku, kuantitas) VALUES (25, 'SKU000100', 1);
INSERT IGNORE INTO BarangKeranjang (id_keranjang, sku, kuantitas) VALUES (25, 'SKU000132', 1);
INSERT IGNORE INTO BarangKeranjang (id_keranjang, sku, kuantitas) VALUES (25, 'SKU000171', 3);
INSERT IGNORE INTO BarangKeranjang (id_keranjang, sku, kuantitas) VALUES (27, 'SKU000014', 2);
INSERT IGNORE INTO BarangKeranjang (id_keranjang, sku, kuantitas) VALUES (27, 'SKU000005', 2);
INSERT IGNORE INTO BarangKeranjang (id_keranjang, sku, kuantitas) VALUES (28, 'SKU000162', 3);
INSERT IGNORE INTO BarangKeranjang (id_keranjang, sku, kuantitas) VALUES (28, 'SKU000020', 1);
INSERT IGNORE INTO BarangKeranjang (id_keranjang, sku, kuantitas) VALUES (28, 'SKU000116', 2);
INSERT IGNORE INTO BarangKeranjang (id_keranjang, sku, kuantitas) VALUES (29, 'SKU000177', 3);
INSERT IGNORE INTO BarangKeranjang (id_keranjang, sku, kuantitas) VALUES (29, 'SKU000168', 2);
INSERT IGNORE INTO BarangKeranjang (id_keranjang, sku, kuantitas) VALUES (30, 'SKU000064', 2);
INSERT IGNORE INTO BarangKeranjang (id_keranjang, sku, kuantitas) VALUES (31, 'SKU000004', 1);
INSERT IGNORE INTO BarangKeranjang (id_keranjang, sku, kuantitas) VALUES (31, 'SKU000165', 3);
INSERT IGNORE INTO BarangKeranjang (id_keranjang, sku, kuantitas) VALUES (31, 'SKU000186', 2);
INSERT IGNORE INTO BarangKeranjang (id_keranjang, sku, kuantitas) VALUES (31, 'SKU000198', 2);
INSERT IGNORE INTO BarangKeranjang (id_keranjang, sku, kuantitas) VALUES (31, 'SKU000108', 2);
INSERT IGNORE INTO BarangKeranjang (id_keranjang, sku, kuantitas) VALUES (33, 'SKU000030', 2);
INSERT IGNORE INTO BarangKeranjang (id_keranjang, sku, kuantitas) VALUES (33, 'SKU000169', 2);
INSERT IGNORE INTO BarangKeranjang (id_keranjang, sku, kuantitas) VALUES (33, 'SKU000191', 3);
INSERT IGNORE INTO BarangKeranjang (id_keranjang, sku, kuantitas) VALUES (33, 'SKU000150', 2);
INSERT IGNORE INTO BarangKeranjang (id_keranjang, sku, kuantitas) VALUES (34, 'SKU000127', 3);
INSERT IGNORE INTO BarangKeranjang (id_keranjang, sku, kuantitas) VALUES (34, 'SKU000116', 1);
INSERT IGNORE INTO BarangKeranjang (id_keranjang, sku, kuantitas) VALUES (35, 'SKU000194', 3);
INSERT IGNORE INTO BarangKeranjang (id_keranjang, sku, kuantitas) VALUES (35, 'SKU000068', 2);
INSERT IGNORE INTO BarangKeranjang (id_keranjang, sku, kuantitas) VALUES (35, 'SKU000105', 1);
INSERT IGNORE INTO BarangKeranjang (id_keranjang, sku, kuantitas) VALUES (35, 'SKU000072', 2);
INSERT IGNORE INTO BarangKeranjang (id_keranjang, sku, kuantitas) VALUES (36, 'SKU000151', 1);
INSERT IGNORE INTO BarangKeranjang (id_keranjang, sku, kuantitas) VALUES (36, 'SKU000049', 3);
INSERT IGNORE INTO BarangKeranjang (id_keranjang, sku, kuantitas) VALUES (36, 'SKU000009', 1);
INSERT IGNORE INTO BarangKeranjang (id_keranjang, sku, kuantitas) VALUES (36, 'SKU000120', 2);
INSERT IGNORE INTO BarangKeranjang (id_keranjang, sku, kuantitas) VALUES (36, 'SKU000034', 2);
INSERT IGNORE INTO BarangKeranjang (id_keranjang, sku, kuantitas) VALUES (38, 'SKU000036', 1);
INSERT IGNORE INTO BarangKeranjang (id_keranjang, sku, kuantitas) VALUES (38, 'SKU000132', 3);
INSERT IGNORE INTO BarangKeranjang (id_keranjang, sku, kuantitas) VALUES (38, 'SKU000064', 1);
INSERT IGNORE INTO BarangKeranjang (id_keranjang, sku, kuantitas) VALUES (38, 'SKU000071', 2);
INSERT IGNORE INTO BarangKeranjang (id_keranjang, sku, kuantitas) VALUES (39, 'SKU000204', 2);
INSERT IGNORE INTO BarangKeranjang (id_keranjang, sku, kuantitas) VALUES (40, 'SKU000003', 1);
INSERT IGNORE INTO BarangKeranjang (id_keranjang, sku, kuantitas) VALUES (40, 'SKU000024', 1);
INSERT IGNORE INTO BarangKeranjang (id_keranjang, sku, kuantitas) VALUES (41, 'SKU000151', 1);
INSERT IGNORE INTO BarangKeranjang (id_keranjang, sku, kuantitas) VALUES (41, 'SKU000029', 1);
INSERT IGNORE INTO BarangKeranjang (id_keranjang, sku, kuantitas) VALUES (41, 'SKU000016', 3);
INSERT IGNORE INTO BarangKeranjang (id_keranjang, sku, kuantitas) VALUES (41, 'SKU000155', 3);
INSERT IGNORE INTO BarangKeranjang (id_keranjang, sku, kuantitas) VALUES (42, 'SKU000119', 2);
INSERT IGNORE INTO BarangKeranjang (id_keranjang, sku, kuantitas) VALUES (44, 'SKU000184', 1);
INSERT IGNORE INTO BarangKeranjang (id_keranjang, sku, kuantitas) VALUES (44, 'SKU000042', 3);
INSERT IGNORE INTO BarangKeranjang (id_keranjang, sku, kuantitas) VALUES (44, 'SKU000138', 2);
INSERT IGNORE INTO BarangKeranjang (id_keranjang, sku, kuantitas) VALUES (45, 'SKU000203', 1);
INSERT IGNORE INTO BarangKeranjang (id_keranjang, sku, kuantitas) VALUES (45, 'SKU000197', 3);
INSERT IGNORE INTO BarangKeranjang (id_keranjang, sku, kuantitas) VALUES (47, 'SKU000026', 2);
INSERT IGNORE INTO BarangKeranjang (id_keranjang, sku, kuantitas) VALUES (47, 'SKU000083', 1);
INSERT IGNORE INTO BarangKeranjang (id_keranjang, sku, kuantitas) VALUES (47, 'SKU000025', 2);
INSERT IGNORE INTO BarangKeranjang (id_keranjang, sku, kuantitas) VALUES (47, 'SKU000039', 3);
INSERT IGNORE INTO BarangKeranjang (id_keranjang, sku, kuantitas) VALUES (47, 'SKU000178', 3);
INSERT IGNORE INTO BarangKeranjang (id_keranjang, sku, kuantitas) VALUES (48, 'SKU000029', 3);
INSERT IGNORE INTO BarangKeranjang (id_keranjang, sku, kuantitas) VALUES (48, 'SKU000019', 3);
INSERT IGNORE INTO BarangKeranjang (id_keranjang, sku, kuantitas) VALUES (51, 'SKU000067', 3);
INSERT IGNORE INTO BarangKeranjang (id_keranjang, sku, kuantitas) VALUES (51, 'SKU000057', 1);
INSERT IGNORE INTO BarangKeranjang (id_keranjang, sku, kuantitas) VALUES (52, 'SKU000169', 2);
INSERT IGNORE INTO BarangKeranjang (id_keranjang, sku, kuantitas) VALUES (52, 'SKU000049', 3);
INSERT IGNORE INTO BarangKeranjang (id_keranjang, sku, kuantitas) VALUES (52, 'SKU000081', 1);
INSERT IGNORE INTO BarangKeranjang (id_keranjang, sku, kuantitas) VALUES (52, 'SKU000199', 3);
INSERT IGNORE INTO BarangKeranjang (id_keranjang, sku, kuantitas) VALUES (53, 'SKU000013', 1);
INSERT IGNORE INTO BarangKeranjang (id_keranjang, sku, kuantitas) VALUES (53, 'SKU000154', 3);
INSERT IGNORE INTO BarangKeranjang (id_keranjang, sku, kuantitas) VALUES (54, 'SKU000090', 2);
INSERT IGNORE INTO BarangKeranjang (id_keranjang, sku, kuantitas) VALUES (55, 'SKU000118', 2);
INSERT IGNORE INTO BarangKeranjang (id_keranjang, sku, kuantitas) VALUES (55, 'SKU000025', 3);
INSERT IGNORE INTO BarangKeranjang (id_keranjang, sku, kuantitas) VALUES (55, 'SKU000019', 1);
INSERT IGNORE INTO BarangKeranjang (id_keranjang, sku, kuantitas) VALUES (56, 'SKU000072', 2);
INSERT IGNORE INTO BarangKeranjang (id_keranjang, sku, kuantitas) VALUES (56, 'SKU000052', 1);
INSERT IGNORE INTO BarangKeranjang (id_keranjang, sku, kuantitas) VALUES (56, 'SKU000155', 3);
INSERT IGNORE INTO BarangKeranjang (id_keranjang, sku, kuantitas) VALUES (56, 'SKU000043', 1);
INSERT IGNORE INTO BarangKeranjang (id_keranjang, sku, kuantitas) VALUES (57, 'SKU000152', 1);
INSERT IGNORE INTO BarangKeranjang (id_keranjang, sku, kuantitas) VALUES (57, 'SKU000135', 2);
INSERT IGNORE INTO BarangKeranjang (id_keranjang, sku, kuantitas) VALUES (57, 'SKU000085', 1);
INSERT IGNORE INTO BarangKeranjang (id_keranjang, sku, kuantitas) VALUES (58, 'SKU000063', 1);
INSERT IGNORE INTO BarangKeranjang (id_keranjang, sku, kuantitas) VALUES (58, 'SKU000072', 3);
INSERT IGNORE INTO BarangKeranjang (id_keranjang, sku, kuantitas) VALUES (58, 'SKU000094', 2);
INSERT IGNORE INTO BarangKeranjang (id_keranjang, sku, kuantitas) VALUES (58, 'SKU000009', 2);
INSERT IGNORE INTO BarangKeranjang (id_keranjang, sku, kuantitas) VALUES (58, 'SKU000070', 3);
INSERT IGNORE INTO BarangKeranjang (id_keranjang, sku, kuantitas) VALUES (59, 'SKU000144', 3);
INSERT IGNORE INTO BarangKeranjang (id_keranjang, sku, kuantitas) VALUES (59, 'SKU000013', 2);
INSERT IGNORE INTO BarangKeranjang (id_keranjang, sku, kuantitas) VALUES (60, 'SKU000136', 2);
INSERT IGNORE INTO BarangKeranjang (id_keranjang, sku, kuantitas) VALUES (60, 'SKU000028', 3);
INSERT IGNORE INTO BarangKeranjang (id_keranjang, sku, kuantitas) VALUES (60, 'SKU000004', 1);
INSERT IGNORE INTO BarangKeranjang (id_keranjang, sku, kuantitas) VALUES (60, 'SKU000057', 1);

-- Pesanan
INSERT IGNORE INTO Pesanan (id_pesanan, id_pembeli, metode_pembayaran, metode_pengiriman, catatan, status_pesanan, waktu_pemesanan) VALUES (1, 49, 'Dana', 'JNE Trucking', 'Tempore suscipit alias facilis sequi fugiat harum omnis quasi non.', 'Diproses', '2024-12-17 11:47:03');
INSERT IGNORE INTO Pesanan (id_pesanan, id_pembeli, metode_pembayaran, metode_pengiriman, catatan, status_pesanan, waktu_pemesanan) VALUES (2, 6, 'Kartu Kredit Visa', 'JNE YES', NULL, 'Dikirim', '2024-12-07 09:36:03');
INSERT IGNORE INTO Pesanan (id_pesanan, id_pembeli, metode_pembayaran, metode_pengiriman, catatan, status_pesanan, waktu_pemesanan) VALUES (3, 46, 'Transfer Bank BCA', 'POS Indonesia', NULL, 'Pending', '2025-04-12 21:48:03');
INSERT IGNORE INTO Pesanan (id_pesanan, id_pembeli, metode_pembayaran, metode_pengiriman, catatan, status_pesanan, waktu_pemesanan) VALUES (4, 24, 'Dana', 'Anteraja Regular', 'Adipisci nulla sit voluptatum quam eum reprehenderit.', 'Selesai', '2025-03-06 02:57:03');
INSERT IGNORE INTO Pesanan (id_pesanan, id_pembeli, metode_pembayaran, metode_pengiriman, catatan, status_pesanan, waktu_pemesanan) VALUES (5, 59, 'GoPay', 'POS Indonesia', NULL, 'Pengembalian Dana', '2025-01-23 19:10:03');
INSERT IGNORE INTO Pesanan (id_pesanan, id_pembeli, metode_pembayaran, metode_pengiriman, catatan, status_pesanan, waktu_pemesanan) VALUES (6, 22, 'ShopeePay', 'Anteraja Regular', NULL, 'Dikirim', '2025-02-23 13:36:03');
INSERT IGNORE INTO Pesanan (id_pesanan, id_pembeli, metode_pembayaran, metode_pengiriman, catatan, status_pesanan, waktu_pemesanan) VALUES (7, 12, 'Virtual Account BNI', 'JNE Trucking', 'Consectetur consectetur quaerat eius tempore eos voluptatibus quis autem.', 'Selesai', '2025-03-14 17:04:03');
INSERT IGNORE INTO Pesanan (id_pesanan, id_pembeli, metode_pembayaran, metode_pengiriman, catatan, status_pesanan, waktu_pemesanan) VALUES (8, 42, 'COD', 'Sicepat HALU', NULL, 'Diproses', '2025-03-17 18:52:03');
INSERT IGNORE INTO Pesanan (id_pesanan, id_pembeli, metode_pembayaran, metode_pengiriman, catatan, status_pesanan, waktu_pemesanan) VALUES (9, 14, 'COD', 'J&T Express', NULL, 'Dikirim', '2025-05-03 04:16:03');
INSERT IGNORE INTO Pesanan (id_pesanan, id_pembeli, metode_pembayaran, metode_pengiriman, catatan, status_pesanan, waktu_pemesanan) VALUES (10, 28, 'Kartu Kredit Visa', 'Anteraja Regular', NULL, 'Dikirim', '2024-11-21 10:38:03');
INSERT IGNORE INTO Pesanan (id_pesanan, id_pembeli, metode_pembayaran, metode_pengiriman, catatan, status_pesanan, waktu_pemesanan) VALUES (11, 45, 'Transfer Bank BCA', 'Ninja Xpress', NULL, 'Selesai', '2025-01-21 16:43:03');
INSERT IGNORE INTO Pesanan (id_pesanan, id_pembeli, metode_pembayaran, metode_pengiriman, catatan, status_pesanan, waktu_pemesanan) VALUES (12, 13, 'Alfamart', 'Ninja Xpress', 'Eos deleniti cupiditate voluptates unde id ex tempora repellendus voluptatum nihil.', 'Pending', '2025-04-12 12:43:03');
INSERT IGNORE INTO Pesanan (id_pesanan, id_pembeli, metode_pembayaran, metode_pengiriman, catatan, status_pesanan, waktu_pemesanan) VALUES (13, 42, 'COD', 'Anteraja Regular', 'Accusamus maxime neque odit voluptas modi labore nostrum assumenda facere minus.', 'Pengembalian Dana', '2024-12-12 20:15:03');
INSERT IGNORE INTO Pesanan (id_pesanan, id_pembeli, metode_pembayaran, metode_pengiriman, catatan, status_pesanan, waktu_pemesanan) VALUES (14, 56, 'Transfer Bank BCA', 'JNE YES', NULL, 'Menunggu Pembayaran', '2024-12-07 12:43:03');
INSERT IGNORE INTO Pesanan (id_pesanan, id_pembeli, metode_pembayaran, metode_pengiriman, catatan, status_pesanan, waktu_pemesanan) VALUES (15, 45, 'COD', 'Sicepat BEST', NULL, 'Pengembalian Dana', '2025-01-06 22:06:03');
INSERT IGNORE INTO Pesanan (id_pesanan, id_pembeli, metode_pembayaran, metode_pengiriman, catatan, status_pesanan, waktu_pemesanan) VALUES (16, 22, 'ShopeePay', 'Sicepat Gokil', 'Amet eius eos deserunt eius inventore quos temporibus.', 'Dikirim', '2024-12-25 14:25:03');
INSERT IGNORE INTO Pesanan (id_pesanan, id_pembeli, metode_pembayaran, metode_pengiriman, catatan, status_pesanan, waktu_pemesanan) VALUES (17, 55, 'Indomaret', 'JNE REG', NULL, 'Pengembalian Dana', '2025-05-05 21:39:03');
INSERT IGNORE INTO Pesanan (id_pesanan, id_pembeli, metode_pembayaran, metode_pengiriman, catatan, status_pesanan, waktu_pemesanan) VALUES (18, 58, 'COD', 'Sicepat BEST', NULL, 'Dikirim', '2024-12-12 21:31:03');
INSERT IGNORE INTO Pesanan (id_pesanan, id_pembeli, metode_pembayaran, metode_pengiriman, catatan, status_pesanan, waktu_pemesanan) VALUES (19, 23, 'Alfamart', 'J&T Express', NULL, 'Dibatalkan', '2025-01-20 01:09:03');
INSERT IGNORE INTO Pesanan (id_pesanan, id_pembeli, metode_pembayaran, metode_pengiriman, catatan, status_pesanan, waktu_pemesanan) VALUES (20, 50, 'Virtual Account BNI', 'Sicepat Gokil', NULL, 'Pengembalian Dana', '2024-12-09 11:33:03');
INSERT IGNORE INTO Pesanan (id_pesanan, id_pembeli, metode_pembayaran, metode_pengiriman, catatan, status_pesanan, waktu_pemesanan) VALUES (21, 34, 'Transfer Bank Mandiri', 'Anteraja Regular', NULL, 'Dibatalkan', '2025-01-10 15:53:03');
INSERT IGNORE INTO Pesanan (id_pesanan, id_pembeli, metode_pembayaran, metode_pengiriman, catatan, status_pesanan, waktu_pemesanan) VALUES (22, 24, 'Kartu Kredit Visa', 'Sicepat HALU', NULL, 'Dibatalkan', '2025-03-16 23:03:03');
INSERT IGNORE INTO Pesanan (id_pesanan, id_pembeli, metode_pembayaran, metode_pengiriman, catatan, status_pesanan, waktu_pemesanan) VALUES (23, 26, 'Kartu Kredit Visa', 'JNE Trucking', NULL, 'Dibatalkan', '2025-04-05 08:42:03');
INSERT IGNORE INTO Pesanan (id_pesanan, id_pembeli, metode_pembayaran, metode_pengiriman, catatan, status_pesanan, waktu_pemesanan) VALUES (24, 37, 'GoPay', 'Grab SameDay', NULL, 'Pending', '2024-12-02 19:44:03');
INSERT IGNORE INTO Pesanan (id_pesanan, id_pembeli, metode_pembayaran, metode_pengiriman, catatan, status_pesanan, waktu_pemesanan) VALUES (25, 17, 'Kartu Kredit Mastercard', 'Sicepat Gokil', NULL, 'Dikirim', '2025-02-24 10:25:03');
INSERT IGNORE INTO Pesanan (id_pesanan, id_pembeli, metode_pembayaran, metode_pengiriman, catatan, status_pesanan, waktu_pemesanan) VALUES (26, 55, 'Alfamart', 'Ninja Xpress', NULL, 'Selesai', '2025-01-13 01:40:03');
INSERT IGNORE INTO Pesanan (id_pesanan, id_pembeli, metode_pembayaran, metode_pengiriman, catatan, status_pesanan, waktu_pemesanan) VALUES (27, 41, 'ShopeePay', 'Gojek Instant', NULL, 'Diproses', '2024-11-19 04:10:03');
INSERT IGNORE INTO Pesanan (id_pesanan, id_pembeli, metode_pembayaran, metode_pengiriman, catatan, status_pesanan, waktu_pemesanan) VALUES (28, 14, 'OVO', 'Grab SameDay', 'Similique corporis blanditiis dolorem itaque repellat natus aspernatur nisi.', 'Pending', '2024-12-19 08:23:03');
INSERT IGNORE INTO Pesanan (id_pesanan, id_pembeli, metode_pembayaran, metode_pengiriman, catatan, status_pesanan, waktu_pemesanan) VALUES (29, 7, 'Alfamart', 'Anteraja Regular', 'Hic quasi laborum ipsam nemo.', 'Dibatalkan', '2025-01-31 19:56:03');
INSERT IGNORE INTO Pesanan (id_pesanan, id_pembeli, metode_pembayaran, metode_pengiriman, catatan, status_pesanan, waktu_pemesanan) VALUES (30, 29, 'Kartu Kredit Visa', 'Anteraja Regular', NULL, 'Dibatalkan', '2025-04-28 01:32:03');
INSERT IGNORE INTO Pesanan (id_pesanan, id_pembeli, metode_pembayaran, metode_pengiriman, catatan, status_pesanan, waktu_pemesanan) VALUES (31, 13, 'Indomaret', 'JNE Trucking', 'Earum aliquid tempore et aliquid tempore ipsum mollitia ipsum ducimus debitis accusantium similique facilis.', 'Dibatalkan', '2025-04-10 23:16:03');
INSERT IGNORE INTO Pesanan (id_pesanan, id_pembeli, metode_pembayaran, metode_pengiriman, catatan, status_pesanan, waktu_pemesanan) VALUES (32, 12, 'COD', 'Anteraja Regular', NULL, 'Pengembalian Dana', '2025-05-02 01:11:03');
INSERT IGNORE INTO Pesanan (id_pesanan, id_pembeli, metode_pembayaran, metode_pengiriman, catatan, status_pesanan, waktu_pemesanan) VALUES (33, 58, 'Transfer Bank Mandiri', 'J&T Express', 'Consequuntur sunt occaecati ipsam animi incidunt.', 'Pending', '2025-02-17 09:29:03');
INSERT IGNORE INTO Pesanan (id_pesanan, id_pembeli, metode_pembayaran, metode_pengiriman, catatan, status_pesanan, waktu_pemesanan) VALUES (34, 26, 'ShopeePay', 'JNE REG', NULL, 'Diproses', '2025-04-23 05:07:03');
INSERT IGNORE INTO Pesanan (id_pesanan, id_pembeli, metode_pembayaran, metode_pengiriman, catatan, status_pesanan, waktu_pemesanan) VALUES (35, 1, 'OVO', 'Ninja Xpress', NULL, 'Menunggu Pembayaran', '2025-05-01 00:23:03');
INSERT IGNORE INTO Pesanan (id_pesanan, id_pembeli, metode_pembayaran, metode_pengiriman, catatan, status_pesanan, waktu_pemesanan) VALUES (36, 7, 'Transfer Bank BCA', 'Gojek Instant', 'Cumque ipsa molestias aut quibusdam modi a sapiente nisi provident.', 'Dibatalkan', '2025-01-22 13:53:03');
INSERT IGNORE INTO Pesanan (id_pesanan, id_pembeli, metode_pembayaran, metode_pengiriman, catatan, status_pesanan, waktu_pemesanan) VALUES (37, 9, 'Kartu Kredit Visa', 'J&T Express', 'Illo error possimus nam libero exercitationem eligendi commodi distinctio debitis pariatur soluta et labore corrupti itaque.', 'Pending', '2025-01-03 08:03:03');
INSERT IGNORE INTO Pesanan (id_pesanan, id_pembeli, metode_pembayaran, metode_pengiriman, catatan, status_pesanan, waktu_pemesanan) VALUES (38, 40, 'Transfer Bank BCA', 'POS Indonesia', 'Veritatis molestias reprehenderit ex alias alias placeat cumque.', 'Dikirim', '2024-12-09 16:43:03');
INSERT IGNORE INTO Pesanan (id_pesanan, id_pembeli, metode_pembayaran, metode_pengiriman, catatan, status_pesanan, waktu_pemesanan) VALUES (39, 3, 'Transfer Bank BCA', 'JNE Trucking', NULL, 'Dikirim', '2025-03-12 17:55:03');
INSERT IGNORE INTO Pesanan (id_pesanan, id_pembeli, metode_pembayaran, metode_pengiriman, catatan, status_pesanan, waktu_pemesanan) VALUES (40, 1, 'Kartu Kredit Mastercard', 'Sicepat HALU', NULL, 'Selesai', '2024-11-18 02:41:03');
INSERT IGNORE INTO Pesanan (id_pesanan, id_pembeli, metode_pembayaran, metode_pengiriman, catatan, status_pesanan, waktu_pemesanan) VALUES (41, 4, 'OVO', 'Grab SameDay', NULL, 'Pengembalian Dana', '2025-01-27 01:56:03');
INSERT IGNORE INTO Pesanan (id_pesanan, id_pembeli, metode_pembayaran, metode_pengiriman, catatan, status_pesanan, waktu_pemesanan) VALUES (42, 21, 'Alfamart', 'JNE Trucking', NULL, 'Diproses', '2025-01-11 15:25:03');
INSERT IGNORE INTO Pesanan (id_pesanan, id_pembeli, metode_pembayaran, metode_pengiriman, catatan, status_pesanan, waktu_pemesanan) VALUES (43, 10, 'Transfer Bank Mandiri', 'JNE Trucking', 'Beatae eum sapiente voluptates blanditiis eum.', 'Dikirim', '2025-04-12 02:05:03');
INSERT IGNORE INTO Pesanan (id_pesanan, id_pembeli, metode_pembayaran, metode_pengiriman, catatan, status_pesanan, waktu_pemesanan) VALUES (44, 33, 'Indomaret', 'POS Indonesia', NULL, 'Dikirim', '2024-12-16 13:58:03');
INSERT IGNORE INTO Pesanan (id_pesanan, id_pembeli, metode_pembayaran, metode_pengiriman, catatan, status_pesanan, waktu_pemesanan) VALUES (45, 31, 'Dana', 'JNE YES', NULL, 'Selesai', '2025-02-26 21:39:03');
INSERT IGNORE INTO Pesanan (id_pesanan, id_pembeli, metode_pembayaran, metode_pengiriman, catatan, status_pesanan, waktu_pemesanan) VALUES (46, 48, 'Alfamart', 'JNE REG', 'Blanditiis quaerat nam velit esse rem.', 'Dikirim', '2025-04-30 18:05:03');
INSERT IGNORE INTO Pesanan (id_pesanan, id_pembeli, metode_pembayaran, metode_pengiriman, catatan, status_pesanan, waktu_pemesanan) VALUES (47, 15, 'ShopeePay', 'Sicepat BEST', NULL, 'Dibatalkan', '2025-03-15 17:35:03');
INSERT IGNORE INTO Pesanan (id_pesanan, id_pembeli, metode_pembayaran, metode_pengiriman, catatan, status_pesanan, waktu_pemesanan) VALUES (48, 31, 'OVO', 'Ninja Xpress', 'Tenetur praesentium odit error illo minus consectetur rem atque accusamus.', 'Diproses', '2025-01-13 13:52:03');
INSERT IGNORE INTO Pesanan (id_pesanan, id_pembeli, metode_pembayaran, metode_pengiriman, catatan, status_pesanan, waktu_pemesanan) VALUES (49, 34, 'Kartu Kredit Visa', 'JNE YES', 'Consequatur vero provident dolore optio inventore doloribus nesciunt consequatur at nesciunt odio.', 'Selesai', '2025-04-28 02:36:03');
INSERT IGNORE INTO Pesanan (id_pesanan, id_pembeli, metode_pembayaran, metode_pengiriman, catatan, status_pesanan, waktu_pemesanan) VALUES (50, 60, 'GoPay', 'Sicepat BEST', NULL, 'Selesai', '2025-05-14 07:53:03');
INSERT IGNORE INTO Pesanan (id_pesanan, id_pembeli, metode_pembayaran, metode_pengiriman, catatan, status_pesanan, waktu_pemesanan) VALUES (51, 1, 'Indomaret', 'JNE REG', 'Labore odit odio accusantium doloremque hic a vitae.', 'Pengembalian Dana', '2025-03-07 02:41:03');
INSERT IGNORE INTO Pesanan (id_pesanan, id_pembeli, metode_pembayaran, metode_pengiriman, catatan, status_pesanan, waktu_pemesanan) VALUES (52, 56, 'ShopeePay', 'Gojek Instant', NULL, 'Menunggu Pembayaran', '2025-02-16 22:16:03');
INSERT IGNORE INTO Pesanan (id_pesanan, id_pembeli, metode_pembayaran, metode_pengiriman, catatan, status_pesanan, waktu_pemesanan) VALUES (53, 50, 'Kartu Kredit Mastercard', 'Gojek Instant', NULL, 'Dikirim', '2024-12-08 18:48:03');
INSERT IGNORE INTO Pesanan (id_pesanan, id_pembeli, metode_pembayaran, metode_pengiriman, catatan, status_pesanan, waktu_pemesanan) VALUES (54, 14, 'Transfer Bank BCA', 'Anteraja Regular', 'Et voluptatum impedit necessitatibus fuga at odit deleniti facere cupiditate.', 'Pengembalian Dana', '2025-02-24 14:47:03');
INSERT IGNORE INTO Pesanan (id_pesanan, id_pembeli, metode_pembayaran, metode_pengiriman, catatan, status_pesanan, waktu_pemesanan) VALUES (55, 10, 'COD', 'J&T Express', 'Modi provident totam molestiae libero harum at cum in inventore.', 'Diproses', '2024-11-17 09:22:03');
INSERT IGNORE INTO Pesanan (id_pesanan, id_pembeli, metode_pembayaran, metode_pengiriman, catatan, status_pesanan, waktu_pemesanan) VALUES (56, 53, 'COD', 'Sicepat Gokil', NULL, 'Pending', '2024-11-17 19:46:03');
INSERT IGNORE INTO Pesanan (id_pesanan, id_pembeli, metode_pembayaran, metode_pengiriman, catatan, status_pesanan, waktu_pemesanan) VALUES (57, 15, 'Transfer Bank BCA', 'J&T Express', NULL, 'Dibatalkan', '2025-03-01 23:30:03');
INSERT IGNORE INTO Pesanan (id_pesanan, id_pembeli, metode_pembayaran, metode_pengiriman, catatan, status_pesanan, waktu_pemesanan) VALUES (58, 31, 'Virtual Account BNI', 'J&T Express', 'Voluptate nostrum doloribus magnam.', 'Dikirim', '2025-05-15 03:07:03');
INSERT IGNORE INTO Pesanan (id_pesanan, id_pembeli, metode_pembayaran, metode_pengiriman, catatan, status_pesanan, waktu_pemesanan) VALUES (59, 29, 'Virtual Account BNI', 'Sicepat HALU', NULL, 'Selesai', '2025-03-09 00:01:03');
INSERT IGNORE INTO Pesanan (id_pesanan, id_pembeli, metode_pembayaran, metode_pengiriman, catatan, status_pesanan, waktu_pemesanan) VALUES (60, 51, 'GoPay', 'JNE REG', 'Consequuntur laboriosam nostrum facere.', 'Pending', '2025-05-15 14:21:03');
INSERT IGNORE INTO Pesanan (id_pesanan, id_pembeli, metode_pembayaran, metode_pengiriman, catatan, status_pesanan, waktu_pemesanan) VALUES (61, 8, 'Kartu Kredit Mastercard', 'JNE Trucking', NULL, 'Diproses', '2025-01-15 21:08:03');
INSERT IGNORE INTO Pesanan (id_pesanan, id_pembeli, metode_pembayaran, metode_pengiriman, catatan, status_pesanan, waktu_pemesanan) VALUES (62, 18, 'GoPay', 'Sicepat Gokil', NULL, 'Pengembalian Dana', '2025-01-11 15:26:03');
INSERT IGNORE INTO Pesanan (id_pesanan, id_pembeli, metode_pembayaran, metode_pengiriman, catatan, status_pesanan, waktu_pemesanan) VALUES (63, 22, 'OVO', 'Sicepat Gokil', 'Rem commodi odio sequi totam est distinctio dolorem quas laudantium voluptatem iusto nulla ipsum ab.', 'Selesai', '2025-01-29 22:12:03');
INSERT IGNORE INTO Pesanan (id_pesanan, id_pembeli, metode_pembayaran, metode_pengiriman, catatan, status_pesanan, waktu_pemesanan) VALUES (64, 37, 'GoPay', 'JNE YES', 'Ipsa asperiores autem animi incidunt labore veniam corrupti consectetur.', 'Selesai', '2025-04-05 18:09:03');
INSERT IGNORE INTO Pesanan (id_pesanan, id_pembeli, metode_pembayaran, metode_pengiriman, catatan, status_pesanan, waktu_pemesanan) VALUES (65, 47, 'COD', 'J&T Express', NULL, 'Selesai', '2025-04-01 23:17:03');
INSERT IGNORE INTO Pesanan (id_pesanan, id_pembeli, metode_pembayaran, metode_pengiriman, catatan, status_pesanan, waktu_pemesanan) VALUES (66, 20, 'Indomaret', 'Grab SameDay', NULL, 'Pengembalian Dana', '2025-05-15 18:19:03');
INSERT IGNORE INTO Pesanan (id_pesanan, id_pembeli, metode_pembayaran, metode_pengiriman, catatan, status_pesanan, waktu_pemesanan) VALUES (67, 37, 'Dana', 'Sicepat BEST', NULL, 'Diproses', '2024-12-16 11:31:03');
INSERT IGNORE INTO Pesanan (id_pesanan, id_pembeli, metode_pembayaran, metode_pengiriman, catatan, status_pesanan, waktu_pemesanan) VALUES (68, 45, 'Indomaret', 'Sicepat HALU', NULL, 'Diproses', '2025-05-11 02:03:03');
INSERT IGNORE INTO Pesanan (id_pesanan, id_pembeli, metode_pembayaran, metode_pengiriman, catatan, status_pesanan, waktu_pemesanan) VALUES (69, 38, 'Dana', 'Sicepat HALU', NULL, 'Diproses', '2025-04-22 23:59:03');
INSERT IGNORE INTO Pesanan (id_pesanan, id_pembeli, metode_pembayaran, metode_pengiriman, catatan, status_pesanan, waktu_pemesanan) VALUES (70, 46, 'ShopeePay', 'Ninja Xpress', 'Similique dolores dolorum quasi delectus eum.', 'Menunggu Pembayaran', '2025-02-21 17:08:03');
INSERT IGNORE INTO Pesanan (id_pesanan, id_pembeli, metode_pembayaran, metode_pengiriman, catatan, status_pesanan, waktu_pemesanan) VALUES (71, 9, 'Virtual Account BNI', 'POS Indonesia', NULL, 'Pending', '2025-04-03 06:46:03');
INSERT IGNORE INTO Pesanan (id_pesanan, id_pembeli, metode_pembayaran, metode_pengiriman, catatan, status_pesanan, waktu_pemesanan) VALUES (72, 37, 'Kartu Kredit Visa', 'Sicepat BEST', NULL, 'Selesai', '2025-02-13 02:15:03');
INSERT IGNORE INTO Pesanan (id_pesanan, id_pembeli, metode_pembayaran, metode_pengiriman, catatan, status_pesanan, waktu_pemesanan) VALUES (73, 35, 'Transfer Bank Mandiri', 'Grab SameDay', NULL, 'Selesai', '2025-03-04 05:09:03');
INSERT IGNORE INTO Pesanan (id_pesanan, id_pembeli, metode_pembayaran, metode_pengiriman, catatan, status_pesanan, waktu_pemesanan) VALUES (74, 10, 'Kartu Kredit Visa', 'JNE REG', 'Repellendus occaecati nisi quos minus harum.', 'Pengembalian Dana', '2025-04-15 08:37:03');
INSERT IGNORE INTO Pesanan (id_pesanan, id_pembeli, metode_pembayaran, metode_pengiriman, catatan, status_pesanan, waktu_pemesanan) VALUES (75, 27, 'Kartu Kredit Mastercard', 'Sicepat BEST', NULL, 'Dikirim', '2025-04-19 23:41:03');
INSERT IGNORE INTO Pesanan (id_pesanan, id_pembeli, metode_pembayaran, metode_pengiriman, catatan, status_pesanan, waktu_pemesanan) VALUES (76, 7, 'GoPay', 'Ninja Xpress', NULL, 'Selesai', '2025-01-13 16:03:03');
INSERT IGNORE INTO Pesanan (id_pesanan, id_pembeli, metode_pembayaran, metode_pengiriman, catatan, status_pesanan, waktu_pemesanan) VALUES (77, 47, 'Transfer Bank Mandiri', 'Gojek Instant', 'Tenetur minus debitis est at.', 'Menunggu Pembayaran', '2025-01-22 20:43:03');
INSERT IGNORE INTO Pesanan (id_pesanan, id_pembeli, metode_pembayaran, metode_pengiriman, catatan, status_pesanan, waktu_pemesanan) VALUES (78, 13, 'Kartu Kredit Mastercard', 'Grab SameDay', NULL, 'Selesai', '2025-04-28 23:59:03');
INSERT IGNORE INTO Pesanan (id_pesanan, id_pembeli, metode_pembayaran, metode_pengiriman, catatan, status_pesanan, waktu_pemesanan) VALUES (79, 41, 'Kartu Kredit Visa', 'J&T Express', NULL, 'Dikirim', '2024-12-28 03:26:03');
INSERT IGNORE INTO Pesanan (id_pesanan, id_pembeli, metode_pembayaran, metode_pengiriman, catatan, status_pesanan, waktu_pemesanan) VALUES (80, 36, 'Dana', 'POS Indonesia', NULL, 'Dikirim', '2025-05-01 11:20:03');
INSERT IGNORE INTO Pesanan (id_pesanan, id_pembeli, metode_pembayaran, metode_pengiriman, catatan, status_pesanan, waktu_pemesanan) VALUES (81, 28, 'Dana', 'Sicepat BEST', 'Odio error est eum magnam quo voluptatibus suscipit expedita eaque nobis placeat.', 'Pending', '2024-12-20 18:27:03');
INSERT IGNORE INTO Pesanan (id_pesanan, id_pembeli, metode_pembayaran, metode_pengiriman, catatan, status_pesanan, waktu_pemesanan) VALUES (82, 33, 'ShopeePay', 'Sicepat HALU', NULL, 'Dibatalkan', '2024-12-04 05:34:03');
INSERT IGNORE INTO Pesanan (id_pesanan, id_pembeli, metode_pembayaran, metode_pengiriman, catatan, status_pesanan, waktu_pemesanan) VALUES (83, 4, 'Transfer Bank Mandiri', 'Grab SameDay', NULL, 'Pengembalian Dana', '2025-04-20 17:39:03');
INSERT IGNORE INTO Pesanan (id_pesanan, id_pembeli, metode_pembayaran, metode_pengiriman, catatan, status_pesanan, waktu_pemesanan) VALUES (84, 20, 'Kartu Kredit Visa', 'JNE REG', NULL, 'Selesai', '2025-05-12 17:49:03');
INSERT IGNORE INTO Pesanan (id_pesanan, id_pembeli, metode_pembayaran, metode_pengiriman, catatan, status_pesanan, waktu_pemesanan) VALUES (85, 45, 'Alfamart', 'JNE Trucking', NULL, 'Pengembalian Dana', '2025-01-27 19:09:03');
INSERT IGNORE INTO Pesanan (id_pesanan, id_pembeli, metode_pembayaran, metode_pengiriman, catatan, status_pesanan, waktu_pemesanan) VALUES (86, 58, 'Dana', 'JNE YES', NULL, 'Diproses', '2024-12-08 21:42:03');
INSERT IGNORE INTO Pesanan (id_pesanan, id_pembeli, metode_pembayaran, metode_pengiriman, catatan, status_pesanan, waktu_pemesanan) VALUES (87, 21, 'Transfer Bank BCA', 'Sicepat HALU', 'Vero beatae ullam explicabo nesciunt vel molestias laborum beatae quasi molestias ratione voluptate laborum praesentium quis molestiae impedit.', 'Menunggu Pembayaran', '2025-03-30 23:58:03');
INSERT IGNORE INTO Pesanan (id_pesanan, id_pembeli, metode_pembayaran, metode_pengiriman, catatan, status_pesanan, waktu_pemesanan) VALUES (88, 58, 'Dana', 'Sicepat Gokil', NULL, 'Pending', '2025-04-09 17:16:03');
INSERT IGNORE INTO Pesanan (id_pesanan, id_pembeli, metode_pembayaran, metode_pengiriman, catatan, status_pesanan, waktu_pemesanan) VALUES (89, 3, 'ShopeePay', 'POS Indonesia', NULL, 'Diproses', '2024-11-30 05:09:03');
INSERT IGNORE INTO Pesanan (id_pesanan, id_pembeli, metode_pembayaran, metode_pengiriman, catatan, status_pesanan, waktu_pemesanan) VALUES (90, 13, 'Kartu Kredit Mastercard', 'Gojek Instant', NULL, 'Menunggu Pembayaran', '2025-04-16 06:53:03');
INSERT IGNORE INTO Pesanan (id_pesanan, id_pembeli, metode_pembayaran, metode_pengiriman, catatan, status_pesanan, waktu_pemesanan) VALUES (91, 23, 'Alfamart', 'JNE REG', NULL, 'Diproses', '2025-03-01 07:35:03');
INSERT IGNORE INTO Pesanan (id_pesanan, id_pembeli, metode_pembayaran, metode_pengiriman, catatan, status_pesanan, waktu_pemesanan) VALUES (92, 29, 'Transfer Bank BCA', 'J&T Express', 'Esse perspiciatis quasi facilis quae ipsum omnis exercitationem.', 'Menunggu Pembayaran', '2025-01-09 11:20:03');
INSERT IGNORE INTO Pesanan (id_pesanan, id_pembeli, metode_pembayaran, metode_pengiriman, catatan, status_pesanan, waktu_pemesanan) VALUES (93, 28, 'Kartu Kredit Mastercard', 'POS Indonesia', NULL, 'Selesai', '2025-01-14 02:28:03');
INSERT IGNORE INTO Pesanan (id_pesanan, id_pembeli, metode_pembayaran, metode_pengiriman, catatan, status_pesanan, waktu_pemesanan) VALUES (94, 44, 'GoPay', 'POS Indonesia', 'Praesentium ratione ipsum libero sint minima pariatur.', 'Diproses', '2025-04-22 11:30:03');
INSERT IGNORE INTO Pesanan (id_pesanan, id_pembeli, metode_pembayaran, metode_pengiriman, catatan, status_pesanan, waktu_pemesanan) VALUES (95, 29, 'COD', 'POS Indonesia', NULL, 'Dibatalkan', '2025-03-24 14:11:03');
INSERT IGNORE INTO Pesanan (id_pesanan, id_pembeli, metode_pembayaran, metode_pengiriman, catatan, status_pesanan, waktu_pemesanan) VALUES (96, 37, 'Virtual Account BNI', 'JNE Trucking', NULL, 'Menunggu Pembayaran', '2025-02-07 20:52:03');
INSERT IGNORE INTO Pesanan (id_pesanan, id_pembeli, metode_pembayaran, metode_pengiriman, catatan, status_pesanan, waktu_pemesanan) VALUES (97, 49, 'Alfamart', 'JNE REG', 'Pariatur beatae aliquam vel earum blanditiis quas magnam.', 'Dikirim', '2025-02-09 21:00:03');
INSERT IGNORE INTO Pesanan (id_pesanan, id_pembeli, metode_pembayaran, metode_pengiriman, catatan, status_pesanan, waktu_pemesanan) VALUES (98, 9, 'COD', 'JNE Trucking', NULL, 'Dikirim', '2025-02-26 21:12:03');
INSERT IGNORE INTO Pesanan (id_pesanan, id_pembeli, metode_pembayaran, metode_pengiriman, catatan, status_pesanan, waktu_pemesanan) VALUES (99, 12, 'Virtual Account BNI', 'Anteraja Regular', 'Aliquam enim possimus sit.', 'Dibatalkan', '2024-12-30 21:29:03');
INSERT IGNORE INTO Pesanan (id_pesanan, id_pembeli, metode_pembayaran, metode_pengiriman, catatan, status_pesanan, waktu_pemesanan) VALUES (100, 9, 'Transfer Bank Mandiri', 'Anteraja Regular', 'Harum necessitatibus esse modi porro repellendus maiores doloribus impedit alias.', 'Dibatalkan', '2025-03-13 01:45:03');

-- BarangPesanan
INSERT IGNORE INTO BarangPesanan (id_pesanan, sku, kuantitas) VALUES (1, 'SKU000091', 1);
INSERT IGNORE INTO BarangPesanan (id_pesanan, sku, kuantitas) VALUES (2, 'SKU000075', 2);
INSERT IGNORE INTO BarangPesanan (id_pesanan, sku, kuantitas) VALUES (2, 'SKU000191', 1);
INSERT IGNORE INTO BarangPesanan (id_pesanan, sku, kuantitas) VALUES (2, 'SKU000052', 2);
INSERT IGNORE INTO BarangPesanan (id_pesanan, sku, kuantitas) VALUES (3, 'SKU000201', 1);
INSERT IGNORE INTO BarangPesanan (id_pesanan, sku, kuantitas) VALUES (3, 'SKU000006', 1);
INSERT IGNORE INTO BarangPesanan (id_pesanan, sku, kuantitas) VALUES (3, 'SKU000199', 1);
INSERT IGNORE INTO BarangPesanan (id_pesanan, sku, kuantitas) VALUES (4, 'SKU000035', 1);
INSERT IGNORE INTO BarangPesanan (id_pesanan, sku, kuantitas) VALUES (4, 'SKU000166', 1);
INSERT IGNORE INTO BarangPesanan (id_pesanan, sku, kuantitas) VALUES (4, 'SKU000005', 2);
INSERT IGNORE INTO BarangPesanan (id_pesanan, sku, kuantitas) VALUES (4, 'SKU000142', 1);
INSERT IGNORE INTO BarangPesanan (id_pesanan, sku, kuantitas) VALUES (5, 'SKU000067', 1);
INSERT IGNORE INTO BarangPesanan (id_pesanan, sku, kuantitas) VALUES (5, 'SKU000168', 2);
INSERT IGNORE INTO BarangPesanan (id_pesanan, sku, kuantitas) VALUES (5, 'SKU000006', 2);
INSERT IGNORE INTO BarangPesanan (id_pesanan, sku, kuantitas) VALUES (5, 'SKU000118', 1);
INSERT IGNORE INTO BarangPesanan (id_pesanan, sku, kuantitas) VALUES (6, 'SKU000102', 2);
INSERT IGNORE INTO BarangPesanan (id_pesanan, sku, kuantitas) VALUES (6, 'SKU000009', 2);
INSERT IGNORE INTO BarangPesanan (id_pesanan, sku, kuantitas) VALUES (6, 'SKU000051', 2);
INSERT IGNORE INTO BarangPesanan (id_pesanan, sku, kuantitas) VALUES (6, 'SKU000031', 2);
INSERT IGNORE INTO BarangPesanan (id_pesanan, sku, kuantitas) VALUES (7, 'SKU000095', 2);
INSERT IGNORE INTO BarangPesanan (id_pesanan, sku, kuantitas) VALUES (7, 'SKU000033', 2);
INSERT IGNORE INTO BarangPesanan (id_pesanan, sku, kuantitas) VALUES (7, 'SKU000094', 1);
INSERT IGNORE INTO BarangPesanan (id_pesanan, sku, kuantitas) VALUES (7, 'SKU000204', 2);
INSERT IGNORE INTO BarangPesanan (id_pesanan, sku, kuantitas) VALUES (8, 'SKU000049', 1);
INSERT IGNORE INTO BarangPesanan (id_pesanan, sku, kuantitas) VALUES (8, 'SKU000119', 1);
INSERT IGNORE INTO BarangPesanan (id_pesanan, sku, kuantitas) VALUES (8, 'SKU000162', 2);
INSERT IGNORE INTO BarangPesanan (id_pesanan, sku, kuantitas) VALUES (9, 'SKU000018', 2);
INSERT IGNORE INTO BarangPesanan (id_pesanan, sku, kuantitas) VALUES (9, 'SKU000014', 2);
INSERT IGNORE INTO BarangPesanan (id_pesanan, sku, kuantitas) VALUES (9, 'SKU000070', 1);
INSERT IGNORE INTO BarangPesanan (id_pesanan, sku, kuantitas) VALUES (10, 'SKU000097', 2);
INSERT IGNORE INTO BarangPesanan (id_pesanan, sku, kuantitas) VALUES (11, 'SKU000160', 1);
INSERT IGNORE INTO BarangPesanan (id_pesanan, sku, kuantitas) VALUES (11, 'SKU000133', 1);
INSERT IGNORE INTO BarangPesanan (id_pesanan, sku, kuantitas) VALUES (11, 'SKU000051', 2);
INSERT IGNORE INTO BarangPesanan (id_pesanan, sku, kuantitas) VALUES (12, 'SKU000166', 1);
INSERT IGNORE INTO BarangPesanan (id_pesanan, sku, kuantitas) VALUES (12, 'SKU000136', 2);
INSERT IGNORE INTO BarangPesanan (id_pesanan, sku, kuantitas) VALUES (12, 'SKU000155', 1);
INSERT IGNORE INTO BarangPesanan (id_pesanan, sku, kuantitas) VALUES (12, 'SKU000016', 1);
INSERT IGNORE INTO BarangPesanan (id_pesanan, sku, kuantitas) VALUES (13, 'SKU000135', 2);
INSERT IGNORE INTO BarangPesanan (id_pesanan, sku, kuantitas) VALUES (13, 'SKU000051', 1);
INSERT IGNORE INTO BarangPesanan (id_pesanan, sku, kuantitas) VALUES (13, 'SKU000057', 2);
INSERT IGNORE INTO BarangPesanan (id_pesanan, sku, kuantitas) VALUES (13, 'SKU000048', 1);
INSERT IGNORE INTO BarangPesanan (id_pesanan, sku, kuantitas) VALUES (14, 'SKU000114', 2);
INSERT IGNORE INTO BarangPesanan (id_pesanan, sku, kuantitas) VALUES (14, 'SKU000085', 1);
INSERT IGNORE INTO BarangPesanan (id_pesanan, sku, kuantitas) VALUES (14, 'SKU000023', 1);
INSERT IGNORE INTO BarangPesanan (id_pesanan, sku, kuantitas) VALUES (15, 'SKU000006', 2);
INSERT IGNORE INTO BarangPesanan (id_pesanan, sku, kuantitas) VALUES (15, 'SKU000184', 2);
INSERT IGNORE INTO BarangPesanan (id_pesanan, sku, kuantitas) VALUES (15, 'SKU000121', 1);
INSERT IGNORE INTO BarangPesanan (id_pesanan, sku, kuantitas) VALUES (15, 'SKU000157', 2);
INSERT IGNORE INTO BarangPesanan (id_pesanan, sku, kuantitas) VALUES (16, 'SKU000164', 2);
INSERT IGNORE INTO BarangPesanan (id_pesanan, sku, kuantitas) VALUES (16, 'SKU000067', 1);
INSERT IGNORE INTO BarangPesanan (id_pesanan, sku, kuantitas) VALUES (16, 'SKU000034', 2);
INSERT IGNORE INTO BarangPesanan (id_pesanan, sku, kuantitas) VALUES (17, 'SKU000026', 1);
INSERT IGNORE INTO BarangPesanan (id_pesanan, sku, kuantitas) VALUES (17, 'SKU000157', 2);
INSERT IGNORE INTO BarangPesanan (id_pesanan, sku, kuantitas) VALUES (17, 'SKU000002', 2);
INSERT IGNORE INTO BarangPesanan (id_pesanan, sku, kuantitas) VALUES (17, 'SKU000096', 2);
INSERT IGNORE INTO BarangPesanan (id_pesanan, sku, kuantitas) VALUES (18, 'SKU000105', 2);
INSERT IGNORE INTO BarangPesanan (id_pesanan, sku, kuantitas) VALUES (18, 'SKU000061', 2);
INSERT IGNORE INTO BarangPesanan (id_pesanan, sku, kuantitas) VALUES (18, 'SKU000158', 2);
INSERT IGNORE INTO BarangPesanan (id_pesanan, sku, kuantitas) VALUES (18, 'SKU000086', 2);
INSERT IGNORE INTO BarangPesanan (id_pesanan, sku, kuantitas) VALUES (19, 'SKU000177', 2);
INSERT IGNORE INTO BarangPesanan (id_pesanan, sku, kuantitas) VALUES (19, 'SKU000066', 1);
INSERT IGNORE INTO BarangPesanan (id_pesanan, sku, kuantitas) VALUES (19, 'SKU000075', 2);
INSERT IGNORE INTO BarangPesanan (id_pesanan, sku, kuantitas) VALUES (19, 'SKU000143', 2);
INSERT IGNORE INTO BarangPesanan (id_pesanan, sku, kuantitas) VALUES (20, 'SKU000129', 2);
INSERT IGNORE INTO BarangPesanan (id_pesanan, sku, kuantitas) VALUES (20, 'SKU000030', 2);
INSERT IGNORE INTO BarangPesanan (id_pesanan, sku, kuantitas) VALUES (20, 'SKU000182', 1);
INSERT IGNORE INTO BarangPesanan (id_pesanan, sku, kuantitas) VALUES (20, 'SKU000075', 2);
INSERT IGNORE INTO BarangPesanan (id_pesanan, sku, kuantitas) VALUES (21, 'SKU000084', 1);
INSERT IGNORE INTO BarangPesanan (id_pesanan, sku, kuantitas) VALUES (22, 'SKU000101', 1);
INSERT IGNORE INTO BarangPesanan (id_pesanan, sku, kuantitas) VALUES (23, 'SKU000199', 2);
INSERT IGNORE INTO BarangPesanan (id_pesanan, sku, kuantitas) VALUES (24, 'SKU000116', 2);
INSERT IGNORE INTO BarangPesanan (id_pesanan, sku, kuantitas) VALUES (25, 'SKU000097', 1);
INSERT IGNORE INTO BarangPesanan (id_pesanan, sku, kuantitas) VALUES (25, 'SKU000026', 1);
INSERT IGNORE INTO BarangPesanan (id_pesanan, sku, kuantitas) VALUES (25, 'SKU000012', 1);
INSERT IGNORE INTO BarangPesanan (id_pesanan, sku, kuantitas) VALUES (26, 'SKU000168', 1);
INSERT IGNORE INTO BarangPesanan (id_pesanan, sku, kuantitas) VALUES (26, 'SKU000159', 2);
INSERT IGNORE INTO BarangPesanan (id_pesanan, sku, kuantitas) VALUES (26, 'SKU000134', 1);
INSERT IGNORE INTO BarangPesanan (id_pesanan, sku, kuantitas) VALUES (26, 'SKU000124', 2);
INSERT IGNORE INTO BarangPesanan (id_pesanan, sku, kuantitas) VALUES (27, 'SKU000082', 2);
INSERT IGNORE INTO BarangPesanan (id_pesanan, sku, kuantitas) VALUES (27, 'SKU000020', 1);
INSERT IGNORE INTO BarangPesanan (id_pesanan, sku, kuantitas) VALUES (28, 'SKU000143', 1);
INSERT IGNORE INTO BarangPesanan (id_pesanan, sku, kuantitas) VALUES (28, 'SKU000036', 2);
INSERT IGNORE INTO BarangPesanan (id_pesanan, sku, kuantitas) VALUES (29, 'SKU000205', 1);
INSERT IGNORE INTO BarangPesanan (id_pesanan, sku, kuantitas) VALUES (29, 'SKU000001', 2);
INSERT IGNORE INTO BarangPesanan (id_pesanan, sku, kuantitas) VALUES (30, 'SKU000126', 1);
INSERT IGNORE INTO BarangPesanan (id_pesanan, sku, kuantitas) VALUES (31, 'SKU000111', 2);
INSERT IGNORE INTO BarangPesanan (id_pesanan, sku, kuantitas) VALUES (31, 'SKU000067', 1);
INSERT IGNORE INTO BarangPesanan (id_pesanan, sku, kuantitas) VALUES (31, 'SKU000180', 1);
INSERT IGNORE INTO BarangPesanan (id_pesanan, sku, kuantitas) VALUES (32, 'SKU000084', 2);
INSERT IGNORE INTO BarangPesanan (id_pesanan, sku, kuantitas) VALUES (32, 'SKU000128', 1);
INSERT IGNORE INTO BarangPesanan (id_pesanan, sku, kuantitas) VALUES (32, 'SKU000085', 2);
INSERT IGNORE INTO BarangPesanan (id_pesanan, sku, kuantitas) VALUES (33, 'SKU000105', 2);
INSERT IGNORE INTO BarangPesanan (id_pesanan, sku, kuantitas) VALUES (34, 'SKU000069', 2);
INSERT IGNORE INTO BarangPesanan (id_pesanan, sku, kuantitas) VALUES (35, 'SKU000067', 2);
INSERT IGNORE INTO BarangPesanan (id_pesanan, sku, kuantitas) VALUES (35, 'SKU000186', 1);
INSERT IGNORE INTO BarangPesanan (id_pesanan, sku, kuantitas) VALUES (36, 'SKU000115', 2);
INSERT IGNORE INTO BarangPesanan (id_pesanan, sku, kuantitas) VALUES (36, 'SKU000193', 1);
INSERT IGNORE INTO BarangPesanan (id_pesanan, sku, kuantitas) VALUES (36, 'SKU000007', 1);
INSERT IGNORE INTO BarangPesanan (id_pesanan, sku, kuantitas) VALUES (37, 'SKU000049', 2);
INSERT IGNORE INTO BarangPesanan (id_pesanan, sku, kuantitas) VALUES (37, 'SKU000061', 2);
INSERT IGNORE INTO BarangPesanan (id_pesanan, sku, kuantitas) VALUES (37, 'SKU000072', 2);
INSERT IGNORE INTO BarangPesanan (id_pesanan, sku, kuantitas) VALUES (37, 'SKU000074', 1);
INSERT IGNORE INTO BarangPesanan (id_pesanan, sku, kuantitas) VALUES (38, 'SKU000016', 2);
INSERT IGNORE INTO BarangPesanan (id_pesanan, sku, kuantitas) VALUES (38, 'SKU000096', 2);
INSERT IGNORE INTO BarangPesanan (id_pesanan, sku, kuantitas) VALUES (38, 'SKU000138', 2);
INSERT IGNORE INTO BarangPesanan (id_pesanan, sku, kuantitas) VALUES (38, 'SKU000092', 2);
INSERT IGNORE INTO BarangPesanan (id_pesanan, sku, kuantitas) VALUES (39, 'SKU000118', 1);
INSERT IGNORE INTO BarangPesanan (id_pesanan, sku, kuantitas) VALUES (39, 'SKU000061', 1);
INSERT IGNORE INTO BarangPesanan (id_pesanan, sku, kuantitas) VALUES (40, 'SKU000101', 2);
INSERT IGNORE INTO BarangPesanan (id_pesanan, sku, kuantitas) VALUES (41, 'SKU000121', 1);
INSERT IGNORE INTO BarangPesanan (id_pesanan, sku, kuantitas) VALUES (41, 'SKU000058', 1);
INSERT IGNORE INTO BarangPesanan (id_pesanan, sku, kuantitas) VALUES (42, 'SKU000131', 1);
INSERT IGNORE INTO BarangPesanan (id_pesanan, sku, kuantitas) VALUES (42, 'SKU000082', 1);
INSERT IGNORE INTO BarangPesanan (id_pesanan, sku, kuantitas) VALUES (42, 'SKU000150', 2);
INSERT IGNORE INTO BarangPesanan (id_pesanan, sku, kuantitas) VALUES (42, 'SKU000036', 2);
INSERT IGNORE INTO BarangPesanan (id_pesanan, sku, kuantitas) VALUES (43, 'SKU000025', 1);
INSERT IGNORE INTO BarangPesanan (id_pesanan, sku, kuantitas) VALUES (43, 'SKU000056', 1);
INSERT IGNORE INTO BarangPesanan (id_pesanan, sku, kuantitas) VALUES (44, 'SKU000132', 1);
INSERT IGNORE INTO BarangPesanan (id_pesanan, sku, kuantitas) VALUES (44, 'SKU000190', 2);
INSERT IGNORE INTO BarangPesanan (id_pesanan, sku, kuantitas) VALUES (44, 'SKU000026', 2);
INSERT IGNORE INTO BarangPesanan (id_pesanan, sku, kuantitas) VALUES (44, 'SKU000013', 2);
INSERT IGNORE INTO BarangPesanan (id_pesanan, sku, kuantitas) VALUES (45, 'SKU000034', 2);
INSERT IGNORE INTO BarangPesanan (id_pesanan, sku, kuantitas) VALUES (46, 'SKU000047', 1);
INSERT IGNORE INTO BarangPesanan (id_pesanan, sku, kuantitas) VALUES (46, 'SKU000112', 1);
INSERT IGNORE INTO BarangPesanan (id_pesanan, sku, kuantitas) VALUES (47, 'SKU000015', 1);
INSERT IGNORE INTO BarangPesanan (id_pesanan, sku, kuantitas) VALUES (48, 'SKU000132', 1);
INSERT IGNORE INTO BarangPesanan (id_pesanan, sku, kuantitas) VALUES (48, 'SKU000156', 1);
INSERT IGNORE INTO BarangPesanan (id_pesanan, sku, kuantitas) VALUES (48, 'SKU000083', 1);
INSERT IGNORE INTO BarangPesanan (id_pesanan, sku, kuantitas) VALUES (48, 'SKU000035', 2);
INSERT IGNORE INTO BarangPesanan (id_pesanan, sku, kuantitas) VALUES (49, 'SKU000154', 2);
INSERT IGNORE INTO BarangPesanan (id_pesanan, sku, kuantitas) VALUES (49, 'SKU000148', 2);
INSERT IGNORE INTO BarangPesanan (id_pesanan, sku, kuantitas) VALUES (49, 'SKU000173', 2);
INSERT IGNORE INTO BarangPesanan (id_pesanan, sku, kuantitas) VALUES (50, 'SKU000082', 2);
INSERT IGNORE INTO BarangPesanan (id_pesanan, sku, kuantitas) VALUES (50, 'SKU000139', 2);
INSERT IGNORE INTO BarangPesanan (id_pesanan, sku, kuantitas) VALUES (50, 'SKU000063', 2);
INSERT IGNORE INTO BarangPesanan (id_pesanan, sku, kuantitas) VALUES (50, 'SKU000057', 2);
INSERT IGNORE INTO BarangPesanan (id_pesanan, sku, kuantitas) VALUES (51, 'SKU000186', 2);
INSERT IGNORE INTO BarangPesanan (id_pesanan, sku, kuantitas) VALUES (52, 'SKU000166', 2);
INSERT IGNORE INTO BarangPesanan (id_pesanan, sku, kuantitas) VALUES (53, 'SKU000103', 2);
INSERT IGNORE INTO BarangPesanan (id_pesanan, sku, kuantitas) VALUES (53, 'SKU000138', 1);
INSERT IGNORE INTO BarangPesanan (id_pesanan, sku, kuantitas) VALUES (54, 'SKU000140', 1);
INSERT IGNORE INTO BarangPesanan (id_pesanan, sku, kuantitas) VALUES (54, 'SKU000091', 1);
INSERT IGNORE INTO BarangPesanan (id_pesanan, sku, kuantitas) VALUES (55, 'SKU000068', 2);
INSERT IGNORE INTO BarangPesanan (id_pesanan, sku, kuantitas) VALUES (55, 'SKU000056', 2);
INSERT IGNORE INTO BarangPesanan (id_pesanan, sku, kuantitas) VALUES (56, 'SKU000055', 2);
INSERT IGNORE INTO BarangPesanan (id_pesanan, sku, kuantitas) VALUES (56, 'SKU000051', 2);
INSERT IGNORE INTO BarangPesanan (id_pesanan, sku, kuantitas) VALUES (56, 'SKU000145', 1);
INSERT IGNORE INTO BarangPesanan (id_pesanan, sku, kuantitas) VALUES (57, 'SKU000021', 1);
INSERT IGNORE INTO BarangPesanan (id_pesanan, sku, kuantitas) VALUES (57, 'SKU000119', 1);
INSERT IGNORE INTO BarangPesanan (id_pesanan, sku, kuantitas) VALUES (58, 'SKU000145', 2);
INSERT IGNORE INTO BarangPesanan (id_pesanan, sku, kuantitas) VALUES (59, 'SKU000154', 1);
INSERT IGNORE INTO BarangPesanan (id_pesanan, sku, kuantitas) VALUES (60, 'SKU000105', 2);
INSERT IGNORE INTO BarangPesanan (id_pesanan, sku, kuantitas) VALUES (60, 'SKU000059', 2);
INSERT IGNORE INTO BarangPesanan (id_pesanan, sku, kuantitas) VALUES (61, 'SKU000100', 1);
INSERT IGNORE INTO BarangPesanan (id_pesanan, sku, kuantitas) VALUES (61, 'SKU000029', 1);
INSERT IGNORE INTO BarangPesanan (id_pesanan, sku, kuantitas) VALUES (61, 'SKU000157', 1);
INSERT IGNORE INTO BarangPesanan (id_pesanan, sku, kuantitas) VALUES (61, 'SKU000162', 2);
INSERT IGNORE INTO BarangPesanan (id_pesanan, sku, kuantitas) VALUES (62, 'SKU000013', 2);
INSERT IGNORE INTO BarangPesanan (id_pesanan, sku, kuantitas) VALUES (62, 'SKU000062', 1);
INSERT IGNORE INTO BarangPesanan (id_pesanan, sku, kuantitas) VALUES (62, 'SKU000167', 2);
INSERT IGNORE INTO BarangPesanan (id_pesanan, sku, kuantitas) VALUES (63, 'SKU000042', 2);
INSERT IGNORE INTO BarangPesanan (id_pesanan, sku, kuantitas) VALUES (64, 'SKU000105', 2);
INSERT IGNORE INTO BarangPesanan (id_pesanan, sku, kuantitas) VALUES (64, 'SKU000072', 2);
INSERT IGNORE INTO BarangPesanan (id_pesanan, sku, kuantitas) VALUES (64, 'SKU000035', 2);
INSERT IGNORE INTO BarangPesanan (id_pesanan, sku, kuantitas) VALUES (65, 'SKU000015', 1);
INSERT IGNORE INTO BarangPesanan (id_pesanan, sku, kuantitas) VALUES (66, 'SKU000196', 1);
INSERT IGNORE INTO BarangPesanan (id_pesanan, sku, kuantitas) VALUES (66, 'SKU000061', 2);
INSERT IGNORE INTO BarangPesanan (id_pesanan, sku, kuantitas) VALUES (67, 'SKU000144', 1);
INSERT IGNORE INTO BarangPesanan (id_pesanan, sku, kuantitas) VALUES (67, 'SKU000045', 2);
INSERT IGNORE INTO BarangPesanan (id_pesanan, sku, kuantitas) VALUES (68, 'SKU000134', 1);
INSERT IGNORE INTO BarangPesanan (id_pesanan, sku, kuantitas) VALUES (68, 'SKU000135', 1);
INSERT IGNORE INTO BarangPesanan (id_pesanan, sku, kuantitas) VALUES (68, 'SKU000036', 1);
INSERT IGNORE INTO BarangPesanan (id_pesanan, sku, kuantitas) VALUES (69, 'SKU000184', 1);
INSERT IGNORE INTO BarangPesanan (id_pesanan, sku, kuantitas) VALUES (69, 'SKU000028', 2);
INSERT IGNORE INTO BarangPesanan (id_pesanan, sku, kuantitas) VALUES (70, 'SKU000045', 1);
INSERT IGNORE INTO BarangPesanan (id_pesanan, sku, kuantitas) VALUES (70, 'SKU000086', 1);
INSERT IGNORE INTO BarangPesanan (id_pesanan, sku, kuantitas) VALUES (70, 'SKU000076', 1);
INSERT IGNORE INTO BarangPesanan (id_pesanan, sku, kuantitas) VALUES (70, 'SKU000198', 2);
INSERT IGNORE INTO BarangPesanan (id_pesanan, sku, kuantitas) VALUES (71, 'SKU000025', 1);
INSERT IGNORE INTO BarangPesanan (id_pesanan, sku, kuantitas) VALUES (71, 'SKU000015', 1);
INSERT IGNORE INTO BarangPesanan (id_pesanan, sku, kuantitas) VALUES (71, 'SKU000055', 2);
INSERT IGNORE INTO BarangPesanan (id_pesanan, sku, kuantitas) VALUES (72, 'SKU000141', 2);
INSERT IGNORE INTO BarangPesanan (id_pesanan, sku, kuantitas) VALUES (73, 'SKU000021', 1);
INSERT IGNORE INTO BarangPesanan (id_pesanan, sku, kuantitas) VALUES (73, 'SKU000148', 2);
INSERT IGNORE INTO BarangPesanan (id_pesanan, sku, kuantitas) VALUES (73, 'SKU000098', 1);
INSERT IGNORE INTO BarangPesanan (id_pesanan, sku, kuantitas) VALUES (74, 'SKU000014', 2);
INSERT IGNORE INTO BarangPesanan (id_pesanan, sku, kuantitas) VALUES (74, 'SKU000063', 1);
INSERT IGNORE INTO BarangPesanan (id_pesanan, sku, kuantitas) VALUES (75, 'SKU000122', 1);
INSERT IGNORE INTO BarangPesanan (id_pesanan, sku, kuantitas) VALUES (76, 'SKU000097', 2);
INSERT IGNORE INTO BarangPesanan (id_pesanan, sku, kuantitas) VALUES (76, 'SKU000144', 1);
INSERT IGNORE INTO BarangPesanan (id_pesanan, sku, kuantitas) VALUES (77, 'SKU000090', 1);
INSERT IGNORE INTO BarangPesanan (id_pesanan, sku, kuantitas) VALUES (77, 'SKU000182', 2);
INSERT IGNORE INTO BarangPesanan (id_pesanan, sku, kuantitas) VALUES (77, 'SKU000036', 2);
INSERT IGNORE INTO BarangPesanan (id_pesanan, sku, kuantitas) VALUES (77, 'SKU000085', 1);
INSERT IGNORE INTO BarangPesanan (id_pesanan, sku, kuantitas) VALUES (78, 'SKU000163', 2);
INSERT IGNORE INTO BarangPesanan (id_pesanan, sku, kuantitas) VALUES (79, 'SKU000205', 2);
INSERT IGNORE INTO BarangPesanan (id_pesanan, sku, kuantitas) VALUES (79, 'SKU000128', 2);
INSERT IGNORE INTO BarangPesanan (id_pesanan, sku, kuantitas) VALUES (80, 'SKU000118', 2);
INSERT IGNORE INTO BarangPesanan (id_pesanan, sku, kuantitas) VALUES (81, 'SKU000030', 2);
INSERT IGNORE INTO BarangPesanan (id_pesanan, sku, kuantitas) VALUES (81, 'SKU000125', 2);
INSERT IGNORE INTO BarangPesanan (id_pesanan, sku, kuantitas) VALUES (81, 'SKU000177', 2);
INSERT IGNORE INTO BarangPesanan (id_pesanan, sku, kuantitas) VALUES (82, 'SKU000048', 2);
INSERT IGNORE INTO BarangPesanan (id_pesanan, sku, kuantitas) VALUES (82, 'SKU000112', 2);
INSERT IGNORE INTO BarangPesanan (id_pesanan, sku, kuantitas) VALUES (82, 'SKU000167', 2);
INSERT IGNORE INTO BarangPesanan (id_pesanan, sku, kuantitas) VALUES (83, 'SKU000060', 2);
INSERT IGNORE INTO BarangPesanan (id_pesanan, sku, kuantitas) VALUES (84, 'SKU000146', 1);
INSERT IGNORE INTO BarangPesanan (id_pesanan, sku, kuantitas) VALUES (84, 'SKU000106', 1);
INSERT IGNORE INTO BarangPesanan (id_pesanan, sku, kuantitas) VALUES (85, 'SKU000134', 2);
INSERT IGNORE INTO BarangPesanan (id_pesanan, sku, kuantitas) VALUES (85, 'SKU000065', 1);
INSERT IGNORE INTO BarangPesanan (id_pesanan, sku, kuantitas) VALUES (85, 'SKU000019', 1);
INSERT IGNORE INTO BarangPesanan (id_pesanan, sku, kuantitas) VALUES (85, 'SKU000016', 2);
INSERT IGNORE INTO BarangPesanan (id_pesanan, sku, kuantitas) VALUES (86, 'SKU000064', 1);
INSERT IGNORE INTO BarangPesanan (id_pesanan, sku, kuantitas) VALUES (86, 'SKU000015', 2);
INSERT IGNORE INTO BarangPesanan (id_pesanan, sku, kuantitas) VALUES (87, 'SKU000146', 1);
INSERT IGNORE INTO BarangPesanan (id_pesanan, sku, kuantitas) VALUES (87, 'SKU000116', 1);
INSERT IGNORE INTO BarangPesanan (id_pesanan, sku, kuantitas) VALUES (87, 'SKU000053', 1);
INSERT IGNORE INTO BarangPesanan (id_pesanan, sku, kuantitas) VALUES (88, 'SKU000030', 1);
INSERT IGNORE INTO BarangPesanan (id_pesanan, sku, kuantitas) VALUES (88, 'SKU000062', 2);
INSERT IGNORE INTO BarangPesanan (id_pesanan, sku, kuantitas) VALUES (88, 'SKU000186', 2);
INSERT IGNORE INTO BarangPesanan (id_pesanan, sku, kuantitas) VALUES (89, 'SKU000149', 1);
INSERT IGNORE INTO BarangPesanan (id_pesanan, sku, kuantitas) VALUES (89, 'SKU000039', 1);
INSERT IGNORE INTO BarangPesanan (id_pesanan, sku, kuantitas) VALUES (89, 'SKU000177', 1);
INSERT IGNORE INTO BarangPesanan (id_pesanan, sku, kuantitas) VALUES (89, 'SKU000102', 2);
INSERT IGNORE INTO BarangPesanan (id_pesanan, sku, kuantitas) VALUES (90, 'SKU000174', 2);
INSERT IGNORE INTO BarangPesanan (id_pesanan, sku, kuantitas) VALUES (90, 'SKU000028', 1);
INSERT IGNORE INTO BarangPesanan (id_pesanan, sku, kuantitas) VALUES (90, 'SKU000096', 1);
INSERT IGNORE INTO BarangPesanan (id_pesanan, sku, kuantitas) VALUES (91, 'SKU000147', 1);
INSERT IGNORE INTO BarangPesanan (id_pesanan, sku, kuantitas) VALUES (92, 'SKU000161', 2);
INSERT IGNORE INTO BarangPesanan (id_pesanan, sku, kuantitas) VALUES (92, 'SKU000068', 1);
INSERT IGNORE INTO BarangPesanan (id_pesanan, sku, kuantitas) VALUES (93, 'SKU000147', 1);
INSERT IGNORE INTO BarangPesanan (id_pesanan, sku, kuantitas) VALUES (93, 'SKU000017', 2);
INSERT IGNORE INTO BarangPesanan (id_pesanan, sku, kuantitas) VALUES (94, 'SKU000050', 1);
INSERT IGNORE INTO BarangPesanan (id_pesanan, sku, kuantitas) VALUES (94, 'SKU000043', 1);
INSERT IGNORE INTO BarangPesanan (id_pesanan, sku, kuantitas) VALUES (94, 'SKU000047', 2);
INSERT IGNORE INTO BarangPesanan (id_pesanan, sku, kuantitas) VALUES (95, 'SKU000194', 1);
INSERT IGNORE INTO BarangPesanan (id_pesanan, sku, kuantitas) VALUES (96, 'SKU000064', 1);
INSERT IGNORE INTO BarangPesanan (id_pesanan, sku, kuantitas) VALUES (97, 'SKU000188', 2);
INSERT IGNORE INTO BarangPesanan (id_pesanan, sku, kuantitas) VALUES (97, 'SKU000143', 1);
INSERT IGNORE INTO BarangPesanan (id_pesanan, sku, kuantitas) VALUES (97, 'SKU000200', 1);
INSERT IGNORE INTO BarangPesanan (id_pesanan, sku, kuantitas) VALUES (98, 'SKU000114', 1);
INSERT IGNORE INTO BarangPesanan (id_pesanan, sku, kuantitas) VALUES (98, 'SKU000027', 1);
INSERT IGNORE INTO BarangPesanan (id_pesanan, sku, kuantitas) VALUES (98, 'SKU000136', 1);
INSERT IGNORE INTO BarangPesanan (id_pesanan, sku, kuantitas) VALUES (98, 'SKU000048', 1);
INSERT IGNORE INTO BarangPesanan (id_pesanan, sku, kuantitas) VALUES (99, 'SKU000066', 1);
INSERT IGNORE INTO BarangPesanan (id_pesanan, sku, kuantitas) VALUES (99, 'SKU000030', 1);
INSERT IGNORE INTO BarangPesanan (id_pesanan, sku, kuantitas) VALUES (99, 'SKU000134', 2);
INSERT IGNORE INTO BarangPesanan (id_pesanan, sku, kuantitas) VALUES (100, 'SKU000082', 1);

-- Wishlist
INSERT IGNORE INTO Wishlist (id_pembeli, id_produk) VALUES (1, 96);
INSERT IGNORE INTO Wishlist (id_pembeli, id_produk) VALUES (1, 83);
INSERT IGNORE INTO Wishlist (id_pembeli, id_produk) VALUES (1, 80);
INSERT IGNORE INTO Wishlist (id_pembeli, id_produk) VALUES (1, 21);
INSERT IGNORE INTO Wishlist (id_pembeli, id_produk) VALUES (1, 55);
INSERT IGNORE INTO Wishlist (id_pembeli, id_produk) VALUES (1, 7);
INSERT IGNORE INTO Wishlist (id_pembeli, id_produk) VALUES (1, 34);
INSERT IGNORE INTO Wishlist (id_pembeli, id_produk) VALUES (3, 65);
INSERT IGNORE INTO Wishlist (id_pembeli, id_produk) VALUES (3, 36);
INSERT IGNORE INTO Wishlist (id_pembeli, id_produk) VALUES (3, 23);
INSERT IGNORE INTO Wishlist (id_pembeli, id_produk) VALUES (4, 100);
INSERT IGNORE INTO Wishlist (id_pembeli, id_produk) VALUES (4, 34);
INSERT IGNORE INTO Wishlist (id_pembeli, id_produk) VALUES (4, 48);
INSERT IGNORE INTO Wishlist (id_pembeli, id_produk) VALUES (4, 31);
INSERT IGNORE INTO Wishlist (id_pembeli, id_produk) VALUES (4, 87);
INSERT IGNORE INTO Wishlist (id_pembeli, id_produk) VALUES (4, 12);
INSERT IGNORE INTO Wishlist (id_pembeli, id_produk) VALUES (4, 7);
INSERT IGNORE INTO Wishlist (id_pembeli, id_produk) VALUES (6, 97);
INSERT IGNORE INTO Wishlist (id_pembeli, id_produk) VALUES (6, 24);
INSERT IGNORE INTO Wishlist (id_pembeli, id_produk) VALUES (6, 95);
INSERT IGNORE INTO Wishlist (id_pembeli, id_produk) VALUES (6, 64);
INSERT IGNORE INTO Wishlist (id_pembeli, id_produk) VALUES (6, 48);
INSERT IGNORE INTO Wishlist (id_pembeli, id_produk) VALUES (6, 40);
INSERT IGNORE INTO Wishlist (id_pembeli, id_produk) VALUES (6, 16);
INSERT IGNORE INTO Wishlist (id_pembeli, id_produk) VALUES (7, 38);
INSERT IGNORE INTO Wishlist (id_pembeli, id_produk) VALUES (7, 5);
INSERT IGNORE INTO Wishlist (id_pembeli, id_produk) VALUES (7, 85);
INSERT IGNORE INTO Wishlist (id_pembeli, id_produk) VALUES (7, 19);
INSERT IGNORE INTO Wishlist (id_pembeli, id_produk) VALUES (7, 73);
INSERT IGNORE INTO Wishlist (id_pembeli, id_produk) VALUES (7, 47);
INSERT IGNORE INTO Wishlist (id_pembeli, id_produk) VALUES (7, 25);
INSERT IGNORE INTO Wishlist (id_pembeli, id_produk) VALUES (7, 11);
INSERT IGNORE INTO Wishlist (id_pembeli, id_produk) VALUES (7, 30);
INSERT IGNORE INTO Wishlist (id_pembeli, id_produk) VALUES (7, 50);
INSERT IGNORE INTO Wishlist (id_pembeli, id_produk) VALUES (8, 22);
INSERT IGNORE INTO Wishlist (id_pembeli, id_produk) VALUES (8, 49);
INSERT IGNORE INTO Wishlist (id_pembeli, id_produk) VALUES (8, 2);
INSERT IGNORE INTO Wishlist (id_pembeli, id_produk) VALUES (8, 72);
INSERT IGNORE INTO Wishlist (id_pembeli, id_produk) VALUES (9, 92);
INSERT IGNORE INTO Wishlist (id_pembeli, id_produk) VALUES (9, 41);
INSERT IGNORE INTO Wishlist (id_pembeli, id_produk) VALUES (9, 21);
INSERT IGNORE INTO Wishlist (id_pembeli, id_produk) VALUES (9, 59);
INSERT IGNORE INTO Wishlist (id_pembeli, id_produk) VALUES (9, 46);
INSERT IGNORE INTO Wishlist (id_pembeli, id_produk) VALUES (11, 72);
INSERT IGNORE INTO Wishlist (id_pembeli, id_produk) VALUES (11, 11);
INSERT IGNORE INTO Wishlist (id_pembeli, id_produk) VALUES (11, 86);
INSERT IGNORE INTO Wishlist (id_pembeli, id_produk) VALUES (11, 39);
INSERT IGNORE INTO Wishlist (id_pembeli, id_produk) VALUES (11, 48);
INSERT IGNORE INTO Wishlist (id_pembeli, id_produk) VALUES (11, 30);
INSERT IGNORE INTO Wishlist (id_pembeli, id_produk) VALUES (11, 38);
INSERT IGNORE INTO Wishlist (id_pembeli, id_produk) VALUES (11, 100);
INSERT IGNORE INTO Wishlist (id_pembeli, id_produk) VALUES (12, 70);
INSERT IGNORE INTO Wishlist (id_pembeli, id_produk) VALUES (12, 53);
INSERT IGNORE INTO Wishlist (id_pembeli, id_produk) VALUES (12, 32);
INSERT IGNORE INTO Wishlist (id_pembeli, id_produk) VALUES (12, 16);
INSERT IGNORE INTO Wishlist (id_pembeli, id_produk) VALUES (12, 45);
INSERT IGNORE INTO Wishlist (id_pembeli, id_produk) VALUES (12, 97);
INSERT IGNORE INTO Wishlist (id_pembeli, id_produk) VALUES (12, 64);
INSERT IGNORE INTO Wishlist (id_pembeli, id_produk) VALUES (12, 22);
INSERT IGNORE INTO Wishlist (id_pembeli, id_produk) VALUES (12, 76);
INSERT IGNORE INTO Wishlist (id_pembeli, id_produk) VALUES (12, 48);
INSERT IGNORE INTO Wishlist (id_pembeli, id_produk) VALUES (14, 29);
INSERT IGNORE INTO Wishlist (id_pembeli, id_produk) VALUES (14, 10);
INSERT IGNORE INTO Wishlist (id_pembeli, id_produk) VALUES (14, 99);
INSERT IGNORE INTO Wishlist (id_pembeli, id_produk) VALUES (14, 49);
INSERT IGNORE INTO Wishlist (id_pembeli, id_produk) VALUES (14, 50);
INSERT IGNORE INTO Wishlist (id_pembeli, id_produk) VALUES (14, 56);
INSERT IGNORE INTO Wishlist (id_pembeli, id_produk) VALUES (14, 70);
INSERT IGNORE INTO Wishlist (id_pembeli, id_produk) VALUES (14, 27);
INSERT IGNORE INTO Wishlist (id_pembeli, id_produk) VALUES (14, 75);
INSERT IGNORE INTO Wishlist (id_pembeli, id_produk) VALUES (15, 33);
INSERT IGNORE INTO Wishlist (id_pembeli, id_produk) VALUES (15, 30);
INSERT IGNORE INTO Wishlist (id_pembeli, id_produk) VALUES (15, 25);
INSERT IGNORE INTO Wishlist (id_pembeli, id_produk) VALUES (15, 97);
INSERT IGNORE INTO Wishlist (id_pembeli, id_produk) VALUES (15, 81);
INSERT IGNORE INTO Wishlist (id_pembeli, id_produk) VALUES (15, 2);
INSERT IGNORE INTO Wishlist (id_pembeli, id_produk) VALUES (16, 31);
INSERT IGNORE INTO Wishlist (id_pembeli, id_produk) VALUES (16, 6);
INSERT IGNORE INTO Wishlist (id_pembeli, id_produk) VALUES (16, 51);
INSERT IGNORE INTO Wishlist (id_pembeli, id_produk) VALUES (16, 7);
INSERT IGNORE INTO Wishlist (id_pembeli, id_produk) VALUES (16, 58);
INSERT IGNORE INTO Wishlist (id_pembeli, id_produk) VALUES (16, 86);
INSERT IGNORE INTO Wishlist (id_pembeli, id_produk) VALUES (17, 82);
INSERT IGNORE INTO Wishlist (id_pembeli, id_produk) VALUES (17, 95);
INSERT IGNORE INTO Wishlist (id_pembeli, id_produk) VALUES (17, 16);
INSERT IGNORE INTO Wishlist (id_pembeli, id_produk) VALUES (17, 52);
INSERT IGNORE INTO Wishlist (id_pembeli, id_produk) VALUES (17, 55);
INSERT IGNORE INTO Wishlist (id_pembeli, id_produk) VALUES (17, 39);
INSERT IGNORE INTO Wishlist (id_pembeli, id_produk) VALUES (17, 79);
INSERT IGNORE INTO Wishlist (id_pembeli, id_produk) VALUES (19, 53);
INSERT IGNORE INTO Wishlist (id_pembeli, id_produk) VALUES (19, 88);
INSERT IGNORE INTO Wishlist (id_pembeli, id_produk) VALUES (19, 59);
INSERT IGNORE INTO Wishlist (id_pembeli, id_produk) VALUES (19, 2);
INSERT IGNORE INTO Wishlist (id_pembeli, id_produk) VALUES (19, 61);
INSERT IGNORE INTO Wishlist (id_pembeli, id_produk) VALUES (19, 31);
INSERT IGNORE INTO Wishlist (id_pembeli, id_produk) VALUES (19, 24);
INSERT IGNORE INTO Wishlist (id_pembeli, id_produk) VALUES (19, 74);
INSERT IGNORE INTO Wishlist (id_pembeli, id_produk) VALUES (19, 56);
INSERT IGNORE INTO Wishlist (id_pembeli, id_produk) VALUES (20, 35);
INSERT IGNORE INTO Wishlist (id_pembeli, id_produk) VALUES (20, 81);
INSERT IGNORE INTO Wishlist (id_pembeli, id_produk) VALUES (21, 45);
INSERT IGNORE INTO Wishlist (id_pembeli, id_produk) VALUES (21, 81);
INSERT IGNORE INTO Wishlist (id_pembeli, id_produk) VALUES (21, 85);
INSERT IGNORE INTO Wishlist (id_pembeli, id_produk) VALUES (21, 34);
INSERT IGNORE INTO Wishlist (id_pembeli, id_produk) VALUES (21, 75);
INSERT IGNORE INTO Wishlist (id_pembeli, id_produk) VALUES (22, 79);
INSERT IGNORE INTO Wishlist (id_pembeli, id_produk) VALUES (23, 91);
INSERT IGNORE INTO Wishlist (id_pembeli, id_produk) VALUES (23, 41);
INSERT IGNORE INTO Wishlist (id_pembeli, id_produk) VALUES (23, 2);
INSERT IGNORE INTO Wishlist (id_pembeli, id_produk) VALUES (23, 76);
INSERT IGNORE INTO Wishlist (id_pembeli, id_produk) VALUES (23, 46);
INSERT IGNORE INTO Wishlist (id_pembeli, id_produk) VALUES (23, 21);
INSERT IGNORE INTO Wishlist (id_pembeli, id_produk) VALUES (23, 88);
INSERT IGNORE INTO Wishlist (id_pembeli, id_produk) VALUES (24, 30);
INSERT IGNORE INTO Wishlist (id_pembeli, id_produk) VALUES (24, 100);
INSERT IGNORE INTO Wishlist (id_pembeli, id_produk) VALUES (24, 6);
INSERT IGNORE INTO Wishlist (id_pembeli, id_produk) VALUES (25, 72);
INSERT IGNORE INTO Wishlist (id_pembeli, id_produk) VALUES (25, 55);
INSERT IGNORE INTO Wishlist (id_pembeli, id_produk) VALUES (25, 100);
INSERT IGNORE INTO Wishlist (id_pembeli, id_produk) VALUES (25, 43);
INSERT IGNORE INTO Wishlist (id_pembeli, id_produk) VALUES (26, 42);
INSERT IGNORE INTO Wishlist (id_pembeli, id_produk) VALUES (26, 16);
INSERT IGNORE INTO Wishlist (id_pembeli, id_produk) VALUES (26, 76);
INSERT IGNORE INTO Wishlist (id_pembeli, id_produk) VALUES (26, 13);
INSERT IGNORE INTO Wishlist (id_pembeli, id_produk) VALUES (27, 72);
INSERT IGNORE INTO Wishlist (id_pembeli, id_produk) VALUES (27, 7);
INSERT IGNORE INTO Wishlist (id_pembeli, id_produk) VALUES (27, 62);
INSERT IGNORE INTO Wishlist (id_pembeli, id_produk) VALUES (27, 17);
INSERT IGNORE INTO Wishlist (id_pembeli, id_produk) VALUES (28, 73);
INSERT IGNORE INTO Wishlist (id_pembeli, id_produk) VALUES (30, 42);
INSERT IGNORE INTO Wishlist (id_pembeli, id_produk) VALUES (30, 83);
INSERT IGNORE INTO Wishlist (id_pembeli, id_produk) VALUES (31, 56);
INSERT IGNORE INTO Wishlist (id_pembeli, id_produk) VALUES (31, 59);
INSERT IGNORE INTO Wishlist (id_pembeli, id_produk) VALUES (31, 68);
INSERT IGNORE INTO Wishlist (id_pembeli, id_produk) VALUES (31, 44);
INSERT IGNORE INTO Wishlist (id_pembeli, id_produk) VALUES (31, 54);
INSERT IGNORE INTO Wishlist (id_pembeli, id_produk) VALUES (31, 80);
INSERT IGNORE INTO Wishlist (id_pembeli, id_produk) VALUES (31, 40);
INSERT IGNORE INTO Wishlist (id_pembeli, id_produk) VALUES (31, 50);
INSERT IGNORE INTO Wishlist (id_pembeli, id_produk) VALUES (32, 18);
INSERT IGNORE INTO Wishlist (id_pembeli, id_produk) VALUES (32, 68);
INSERT IGNORE INTO Wishlist (id_pembeli, id_produk) VALUES (32, 46);
INSERT IGNORE INTO Wishlist (id_pembeli, id_produk) VALUES (32, 19);
INSERT IGNORE INTO Wishlist (id_pembeli, id_produk) VALUES (32, 53);
INSERT IGNORE INTO Wishlist (id_pembeli, id_produk) VALUES (32, 14);
INSERT IGNORE INTO Wishlist (id_pembeli, id_produk) VALUES (32, 29);
INSERT IGNORE INTO Wishlist (id_pembeli, id_produk) VALUES (32, 94);
INSERT IGNORE INTO Wishlist (id_pembeli, id_produk) VALUES (33, 95);
INSERT IGNORE INTO Wishlist (id_pembeli, id_produk) VALUES (33, 49);
INSERT IGNORE INTO Wishlist (id_pembeli, id_produk) VALUES (33, 90);
INSERT IGNORE INTO Wishlist (id_pembeli, id_produk) VALUES (33, 51);
INSERT IGNORE INTO Wishlist (id_pembeli, id_produk) VALUES (33, 85);
INSERT IGNORE INTO Wishlist (id_pembeli, id_produk) VALUES (34, 30);
INSERT IGNORE INTO Wishlist (id_pembeli, id_produk) VALUES (34, 25);
INSERT IGNORE INTO Wishlist (id_pembeli, id_produk) VALUES (34, 95);
INSERT IGNORE INTO Wishlist (id_pembeli, id_produk) VALUES (34, 77);
INSERT IGNORE INTO Wishlist (id_pembeli, id_produk) VALUES (34, 28);
INSERT IGNORE INTO Wishlist (id_pembeli, id_produk) VALUES (34, 4);
INSERT IGNORE INTO Wishlist (id_pembeli, id_produk) VALUES (34, 81);
INSERT IGNORE INTO Wishlist (id_pembeli, id_produk) VALUES (34, 100);
INSERT IGNORE INTO Wishlist (id_pembeli, id_produk) VALUES (34, 78);
INSERT IGNORE INTO Wishlist (id_pembeli, id_produk) VALUES (34, 51);
INSERT IGNORE INTO Wishlist (id_pembeli, id_produk) VALUES (35, 72);
INSERT IGNORE INTO Wishlist (id_pembeli, id_produk) VALUES (36, 71);
INSERT IGNORE INTO Wishlist (id_pembeli, id_produk) VALUES (36, 2);
INSERT IGNORE INTO Wishlist (id_pembeli, id_produk) VALUES (36, 70);
INSERT IGNORE INTO Wishlist (id_pembeli, id_produk) VALUES (36, 6);
INSERT IGNORE INTO Wishlist (id_pembeli, id_produk) VALUES (36, 83);
INSERT IGNORE INTO Wishlist (id_pembeli, id_produk) VALUES (37, 66);
INSERT IGNORE INTO Wishlist (id_pembeli, id_produk) VALUES (37, 93);
INSERT IGNORE INTO Wishlist (id_pembeli, id_produk) VALUES (37, 11);
INSERT IGNORE INTO Wishlist (id_pembeli, id_produk) VALUES (37, 34);
INSERT IGNORE INTO Wishlist (id_pembeli, id_produk) VALUES (38, 26);
INSERT IGNORE INTO Wishlist (id_pembeli, id_produk) VALUES (38, 15);
INSERT IGNORE INTO Wishlist (id_pembeli, id_produk) VALUES (38, 14);
INSERT IGNORE INTO Wishlist (id_pembeli, id_produk) VALUES (38, 56);
INSERT IGNORE INTO Wishlist (id_pembeli, id_produk) VALUES (38, 78);
INSERT IGNORE INTO Wishlist (id_pembeli, id_produk) VALUES (38, 68);
INSERT IGNORE INTO Wishlist (id_pembeli, id_produk) VALUES (39, 13);
INSERT IGNORE INTO Wishlist (id_pembeli, id_produk) VALUES (39, 76);
INSERT IGNORE INTO Wishlist (id_pembeli, id_produk) VALUES (39, 61);
INSERT IGNORE INTO Wishlist (id_pembeli, id_produk) VALUES (39, 49);
INSERT IGNORE INTO Wishlist (id_pembeli, id_produk) VALUES (40, 35);
INSERT IGNORE INTO Wishlist (id_pembeli, id_produk) VALUES (40, 37);
INSERT IGNORE INTO Wishlist (id_pembeli, id_produk) VALUES (40, 8);
INSERT IGNORE INTO Wishlist (id_pembeli, id_produk) VALUES (41, 80);
INSERT IGNORE INTO Wishlist (id_pembeli, id_produk) VALUES (41, 10);
INSERT IGNORE INTO Wishlist (id_pembeli, id_produk) VALUES (41, 69);
INSERT IGNORE INTO Wishlist (id_pembeli, id_produk) VALUES (41, 6);
INSERT IGNORE INTO Wishlist (id_pembeli, id_produk) VALUES (41, 97);
INSERT IGNORE INTO Wishlist (id_pembeli, id_produk) VALUES (41, 22);
INSERT IGNORE INTO Wishlist (id_pembeli, id_produk) VALUES (41, 43);
INSERT IGNORE INTO Wishlist (id_pembeli, id_produk) VALUES (41, 4);
INSERT IGNORE INTO Wishlist (id_pembeli, id_produk) VALUES (41, 18);
INSERT IGNORE INTO Wishlist (id_pembeli, id_produk) VALUES (42, 81);
INSERT IGNORE INTO Wishlist (id_pembeli, id_produk) VALUES (42, 3);
INSERT IGNORE INTO Wishlist (id_pembeli, id_produk) VALUES (42, 68);
INSERT IGNORE INTO Wishlist (id_pembeli, id_produk) VALUES (42, 71);
INSERT IGNORE INTO Wishlist (id_pembeli, id_produk) VALUES (42, 22);
INSERT IGNORE INTO Wishlist (id_pembeli, id_produk) VALUES (42, 38);
INSERT IGNORE INTO Wishlist (id_pembeli, id_produk) VALUES (42, 86);
INSERT IGNORE INTO Wishlist (id_pembeli, id_produk) VALUES (42, 46);
INSERT IGNORE INTO Wishlist (id_pembeli, id_produk) VALUES (42, 21);
INSERT IGNORE INTO Wishlist (id_pembeli, id_produk) VALUES (42, 36);
INSERT IGNORE INTO Wishlist (id_pembeli, id_produk) VALUES (44, 14);
INSERT IGNORE INTO Wishlist (id_pembeli, id_produk) VALUES (44, 13);
INSERT IGNORE INTO Wishlist (id_pembeli, id_produk) VALUES (44, 61);
INSERT IGNORE INTO Wishlist (id_pembeli, id_produk) VALUES (44, 91);
INSERT IGNORE INTO Wishlist (id_pembeli, id_produk) VALUES (44, 57);
INSERT IGNORE INTO Wishlist (id_pembeli, id_produk) VALUES (44, 42);
INSERT IGNORE INTO Wishlist (id_pembeli, id_produk) VALUES (44, 52);
INSERT IGNORE INTO Wishlist (id_pembeli, id_produk) VALUES (44, 5);
INSERT IGNORE INTO Wishlist (id_pembeli, id_produk) VALUES (45, 34);
INSERT IGNORE INTO Wishlist (id_pembeli, id_produk) VALUES (45, 91);
INSERT IGNORE INTO Wishlist (id_pembeli, id_produk) VALUES (45, 51);
INSERT IGNORE INTO Wishlist (id_pembeli, id_produk) VALUES (45, 76);
INSERT IGNORE INTO Wishlist (id_pembeli, id_produk) VALUES (45, 81);
INSERT IGNORE INTO Wishlist (id_pembeli, id_produk) VALUES (45, 58);
INSERT IGNORE INTO Wishlist (id_pembeli, id_produk) VALUES (45, 94);
INSERT IGNORE INTO Wishlist (id_pembeli, id_produk) VALUES (45, 72);
INSERT IGNORE INTO Wishlist (id_pembeli, id_produk) VALUES (45, 28);
INSERT IGNORE INTO Wishlist (id_pembeli, id_produk) VALUES (46, 16);
INSERT IGNORE INTO Wishlist (id_pembeli, id_produk) VALUES (46, 2);
INSERT IGNORE INTO Wishlist (id_pembeli, id_produk) VALUES (46, 79);
INSERT IGNORE INTO Wishlist (id_pembeli, id_produk) VALUES (46, 52);
INSERT IGNORE INTO Wishlist (id_pembeli, id_produk) VALUES (46, 27);
INSERT IGNORE INTO Wishlist (id_pembeli, id_produk) VALUES (46, 47);
INSERT IGNORE INTO Wishlist (id_pembeli, id_produk) VALUES (46, 8);
INSERT IGNORE INTO Wishlist (id_pembeli, id_produk) VALUES (47, 53);
INSERT IGNORE INTO Wishlist (id_pembeli, id_produk) VALUES (47, 72);
INSERT IGNORE INTO Wishlist (id_pembeli, id_produk) VALUES (47, 41);
INSERT IGNORE INTO Wishlist (id_pembeli, id_produk) VALUES (47, 94);
INSERT IGNORE INTO Wishlist (id_pembeli, id_produk) VALUES (47, 37);
INSERT IGNORE INTO Wishlist (id_pembeli, id_produk) VALUES (47, 43);
INSERT IGNORE INTO Wishlist (id_pembeli, id_produk) VALUES (47, 3);
INSERT IGNORE INTO Wishlist (id_pembeli, id_produk) VALUES (48, 11);
INSERT IGNORE INTO Wishlist (id_pembeli, id_produk) VALUES (48, 85);
INSERT IGNORE INTO Wishlist (id_pembeli, id_produk) VALUES (48, 93);
INSERT IGNORE INTO Wishlist (id_pembeli, id_produk) VALUES (48, 38);
INSERT IGNORE INTO Wishlist (id_pembeli, id_produk) VALUES (48, 79);
INSERT IGNORE INTO Wishlist (id_pembeli, id_produk) VALUES (48, 33);
INSERT IGNORE INTO Wishlist (id_pembeli, id_produk) VALUES (48, 18);
INSERT IGNORE INTO Wishlist (id_pembeli, id_produk) VALUES (48, 24);
INSERT IGNORE INTO Wishlist (id_pembeli, id_produk) VALUES (48, 36);
INSERT IGNORE INTO Wishlist (id_pembeli, id_produk) VALUES (48, 19);
INSERT IGNORE INTO Wishlist (id_pembeli, id_produk) VALUES (49, 49);
INSERT IGNORE INTO Wishlist (id_pembeli, id_produk) VALUES (49, 58);
INSERT IGNORE INTO Wishlist (id_pembeli, id_produk) VALUES (49, 29);
INSERT IGNORE INTO Wishlist (id_pembeli, id_produk) VALUES (49, 16);
INSERT IGNORE INTO Wishlist (id_pembeli, id_produk) VALUES (49, 92);
INSERT IGNORE INTO Wishlist (id_pembeli, id_produk) VALUES (49, 41);
INSERT IGNORE INTO Wishlist (id_pembeli, id_produk) VALUES (50, 90);
INSERT IGNORE INTO Wishlist (id_pembeli, id_produk) VALUES (50, 54);
INSERT IGNORE INTO Wishlist (id_pembeli, id_produk) VALUES (50, 52);
INSERT IGNORE INTO Wishlist (id_pembeli, id_produk) VALUES (50, 76);
INSERT IGNORE INTO Wishlist (id_pembeli, id_produk) VALUES (50, 29);
INSERT IGNORE INTO Wishlist (id_pembeli, id_produk) VALUES (50, 30);
INSERT IGNORE INTO Wishlist (id_pembeli, id_produk) VALUES (52, 61);
INSERT IGNORE INTO Wishlist (id_pembeli, id_produk) VALUES (52, 73);
INSERT IGNORE INTO Wishlist (id_pembeli, id_produk) VALUES (52, 44);
INSERT IGNORE INTO Wishlist (id_pembeli, id_produk) VALUES (52, 54);
INSERT IGNORE INTO Wishlist (id_pembeli, id_produk) VALUES (52, 32);
INSERT IGNORE INTO Wishlist (id_pembeli, id_produk) VALUES (52, 41);
INSERT IGNORE INTO Wishlist (id_pembeli, id_produk) VALUES (52, 95);
INSERT IGNORE INTO Wishlist (id_pembeli, id_produk) VALUES (52, 100);
INSERT IGNORE INTO Wishlist (id_pembeli, id_produk) VALUES (52, 97);
INSERT IGNORE INTO Wishlist (id_pembeli, id_produk) VALUES (53, 20);
INSERT IGNORE INTO Wishlist (id_pembeli, id_produk) VALUES (53, 89);
INSERT IGNORE INTO Wishlist (id_pembeli, id_produk) VALUES (53, 31);
INSERT IGNORE INTO Wishlist (id_pembeli, id_produk) VALUES (53, 69);
INSERT IGNORE INTO Wishlist (id_pembeli, id_produk) VALUES (53, 67);
INSERT IGNORE INTO Wishlist (id_pembeli, id_produk) VALUES (53, 30);
INSERT IGNORE INTO Wishlist (id_pembeli, id_produk) VALUES (54, 7);
INSERT IGNORE INTO Wishlist (id_pembeli, id_produk) VALUES (54, 72);
INSERT IGNORE INTO Wishlist (id_pembeli, id_produk) VALUES (55, 24);
INSERT IGNORE INTO Wishlist (id_pembeli, id_produk) VALUES (56, 87);
INSERT IGNORE INTO Wishlist (id_pembeli, id_produk) VALUES (56, 34);
INSERT IGNORE INTO Wishlist (id_pembeli, id_produk) VALUES (56, 86);
INSERT IGNORE INTO Wishlist (id_pembeli, id_produk) VALUES (57, 94);
INSERT IGNORE INTO Wishlist (id_pembeli, id_produk) VALUES (58, 28);
INSERT IGNORE INTO Wishlist (id_pembeli, id_produk) VALUES (58, 23);
INSERT IGNORE INTO Wishlist (id_pembeli, id_produk) VALUES (58, 1);
INSERT IGNORE INTO Wishlist (id_pembeli, id_produk) VALUES (58, 58);
INSERT IGNORE INTO Wishlist (id_pembeli, id_produk) VALUES (58, 12);
INSERT IGNORE INTO Wishlist (id_pembeli, id_produk) VALUES (58, 5);
INSERT IGNORE INTO Wishlist (id_pembeli, id_produk) VALUES (58, 2);
INSERT IGNORE INTO Wishlist (id_pembeli, id_produk) VALUES (59, 71);
INSERT IGNORE INTO Wishlist (id_pembeli, id_produk) VALUES (59, 51);
INSERT IGNORE INTO Wishlist (id_pembeli, id_produk) VALUES (59, 26);
INSERT IGNORE INTO Wishlist (id_pembeli, id_produk) VALUES (59, 12);
INSERT IGNORE INTO Wishlist (id_pembeli, id_produk) VALUES (59, 65);
INSERT IGNORE INTO Wishlist (id_pembeli, id_produk) VALUES (59, 69);
INSERT IGNORE INTO Wishlist (id_pembeli, id_produk) VALUES (59, 55);
INSERT IGNORE INTO Wishlist (id_pembeli, id_produk) VALUES (59, 73);
INSERT IGNORE INTO Wishlist (id_pembeli, id_produk) VALUES (60, 42);
INSERT IGNORE INTO Wishlist (id_pembeli, id_produk) VALUES (60, 10);
INSERT IGNORE INTO Wishlist (id_pembeli, id_produk) VALUES (60, 66);
INSERT IGNORE INTO Wishlist (id_pembeli, id_produk) VALUES (60, 98);
INSERT IGNORE INTO Wishlist (id_pembeli, id_produk) VALUES (60, 3);
INSERT IGNORE INTO Wishlist (id_pembeli, id_produk) VALUES (60, 62);

-- Ulasan
INSERT IGNORE INTO Ulasan (id_produk, id_pembeli, komentar, penilaian) VALUES (72, 49, 'Veniam occaecati eius nesciunt animi.', 5);
INSERT IGNORE INTO Ulasan (id_produk, id_pembeli, komentar, penilaian) VALUES (97, 46, 'Earum quos omnis cumque officiis a quod.', 1);
INSERT IGNORE INTO Ulasan (id_produk, id_pembeli, komentar, penilaian) VALUES (39, 46, 'Quae cupiditate quae laboriosam porro at quae tempore. Eligendi ipsam velit dicta accusantium doloribus.', 1);
INSERT IGNORE INTO Ulasan (id_produk, id_pembeli, komentar, penilaian) VALUES (43, 46, 'Iste enim placeat. Optio dolorem aut sequi voluptate magni distinctio.', 5);
INSERT IGNORE INTO Ulasan (id_produk, id_pembeli, komentar, penilaian) VALUES (98, 46, 'Tempore facere harum.', 5);
INSERT IGNORE INTO Ulasan (id_produk, id_pembeli, komentar, penilaian) VALUES (23, 46, 'Cumque sunt voluptatibus pariatur esse repellat vitae. Veritatis vel adipisci cum ratione id culpa.', 4);
INSERT IGNORE INTO Ulasan (id_produk, id_pembeli, komentar, penilaian) VALUES (83, 24, 'Veniam vero accusantium odit. Sint ullam aspernatur tempore dolorum minus nihil unde. Cumque recusandae qui quasi inventore id ea.', 4);
INSERT IGNORE INTO Ulasan (id_produk, id_pembeli, komentar, penilaian) VALUES (19, 24, 'Officiis quia provident animi consectetur amet. Sed nobis quod impedit.', 2);
INSERT IGNORE INTO Ulasan (id_produk, id_pembeli, komentar, penilaian) VALUES (4, 24, 'Suscipit iure suscipit eaque iusto quam sequi. Voluptatum explicabo earum similique odio.', 4);
INSERT IGNORE INTO Ulasan (id_produk, id_pembeli, komentar, penilaian) VALUES (71, 24, 'Eum iure nemo quam delectus beatae sed fuga. Aliquid atque harum quaerat sunt fugiat consectetur culpa.', 5);
INSERT IGNORE INTO Ulasan (id_produk, id_pembeli, komentar, penilaian) VALUES (4, 59, 'Harum dignissimos magni eos nobis tempora laboriosam.', 5);
INSERT IGNORE INTO Ulasan (id_produk, id_pembeli, komentar, penilaian) VALUES (57, 59, 'Est impedit eligendi modi id cum. Occaecati adipisci quam.', 1);
INSERT IGNORE INTO Ulasan (id_produk, id_pembeli, komentar, penilaian) VALUES (36, 59, 'Blanditiis est accusamus voluptatem corporis.', 3);
INSERT IGNORE INTO Ulasan (id_produk, id_pembeli, komentar, penilaian) VALUES (66, 12, 'Delectus eveniet ex occaecati. Voluptates numquam aspernatur pariatur tempore corrupti accusantium velit. Aspernatur aspernatur pariatur unde itaque tenetur quidem.', 2);
INSERT IGNORE INTO Ulasan (id_produk, id_pembeli, komentar, penilaian) VALUES (88, 28, 'Pariatur in incidunt molestias ullam officia dolore fugit.', 5);
INSERT IGNORE INTO Ulasan (id_produk, id_pembeli, komentar, penilaian) VALUES (74, 28, 'Quia quis dolorem earum aspernatur recusandae. Maiores quod voluptas illo ea. Sequi ullam iste veritatis dicta maiores nisi.', 4);
INSERT IGNORE INTO Ulasan (id_produk, id_pembeli, komentar, penilaian) VALUES (34, 45, 'A ducimus perspiciatis labore in natus.', 5);
INSERT IGNORE INTO Ulasan (id_produk, id_pembeli, komentar, penilaian) VALUES (79, 45, 'Ex qui sit voluptatum ratione. Asperiores modi occaecati aperiam laudantium. Pariatur inventore vero quo eligendi cum ullam.', 3);
INSERT IGNORE INTO Ulasan (id_produk, id_pembeli, komentar, penilaian) VALUES (19, 45, 'Corporis neque quos non.', 1);
INSERT IGNORE INTO Ulasan (id_produk, id_pembeli, komentar, penilaian) VALUES (4, 45, 'Debitis deserunt nisi corporis reiciendis quam accusamus.', 2);
INSERT IGNORE INTO Ulasan (id_produk, id_pembeli, komentar, penilaian) VALUES (59, 45, 'Rerum eum labore. Vitae consequatur eius occaecati repellendus cum ipsa.', 2);
INSERT IGNORE INTO Ulasan (id_produk, id_pembeli, komentar, penilaian) VALUES (9, 13, 'Non facere enim veniam illum nobis.', 3);
INSERT IGNORE INTO Ulasan (id_produk, id_pembeli, komentar, penilaian) VALUES (36, 13, 'Amet iste optio nemo eum est soluta. Tempore inventore hic alias voluptatem dicta.', 2);
INSERT IGNORE INTO Ulasan (id_produk, id_pembeli, komentar, penilaian) VALUES (87, 13, 'Expedita aliquam provident similique nisi ab ea provident. Eligendi dolores ratione odio odio.', 3);
INSERT IGNORE INTO Ulasan (id_produk, id_pembeli, komentar, penilaian) VALUES (55, 56, 'Excepturi laborum corporis eius veritatis quidem itaque.', 2);
INSERT IGNORE INTO Ulasan (id_produk, id_pembeli, komentar, penilaian) VALUES (92, 58, 'At libero occaecati architecto libero pariatur.', 3);
INSERT IGNORE INTO Ulasan (id_produk, id_pembeli, komentar, penilaian) VALUES (88, 23, 'A ducimus commodi sunt reprehenderit alias vitae deleniti.', 2);
INSERT IGNORE INTO Ulasan (id_produk, id_pembeli, komentar, penilaian) VALUES (35, 23, 'Beatae labore vero inventore quia accusamus. Vel dignissimos ducimus. Qui aperiam quibusdam.', 4);
INSERT IGNORE INTO Ulasan (id_produk, id_pembeli, komentar, penilaian) VALUES (16, 50, 'Quam saepe pariatur modi facilis placeat praesentium.', 4);
INSERT IGNORE INTO Ulasan (id_produk, id_pembeli, komentar, penilaian) VALUES (64, 50, 'Tempora veritatis eveniet. Ad sit veniam iste.', 5);
INSERT IGNORE INTO Ulasan (id_produk, id_pembeli, komentar, penilaian) VALUES (50, 50, 'Nam saepe non enim fugit vero.', 3);
INSERT IGNORE INTO Ulasan (id_produk, id_pembeli, komentar, penilaian) VALUES (68, 50, 'Quaerat at sapiente magnam illum. Magnam explicabo quas sequi.', 2);
INSERT IGNORE INTO Ulasan (id_produk, id_pembeli, komentar, penilaian) VALUES (43, 34, 'Commodi a quidem quas nesciunt voluptatibus alias unde.', 1);
INSERT IGNORE INTO Ulasan (id_produk, id_pembeli, komentar, penilaian) VALUES (86, 34, 'Magni velit voluptates quasi cupiditate praesentium. Consequatur culpa adipisci debitis exercitationem iusto.', 2);
INSERT IGNORE INTO Ulasan (id_produk, id_pembeli, komentar, penilaian) VALUES (77, 34, 'Debitis officia culpa doloremque labore.', 4);
INSERT IGNORE INTO Ulasan (id_produk, id_pembeli, komentar, penilaian) VALUES (75, 34, 'Omnis occaecati maxime harum.', 3);
INSERT IGNORE INTO Ulasan (id_produk, id_pembeli, komentar, penilaian) VALUES (36, 26, 'Laboriosam mollitia consequatur ullam facilis rem error.', 4);
INSERT IGNORE INTO Ulasan (id_produk, id_pembeli, komentar, penilaian) VALUES (19, 37, 'Ipsa vitae qui dolores. Corrupti rerum quaerat temporibus quia.', 2);
INSERT IGNORE INTO Ulasan (id_produk, id_pembeli, komentar, penilaian) VALUES (23, 37, 'Sapiente tempore sunt quasi placeat adipisci animi.', 5);
INSERT IGNORE INTO Ulasan (id_produk, id_pembeli, komentar, penilaian) VALUES (70, 37, 'At quisquam voluptatum dicta quas. Aliquid aperiam corporis enim qui ratione.', 1);
INSERT IGNORE INTO Ulasan (id_produk, id_pembeli, komentar, penilaian) VALUES (33, 37, 'In consequatur tempore nulla labore magnam corrupti.', 4);
INSERT IGNORE INTO Ulasan (id_produk, id_pembeli, komentar, penilaian) VALUES (73, 37, 'Natus perspiciatis placeat suscipit deleniti consectetur eaque expedita.', 2);
INSERT IGNORE INTO Ulasan (id_produk, id_pembeli, komentar, penilaian) VALUES (99, 41, 'Quo perferendis accusamus at iusto iusto.', 4);
INSERT IGNORE INTO Ulasan (id_produk, id_pembeli, komentar, penilaian) VALUES (41, 41, 'Esse soluta repudiandae vel alias nemo. Culpa facilis consequatur beatae voluptates quasi.', 5);
INSERT IGNORE INTO Ulasan (id_produk, id_pembeli, komentar, penilaian) VALUES (11, 41, 'Ratione ab mollitia natus. Voluptatum eos earum. Eaque nulla consequuntur architecto.', 5);
INSERT IGNORE INTO Ulasan (id_produk, id_pembeli, komentar, penilaian) VALUES (55, 7, 'Autem corporis aut facilis. Quasi beatae commodi temporibus quo dolores sit doloremque.', 4);
INSERT IGNORE INTO Ulasan (id_produk, id_pembeli, komentar, penilaian) VALUES (99, 7, 'Fugit veritatis quam quam repudiandae.', 1);
INSERT IGNORE INTO Ulasan (id_produk, id_pembeli, komentar, penilaian) VALUES (77, 29, 'Sequi nam dolorem accusamus velit animi.', 4);
INSERT IGNORE INTO Ulasan (id_produk, id_pembeli, komentar, penilaian) VALUES (95, 29, 'Nulla explicabo earum non repellendus aut debitis.', 5);
INSERT IGNORE INTO Ulasan (id_produk, id_pembeli, komentar, penilaian) VALUES (36, 29, 'Quas tempore voluptates perspiciatis error. Quaerat ex cum ipsam sapiente minima.', 1);
INSERT IGNORE INTO Ulasan (id_produk, id_pembeli, komentar, penilaian) VALUES (80, 29, 'Eius cupiditate natus laborum.', 3);
INSERT IGNORE INTO Ulasan (id_produk, id_pembeli, komentar, penilaian) VALUES (50, 1, 'Fugit maxime optio. Deserunt quam at quidem. Voluptate officiis consectetur nemo nemo natus veniam.', 1);
INSERT IGNORE INTO Ulasan (id_produk, id_pembeli, komentar, penilaian) VALUES (41, 9, 'Corrupti ipsam perferendis dolor sed reprehenderit officiis.', 5);
INSERT IGNORE INTO Ulasan (id_produk, id_pembeli, komentar, penilaian) VALUES (31, 9, 'Ad libero et ab a.', 3);
INSERT IGNORE INTO Ulasan (id_produk, id_pembeli, komentar, penilaian) VALUES (29, 9, 'Aspernatur hic odit in laboriosam dicta distinctio. Similique mollitia quas distinctio ducimus fugiat aliquam voluptate.', 5);
INSERT IGNORE INTO Ulasan (id_produk, id_pembeli, komentar, penilaian) VALUES (13, 9, 'Facilis fugit inventore est autem ipsum. Error nostrum nihil tempore blanditiis.', 1);
INSERT IGNORE INTO Ulasan (id_produk, id_pembeli, komentar, penilaian) VALUES (38, 9, 'Consequatur minus officiis nobis aliquid reiciendis tempore. Autem sunt fuga velit sit. Sed eos soluta ex dolore corrupti excepturi.', 3);
INSERT IGNORE INTO Ulasan (id_produk, id_pembeli, komentar, penilaian) VALUES (45, 40, 'A eveniet voluptates corporis officia. Maiores ad nobis nihil. Illum totam eius eum.', 1);
INSERT IGNORE INTO Ulasan (id_produk, id_pembeli, komentar, penilaian) VALUES (47, 40, 'Ut molestiae ipsam reprehenderit ipsam illo quasi.', 5);
INSERT IGNORE INTO Ulasan (id_produk, id_pembeli, komentar, penilaian) VALUES (68, 40, 'Ratione saepe a distinctio aliquam sint impedit.', 1);
INSERT IGNORE INTO Ulasan (id_produk, id_pembeli, komentar, penilaian) VALUES (31, 4, 'Voluptatem nesciunt inventore.', 3);
INSERT IGNORE INTO Ulasan (id_produk, id_pembeli, komentar, penilaian) VALUES (30, 4, 'Animi mollitia sint expedita a eveniet. Quae accusantium voluptas sequi magni aliquam repellat provident. Libero totam nisi exercitationem repellat veniam ipsa eaque.', 4);
INSERT IGNORE INTO Ulasan (id_produk, id_pembeli, komentar, penilaian) VALUES (64, 21, 'Occaecati dicta nostrum perspiciatis placeat tempora at. Eius itaque nulla quaerat inventore incidunt voluptate quidem.', 2);
INSERT IGNORE INTO Ulasan (id_produk, id_pembeli, komentar, penilaian) VALUES (19, 21, 'In praesentium maiores qui ut odit.', 4);
INSERT IGNORE INTO Ulasan (id_produk, id_pembeli, komentar, penilaian) VALUES (73, 21, 'Repudiandae ipsa molestias laborum et omnis distinctio.', 1);
INSERT IGNORE INTO Ulasan (id_produk, id_pembeli, komentar, penilaian) VALUES (75, 21, 'Rerum iste velit quos quod incidunt.', 5);
INSERT IGNORE INTO Ulasan (id_produk, id_pembeli, komentar, penilaian) VALUES (27, 21, 'Odit exercitationem aspernatur. Laboriosam temporibus blanditiis nam debitis sed.', 3);
INSERT IGNORE INTO Ulasan (id_produk, id_pembeli, komentar, penilaian) VALUES (36, 10, 'Animi quasi aliquam a enim aliquam ipsam. Vero dignissimos inventore animi quo ab sapiente. Rem sint dolor. Repudiandae consectetur eveniet est.', 1);
INSERT IGNORE INTO Ulasan (id_produk, id_pembeli, komentar, penilaian) VALUES (25, 33, 'Totam nobis adipisci. Nihil aliquam ad maxime maiores. Ducimus tempore explicabo quis maiores quidem quod.', 3);
INSERT IGNORE INTO Ulasan (id_produk, id_pembeli, komentar, penilaian) VALUES (73, 31, 'Libero qui quibusdam quisquam aliquid praesentium.', 3);
INSERT IGNORE INTO Ulasan (id_produk, id_pembeli, komentar, penilaian) VALUES (65, 31, 'Eligendi itaque architecto vel tempora iure.', 1);
INSERT IGNORE INTO Ulasan (id_produk, id_pembeli, komentar, penilaian) VALUES (78, 31, 'At magnam dolores. Hic ea voluptatibus eos voluptate. Quam doloremque nulla necessitatibus fuga. Dolor adipisci nemo ut recusandae vel optio.', 2);
INSERT IGNORE INTO Ulasan (id_produk, id_pembeli, komentar, penilaian) VALUES (42, 31, 'Quo quasi facilis nihil accusantium eligendi. Temporibus dolore ducimus.', 3);
INSERT IGNORE INTO Ulasan (id_produk, id_pembeli, komentar, penilaian) VALUES (18, 31, 'Neque mollitia vero perferendis. Id nesciunt nihil incidunt voluptas.', 5);
INSERT IGNORE INTO Ulasan (id_produk, id_pembeli, komentar, penilaian) VALUES (54, 48, 'Provident similique aut aut rem itaque perspiciatis. Repellat incidunt magni quae earum provident officiis.', 1);
INSERT IGNORE INTO Ulasan (id_produk, id_pembeli, komentar, penilaian) VALUES (25, 48, 'Iusto vel libero.', 2);
INSERT IGNORE INTO Ulasan (id_produk, id_pembeli, komentar, penilaian) VALUES (57, 15, 'Aperiam minus cumque.', 2);
INSERT IGNORE INTO Ulasan (id_produk, id_pembeli, komentar, penilaian) VALUES (8, 15, 'Temporibus vel eveniet soluta ratione nulla repudiandae. Explicabo ut esse aut. Earum numquam dolores quidem nam dolorem distinctio.', 5);
INSERT IGNORE INTO Ulasan (id_produk, id_pembeli, komentar, penilaian) VALUES (41, 60, 'Nihil eaque nihil maiores dolorem tempora suscipit veniam. Nam quam sit totam voluptate perspiciatis. Nulla necessitatibus similique.', 2);
INSERT IGNORE INTO Ulasan (id_produk, id_pembeli, komentar, penilaian) VALUES (69, 60, 'Dolores voluptas nostrum et ipsum quibusdam consequuntur.', 1);
INSERT IGNORE INTO Ulasan (id_produk, id_pembeli, komentar, penilaian) VALUES (33, 60, 'Nesciunt commodi officia labore.', 4);
INSERT IGNORE INTO Ulasan (id_produk, id_pembeli, komentar, penilaian) VALUES (30, 60, 'Illo ex aliquam ad accusantium dolores quidem amet.', 1);
INSERT IGNORE INTO Ulasan (id_produk, id_pembeli, komentar, penilaian) VALUES (16, 8, 'Natus rerum a officiis. Quasi labore quis at nihil omnis. Pariatur aut impedit nobis blanditiis mollitia ducimus asperiores.', 4);
INSERT IGNORE INTO Ulasan (id_produk, id_pembeli, komentar, penilaian) VALUES (81, 8, 'Perferendis recusandae earum distinctio animi quidem unde. Facilis pariatur cum voluptates nesciunt ullam exercitationem.', 2);
INSERT IGNORE INTO Ulasan (id_produk, id_pembeli, komentar, penilaian) VALUES (78, 8, 'Blanditiis sequi iste fugiat. Consequatur eum in doloribus a alias iure.', 5);
INSERT IGNORE INTO Ulasan (id_produk, id_pembeli, komentar, penilaian) VALUES (8, 47, 'Inventore ipsa voluptas inventore adipisci sapiente. Nisi occaecati explicabo repellendus rerum vitae.', 1);
INSERT IGNORE INTO Ulasan (id_produk, id_pembeli, komentar, penilaian) VALUES (43, 47, 'Nam facilis fugit est quidem rem laborum.', 2);
INSERT IGNORE INTO Ulasan (id_produk, id_pembeli, komentar, penilaian) VALUES (45, 47, 'Aut reprehenderit veniam incidunt fugit a. Totam eum asperiores dicta sunt laboriosam maiores.', 5);
INSERT IGNORE INTO Ulasan (id_produk, id_pembeli, komentar, penilaian) VALUES (19, 47, 'Perferendis consequuntur non quia corporis. Officia dolorem quaerat illum cum eum.', 4);
INSERT IGNORE INTO Ulasan (id_produk, id_pembeli, komentar, penilaian) VALUES (90, 47, 'Nihil doloribus accusantium iste incidunt ad excepturi. Qui sequi saepe ipsa quibusdam maiores neque excepturi.', 1);
INSERT IGNORE INTO Ulasan (id_produk, id_pembeli, komentar, penilaian) VALUES (73, 20, 'Incidunt odio earum.', 2);
INSERT IGNORE INTO Ulasan (id_produk, id_pembeli, komentar, penilaian) VALUES (96, 20, 'Quisquam aut sequi nesciunt. Neque laborum nisi voluptas atque.', 1);
INSERT IGNORE INTO Ulasan (id_produk, id_pembeli, komentar, penilaian) VALUES (51, 20, 'Qui accusantium voluptatem ab quas. Laborum similique modi temporibus.', 4);
INSERT IGNORE INTO Ulasan (id_produk, id_pembeli, komentar, penilaian) VALUES (11, 35, 'Veritatis laudantium consectetur modi.', 5);
INSERT IGNORE INTO Ulasan (id_produk, id_pembeli, komentar, penilaian) VALUES (60, 27, 'Eligendi dignissimos commodi maxime temporibus.', 4);
INSERT IGNORE INTO Ulasan (id_produk, id_pembeli, komentar, penilaian) VALUES (71, 52, 'Sit amet doloribus pariatur sapiente quis aut. Voluptatem voluptatem nam nulla esse.', 4);
INSERT IGNORE INTO Ulasan (id_produk, id_pembeli, komentar, penilaian) VALUES (96, 18, 'Facere accusantium sint deleniti beatae. Officiis doloremque nulla reiciendis eum impedit.', 4);
INSERT IGNORE INTO Ulasan (id_produk, id_pembeli, komentar, penilaian) VALUES (69, 4, 'A ratione illum tempora commodi laborum. Assumenda ratione nam sapiente voluptas voluptates soluta. Molestiae accusamus repellendus aperiam ea.', 3);
INSERT IGNORE INTO Ulasan (id_produk, id_pembeli, komentar, penilaian) VALUES (75, 8, 'Debitis debitis quod nostrum accusamus rerum non modi. Reiciendis sint suscipit quod vitae harum.
Molestiae cum dolorem magnam ipsa.', 5);
INSERT IGNORE INTO Ulasan (id_produk, id_pembeli, komentar, penilaian) VALUES (17, 56, 'Atque non culpa architecto rem quidem minus. Consectetur hic alias provident voluptatem. Aliquam illum repellat saepe magni rerum saepe.', 3);

-- Teman
INSERT IGNORE INTO Teman (id_diikuti, id_mengikuti) VALUES (7, 1);
INSERT IGNORE INTO Teman (id_diikuti, id_mengikuti) VALUES (37, 1);
INSERT IGNORE INTO Teman (id_diikuti, id_mengikuti) VALUES (30, 2);
INSERT IGNORE INTO Teman (id_diikuti, id_mengikuti) VALUES (65, 3);
INSERT IGNORE INTO Teman (id_diikuti, id_mengikuti) VALUES (89, 4);
INSERT IGNORE INTO Teman (id_diikuti, id_mengikuti) VALUES (29, 4);
INSERT IGNORE INTO Teman (id_diikuti, id_mengikuti) VALUES (15, 4);
INSERT IGNORE INTO Teman (id_diikuti, id_mengikuti) VALUES (38, 4);
INSERT IGNORE INTO Teman (id_diikuti, id_mengikuti) VALUES (85, 4);
INSERT IGNORE INTO Teman (id_diikuti, id_mengikuti) VALUES (65, 4);
INSERT IGNORE INTO Teman (id_diikuti, id_mengikuti) VALUES (68, 5);
INSERT IGNORE INTO Teman (id_diikuti, id_mengikuti) VALUES (106, 5);
INSERT IGNORE INTO Teman (id_diikuti, id_mengikuti) VALUES (29, 5);
INSERT IGNORE INTO Teman (id_diikuti, id_mengikuti) VALUES (44, 5);
INSERT IGNORE INTO Teman (id_diikuti, id_mengikuti) VALUES (58, 6);
INSERT IGNORE INTO Teman (id_diikuti, id_mengikuti) VALUES (102, 6);
INSERT IGNORE INTO Teman (id_diikuti, id_mengikuti) VALUES (34, 6);
INSERT IGNORE INTO Teman (id_diikuti, id_mengikuti) VALUES (87, 6);
INSERT IGNORE INTO Teman (id_diikuti, id_mengikuti) VALUES (25, 6);
INSERT IGNORE INTO Teman (id_diikuti, id_mengikuti) VALUES (36, 7);
INSERT IGNORE INTO Teman (id_diikuti, id_mengikuti) VALUES (5, 7);
INSERT IGNORE INTO Teman (id_diikuti, id_mengikuti) VALUES (87, 7);
INSERT IGNORE INTO Teman (id_diikuti, id_mengikuti) VALUES (110, 7);
INSERT IGNORE INTO Teman (id_diikuti, id_mengikuti) VALUES (76, 8);
INSERT IGNORE INTO Teman (id_diikuti, id_mengikuti) VALUES (42, 8);
INSERT IGNORE INTO Teman (id_diikuti, id_mengikuti) VALUES (45, 8);
INSERT IGNORE INTO Teman (id_diikuti, id_mengikuti) VALUES (4, 9);
INSERT IGNORE INTO Teman (id_diikuti, id_mengikuti) VALUES (98, 9);
INSERT IGNORE INTO Teman (id_diikuti, id_mengikuti) VALUES (108, 10);
INSERT IGNORE INTO Teman (id_diikuti, id_mengikuti) VALUES (89, 10);
INSERT IGNORE INTO Teman (id_diikuti, id_mengikuti) VALUES (4, 10);
INSERT IGNORE INTO Teman (id_diikuti, id_mengikuti) VALUES (86, 12);
INSERT IGNORE INTO Teman (id_diikuti, id_mengikuti) VALUES (73, 13);
INSERT IGNORE INTO Teman (id_diikuti, id_mengikuti) VALUES (83, 13);
INSERT IGNORE INTO Teman (id_diikuti, id_mengikuti) VALUES (16, 13);
INSERT IGNORE INTO Teman (id_diikuti, id_mengikuti) VALUES (96, 13);
INSERT IGNORE INTO Teman (id_diikuti, id_mengikuti) VALUES (22, 13);
INSERT IGNORE INTO Teman (id_diikuti, id_mengikuti) VALUES (75, 13);
INSERT IGNORE INTO Teman (id_diikuti, id_mengikuti) VALUES (74, 13);
INSERT IGNORE INTO Teman (id_diikuti, id_mengikuti) VALUES (20, 14);
INSERT IGNORE INTO Teman (id_diikuti, id_mengikuti) VALUES (31, 15);
INSERT IGNORE INTO Teman (id_diikuti, id_mengikuti) VALUES (11, 15);
INSERT IGNORE INTO Teman (id_diikuti, id_mengikuti) VALUES (45, 15);
INSERT IGNORE INTO Teman (id_diikuti, id_mengikuti) VALUES (5, 15);
INSERT IGNORE INTO Teman (id_diikuti, id_mengikuti) VALUES (3, 15);
INSERT IGNORE INTO Teman (id_diikuti, id_mengikuti) VALUES (103, 16);
INSERT IGNORE INTO Teman (id_diikuti, id_mengikuti) VALUES (8, 17);
INSERT IGNORE INTO Teman (id_diikuti, id_mengikuti) VALUES (11, 17);
INSERT IGNORE INTO Teman (id_diikuti, id_mengikuti) VALUES (108, 17);
INSERT IGNORE INTO Teman (id_diikuti, id_mengikuti) VALUES (87, 17);
INSERT IGNORE INTO Teman (id_diikuti, id_mengikuti) VALUES (49, 17);
INSERT IGNORE INTO Teman (id_diikuti, id_mengikuti) VALUES (72, 18);
INSERT IGNORE INTO Teman (id_diikuti, id_mengikuti) VALUES (81, 18);
INSERT IGNORE INTO Teman (id_diikuti, id_mengikuti) VALUES (56, 18);
INSERT IGNORE INTO Teman (id_diikuti, id_mengikuti) VALUES (33, 18);
INSERT IGNORE INTO Teman (id_diikuti, id_mengikuti) VALUES (90, 19);
INSERT IGNORE INTO Teman (id_diikuti, id_mengikuti) VALUES (4, 20);
INSERT IGNORE INTO Teman (id_diikuti, id_mengikuti) VALUES (15, 20);
INSERT IGNORE INTO Teman (id_diikuti, id_mengikuti) VALUES (49, 20);
INSERT IGNORE INTO Teman (id_diikuti, id_mengikuti) VALUES (64, 20);
INSERT IGNORE INTO Teman (id_diikuti, id_mengikuti) VALUES (1, 20);
INSERT IGNORE INTO Teman (id_diikuti, id_mengikuti) VALUES (14, 20);
INSERT IGNORE INTO Teman (id_diikuti, id_mengikuti) VALUES (37, 22);
INSERT IGNORE INTO Teman (id_diikuti, id_mengikuti) VALUES (48, 22);
INSERT IGNORE INTO Teman (id_diikuti, id_mengikuti) VALUES (89, 23);
INSERT IGNORE INTO Teman (id_diikuti, id_mengikuti) VALUES (68, 23);
INSERT IGNORE INTO Teman (id_diikuti, id_mengikuti) VALUES (26, 25);
INSERT IGNORE INTO Teman (id_diikuti, id_mengikuti) VALUES (15, 25);
INSERT IGNORE INTO Teman (id_diikuti, id_mengikuti) VALUES (109, 27);
INSERT IGNORE INTO Teman (id_diikuti, id_mengikuti) VALUES (43, 27);
INSERT IGNORE INTO Teman (id_diikuti, id_mengikuti) VALUES (101, 27);
INSERT IGNORE INTO Teman (id_diikuti, id_mengikuti) VALUES (42, 27);
INSERT IGNORE INTO Teman (id_diikuti, id_mengikuti) VALUES (55, 27);
INSERT IGNORE INTO Teman (id_diikuti, id_mengikuti) VALUES (72, 27);
INSERT IGNORE INTO Teman (id_diikuti, id_mengikuti) VALUES (20, 28);
INSERT IGNORE INTO Teman (id_diikuti, id_mengikuti) VALUES (33, 28);
INSERT IGNORE INTO Teman (id_diikuti, id_mengikuti) VALUES (94, 28);
INSERT IGNORE INTO Teman (id_diikuti, id_mengikuti) VALUES (42, 28);
INSERT IGNORE INTO Teman (id_diikuti, id_mengikuti) VALUES (66, 28);
INSERT IGNORE INTO Teman (id_diikuti, id_mengikuti) VALUES (86, 29);
INSERT IGNORE INTO Teman (id_diikuti, id_mengikuti) VALUES (75, 29);
INSERT IGNORE INTO Teman (id_diikuti, id_mengikuti) VALUES (56, 29);
INSERT IGNORE INTO Teman (id_diikuti, id_mengikuti) VALUES (90, 29);
INSERT IGNORE INTO Teman (id_diikuti, id_mengikuti) VALUES (95, 29);
INSERT IGNORE INTO Teman (id_diikuti, id_mengikuti) VALUES (58, 29);
INSERT IGNORE INTO Teman (id_diikuti, id_mengikuti) VALUES (23, 29);
INSERT IGNORE INTO Teman (id_diikuti, id_mengikuti) VALUES (107, 30);
INSERT IGNORE INTO Teman (id_diikuti, id_mengikuti) VALUES (106, 31);
INSERT IGNORE INTO Teman (id_diikuti, id_mengikuti) VALUES (68, 31);
INSERT IGNORE INTO Teman (id_diikuti, id_mengikuti) VALUES (33, 32);
INSERT IGNORE INTO Teman (id_diikuti, id_mengikuti) VALUES (57, 32);
INSERT IGNORE INTO Teman (id_diikuti, id_mengikuti) VALUES (67, 32);
INSERT IGNORE INTO Teman (id_diikuti, id_mengikuti) VALUES (7, 34);
INSERT IGNORE INTO Teman (id_diikuti, id_mengikuti) VALUES (107, 34);
INSERT IGNORE INTO Teman (id_diikuti, id_mengikuti) VALUES (72, 35);
INSERT IGNORE INTO Teman (id_diikuti, id_mengikuti) VALUES (13, 35);
INSERT IGNORE INTO Teman (id_diikuti, id_mengikuti) VALUES (59, 35);
INSERT IGNORE INTO Teman (id_diikuti, id_mengikuti) VALUES (2, 35);
INSERT IGNORE INTO Teman (id_diikuti, id_mengikuti) VALUES (38, 35);
INSERT IGNORE INTO Teman (id_diikuti, id_mengikuti) VALUES (85, 35);
INSERT IGNORE INTO Teman (id_diikuti, id_mengikuti) VALUES (19, 35);
INSERT IGNORE INTO Teman (id_diikuti, id_mengikuti) VALUES (93, 36);
INSERT IGNORE INTO Teman (id_diikuti, id_mengikuti) VALUES (13, 36);
INSERT IGNORE INTO Teman (id_diikuti, id_mengikuti) VALUES (27, 37);
INSERT IGNORE INTO Teman (id_diikuti, id_mengikuti) VALUES (105, 37);
INSERT IGNORE INTO Teman (id_diikuti, id_mengikuti) VALUES (42, 37);
INSERT IGNORE INTO Teman (id_diikuti, id_mengikuti) VALUES (7, 37);
INSERT IGNORE INTO Teman (id_diikuti, id_mengikuti) VALUES (28, 38);
INSERT IGNORE INTO Teman (id_diikuti, id_mengikuti) VALUES (70, 38);
INSERT IGNORE INTO Teman (id_diikuti, id_mengikuti) VALUES (95, 38);
INSERT IGNORE INTO Teman (id_diikuti, id_mengikuti) VALUES (27, 38);
INSERT IGNORE INTO Teman (id_diikuti, id_mengikuti) VALUES (98, 38);
INSERT IGNORE INTO Teman (id_diikuti, id_mengikuti) VALUES (18, 38);
INSERT IGNORE INTO Teman (id_diikuti, id_mengikuti) VALUES (57, 38);
INSERT IGNORE INTO Teman (id_diikuti, id_mengikuti) VALUES (51, 39);
INSERT IGNORE INTO Teman (id_diikuti, id_mengikuti) VALUES (99, 39);
INSERT IGNORE INTO Teman (id_diikuti, id_mengikuti) VALUES (82, 39);
INSERT IGNORE INTO Teman (id_diikuti, id_mengikuti) VALUES (79, 39);
INSERT IGNORE INTO Teman (id_diikuti, id_mengikuti) VALUES (106, 39);
INSERT IGNORE INTO Teman (id_diikuti, id_mengikuti) VALUES (10, 39);
INSERT IGNORE INTO Teman (id_diikuti, id_mengikuti) VALUES (53, 39);
INSERT IGNORE INTO Teman (id_diikuti, id_mengikuti) VALUES (52, 40);
INSERT IGNORE INTO Teman (id_diikuti, id_mengikuti) VALUES (77, 40);
INSERT IGNORE INTO Teman (id_diikuti, id_mengikuti) VALUES (84, 41);
INSERT IGNORE INTO Teman (id_diikuti, id_mengikuti) VALUES (86, 41);
INSERT IGNORE INTO Teman (id_diikuti, id_mengikuti) VALUES (15, 41);
INSERT IGNORE INTO Teman (id_diikuti, id_mengikuti) VALUES (97, 41);
INSERT IGNORE INTO Teman (id_diikuti, id_mengikuti) VALUES (56, 41);
INSERT IGNORE INTO Teman (id_diikuti, id_mengikuti) VALUES (60, 41);
INSERT IGNORE INTO Teman (id_diikuti, id_mengikuti) VALUES (27, 42);
INSERT IGNORE INTO Teman (id_diikuti, id_mengikuti) VALUES (4, 42);
INSERT IGNORE INTO Teman (id_diikuti, id_mengikuti) VALUES (24, 43);
INSERT IGNORE INTO Teman (id_diikuti, id_mengikuti) VALUES (74, 43);
INSERT IGNORE INTO Teman (id_diikuti, id_mengikuti) VALUES (96, 44);
INSERT IGNORE INTO Teman (id_diikuti, id_mengikuti) VALUES (45, 44);
INSERT IGNORE INTO Teman (id_diikuti, id_mengikuti) VALUES (102, 44);
INSERT IGNORE INTO Teman (id_diikuti, id_mengikuti) VALUES (26, 44);
INSERT IGNORE INTO Teman (id_diikuti, id_mengikuti) VALUES (10, 44);
INSERT IGNORE INTO Teman (id_diikuti, id_mengikuti) VALUES (56, 44);
INSERT IGNORE INTO Teman (id_diikuti, id_mengikuti) VALUES (29, 44);
INSERT IGNORE INTO Teman (id_diikuti, id_mengikuti) VALUES (69, 45);
INSERT IGNORE INTO Teman (id_diikuti, id_mengikuti) VALUES (22, 45);
INSERT IGNORE INTO Teman (id_diikuti, id_mengikuti) VALUES (80, 45);
INSERT IGNORE INTO Teman (id_diikuti, id_mengikuti) VALUES (55, 45);
INSERT IGNORE INTO Teman (id_diikuti, id_mengikuti) VALUES (62, 45);
INSERT IGNORE INTO Teman (id_diikuti, id_mengikuti) VALUES (83, 46);
INSERT IGNORE INTO Teman (id_diikuti, id_mengikuti) VALUES (79, 46);
INSERT IGNORE INTO Teman (id_diikuti, id_mengikuti) VALUES (45, 46);
INSERT IGNORE INTO Teman (id_diikuti, id_mengikuti) VALUES (58, 46);
INSERT IGNORE INTO Teman (id_diikuti, id_mengikuti) VALUES (62, 46);
INSERT IGNORE INTO Teman (id_diikuti, id_mengikuti) VALUES (17, 46);
INSERT IGNORE INTO Teman (id_diikuti, id_mengikuti) VALUES (102, 46);
INSERT IGNORE INTO Teman (id_diikuti, id_mengikuti) VALUES (51, 48);
INSERT IGNORE INTO Teman (id_diikuti, id_mengikuti) VALUES (19, 48);
INSERT IGNORE INTO Teman (id_diikuti, id_mengikuti) VALUES (65, 48);
INSERT IGNORE INTO Teman (id_diikuti, id_mengikuti) VALUES (100, 48);
INSERT IGNORE INTO Teman (id_diikuti, id_mengikuti) VALUES (88, 49);
INSERT IGNORE INTO Teman (id_diikuti, id_mengikuti) VALUES (12, 49);
INSERT IGNORE INTO Teman (id_diikuti, id_mengikuti) VALUES (82, 50);
INSERT IGNORE INTO Teman (id_diikuti, id_mengikuti) VALUES (70, 50);
INSERT IGNORE INTO Teman (id_diikuti, id_mengikuti) VALUES (88, 50);
INSERT IGNORE INTO Teman (id_diikuti, id_mengikuti) VALUES (9, 50);
INSERT IGNORE INTO Teman (id_diikuti, id_mengikuti) VALUES (66, 51);
INSERT IGNORE INTO Teman (id_diikuti, id_mengikuti) VALUES (32, 51);
INSERT IGNORE INTO Teman (id_diikuti, id_mengikuti) VALUES (87, 51);
INSERT IGNORE INTO Teman (id_diikuti, id_mengikuti) VALUES (64, 51);
INSERT IGNORE INTO Teman (id_diikuti, id_mengikuti) VALUES (76, 52);
INSERT IGNORE INTO Teman (id_diikuti, id_mengikuti) VALUES (1, 52);
INSERT IGNORE INTO Teman (id_diikuti, id_mengikuti) VALUES (105, 52);
INSERT IGNORE INTO Teman (id_diikuti, id_mengikuti) VALUES (67, 52);
INSERT IGNORE INTO Teman (id_diikuti, id_mengikuti) VALUES (36, 52);
INSERT IGNORE INTO Teman (id_diikuti, id_mengikuti) VALUES (93, 53);
INSERT IGNORE INTO Teman (id_diikuti, id_mengikuti) VALUES (78, 53);
INSERT IGNORE INTO Teman (id_diikuti, id_mengikuti) VALUES (89, 53);
INSERT IGNORE INTO Teman (id_diikuti, id_mengikuti) VALUES (109, 53);
INSERT IGNORE INTO Teman (id_diikuti, id_mengikuti) VALUES (50, 54);
INSERT IGNORE INTO Teman (id_diikuti, id_mengikuti) VALUES (71, 54);
INSERT IGNORE INTO Teman (id_diikuti, id_mengikuti) VALUES (28, 54);
INSERT IGNORE INTO Teman (id_diikuti, id_mengikuti) VALUES (38, 54);
INSERT IGNORE INTO Teman (id_diikuti, id_mengikuti) VALUES (57, 54);
INSERT IGNORE INTO Teman (id_diikuti, id_mengikuti) VALUES (71, 55);
INSERT IGNORE INTO Teman (id_diikuti, id_mengikuti) VALUES (28, 55);
INSERT IGNORE INTO Teman (id_diikuti, id_mengikuti) VALUES (107, 56);
INSERT IGNORE INTO Teman (id_diikuti, id_mengikuti) VALUES (25, 57);
INSERT IGNORE INTO Teman (id_diikuti, id_mengikuti) VALUES (108, 57);
INSERT IGNORE INTO Teman (id_diikuti, id_mengikuti) VALUES (109, 58);
INSERT IGNORE INTO Teman (id_diikuti, id_mengikuti) VALUES (31, 58);
INSERT IGNORE INTO Teman (id_diikuti, id_mengikuti) VALUES (49, 58);
INSERT IGNORE INTO Teman (id_diikuti, id_mengikuti) VALUES (23, 58);
INSERT IGNORE INTO Teman (id_diikuti, id_mengikuti) VALUES (76, 58);
INSERT IGNORE INTO Teman (id_diikuti, id_mengikuti) VALUES (35, 58);
INSERT IGNORE INTO Teman (id_diikuti, id_mengikuti) VALUES (76, 59);
INSERT IGNORE INTO Teman (id_diikuti, id_mengikuti) VALUES (64, 59);
INSERT IGNORE INTO Teman (id_diikuti, id_mengikuti) VALUES (14, 59);
INSERT IGNORE INTO Teman (id_diikuti, id_mengikuti) VALUES (22, 61);
INSERT IGNORE INTO Teman (id_diikuti, id_mengikuti) VALUES (93, 61);
INSERT IGNORE INTO Teman (id_diikuti, id_mengikuti) VALUES (103, 61);
INSERT IGNORE INTO Teman (id_diikuti, id_mengikuti) VALUES (53, 62);
INSERT IGNORE INTO Teman (id_diikuti, id_mengikuti) VALUES (75, 62);
INSERT IGNORE INTO Teman (id_diikuti, id_mengikuti) VALUES (101, 62);
INSERT IGNORE INTO Teman (id_diikuti, id_mengikuti) VALUES (70, 62);
INSERT IGNORE INTO Teman (id_diikuti, id_mengikuti) VALUES (24, 62);
INSERT IGNORE INTO Teman (id_diikuti, id_mengikuti) VALUES (110, 62);
INSERT IGNORE INTO Teman (id_diikuti, id_mengikuti) VALUES (24, 63);
INSERT IGNORE INTO Teman (id_diikuti, id_mengikuti) VALUES (107, 64);
INSERT IGNORE INTO Teman (id_diikuti, id_mengikuti) VALUES (37, 65);
INSERT IGNORE INTO Teman (id_diikuti, id_mengikuti) VALUES (27, 66);
INSERT IGNORE INTO Teman (id_diikuti, id_mengikuti) VALUES (92, 66);
INSERT IGNORE INTO Teman (id_diikuti, id_mengikuti) VALUES (62, 66);
INSERT IGNORE INTO Teman (id_diikuti, id_mengikuti) VALUES (65, 67);
INSERT IGNORE INTO Teman (id_diikuti, id_mengikuti) VALUES (61, 67);
INSERT IGNORE INTO Teman (id_diikuti, id_mengikuti) VALUES (24, 67);
INSERT IGNORE INTO Teman (id_diikuti, id_mengikuti) VALUES (12, 68);
INSERT IGNORE INTO Teman (id_diikuti, id_mengikuti) VALUES (96, 69);
INSERT IGNORE INTO Teman (id_diikuti, id_mengikuti) VALUES (70, 69);
INSERT IGNORE INTO Teman (id_diikuti, id_mengikuti) VALUES (49, 69);
INSERT IGNORE INTO Teman (id_diikuti, id_mengikuti) VALUES (31, 70);
INSERT IGNORE INTO Teman (id_diikuti, id_mengikuti) VALUES (25, 70);
INSERT IGNORE INTO Teman (id_diikuti, id_mengikuti) VALUES (69, 70);
INSERT IGNORE INTO Teman (id_diikuti, id_mengikuti) VALUES (37, 70);
INSERT IGNORE INTO Teman (id_diikuti, id_mengikuti) VALUES (75, 71);
INSERT IGNORE INTO Teman (id_diikuti, id_mengikuti) VALUES (101, 71);
INSERT IGNORE INTO Teman (id_diikuti, id_mengikuti) VALUES (87, 71);
INSERT IGNORE INTO Teman (id_diikuti, id_mengikuti) VALUES (40, 71);
INSERT IGNORE INTO Teman (id_diikuti, id_mengikuti) VALUES (65, 71);
INSERT IGNORE INTO Teman (id_diikuti, id_mengikuti) VALUES (69, 71);
INSERT IGNORE INTO Teman (id_diikuti, id_mengikuti) VALUES (41, 71);
INSERT IGNORE INTO Teman (id_diikuti, id_mengikuti) VALUES (95, 72);
INSERT IGNORE INTO Teman (id_diikuti, id_mengikuti) VALUES (34, 72);
INSERT IGNORE INTO Teman (id_diikuti, id_mengikuti) VALUES (16, 72);
INSERT IGNORE INTO Teman (id_diikuti, id_mengikuti) VALUES (108, 72);
INSERT IGNORE INTO Teman (id_diikuti, id_mengikuti) VALUES (42, 72);
INSERT IGNORE INTO Teman (id_diikuti, id_mengikuti) VALUES (55, 72);
INSERT IGNORE INTO Teman (id_diikuti, id_mengikuti) VALUES (39, 73);
INSERT IGNORE INTO Teman (id_diikuti, id_mengikuti) VALUES (51, 73);
INSERT IGNORE INTO Teman (id_diikuti, id_mengikuti) VALUES (14, 73);
INSERT IGNORE INTO Teman (id_diikuti, id_mengikuti) VALUES (49, 73);
INSERT IGNORE INTO Teman (id_diikuti, id_mengikuti) VALUES (107, 74);
INSERT IGNORE INTO Teman (id_diikuti, id_mengikuti) VALUES (7, 74);
INSERT IGNORE INTO Teman (id_diikuti, id_mengikuti) VALUES (21, 74);
INSERT IGNORE INTO Teman (id_diikuti, id_mengikuti) VALUES (87, 74);
INSERT IGNORE INTO Teman (id_diikuti, id_mengikuti) VALUES (48, 74);
INSERT IGNORE INTO Teman (id_diikuti, id_mengikuti) VALUES (32, 74);
INSERT IGNORE INTO Teman (id_diikuti, id_mengikuti) VALUES (8, 74);
INSERT IGNORE INTO Teman (id_diikuti, id_mengikuti) VALUES (92, 75);
INSERT IGNORE INTO Teman (id_diikuti, id_mengikuti) VALUES (40, 75);
INSERT IGNORE INTO Teman (id_diikuti, id_mengikuti) VALUES (20, 75);
INSERT IGNORE INTO Teman (id_diikuti, id_mengikuti) VALUES (49, 76);
INSERT IGNORE INTO Teman (id_diikuti, id_mengikuti) VALUES (39, 76);
INSERT IGNORE INTO Teman (id_diikuti, id_mengikuti) VALUES (69, 77);
INSERT IGNORE INTO Teman (id_diikuti, id_mengikuti) VALUES (1, 77);
INSERT IGNORE INTO Teman (id_diikuti, id_mengikuti) VALUES (77, 78);
INSERT IGNORE INTO Teman (id_diikuti, id_mengikuti) VALUES (94, 78);
INSERT IGNORE INTO Teman (id_diikuti, id_mengikuti) VALUES (27, 78);
INSERT IGNORE INTO Teman (id_diikuti, id_mengikuti) VALUES (27, 79);
INSERT IGNORE INTO Teman (id_diikuti, id_mengikuti) VALUES (71, 79);
INSERT IGNORE INTO Teman (id_diikuti, id_mengikuti) VALUES (95, 79);
INSERT IGNORE INTO Teman (id_diikuti, id_mengikuti) VALUES (90, 79);
INSERT IGNORE INTO Teman (id_diikuti, id_mengikuti) VALUES (20, 79);
INSERT IGNORE INTO Teman (id_diikuti, id_mengikuti) VALUES (23, 79);
INSERT IGNORE INTO Teman (id_diikuti, id_mengikuti) VALUES (102, 79);
INSERT IGNORE INTO Teman (id_diikuti, id_mengikuti) VALUES (98, 80);
INSERT IGNORE INTO Teman (id_diikuti, id_mengikuti) VALUES (22, 81);
INSERT IGNORE INTO Teman (id_diikuti, id_mengikuti) VALUES (67, 81);
INSERT IGNORE INTO Teman (id_diikuti, id_mengikuti) VALUES (36, 81);
INSERT IGNORE INTO Teman (id_diikuti, id_mengikuti) VALUES (3, 82);
INSERT IGNORE INTO Teman (id_diikuti, id_mengikuti) VALUES (95, 83);
INSERT IGNORE INTO Teman (id_diikuti, id_mengikuti) VALUES (76, 83);
INSERT IGNORE INTO Teman (id_diikuti, id_mengikuti) VALUES (40, 83);
INSERT IGNORE INTO Teman (id_diikuti, id_mengikuti) VALUES (79, 83);
INSERT IGNORE INTO Teman (id_diikuti, id_mengikuti) VALUES (53, 84);
INSERT IGNORE INTO Teman (id_diikuti, id_mengikuti) VALUES (17, 84);
INSERT IGNORE INTO Teman (id_diikuti, id_mengikuti) VALUES (95, 84);
INSERT IGNORE INTO Teman (id_diikuti, id_mengikuti) VALUES (104, 84);
INSERT IGNORE INTO Teman (id_diikuti, id_mengikuti) VALUES (101, 84);
INSERT IGNORE INTO Teman (id_diikuti, id_mengikuti) VALUES (3, 84);
INSERT IGNORE INTO Teman (id_diikuti, id_mengikuti) VALUES (16, 84);
INSERT IGNORE INTO Teman (id_diikuti, id_mengikuti) VALUES (99, 87);
INSERT IGNORE INTO Teman (id_diikuti, id_mengikuti) VALUES (73, 87);
INSERT IGNORE INTO Teman (id_diikuti, id_mengikuti) VALUES (51, 87);
INSERT IGNORE INTO Teman (id_diikuti, id_mengikuti) VALUES (15, 87);
INSERT IGNORE INTO Teman (id_diikuti, id_mengikuti) VALUES (83, 87);
INSERT IGNORE INTO Teman (id_diikuti, id_mengikuti) VALUES (99, 88);
INSERT IGNORE INTO Teman (id_diikuti, id_mengikuti) VALUES (34, 88);
INSERT IGNORE INTO Teman (id_diikuti, id_mengikuti) VALUES (38, 88);
INSERT IGNORE INTO Teman (id_diikuti, id_mengikuti) VALUES (83, 88);
INSERT IGNORE INTO Teman (id_diikuti, id_mengikuti) VALUES (18, 88);
INSERT IGNORE INTO Teman (id_diikuti, id_mengikuti) VALUES (61, 88);
INSERT IGNORE INTO Teman (id_diikuti, id_mengikuti) VALUES (15, 89);
INSERT IGNORE INTO Teman (id_diikuti, id_mengikuti) VALUES (5, 89);
INSERT IGNORE INTO Teman (id_diikuti, id_mengikuti) VALUES (3, 89);
INSERT IGNORE INTO Teman (id_diikuti, id_mengikuti) VALUES (44, 89);
INSERT IGNORE INTO Teman (id_diikuti, id_mengikuti) VALUES (19, 89);
INSERT IGNORE INTO Teman (id_diikuti, id_mengikuti) VALUES (27, 89);
INSERT IGNORE INTO Teman (id_diikuti, id_mengikuti) VALUES (9, 91);
INSERT IGNORE INTO Teman (id_diikuti, id_mengikuti) VALUES (57, 92);
INSERT IGNORE INTO Teman (id_diikuti, id_mengikuti) VALUES (99, 93);
INSERT IGNORE INTO Teman (id_diikuti, id_mengikuti) VALUES (12, 93);
INSERT IGNORE INTO Teman (id_diikuti, id_mengikuti) VALUES (44, 93);
INSERT IGNORE INTO Teman (id_diikuti, id_mengikuti) VALUES (58, 93);
INSERT IGNORE INTO Teman (id_diikuti, id_mengikuti) VALUES (24, 93);
INSERT IGNORE INTO Teman (id_diikuti, id_mengikuti) VALUES (35, 93);
INSERT IGNORE INTO Teman (id_diikuti, id_mengikuti) VALUES (53, 93);
INSERT IGNORE INTO Teman (id_diikuti, id_mengikuti) VALUES (47, 94);
INSERT IGNORE INTO Teman (id_diikuti, id_mengikuti) VALUES (64, 94);
INSERT IGNORE INTO Teman (id_diikuti, id_mengikuti) VALUES (101, 94);
INSERT IGNORE INTO Teman (id_diikuti, id_mengikuti) VALUES (96, 94);
INSERT IGNORE INTO Teman (id_diikuti, id_mengikuti) VALUES (35, 94);
INSERT IGNORE INTO Teman (id_diikuti, id_mengikuti) VALUES (45, 94);
INSERT IGNORE INTO Teman (id_diikuti, id_mengikuti) VALUES (9, 94);
INSERT IGNORE INTO Teman (id_diikuti, id_mengikuti) VALUES (7, 96);
INSERT IGNORE INTO Teman (id_diikuti, id_mengikuti) VALUES (99, 96);
INSERT IGNORE INTO Teman (id_diikuti, id_mengikuti) VALUES (89, 96);
INSERT IGNORE INTO Teman (id_diikuti, id_mengikuti) VALUES (90, 96);
INSERT IGNORE INTO Teman (id_diikuti, id_mengikuti) VALUES (52, 97);
INSERT IGNORE INTO Teman (id_diikuti, id_mengikuti) VALUES (49, 97);
INSERT IGNORE INTO Teman (id_diikuti, id_mengikuti) VALUES (46, 97);
INSERT IGNORE INTO Teman (id_diikuti, id_mengikuti) VALUES (59, 97);
INSERT IGNORE INTO Teman (id_diikuti, id_mengikuti) VALUES (31, 98);
INSERT IGNORE INTO Teman (id_diikuti, id_mengikuti) VALUES (81, 98);
INSERT IGNORE INTO Teman (id_diikuti, id_mengikuti) VALUES (9, 98);
INSERT IGNORE INTO Teman (id_diikuti, id_mengikuti) VALUES (58, 98);
INSERT IGNORE INTO Teman (id_diikuti, id_mengikuti) VALUES (44, 98);
INSERT IGNORE INTO Teman (id_diikuti, id_mengikuti) VALUES (62, 98);
INSERT IGNORE INTO Teman (id_diikuti, id_mengikuti) VALUES (38, 98);
INSERT IGNORE INTO Teman (id_diikuti, id_mengikuti) VALUES (90, 99);
INSERT IGNORE INTO Teman (id_diikuti, id_mengikuti) VALUES (81, 99);
INSERT IGNORE INTO Teman (id_diikuti, id_mengikuti) VALUES (28, 100);
INSERT IGNORE INTO Teman (id_diikuti, id_mengikuti) VALUES (104, 101);
INSERT IGNORE INTO Teman (id_diikuti, id_mengikuti) VALUES (10, 101);
INSERT IGNORE INTO Teman (id_diikuti, id_mengikuti) VALUES (71, 101);
INSERT IGNORE INTO Teman (id_diikuti, id_mengikuti) VALUES (79, 101);
INSERT IGNORE INTO Teman (id_diikuti, id_mengikuti) VALUES (83, 101);
INSERT IGNORE INTO Teman (id_diikuti, id_mengikuti) VALUES (32, 102);
INSERT IGNORE INTO Teman (id_diikuti, id_mengikuti) VALUES (78, 102);
INSERT IGNORE INTO Teman (id_diikuti, id_mengikuti) VALUES (94, 102);
INSERT IGNORE INTO Teman (id_diikuti, id_mengikuti) VALUES (50, 102);
INSERT IGNORE INTO Teman (id_diikuti, id_mengikuti) VALUES (1, 102);
INSERT IGNORE INTO Teman (id_diikuti, id_mengikuti) VALUES (25, 102);
INSERT IGNORE INTO Teman (id_diikuti, id_mengikuti) VALUES (55, 102);
INSERT IGNORE INTO Teman (id_diikuti, id_mengikuti) VALUES (61, 103);
INSERT IGNORE INTO Teman (id_diikuti, id_mengikuti) VALUES (23, 104);
INSERT IGNORE INTO Teman (id_diikuti, id_mengikuti) VALUES (78, 104);
INSERT IGNORE INTO Teman (id_diikuti, id_mengikuti) VALUES (84, 104);
INSERT IGNORE INTO Teman (id_diikuti, id_mengikuti) VALUES (76, 104);
INSERT IGNORE INTO Teman (id_diikuti, id_mengikuti) VALUES (83, 105);
INSERT IGNORE INTO Teman (id_diikuti, id_mengikuti) VALUES (44, 105);
INSERT IGNORE INTO Teman (id_diikuti, id_mengikuti) VALUES (103, 105);
INSERT IGNORE INTO Teman (id_diikuti, id_mengikuti) VALUES (38, 106);
INSERT IGNORE INTO Teman (id_diikuti, id_mengikuti) VALUES (6, 106);
INSERT IGNORE INTO Teman (id_diikuti, id_mengikuti) VALUES (90, 106);
INSERT IGNORE INTO Teman (id_diikuti, id_mengikuti) VALUES (69, 106);
INSERT IGNORE INTO Teman (id_diikuti, id_mengikuti) VALUES (96, 107);
INSERT IGNORE INTO Teman (id_diikuti, id_mengikuti) VALUES (49, 107);
INSERT IGNORE INTO Teman (id_diikuti, id_mengikuti) VALUES (87, 107);
INSERT IGNORE INTO Teman (id_diikuti, id_mengikuti) VALUES (5, 107);
INSERT IGNORE INTO Teman (id_diikuti, id_mengikuti) VALUES (23, 107);
INSERT IGNORE INTO Teman (id_diikuti, id_mengikuti) VALUES (3, 107);
INSERT IGNORE INTO Teman (id_diikuti, id_mengikuti) VALUES (28, 107);
INSERT IGNORE INTO Teman (id_diikuti, id_mengikuti) VALUES (17, 108);
INSERT IGNORE INTO Teman (id_diikuti, id_mengikuti) VALUES (89, 108);
INSERT IGNORE INTO Teman (id_diikuti, id_mengikuti) VALUES (46, 108);
INSERT IGNORE INTO Teman (id_diikuti, id_mengikuti) VALUES (93, 108);
INSERT IGNORE INTO Teman (id_diikuti, id_mengikuti) VALUES (79, 109);
INSERT IGNORE INTO Teman (id_diikuti, id_mengikuti) VALUES (53, 109);
INSERT IGNORE INTO Teman (id_diikuti, id_mengikuti) VALUES (22, 109);
INSERT IGNORE INTO Teman (id_diikuti, id_mengikuti) VALUES (107, 109);
INSERT IGNORE INTO Teman (id_diikuti, id_mengikuti) VALUES (34, 110);
INSERT IGNORE INTO Teman (id_diikuti, id_mengikuti) VALUES (32, 110);
