CREATE DATABASE IF NOT EXISTS ecommerce;
USE ecommerce;

CREATE TABLE IF NOT EXISTS Alamat (
    id_alamat INT PRIMARY KEY,
    provinsi VARCHAR(255),
    kota VARCHAR(255),
    jalan VARCHAR(255)
);

CREATE TABLE IF NOT EXISTS Pengguna (
    id_pengguna INT PRIMARY KEY,
    email VARCHAR(255) UNIQUE,
    password VARCHAR(255),
    nama_lengkap VARCHAR(255),
    tgl_lahir DATE,
    no_telp VARCHAR(20),
    foto_profil VARCHAR(255),
    is_penjual BOOLEAN
);

CREATE TABLE IF NOT EXISTS Penjual (
    id_penjual INT PRIMARY KEY,
    id_pengguna INT,
    foto_diri VARCHAR(255),
    nama VARCHAR(100),
    is_verified BOOLEAN,
    FOREIGN KEY (id_pengguna) REFERENCES Pengguna(id_pengguna)
);

CREATE TABLE IF NOT EXISTS Pembeli (
    id_pembeli INT PRIMARY KEY,
    id_pengguna INT,
    FOREIGN KEY (id_pengguna) REFERENCES Pengguna(id_pengguna)
);

CREATE TABLE IF NOT EXISTS AlamatPembeli (
    id_pembeli INT,
    id_alamat INT,
    id_pesanan INT,
    is_default BOOLEAN,
    PRIMARY KEY (id_pembeli, id_alamat),
    FOREIGN KEY (id_pembeli) REFERENCES Pembeli(id_pembeli),
    FOREIGN KEY (id_alamat) REFERENCES Alamat(id_alamat)
);

CREATE TABLE IF NOT EXISTS Keranjang (
    id_keranjang INT PRIMARY KEY,
    id_pembeli INT,
    FOREIGN KEY (id_pembeli) REFERENCES Pembeli(id_pembeli)
);

CREATE TABLE IF NOT EXISTS Produk (
    id_produk INT PRIMARY KEY,
    id_penjual INT,
    nama VARCHAR(255),
    deskripsi TEXT,
    FOREIGN KEY (id_penjual) REFERENCES Penjual(id_penjual)
);

CREATE TABLE IF NOT EXISTS VarianProduk (
    sku VARCHAR(50) PRIMARY KEY,
    harga DECIMAL(10, 2),
    stok INT
);

CREATE TABLE IF NOT EXISTS AtributVarian (
    atribut_varian VARCHAR(50) PRIMARY KEY,
    nama VARCHAR(100)
);

CREATE TABLE IF NOT EXISTS ProdukVarianAtribut (
    id_produk INT,
    atribut_varian VARCHAR(50),
    sku VARCHAR(50),
    nilai VARCHAR(100),
    PRIMARY KEY (id_produk, atribut_varian, sku),
    FOREIGN KEY (id_produk) REFERENCES Produk(id_produk),
    FOREIGN KEY (atribut_varian) REFERENCES AtributVarian(atribut_varian),
    FOREIGN KEY (sku) REFERENCES VarianProduk(sku)
);

CREATE TABLE IF NOT EXISTS Gambar (
    id_gambar INT PRIMARY KEY,
    gambar VARCHAR(255)
);

CREATE TABLE IF NOT EXISTS GambarProduk (
    id_produk INT,
    id_gambar INT,
    PRIMARY KEY (id_produk, id_gambar),
    FOREIGN KEY (id_produk) REFERENCES Produk(id_produk),
    FOREIGN KEY (id_gambar) REFERENCES Gambar(id_gambar)
);

CREATE TABLE IF NOT EXISTS Tag (
    id_tag INT PRIMARY KEY,
    nama VARCHAR(50)
);

CREATE TABLE IF NOT EXISTS TagProduk (
    id_produk INT,
    id_tag INT,
    PRIMARY KEY (id_produk, id_tag),
    FOREIGN KEY (id_produk) REFERENCES Produk(id_produk),
    FOREIGN KEY (id_tag) REFERENCES Tag(id_tag)
);

CREATE TABLE IF NOT EXISTS BarangKeranjang (
    id_keranjang INT,
    sku VARCHAR(50),
    kuantitas INT,
    PRIMARY KEY (id_keranjang, sku),
    FOREIGN KEY (id_keranjang) REFERENCES Keranjang(id_keranjang),
    FOREIGN KEY (sku) REFERENCES VarianProduk(sku)
);

CREATE TABLE IF NOT EXISTS Pesanan (
    id_pesanan INT PRIMARY KEY,
    id_pembeli INT,
    metode_pembayaran VARCHAR(50),
    metode_pengiriman VARCHAR(50),
    catatan TEXT,
    status_pesanan VARCHAR(50),
    waktu_pemesanan TIMESTAMP,
    FOREIGN KEY (id_pembeli) REFERENCES Pembeli(id_pembeli)
);

CREATE TABLE IF NOT EXISTS BarangPesanan (
    id_pesanan INT,
    sku VARCHAR(50),
    kuantitas INT,
    PRIMARY KEY (id_pesanan, sku),
    FOREIGN KEY (id_pesanan) REFERENCES Pesanan(id_pesanan),
    FOREIGN KEY (sku) REFERENCES VarianProduk(sku)
);

CREATE TABLE IF NOT EXISTS Wishlist (
    id_pembeli INT,
    id_produk INT,
    PRIMARY KEY (id_pembeli, id_produk),
    FOREIGN KEY (id_pembeli) REFERENCES Pembeli(id_pembeli),
    FOREIGN KEY (id_produk) REFERENCES Produk(id_produk)
);

CREATE TABLE IF NOT EXISTS Ulasan (
    id_produk INT,
    id_pembeli INT,
    komentar TEXT,
    penilaian INT,
    PRIMARY KEY (id_produk, id_pembeli),
    FOREIGN KEY (id_produk) REFERENCES Produk(id_produk),
    FOREIGN KEY (id_pembeli) REFERENCES Pembeli(id_pembeli)
);

CREATE TABLE IF NOT EXISTS Teman (
    id_diikuti INT,
    id_mengikuti INT,
    PRIMARY KEY (id_diikuti, id_mengikuti),
    FOREIGN KEY (id_diikuti) REFERENCES Pengguna(id_pengguna),
    FOREIGN KEY (id_mengikuti) REFERENCES Pengguna(id_pengguna)
);

-- SEEDER DATA

-- Alamat
INSERT INTO Alamat (id_alamat, provinsi, kota, jalan) VALUES (1, 'Kalimantan Selatan', 'Tarakan', 'Gang BKR No. 660');
INSERT INTO Alamat (id_alamat, provinsi, kota, jalan) VALUES (2, 'Bengkulu', 'Blitar', 'Jalan Kutai No. 2');
INSERT INTO Alamat (id_alamat, provinsi, kota, jalan) VALUES (3, 'Jawa Tengah', 'Subulussalam', 'Jl. KH Amin Jasuta No. 83');
INSERT INTO Alamat (id_alamat, provinsi, kota, jalan) VALUES (4, 'Sumatera Barat', 'Surabaya', 'Jalan KH Amin Jasuta No. 86');
INSERT INTO Alamat (id_alamat, provinsi, kota, jalan) VALUES (5, 'Jawa Tengah', 'Samarinda', 'Jalan Joyoboyo No. 8');
INSERT INTO Alamat (id_alamat, provinsi, kota, jalan) VALUES (6, 'Riau', 'Purwokerto', 'Jl. Waringin No. 05');
INSERT INTO Alamat (id_alamat, provinsi, kota, jalan) VALUES (7, 'Lampung', 'Kota Administrasi Jakarta Barat', 'Jl. Indragiri No. 7');
INSERT INTO Alamat (id_alamat, provinsi, kota, jalan) VALUES (8, 'Papua', 'Salatiga', 'Jalan M.T Haryono No. 48');
INSERT INTO Alamat (id_alamat, provinsi, kota, jalan) VALUES (9, 'Bengkulu', 'Dumai', 'Jalan Rumah Sakit No. 013');
INSERT INTO Alamat (id_alamat, provinsi, kota, jalan) VALUES (10, 'Nusa Tenggara Timur', 'Serang', 'Gg. Rumah Sakit No. 299');
INSERT INTO Alamat (id_alamat, provinsi, kota, jalan) VALUES (11, 'Aceh', 'Bekasi', 'Gang Tebet Barat Dalam No. 10');
INSERT INTO Alamat (id_alamat, provinsi, kota, jalan) VALUES (12, 'Papua', 'Sungai Penuh', 'Jl. Jend. Sudirman No. 6');
INSERT INTO Alamat (id_alamat, provinsi, kota, jalan) VALUES (13, 'Sulawesi Selatan', 'Kota Administrasi Jakarta Barat', 'Gang Jend. A. Yani No. 661');
INSERT INTO Alamat (id_alamat, provinsi, kota, jalan) VALUES (14, 'Jawa Timur', 'Serang', 'Gang Siliwangi No. 8');
INSERT INTO Alamat (id_alamat, provinsi, kota, jalan) VALUES (15, 'Jawa Tengah', 'Magelang', 'Jalan Kendalsari No. 58');
INSERT INTO Alamat (id_alamat, provinsi, kota, jalan) VALUES (16, 'Gorontalo', 'Magelang', 'Gang Kebonjati No. 029');
INSERT INTO Alamat (id_alamat, provinsi, kota, jalan) VALUES (17, 'Sulawesi Selatan', 'Madiun', 'Gang Merdeka No. 6');
INSERT INTO Alamat (id_alamat, provinsi, kota, jalan) VALUES (18, 'Nusa Tenggara Timur', 'Solok', 'Jl. Bangka Raya No. 3');
INSERT INTO Alamat (id_alamat, provinsi, kota, jalan) VALUES (19, 'Sumatera Barat', 'Bima', 'Gang Kutisari Selatan No. 711');
INSERT INTO Alamat (id_alamat, provinsi, kota, jalan) VALUES (20, 'Kalimantan Tengah', 'Batam', 'Gg. Dipatiukur No. 06');
INSERT INTO Alamat (id_alamat, provinsi, kota, jalan) VALUES (21, 'Sulawesi Selatan', 'Metro', 'Gang K.H. Wahid Hasyim No. 726');
INSERT INTO Alamat (id_alamat, provinsi, kota, jalan) VALUES (22, 'Sulawesi Tengah', 'Batu', 'Jl. Rawamangun No. 1');
INSERT INTO Alamat (id_alamat, provinsi, kota, jalan) VALUES (23, 'Kepulauan Riau', 'Binjai', 'Jl. Astana Anyar No. 253');
INSERT INTO Alamat (id_alamat, provinsi, kota, jalan) VALUES (24, 'Kalimantan Barat', 'Batam', 'Gg. H.J Maemunah No. 3');
INSERT INTO Alamat (id_alamat, provinsi, kota, jalan) VALUES (25, 'Lampung', 'Batu', 'Gang Sentot Alibasa No. 3');
INSERT INTO Alamat (id_alamat, provinsi, kota, jalan) VALUES (26, 'Kepulauan Riau', 'Sibolga', 'Jalan Kendalsari No. 6');
INSERT INTO Alamat (id_alamat, provinsi, kota, jalan) VALUES (27, 'Sumatera Barat', 'Parepare', 'Gang R.E Martadinata No. 7');
INSERT INTO Alamat (id_alamat, provinsi, kota, jalan) VALUES (28, 'Nusa Tenggara Timur', 'Bima', 'Jl. Kapten Muslihat No. 93');
INSERT INTO Alamat (id_alamat, provinsi, kota, jalan) VALUES (29, 'Riau', 'Kota Administrasi Jakarta Pusat', 'Jalan Erlangga No. 07');
INSERT INTO Alamat (id_alamat, provinsi, kota, jalan) VALUES (30, 'Jawa Barat', 'Payakumbuh', 'Jalan Kendalsari No. 72');
INSERT INTO Alamat (id_alamat, provinsi, kota, jalan) VALUES (31, 'Sulawesi Tengah', 'Lubuklinggau', 'Jl. BKR No. 600');
INSERT INTO Alamat (id_alamat, provinsi, kota, jalan) VALUES (32, 'Papua', 'Surabaya', 'Jl. Medokan Ayu No. 80');
INSERT INTO Alamat (id_alamat, provinsi, kota, jalan) VALUES (33, 'Maluku', 'Medan', 'Gg. Yos Sudarso No. 77');
INSERT INTO Alamat (id_alamat, provinsi, kota, jalan) VALUES (34, 'Jawa Barat', 'Tasikmalaya', 'Gg. Rajawali Barat No. 63');
INSERT INTO Alamat (id_alamat, provinsi, kota, jalan) VALUES (35, 'Gorontalo', 'Pontianak', 'Jl. Monginsidi No. 05');
INSERT INTO Alamat (id_alamat, provinsi, kota, jalan) VALUES (36, 'Kepulauan Bangka Belitung', 'Kota Administrasi Jakarta Selatan', 'Gg. Dipatiukur No. 6');
INSERT INTO Alamat (id_alamat, provinsi, kota, jalan) VALUES (37, 'Kepulauan Riau', 'Tual', 'Gg. Medokan Ayu No. 3');
INSERT INTO Alamat (id_alamat, provinsi, kota, jalan) VALUES (38, 'Sulawesi Utara', 'Jayapura', 'Jl. Gedebage Selatan No. 778');
INSERT INTO Alamat (id_alamat, provinsi, kota, jalan) VALUES (39, 'Kalimantan Barat', 'Kota Administrasi Jakarta Timur', 'Gg. Jend. A. Yani No. 661');
INSERT INTO Alamat (id_alamat, provinsi, kota, jalan) VALUES (40, 'Sulawesi Tengah', 'Dumai', 'Jalan Setiabudhi No. 453');
INSERT INTO Alamat (id_alamat, provinsi, kota, jalan) VALUES (41, 'Sumatera Utara', 'Tangerang Selatan', 'Gang Cihampelas No. 34');
INSERT INTO Alamat (id_alamat, provinsi, kota, jalan) VALUES (42, 'Sumatera Barat', 'Sorong', 'Jalan Gardujati No. 903');
INSERT INTO Alamat (id_alamat, provinsi, kota, jalan) VALUES (43, 'Kalimantan Barat', 'Pangkalpinang', 'Gg. Suryakencana No. 6');
INSERT INTO Alamat (id_alamat, provinsi, kota, jalan) VALUES (44, 'Sulawesi Selatan', 'Denpasar', 'Jl. Sentot Alibasa No. 0');
INSERT INTO Alamat (id_alamat, provinsi, kota, jalan) VALUES (45, 'Kalimantan Tengah', 'Tanjungpinang', 'Jalan Indragiri No. 2');
INSERT INTO Alamat (id_alamat, provinsi, kota, jalan) VALUES (46, 'Sulawesi Utara', 'Lubuklinggau', 'Jalan Waringin No. 160');
INSERT INTO Alamat (id_alamat, provinsi, kota, jalan) VALUES (47, 'Sumatera Utara', 'Semarang', 'Gang W.R. Supratman No. 210');
INSERT INTO Alamat (id_alamat, provinsi, kota, jalan) VALUES (48, 'Kalimantan Utara', 'Pekalongan', 'Gg. Lembong No. 47');
INSERT INTO Alamat (id_alamat, provinsi, kota, jalan) VALUES (49, 'Sumatera Barat', 'Bima', 'Jalan Asia Afrika No. 9');
INSERT INTO Alamat (id_alamat, provinsi, kota, jalan) VALUES (50, 'Papua', 'Kota Administrasi Jakarta Selatan', 'Gg. Cihampelas No. 396');

-- Pengguna
INSERT INTO Pengguna (id_pengguna, email, password, nama_lengkap, tgl_lahir, no_telp, foto_profil, is_penjual) VALUES (1, 'crahmawati@example.com', '#cQRmVJw+8Ki', 'Simon Purnawati', '1979-01-05', '+62 (07) 354 8577', 'profil/user1.jpg', TRUE);
INSERT INTO Pengguna (id_pengguna, email, password, nama_lengkap, tgl_lahir, no_telp, foto_profil, is_penjual) VALUES (2, 'rahmawatirika@example.org', 'x+y9jSHn_s3X', 'Puti Vanya Hardiansyah, S.H.', '1979-09-27', '+62 (966) 825-8334', 'profil/user2.jpg', TRUE);
INSERT INTO Pengguna (id_pengguna, email, password, nama_lengkap, tgl_lahir, no_telp, foto_profil, is_penjual) VALUES (3, 'dinda82@example.com', 's_HDuI2ia_@8', 'Latika Halimah', '1985-10-18', '(085) 308-3483', 'profil/user3.jpg', TRUE);
INSERT INTO Pengguna (id_pengguna, email, password, nama_lengkap, tgl_lahir, no_telp, foto_profil, is_penjual) VALUES (4, 'maulanaluis@example.org', 't%5GFt^8QPow', 'Titin Prasasta', '1976-12-09', '(0839) 839 5972', 'profil/user4.jpg', TRUE);
INSERT INTO Pengguna (id_pengguna, email, password, nama_lengkap, tgl_lahir, no_telp, foto_profil, is_penjual) VALUES (5, 'yahya66@example.com', '+1C6I%RGjaMc', 'R. Padma Suartini', '1965-02-10', '(0733) 357 0615', 'profil/user5.jpg', TRUE);
INSERT INTO Pengguna (id_pengguna, email, password, nama_lengkap, tgl_lahir, no_telp, foto_profil, is_penjual) VALUES (6, 'utamiasmadi@example.org', '_#MIUsfVmw)9', 'Jatmiko Mahendra', '2002-11-11', '+62-006-720-1832', 'profil/user6.jpg', TRUE);
INSERT INTO Pengguna (id_pengguna, email, password, nama_lengkap, tgl_lahir, no_telp, foto_profil, is_penjual) VALUES (7, 'hamzah03@example.net', '_OvTmCzI0%27', 'Luthfi Widodo, M.Ak', '2001-01-27', '+62 (48) 793 6670', 'profil/user7.jpg', TRUE);
INSERT INTO Pengguna (id_pengguna, email, password, nama_lengkap, tgl_lahir, no_telp, foto_profil, is_penjual) VALUES (8, 'kandriani@example.com', 'A(2_UN2fi+eH', 'Bambang Hutasoit', '1977-05-30', '+62-44-978-2726', 'profil/user8.jpg', TRUE);
INSERT INTO Pengguna (id_pengguna, email, password, nama_lengkap, tgl_lahir, no_telp, foto_profil, is_penjual) VALUES (9, 'dariatikusumo@example.org', 'PV#z9Np*z%6@', 'Tgk. Jasmin Megantara', '1988-11-03', '(023) 542 0238', 'profil/user9.jpg', TRUE);
INSERT INTO Pengguna (id_pengguna, email, password, nama_lengkap, tgl_lahir, no_telp, foto_profil, is_penjual) VALUES (10, 'fwibowo@example.com', '!6Sd!iqs2+(w', 'Nurul Halim', '1965-08-30', '+62 (062) 765 7934', 'profil/user10.jpg', TRUE);
INSERT INTO Pengguna (id_pengguna, email, password, nama_lengkap, tgl_lahir, no_telp, foto_profil, is_penjual) VALUES (11, 'kmardhiyah@example.org', '@&A9M6Vaf$R(', 'Mala Putra, S.E.I', '1982-02-05', '+62-007-320-6133', 'profil/user11.jpg', TRUE);
INSERT INTO Pengguna (id_pengguna, email, password, nama_lengkap, tgl_lahir, no_telp, foto_profil, is_penjual) VALUES (12, 'aswaniprakasa@example.net', 'ax7!%tIVG3+A', 'Hj. Cindy Pangestu, M.Farm', '2002-06-21', '(0205) 125-1277', 'profil/user12.jpg', TRUE);
INSERT INTO Pengguna (id_pengguna, email, password, nama_lengkap, tgl_lahir, no_telp, foto_profil, is_penjual) VALUES (13, 'widya12@example.com', '1W4GiBpiH$r&', 'Murti Puspasari', '1971-09-11', '+62-0722-826-9256', 'profil/user13.jpg', TRUE);
INSERT INTO Pengguna (id_pengguna, email, password, nama_lengkap, tgl_lahir, no_telp, foto_profil, is_penjual) VALUES (14, 'mursinin49@example.com', 'L1SZiCpfC@1z', 'Dasa Setiawan', '1983-04-18', '+62 (0500) 869 7897', 'profil/user14.jpg', TRUE);
INSERT INTO Pengguna (id_pengguna, email, password, nama_lengkap, tgl_lahir, no_telp, foto_profil, is_penjual) VALUES (15, 'jmayasari@example.net', 'qxg6HWgGn&im', 'Ina Waluyo', '1989-04-13', '+62-0467-699-6897', 'profil/user15.jpg', TRUE);
INSERT INTO Pengguna (id_pengguna, email, password, nama_lengkap, tgl_lahir, no_telp, foto_profil, is_penjual) VALUES (16, 'dwasita@example.net', '^0W9EksHDK^V', 'R. Labuh Usamah', '2000-05-13', '+62-097-732-2078', 'profil/user16.jpg', TRUE);
INSERT INTO Pengguna (id_pengguna, email, password, nama_lengkap, tgl_lahir, no_telp, foto_profil, is_penjual) VALUES (17, 'zusada@example.net', 'x7_2GOgK@b8O', 'Zulfa Puspita', '1996-11-16', '+62-13-228-7992', 'profil/user17.jpg', TRUE);
INSERT INTO Pengguna (id_pengguna, email, password, nama_lengkap, tgl_lahir, no_telp, foto_profil, is_penjual) VALUES (18, 'almira85@example.com', '15PjmLv$(sDv', 'Respati Puspita', '1964-12-14', '(0503) 238 5485', 'profil/user18.jpg', TRUE);
INSERT INTO Pengguna (id_pengguna, email, password, nama_lengkap, tgl_lahir, no_telp, foto_profil, is_penjual) VALUES (19, 'rahimahajiono@example.net', 'Q+js33wlyXJx', 'Amalia Maryati', '1968-06-17', '0896380444', 'profil/user19.jpg', TRUE);
INSERT INTO Pengguna (id_pengguna, email, password, nama_lengkap, tgl_lahir, no_telp, foto_profil, is_penjual) VALUES (20, 'ssaputra@example.org', 'w)4ENNFo3)nU', 'Paiman Samosir', '1982-04-10', '+62 (080) 138-2639', 'profil/user20.jpg', TRUE);
INSERT INTO Pengguna (id_pengguna, email, password, nama_lengkap, tgl_lahir, no_telp, foto_profil, is_penjual) VALUES (21, 'karsanashiruddin@example.net', '!UbnfGSpk1z9', 'Tgk. Padma Maryadi', '1994-05-23', '(094) 606 4206', 'profil/user21.jpg', TRUE);
INSERT INTO Pengguna (id_pengguna, email, password, nama_lengkap, tgl_lahir, no_telp, foto_profil, is_penjual) VALUES (22, 'damanikkarman@example.com', 'Fk2UgMm@)xER', 'Satya Zulkarnain, S.Gz', '1975-03-12', '+62 (51) 316 0692', 'profil/user22.jpg', TRUE);
INSERT INTO Pengguna (id_pengguna, email, password, nama_lengkap, tgl_lahir, no_telp, foto_profil, is_penjual) VALUES (23, 'suryonozaenab@example.org', 'risfLqotM!2H', 'Rini Anggraini', '1996-05-15', '(0626) 325 1720', 'profil/user23.jpg', TRUE);
INSERT INTO Pengguna (id_pengguna, email, password, nama_lengkap, tgl_lahir, no_telp, foto_profil, is_penjual) VALUES (24, 'adikasamosir@example.org', ')4(TwgjCtnmX', 'Tiara Hasanah', '1984-11-22', '+62 (0237) 584 1354', 'profil/user24.jpg', TRUE);
INSERT INTO Pengguna (id_pengguna, email, password, nama_lengkap, tgl_lahir, no_telp, foto_profil, is_penjual) VALUES (25, 'ciaobellaaryani@example.org', '$9Nu@w4M01dH', 'Vino Waluyo', '1973-07-18', '+62 (0244) 354 7971', 'profil/user25.jpg', TRUE);
INSERT INTO Pengguna (id_pengguna, email, password, nama_lengkap, tgl_lahir, no_telp, foto_profil, is_penjual) VALUES (26, 'szulkarnain@example.org', 'qzx5ZZtyf3w%', 'Almira Haryanti, S.Psi', '1976-03-01', '+62-005-078-1811', 'profil/user26.jpg', TRUE);
INSERT INTO Pengguna (id_pengguna, email, password, nama_lengkap, tgl_lahir, no_telp, foto_profil, is_penjual) VALUES (27, 'alikamelani@example.com', 'CM6Y$bYo)7db', 'Gandi Utami', '1979-01-30', '(045) 487-6705', 'profil/user27.jpg', TRUE);
INSERT INTO Pengguna (id_pengguna, email, password, nama_lengkap, tgl_lahir, no_telp, foto_profil, is_penjual) VALUES (28, 'wagetampubolon@example.net', 'k@ZB0Tlsqe1^', 'Elisa Permata', '2002-03-04', '(070) 928-0983', 'profil/user28.jpg', TRUE);
INSERT INTO Pengguna (id_pengguna, email, password, nama_lengkap, tgl_lahir, no_telp, foto_profil, is_penjual) VALUES (29, 'vega67@example.com', '^YjTr6XfyF5F', 'Gabriella Maulana', '1985-04-16', '+62-49-373-9453', 'profil/user29.jpg', TRUE);
INSERT INTO Pengguna (id_pengguna, email, password, nama_lengkap, tgl_lahir, no_telp, foto_profil, is_penjual) VALUES (30, 'bakijanpadmasari@example.org', '3Z$t&R5m!3RP', 'Hafshah Laksmiwati', '1966-07-27', '+62-030-776-6281', 'profil/user30.jpg', TRUE);
INSERT INTO Pengguna (id_pengguna, email, password, nama_lengkap, tgl_lahir, no_telp, foto_profil, is_penjual) VALUES (31, 'napitupulumala@example.org', '&!R3FfwmXV95', 'dr. Prabu Natsir, M.TI.', '1984-06-09', '(0464) 896-6808', 'profil/user31.jpg', TRUE);
INSERT INTO Pengguna (id_pengguna, email, password, nama_lengkap, tgl_lahir, no_telp, foto_profil, is_penjual) VALUES (32, 'wahyudinnajwa@example.net', 'Je44T0Y4v&ms', 'Bakidin Kurniawan', '1982-10-18', '+62 (004) 367 5968', 'profil/user32.jpg', TRUE);
INSERT INTO Pengguna (id_pengguna, email, password, nama_lengkap, tgl_lahir, no_telp, foto_profil, is_penjual) VALUES (33, 'gatra05@example.com', 'zu8ew*pIN_wT', 'Parman Sitorus', '1965-08-29', '+62 (070) 202-3842', 'profil/user33.jpg', TRUE);
INSERT INTO Pengguna (id_pengguna, email, password, nama_lengkap, tgl_lahir, no_telp, foto_profil, is_penjual) VALUES (34, 'gpurnawati@example.org', 'n!4YhYgaB+Xv', 'Tgk. Cici Hartati', '1984-12-28', '+62 (942) 278-2435', 'profil/user34.jpg', TRUE);
INSERT INTO Pengguna (id_pengguna, email, password, nama_lengkap, tgl_lahir, no_telp, foto_profil, is_penjual) VALUES (35, 'raditya02@example.net', '9gIJ0TVhE()T', 'drg. Ghani Dongoran', '1967-09-28', '+62-81-462-6317', 'profil/user35.jpg', TRUE);
INSERT INTO Pengguna (id_pengguna, email, password, nama_lengkap, tgl_lahir, no_telp, foto_profil, is_penjual) VALUES (36, 'asirwandauwais@example.com', '^2TAKJGqv2Ca', 'H. Jamal Wasita', '1966-10-10', '+62-0400-634-0247', 'profil/user36.jpg', TRUE);
INSERT INTO Pengguna (id_pengguna, email, password, nama_lengkap, tgl_lahir, no_telp, foto_profil, is_penjual) VALUES (37, 'lmandasari@example.com', 'M^6qRqza_AwH', 'Ajeng Sihotang', '1983-07-25', '+62 (11) 340-0755', 'profil/user37.jpg', TRUE);
INSERT INTO Pengguna (id_pengguna, email, password, nama_lengkap, tgl_lahir, no_telp, foto_profil, is_penjual) VALUES (38, 'hafshahsihombing@example.com', 'hJL*u9Bz!9P%', 'Jayeng Tamba', '1967-06-28', '+62-36-129-9708', 'profil/user38.jpg', TRUE);
INSERT INTO Pengguna (id_pengguna, email, password, nama_lengkap, tgl_lahir, no_telp, foto_profil, is_penjual) VALUES (39, 'gnababan@example.net', 'RfX5Gl4CF4%b', 'Rika Uyainah', '1977-12-12', '(0730) 086-9347', 'profil/user39.jpg', TRUE);
INSERT INTO Pengguna (id_pengguna, email, password, nama_lengkap, tgl_lahir, no_telp, foto_profil, is_penjual) VALUES (40, 'tampubolonpuput@example.net', 'M(ULp&pkyh4n', 'Kamila Setiawan', '1985-09-07', '+62-0337-360-7585', 'profil/user40.jpg', TRUE);
INSERT INTO Pengguna (id_pengguna, email, password, nama_lengkap, tgl_lahir, no_telp, foto_profil, is_penjual) VALUES (41, 'ikhsanwijaya@example.com', '*+4QZq&^so2F', 'Zamira Uyainah, S.Pt', '1967-03-15', '+62 (55) 034 4501', 'profil/user41.jpg', FALSE);
INSERT INTO Pengguna (id_pengguna, email, password, nama_lengkap, tgl_lahir, no_telp, foto_profil, is_penjual) VALUES (42, 'ademelani@example.net', '&o3xAu7Jc)TA', 'Drs. Luwar Agustina', '1956-10-17', '088 452 3630', 'profil/user42.jpg', FALSE);
INSERT INTO Pengguna (id_pengguna, email, password, nama_lengkap, tgl_lahir, no_telp, foto_profil, is_penjual) VALUES (43, 'tantri14@example.com', '$3+7!IjjSZvX', 'Dinda Waluyo', '2004-12-22', '+62 (0804) 992 5703', 'profil/user43.jpg', FALSE);
INSERT INTO Pengguna (id_pengguna, email, password, nama_lengkap, tgl_lahir, no_telp, foto_profil, is_penjual) VALUES (44, 'ophelia99@example.org', '47YK6jly@YV_', 'Tgk. Latika Putra', '1995-01-05', '+62 (705) 047-9976', 'profil/user44.jpg', FALSE);
INSERT INTO Pengguna (id_pengguna, email, password, nama_lengkap, tgl_lahir, no_telp, foto_profil, is_penjual) VALUES (45, 'titi40@example.org', '#ST5RjIy9niC', 'Hamima Hastuti', '1988-04-15', '+62-41-952-2247', 'profil/user45.jpg', FALSE);
INSERT INTO Pengguna (id_pengguna, email, password, nama_lengkap, tgl_lahir, no_telp, foto_profil, is_penjual) VALUES (46, 'ani46@example.org', '66XrBO1!!3lb', 'Novi Safitri', '1966-10-22', '+62-79-929-2703', 'profil/user46.jpg', FALSE);
INSERT INTO Pengguna (id_pengguna, email, password, nama_lengkap, tgl_lahir, no_telp, foto_profil, is_penjual) VALUES (47, 'gunartodaruna@example.com', '@v6*J8xiyM9U', 'Dt. Galar Purwanti, S.E.', '2010-02-03', '+62 (93) 941-6678', 'profil/user47.jpg', FALSE);
INSERT INTO Pengguna (id_pengguna, email, password, nama_lengkap, tgl_lahir, no_telp, foto_profil, is_penjual) VALUES (48, 'laksana83@example.net', 'i+xb)hcQMM2D', 'Tira Samosir', '1961-08-30', '+62 (022) 681-0395', 'profil/user48.jpg', FALSE);
INSERT INTO Pengguna (id_pengguna, email, password, nama_lengkap, tgl_lahir, no_telp, foto_profil, is_penjual) VALUES (49, 'gunartotedi@example.net', 'C8tWzGuA*AEt', 'Candra Utami', '1964-09-08', '(020) 484 1273', 'profil/user49.jpg', FALSE);
INSERT INTO Pengguna (id_pengguna, email, password, nama_lengkap, tgl_lahir, no_telp, foto_profil, is_penjual) VALUES (50, 'wwaluyo@example.com', '&6@PaAnKzQEY', 'Melinda Puspita', '1964-12-21', '081 492 5233', 'profil/user50.jpg', FALSE);
INSERT INTO Pengguna (id_pengguna, email, password, nama_lengkap, tgl_lahir, no_telp, foto_profil, is_penjual) VALUES (51, 'palastriprabawa@example.net', '*yOQisS!@7X&', 'T. Cakrajiya Rajasa, M.Farm', '1993-04-07', '+62-039-953-3439', 'profil/user51.jpg', FALSE);
INSERT INTO Pengguna (id_pengguna, email, password, nama_lengkap, tgl_lahir, no_telp, foto_profil, is_penjual) VALUES (52, 'rosmanyolanda@example.com', 'ZV1umzySh&Xe', 'Paiman Pradana', '2008-07-19', '+62-27-862-3364', 'profil/user52.jpg', FALSE);
INSERT INTO Pengguna (id_pengguna, email, password, nama_lengkap, tgl_lahir, no_telp, foto_profil, is_penjual) VALUES (53, 'galang75@example.com', '%_g^d%Dw1a4T', 'Erik Mulyani', '1960-06-15', '+62 (0648) 382 6917', 'profil/user53.jpg', FALSE);
INSERT INTO Pengguna (id_pengguna, email, password, nama_lengkap, tgl_lahir, no_telp, foto_profil, is_penjual) VALUES (54, 'susantisakti@example.net', ')Dw8OCj_SfQf', 'Labuh Mayasari', '1973-04-16', '+62 (802) 025 8277', 'profil/user54.jpg', FALSE);
INSERT INTO Pengguna (id_pengguna, email, password, nama_lengkap, tgl_lahir, no_telp, foto_profil, is_penjual) VALUES (55, 'tpratama@example.net', 'k@9pdIg0poyW', 'dr. Raden Purwanti', '1997-01-30', '(0746) 296 5607', 'profil/user55.jpg', FALSE);
INSERT INTO Pengguna (id_pengguna, email, password, nama_lengkap, tgl_lahir, no_telp, foto_profil, is_penjual) VALUES (56, 'hastutiajiman@example.org', 'PrRl3mPyK*O1', 'Amelia Sirait', '1993-01-03', '(0379) 109-8132', 'profil/user56.jpg', FALSE);
INSERT INTO Pengguna (id_pengguna, email, password, nama_lengkap, tgl_lahir, no_telp, foto_profil, is_penjual) VALUES (57, 'arta58@example.com', 'xW1mVRoCl$(N', 'Drs. Diana Maheswara, S.T.', '1988-04-24', '+62 (049) 578 3008', 'profil/user57.jpg', FALSE);
INSERT INTO Pengguna (id_pengguna, email, password, nama_lengkap, tgl_lahir, no_telp, foto_profil, is_penjual) VALUES (58, 'gamantonapitupulu@example.org', 'ciHUA5YYS!p4', 'Darimin Prastuti', '1974-05-02', '+62 (327) 949 7796', 'profil/user58.jpg', FALSE);
INSERT INTO Pengguna (id_pengguna, email, password, nama_lengkap, tgl_lahir, no_telp, foto_profil, is_penjual) VALUES (59, 'tiarahutasoit@example.org', 'b7UKvagd_y9B', 'Embuh Maryadi', '1984-05-14', '+62 (44) 274-6554', 'profil/user59.jpg', FALSE);
INSERT INTO Pengguna (id_pengguna, email, password, nama_lengkap, tgl_lahir, no_telp, foto_profil, is_penjual) VALUES (60, 'cmansur@example.com', ')A6M2ElnGR5m', 'drg. Puput Hidayanto, S.Ked', '1987-05-26', '+62 (0989) 735 4287', 'profil/user60.jpg', FALSE);
INSERT INTO Pengguna (id_pengguna, email, password, nama_lengkap, tgl_lahir, no_telp, foto_profil, is_penjual) VALUES (61, 'aurora67@example.org', '#+CQRi7j*D6W', 'Salsabila Purwanti', '1987-01-03', '+62 (87) 926 2444', 'profil/user61.jpg', FALSE);
INSERT INTO Pengguna (id_pengguna, email, password, nama_lengkap, tgl_lahir, no_telp, foto_profil, is_penjual) VALUES (62, 'kuswandarilimar@example.org', '5h#kIm$j+S3&', 'Queen Sihotang', '2009-04-18', '+62 (33) 779 6939', 'profil/user62.jpg', FALSE);
INSERT INTO Pengguna (id_pengguna, email, password, nama_lengkap, tgl_lahir, no_telp, foto_profil, is_penjual) VALUES (63, 'setiawannasab@example.com', '#w7y2BmuOe8m', 'Eluh Rahmawati', '2003-11-21', '+62-099-797-4449', 'profil/user63.jpg', FALSE);
INSERT INTO Pengguna (id_pengguna, email, password, nama_lengkap, tgl_lahir, no_telp, foto_profil, is_penjual) VALUES (64, 'queenhastuti@example.org', 'vF%2xFmp3X5E', 'drg. Sakti Sinaga', '1954-06-28', '(0139) 532-7521', 'profil/user64.jpg', FALSE);
INSERT INTO Pengguna (id_pengguna, email, password, nama_lengkap, tgl_lahir, no_telp, foto_profil, is_penjual) VALUES (65, 'irawanaditya@example.com', '*O2mRFo3p$_U', 'Maida Rahayu', '1976-12-11', '+62 (97) 689 0335', 'profil/user65.jpg', FALSE);
INSERT INTO Pengguna (id_pengguna, email, password, nama_lengkap, tgl_lahir, no_telp, foto_profil, is_penjual) VALUES (66, 'tamianggraini@example.net', '4A!Ff#T!ETT_', 'Jaya Maulana', '1991-04-03', '+62-056-569-1573', 'profil/user66.jpg', FALSE);
INSERT INTO Pengguna (id_pengguna, email, password, nama_lengkap, tgl_lahir, no_telp, foto_profil, is_penjual) VALUES (67, 'bagiyasuryono@example.net', 'VEZE5!Pw3g&H', 'Vera Handayani', '1973-01-31', '+62 (083) 490-7253', 'profil/user67.jpg', FALSE);
INSERT INTO Pengguna (id_pengguna, email, password, nama_lengkap, tgl_lahir, no_telp, foto_profil, is_penjual) VALUES (68, 'vivi71@example.net', 'Y&2DbcNZyv#n', 'Kardi Waluyo', '1993-03-10', '+62 (18) 910 3907', 'profil/user68.jpg', FALSE);
INSERT INTO Pengguna (id_pengguna, email, password, nama_lengkap, tgl_lahir, no_telp, foto_profil, is_penjual) VALUES (69, 'michellemandasari@example.net', 'G*y73Wf(kde(', 'Lala Yulianti', '2004-03-21', '(0337) 744 6593', 'profil/user69.jpg', FALSE);
INSERT INTO Pengguna (id_pengguna, email, password, nama_lengkap, tgl_lahir, no_telp, foto_profil, is_penjual) VALUES (70, 'puti05@example.com', 'S$QCGRmp5o5$', 'Umar Yuniar', '1962-10-21', '+62 (89) 143-2625', 'profil/user70.jpg', FALSE);
INSERT INTO Pengguna (id_pengguna, email, password, nama_lengkap, tgl_lahir, no_telp, foto_profil, is_penjual) VALUES (71, 'anomprasasta@example.com', '&5ZwODFI$04%', 'Nasrullah Dongoran', '1985-04-23', '+62 (0310) 528 0426', 'profil/user71.jpg', FALSE);
INSERT INTO Pengguna (id_pengguna, email, password, nama_lengkap, tgl_lahir, no_telp, foto_profil, is_penjual) VALUES (72, 'laksitakenari@example.org', 'N20xK$GbC#Aq', 'Galih Dabukke', '1998-03-02', '+62 (86) 920 0169', 'profil/user72.jpg', FALSE);
INSERT INTO Pengguna (id_pengguna, email, password, nama_lengkap, tgl_lahir, no_telp, foto_profil, is_penjual) VALUES (73, 'sfujiati@example.com', 'w*1^Wtd5jVUS', 'Dr. Kenzie Tarihoran, S.Farm', '1971-07-14', '0834458896', 'profil/user73.jpg', FALSE);
INSERT INTO Pengguna (id_pengguna, email, password, nama_lengkap, tgl_lahir, no_telp, foto_profil, is_penjual) VALUES (74, 'qhariyah@example.com', 'M09T(8mTo7y*', 'Dr. Lili Yuliarti, S.Sos', '1967-06-03', '082 560 6381', 'profil/user74.jpg', FALSE);
INSERT INTO Pengguna (id_pengguna, email, password, nama_lengkap, tgl_lahir, no_telp, foto_profil, is_penjual) VALUES (75, 'winarnoellis@example.net', 'l48kUYBi$4LX', 'Cemplunk Sudiati', '1955-03-17', '+62 (04) 934 6663', 'profil/user75.jpg', FALSE);
INSERT INTO Pengguna (id_pengguna, email, password, nama_lengkap, tgl_lahir, no_telp, foto_profil, is_penjual) VALUES (76, 'wacanakenes@example.com', 'x7w)jYQ#AIR!', 'Kamaria Jailani', '1995-06-12', '+62 (050) 708 2114', 'profil/user76.jpg', FALSE);
INSERT INTO Pengguna (id_pengguna, email, password, nama_lengkap, tgl_lahir, no_telp, foto_profil, is_penjual) VALUES (77, 'michelle57@example.net', '9%foL6PuK(aM', 'Limar Rajasa', '1990-09-15', '(019) 090-8041', 'profil/user77.jpg', FALSE);
INSERT INTO Pengguna (id_pengguna, email, password, nama_lengkap, tgl_lahir, no_telp, foto_profil, is_penjual) VALUES (78, 'munisimanjuntak@example.com', 'mY^)Pipylzz1', 'Danu Sirait', '1957-12-08', '+62 (0479) 106-9631', 'profil/user78.jpg', FALSE);
INSERT INTO Pengguna (id_pengguna, email, password, nama_lengkap, tgl_lahir, no_telp, foto_profil, is_penjual) VALUES (79, 'mariadi31@example.com', 'e(C0kvF@%9z%', 'R.A. Widya Saragih, M.TI.', '1997-10-29', '(0329) 982 5204', 'profil/user79.jpg', FALSE);
INSERT INTO Pengguna (id_pengguna, email, password, nama_lengkap, tgl_lahir, no_telp, foto_profil, is_penjual) VALUES (80, 'yuniagustina@example.com', '2pauswCq_e4G', 'Rahmi Sihombing, S.Pd', '2001-10-29', '+62-76-376-3026', 'profil/user80.jpg', FALSE);
INSERT INTO Pengguna (id_pengguna, email, password, nama_lengkap, tgl_lahir, no_telp, foto_profil, is_penjual) VALUES (81, 'lembahuwais@example.net', '0L(sLng7!zQ^', 'Mahesa Halim', '1981-06-15', '+62 (0683) 535-5513', 'profil/user81.jpg', FALSE);
INSERT INTO Pengguna (id_pengguna, email, password, nama_lengkap, tgl_lahir, no_telp, foto_profil, is_penjual) VALUES (82, 'taripradana@example.net', 'I^wUtkfnPb7y', 'Widya Widodo', '1965-03-26', '+62-0727-469-1410', 'profil/user82.jpg', FALSE);
INSERT INTO Pengguna (id_pengguna, email, password, nama_lengkap, tgl_lahir, no_telp, foto_profil, is_penjual) VALUES (83, 'bancar21@example.com', 'meGSf!jbu1a&', 'Melinda Agustina', '2009-06-14', '+62 (0897) 821 0341', 'profil/user83.jpg', FALSE);
INSERT INTO Pengguna (id_pengguna, email, password, nama_lengkap, tgl_lahir, no_telp, foto_profil, is_penjual) VALUES (84, 'hidayatmalik@example.net', 'P*9aEKXeQq8+', 'R. Najam Ardianto', '1961-05-27', '+62 (028) 327 2896', 'profil/user84.jpg', FALSE);
INSERT INTO Pengguna (id_pengguna, email, password, nama_lengkap, tgl_lahir, no_telp, foto_profil, is_penjual) VALUES (85, 'eminpadmasari@example.net', 'r_PPdjs%405O', 'Mahdi Prabowo', '2001-11-01', '+62 (15) 280 1429', 'profil/user85.jpg', FALSE);

-- Penjual
INSERT INTO Penjual (id_penjual, id_pengguna, foto_diri, nama, is_verified) VALUES (1, 1, 'fotodiri/penjual1.jpg', 'UD Nainggolan Tbk Store', TRUE);
INSERT INTO Penjual (id_penjual, id_pengguna, foto_diri, nama, is_verified) VALUES (2, 2, 'fotodiri/penjual2.jpg', 'PT Kurniawan Irawan Tbk Store', FALSE);
INSERT INTO Penjual (id_penjual, id_pengguna, foto_diri, nama, is_verified) VALUES (3, 3, 'fotodiri/penjual3.jpg', 'PD Hardiansyah Tbk Store', FALSE);
INSERT INTO Penjual (id_penjual, id_pengguna, foto_diri, nama, is_verified) VALUES (4, 4, 'fotodiri/penjual4.jpg', 'UD Sirait Melani Tbk Store', FALSE);
INSERT INTO Penjual (id_penjual, id_pengguna, foto_diri, nama, is_verified) VALUES (5, 5, 'fotodiri/penjual5.jpg', 'UD Maryadi Tbk Store', FALSE);
INSERT INTO Penjual (id_penjual, id_pengguna, foto_diri, nama, is_verified) VALUES (6, 6, 'fotodiri/penjual6.jpg', 'PD Waskita Anggraini Tbk Store', TRUE);
INSERT INTO Penjual (id_penjual, id_pengguna, foto_diri, nama, is_verified) VALUES (7, 7, 'fotodiri/penjual7.jpg', 'CV Wahyuni Mandasari (Persero) Tbk Store', FALSE);
INSERT INTO Penjual (id_penjual, id_pengguna, foto_diri, nama, is_verified) VALUES (8, 8, 'fotodiri/penjual8.jpg', 'PT Suwarno Store', FALSE);
INSERT INTO Penjual (id_penjual, id_pengguna, foto_diri, nama, is_verified) VALUES (9, 9, 'fotodiri/penjual9.jpg', 'PD Laksita Store', FALSE);
INSERT INTO Penjual (id_penjual, id_pengguna, foto_diri, nama, is_verified) VALUES (10, 10, 'fotodiri/penjual10.jpg', 'Perum Hasanah (Persero) Tbk Store', TRUE);
INSERT INTO Penjual (id_penjual, id_pengguna, foto_diri, nama, is_verified) VALUES (11, 11, 'fotodiri/penjual11.jpg', 'Perum Puspasari Anggraini (Persero) Tbk Store', TRUE);
INSERT INTO Penjual (id_penjual, id_pengguna, foto_diri, nama, is_verified) VALUES (12, 12, 'fotodiri/penjual12.jpg', 'PT Simanjuntak Sihombing Store', FALSE);
INSERT INTO Penjual (id_penjual, id_pengguna, foto_diri, nama, is_verified) VALUES (13, 13, 'fotodiri/penjual13.jpg', 'PT Handayani Store', TRUE);
INSERT INTO Penjual (id_penjual, id_pengguna, foto_diri, nama, is_verified) VALUES (14, 14, 'fotodiri/penjual14.jpg', 'CV Rahmawati Rahayu Tbk Store', TRUE);
INSERT INTO Penjual (id_penjual, id_pengguna, foto_diri, nama, is_verified) VALUES (15, 15, 'fotodiri/penjual15.jpg', 'CV Yolanda Utama Tbk Store', FALSE);
INSERT INTO Penjual (id_penjual, id_pengguna, foto_diri, nama, is_verified) VALUES (16, 16, 'fotodiri/penjual16.jpg', 'PD Wacana Sirait (Persero) Tbk Store', FALSE);
INSERT INTO Penjual (id_penjual, id_pengguna, foto_diri, nama, is_verified) VALUES (17, 17, 'fotodiri/penjual17.jpg', 'PD Sihotang Store', TRUE);
INSERT INTO Penjual (id_penjual, id_pengguna, foto_diri, nama, is_verified) VALUES (18, 18, 'fotodiri/penjual18.jpg', 'PT Nainggolan Store', FALSE);
INSERT INTO Penjual (id_penjual, id_pengguna, foto_diri, nama, is_verified) VALUES (19, 19, 'fotodiri/penjual19.jpg', 'PT Firgantoro Novitasari Tbk Store', FALSE);
INSERT INTO Penjual (id_penjual, id_pengguna, foto_diri, nama, is_verified) VALUES (20, 20, 'fotodiri/penjual20.jpg', 'CV Uyainah Nababan (Persero) Tbk Store', FALSE);
INSERT INTO Penjual (id_penjual, id_pengguna, foto_diri, nama, is_verified) VALUES (21, 21, 'fotodiri/penjual21.jpg', 'PT Siregar (Persero) Tbk Store', FALSE);
INSERT INTO Penjual (id_penjual, id_pengguna, foto_diri, nama, is_verified) VALUES (22, 22, 'fotodiri/penjual22.jpg', 'PT Hariyah Nurdiyanti Store', FALSE);
INSERT INTO Penjual (id_penjual, id_pengguna, foto_diri, nama, is_verified) VALUES (23, 23, 'fotodiri/penjual23.jpg', 'Perum Mahendra Store', TRUE);
INSERT INTO Penjual (id_penjual, id_pengguna, foto_diri, nama, is_verified) VALUES (24, 24, 'fotodiri/penjual24.jpg', 'PT Mustofa Adriansyah Tbk Store', FALSE);
INSERT INTO Penjual (id_penjual, id_pengguna, foto_diri, nama, is_verified) VALUES (25, 25, 'fotodiri/penjual25.jpg', 'CV Kuswandari Store', FALSE);
INSERT INTO Penjual (id_penjual, id_pengguna, foto_diri, nama, is_verified) VALUES (26, 26, 'fotodiri/penjual26.jpg', 'CV Zulaika Firgantoro Tbk Store', TRUE);
INSERT INTO Penjual (id_penjual, id_pengguna, foto_diri, nama, is_verified) VALUES (27, 27, 'fotodiri/penjual27.jpg', 'PT Nashiruddin Tbk Store', TRUE);
INSERT INTO Penjual (id_penjual, id_pengguna, foto_diri, nama, is_verified) VALUES (28, 28, 'fotodiri/penjual28.jpg', 'Perum Sudiati Astuti Tbk Store', FALSE);
INSERT INTO Penjual (id_penjual, id_pengguna, foto_diri, nama, is_verified) VALUES (29, 29, 'fotodiri/penjual29.jpg', 'CV Ramadan Novitasari Store', FALSE);
INSERT INTO Penjual (id_penjual, id_pengguna, foto_diri, nama, is_verified) VALUES (30, 30, 'fotodiri/penjual30.jpg', 'UD Suryono Kusumo Store', FALSE);
INSERT INTO Penjual (id_penjual, id_pengguna, foto_diri, nama, is_verified) VALUES (31, 31, 'fotodiri/penjual31.jpg', 'CV Gunawan Halimah Store', FALSE);
INSERT INTO Penjual (id_penjual, id_pengguna, foto_diri, nama, is_verified) VALUES (32, 32, 'fotodiri/penjual32.jpg', 'PT Simbolon Prasetyo Store', TRUE);
INSERT INTO Penjual (id_penjual, id_pengguna, foto_diri, nama, is_verified) VALUES (33, 33, 'fotodiri/penjual33.jpg', 'PT Novitasari Store', TRUE);
INSERT INTO Penjual (id_penjual, id_pengguna, foto_diri, nama, is_verified) VALUES (34, 34, 'fotodiri/penjual34.jpg', 'Perum Najmudin Marpaung Store', TRUE);
INSERT INTO Penjual (id_penjual, id_pengguna, foto_diri, nama, is_verified) VALUES (35, 35, 'fotodiri/penjual35.jpg', 'PD Pangestu Sihombing Tbk Store', TRUE);
INSERT INTO Penjual (id_penjual, id_pengguna, foto_diri, nama, is_verified) VALUES (36, 36, 'fotodiri/penjual36.jpg', 'Perum Mandasari Dabukke Tbk Store', FALSE);
INSERT INTO Penjual (id_penjual, id_pengguna, foto_diri, nama, is_verified) VALUES (37, 37, 'fotodiri/penjual37.jpg', 'PD Prabowo Store', TRUE);
INSERT INTO Penjual (id_penjual, id_pengguna, foto_diri, nama, is_verified) VALUES (38, 38, 'fotodiri/penjual38.jpg', 'PT Budiman (Persero) Tbk Store', TRUE);
INSERT INTO Penjual (id_penjual, id_pengguna, foto_diri, nama, is_verified) VALUES (39, 39, 'fotodiri/penjual39.jpg', 'UD Winarno Waskita (Persero) Tbk Store', TRUE);
INSERT INTO Penjual (id_penjual, id_pengguna, foto_diri, nama, is_verified) VALUES (40, 40, 'fotodiri/penjual40.jpg', 'UD Santoso Damanik Store', FALSE);

-- Pembeli
INSERT INTO Pembeli (id_pembeli, id_pengguna) VALUES (1, 41);
INSERT INTO Pembeli (id_pembeli, id_pengguna) VALUES (2, 42);
INSERT INTO Pembeli (id_pembeli, id_pengguna) VALUES (3, 43);
INSERT INTO Pembeli (id_pembeli, id_pengguna) VALUES (4, 44);
INSERT INTO Pembeli (id_pembeli, id_pengguna) VALUES (5, 45);
INSERT INTO Pembeli (id_pembeli, id_pengguna) VALUES (6, 46);
INSERT INTO Pembeli (id_pembeli, id_pengguna) VALUES (7, 47);
INSERT INTO Pembeli (id_pembeli, id_pengguna) VALUES (8, 48);
INSERT INTO Pembeli (id_pembeli, id_pengguna) VALUES (9, 49);
INSERT INTO Pembeli (id_pembeli, id_pengguna) VALUES (10, 50);
INSERT INTO Pembeli (id_pembeli, id_pengguna) VALUES (11, 51);
INSERT INTO Pembeli (id_pembeli, id_pengguna) VALUES (12, 52);
INSERT INTO Pembeli (id_pembeli, id_pengguna) VALUES (13, 53);
INSERT INTO Pembeli (id_pembeli, id_pengguna) VALUES (14, 54);
INSERT INTO Pembeli (id_pembeli, id_pengguna) VALUES (15, 55);
INSERT INTO Pembeli (id_pembeli, id_pengguna) VALUES (16, 56);
INSERT INTO Pembeli (id_pembeli, id_pengguna) VALUES (17, 57);
INSERT INTO Pembeli (id_pembeli, id_pengguna) VALUES (18, 58);
INSERT INTO Pembeli (id_pembeli, id_pengguna) VALUES (19, 59);
INSERT INTO Pembeli (id_pembeli, id_pengguna) VALUES (20, 60);
INSERT INTO Pembeli (id_pembeli, id_pengguna) VALUES (21, 61);
INSERT INTO Pembeli (id_pembeli, id_pengguna) VALUES (22, 62);
INSERT INTO Pembeli (id_pembeli, id_pengguna) VALUES (23, 63);
INSERT INTO Pembeli (id_pembeli, id_pengguna) VALUES (24, 64);
INSERT INTO Pembeli (id_pembeli, id_pengguna) VALUES (25, 65);
INSERT INTO Pembeli (id_pembeli, id_pengguna) VALUES (26, 66);
INSERT INTO Pembeli (id_pembeli, id_pengguna) VALUES (27, 67);
INSERT INTO Pembeli (id_pembeli, id_pengguna) VALUES (28, 68);
INSERT INTO Pembeli (id_pembeli, id_pengguna) VALUES (29, 69);
INSERT INTO Pembeli (id_pembeli, id_pengguna) VALUES (30, 70);
INSERT INTO Pembeli (id_pembeli, id_pengguna) VALUES (31, 71);
INSERT INTO Pembeli (id_pembeli, id_pengguna) VALUES (32, 72);
INSERT INTO Pembeli (id_pembeli, id_pengguna) VALUES (33, 73);
INSERT INTO Pembeli (id_pembeli, id_pengguna) VALUES (34, 74);
INSERT INTO Pembeli (id_pembeli, id_pengguna) VALUES (35, 75);
INSERT INTO Pembeli (id_pembeli, id_pengguna) VALUES (36, 76);
INSERT INTO Pembeli (id_pembeli, id_pengguna) VALUES (37, 77);
INSERT INTO Pembeli (id_pembeli, id_pengguna) VALUES (38, 78);
INSERT INTO Pembeli (id_pembeli, id_pengguna) VALUES (39, 79);
INSERT INTO Pembeli (id_pembeli, id_pengguna) VALUES (40, 80);
INSERT INTO Pembeli (id_pembeli, id_pengguna) VALUES (41, 81);
INSERT INTO Pembeli (id_pembeli, id_pengguna) VALUES (42, 82);
INSERT INTO Pembeli (id_pembeli, id_pengguna) VALUES (43, 83);
INSERT INTO Pembeli (id_pembeli, id_pengguna) VALUES (44, 84);
INSERT INTO Pembeli (id_pembeli, id_pengguna) VALUES (45, 85);

-- AlamatPembeli
INSERT INTO AlamatPembeli (id_pembeli, id_alamat, id_pesanan, is_default) VALUES (1, 32, NULL, TRUE);
INSERT INTO AlamatPembeli (id_pembeli, id_alamat, id_pesanan, is_default) VALUES (2, 38, NULL, TRUE);
INSERT INTO AlamatPembeli (id_pembeli, id_alamat, id_pesanan, is_default) VALUES (2, 15, NULL, FALSE);
INSERT INTO AlamatPembeli (id_pembeli, id_alamat, id_pesanan, is_default) VALUES (3, 26, NULL, TRUE);
INSERT INTO AlamatPembeli (id_pembeli, id_alamat, id_pesanan, is_default) VALUES (3, 32, NULL, FALSE);
INSERT INTO AlamatPembeli (id_pembeli, id_alamat, id_pesanan, is_default) VALUES (3, 1, NULL, FALSE);
INSERT INTO AlamatPembeli (id_pembeli, id_alamat, id_pesanan, is_default) VALUES (4, 28, NULL, TRUE);
INSERT INTO AlamatPembeli (id_pembeli, id_alamat, id_pesanan, is_default) VALUES (5, 13, NULL, TRUE);
INSERT INTO AlamatPembeli (id_pembeli, id_alamat, id_pesanan, is_default) VALUES (5, 47, NULL, FALSE);
INSERT INTO AlamatPembeli (id_pembeli, id_alamat, id_pesanan, is_default) VALUES (5, 48, NULL, FALSE);
INSERT INTO AlamatPembeli (id_pembeli, id_alamat, id_pesanan, is_default) VALUES (6, 2, NULL, TRUE);
INSERT INTO AlamatPembeli (id_pembeli, id_alamat, id_pesanan, is_default) VALUES (6, 13, NULL, FALSE);
INSERT INTO AlamatPembeli (id_pembeli, id_alamat, id_pesanan, is_default) VALUES (7, 15, NULL, TRUE);
INSERT INTO AlamatPembeli (id_pembeli, id_alamat, id_pesanan, is_default) VALUES (7, 47, NULL, FALSE);
INSERT INTO AlamatPembeli (id_pembeli, id_alamat, id_pesanan, is_default) VALUES (8, 8, NULL, TRUE);
INSERT INTO AlamatPembeli (id_pembeli, id_alamat, id_pesanan, is_default) VALUES (9, 44, NULL, TRUE);
INSERT INTO AlamatPembeli (id_pembeli, id_alamat, id_pesanan, is_default) VALUES (9, 6, NULL, FALSE);
INSERT INTO AlamatPembeli (id_pembeli, id_alamat, id_pesanan, is_default) VALUES (10, 26, NULL, TRUE);
INSERT INTO AlamatPembeli (id_pembeli, id_alamat, id_pesanan, is_default) VALUES (10, 49, NULL, FALSE);
INSERT INTO AlamatPembeli (id_pembeli, id_alamat, id_pesanan, is_default) VALUES (11, 36, NULL, TRUE);
INSERT INTO AlamatPembeli (id_pembeli, id_alamat, id_pesanan, is_default) VALUES (12, 34, NULL, TRUE);
INSERT INTO AlamatPembeli (id_pembeli, id_alamat, id_pesanan, is_default) VALUES (12, 40, NULL, FALSE);
INSERT INTO AlamatPembeli (id_pembeli, id_alamat, id_pesanan, is_default) VALUES (12, 12, NULL, FALSE);
INSERT INTO AlamatPembeli (id_pembeli, id_alamat, id_pesanan, is_default) VALUES (13, 20, NULL, TRUE);
INSERT INTO AlamatPembeli (id_pembeli, id_alamat, id_pesanan, is_default) VALUES (14, 35, NULL, TRUE);
INSERT INTO AlamatPembeli (id_pembeli, id_alamat, id_pesanan, is_default) VALUES (15, 28, NULL, TRUE);
INSERT INTO AlamatPembeli (id_pembeli, id_alamat, id_pesanan, is_default) VALUES (15, 39, NULL, FALSE);
INSERT INTO AlamatPembeli (id_pembeli, id_alamat, id_pesanan, is_default) VALUES (16, 24, NULL, TRUE);
INSERT INTO AlamatPembeli (id_pembeli, id_alamat, id_pesanan, is_default) VALUES (17, 16, NULL, TRUE);
INSERT INTO AlamatPembeli (id_pembeli, id_alamat, id_pesanan, is_default) VALUES (17, 20, NULL, FALSE);
INSERT INTO AlamatPembeli (id_pembeli, id_alamat, id_pesanan, is_default) VALUES (17, 41, NULL, FALSE);
INSERT INTO AlamatPembeli (id_pembeli, id_alamat, id_pesanan, is_default) VALUES (18, 28, NULL, TRUE);
INSERT INTO AlamatPembeli (id_pembeli, id_alamat, id_pesanan, is_default) VALUES (18, 7, NULL, FALSE);
INSERT INTO AlamatPembeli (id_pembeli, id_alamat, id_pesanan, is_default) VALUES (19, 48, NULL, TRUE);
INSERT INTO AlamatPembeli (id_pembeli, id_alamat, id_pesanan, is_default) VALUES (19, 42, NULL, FALSE);
INSERT INTO AlamatPembeli (id_pembeli, id_alamat, id_pesanan, is_default) VALUES (20, 25, NULL, TRUE);
INSERT INTO AlamatPembeli (id_pembeli, id_alamat, id_pesanan, is_default) VALUES (20, 48, NULL, FALSE);
INSERT INTO AlamatPembeli (id_pembeli, id_alamat, id_pesanan, is_default) VALUES (21, 2, NULL, TRUE);
INSERT INTO AlamatPembeli (id_pembeli, id_alamat, id_pesanan, is_default) VALUES (21, 22, NULL, FALSE);
INSERT INTO AlamatPembeli (id_pembeli, id_alamat, id_pesanan, is_default) VALUES (22, 50, NULL, TRUE);
INSERT INTO AlamatPembeli (id_pembeli, id_alamat, id_pesanan, is_default) VALUES (23, 20, NULL, TRUE);
INSERT INTO AlamatPembeli (id_pembeli, id_alamat, id_pesanan, is_default) VALUES (23, 46, NULL, FALSE);
INSERT INTO AlamatPembeli (id_pembeli, id_alamat, id_pesanan, is_default) VALUES (24, 8, NULL, TRUE);
INSERT INTO AlamatPembeli (id_pembeli, id_alamat, id_pesanan, is_default) VALUES (24, 28, NULL, FALSE);
INSERT INTO AlamatPembeli (id_pembeli, id_alamat, id_pesanan, is_default) VALUES (24, 30, NULL, FALSE);
INSERT INTO AlamatPembeli (id_pembeli, id_alamat, id_pesanan, is_default) VALUES (25, 3, NULL, TRUE);
INSERT INTO AlamatPembeli (id_pembeli, id_alamat, id_pesanan, is_default) VALUES (25, 9, NULL, FALSE);
INSERT INTO AlamatPembeli (id_pembeli, id_alamat, id_pesanan, is_default) VALUES (25, 18, NULL, FALSE);
INSERT INTO AlamatPembeli (id_pembeli, id_alamat, id_pesanan, is_default) VALUES (26, 22, NULL, TRUE);
INSERT INTO AlamatPembeli (id_pembeli, id_alamat, id_pesanan, is_default) VALUES (27, 10, NULL, TRUE);
INSERT INTO AlamatPembeli (id_pembeli, id_alamat, id_pesanan, is_default) VALUES (27, 5, NULL, FALSE);
INSERT INTO AlamatPembeli (id_pembeli, id_alamat, id_pesanan, is_default) VALUES (27, 1, NULL, FALSE);
INSERT INTO AlamatPembeli (id_pembeli, id_alamat, id_pesanan, is_default) VALUES (28, 1, NULL, TRUE);
INSERT INTO AlamatPembeli (id_pembeli, id_alamat, id_pesanan, is_default) VALUES (29, 32, NULL, TRUE);
INSERT INTO AlamatPembeli (id_pembeli, id_alamat, id_pesanan, is_default) VALUES (29, 19, NULL, FALSE);
INSERT INTO AlamatPembeli (id_pembeli, id_alamat, id_pesanan, is_default) VALUES (30, 45, NULL, TRUE);
INSERT INTO AlamatPembeli (id_pembeli, id_alamat, id_pesanan, is_default) VALUES (30, 43, NULL, FALSE);
INSERT INTO AlamatPembeli (id_pembeli, id_alamat, id_pesanan, is_default) VALUES (30, 9, NULL, FALSE);
INSERT INTO AlamatPembeli (id_pembeli, id_alamat, id_pesanan, is_default) VALUES (31, 20, NULL, TRUE);
INSERT INTO AlamatPembeli (id_pembeli, id_alamat, id_pesanan, is_default) VALUES (31, 36, NULL, FALSE);
INSERT INTO AlamatPembeli (id_pembeli, id_alamat, id_pesanan, is_default) VALUES (32, 49, NULL, TRUE);
INSERT INTO AlamatPembeli (id_pembeli, id_alamat, id_pesanan, is_default) VALUES (32, 36, NULL, FALSE);
INSERT INTO AlamatPembeli (id_pembeli, id_alamat, id_pesanan, is_default) VALUES (32, 39, NULL, FALSE);
INSERT INTO AlamatPembeli (id_pembeli, id_alamat, id_pesanan, is_default) VALUES (33, 8, NULL, TRUE);
INSERT INTO AlamatPembeli (id_pembeli, id_alamat, id_pesanan, is_default) VALUES (33, 34, NULL, FALSE);
INSERT INTO AlamatPembeli (id_pembeli, id_alamat, id_pesanan, is_default) VALUES (34, 44, NULL, TRUE);
INSERT INTO AlamatPembeli (id_pembeli, id_alamat, id_pesanan, is_default) VALUES (34, 14, NULL, FALSE);
INSERT INTO AlamatPembeli (id_pembeli, id_alamat, id_pesanan, is_default) VALUES (34, 10, NULL, FALSE);
INSERT INTO AlamatPembeli (id_pembeli, id_alamat, id_pesanan, is_default) VALUES (35, 47, NULL, TRUE);
INSERT INTO AlamatPembeli (id_pembeli, id_alamat, id_pesanan, is_default) VALUES (35, 22, NULL, FALSE);
INSERT INTO AlamatPembeli (id_pembeli, id_alamat, id_pesanan, is_default) VALUES (35, 31, NULL, FALSE);
INSERT INTO AlamatPembeli (id_pembeli, id_alamat, id_pesanan, is_default) VALUES (36, 8, NULL, TRUE);
INSERT INTO AlamatPembeli (id_pembeli, id_alamat, id_pesanan, is_default) VALUES (36, 14, NULL, FALSE);
INSERT INTO AlamatPembeli (id_pembeli, id_alamat, id_pesanan, is_default) VALUES (37, 7, NULL, TRUE);
INSERT INTO AlamatPembeli (id_pembeli, id_alamat, id_pesanan, is_default) VALUES (37, 49, NULL, FALSE);
INSERT INTO AlamatPembeli (id_pembeli, id_alamat, id_pesanan, is_default) VALUES (38, 3, NULL, TRUE);
INSERT INTO AlamatPembeli (id_pembeli, id_alamat, id_pesanan, is_default) VALUES (38, 43, NULL, FALSE);
INSERT INTO AlamatPembeli (id_pembeli, id_alamat, id_pesanan, is_default) VALUES (39, 50, NULL, TRUE);
INSERT INTO AlamatPembeli (id_pembeli, id_alamat, id_pesanan, is_default) VALUES (39, 7, NULL, FALSE);
INSERT INTO AlamatPembeli (id_pembeli, id_alamat, id_pesanan, is_default) VALUES (39, 3, NULL, FALSE);
INSERT INTO AlamatPembeli (id_pembeli, id_alamat, id_pesanan, is_default) VALUES (40, 35, NULL, TRUE);
INSERT INTO AlamatPembeli (id_pembeli, id_alamat, id_pesanan, is_default) VALUES (40, 43, NULL, FALSE);
INSERT INTO AlamatPembeli (id_pembeli, id_alamat, id_pesanan, is_default) VALUES (40, 50, NULL, FALSE);
INSERT INTO AlamatPembeli (id_pembeli, id_alamat, id_pesanan, is_default) VALUES (41, 38, NULL, TRUE);
INSERT INTO AlamatPembeli (id_pembeli, id_alamat, id_pesanan, is_default) VALUES (42, 36, NULL, TRUE);
INSERT INTO AlamatPembeli (id_pembeli, id_alamat, id_pesanan, is_default) VALUES (42, 48, NULL, FALSE);
INSERT INTO AlamatPembeli (id_pembeli, id_alamat, id_pesanan, is_default) VALUES (42, 24, NULL, FALSE);
INSERT INTO AlamatPembeli (id_pembeli, id_alamat, id_pesanan, is_default) VALUES (43, 36, NULL, TRUE);
INSERT INTO AlamatPembeli (id_pembeli, id_alamat, id_pesanan, is_default) VALUES (43, 27, NULL, FALSE);
INSERT INTO AlamatPembeli (id_pembeli, id_alamat, id_pesanan, is_default) VALUES (43, 32, NULL, FALSE);
INSERT INTO AlamatPembeli (id_pembeli, id_alamat, id_pesanan, is_default) VALUES (44, 31, NULL, TRUE);
INSERT INTO AlamatPembeli (id_pembeli, id_alamat, id_pesanan, is_default) VALUES (44, 16, NULL, FALSE);
INSERT INTO AlamatPembeli (id_pembeli, id_alamat, id_pesanan, is_default) VALUES (44, 17, NULL, FALSE);
INSERT INTO AlamatPembeli (id_pembeli, id_alamat, id_pesanan, is_default) VALUES (45, 35, NULL, TRUE);
INSERT INTO AlamatPembeli (id_pembeli, id_alamat, id_pesanan, is_default) VALUES (45, 18, NULL, FALSE);

-- Keranjang
INSERT INTO Keranjang (id_keranjang, id_pembeli) VALUES (1, 1);
INSERT INTO Keranjang (id_keranjang, id_pembeli) VALUES (2, 2);
INSERT INTO Keranjang (id_keranjang, id_pembeli) VALUES (3, 3);
INSERT INTO Keranjang (id_keranjang, id_pembeli) VALUES (4, 4);
INSERT INTO Keranjang (id_keranjang, id_pembeli) VALUES (5, 5);
INSERT INTO Keranjang (id_keranjang, id_pembeli) VALUES (6, 6);
INSERT INTO Keranjang (id_keranjang, id_pembeli) VALUES (7, 7);
INSERT INTO Keranjang (id_keranjang, id_pembeli) VALUES (8, 8);
INSERT INTO Keranjang (id_keranjang, id_pembeli) VALUES (9, 9);
INSERT INTO Keranjang (id_keranjang, id_pembeli) VALUES (10, 10);
INSERT INTO Keranjang (id_keranjang, id_pembeli) VALUES (11, 11);
INSERT INTO Keranjang (id_keranjang, id_pembeli) VALUES (12, 12);
INSERT INTO Keranjang (id_keranjang, id_pembeli) VALUES (13, 13);
INSERT INTO Keranjang (id_keranjang, id_pembeli) VALUES (14, 14);
INSERT INTO Keranjang (id_keranjang, id_pembeli) VALUES (15, 15);
INSERT INTO Keranjang (id_keranjang, id_pembeli) VALUES (16, 16);
INSERT INTO Keranjang (id_keranjang, id_pembeli) VALUES (17, 17);
INSERT INTO Keranjang (id_keranjang, id_pembeli) VALUES (18, 18);
INSERT INTO Keranjang (id_keranjang, id_pembeli) VALUES (19, 19);
INSERT INTO Keranjang (id_keranjang, id_pembeli) VALUES (20, 20);
INSERT INTO Keranjang (id_keranjang, id_pembeli) VALUES (21, 21);
INSERT INTO Keranjang (id_keranjang, id_pembeli) VALUES (22, 22);
INSERT INTO Keranjang (id_keranjang, id_pembeli) VALUES (23, 23);
INSERT INTO Keranjang (id_keranjang, id_pembeli) VALUES (24, 24);
INSERT INTO Keranjang (id_keranjang, id_pembeli) VALUES (25, 25);
INSERT INTO Keranjang (id_keranjang, id_pembeli) VALUES (26, 26);
INSERT INTO Keranjang (id_keranjang, id_pembeli) VALUES (27, 27);
INSERT INTO Keranjang (id_keranjang, id_pembeli) VALUES (28, 28);
INSERT INTO Keranjang (id_keranjang, id_pembeli) VALUES (29, 29);
INSERT INTO Keranjang (id_keranjang, id_pembeli) VALUES (30, 30);
INSERT INTO Keranjang (id_keranjang, id_pembeli) VALUES (31, 31);
INSERT INTO Keranjang (id_keranjang, id_pembeli) VALUES (32, 32);
INSERT INTO Keranjang (id_keranjang, id_pembeli) VALUES (33, 33);
INSERT INTO Keranjang (id_keranjang, id_pembeli) VALUES (34, 34);
INSERT INTO Keranjang (id_keranjang, id_pembeli) VALUES (35, 35);
INSERT INTO Keranjang (id_keranjang, id_pembeli) VALUES (36, 36);
INSERT INTO Keranjang (id_keranjang, id_pembeli) VALUES (37, 37);
INSERT INTO Keranjang (id_keranjang, id_pembeli) VALUES (38, 38);
INSERT INTO Keranjang (id_keranjang, id_pembeli) VALUES (39, 39);
INSERT INTO Keranjang (id_keranjang, id_pembeli) VALUES (40, 40);
INSERT INTO Keranjang (id_keranjang, id_pembeli) VALUES (41, 41);
INSERT INTO Keranjang (id_keranjang, id_pembeli) VALUES (42, 42);
INSERT INTO Keranjang (id_keranjang, id_pembeli) VALUES (43, 43);
INSERT INTO Keranjang (id_keranjang, id_pembeli) VALUES (44, 44);
INSERT INTO Keranjang (id_keranjang, id_pembeli) VALUES (45, 45);

-- AtributVarian
INSERT INTO AtributVarian (atribut_varian, nama) VALUES ('WARNA', 'Warna');
INSERT INTO AtributVarian (atribut_varian, nama) VALUES ('UKURAN', 'Ukuran');
INSERT INTO AtributVarian (atribut_varian, nama) VALUES ('MATERIAL', 'Material');
INSERT INTO AtributVarian (atribut_varian, nama) VALUES ('RAM', 'RAM');
INSERT INTO AtributVarian (atribut_varian, nama) VALUES ('STORAGE_INTERNAL', 'Penyimpanan Internal');

-- Produk, VarianProduk, ProdukVarianAtribut
INSERT INTO Produk (id_produk, id_penjual, nama, deskripsi) VALUES (1, 1, 'Face-to-face object-oriented orchestration Spesial', 'Corporis adipisci distinctio itaque maxime. Aut consectetur sequi porro et amet.');
INSERT INTO VarianProduk (sku, harga, stok) VALUES ('SKU00001', 409072.67, 43);
INSERT INTO ProdukVarianAtribut (id_produk, atribut_varian, sku, nilai) VALUES (1, 'WARNA', 'SKU00001', 'Biru muda');
INSERT INTO VarianProduk (sku, harga, stok) VALUES ('SKU00002', 1778736.31, 178);
INSERT INTO ProdukVarianAtribut (id_produk, atribut_varian, sku, nilai) VALUES (1, 'UKURAN', 'SKU00002', 'S');
INSERT INTO ProdukVarianAtribut (id_produk, atribut_varian, sku, nilai) VALUES (1, 'WARNA', 'SKU00002', 'Ungu tua');
INSERT INTO VarianProduk (sku, harga, stok) VALUES ('SKU00003', 1675172.59, 12);
INSERT INTO ProdukVarianAtribut (id_produk, atribut_varian, sku, nilai) VALUES (1, 'WARNA', 'SKU00003', 'Putih');
INSERT INTO ProdukVarianAtribut (id_produk, atribut_varian, sku, nilai) VALUES (1, 'UKURAN', 'SKU00003', 'L');
INSERT INTO VarianProduk (sku, harga, stok) VALUES ('SKU00004', 1867043.25, 182);
INSERT INTO ProdukVarianAtribut (id_produk, atribut_varian, sku, nilai) VALUES (1, 'MATERIAL', 'SKU00004', 'Plastik ABS');
INSERT INTO ProdukVarianAtribut (id_produk, atribut_varian, sku, nilai) VALUES (1, 'STORAGE_INTERNAL', 'SKU00004', '64GB');
INSERT INTO Produk (id_produk, id_penjual, nama, deskripsi) VALUES (2, 1, 'Cross-platform encompassing ability Terbaru', 'Necessitatibus doloribus dicta iusto nulla sunt cumque. Expedita nihil magni. Distinctio repellat modi autem quaerat maxime ipsum voluptatem. Nam porro sapiente ex vero reiciendis.');
INSERT INTO VarianProduk (sku, harga, stok) VALUES ('SKU00005', 36048.92, 131);
INSERT INTO ProdukVarianAtribut (id_produk, atribut_varian, sku, nilai) VALUES (2, 'RAM', 'SKU00005', '4GB');
INSERT INTO VarianProduk (sku, harga, stok) VALUES ('SKU00006', 1037272.72, 75);
INSERT INTO ProdukVarianAtribut (id_produk, atribut_varian, sku, nilai) VALUES (2, 'WARNA', 'SKU00006', 'Nila');
INSERT INTO ProdukVarianAtribut (id_produk, atribut_varian, sku, nilai) VALUES (2, 'MATERIAL', 'SKU00006', 'Katun');
INSERT INTO VarianProduk (sku, harga, stok) VALUES ('SKU00007', 976890.72, 51);
INSERT INTO ProdukVarianAtribut (id_produk, atribut_varian, sku, nilai) VALUES (2, 'RAM', 'SKU00007', '32GB');
INSERT INTO ProdukVarianAtribut (id_produk, atribut_varian, sku, nilai) VALUES (2, 'STORAGE_INTERNAL', 'SKU00007', '64GB');
INSERT INTO VarianProduk (sku, harga, stok) VALUES ('SKU00008', 932380.22, 134);
INSERT INTO ProdukVarianAtribut (id_produk, atribut_varian, sku, nilai) VALUES (2, 'UKURAN', 'SKU00008', 'L');
INSERT INTO Produk (id_produk, id_penjual, nama, deskripsi) VALUES (3, 1, 'Compatible encompassing project Spesial', 'Esse consequatur reiciendis velit eius similique eaque labore. Optio corporis occaecati ut dolorum. Quidem voluptatum reiciendis perferendis deserunt.');
INSERT INTO VarianProduk (sku, harga, stok) VALUES ('SKU00009', 1077110.79, 64);
INSERT INTO ProdukVarianAtribut (id_produk, atribut_varian, sku, nilai) VALUES (3, 'STORAGE_INTERNAL', 'SKU00009', '128GB');
INSERT INTO Produk (id_produk, id_penjual, nama, deskripsi) VALUES (4, 2, 'Up-sized dedicated approach Berkualitas', 'Animi numquam facilis suscipit. Odio ullam asperiores et molestias. Quos repellendus commodi architecto non itaque.');
INSERT INTO VarianProduk (sku, harga, stok) VALUES ('SKU00010', 1009190.47, 163);
INSERT INTO ProdukVarianAtribut (id_produk, atribut_varian, sku, nilai) VALUES (4, 'MATERIAL', 'SKU00010', 'Kulit Sintetis');
INSERT INTO Produk (id_produk, id_penjual, nama, deskripsi) VALUES (5, 3, 'Multi-lateral reciprocal collaboration Spesial', 'Corrupti quaerat sunt. Deserunt labore quia vel.');
INSERT INTO VarianProduk (sku, harga, stok) VALUES ('SKU00011', 1990192.45, 199);
INSERT INTO ProdukVarianAtribut (id_produk, atribut_varian, sku, nilai) VALUES (5, 'STORAGE_INTERNAL', 'SKU00011', '1TB');
INSERT INTO Produk (id_produk, id_penjual, nama, deskripsi) VALUES (6, 3, 'Organic transitional capability Berkualitas', 'Soluta expedita laborum aperiam atque rem. Laborum qui dolor necessitatibus distinctio.');
INSERT INTO VarianProduk (sku, harga, stok) VALUES ('SKU00012', 1574856.31, 74);
INSERT INTO ProdukVarianAtribut (id_produk, atribut_varian, sku, nilai) VALUES (6, 'MATERIAL', 'SKU00012', 'Kulit Sintetis');
INSERT INTO Produk (id_produk, id_penjual, nama, deskripsi) VALUES (7, 3, 'Business-focused client-server task-force Terbaru', 'Consequuntur sint optio repellendus modi occaecati. Aliquam nemo itaque debitis sapiente nostrum eveniet. Exercitationem illum voluptate asperiores officiis. Nam doloremque distinctio iste iusto nihil.');
INSERT INTO VarianProduk (sku, harga, stok) VALUES ('SKU00013', 1180822.04, 93);
INSERT INTO ProdukVarianAtribut (id_produk, atribut_varian, sku, nilai) VALUES (7, 'STORAGE_INTERNAL', 'SKU00013', '64GB');
INSERT INTO VarianProduk (sku, harga, stok) VALUES ('SKU00014', 41267.06, 154);
INSERT INTO ProdukVarianAtribut (id_produk, atribut_varian, sku, nilai) VALUES (7, 'STORAGE_INTERNAL', 'SKU00014', '1TB');
INSERT INTO ProdukVarianAtribut (id_produk, atribut_varian, sku, nilai) VALUES (7, 'UKURAN', 'SKU00014', 'XL');
INSERT INTO Produk (id_produk, id_penjual, nama, deskripsi) VALUES (8, 4, 'Upgradable fault-tolerant collaboration Original', 'Non nisi non esse aspernatur eos laudantium. Fuga modi veniam incidunt ducimus veritatis rerum quod. Vitae sint vel fugit impedit a nobis.');
INSERT INTO VarianProduk (sku, harga, stok) VALUES ('SKU00015', 1463730.95, 176);
INSERT INTO ProdukVarianAtribut (id_produk, atribut_varian, sku, nilai) VALUES (8, 'MATERIAL', 'SKU00015', 'Polyester');
INSERT INTO Produk (id_produk, id_penjual, nama, deskripsi) VALUES (9, 4, 'Operative 24hour focus group Berkualitas', 'Eum adipisci necessitatibus iste iste odit. Mollitia numquam quasi eius rerum porro nisi.');
INSERT INTO VarianProduk (sku, harga, stok) VALUES ('SKU00016', 1818946.52, 137);
INSERT INTO ProdukVarianAtribut (id_produk, atribut_varian, sku, nilai) VALUES (9, 'STORAGE_INTERNAL', 'SKU00016', '1TB');
INSERT INTO VarianProduk (sku, harga, stok) VALUES ('SKU00017', 1855127.79, 3);
INSERT INTO ProdukVarianAtribut (id_produk, atribut_varian, sku, nilai) VALUES (9, 'STORAGE_INTERNAL', 'SKU00017', '64GB');
INSERT INTO VarianProduk (sku, harga, stok) VALUES ('SKU00018', 1860966.83, 109);
INSERT INTO ProdukVarianAtribut (id_produk, atribut_varian, sku, nilai) VALUES (9, 'WARNA', 'SKU00018', 'Koral');
INSERT INTO ProdukVarianAtribut (id_produk, atribut_varian, sku, nilai) VALUES (9, 'UKURAN', 'SKU00018', 'XXL');
INSERT INTO Produk (id_produk, id_penjual, nama, deskripsi) VALUES (10, 4, 'Assimilated needs-based process improvement Spesial', 'Harum aperiam expedita illum et molestiae. Odio id est necessitatibus eius placeat.');
INSERT INTO VarianProduk (sku, harga, stok) VALUES ('SKU00019', 750772.43, 156);
INSERT INTO ProdukVarianAtribut (id_produk, atribut_varian, sku, nilai) VALUES (10, 'UKURAN', 'SKU00019', 'XL');
INSERT INTO VarianProduk (sku, harga, stok) VALUES ('SKU00020', 453972.73, 64);
INSERT INTO ProdukVarianAtribut (id_produk, atribut_varian, sku, nilai) VALUES (10, 'STORAGE_INTERNAL', 'SKU00020', '1TB');
INSERT INTO VarianProduk (sku, harga, stok) VALUES ('SKU00021', 625895.91, 11);
INSERT INTO ProdukVarianAtribut (id_produk, atribut_varian, sku, nilai) VALUES (10, 'MATERIAL', 'SKU00021', 'Katun');
INSERT INTO Produk (id_produk, id_penjual, nama, deskripsi) VALUES (11, 5, 'Streamlined actuating toolset Terbaru', 'Est amet occaecati voluptate impedit eos laboriosam. Modi illum consequatur quibusdam nobis eaque.');
INSERT INTO VarianProduk (sku, harga, stok) VALUES ('SKU00022', 1700862.96, 61);
INSERT INTO ProdukVarianAtribut (id_produk, atribut_varian, sku, nilai) VALUES (11, 'STORAGE_INTERNAL', 'SKU00022', '256GB');
INSERT INTO ProdukVarianAtribut (id_produk, atribut_varian, sku, nilai) VALUES (11, 'WARNA', 'SKU00022', 'Merah jambu');
INSERT INTO Produk (id_produk, id_penjual, nama, deskripsi) VALUES (12, 5, 'Expanded neutral approach Original', 'Sint esse totam nulla. Deleniti molestias optio sunt aliquam similique tempore.');
INSERT INTO VarianProduk (sku, harga, stok) VALUES ('SKU00023', 1264844.84, 48);
INSERT INTO ProdukVarianAtribut (id_produk, atribut_varian, sku, nilai) VALUES (12, 'STORAGE_INTERNAL', 'SKU00023', '256GB');
INSERT INTO ProdukVarianAtribut (id_produk, atribut_varian, sku, nilai) VALUES (12, 'UKURAN', 'SKU00023', 'XXL');
INSERT INTO VarianProduk (sku, harga, stok) VALUES ('SKU00024', 930109.28, 110);
INSERT INTO ProdukVarianAtribut (id_produk, atribut_varian, sku, nilai) VALUES (12, 'MATERIAL', 'SKU00024', 'Logam');
INSERT INTO VarianProduk (sku, harga, stok) VALUES ('SKU00025', 22608.22, 189);
INSERT INTO ProdukVarianAtribut (id_produk, atribut_varian, sku, nilai) VALUES (12, 'MATERIAL', 'SKU00025', 'Polyester');
INSERT INTO ProdukVarianAtribut (id_produk, atribut_varian, sku, nilai) VALUES (12, 'UKURAN', 'SKU00025', 'S');
INSERT INTO Produk (id_produk, id_penjual, nama, deskripsi) VALUES (13, 5, 'Multi-channeled explicit migration Spesial', 'Nulla illo fugit amet. Totam ipsam totam blanditiis soluta corporis. Blanditiis facilis ad blanditiis explicabo consequuntur. Quod neque soluta quisquam perspiciatis non.');
INSERT INTO VarianProduk (sku, harga, stok) VALUES ('SKU00026', 1335206.37, 23);
INSERT INTO ProdukVarianAtribut (id_produk, atribut_varian, sku, nilai) VALUES (13, 'RAM', 'SKU00026', '32GB');
INSERT INTO ProdukVarianAtribut (id_produk, atribut_varian, sku, nilai) VALUES (13, 'STORAGE_INTERNAL', 'SKU00026', '64GB');
INSERT INTO VarianProduk (sku, harga, stok) VALUES ('SKU00027', 1845544.92, 28);
INSERT INTO ProdukVarianAtribut (id_produk, atribut_varian, sku, nilai) VALUES (13, 'UKURAN', 'SKU00027', 'All Size');
INSERT INTO VarianProduk (sku, harga, stok) VALUES ('SKU00028', 1900600.29, 22);
INSERT INTO ProdukVarianAtribut (id_produk, atribut_varian, sku, nilai) VALUES (13, 'STORAGE_INTERNAL', 'SKU00028', '256GB');
INSERT INTO ProdukVarianAtribut (id_produk, atribut_varian, sku, nilai) VALUES (13, 'UKURAN', 'SKU00028', 'XXL');
INSERT INTO Produk (id_produk, id_penjual, nama, deskripsi) VALUES (14, 6, 'Triple-buffered explicit software Berkualitas', 'Aliquid minima tempore ducimus. Maxime perspiciatis nulla corporis molestiae perferendis libero.');
INSERT INTO VarianProduk (sku, harga, stok) VALUES ('SKU00029', 1111076.27, 1);
INSERT INTO ProdukVarianAtribut (id_produk, atribut_varian, sku, nilai) VALUES (14, 'WARNA', 'SKU00029', 'Kuning');
INSERT INTO ProdukVarianAtribut (id_produk, atribut_varian, sku, nilai) VALUES (14, 'STORAGE_INTERNAL', 'SKU00029', '256GB');
INSERT INTO VarianProduk (sku, harga, stok) VALUES ('SKU00030', 1760080.77, 63);
INSERT INTO ProdukVarianAtribut (id_produk, atribut_varian, sku, nilai) VALUES (14, 'WARNA', 'SKU00030', 'Magenta');
INSERT INTO VarianProduk (sku, harga, stok) VALUES ('SKU00031', 1551054.67, 131);
INSERT INTO ProdukVarianAtribut (id_produk, atribut_varian, sku, nilai) VALUES (14, 'UKURAN', 'SKU00031', 'All Size');
INSERT INTO ProdukVarianAtribut (id_produk, atribut_varian, sku, nilai) VALUES (14, 'RAM', 'SKU00031', '8GB');
INSERT INTO VarianProduk (sku, harga, stok) VALUES ('SKU00032', 1378385.99, 89);
INSERT INTO ProdukVarianAtribut (id_produk, atribut_varian, sku, nilai) VALUES (14, 'MATERIAL', 'SKU00032', 'Katun');
INSERT INTO ProdukVarianAtribut (id_produk, atribut_varian, sku, nilai) VALUES (14, 'STORAGE_INTERNAL', 'SKU00032', '512GB');
INSERT INTO Produk (id_produk, id_penjual, nama, deskripsi) VALUES (15, 6, 'Operative actuating system engine Original', 'Debitis dicta odio asperiores dignissimos dignissimos. Ducimus quibusdam sapiente debitis cum corporis occaecati.');
INSERT INTO VarianProduk (sku, harga, stok) VALUES ('SKU00033', 442732.93, 136);
INSERT INTO ProdukVarianAtribut (id_produk, atribut_varian, sku, nilai) VALUES (15, 'RAM', 'SKU00033', '16GB');
INSERT INTO Produk (id_produk, id_penjual, nama, deskripsi) VALUES (16, 7, 'User-centric empowering database Berkualitas', 'Sint voluptates perspiciatis consequuntur. Amet corporis amet nulla.');
INSERT INTO VarianProduk (sku, harga, stok) VALUES ('SKU00034', 1734037.02, 182);
INSERT INTO ProdukVarianAtribut (id_produk, atribut_varian, sku, nilai) VALUES (16, 'RAM', 'SKU00034', '32GB');
INSERT INTO VarianProduk (sku, harga, stok) VALUES ('SKU00035', 329572.33, 94);
INSERT INTO ProdukVarianAtribut (id_produk, atribut_varian, sku, nilai) VALUES (16, 'MATERIAL', 'SKU00035', 'Kulit Sintetis');
INSERT INTO VarianProduk (sku, harga, stok) VALUES ('SKU00036', 757404.05, 152);
INSERT INTO ProdukVarianAtribut (id_produk, atribut_varian, sku, nilai) VALUES (16, 'STORAGE_INTERNAL', 'SKU00036', '1TB');
INSERT INTO VarianProduk (sku, harga, stok) VALUES ('SKU00037', 242218.92, 165);
INSERT INTO ProdukVarianAtribut (id_produk, atribut_varian, sku, nilai) VALUES (16, 'WARNA', 'SKU00037', 'Emas');
INSERT INTO ProdukVarianAtribut (id_produk, atribut_varian, sku, nilai) VALUES (16, 'MATERIAL', 'SKU00037', 'Logam');
INSERT INTO Produk (id_produk, id_penjual, nama, deskripsi) VALUES (17, 7, 'Programmable demand-driven structure Berkualitas', 'Quia voluptatem consectetur rerum laudantium veritatis tempora. Similique possimus doloremque iste sapiente exercitationem deleniti. Facere ea illo voluptas enim.');
INSERT INTO VarianProduk (sku, harga, stok) VALUES ('SKU00038', 286186.68, 37);
INSERT INTO ProdukVarianAtribut (id_produk, atribut_varian, sku, nilai) VALUES (17, 'UKURAN', 'SKU00038', 'XXL');
INSERT INTO VarianProduk (sku, harga, stok) VALUES ('SKU00039', 396261.52, 66);
INSERT INTO ProdukVarianAtribut (id_produk, atribut_varian, sku, nilai) VALUES (17, 'WARNA', 'SKU00039', 'Koral');
INSERT INTO VarianProduk (sku, harga, stok) VALUES ('SKU00040', 886022.89, 159);
INSERT INTO ProdukVarianAtribut (id_produk, atribut_varian, sku, nilai) VALUES (17, 'MATERIAL', 'SKU00040', 'Logam');
INSERT INTO Produk (id_produk, id_penjual, nama, deskripsi) VALUES (18, 7, 'Team-oriented heuristic website Berkualitas', 'Nesciunt maxime veniam cupiditate voluptate sunt.');
INSERT INTO VarianProduk (sku, harga, stok) VALUES ('SKU00041', 100770.1, 71);
INSERT INTO ProdukVarianAtribut (id_produk, atribut_varian, sku, nilai) VALUES (18, 'STORAGE_INTERNAL', 'SKU00041', '512GB');
INSERT INTO VarianProduk (sku, harga, stok) VALUES ('SKU00042', 1816104.87, 92);
INSERT INTO ProdukVarianAtribut (id_produk, atribut_varian, sku, nilai) VALUES (18, 'RAM', 'SKU00042', '32GB');
INSERT INTO ProdukVarianAtribut (id_produk, atribut_varian, sku, nilai) VALUES (18, 'WARNA', 'SKU00042', 'Biru dongker');
INSERT INTO VarianProduk (sku, harga, stok) VALUES ('SKU00043', 1717860.06, 36);
INSERT INTO ProdukVarianAtribut (id_produk, atribut_varian, sku, nilai) VALUES (18, 'WARNA', 'SKU00043', 'Ungu');
INSERT INTO Produk (id_produk, id_penjual, nama, deskripsi) VALUES (19, 8, 'User-centric full-range superstructure Terbaru', 'Quidem qui ab asperiores amet doloribus consectetur. Suscipit asperiores doloremque sunt fuga provident dignissimos eligendi.');
INSERT INTO VarianProduk (sku, harga, stok) VALUES ('SKU00044', 1136811.39, 86);
INSERT INTO ProdukVarianAtribut (id_produk, atribut_varian, sku, nilai) VALUES (19, 'UKURAN', 'SKU00044', 'All Size');
INSERT INTO ProdukVarianAtribut (id_produk, atribut_varian, sku, nilai) VALUES (19, 'STORAGE_INTERNAL', 'SKU00044', '64GB');
INSERT INTO VarianProduk (sku, harga, stok) VALUES ('SKU00045', 1988804.93, 94);
INSERT INTO ProdukVarianAtribut (id_produk, atribut_varian, sku, nilai) VALUES (19, 'RAM', 'SKU00045', '32GB');
INSERT INTO VarianProduk (sku, harga, stok) VALUES ('SKU00046', 1430150.25, 167);
INSERT INTO ProdukVarianAtribut (id_produk, atribut_varian, sku, nilai) VALUES (19, 'WARNA', 'SKU00046', 'Nila');
INSERT INTO VarianProduk (sku, harga, stok) VALUES ('SKU00047', 1148767.87, 16);
INSERT INTO ProdukVarianAtribut (id_produk, atribut_varian, sku, nilai) VALUES (19, 'STORAGE_INTERNAL', 'SKU00047', '512GB');
INSERT INTO Produk (id_produk, id_penjual, nama, deskripsi) VALUES (20, 9, 'Virtual intangible process improvement Terbaru', 'Id quibusdam iusto repellendus in at sunt.');
INSERT INTO VarianProduk (sku, harga, stok) VALUES ('SKU00048', 1982675.56, 17);
INSERT INTO ProdukVarianAtribut (id_produk, atribut_varian, sku, nilai) VALUES (20, 'WARNA', 'SKU00048', 'Ungu');
INSERT INTO Produk (id_produk, id_penjual, nama, deskripsi) VALUES (21, 9, 'Public-key transitional access Berkualitas', 'Dolore dolores officiis officiis. Provident dolorem doloremque tempora excepturi. Quia veniam temporibus soluta incidunt nobis.');
INSERT INTO VarianProduk (sku, harga, stok) VALUES ('SKU00049', 850618.06, 42);
INSERT INTO ProdukVarianAtribut (id_produk, atribut_varian, sku, nilai) VALUES (21, 'STORAGE_INTERNAL', 'SKU00049', '1TB');
INSERT INTO ProdukVarianAtribut (id_produk, atribut_varian, sku, nilai) VALUES (21, 'MATERIAL', 'SKU00049', 'Logam');
INSERT INTO VarianProduk (sku, harga, stok) VALUES ('SKU00050', 1721193.42, 159);
INSERT INTO ProdukVarianAtribut (id_produk, atribut_varian, sku, nilai) VALUES (21, 'RAM', 'SKU00050', '16GB');
INSERT INTO Produk (id_produk, id_penjual, nama, deskripsi) VALUES (22, 9, 'Synchronized bottom-line moderator Original', 'Facilis commodi a vitae maiores quis. Provident ratione error ipsa molestiae incidunt.');
INSERT INTO VarianProduk (sku, harga, stok) VALUES ('SKU00051', 288209.23, 94);
INSERT INTO ProdukVarianAtribut (id_produk, atribut_varian, sku, nilai) VALUES (22, 'UKURAN', 'SKU00051', 'XXL');
INSERT INTO VarianProduk (sku, harga, stok) VALUES ('SKU00052', 1625670.4, 66);
INSERT INTO ProdukVarianAtribut (id_produk, atribut_varian, sku, nilai) VALUES (22, 'MATERIAL', 'SKU00052', 'Logam');
INSERT INTO ProdukVarianAtribut (id_produk, atribut_varian, sku, nilai) VALUES (22, 'UKURAN', 'SKU00052', 'M');
INSERT INTO VarianProduk (sku, harga, stok) VALUES ('SKU00053', 606248.77, 99);
INSERT INTO ProdukVarianAtribut (id_produk, atribut_varian, sku, nilai) VALUES (22, 'MATERIAL', 'SKU00053', 'Katun');
INSERT INTO ProdukVarianAtribut (id_produk, atribut_varian, sku, nilai) VALUES (22, 'RAM', 'SKU00053', '32GB');
INSERT INTO Produk (id_produk, id_penjual, nama, deskripsi) VALUES (23, 10, 'Down-sized user-facing hub Spesial', 'Dolorum quis non mollitia. Itaque eos quia maiores. Tempore quis odio sequi.');
INSERT INTO VarianProduk (sku, harga, stok) VALUES ('SKU00054', 1939257.27, 198);
INSERT INTO ProdukVarianAtribut (id_produk, atribut_varian, sku, nilai) VALUES (23, 'UKURAN', 'SKU00054', 'XL');
INSERT INTO ProdukVarianAtribut (id_produk, atribut_varian, sku, nilai) VALUES (23, 'STORAGE_INTERNAL', 'SKU00054', '256GB');
INSERT INTO VarianProduk (sku, harga, stok) VALUES ('SKU00055', 521345.04, 83);
INSERT INTO ProdukVarianAtribut (id_produk, atribut_varian, sku, nilai) VALUES (23, 'UKURAN', 'SKU00055', 'XL');
INSERT INTO ProdukVarianAtribut (id_produk, atribut_varian, sku, nilai) VALUES (23, 'STORAGE_INTERNAL', 'SKU00055', '128GB');
INSERT INTO Produk (id_produk, id_penjual, nama, deskripsi) VALUES (24, 10, 'User-centric 24hour secured line Terbaru', 'Aliquid nesciunt rerum iusto alias sint. Provident laboriosam expedita cupiditate voluptatum magni.');
INSERT INTO VarianProduk (sku, harga, stok) VALUES ('SKU00056', 1122327.18, 112);
INSERT INTO ProdukVarianAtribut (id_produk, atribut_varian, sku, nilai) VALUES (24, 'STORAGE_INTERNAL', 'SKU00056', '64GB');
INSERT INTO ProdukVarianAtribut (id_produk, atribut_varian, sku, nilai) VALUES (24, 'WARNA', 'SKU00056', 'Merah marun');
INSERT INTO VarianProduk (sku, harga, stok) VALUES ('SKU00057', 205829.21, 90);
INSERT INTO ProdukVarianAtribut (id_produk, atribut_varian, sku, nilai) VALUES (24, 'MATERIAL', 'SKU00057', 'Plastik ABS');
INSERT INTO Produk (id_produk, id_penjual, nama, deskripsi) VALUES (25, 10, 'Stand-alone systemic info-mediaries Spesial', 'Labore id amet ipsa eos doloremque. Labore reprehenderit accusamus cum id vitae officiis.');
INSERT INTO VarianProduk (sku, harga, stok) VALUES ('SKU00058', 1514908.34, 93);
INSERT INTO ProdukVarianAtribut (id_produk, atribut_varian, sku, nilai) VALUES (25, 'RAM', 'SKU00058', '16GB');
INSERT INTO ProdukVarianAtribut (id_produk, atribut_varian, sku, nilai) VALUES (25, 'UKURAN', 'SKU00058', 'M');
INSERT INTO VarianProduk (sku, harga, stok) VALUES ('SKU00059', 64542.51, 149);
INSERT INTO ProdukVarianAtribut (id_produk, atribut_varian, sku, nilai) VALUES (25, 'STORAGE_INTERNAL', 'SKU00059', '512GB');
INSERT INTO ProdukVarianAtribut (id_produk, atribut_varian, sku, nilai) VALUES (25, 'UKURAN', 'SKU00059', 'S');
INSERT INTO VarianProduk (sku, harga, stok) VALUES ('SKU00060', 1797732.57, 59);
INSERT INTO ProdukVarianAtribut (id_produk, atribut_varian, sku, nilai) VALUES (25, 'RAM', 'SKU00060', '16GB');
INSERT INTO ProdukVarianAtribut (id_produk, atribut_varian, sku, nilai) VALUES (25, 'WARNA', 'SKU00060', 'Putih');
INSERT INTO Produk (id_produk, id_penjual, nama, deskripsi) VALUES (26, 11, 'Versatile 24/7 archive Original', 'Vitae officia minima error voluptatibus exercitationem. Culpa quas tenetur architecto.');
INSERT INTO VarianProduk (sku, harga, stok) VALUES ('SKU00061', 535369.48, 111);
INSERT INTO ProdukVarianAtribut (id_produk, atribut_varian, sku, nilai) VALUES (26, 'MATERIAL', 'SKU00061', 'Katun');
INSERT INTO ProdukVarianAtribut (id_produk, atribut_varian, sku, nilai) VALUES (26, 'UKURAN', 'SKU00061', 'All Size');
INSERT INTO VarianProduk (sku, harga, stok) VALUES ('SKU00062', 300562.92, 34);
INSERT INTO ProdukVarianAtribut (id_produk, atribut_varian, sku, nilai) VALUES (26, 'UKURAN', 'SKU00062', 'S');
INSERT INTO VarianProduk (sku, harga, stok) VALUES ('SKU00063', 227546.28, 170);
INSERT INTO ProdukVarianAtribut (id_produk, atribut_varian, sku, nilai) VALUES (26, 'STORAGE_INTERNAL', 'SKU00063', '1TB');
INSERT INTO VarianProduk (sku, harga, stok) VALUES ('SKU00064', 404834.45, 87);
INSERT INTO ProdukVarianAtribut (id_produk, atribut_varian, sku, nilai) VALUES (26, 'RAM', 'SKU00064', '32GB');
INSERT INTO ProdukVarianAtribut (id_produk, atribut_varian, sku, nilai) VALUES (26, 'WARNA', 'SKU00064', 'Hijau tua');
INSERT INTO Produk (id_produk, id_penjual, nama, deskripsi) VALUES (27, 11, 'Extended real-time application Terbaru', 'Cumque repudiandae debitis fugit deserunt aspernatur sint. Animi repellendus ex corporis dolorum. Distinctio eveniet architecto eaque enim.');
INSERT INTO VarianProduk (sku, harga, stok) VALUES ('SKU00065', 781939.72, 103);
INSERT INTO ProdukVarianAtribut (id_produk, atribut_varian, sku, nilai) VALUES (27, 'MATERIAL', 'SKU00065', 'Kulit Sintetis');
INSERT INTO Produk (id_produk, id_penjual, nama, deskripsi) VALUES (28, 12, 'Future-proofed incremental project Spesial', 'Ut cupiditate assumenda dolorem voluptates quibusdam veritatis. Sint necessitatibus voluptates eaque reprehenderit. Ullam quam corrupti.');
INSERT INTO VarianProduk (sku, harga, stok) VALUES ('SKU00066', 323151.77, 185);
INSERT INTO ProdukVarianAtribut (id_produk, atribut_varian, sku, nilai) VALUES (28, 'RAM', 'SKU00066', '16GB');
INSERT INTO VarianProduk (sku, harga, stok) VALUES ('SKU00067', 646840.22, 42);
INSERT INTO ProdukVarianAtribut (id_produk, atribut_varian, sku, nilai) VALUES (28, 'WARNA', 'SKU00067', 'Abu-abu');
INSERT INTO ProdukVarianAtribut (id_produk, atribut_varian, sku, nilai) VALUES (28, 'RAM', 'SKU00067', '4GB');
INSERT INTO VarianProduk (sku, harga, stok) VALUES ('SKU00068', 926822.3, 162);
INSERT INTO ProdukVarianAtribut (id_produk, atribut_varian, sku, nilai) VALUES (28, 'RAM', 'SKU00068', '8GB');
INSERT INTO Produk (id_produk, id_penjual, nama, deskripsi) VALUES (29, 12, 'Open-architected radical functionalities Original', 'Eligendi voluptas ea error deleniti. Inventore harum dicta. Aspernatur deserunt fuga repudiandae.');
INSERT INTO VarianProduk (sku, harga, stok) VALUES ('SKU00069', 1028135.12, 130);
INSERT INTO ProdukVarianAtribut (id_produk, atribut_varian, sku, nilai) VALUES (29, 'UKURAN', 'SKU00069', 'XL');
INSERT INTO ProdukVarianAtribut (id_produk, atribut_varian, sku, nilai) VALUES (29, 'RAM', 'SKU00069', '16GB');
INSERT INTO VarianProduk (sku, harga, stok) VALUES ('SKU00070', 535138.82, 49);
INSERT INTO ProdukVarianAtribut (id_produk, atribut_varian, sku, nilai) VALUES (29, 'RAM', 'SKU00070', '4GB');
INSERT INTO ProdukVarianAtribut (id_produk, atribut_varian, sku, nilai) VALUES (29, 'MATERIAL', 'SKU00070', 'Logam');
INSERT INTO VarianProduk (sku, harga, stok) VALUES ('SKU00071', 1316972.15, 136);
INSERT INTO ProdukVarianAtribut (id_produk, atribut_varian, sku, nilai) VALUES (29, 'STORAGE_INTERNAL', 'SKU00071', '128GB');
INSERT INTO ProdukVarianAtribut (id_produk, atribut_varian, sku, nilai) VALUES (29, 'RAM', 'SKU00071', '16GB');
INSERT INTO Produk (id_produk, id_penjual, nama, deskripsi) VALUES (30, 12, 'Profound global infrastructure Berkualitas', 'Error et at ipsa dolores iusto explicabo. Aperiam odio quaerat labore mollitia suscipit. Deserunt est veritatis nesciunt natus praesentium fugit ex.');
INSERT INTO VarianProduk (sku, harga, stok) VALUES ('SKU00072', 1167160.45, 189);
INSERT INTO ProdukVarianAtribut (id_produk, atribut_varian, sku, nilai) VALUES (30, 'WARNA', 'SKU00072', 'Biru muda');
INSERT INTO VarianProduk (sku, harga, stok) VALUES ('SKU00073', 1131791.48, 121);
INSERT INTO ProdukVarianAtribut (id_produk, atribut_varian, sku, nilai) VALUES (30, 'RAM', 'SKU00073', '8GB');
INSERT INTO Produk (id_produk, id_penjual, nama, deskripsi) VALUES (31, 13, 'Secured tangible knowledge user Terbaru', 'Dolores optio nam mollitia. Illo vero magnam perferendis. Eligendi fugit veniam.');
INSERT INTO VarianProduk (sku, harga, stok) VALUES ('SKU00074', 871015.78, 107);
INSERT INTO ProdukVarianAtribut (id_produk, atribut_varian, sku, nilai) VALUES (31, 'STORAGE_INTERNAL', 'SKU00074', '128GB');
INSERT INTO Produk (id_produk, id_penjual, nama, deskripsi) VALUES (32, 14, 'Digitized holistic implementation Spesial', 'Accusantium quae quae soluta suscipit culpa. Nulla perspiciatis illo eius hic.');
INSERT INTO VarianProduk (sku, harga, stok) VALUES ('SKU00075', 173227.19, 30);
INSERT INTO ProdukVarianAtribut (id_produk, atribut_varian, sku, nilai) VALUES (32, 'MATERIAL', 'SKU00075', 'Logam');
INSERT INTO VarianProduk (sku, harga, stok) VALUES ('SKU00076', 1497844.82, 146);
INSERT INTO ProdukVarianAtribut (id_produk, atribut_varian, sku, nilai) VALUES (32, 'RAM', 'SKU00076', '4GB');
INSERT INTO ProdukVarianAtribut (id_produk, atribut_varian, sku, nilai) VALUES (32, 'MATERIAL', 'SKU00076', 'Logam');
INSERT INTO Produk (id_produk, id_penjual, nama, deskripsi) VALUES (33, 14, 'Sharable web-enabled initiative Berkualitas', 'Facere minima ullam laborum aut eum perferendis. Distinctio dolorum tempore cumque impedit. Harum nemo modi quam.');
INSERT INTO VarianProduk (sku, harga, stok) VALUES ('SKU00077', 1701534.6, 22);
INSERT INTO ProdukVarianAtribut (id_produk, atribut_varian, sku, nilai) VALUES (33, 'MATERIAL', 'SKU00077', 'Plastik ABS');
INSERT INTO ProdukVarianAtribut (id_produk, atribut_varian, sku, nilai) VALUES (33, 'STORAGE_INTERNAL', 'SKU00077', '1TB');
INSERT INTO VarianProduk (sku, harga, stok) VALUES ('SKU00078', 1740857.3, 113);
INSERT INTO ProdukVarianAtribut (id_produk, atribut_varian, sku, nilai) VALUES (33, 'WARNA', 'SKU00078', 'Hijau');
INSERT INTO VarianProduk (sku, harga, stok) VALUES ('SKU00079', 1597495.93, 3);
INSERT INTO ProdukVarianAtribut (id_produk, atribut_varian, sku, nilai) VALUES (33, 'UKURAN', 'SKU00079', 'XL');
INSERT INTO ProdukVarianAtribut (id_produk, atribut_varian, sku, nilai) VALUES (33, 'WARNA', 'SKU00079', 'Biru muda');
INSERT INTO VarianProduk (sku, harga, stok) VALUES ('SKU00080', 1004882.53, 113);
INSERT INTO ProdukVarianAtribut (id_produk, atribut_varian, sku, nilai) VALUES (33, 'STORAGE_INTERNAL', 'SKU00080', '1TB');
INSERT INTO Produk (id_produk, id_penjual, nama, deskripsi) VALUES (34, 15, 'Exclusive object-oriented artificial intelligence Original', 'Beatae quidem at libero enim nobis quasi nemo. Magni repellat doloribus consectetur.');
INSERT INTO VarianProduk (sku, harga, stok) VALUES ('SKU00081', 89272.75, 160);
INSERT INTO ProdukVarianAtribut (id_produk, atribut_varian, sku, nilai) VALUES (34, 'MATERIAL', 'SKU00081', 'Polyester');
INSERT INTO VarianProduk (sku, harga, stok) VALUES ('SKU00082', 519626.51, 192);
INSERT INTO ProdukVarianAtribut (id_produk, atribut_varian, sku, nilai) VALUES (34, 'MATERIAL', 'SKU00082', 'Katun');
INSERT INTO ProdukVarianAtribut (id_produk, atribut_varian, sku, nilai) VALUES (34, 'UKURAN', 'SKU00082', 'M');
INSERT INTO VarianProduk (sku, harga, stok) VALUES ('SKU00083', 1733203.39, 10);
INSERT INTO ProdukVarianAtribut (id_produk, atribut_varian, sku, nilai) VALUES (34, 'MATERIAL', 'SKU00083', 'Polyester');
INSERT INTO ProdukVarianAtribut (id_produk, atribut_varian, sku, nilai) VALUES (34, 'WARNA', 'SKU00083', 'Coklat');
INSERT INTO Produk (id_produk, id_penjual, nama, deskripsi) VALUES (35, 15, 'Progressive real-time model Original', 'Repellat consectetur corporis. Quas praesentium enim provident cupiditate. Quo consectetur iure praesentium ratione maiores facilis.');
INSERT INTO VarianProduk (sku, harga, stok) VALUES ('SKU00084', 351843.78, 163);
INSERT INTO ProdukVarianAtribut (id_produk, atribut_varian, sku, nilai) VALUES (35, 'RAM', 'SKU00084', '4GB');
INSERT INTO Produk (id_produk, id_penjual, nama, deskripsi) VALUES (36, 15, 'Intuitive maximized matrix Spesial', 'Maiores quos nemo cum ducimus sit ipsum. Accusamus eaque tempore deserunt aut. Adipisci provident doloremque atque.');
INSERT INTO VarianProduk (sku, harga, stok) VALUES ('SKU00085', 378567.82, 188);
INSERT INTO ProdukVarianAtribut (id_produk, atribut_varian, sku, nilai) VALUES (36, 'STORAGE_INTERNAL', 'SKU00085', '64GB');
INSERT INTO ProdukVarianAtribut (id_produk, atribut_varian, sku, nilai) VALUES (36, 'MATERIAL', 'SKU00085', 'Logam');
INSERT INTO VarianProduk (sku, harga, stok) VALUES ('SKU00086', 458763.25, 19);
INSERT INTO ProdukVarianAtribut (id_produk, atribut_varian, sku, nilai) VALUES (36, 'STORAGE_INTERNAL', 'SKU00086', '128GB');
INSERT INTO ProdukVarianAtribut (id_produk, atribut_varian, sku, nilai) VALUES (36, 'RAM', 'SKU00086', '8GB');
INSERT INTO VarianProduk (sku, harga, stok) VALUES ('SKU00087', 1837424.48, 95);
INSERT INTO ProdukVarianAtribut (id_produk, atribut_varian, sku, nilai) VALUES (36, 'RAM', 'SKU00087', '32GB');
INSERT INTO ProdukVarianAtribut (id_produk, atribut_varian, sku, nilai) VALUES (36, 'UKURAN', 'SKU00087', 'XXL');
INSERT INTO Produk (id_produk, id_penjual, nama, deskripsi) VALUES (37, 16, 'Vision-oriented systematic solution Spesial', 'Dignissimos laudantium voluptatem molestiae. Quo doloribus odio expedita.');
INSERT INTO VarianProduk (sku, harga, stok) VALUES ('SKU00088', 1068460.87, 127);
INSERT INTO ProdukVarianAtribut (id_produk, atribut_varian, sku, nilai) VALUES (37, 'WARNA', 'SKU00088', 'Coklat');
INSERT INTO Produk (id_produk, id_penjual, nama, deskripsi) VALUES (38, 16, 'Optimized interactive leverage Berkualitas', 'Nobis eius hic cumque. Doloribus quos numquam quisquam iure.');
INSERT INTO VarianProduk (sku, harga, stok) VALUES ('SKU00089', 451110.09, 139);
INSERT INTO ProdukVarianAtribut (id_produk, atribut_varian, sku, nilai) VALUES (38, 'WARNA', 'SKU00089', 'Hijau muda');
INSERT INTO VarianProduk (sku, harga, stok) VALUES ('SKU00090', 694954.24, 60);
INSERT INTO ProdukVarianAtribut (id_produk, atribut_varian, sku, nilai) VALUES (38, 'UKURAN', 'SKU00090', 'All Size');
INSERT INTO Produk (id_produk, id_penjual, nama, deskripsi) VALUES (39, 16, 'Realigned tangible forecast Original', 'Esse deleniti veritatis eos. Debitis placeat vero minima. Quidem sint magnam facilis eaque.');
INSERT INTO VarianProduk (sku, harga, stok) VALUES ('SKU00091', 617082.82, 64);
INSERT INTO ProdukVarianAtribut (id_produk, atribut_varian, sku, nilai) VALUES (39, 'RAM', 'SKU00091', '4GB');
INSERT INTO ProdukVarianAtribut (id_produk, atribut_varian, sku, nilai) VALUES (39, 'WARNA', 'SKU00091', 'Coklat tua');
INSERT INTO Produk (id_produk, id_penjual, nama, deskripsi) VALUES (40, 17, 'Programmable client-server success Original', 'Libero possimus temporibus alias accusantium eaque explicabo. Non impedit repudiandae id. Sapiente minima possimus consequatur porro.');
INSERT INTO VarianProduk (sku, harga, stok) VALUES ('SKU00092', 511068.94, 152);
INSERT INTO ProdukVarianAtribut (id_produk, atribut_varian, sku, nilai) VALUES (40, 'STORAGE_INTERNAL', 'SKU00092', '128GB');
INSERT INTO ProdukVarianAtribut (id_produk, atribut_varian, sku, nilai) VALUES (40, 'UKURAN', 'SKU00092', 'M');
INSERT INTO VarianProduk (sku, harga, stok) VALUES ('SKU00093', 1785869.9, 29);
INSERT INTO ProdukVarianAtribut (id_produk, atribut_varian, sku, nilai) VALUES (40, 'RAM', 'SKU00093', '32GB');
INSERT INTO ProdukVarianAtribut (id_produk, atribut_varian, sku, nilai) VALUES (40, 'STORAGE_INTERNAL', 'SKU00093', '256GB');
INSERT INTO VarianProduk (sku, harga, stok) VALUES ('SKU00094', 1317945.88, 78);
INSERT INTO ProdukVarianAtribut (id_produk, atribut_varian, sku, nilai) VALUES (40, 'RAM', 'SKU00094', '32GB');
INSERT INTO ProdukVarianAtribut (id_produk, atribut_varian, sku, nilai) VALUES (40, 'MATERIAL', 'SKU00094', 'Kulit Sintetis');
INSERT INTO VarianProduk (sku, harga, stok) VALUES ('SKU00095', 861613.62, 190);
INSERT INTO ProdukVarianAtribut (id_produk, atribut_varian, sku, nilai) VALUES (40, 'STORAGE_INTERNAL', 'SKU00095', '128GB');
INSERT INTO Produk (id_produk, id_penjual, nama, deskripsi) VALUES (41, 17, 'Universal modular model Berkualitas', 'Odit dicta eveniet. Sequi odio porro impedit.');
INSERT INTO VarianProduk (sku, harga, stok) VALUES ('SKU00096', 837417.79, 1);
INSERT INTO ProdukVarianAtribut (id_produk, atribut_varian, sku, nilai) VALUES (41, 'MATERIAL', 'SKU00096', 'Kulit Sintetis');
INSERT INTO VarianProduk (sku, harga, stok) VALUES ('SKU00097', 57631.81, 115);
INSERT INTO ProdukVarianAtribut (id_produk, atribut_varian, sku, nilai) VALUES (41, 'RAM', 'SKU00097', '8GB');
INSERT INTO Produk (id_produk, id_penjual, nama, deskripsi) VALUES (42, 18, 'User-friendly zero-defect benchmark Terbaru', 'Iusto quasi earum repellendus voluptas necessitatibus ipsum iste. Corporis sapiente dicta accusantium saepe dolore.');
INSERT INTO VarianProduk (sku, harga, stok) VALUES ('SKU00098', 1858445.78, 186);
INSERT INTO ProdukVarianAtribut (id_produk, atribut_varian, sku, nilai) VALUES (42, 'RAM', 'SKU00098', '4GB');
INSERT INTO Produk (id_produk, id_penjual, nama, deskripsi) VALUES (43, 19, 'Open-source solution-oriented interface Spesial', 'Vel sapiente incidunt adipisci. Distinctio minus optio at nobis.');
INSERT INTO VarianProduk (sku, harga, stok) VALUES ('SKU00099', 1313355.59, 48);
INSERT INTO ProdukVarianAtribut (id_produk, atribut_varian, sku, nilai) VALUES (43, 'STORAGE_INTERNAL', 'SKU00099', '256GB');
INSERT INTO Produk (id_produk, id_penjual, nama, deskripsi) VALUES (44, 19, 'Ameliorated solution-oriented instruction set Terbaru', 'Sunt veniam maxime sapiente qui. Nulla occaecati aspernatur sint iure praesentium. Aperiam in est autem facilis earum officia.');
INSERT INTO VarianProduk (sku, harga, stok) VALUES ('SKU00100', 42712.32, 193);
INSERT INTO ProdukVarianAtribut (id_produk, atribut_varian, sku, nilai) VALUES (44, 'STORAGE_INTERNAL', 'SKU00100', '512GB');
INSERT INTO ProdukVarianAtribut (id_produk, atribut_varian, sku, nilai) VALUES (44, 'UKURAN', 'SKU00100', 'XL');
INSERT INTO VarianProduk (sku, harga, stok) VALUES ('SKU00101', 1231420.16, 88);
INSERT INTO ProdukVarianAtribut (id_produk, atribut_varian, sku, nilai) VALUES (44, 'RAM', 'SKU00101', '32GB');
INSERT INTO ProdukVarianAtribut (id_produk, atribut_varian, sku, nilai) VALUES (44, 'WARNA', 'SKU00101', 'Merah bata');
INSERT INTO VarianProduk (sku, harga, stok) VALUES ('SKU00102', 1669603.75, 197);
INSERT INTO ProdukVarianAtribut (id_produk, atribut_varian, sku, nilai) VALUES (44, 'WARNA', 'SKU00102', 'Coklat');
INSERT INTO ProdukVarianAtribut (id_produk, atribut_varian, sku, nilai) VALUES (44, 'RAM', 'SKU00102', '8GB');
INSERT INTO Produk (id_produk, id_penjual, nama, deskripsi) VALUES (45, 19, 'Triple-buffered 24/7 toolset Berkualitas', 'Quidem eos libero error error veritatis reiciendis error. Tenetur qui ipsam veritatis neque. Magnam deleniti eos suscipit consequatur.');
INSERT INTO VarianProduk (sku, harga, stok) VALUES ('SKU00103', 1650523.48, 200);
INSERT INTO ProdukVarianAtribut (id_produk, atribut_varian, sku, nilai) VALUES (45, 'RAM', 'SKU00103', '16GB');
INSERT INTO ProdukVarianAtribut (id_produk, atribut_varian, sku, nilai) VALUES (45, 'UKURAN', 'SKU00103', 'All Size');
INSERT INTO VarianProduk (sku, harga, stok) VALUES ('SKU00104', 1195168.23, 195);
INSERT INTO ProdukVarianAtribut (id_produk, atribut_varian, sku, nilai) VALUES (45, 'RAM', 'SKU00104', '32GB');
INSERT INTO VarianProduk (sku, harga, stok) VALUES ('SKU00105', 929437.57, 47);
INSERT INTO ProdukVarianAtribut (id_produk, atribut_varian, sku, nilai) VALUES (45, 'UKURAN', 'SKU00105', 'XXL');
INSERT INTO Produk (id_produk, id_penjual, nama, deskripsi) VALUES (46, 20, 'Horizontal object-oriented pricing structure Terbaru', 'Aperiam quia enim ipsam laborum fuga aut itaque. Molestiae eos inventore.');
INSERT INTO VarianProduk (sku, harga, stok) VALUES ('SKU00106', 456979.3, 88);
INSERT INTO ProdukVarianAtribut (id_produk, atribut_varian, sku, nilai) VALUES (46, 'WARNA', 'SKU00106', 'Ungu tua');
INSERT INTO ProdukVarianAtribut (id_produk, atribut_varian, sku, nilai) VALUES (46, 'RAM', 'SKU00106', '4GB');
INSERT INTO VarianProduk (sku, harga, stok) VALUES ('SKU00107', 1075514.92, 166);
INSERT INTO ProdukVarianAtribut (id_produk, atribut_varian, sku, nilai) VALUES (46, 'STORAGE_INTERNAL', 'SKU00107', '128GB');
INSERT INTO ProdukVarianAtribut (id_produk, atribut_varian, sku, nilai) VALUES (46, 'MATERIAL', 'SKU00107', 'Kulit Sintetis');
INSERT INTO VarianProduk (sku, harga, stok) VALUES ('SKU00108', 1139144.29, 21);
INSERT INTO ProdukVarianAtribut (id_produk, atribut_varian, sku, nilai) VALUES (46, 'WARNA', 'SKU00108', 'Kuning');
INSERT INTO ProdukVarianAtribut (id_produk, atribut_varian, sku, nilai) VALUES (46, 'STORAGE_INTERNAL', 'SKU00108', '512GB');
INSERT INTO Produk (id_produk, id_penjual, nama, deskripsi) VALUES (47, 20, 'Cloned empowering website Terbaru', 'Numquam architecto eaque atque.');
INSERT INTO VarianProduk (sku, harga, stok) VALUES ('SKU00109', 674345.6, 154);
INSERT INTO ProdukVarianAtribut (id_produk, atribut_varian, sku, nilai) VALUES (47, 'UKURAN', 'SKU00109', 'S');
INSERT INTO VarianProduk (sku, harga, stok) VALUES ('SKU00110', 85613.53, 154);
INSERT INTO ProdukVarianAtribut (id_produk, atribut_varian, sku, nilai) VALUES (47, 'UKURAN', 'SKU00110', 'XL');
INSERT INTO ProdukVarianAtribut (id_produk, atribut_varian, sku, nilai) VALUES (47, 'WARNA', 'SKU00110', 'Biru laut');
INSERT INTO VarianProduk (sku, harga, stok) VALUES ('SKU00111', 1992125.2, 141);
INSERT INTO ProdukVarianAtribut (id_produk, atribut_varian, sku, nilai) VALUES (47, 'UKURAN', 'SKU00111', 'M');
INSERT INTO VarianProduk (sku, harga, stok) VALUES ('SKU00112', 698996.88, 110);
INSERT INTO ProdukVarianAtribut (id_produk, atribut_varian, sku, nilai) VALUES (47, 'WARNA', 'SKU00112', 'Hijau');
INSERT INTO Produk (id_produk, id_penjual, nama, deskripsi) VALUES (48, 21, 'Polarized client-server knowledge user Terbaru', 'Enim provident voluptatem sit reprehenderit.');
INSERT INTO VarianProduk (sku, harga, stok) VALUES ('SKU00113', 1569058.18, 119);
INSERT INTO ProdukVarianAtribut (id_produk, atribut_varian, sku, nilai) VALUES (48, 'RAM', 'SKU00113', '16GB');
INSERT INTO VarianProduk (sku, harga, stok) VALUES ('SKU00114', 43691.2, 65);
INSERT INTO ProdukVarianAtribut (id_produk, atribut_varian, sku, nilai) VALUES (48, 'MATERIAL', 'SKU00114', 'Logam');
INSERT INTO ProdukVarianAtribut (id_produk, atribut_varian, sku, nilai) VALUES (48, 'WARNA', 'SKU00114', 'Kuning');
INSERT INTO VarianProduk (sku, harga, stok) VALUES ('SKU00115', 1567498.79, 194);
INSERT INTO ProdukVarianAtribut (id_produk, atribut_varian, sku, nilai) VALUES (48, 'MATERIAL', 'SKU00115', 'Kulit Sintetis');
INSERT INTO ProdukVarianAtribut (id_produk, atribut_varian, sku, nilai) VALUES (48, 'STORAGE_INTERNAL', 'SKU00115', '64GB');
INSERT INTO Produk (id_produk, id_penjual, nama, deskripsi) VALUES (49, 21, 'Sharable cohesive capacity Berkualitas', 'Impedit quam accusantium nostrum atque saepe. Provident molestiae consectetur beatae voluptas rem. Excepturi numquam labore aspernatur voluptatum.');
INSERT INTO VarianProduk (sku, harga, stok) VALUES ('SKU00116', 1674610.5, 11);
INSERT INTO ProdukVarianAtribut (id_produk, atribut_varian, sku, nilai) VALUES (49, 'UKURAN', 'SKU00116', 'L');
INSERT INTO VarianProduk (sku, harga, stok) VALUES ('SKU00117', 937419.09, 150);
INSERT INTO ProdukVarianAtribut (id_produk, atribut_varian, sku, nilai) VALUES (49, 'RAM', 'SKU00117', '16GB');
INSERT INTO ProdukVarianAtribut (id_produk, atribut_varian, sku, nilai) VALUES (49, 'STORAGE_INTERNAL', 'SKU00117', '1TB');
INSERT INTO VarianProduk (sku, harga, stok) VALUES ('SKU00118', 608296.69, 80);
INSERT INTO ProdukVarianAtribut (id_produk, atribut_varian, sku, nilai) VALUES (49, 'MATERIAL', 'SKU00118', 'Kulit Sintetis');
INSERT INTO Produk (id_produk, id_penjual, nama, deskripsi) VALUES (50, 21, 'Devolved explicit task-force Berkualitas', 'Eos laudantium eveniet maxime non. Beatae incidunt quo dicta optio quam.');
INSERT INTO VarianProduk (sku, harga, stok) VALUES ('SKU00119', 1457225.44, 81);
INSERT INTO ProdukVarianAtribut (id_produk, atribut_varian, sku, nilai) VALUES (50, 'RAM', 'SKU00119', '32GB');
INSERT INTO VarianProduk (sku, harga, stok) VALUES ('SKU00120', 951275.98, 133);
INSERT INTO ProdukVarianAtribut (id_produk, atribut_varian, sku, nilai) VALUES (50, 'RAM', 'SKU00120', '4GB');
INSERT INTO VarianProduk (sku, harga, stok) VALUES ('SKU00121', 623152.09, 91);
INSERT INTO ProdukVarianAtribut (id_produk, atribut_varian, sku, nilai) VALUES (50, 'STORAGE_INTERNAL', 'SKU00121', '64GB');
INSERT INTO ProdukVarianAtribut (id_produk, atribut_varian, sku, nilai) VALUES (50, 'UKURAN', 'SKU00121', 'M');
INSERT INTO Produk (id_produk, id_penjual, nama, deskripsi) VALUES (51, 22, 'Right-sized optimal moderator Spesial', 'Deleniti laudantium sit. Accusantium sapiente corporis dignissimos. Rerum nam odit veniam.');
INSERT INTO VarianProduk (sku, harga, stok) VALUES ('SKU00122', 1330480.22, 200);
INSERT INTO ProdukVarianAtribut (id_produk, atribut_varian, sku, nilai) VALUES (51, 'MATERIAL', 'SKU00122', 'Plastik ABS');
INSERT INTO ProdukVarianAtribut (id_produk, atribut_varian, sku, nilai) VALUES (51, 'STORAGE_INTERNAL', 'SKU00122', '256GB');
INSERT INTO VarianProduk (sku, harga, stok) VALUES ('SKU00123', 1659602.31, 124);
INSERT INTO ProdukVarianAtribut (id_produk, atribut_varian, sku, nilai) VALUES (51, 'UKURAN', 'SKU00123', 'XL');
INSERT INTO ProdukVarianAtribut (id_produk, atribut_varian, sku, nilai) VALUES (51, 'MATERIAL', 'SKU00123', 'Kulit Sintetis');
INSERT INTO Produk (id_produk, id_penjual, nama, deskripsi) VALUES (52, 22, 'Polarized maximized data-warehouse Terbaru', 'Repellendus sunt sed dolores. Hic sunt provident error sed natus odit. Nihil possimus numquam.');
INSERT INTO VarianProduk (sku, harga, stok) VALUES ('SKU00124', 1210884.97, 170);
INSERT INTO ProdukVarianAtribut (id_produk, atribut_varian, sku, nilai) VALUES (52, 'RAM', 'SKU00124', '16GB');
INSERT INTO VarianProduk (sku, harga, stok) VALUES ('SKU00125', 833311.44, 65);
INSERT INTO ProdukVarianAtribut (id_produk, atribut_varian, sku, nilai) VALUES (52, 'RAM', 'SKU00125', '8GB');
INSERT INTO ProdukVarianAtribut (id_produk, atribut_varian, sku, nilai) VALUES (52, 'UKURAN', 'SKU00125', 'XXL');
INSERT INTO Produk (id_produk, id_penjual, nama, deskripsi) VALUES (53, 22, 'Face-to-face asynchronous toolset Original', 'Commodi dicta autem libero occaecati exercitationem animi. Hic minima tempore eius ducimus tenetur.');
INSERT INTO VarianProduk (sku, harga, stok) VALUES ('SKU00126', 1823790.7, 60);
INSERT INTO ProdukVarianAtribut (id_produk, atribut_varian, sku, nilai) VALUES (53, 'UKURAN', 'SKU00126', 'XL');
INSERT INTO ProdukVarianAtribut (id_produk, atribut_varian, sku, nilai) VALUES (53, 'WARNA', 'SKU00126', 'Hijau tua');
INSERT INTO Produk (id_produk, id_penjual, nama, deskripsi) VALUES (54, 23, 'Mandatory transitional secured line Spesial', 'Modi fuga id ab. Quod vel exercitationem dolore necessitatibus.');
INSERT INTO VarianProduk (sku, harga, stok) VALUES ('SKU00127', 1902836.14, 107);
INSERT INTO ProdukVarianAtribut (id_produk, atribut_varian, sku, nilai) VALUES (54, 'UKURAN', 'SKU00127', 'All Size');
INSERT INTO ProdukVarianAtribut (id_produk, atribut_varian, sku, nilai) VALUES (54, 'WARNA', 'SKU00127', 'Putih');
INSERT INTO Produk (id_produk, id_penjual, nama, deskripsi) VALUES (55, 23, 'Centralized directional extranet Original', 'Harum cum nostrum sequi distinctio itaque dolorem debitis.');
INSERT INTO VarianProduk (sku, harga, stok) VALUES ('SKU00128', 430624.46, 8);
INSERT INTO ProdukVarianAtribut (id_produk, atribut_varian, sku, nilai) VALUES (55, 'WARNA', 'SKU00128', 'Ungu tua');
INSERT INTO VarianProduk (sku, harga, stok) VALUES ('SKU00129', 1760841.9, 176);
INSERT INTO ProdukVarianAtribut (id_produk, atribut_varian, sku, nilai) VALUES (55, 'MATERIAL', 'SKU00129', 'Plastik ABS');
INSERT INTO VarianProduk (sku, harga, stok) VALUES ('SKU00130', 1736945.26, 197);
INSERT INTO ProdukVarianAtribut (id_produk, atribut_varian, sku, nilai) VALUES (55, 'UKURAN', 'SKU00130', 'XXL');
INSERT INTO ProdukVarianAtribut (id_produk, atribut_varian, sku, nilai) VALUES (55, 'RAM', 'SKU00130', '8GB');
INSERT INTO VarianProduk (sku, harga, stok) VALUES ('SKU00131', 798406.81, 83);
INSERT INTO ProdukVarianAtribut (id_produk, atribut_varian, sku, nilai) VALUES (55, 'UKURAN', 'SKU00131', 'XXL');
INSERT INTO Produk (id_produk, id_penjual, nama, deskripsi) VALUES (56, 23, 'Proactive web-enabled contingency Terbaru', 'Dolorum saepe eum pariatur aut soluta inventore. Impedit earum repellendus cum maiores ratione nostrum. Eaque odit corporis quasi animi fugiat suscipit.');
INSERT INTO VarianProduk (sku, harga, stok) VALUES ('SKU00132', 1456025.03, 185);
INSERT INTO ProdukVarianAtribut (id_produk, atribut_varian, sku, nilai) VALUES (56, 'WARNA', 'SKU00132', 'Merah jambu');
INSERT INTO ProdukVarianAtribut (id_produk, atribut_varian, sku, nilai) VALUES (56, 'UKURAN', 'SKU00132', 'S');
INSERT INTO Produk (id_produk, id_penjual, nama, deskripsi) VALUES (57, 24, 'Integrated context-sensitive firmware Original', 'Occaecati unde fuga repellat. Expedita voluptatem quaerat molestias ipsam perspiciatis hic maxime.');
INSERT INTO VarianProduk (sku, harga, stok) VALUES ('SKU00133', 1511598.9, 121);
INSERT INTO ProdukVarianAtribut (id_produk, atribut_varian, sku, nilai) VALUES (57, 'RAM', 'SKU00133', '4GB');
INSERT INTO ProdukVarianAtribut (id_produk, atribut_varian, sku, nilai) VALUES (57, 'MATERIAL', 'SKU00133', 'Logam');
INSERT INTO VarianProduk (sku, harga, stok) VALUES ('SKU00134', 605876.16, 63);
INSERT INTO ProdukVarianAtribut (id_produk, atribut_varian, sku, nilai) VALUES (57, 'RAM', 'SKU00134', '8GB');
INSERT INTO ProdukVarianAtribut (id_produk, atribut_varian, sku, nilai) VALUES (57, 'UKURAN', 'SKU00134', 'All Size');
INSERT INTO VarianProduk (sku, harga, stok) VALUES ('SKU00135', 1813002.57, 78);
INSERT INTO ProdukVarianAtribut (id_produk, atribut_varian, sku, nilai) VALUES (57, 'STORAGE_INTERNAL', 'SKU00135', '512GB');
INSERT INTO Produk (id_produk, id_penjual, nama, deskripsi) VALUES (58, 24, 'Compatible encompassing algorithm Original', 'Quibusdam cumque dolorum tempore. Dolorem voluptates incidunt enim optio. Explicabo impedit eligendi iusto perferendis itaque.');
INSERT INTO VarianProduk (sku, harga, stok) VALUES ('SKU00136', 927499.85, 135);
INSERT INTO ProdukVarianAtribut (id_produk, atribut_varian, sku, nilai) VALUES (58, 'WARNA', 'SKU00136', 'Biru');
INSERT INTO ProdukVarianAtribut (id_produk, atribut_varian, sku, nilai) VALUES (58, 'UKURAN', 'SKU00136', 'M');
INSERT INTO VarianProduk (sku, harga, stok) VALUES ('SKU00137', 508300.57, 123);
INSERT INTO ProdukVarianAtribut (id_produk, atribut_varian, sku, nilai) VALUES (58, 'RAM', 'SKU00137', '4GB');
INSERT INTO Produk (id_produk, id_penjual, nama, deskripsi) VALUES (59, 25, 'Distributed bandwidth-monitored superstructure Original', 'Suscipit cupiditate rem eos adipisci blanditiis delectus. Cumque atque ex non eos laudantium. Molestiae ad ducimus ab quaerat.');
INSERT INTO VarianProduk (sku, harga, stok) VALUES ('SKU00138', 1905413.83, 12);
INSERT INTO ProdukVarianAtribut (id_produk, atribut_varian, sku, nilai) VALUES (59, 'RAM', 'SKU00138', '8GB');
INSERT INTO VarianProduk (sku, harga, stok) VALUES ('SKU00139', 254631.71, 91);
INSERT INTO ProdukVarianAtribut (id_produk, atribut_varian, sku, nilai) VALUES (59, 'STORAGE_INTERNAL', 'SKU00139', '1TB');
INSERT INTO VarianProduk (sku, harga, stok) VALUES ('SKU00140', 98473.51, 156);
INSERT INTO ProdukVarianAtribut (id_produk, atribut_varian, sku, nilai) VALUES (59, 'STORAGE_INTERNAL', 'SKU00140', '128GB');
INSERT INTO Produk (id_produk, id_penjual, nama, deskripsi) VALUES (60, 25, 'Decentralized holistic initiative Original', 'Accusantium accusamus consequatur ducimus. Debitis ipsum expedita aliquam quia ipsa.');
INSERT INTO VarianProduk (sku, harga, stok) VALUES ('SKU00141', 670903.94, 156);
INSERT INTO ProdukVarianAtribut (id_produk, atribut_varian, sku, nilai) VALUES (60, 'STORAGE_INTERNAL', 'SKU00141', '128GB');
INSERT INTO VarianProduk (sku, harga, stok) VALUES ('SKU00142', 618227.83, 140);
INSERT INTO ProdukVarianAtribut (id_produk, atribut_varian, sku, nilai) VALUES (60, 'RAM', 'SKU00142', '4GB');
INSERT INTO ProdukVarianAtribut (id_produk, atribut_varian, sku, nilai) VALUES (60, 'WARNA', 'SKU00142', 'Koral');
INSERT INTO Produk (id_produk, id_penjual, nama, deskripsi) VALUES (61, 26, 'De-engineered 5thgeneration array Spesial', 'Autem exercitationem dolore iusto voluptatem ratione quae cupiditate. Recusandae alias provident reiciendis.');
INSERT INTO VarianProduk (sku, harga, stok) VALUES ('SKU00143', 368086.71, 197);
INSERT INTO ProdukVarianAtribut (id_produk, atribut_varian, sku, nilai) VALUES (61, 'UKURAN', 'SKU00143', 'XXL');
INSERT INTO VarianProduk (sku, harga, stok) VALUES ('SKU00144', 887155.29, 44);
INSERT INTO ProdukVarianAtribut (id_produk, atribut_varian, sku, nilai) VALUES (61, 'RAM', 'SKU00144', '4GB');
INSERT INTO ProdukVarianAtribut (id_produk, atribut_varian, sku, nilai) VALUES (61, 'STORAGE_INTERNAL', 'SKU00144', '512GB');
INSERT INTO VarianProduk (sku, harga, stok) VALUES ('SKU00145', 997094.26, 114);
INSERT INTO ProdukVarianAtribut (id_produk, atribut_varian, sku, nilai) VALUES (61, 'WARNA', 'SKU00145', 'Biru laut');
INSERT INTO Produk (id_produk, id_penjual, nama, deskripsi) VALUES (62, 26, 'Innovative empowering data-warehouse Spesial', 'Enim amet ipsa iusto vero quisquam cum. Occaecati alias laboriosam laboriosam. Quis doloremque veniam ratione id voluptatum veniam.');
INSERT INTO VarianProduk (sku, harga, stok) VALUES ('SKU00146', 668508.33, 160);
INSERT INTO ProdukVarianAtribut (id_produk, atribut_varian, sku, nilai) VALUES (62, 'WARNA', 'SKU00146', 'Koral');
INSERT INTO ProdukVarianAtribut (id_produk, atribut_varian, sku, nilai) VALUES (62, 'MATERIAL', 'SKU00146', 'Logam');
INSERT INTO Produk (id_produk, id_penjual, nama, deskripsi) VALUES (63, 27, 'Expanded secondary encoding Original', 'Inventore voluptatum ad iste ad similique. Sunt natus quidem ex distinctio nihil recusandae nihil. Excepturi autem velit dolore.');
INSERT INTO VarianProduk (sku, harga, stok) VALUES ('SKU00147', 382493.64, 108);
INSERT INTO ProdukVarianAtribut (id_produk, atribut_varian, sku, nilai) VALUES (63, 'MATERIAL', 'SKU00147', 'Kulit Sintetis');
INSERT INTO ProdukVarianAtribut (id_produk, atribut_varian, sku, nilai) VALUES (63, 'UKURAN', 'SKU00147', 'S');
INSERT INTO Produk (id_produk, id_penjual, nama, deskripsi) VALUES (64, 28, 'Organized grid-enabled model Terbaru', 'Corporis tempore enim. Distinctio voluptates dignissimos nisi veniam neque occaecati. Temporibus eos deserunt officia.');
INSERT INTO VarianProduk (sku, harga, stok) VALUES ('SKU00148', 1994272.43, 24);
INSERT INTO ProdukVarianAtribut (id_produk, atribut_varian, sku, nilai) VALUES (64, 'RAM', 'SKU00148', '4GB');
INSERT INTO ProdukVarianAtribut (id_produk, atribut_varian, sku, nilai) VALUES (64, 'WARNA', 'SKU00148', 'Hijau muda');
INSERT INTO VarianProduk (sku, harga, stok) VALUES ('SKU00149', 1910954.77, 22);
INSERT INTO ProdukVarianAtribut (id_produk, atribut_varian, sku, nilai) VALUES (64, 'MATERIAL', 'SKU00149', 'Logam');
INSERT INTO ProdukVarianAtribut (id_produk, atribut_varian, sku, nilai) VALUES (64, 'UKURAN', 'SKU00149', 'S');
INSERT INTO VarianProduk (sku, harga, stok) VALUES ('SKU00150', 1492356.12, 45);
INSERT INTO ProdukVarianAtribut (id_produk, atribut_varian, sku, nilai) VALUES (64, 'STORAGE_INTERNAL', 'SKU00150', '512GB');
INSERT INTO ProdukVarianAtribut (id_produk, atribut_varian, sku, nilai) VALUES (64, 'UKURAN', 'SKU00150', 'S');
INSERT INTO Produk (id_produk, id_penjual, nama, deskripsi) VALUES (65, 28, 'User-centric transitional success Original', 'Laborum delectus repudiandae magni atque iure. Nisi quidem earum maxime. Alias temporibus autem iste ullam fugiat.');
INSERT INTO VarianProduk (sku, harga, stok) VALUES ('SKU00151', 1666283.57, 97);
INSERT INTO ProdukVarianAtribut (id_produk, atribut_varian, sku, nilai) VALUES (65, 'UKURAN', 'SKU00151', 'S');
INSERT INTO VarianProduk (sku, harga, stok) VALUES ('SKU00152', 31328.07, 179);
INSERT INTO ProdukVarianAtribut (id_produk, atribut_varian, sku, nilai) VALUES (65, 'MATERIAL', 'SKU00152', 'Katun');
INSERT INTO VarianProduk (sku, harga, stok) VALUES ('SKU00153', 1261145.3, 87);
INSERT INTO ProdukVarianAtribut (id_produk, atribut_varian, sku, nilai) VALUES (65, 'MATERIAL', 'SKU00153', 'Logam');
INSERT INTO Produk (id_produk, id_penjual, nama, deskripsi) VALUES (66, 29, 'Exclusive radical collaboration Original', 'Modi assumenda soluta error ipsam. Explicabo dignissimos quis a sed corrupti quod.');
INSERT INTO VarianProduk (sku, harga, stok) VALUES ('SKU00154', 1942313.14, 25);
INSERT INTO ProdukVarianAtribut (id_produk, atribut_varian, sku, nilai) VALUES (66, 'MATERIAL', 'SKU00154', 'Logam');
INSERT INTO VarianProduk (sku, harga, stok) VALUES ('SKU00155', 1867211.48, 29);
INSERT INTO ProdukVarianAtribut (id_produk, atribut_varian, sku, nilai) VALUES (66, 'RAM', 'SKU00155', '4GB');
INSERT INTO VarianProduk (sku, harga, stok) VALUES ('SKU00156', 1323214.6, 172);
INSERT INTO ProdukVarianAtribut (id_produk, atribut_varian, sku, nilai) VALUES (66, 'RAM', 'SKU00156', '32GB');
INSERT INTO Produk (id_produk, id_penjual, nama, deskripsi) VALUES (67, 30, 'Programmable hybrid knowledge user Spesial', 'Voluptatibus eum sequi ex explicabo iste. Eveniet reprehenderit doloremque adipisci expedita. Omnis dignissimos asperiores amet.');
INSERT INTO VarianProduk (sku, harga, stok) VALUES ('SKU00157', 259465.74, 64);
INSERT INTO ProdukVarianAtribut (id_produk, atribut_varian, sku, nilai) VALUES (67, 'STORAGE_INTERNAL', 'SKU00157', '512GB');
INSERT INTO VarianProduk (sku, harga, stok) VALUES ('SKU00158', 362130.07, 130);
INSERT INTO ProdukVarianAtribut (id_produk, atribut_varian, sku, nilai) VALUES (67, 'WARNA', 'SKU00158', 'Abu-abu');
INSERT INTO ProdukVarianAtribut (id_produk, atribut_varian, sku, nilai) VALUES (67, 'UKURAN', 'SKU00158', 'M');
INSERT INTO VarianProduk (sku, harga, stok) VALUES ('SKU00159', 281024.83, 18);
INSERT INTO ProdukVarianAtribut (id_produk, atribut_varian, sku, nilai) VALUES (67, 'UKURAN', 'SKU00159', 'XL');
INSERT INTO ProdukVarianAtribut (id_produk, atribut_varian, sku, nilai) VALUES (67, 'STORAGE_INTERNAL', 'SKU00159', '64GB');
INSERT INTO Produk (id_produk, id_penjual, nama, deskripsi) VALUES (68, 30, 'Synchronized national methodology Original', 'Enim sequi magni voluptatum quos ut incidunt. Perspiciatis nesciunt perferendis. Est ullam rerum atque cum.');
INSERT INTO VarianProduk (sku, harga, stok) VALUES ('SKU00160', 1162160.52, 114);
INSERT INTO ProdukVarianAtribut (id_produk, atribut_varian, sku, nilai) VALUES (68, 'MATERIAL', 'SKU00160', 'Katun');
INSERT INTO Produk (id_produk, id_penjual, nama, deskripsi) VALUES (69, 31, 'Synergistic tertiary hardware Spesial', 'Fuga laboriosam possimus qui fuga maiores iure. Non tempora nihil beatae facere ducimus. Voluptatibus odio expedita quo.');
INSERT INTO VarianProduk (sku, harga, stok) VALUES ('SKU00161', 1376317.92, 197);
INSERT INTO ProdukVarianAtribut (id_produk, atribut_varian, sku, nilai) VALUES (69, 'UKURAN', 'SKU00161', 'M');
INSERT INTO VarianProduk (sku, harga, stok) VALUES ('SKU00162', 1177430.68, 190);
INSERT INTO ProdukVarianAtribut (id_produk, atribut_varian, sku, nilai) VALUES (69, 'MATERIAL', 'SKU00162', 'Logam');
INSERT INTO ProdukVarianAtribut (id_produk, atribut_varian, sku, nilai) VALUES (69, 'RAM', 'SKU00162', '8GB');
INSERT INTO Produk (id_produk, id_penjual, nama, deskripsi) VALUES (70, 31, 'Open-architected stable secured line Spesial', 'Voluptatibus ipsa laudantium.');
INSERT INTO VarianProduk (sku, harga, stok) VALUES ('SKU00163', 1894542.36, 122);
INSERT INTO ProdukVarianAtribut (id_produk, atribut_varian, sku, nilai) VALUES (70, 'STORAGE_INTERNAL', 'SKU00163', '64GB');
INSERT INTO ProdukVarianAtribut (id_produk, atribut_varian, sku, nilai) VALUES (70, 'UKURAN', 'SKU00163', 'M');
INSERT INTO Produk (id_produk, id_penjual, nama, deskripsi) VALUES (71, 32, 'Horizontal impactful encryption Terbaru', 'Dolor tempora dolorum facilis quod quidem animi autem. Enim voluptates illum culpa expedita. Voluptatum quos laudantium repudiandae consectetur pariatur sit.');
INSERT INTO VarianProduk (sku, harga, stok) VALUES ('SKU00164', 399757.4, 38);
INSERT INTO ProdukVarianAtribut (id_produk, atribut_varian, sku, nilai) VALUES (71, 'WARNA', 'SKU00164', 'Emas');
INSERT INTO VarianProduk (sku, harga, stok) VALUES ('SKU00165', 339617.84, 156);
INSERT INTO ProdukVarianAtribut (id_produk, atribut_varian, sku, nilai) VALUES (71, 'UKURAN', 'SKU00165', 'L');
INSERT INTO ProdukVarianAtribut (id_produk, atribut_varian, sku, nilai) VALUES (71, 'RAM', 'SKU00165', '8GB');
INSERT INTO Produk (id_produk, id_penjual, nama, deskripsi) VALUES (72, 32, 'Phased needs-based ability Original', 'Maiores veniam iure vitae quod molestias. Blanditiis nobis aut quod beatae ducimus. Ipsa soluta reiciendis eaque consequatur quam commodi nisi.');
INSERT INTO VarianProduk (sku, harga, stok) VALUES ('SKU00166', 79480.37, 181);
INSERT INTO ProdukVarianAtribut (id_produk, atribut_varian, sku, nilai) VALUES (72, 'RAM', 'SKU00166', '32GB');
INSERT INTO ProdukVarianAtribut (id_produk, atribut_varian, sku, nilai) VALUES (72, 'STORAGE_INTERNAL', 'SKU00166', '256GB');
INSERT INTO VarianProduk (sku, harga, stok) VALUES ('SKU00167', 1393548.73, 58);
INSERT INTO ProdukVarianAtribut (id_produk, atribut_varian, sku, nilai) VALUES (72, 'WARNA', 'SKU00167', 'Emas');
INSERT INTO Produk (id_produk, id_penjual, nama, deskripsi) VALUES (73, 32, 'Expanded static contingency Spesial', 'Sapiente a quas. Neque natus iure officiis similique. Dicta delectus natus cupiditate qui beatae.');
INSERT INTO VarianProduk (sku, harga, stok) VALUES ('SKU00168', 150139.49, 27);
INSERT INTO ProdukVarianAtribut (id_produk, atribut_varian, sku, nilai) VALUES (73, 'WARNA', 'SKU00168', 'Koral');
INSERT INTO ProdukVarianAtribut (id_produk, atribut_varian, sku, nilai) VALUES (73, 'RAM', 'SKU00168', '32GB');
INSERT INTO VarianProduk (sku, harga, stok) VALUES ('SKU00169', 1595026.68, 62);
INSERT INTO ProdukVarianAtribut (id_produk, atribut_varian, sku, nilai) VALUES (73, 'STORAGE_INTERNAL', 'SKU00169', '128GB');
INSERT INTO VarianProduk (sku, harga, stok) VALUES ('SKU00170', 1787380.39, 168);
INSERT INTO ProdukVarianAtribut (id_produk, atribut_varian, sku, nilai) VALUES (73, 'RAM', 'SKU00170', '4GB');
INSERT INTO VarianProduk (sku, harga, stok) VALUES ('SKU00171', 206837.47, 163);
INSERT INTO ProdukVarianAtribut (id_produk, atribut_varian, sku, nilai) VALUES (73, 'WARNA', 'SKU00171', 'Biru');
INSERT INTO ProdukVarianAtribut (id_produk, atribut_varian, sku, nilai) VALUES (73, 'MATERIAL', 'SKU00171', 'Kulit Sintetis');
INSERT INTO Produk (id_produk, id_penjual, nama, deskripsi) VALUES (74, 33, 'Innovative reciprocal functionalities Original', 'Natus at vero. Deserunt eligendi reprehenderit incidunt possimus.');
INSERT INTO VarianProduk (sku, harga, stok) VALUES ('SKU00172', 1183707.77, 177);
INSERT INTO ProdukVarianAtribut (id_produk, atribut_varian, sku, nilai) VALUES (74, 'STORAGE_INTERNAL', 'SKU00172', '256GB');
INSERT INTO ProdukVarianAtribut (id_produk, atribut_varian, sku, nilai) VALUES (74, 'WARNA', 'SKU00172', 'Nila');
INSERT INTO VarianProduk (sku, harga, stok) VALUES ('SKU00173', 1970760.29, 155);
INSERT INTO ProdukVarianAtribut (id_produk, atribut_varian, sku, nilai) VALUES (74, 'RAM', 'SKU00173', '8GB');
INSERT INTO VarianProduk (sku, harga, stok) VALUES ('SKU00174', 254155.07, 54);
INSERT INTO ProdukVarianAtribut (id_produk, atribut_varian, sku, nilai) VALUES (74, 'RAM', 'SKU00174', '32GB');
INSERT INTO VarianProduk (sku, harga, stok) VALUES ('SKU00175', 1213492.91, 80);
INSERT INTO ProdukVarianAtribut (id_produk, atribut_varian, sku, nilai) VALUES (74, 'MATERIAL', 'SKU00175', 'Plastik ABS');
INSERT INTO Produk (id_produk, id_penjual, nama, deskripsi) VALUES (75, 33, 'Open-source non-volatile task-force Berkualitas', 'Corporis iste nihil quae dolores magnam. Nostrum temporibus magnam eaque.');
INSERT INTO VarianProduk (sku, harga, stok) VALUES ('SKU00176', 1634022.41, 33);
INSERT INTO ProdukVarianAtribut (id_produk, atribut_varian, sku, nilai) VALUES (75, 'WARNA', 'SKU00176', 'Abu-abu');
INSERT INTO ProdukVarianAtribut (id_produk, atribut_varian, sku, nilai) VALUES (75, 'MATERIAL', 'SKU00176', 'Logam');
INSERT INTO Produk (id_produk, id_penjual, nama, deskripsi) VALUES (76, 34, 'Virtual 24hour installation Terbaru', 'Recusandae nobis similique fugiat. Labore praesentium quas cumque deserunt rerum.');
INSERT INTO VarianProduk (sku, harga, stok) VALUES ('SKU00177', 1326349.83, 142);
INSERT INTO ProdukVarianAtribut (id_produk, atribut_varian, sku, nilai) VALUES (76, 'MATERIAL', 'SKU00177', 'Logam');
INSERT INTO ProdukVarianAtribut (id_produk, atribut_varian, sku, nilai) VALUES (76, 'RAM', 'SKU00177', '8GB');
INSERT INTO VarianProduk (sku, harga, stok) VALUES ('SKU00178', 1159068.47, 164);
INSERT INTO ProdukVarianAtribut (id_produk, atribut_varian, sku, nilai) VALUES (76, 'UKURAN', 'SKU00178', 'XXL');
INSERT INTO ProdukVarianAtribut (id_produk, atribut_varian, sku, nilai) VALUES (76, 'RAM', 'SKU00178', '16GB');
INSERT INTO VarianProduk (sku, harga, stok) VALUES ('SKU00179', 936573.85, 72);
INSERT INTO ProdukVarianAtribut (id_produk, atribut_varian, sku, nilai) VALUES (76, 'MATERIAL', 'SKU00179', 'Plastik ABS');
INSERT INTO Produk (id_produk, id_penjual, nama, deskripsi) VALUES (77, 34, 'De-engineered foreground strategy Spesial', 'Non blanditiis quas fugiat incidunt numquam. Magni cum tempore quae ea distinctio.');
INSERT INTO VarianProduk (sku, harga, stok) VALUES ('SKU00180', 754581.69, 64);
INSERT INTO ProdukVarianAtribut (id_produk, atribut_varian, sku, nilai) VALUES (77, 'STORAGE_INTERNAL', 'SKU00180', '256GB');
INSERT INTO VarianProduk (sku, harga, stok) VALUES ('SKU00181', 827336.11, 38);
INSERT INTO ProdukVarianAtribut (id_produk, atribut_varian, sku, nilai) VALUES (77, 'MATERIAL', 'SKU00181', 'Plastik ABS');
INSERT INTO Produk (id_produk, id_penjual, nama, deskripsi) VALUES (78, 34, 'Progressive client-driven data-warehouse Terbaru', 'Voluptatum repellendus voluptates et.');
INSERT INTO VarianProduk (sku, harga, stok) VALUES ('SKU00182', 1762029.9, 64);
INSERT INTO ProdukVarianAtribut (id_produk, atribut_varian, sku, nilai) VALUES (78, 'MATERIAL', 'SKU00182', 'Katun');
INSERT INTO ProdukVarianAtribut (id_produk, atribut_varian, sku, nilai) VALUES (78, 'RAM', 'SKU00182', '16GB');
INSERT INTO VarianProduk (sku, harga, stok) VALUES ('SKU00183', 386350.51, 21);
INSERT INTO ProdukVarianAtribut (id_produk, atribut_varian, sku, nilai) VALUES (78, 'MATERIAL', 'SKU00183', 'Kulit Sintetis');
INSERT INTO VarianProduk (sku, harga, stok) VALUES ('SKU00184', 1743678.4, 191);
INSERT INTO ProdukVarianAtribut (id_produk, atribut_varian, sku, nilai) VALUES (78, 'MATERIAL', 'SKU00184', 'Plastik ABS');
INSERT INTO ProdukVarianAtribut (id_produk, atribut_varian, sku, nilai) VALUES (78, 'RAM', 'SKU00184', '32GB');
INSERT INTO VarianProduk (sku, harga, stok) VALUES ('SKU00185', 1030967.3, 74);
INSERT INTO ProdukVarianAtribut (id_produk, atribut_varian, sku, nilai) VALUES (78, 'WARNA', 'SKU00185', 'Putih');
INSERT INTO Produk (id_produk, id_penjual, nama, deskripsi) VALUES (79, 35, 'Streamlined secondary neural-net Berkualitas', 'Suscipit consequuntur inventore. Illum facere molestiae nemo eum quisquam. Aliquid corrupti nesciunt quae ea voluptatibus beatae.');
INSERT INTO VarianProduk (sku, harga, stok) VALUES ('SKU00186', 189310.39, 2);
INSERT INTO ProdukVarianAtribut (id_produk, atribut_varian, sku, nilai) VALUES (79, 'STORAGE_INTERNAL', 'SKU00186', '256GB');
INSERT INTO VarianProduk (sku, harga, stok) VALUES ('SKU00187', 512421.69, 89);
INSERT INTO ProdukVarianAtribut (id_produk, atribut_varian, sku, nilai) VALUES (79, 'WARNA', 'SKU00187', 'Merah');
INSERT INTO VarianProduk (sku, harga, stok) VALUES ('SKU00188', 1347806.11, 136);
INSERT INTO ProdukVarianAtribut (id_produk, atribut_varian, sku, nilai) VALUES (79, 'RAM', 'SKU00188', '4GB');
INSERT INTO ProdukVarianAtribut (id_produk, atribut_varian, sku, nilai) VALUES (79, 'UKURAN', 'SKU00188', 'XXL');
INSERT INTO Produk (id_produk, id_penjual, nama, deskripsi) VALUES (80, 36, 'Ameliorated multi-state array Terbaru', 'Minima occaecati sit cumque. Molestiae earum saepe impedit ratione. Consequuntur ipsa veritatis repudiandae.');
INSERT INTO VarianProduk (sku, harga, stok) VALUES ('SKU00189', 122976.5, 159);
INSERT INTO ProdukVarianAtribut (id_produk, atribut_varian, sku, nilai) VALUES (80, 'UKURAN', 'SKU00189', 'M');
INSERT INTO Produk (id_produk, id_penjual, nama, deskripsi) VALUES (81, 37, 'Progressive disintermediate moratorium Berkualitas', 'Tempora voluptate et amet numquam. Vel laudantium culpa cumque illo. Ab asperiores assumenda neque.');
INSERT INTO VarianProduk (sku, harga, stok) VALUES ('SKU00190', 1719089.14, 93);
INSERT INTO ProdukVarianAtribut (id_produk, atribut_varian, sku, nilai) VALUES (81, 'RAM', 'SKU00190', '4GB');
INSERT INTO Produk (id_produk, id_penjual, nama, deskripsi) VALUES (82, 37, 'Reactive zero administration approach Original', 'Cupiditate consequuntur aliquid est. Facere itaque ex similique.');
INSERT INTO VarianProduk (sku, harga, stok) VALUES ('SKU00191', 1379504.68, 3);
INSERT INTO ProdukVarianAtribut (id_produk, atribut_varian, sku, nilai) VALUES (82, 'STORAGE_INTERNAL', 'SKU00191', '256GB');
INSERT INTO ProdukVarianAtribut (id_produk, atribut_varian, sku, nilai) VALUES (82, 'MATERIAL', 'SKU00191', 'Polyester');
INSERT INTO VarianProduk (sku, harga, stok) VALUES ('SKU00192', 1952079.63, 90);
INSERT INTO ProdukVarianAtribut (id_produk, atribut_varian, sku, nilai) VALUES (82, 'STORAGE_INTERNAL', 'SKU00192', '128GB');
INSERT INTO ProdukVarianAtribut (id_produk, atribut_varian, sku, nilai) VALUES (82, 'UKURAN', 'SKU00192', 'M');
INSERT INTO VarianProduk (sku, harga, stok) VALUES ('SKU00193', 84261.62, 59);
INSERT INTO ProdukVarianAtribut (id_produk, atribut_varian, sku, nilai) VALUES (82, 'UKURAN', 'SKU00193', 'XL');
INSERT INTO Produk (id_produk, id_penjual, nama, deskripsi) VALUES (83, 38, 'Open-source cohesive open system Spesial', 'Quae vel illum magnam architecto. Modi quae possimus eum dolore. Tempore eius animi.');
INSERT INTO VarianProduk (sku, harga, stok) VALUES ('SKU00194', 506544.3, 132);
INSERT INTO ProdukVarianAtribut (id_produk, atribut_varian, sku, nilai) VALUES (83, 'MATERIAL', 'SKU00194', 'Katun');
INSERT INTO ProdukVarianAtribut (id_produk, atribut_varian, sku, nilai) VALUES (83, 'STORAGE_INTERNAL', 'SKU00194', '256GB');
INSERT INTO VarianProduk (sku, harga, stok) VALUES ('SKU00195', 1362302.23, 118);
INSERT INTO ProdukVarianAtribut (id_produk, atribut_varian, sku, nilai) VALUES (83, 'RAM', 'SKU00195', '16GB');
INSERT INTO ProdukVarianAtribut (id_produk, atribut_varian, sku, nilai) VALUES (83, 'UKURAN', 'SKU00195', 'All Size');
INSERT INTO VarianProduk (sku, harga, stok) VALUES ('SKU00196', 594758.96, 60);
INSERT INTO ProdukVarianAtribut (id_produk, atribut_varian, sku, nilai) VALUES (83, 'MATERIAL', 'SKU00196', 'Kulit Sintetis');
INSERT INTO ProdukVarianAtribut (id_produk, atribut_varian, sku, nilai) VALUES (83, 'RAM', 'SKU00196', '4GB');
INSERT INTO Produk (id_produk, id_penjual, nama, deskripsi) VALUES (84, 38, 'Multi-channeled impactful installation Spesial', 'A impedit inventore consectetur quidem officia architecto incidunt. Commodi delectus libero rem quia odio voluptatum.');
INSERT INTO VarianProduk (sku, harga, stok) VALUES ('SKU00197', 1709511.9, 130);
INSERT INTO ProdukVarianAtribut (id_produk, atribut_varian, sku, nilai) VALUES (84, 'MATERIAL', 'SKU00197', 'Polyester');
INSERT INTO Produk (id_produk, id_penjual, nama, deskripsi) VALUES (85, 39, 'Object-based object-oriented project Original', 'Eligendi porro modi tempore. Impedit adipisci cupiditate accusantium architecto similique. Porro aliquam omnis ducimus quod.');
INSERT INTO VarianProduk (sku, harga, stok) VALUES ('SKU00198', 825146.01, 158);
INSERT INTO ProdukVarianAtribut (id_produk, atribut_varian, sku, nilai) VALUES (85, 'RAM', 'SKU00198', '32GB');
INSERT INTO ProdukVarianAtribut (id_produk, atribut_varian, sku, nilai) VALUES (85, 'STORAGE_INTERNAL', 'SKU00198', '64GB');
INSERT INTO VarianProduk (sku, harga, stok) VALUES ('SKU00199', 1712535.69, 113);
INSERT INTO ProdukVarianAtribut (id_produk, atribut_varian, sku, nilai) VALUES (85, 'MATERIAL', 'SKU00199', 'Polyester');
INSERT INTO VarianProduk (sku, harga, stok) VALUES ('SKU00200', 427899.92, 123);
INSERT INTO ProdukVarianAtribut (id_produk, atribut_varian, sku, nilai) VALUES (85, 'RAM', 'SKU00200', '32GB');
INSERT INTO Produk (id_produk, id_penjual, nama, deskripsi) VALUES (86, 39, 'Business-focused systematic synergy Berkualitas', 'Voluptatibus quas corporis occaecati. Eveniet facere voluptatum veritatis culpa quaerat ea.');
INSERT INTO VarianProduk (sku, harga, stok) VALUES ('SKU00201', 1700059.08, 119);
INSERT INTO ProdukVarianAtribut (id_produk, atribut_varian, sku, nilai) VALUES (86, 'STORAGE_INTERNAL', 'SKU00201', '1TB');
INSERT INTO ProdukVarianAtribut (id_produk, atribut_varian, sku, nilai) VALUES (86, 'RAM', 'SKU00201', '16GB');
INSERT INTO Produk (id_produk, id_penjual, nama, deskripsi) VALUES (87, 40, 'Multi-layered 4thgeneration encryption Berkualitas', 'Est earum sint a. Voluptatibus debitis error saepe. Quasi consequuntur ipsam ex eum repellendus.');
INSERT INTO VarianProduk (sku, harga, stok) VALUES ('SKU00202', 882088.79, 3);
INSERT INTO ProdukVarianAtribut (id_produk, atribut_varian, sku, nilai) VALUES (87, 'UKURAN', 'SKU00202', 'M');
INSERT INTO ProdukVarianAtribut (id_produk, atribut_varian, sku, nilai) VALUES (87, 'STORAGE_INTERNAL', 'SKU00202', '512GB');
INSERT INTO VarianProduk (sku, harga, stok) VALUES ('SKU00203', 1322313.3, 27);
INSERT INTO ProdukVarianAtribut (id_produk, atribut_varian, sku, nilai) VALUES (87, 'RAM', 'SKU00203', '32GB');
INSERT INTO ProdukVarianAtribut (id_produk, atribut_varian, sku, nilai) VALUES (87, 'MATERIAL', 'SKU00203', 'Katun');
INSERT INTO VarianProduk (sku, harga, stok) VALUES ('SKU00204', 279152.5, 71);
INSERT INTO ProdukVarianAtribut (id_produk, atribut_varian, sku, nilai) VALUES (87, 'STORAGE_INTERNAL', 'SKU00204', '256GB');
INSERT INTO Produk (id_produk, id_penjual, nama, deskripsi) VALUES (88, 40, 'Cross-group tangible forecast Terbaru', 'Omnis iusto vel sit iste sapiente maxime ipsa. Quam iusto magnam excepturi. Quisquam iste ut iusto beatae nam non ducimus.');
INSERT INTO VarianProduk (sku, harga, stok) VALUES ('SKU00205', 1161312.97, 192);
INSERT INTO ProdukVarianAtribut (id_produk, atribut_varian, sku, nilai) VALUES (88, 'UKURAN', 'SKU00205', 'M');

-- Gambar
INSERT INTO Gambar (id_gambar, gambar) VALUES (1, 'img/item/placeholder_1.jpg');
INSERT INTO Gambar (id_gambar, gambar) VALUES (2, 'img/item/placeholder_2.jpg');
INSERT INTO Gambar (id_gambar, gambar) VALUES (3, 'img/item/placeholder_3.jpg');
INSERT INTO Gambar (id_gambar, gambar) VALUES (4, 'img/item/placeholder_4.jpg');
INSERT INTO Gambar (id_gambar, gambar) VALUES (5, 'img/item/placeholder_5.jpg');
INSERT INTO Gambar (id_gambar, gambar) VALUES (6, 'img/item/placeholder_6.jpg');
INSERT INTO Gambar (id_gambar, gambar) VALUES (7, 'img/item/placeholder_7.jpg');
INSERT INTO Gambar (id_gambar, gambar) VALUES (8, 'img/item/placeholder_8.jpg');
INSERT INTO Gambar (id_gambar, gambar) VALUES (9, 'img/item/placeholder_9.jpg');
INSERT INTO Gambar (id_gambar, gambar) VALUES (10, 'img/item/placeholder_10.jpg');
INSERT INTO Gambar (id_gambar, gambar) VALUES (11, 'img/item/placeholder_11.jpg');
INSERT INTO Gambar (id_gambar, gambar) VALUES (12, 'img/item/placeholder_12.jpg');
INSERT INTO Gambar (id_gambar, gambar) VALUES (13, 'img/item/placeholder_13.jpg');
INSERT INTO Gambar (id_gambar, gambar) VALUES (14, 'img/item/placeholder_14.jpg');
INSERT INTO Gambar (id_gambar, gambar) VALUES (15, 'img/item/placeholder_15.jpg');
INSERT INTO Gambar (id_gambar, gambar) VALUES (16, 'img/item/placeholder_16.jpg');
INSERT INTO Gambar (id_gambar, gambar) VALUES (17, 'img/item/placeholder_17.jpg');
INSERT INTO Gambar (id_gambar, gambar) VALUES (18, 'img/item/placeholder_18.jpg');
INSERT INTO Gambar (id_gambar, gambar) VALUES (19, 'img/item/placeholder_19.jpg');
INSERT INTO Gambar (id_gambar, gambar) VALUES (20, 'img/item/placeholder_20.jpg');
INSERT INTO Gambar (id_gambar, gambar) VALUES (21, 'img/item/placeholder_21.jpg');
INSERT INTO Gambar (id_gambar, gambar) VALUES (22, 'img/item/placeholder_22.jpg');
INSERT INTO Gambar (id_gambar, gambar) VALUES (23, 'img/item/placeholder_23.jpg');
INSERT INTO Gambar (id_gambar, gambar) VALUES (24, 'img/item/placeholder_24.jpg');
INSERT INTO Gambar (id_gambar, gambar) VALUES (25, 'img/item/placeholder_25.jpg');
INSERT INTO Gambar (id_gambar, gambar) VALUES (26, 'img/item/placeholder_26.jpg');
INSERT INTO Gambar (id_gambar, gambar) VALUES (27, 'img/item/placeholder_27.jpg');
INSERT INTO Gambar (id_gambar, gambar) VALUES (28, 'img/item/placeholder_28.jpg');
INSERT INTO Gambar (id_gambar, gambar) VALUES (29, 'img/item/placeholder_29.jpg');
INSERT INTO Gambar (id_gambar, gambar) VALUES (30, 'img/item/placeholder_30.jpg');
INSERT INTO Gambar (id_gambar, gambar) VALUES (31, 'img/item/placeholder_31.jpg');
INSERT INTO Gambar (id_gambar, gambar) VALUES (32, 'img/item/placeholder_32.jpg');
INSERT INTO Gambar (id_gambar, gambar) VALUES (33, 'img/item/placeholder_33.jpg');
INSERT INTO Gambar (id_gambar, gambar) VALUES (34, 'img/item/placeholder_34.jpg');
INSERT INTO Gambar (id_gambar, gambar) VALUES (35, 'img/item/placeholder_35.jpg');
INSERT INTO Gambar (id_gambar, gambar) VALUES (36, 'img/item/placeholder_36.jpg');
INSERT INTO Gambar (id_gambar, gambar) VALUES (37, 'img/item/placeholder_37.jpg');
INSERT INTO Gambar (id_gambar, gambar) VALUES (38, 'img/item/placeholder_38.jpg');
INSERT INTO Gambar (id_gambar, gambar) VALUES (39, 'img/item/placeholder_39.jpg');
INSERT INTO Gambar (id_gambar, gambar) VALUES (40, 'img/item/placeholder_40.jpg');
INSERT INTO Gambar (id_gambar, gambar) VALUES (41, 'img/item/placeholder_41.jpg');
INSERT INTO Gambar (id_gambar, gambar) VALUES (42, 'img/item/placeholder_42.jpg');
INSERT INTO Gambar (id_gambar, gambar) VALUES (43, 'img/item/placeholder_43.jpg');
INSERT INTO Gambar (id_gambar, gambar) VALUES (44, 'img/item/placeholder_44.jpg');
INSERT INTO Gambar (id_gambar, gambar) VALUES (45, 'img/item/placeholder_45.jpg');
INSERT INTO Gambar (id_gambar, gambar) VALUES (46, 'img/item/placeholder_46.jpg');
INSERT INTO Gambar (id_gambar, gambar) VALUES (47, 'img/item/placeholder_47.jpg');
INSERT INTO Gambar (id_gambar, gambar) VALUES (48, 'img/item/placeholder_48.jpg');
INSERT INTO Gambar (id_gambar, gambar) VALUES (49, 'img/item/placeholder_49.jpg');
INSERT INTO Gambar (id_gambar, gambar) VALUES (50, 'img/item/placeholder_50.jpg');
INSERT INTO Gambar (id_gambar, gambar) VALUES (51, 'img/item/placeholder_51.jpg');
INSERT INTO Gambar (id_gambar, gambar) VALUES (52, 'img/item/placeholder_52.jpg');
INSERT INTO Gambar (id_gambar, gambar) VALUES (53, 'img/item/placeholder_53.jpg');
INSERT INTO Gambar (id_gambar, gambar) VALUES (54, 'img/item/placeholder_54.jpg');
INSERT INTO Gambar (id_gambar, gambar) VALUES (55, 'img/item/placeholder_55.jpg');
INSERT INTO Gambar (id_gambar, gambar) VALUES (56, 'img/item/placeholder_56.jpg');
INSERT INTO Gambar (id_gambar, gambar) VALUES (57, 'img/item/placeholder_57.jpg');
INSERT INTO Gambar (id_gambar, gambar) VALUES (58, 'img/item/placeholder_58.jpg');
INSERT INTO Gambar (id_gambar, gambar) VALUES (59, 'img/item/placeholder_59.jpg');
INSERT INTO Gambar (id_gambar, gambar) VALUES (60, 'img/item/placeholder_60.jpg');
INSERT INTO Gambar (id_gambar, gambar) VALUES (61, 'img/item/placeholder_61.jpg');
INSERT INTO Gambar (id_gambar, gambar) VALUES (62, 'img/item/placeholder_62.jpg');
INSERT INTO Gambar (id_gambar, gambar) VALUES (63, 'img/item/placeholder_63.jpg');
INSERT INTO Gambar (id_gambar, gambar) VALUES (64, 'img/item/placeholder_64.jpg');
INSERT INTO Gambar (id_gambar, gambar) VALUES (65, 'img/item/placeholder_65.jpg');
INSERT INTO Gambar (id_gambar, gambar) VALUES (66, 'img/item/placeholder_66.jpg');
INSERT INTO Gambar (id_gambar, gambar) VALUES (67, 'img/item/placeholder_67.jpg');
INSERT INTO Gambar (id_gambar, gambar) VALUES (68, 'img/item/placeholder_68.jpg');
INSERT INTO Gambar (id_gambar, gambar) VALUES (69, 'img/item/placeholder_69.jpg');
INSERT INTO Gambar (id_gambar, gambar) VALUES (70, 'img/item/placeholder_70.jpg');
INSERT INTO Gambar (id_gambar, gambar) VALUES (71, 'img/item/placeholder_71.jpg');
INSERT INTO Gambar (id_gambar, gambar) VALUES (72, 'img/item/placeholder_72.jpg');
INSERT INTO Gambar (id_gambar, gambar) VALUES (73, 'img/item/placeholder_73.jpg');
INSERT INTO Gambar (id_gambar, gambar) VALUES (74, 'img/item/placeholder_74.jpg');
INSERT INTO Gambar (id_gambar, gambar) VALUES (75, 'img/item/placeholder_75.jpg');
INSERT INTO Gambar (id_gambar, gambar) VALUES (76, 'img/item/placeholder_76.jpg');
INSERT INTO Gambar (id_gambar, gambar) VALUES (77, 'img/item/placeholder_77.jpg');
INSERT INTO Gambar (id_gambar, gambar) VALUES (78, 'img/item/placeholder_78.jpg');
INSERT INTO Gambar (id_gambar, gambar) VALUES (79, 'img/item/placeholder_79.jpg');
INSERT INTO Gambar (id_gambar, gambar) VALUES (80, 'img/item/placeholder_80.jpg');
INSERT INTO Gambar (id_gambar, gambar) VALUES (81, 'img/item/placeholder_81.jpg');
INSERT INTO Gambar (id_gambar, gambar) VALUES (82, 'img/item/placeholder_82.jpg');
INSERT INTO Gambar (id_gambar, gambar) VALUES (83, 'img/item/placeholder_83.jpg');
INSERT INTO Gambar (id_gambar, gambar) VALUES (84, 'img/item/placeholder_84.jpg');
INSERT INTO Gambar (id_gambar, gambar) VALUES (85, 'img/item/placeholder_85.jpg');
INSERT INTO Gambar (id_gambar, gambar) VALUES (86, 'img/item/placeholder_86.jpg');
INSERT INTO Gambar (id_gambar, gambar) VALUES (87, 'img/item/placeholder_87.jpg');
INSERT INTO Gambar (id_gambar, gambar) VALUES (88, 'img/item/placeholder_88.jpg');
INSERT INTO Gambar (id_gambar, gambar) VALUES (89, 'img/item/placeholder_89.jpg');
INSERT INTO Gambar (id_gambar, gambar) VALUES (90, 'img/item/placeholder_90.jpg');
INSERT INTO Gambar (id_gambar, gambar) VALUES (91, 'img/item/placeholder_91.jpg');
INSERT INTO Gambar (id_gambar, gambar) VALUES (92, 'img/item/placeholder_92.jpg');
INSERT INTO Gambar (id_gambar, gambar) VALUES (93, 'img/item/placeholder_93.jpg');
INSERT INTO Gambar (id_gambar, gambar) VALUES (94, 'img/item/placeholder_94.jpg');
INSERT INTO Gambar (id_gambar, gambar) VALUES (95, 'img/item/placeholder_95.jpg');
INSERT INTO Gambar (id_gambar, gambar) VALUES (96, 'img/item/placeholder_96.jpg');
INSERT INTO Gambar (id_gambar, gambar) VALUES (97, 'img/item/placeholder_97.jpg');
INSERT INTO Gambar (id_gambar, gambar) VALUES (98, 'img/item/placeholder_98.jpg');
INSERT INTO Gambar (id_gambar, gambar) VALUES (99, 'img/item/placeholder_99.jpg');
INSERT INTO Gambar (id_gambar, gambar) VALUES (100, 'img/item/placeholder_100.jpg');
INSERT INTO Gambar (id_gambar, gambar) VALUES (101, 'img/item/placeholder_101.jpg');
INSERT INTO Gambar (id_gambar, gambar) VALUES (102, 'img/item/placeholder_102.jpg');
INSERT INTO Gambar (id_gambar, gambar) VALUES (103, 'img/item/placeholder_103.jpg');
INSERT INTO Gambar (id_gambar, gambar) VALUES (104, 'img/item/placeholder_104.jpg');
INSERT INTO Gambar (id_gambar, gambar) VALUES (105, 'img/item/placeholder_105.jpg');
INSERT INTO Gambar (id_gambar, gambar) VALUES (106, 'img/item/placeholder_106.jpg');
INSERT INTO Gambar (id_gambar, gambar) VALUES (107, 'img/item/placeholder_107.jpg');
INSERT INTO Gambar (id_gambar, gambar) VALUES (108, 'img/item/placeholder_108.jpg');
INSERT INTO Gambar (id_gambar, gambar) VALUES (109, 'img/item/placeholder_109.jpg');
INSERT INTO Gambar (id_gambar, gambar) VALUES (110, 'img/item/placeholder_110.jpg');
INSERT INTO Gambar (id_gambar, gambar) VALUES (111, 'img/item/placeholder_111.jpg');
INSERT INTO Gambar (id_gambar, gambar) VALUES (112, 'img/item/placeholder_112.jpg');
INSERT INTO Gambar (id_gambar, gambar) VALUES (113, 'img/item/placeholder_113.jpg');
INSERT INTO Gambar (id_gambar, gambar) VALUES (114, 'img/item/placeholder_114.jpg');
INSERT INTO Gambar (id_gambar, gambar) VALUES (115, 'img/item/placeholder_115.jpg');
INSERT INTO Gambar (id_gambar, gambar) VALUES (116, 'img/item/placeholder_116.jpg');
INSERT INTO Gambar (id_gambar, gambar) VALUES (117, 'img/item/placeholder_117.jpg');
INSERT INTO Gambar (id_gambar, gambar) VALUES (118, 'img/item/placeholder_118.jpg');
INSERT INTO Gambar (id_gambar, gambar) VALUES (119, 'img/item/placeholder_119.jpg');
INSERT INTO Gambar (id_gambar, gambar) VALUES (120, 'img/item/placeholder_120.jpg');
INSERT INTO Gambar (id_gambar, gambar) VALUES (121, 'img/item/placeholder_121.jpg');
INSERT INTO Gambar (id_gambar, gambar) VALUES (122, 'img/item/placeholder_122.jpg');
INSERT INTO Gambar (id_gambar, gambar) VALUES (123, 'img/item/placeholder_123.jpg');
INSERT INTO Gambar (id_gambar, gambar) VALUES (124, 'img/item/placeholder_124.jpg');
INSERT INTO Gambar (id_gambar, gambar) VALUES (125, 'img/item/placeholder_125.jpg');
INSERT INTO Gambar (id_gambar, gambar) VALUES (126, 'img/item/placeholder_126.jpg');
INSERT INTO Gambar (id_gambar, gambar) VALUES (127, 'img/item/placeholder_127.jpg');
INSERT INTO Gambar (id_gambar, gambar) VALUES (128, 'img/item/placeholder_128.jpg');
INSERT INTO Gambar (id_gambar, gambar) VALUES (129, 'img/item/placeholder_129.jpg');
INSERT INTO Gambar (id_gambar, gambar) VALUES (130, 'img/item/placeholder_130.jpg');
INSERT INTO Gambar (id_gambar, gambar) VALUES (131, 'img/item/placeholder_131.jpg');
INSERT INTO Gambar (id_gambar, gambar) VALUES (132, 'img/item/placeholder_132.jpg');
INSERT INTO Gambar (id_gambar, gambar) VALUES (133, 'img/item/placeholder_133.jpg');
INSERT INTO Gambar (id_gambar, gambar) VALUES (134, 'img/item/placeholder_134.jpg');
INSERT INTO Gambar (id_gambar, gambar) VALUES (135, 'img/item/placeholder_135.jpg');
INSERT INTO Gambar (id_gambar, gambar) VALUES (136, 'img/item/placeholder_136.jpg');
INSERT INTO Gambar (id_gambar, gambar) VALUES (137, 'img/item/placeholder_137.jpg');
INSERT INTO Gambar (id_gambar, gambar) VALUES (138, 'img/item/placeholder_138.jpg');
INSERT INTO Gambar (id_gambar, gambar) VALUES (139, 'img/item/placeholder_139.jpg');
INSERT INTO Gambar (id_gambar, gambar) VALUES (140, 'img/item/placeholder_140.jpg');
INSERT INTO Gambar (id_gambar, gambar) VALUES (141, 'img/item/placeholder_141.jpg');
INSERT INTO Gambar (id_gambar, gambar) VALUES (142, 'img/item/placeholder_142.jpg');
INSERT INTO Gambar (id_gambar, gambar) VALUES (143, 'img/item/placeholder_143.jpg');
INSERT INTO Gambar (id_gambar, gambar) VALUES (144, 'img/item/placeholder_144.jpg');
INSERT INTO Gambar (id_gambar, gambar) VALUES (145, 'img/item/placeholder_145.jpg');
INSERT INTO Gambar (id_gambar, gambar) VALUES (146, 'img/item/placeholder_146.jpg');
INSERT INTO Gambar (id_gambar, gambar) VALUES (147, 'img/item/placeholder_147.jpg');
INSERT INTO Gambar (id_gambar, gambar) VALUES (148, 'img/item/placeholder_148.jpg');
INSERT INTO Gambar (id_gambar, gambar) VALUES (149, 'img/item/placeholder_149.jpg');
INSERT INTO Gambar (id_gambar, gambar) VALUES (150, 'img/item/placeholder_150.jpg');

-- GambarProduk
INSERT INTO GambarProduk (id_produk, id_gambar) VALUES (1, 107);
INSERT INTO GambarProduk (id_produk, id_gambar) VALUES (1, 124);
INSERT INTO GambarProduk (id_produk, id_gambar) VALUES (1, 24);
INSERT INTO GambarProduk (id_produk, id_gambar) VALUES (2, 4);
INSERT INTO GambarProduk (id_produk, id_gambar) VALUES (2, 105);
INSERT INTO GambarProduk (id_produk, id_gambar) VALUES (2, 57);
INSERT INTO GambarProduk (id_produk, id_gambar) VALUES (3, 6);
INSERT INTO GambarProduk (id_produk, id_gambar) VALUES (3, 138);
INSERT INTO GambarProduk (id_produk, id_gambar) VALUES (3, 91);
INSERT INTO GambarProduk (id_produk, id_gambar) VALUES (4, 33);
INSERT INTO GambarProduk (id_produk, id_gambar) VALUES (4, 101);
INSERT INTO GambarProduk (id_produk, id_gambar) VALUES (4, 9);
INSERT INTO GambarProduk (id_produk, id_gambar) VALUES (5, 67);
INSERT INTO GambarProduk (id_produk, id_gambar) VALUES (6, 147);
INSERT INTO GambarProduk (id_produk, id_gambar) VALUES (6, 101);
INSERT INTO GambarProduk (id_produk, id_gambar) VALUES (7, 49);
INSERT INTO GambarProduk (id_produk, id_gambar) VALUES (7, 5);
INSERT INTO GambarProduk (id_produk, id_gambar) VALUES (7, 107);
INSERT INTO GambarProduk (id_produk, id_gambar) VALUES (8, 33);
INSERT INTO GambarProduk (id_produk, id_gambar) VALUES (8, 74);
INSERT INTO GambarProduk (id_produk, id_gambar) VALUES (8, 50);
INSERT INTO GambarProduk (id_produk, id_gambar) VALUES (9, 122);
INSERT INTO GambarProduk (id_produk, id_gambar) VALUES (9, 25);
INSERT INTO GambarProduk (id_produk, id_gambar) VALUES (10, 142);
INSERT INTO GambarProduk (id_produk, id_gambar) VALUES (10, 96);
INSERT INTO GambarProduk (id_produk, id_gambar) VALUES (11, 15);
INSERT INTO GambarProduk (id_produk, id_gambar) VALUES (11, 75);
INSERT INTO GambarProduk (id_produk, id_gambar) VALUES (11, 70);
INSERT INTO GambarProduk (id_produk, id_gambar) VALUES (12, 79);
INSERT INTO GambarProduk (id_produk, id_gambar) VALUES (13, 65);
INSERT INTO GambarProduk (id_produk, id_gambar) VALUES (13, 25);
INSERT INTO GambarProduk (id_produk, id_gambar) VALUES (14, 42);
INSERT INTO GambarProduk (id_produk, id_gambar) VALUES (15, 27);
INSERT INTO GambarProduk (id_produk, id_gambar) VALUES (15, 44);
INSERT INTO GambarProduk (id_produk, id_gambar) VALUES (15, 128);
INSERT INTO GambarProduk (id_produk, id_gambar) VALUES (16, 148);
INSERT INTO GambarProduk (id_produk, id_gambar) VALUES (16, 12);
INSERT INTO GambarProduk (id_produk, id_gambar) VALUES (16, 38);
INSERT INTO GambarProduk (id_produk, id_gambar) VALUES (17, 70);
INSERT INTO GambarProduk (id_produk, id_gambar) VALUES (18, 122);
INSERT INTO GambarProduk (id_produk, id_gambar) VALUES (18, 77);
INSERT INTO GambarProduk (id_produk, id_gambar) VALUES (18, 144);
INSERT INTO GambarProduk (id_produk, id_gambar) VALUES (19, 9);
INSERT INTO GambarProduk (id_produk, id_gambar) VALUES (19, 23);
INSERT INTO GambarProduk (id_produk, id_gambar) VALUES (19, 46);
INSERT INTO GambarProduk (id_produk, id_gambar) VALUES (20, 15);
INSERT INTO GambarProduk (id_produk, id_gambar) VALUES (20, 54);
INSERT INTO GambarProduk (id_produk, id_gambar) VALUES (20, 129);
INSERT INTO GambarProduk (id_produk, id_gambar) VALUES (21, 140);
INSERT INTO GambarProduk (id_produk, id_gambar) VALUES (21, 76);
INSERT INTO GambarProduk (id_produk, id_gambar) VALUES (21, 130);
INSERT INTO GambarProduk (id_produk, id_gambar) VALUES (22, 99);
INSERT INTO GambarProduk (id_produk, id_gambar) VALUES (23, 4);
INSERT INTO GambarProduk (id_produk, id_gambar) VALUES (23, 144);
INSERT INTO GambarProduk (id_produk, id_gambar) VALUES (23, 110);
INSERT INTO GambarProduk (id_produk, id_gambar) VALUES (24, 121);
INSERT INTO GambarProduk (id_produk, id_gambar) VALUES (24, 31);
INSERT INTO GambarProduk (id_produk, id_gambar) VALUES (25, 10);
INSERT INTO GambarProduk (id_produk, id_gambar) VALUES (26, 109);
INSERT INTO GambarProduk (id_produk, id_gambar) VALUES (26, 85);
INSERT INTO GambarProduk (id_produk, id_gambar) VALUES (27, 94);
INSERT INTO GambarProduk (id_produk, id_gambar) VALUES (27, 86);
INSERT INTO GambarProduk (id_produk, id_gambar) VALUES (27, 38);
INSERT INTO GambarProduk (id_produk, id_gambar) VALUES (28, 31);
INSERT INTO GambarProduk (id_produk, id_gambar) VALUES (28, 97);
INSERT INTO GambarProduk (id_produk, id_gambar) VALUES (28, 8);
INSERT INTO GambarProduk (id_produk, id_gambar) VALUES (29, 115);
INSERT INTO GambarProduk (id_produk, id_gambar) VALUES (29, 77);
INSERT INTO GambarProduk (id_produk, id_gambar) VALUES (29, 81);
INSERT INTO GambarProduk (id_produk, id_gambar) VALUES (30, 38);
INSERT INTO GambarProduk (id_produk, id_gambar) VALUES (31, 68);
INSERT INTO GambarProduk (id_produk, id_gambar) VALUES (32, 127);
INSERT INTO GambarProduk (id_produk, id_gambar) VALUES (32, 18);
INSERT INTO GambarProduk (id_produk, id_gambar) VALUES (33, 134);
INSERT INTO GambarProduk (id_produk, id_gambar) VALUES (34, 16);
INSERT INTO GambarProduk (id_produk, id_gambar) VALUES (34, 137);
INSERT INTO GambarProduk (id_produk, id_gambar) VALUES (34, 78);
INSERT INTO GambarProduk (id_produk, id_gambar) VALUES (35, 47);
INSERT INTO GambarProduk (id_produk, id_gambar) VALUES (36, 53);
INSERT INTO GambarProduk (id_produk, id_gambar) VALUES (36, 121);
INSERT INTO GambarProduk (id_produk, id_gambar) VALUES (36, 11);
INSERT INTO GambarProduk (id_produk, id_gambar) VALUES (37, 117);
INSERT INTO GambarProduk (id_produk, id_gambar) VALUES (38, 96);
INSERT INTO GambarProduk (id_produk, id_gambar) VALUES (39, 14);
INSERT INTO GambarProduk (id_produk, id_gambar) VALUES (39, 72);
INSERT INTO GambarProduk (id_produk, id_gambar) VALUES (39, 34);
INSERT INTO GambarProduk (id_produk, id_gambar) VALUES (40, 139);
INSERT INTO GambarProduk (id_produk, id_gambar) VALUES (41, 53);
INSERT INTO GambarProduk (id_produk, id_gambar) VALUES (41, 19);
INSERT INTO GambarProduk (id_produk, id_gambar) VALUES (42, 147);
INSERT INTO GambarProduk (id_produk, id_gambar) VALUES (43, 51);
INSERT INTO GambarProduk (id_produk, id_gambar) VALUES (43, 15);
INSERT INTO GambarProduk (id_produk, id_gambar) VALUES (44, 119);
INSERT INTO GambarProduk (id_produk, id_gambar) VALUES (44, 32);
INSERT INTO GambarProduk (id_produk, id_gambar) VALUES (45, 19);
INSERT INTO GambarProduk (id_produk, id_gambar) VALUES (45, 150);
INSERT INTO GambarProduk (id_produk, id_gambar) VALUES (46, 23);
INSERT INTO GambarProduk (id_produk, id_gambar) VALUES (47, 3);
INSERT INTO GambarProduk (id_produk, id_gambar) VALUES (47, 94);
INSERT INTO GambarProduk (id_produk, id_gambar) VALUES (48, 63);
INSERT INTO GambarProduk (id_produk, id_gambar) VALUES (48, 81);
INSERT INTO GambarProduk (id_produk, id_gambar) VALUES (48, 1);
INSERT INTO GambarProduk (id_produk, id_gambar) VALUES (49, 79);
INSERT INTO GambarProduk (id_produk, id_gambar) VALUES (49, 1);
INSERT INTO GambarProduk (id_produk, id_gambar) VALUES (50, 113);
INSERT INTO GambarProduk (id_produk, id_gambar) VALUES (50, 4);
INSERT INTO GambarProduk (id_produk, id_gambar) VALUES (51, 10);
INSERT INTO GambarProduk (id_produk, id_gambar) VALUES (51, 34);
INSERT INTO GambarProduk (id_produk, id_gambar) VALUES (51, 7);
INSERT INTO GambarProduk (id_produk, id_gambar) VALUES (52, 137);
INSERT INTO GambarProduk (id_produk, id_gambar) VALUES (52, 133);
INSERT INTO GambarProduk (id_produk, id_gambar) VALUES (53, 33);
INSERT INTO GambarProduk (id_produk, id_gambar) VALUES (53, 29);
INSERT INTO GambarProduk (id_produk, id_gambar) VALUES (54, 123);
INSERT INTO GambarProduk (id_produk, id_gambar) VALUES (55, 36);
INSERT INTO GambarProduk (id_produk, id_gambar) VALUES (55, 111);
INSERT INTO GambarProduk (id_produk, id_gambar) VALUES (55, 87);
INSERT INTO GambarProduk (id_produk, id_gambar) VALUES (56, 98);
INSERT INTO GambarProduk (id_produk, id_gambar) VALUES (56, 28);
INSERT INTO GambarProduk (id_produk, id_gambar) VALUES (57, 101);
INSERT INTO GambarProduk (id_produk, id_gambar) VALUES (58, 14);
INSERT INTO GambarProduk (id_produk, id_gambar) VALUES (58, 46);
INSERT INTO GambarProduk (id_produk, id_gambar) VALUES (58, 92);
INSERT INTO GambarProduk (id_produk, id_gambar) VALUES (59, 4);
INSERT INTO GambarProduk (id_produk, id_gambar) VALUES (59, 5);
INSERT INTO GambarProduk (id_produk, id_gambar) VALUES (60, 61);
INSERT INTO GambarProduk (id_produk, id_gambar) VALUES (60, 22);
INSERT INTO GambarProduk (id_produk, id_gambar) VALUES (60, 121);
INSERT INTO GambarProduk (id_produk, id_gambar) VALUES (61, 11);
INSERT INTO GambarProduk (id_produk, id_gambar) VALUES (61, 63);
INSERT INTO GambarProduk (id_produk, id_gambar) VALUES (61, 43);
INSERT INTO GambarProduk (id_produk, id_gambar) VALUES (62, 95);
INSERT INTO GambarProduk (id_produk, id_gambar) VALUES (62, 123);
INSERT INTO GambarProduk (id_produk, id_gambar) VALUES (62, 61);
INSERT INTO GambarProduk (id_produk, id_gambar) VALUES (63, 63);
INSERT INTO GambarProduk (id_produk, id_gambar) VALUES (63, 123);
INSERT INTO GambarProduk (id_produk, id_gambar) VALUES (63, 93);
INSERT INTO GambarProduk (id_produk, id_gambar) VALUES (64, 5);
INSERT INTO GambarProduk (id_produk, id_gambar) VALUES (65, 76);
INSERT INTO GambarProduk (id_produk, id_gambar) VALUES (65, 35);
INSERT INTO GambarProduk (id_produk, id_gambar) VALUES (65, 134);
INSERT INTO GambarProduk (id_produk, id_gambar) VALUES (66, 66);
INSERT INTO GambarProduk (id_produk, id_gambar) VALUES (67, 87);
INSERT INTO GambarProduk (id_produk, id_gambar) VALUES (67, 4);
INSERT INTO GambarProduk (id_produk, id_gambar) VALUES (67, 23);
INSERT INTO GambarProduk (id_produk, id_gambar) VALUES (68, 131);
INSERT INTO GambarProduk (id_produk, id_gambar) VALUES (69, 144);
INSERT INTO GambarProduk (id_produk, id_gambar) VALUES (69, 127);
INSERT INTO GambarProduk (id_produk, id_gambar) VALUES (70, 80);
INSERT INTO GambarProduk (id_produk, id_gambar) VALUES (70, 55);
INSERT INTO GambarProduk (id_produk, id_gambar) VALUES (71, 115);
INSERT INTO GambarProduk (id_produk, id_gambar) VALUES (71, 124);
INSERT INTO GambarProduk (id_produk, id_gambar) VALUES (71, 9);
INSERT INTO GambarProduk (id_produk, id_gambar) VALUES (72, 132);
INSERT INTO GambarProduk (id_produk, id_gambar) VALUES (72, 17);
INSERT INTO GambarProduk (id_produk, id_gambar) VALUES (72, 9);
INSERT INTO GambarProduk (id_produk, id_gambar) VALUES (73, 31);
INSERT INTO GambarProduk (id_produk, id_gambar) VALUES (74, 93);
INSERT INTO GambarProduk (id_produk, id_gambar) VALUES (75, 137);
INSERT INTO GambarProduk (id_produk, id_gambar) VALUES (75, 150);
INSERT INTO GambarProduk (id_produk, id_gambar) VALUES (75, 27);
INSERT INTO GambarProduk (id_produk, id_gambar) VALUES (76, 99);
INSERT INTO GambarProduk (id_produk, id_gambar) VALUES (76, 124);
INSERT INTO GambarProduk (id_produk, id_gambar) VALUES (77, 140);
INSERT INTO GambarProduk (id_produk, id_gambar) VALUES (78, 47);
INSERT INTO GambarProduk (id_produk, id_gambar) VALUES (78, 150);
INSERT INTO GambarProduk (id_produk, id_gambar) VALUES (78, 54);
INSERT INTO GambarProduk (id_produk, id_gambar) VALUES (79, 70);
INSERT INTO GambarProduk (id_produk, id_gambar) VALUES (80, 23);
INSERT INTO GambarProduk (id_produk, id_gambar) VALUES (80, 144);
INSERT INTO GambarProduk (id_produk, id_gambar) VALUES (80, 5);
INSERT INTO GambarProduk (id_produk, id_gambar) VALUES (81, 38);
INSERT INTO GambarProduk (id_produk, id_gambar) VALUES (82, 79);
INSERT INTO GambarProduk (id_produk, id_gambar) VALUES (82, 60);
INSERT INTO GambarProduk (id_produk, id_gambar) VALUES (83, 128);
INSERT INTO GambarProduk (id_produk, id_gambar) VALUES (83, 129);
INSERT INTO GambarProduk (id_produk, id_gambar) VALUES (84, 84);
INSERT INTO GambarProduk (id_produk, id_gambar) VALUES (84, 45);
INSERT INTO GambarProduk (id_produk, id_gambar) VALUES (85, 150);
INSERT INTO GambarProduk (id_produk, id_gambar) VALUES (85, 101);
INSERT INTO GambarProduk (id_produk, id_gambar) VALUES (86, 64);
INSERT INTO GambarProduk (id_produk, id_gambar) VALUES (87, 58);
INSERT INTO GambarProduk (id_produk, id_gambar) VALUES (87, 55);
INSERT INTO GambarProduk (id_produk, id_gambar) VALUES (87, 78);
INSERT INTO GambarProduk (id_produk, id_gambar) VALUES (88, 143);
INSERT INTO GambarProduk (id_produk, id_gambar) VALUES (88, 84);

-- Tag
INSERT INTO Tag (id_tag, nama) VALUES (1, 'Elektronik');
INSERT INTO Tag (id_tag, nama) VALUES (2, 'Fashion Pria');
INSERT INTO Tag (id_tag, nama) VALUES (3, 'Fashion Wanita');
INSERT INTO Tag (id_tag, nama) VALUES (4, 'Rumah Tangga');
INSERT INTO Tag (id_tag, nama) VALUES (5, 'Kesehatan');
INSERT INTO Tag (id_tag, nama) VALUES (6, 'Kecantikan');
INSERT INTO Tag (id_tag, nama) VALUES (7, 'Mainan');
INSERT INTO Tag (id_tag, nama) VALUES (8, 'Buku');
INSERT INTO Tag (id_tag, nama) VALUES (9, 'Olahraga');
INSERT INTO Tag (id_tag, nama) VALUES (10, 'Otomotif');
INSERT INTO Tag (id_tag, nama) VALUES (11, 'Voucher');
INSERT INTO Tag (id_tag, nama) VALUES (12, 'Hobi');
INSERT INTO Tag (id_tag, nama) VALUES (13, 'Ipsa13');
INSERT INTO Tag (id_tag, nama) VALUES (14, 'Et14');
INSERT INTO Tag (id_tag, nama) VALUES (15, 'Voluptates15');
INSERT INTO Tag (id_tag, nama) VALUES (16, 'Vel16');
INSERT INTO Tag (id_tag, nama) VALUES (17, 'Nemo17');
INSERT INTO Tag (id_tag, nama) VALUES (18, 'Suscipit18');
INSERT INTO Tag (id_tag, nama) VALUES (19, 'Ducimus19');
INSERT INTO Tag (id_tag, nama) VALUES (20, 'Accusamus20');
INSERT INTO Tag (id_tag, nama) VALUES (21, 'Commodi21');
INSERT INTO Tag (id_tag, nama) VALUES (22, 'Mollitia22');
INSERT INTO Tag (id_tag, nama) VALUES (23, 'Veritatis23');
INSERT INTO Tag (id_tag, nama) VALUES (24, 'Hic24');
INSERT INTO Tag (id_tag, nama) VALUES (25, 'Animi25');
INSERT INTO Tag (id_tag, nama) VALUES (26, 'Corrupti26');
INSERT INTO Tag (id_tag, nama) VALUES (27, 'Quisquam27');
INSERT INTO Tag (id_tag, nama) VALUES (28, 'Temporibus28');
INSERT INTO Tag (id_tag, nama) VALUES (29, 'Beatae29');
INSERT INTO Tag (id_tag, nama) VALUES (30, 'Tenetur30');
INSERT INTO Tag (id_tag, nama) VALUES (31, 'A31');
INSERT INTO Tag (id_tag, nama) VALUES (32, 'Incidunt32');
INSERT INTO Tag (id_tag, nama) VALUES (33, 'Sint33');
INSERT INTO Tag (id_tag, nama) VALUES (34, 'Cupiditate34');
INSERT INTO Tag (id_tag, nama) VALUES (35, 'Fugit35');
INSERT INTO Tag (id_tag, nama) VALUES (36, 'Consequuntur36');
INSERT INTO Tag (id_tag, nama) VALUES (37, 'Veritatis37');
INSERT INTO Tag (id_tag, nama) VALUES (38, 'Accusamus38');
INSERT INTO Tag (id_tag, nama) VALUES (39, 'Accusamus39');
INSERT INTO Tag (id_tag, nama) VALUES (40, 'Autem40');
INSERT INTO Tag (id_tag, nama) VALUES (41, 'Doloremque41');
INSERT INTO Tag (id_tag, nama) VALUES (42, 'Atque42');
INSERT INTO Tag (id_tag, nama) VALUES (43, 'Sapiente43');
INSERT INTO Tag (id_tag, nama) VALUES (44, 'Quae44');
INSERT INTO Tag (id_tag, nama) VALUES (45, 'Et45');
INSERT INTO Tag (id_tag, nama) VALUES (46, 'Quod46');
INSERT INTO Tag (id_tag, nama) VALUES (47, 'Dicta47');
INSERT INTO Tag (id_tag, nama) VALUES (48, 'Distinctio48');
INSERT INTO Tag (id_tag, nama) VALUES (49, 'Ipsam49');
INSERT INTO Tag (id_tag, nama) VALUES (50, 'Non50');
INSERT INTO Tag (id_tag, nama) VALUES (51, 'Ad51');
INSERT INTO Tag (id_tag, nama) VALUES (52, 'Odit52');
INSERT INTO Tag (id_tag, nama) VALUES (53, 'Explicabo53');
INSERT INTO Tag (id_tag, nama) VALUES (54, 'Tempore54');
INSERT INTO Tag (id_tag, nama) VALUES (55, 'Sapiente55');
INSERT INTO Tag (id_tag, nama) VALUES (56, 'Error56');
INSERT INTO Tag (id_tag, nama) VALUES (57, 'Ducimus57');
INSERT INTO Tag (id_tag, nama) VALUES (58, 'Ea58');
INSERT INTO Tag (id_tag, nama) VALUES (59, 'Omnis59');
INSERT INTO Tag (id_tag, nama) VALUES (60, 'Facere60');

-- TagProduk
INSERT INTO TagProduk (id_produk, id_tag) VALUES (1, 34);
INSERT INTO TagProduk (id_produk, id_tag) VALUES (1, 54);
INSERT INTO TagProduk (id_produk, id_tag) VALUES (1, 39);
INSERT INTO TagProduk (id_produk, id_tag) VALUES (1, 47);
INSERT INTO TagProduk (id_produk, id_tag) VALUES (2, 52);
INSERT INTO TagProduk (id_produk, id_tag) VALUES (3, 19);
INSERT INTO TagProduk (id_produk, id_tag) VALUES (4, 8);
INSERT INTO TagProduk (id_produk, id_tag) VALUES (4, 10);
INSERT INTO TagProduk (id_produk, id_tag) VALUES (4, 39);
INSERT INTO TagProduk (id_produk, id_tag) VALUES (4, 27);
INSERT INTO TagProduk (id_produk, id_tag) VALUES (5, 55);
INSERT INTO TagProduk (id_produk, id_tag) VALUES (5, 29);
INSERT INTO TagProduk (id_produk, id_tag) VALUES (5, 42);
INSERT INTO TagProduk (id_produk, id_tag) VALUES (6, 59);
INSERT INTO TagProduk (id_produk, id_tag) VALUES (6, 20);
INSERT INTO TagProduk (id_produk, id_tag) VALUES (6, 17);
INSERT INTO TagProduk (id_produk, id_tag) VALUES (7, 49);
INSERT INTO TagProduk (id_produk, id_tag) VALUES (7, 14);
INSERT INTO TagProduk (id_produk, id_tag) VALUES (8, 33);
INSERT INTO TagProduk (id_produk, id_tag) VALUES (8, 53);
INSERT INTO TagProduk (id_produk, id_tag) VALUES (8, 6);
INSERT INTO TagProduk (id_produk, id_tag) VALUES (9, 9);
INSERT INTO TagProduk (id_produk, id_tag) VALUES (9, 2);
INSERT INTO TagProduk (id_produk, id_tag) VALUES (9, 20);
INSERT INTO TagProduk (id_produk, id_tag) VALUES (9, 41);
INSERT INTO TagProduk (id_produk, id_tag) VALUES (10, 5);
INSERT INTO TagProduk (id_produk, id_tag) VALUES (10, 52);
INSERT INTO TagProduk (id_produk, id_tag) VALUES (10, 17);
INSERT INTO TagProduk (id_produk, id_tag) VALUES (10, 59);
INSERT INTO TagProduk (id_produk, id_tag) VALUES (11, 7);
INSERT INTO TagProduk (id_produk, id_tag) VALUES (11, 6);
INSERT INTO TagProduk (id_produk, id_tag) VALUES (11, 28);
INSERT INTO TagProduk (id_produk, id_tag) VALUES (12, 60);
INSERT INTO TagProduk (id_produk, id_tag) VALUES (12, 55);
INSERT INTO TagProduk (id_produk, id_tag) VALUES (12, 22);
INSERT INTO TagProduk (id_produk, id_tag) VALUES (13, 33);
INSERT INTO TagProduk (id_produk, id_tag) VALUES (14, 17);
INSERT INTO TagProduk (id_produk, id_tag) VALUES (14, 32);
INSERT INTO TagProduk (id_produk, id_tag) VALUES (15, 45);
INSERT INTO TagProduk (id_produk, id_tag) VALUES (15, 60);
INSERT INTO TagProduk (id_produk, id_tag) VALUES (15, 53);
INSERT INTO TagProduk (id_produk, id_tag) VALUES (16, 12);
INSERT INTO TagProduk (id_produk, id_tag) VALUES (17, 19);
INSERT INTO TagProduk (id_produk, id_tag) VALUES (18, 4);
INSERT INTO TagProduk (id_produk, id_tag) VALUES (18, 13);
INSERT INTO TagProduk (id_produk, id_tag) VALUES (18, 23);
INSERT INTO TagProduk (id_produk, id_tag) VALUES (19, 11);
INSERT INTO TagProduk (id_produk, id_tag) VALUES (19, 27);
INSERT INTO TagProduk (id_produk, id_tag) VALUES (19, 33);
INSERT INTO TagProduk (id_produk, id_tag) VALUES (19, 20);
INSERT INTO TagProduk (id_produk, id_tag) VALUES (20, 8);
INSERT INTO TagProduk (id_produk, id_tag) VALUES (20, 18);
INSERT INTO TagProduk (id_produk, id_tag) VALUES (20, 5);
INSERT INTO TagProduk (id_produk, id_tag) VALUES (20, 36);
INSERT INTO TagProduk (id_produk, id_tag) VALUES (21, 49);
INSERT INTO TagProduk (id_produk, id_tag) VALUES (21, 57);
INSERT INTO TagProduk (id_produk, id_tag) VALUES (21, 25);
INSERT INTO TagProduk (id_produk, id_tag) VALUES (21, 12);
INSERT INTO TagProduk (id_produk, id_tag) VALUES (22, 19);
INSERT INTO TagProduk (id_produk, id_tag) VALUES (22, 60);
INSERT INTO TagProduk (id_produk, id_tag) VALUES (22, 2);
INSERT INTO TagProduk (id_produk, id_tag) VALUES (23, 44);
INSERT INTO TagProduk (id_produk, id_tag) VALUES (23, 60);
INSERT INTO TagProduk (id_produk, id_tag) VALUES (23, 52);
INSERT INTO TagProduk (id_produk, id_tag) VALUES (24, 55);
INSERT INTO TagProduk (id_produk, id_tag) VALUES (24, 14);
INSERT INTO TagProduk (id_produk, id_tag) VALUES (25, 4);
INSERT INTO TagProduk (id_produk, id_tag) VALUES (25, 34);
INSERT INTO TagProduk (id_produk, id_tag) VALUES (25, 5);
INSERT INTO TagProduk (id_produk, id_tag) VALUES (26, 11);
INSERT INTO TagProduk (id_produk, id_tag) VALUES (26, 7);
INSERT INTO TagProduk (id_produk, id_tag) VALUES (27, 24);
INSERT INTO TagProduk (id_produk, id_tag) VALUES (28, 23);
INSERT INTO TagProduk (id_produk, id_tag) VALUES (29, 11);
INSERT INTO TagProduk (id_produk, id_tag) VALUES (29, 45);
INSERT INTO TagProduk (id_produk, id_tag) VALUES (30, 19);
INSERT INTO TagProduk (id_produk, id_tag) VALUES (31, 56);
INSERT INTO TagProduk (id_produk, id_tag) VALUES (31, 41);
INSERT INTO TagProduk (id_produk, id_tag) VALUES (32, 10);
INSERT INTO TagProduk (id_produk, id_tag) VALUES (33, 25);
INSERT INTO TagProduk (id_produk, id_tag) VALUES (34, 2);
INSERT INTO TagProduk (id_produk, id_tag) VALUES (35, 1);
INSERT INTO TagProduk (id_produk, id_tag) VALUES (35, 49);
INSERT INTO TagProduk (id_produk, id_tag) VALUES (36, 38);
INSERT INTO TagProduk (id_produk, id_tag) VALUES (36, 42);
INSERT INTO TagProduk (id_produk, id_tag) VALUES (36, 10);
INSERT INTO TagProduk (id_produk, id_tag) VALUES (37, 44);
INSERT INTO TagProduk (id_produk, id_tag) VALUES (37, 39);
INSERT INTO TagProduk (id_produk, id_tag) VALUES (37, 46);
INSERT INTO TagProduk (id_produk, id_tag) VALUES (37, 51);
INSERT INTO TagProduk (id_produk, id_tag) VALUES (38, 58);
INSERT INTO TagProduk (id_produk, id_tag) VALUES (38, 23);
INSERT INTO TagProduk (id_produk, id_tag) VALUES (39, 40);
INSERT INTO TagProduk (id_produk, id_tag) VALUES (40, 52);
INSERT INTO TagProduk (id_produk, id_tag) VALUES (40, 20);
INSERT INTO TagProduk (id_produk, id_tag) VALUES (40, 29);
INSERT INTO TagProduk (id_produk, id_tag) VALUES (41, 15);
INSERT INTO TagProduk (id_produk, id_tag) VALUES (42, 2);
INSERT INTO TagProduk (id_produk, id_tag) VALUES (42, 20);
INSERT INTO TagProduk (id_produk, id_tag) VALUES (42, 38);
INSERT INTO TagProduk (id_produk, id_tag) VALUES (43, 21);
INSERT INTO TagProduk (id_produk, id_tag) VALUES (44, 23);
INSERT INTO TagProduk (id_produk, id_tag) VALUES (45, 3);
INSERT INTO TagProduk (id_produk, id_tag) VALUES (45, 9);
INSERT INTO TagProduk (id_produk, id_tag) VALUES (45, 58);
INSERT INTO TagProduk (id_produk, id_tag) VALUES (46, 36);
INSERT INTO TagProduk (id_produk, id_tag) VALUES (46, 40);
INSERT INTO TagProduk (id_produk, id_tag) VALUES (47, 49);
INSERT INTO TagProduk (id_produk, id_tag) VALUES (47, 38);
INSERT INTO TagProduk (id_produk, id_tag) VALUES (47, 1);
INSERT INTO TagProduk (id_produk, id_tag) VALUES (47, 29);
INSERT INTO TagProduk (id_produk, id_tag) VALUES (48, 10);
INSERT INTO TagProduk (id_produk, id_tag) VALUES (48, 47);
INSERT INTO TagProduk (id_produk, id_tag) VALUES (48, 21);
INSERT INTO TagProduk (id_produk, id_tag) VALUES (48, 20);
INSERT INTO TagProduk (id_produk, id_tag) VALUES (49, 15);
INSERT INTO TagProduk (id_produk, id_tag) VALUES (50, 2);
INSERT INTO TagProduk (id_produk, id_tag) VALUES (50, 23);
INSERT INTO TagProduk (id_produk, id_tag) VALUES (50, 14);
INSERT INTO TagProduk (id_produk, id_tag) VALUES (50, 5);
INSERT INTO TagProduk (id_produk, id_tag) VALUES (51, 18);
INSERT INTO TagProduk (id_produk, id_tag) VALUES (51, 59);
INSERT INTO TagProduk (id_produk, id_tag) VALUES (51, 37);
INSERT INTO TagProduk (id_produk, id_tag) VALUES (51, 25);
INSERT INTO TagProduk (id_produk, id_tag) VALUES (52, 53);
INSERT INTO TagProduk (id_produk, id_tag) VALUES (53, 29);
INSERT INTO TagProduk (id_produk, id_tag) VALUES (53, 57);
INSERT INTO TagProduk (id_produk, id_tag) VALUES (53, 54);
INSERT INTO TagProduk (id_produk, id_tag) VALUES (54, 14);
INSERT INTO TagProduk (id_produk, id_tag) VALUES (54, 43);
INSERT INTO TagProduk (id_produk, id_tag) VALUES (54, 31);
INSERT INTO TagProduk (id_produk, id_tag) VALUES (54, 27);
INSERT INTO TagProduk (id_produk, id_tag) VALUES (55, 35);
INSERT INTO TagProduk (id_produk, id_tag) VALUES (55, 55);
INSERT INTO TagProduk (id_produk, id_tag) VALUES (55, 38);
INSERT INTO TagProduk (id_produk, id_tag) VALUES (56, 58);
INSERT INTO TagProduk (id_produk, id_tag) VALUES (56, 10);
INSERT INTO TagProduk (id_produk, id_tag) VALUES (56, 13);
INSERT INTO TagProduk (id_produk, id_tag) VALUES (56, 37);
INSERT INTO TagProduk (id_produk, id_tag) VALUES (57, 10);
INSERT INTO TagProduk (id_produk, id_tag) VALUES (57, 16);
INSERT INTO TagProduk (id_produk, id_tag) VALUES (57, 26);
INSERT INTO TagProduk (id_produk, id_tag) VALUES (57, 18);
INSERT INTO TagProduk (id_produk, id_tag) VALUES (58, 1);
INSERT INTO TagProduk (id_produk, id_tag) VALUES (58, 30);
INSERT INTO TagProduk (id_produk, id_tag) VALUES (59, 45);
INSERT INTO TagProduk (id_produk, id_tag) VALUES (60, 2);
INSERT INTO TagProduk (id_produk, id_tag) VALUES (61, 50);
INSERT INTO TagProduk (id_produk, id_tag) VALUES (61, 33);
INSERT INTO TagProduk (id_produk, id_tag) VALUES (62, 31);
INSERT INTO TagProduk (id_produk, id_tag) VALUES (63, 49);
INSERT INTO TagProduk (id_produk, id_tag) VALUES (63, 3);
INSERT INTO TagProduk (id_produk, id_tag) VALUES (64, 42);
INSERT INTO TagProduk (id_produk, id_tag) VALUES (64, 5);
INSERT INTO TagProduk (id_produk, id_tag) VALUES (64, 24);
INSERT INTO TagProduk (id_produk, id_tag) VALUES (64, 53);
INSERT INTO TagProduk (id_produk, id_tag) VALUES (65, 43);
INSERT INTO TagProduk (id_produk, id_tag) VALUES (65, 52);
INSERT INTO TagProduk (id_produk, id_tag) VALUES (66, 36);
INSERT INTO TagProduk (id_produk, id_tag) VALUES (66, 53);
INSERT INTO TagProduk (id_produk, id_tag) VALUES (67, 3);
INSERT INTO TagProduk (id_produk, id_tag) VALUES (67, 18);
INSERT INTO TagProduk (id_produk, id_tag) VALUES (68, 49);
INSERT INTO TagProduk (id_produk, id_tag) VALUES (68, 55);
INSERT INTO TagProduk (id_produk, id_tag) VALUES (69, 56);
INSERT INTO TagProduk (id_produk, id_tag) VALUES (69, 26);
INSERT INTO TagProduk (id_produk, id_tag) VALUES (69, 15);
INSERT INTO TagProduk (id_produk, id_tag) VALUES (69, 49);
INSERT INTO TagProduk (id_produk, id_tag) VALUES (70, 16);
INSERT INTO TagProduk (id_produk, id_tag) VALUES (70, 19);
INSERT INTO TagProduk (id_produk, id_tag) VALUES (71, 38);
INSERT INTO TagProduk (id_produk, id_tag) VALUES (72, 58);
INSERT INTO TagProduk (id_produk, id_tag) VALUES (72, 44);
INSERT INTO TagProduk (id_produk, id_tag) VALUES (72, 21);
INSERT INTO TagProduk (id_produk, id_tag) VALUES (73, 4);
INSERT INTO TagProduk (id_produk, id_tag) VALUES (73, 34);
INSERT INTO TagProduk (id_produk, id_tag) VALUES (73, 41);
INSERT INTO TagProduk (id_produk, id_tag) VALUES (74, 44);
INSERT INTO TagProduk (id_produk, id_tag) VALUES (75, 15);
INSERT INTO TagProduk (id_produk, id_tag) VALUES (75, 44);
INSERT INTO TagProduk (id_produk, id_tag) VALUES (75, 12);
INSERT INTO TagProduk (id_produk, id_tag) VALUES (76, 57);
INSERT INTO TagProduk (id_produk, id_tag) VALUES (76, 21);
INSERT INTO TagProduk (id_produk, id_tag) VALUES (77, 33);
INSERT INTO TagProduk (id_produk, id_tag) VALUES (77, 36);
INSERT INTO TagProduk (id_produk, id_tag) VALUES (78, 49);
INSERT INTO TagProduk (id_produk, id_tag) VALUES (78, 16);
INSERT INTO TagProduk (id_produk, id_tag) VALUES (78, 36);
INSERT INTO TagProduk (id_produk, id_tag) VALUES (79, 38);
INSERT INTO TagProduk (id_produk, id_tag) VALUES (79, 9);
INSERT INTO TagProduk (id_produk, id_tag) VALUES (79, 28);
INSERT INTO TagProduk (id_produk, id_tag) VALUES (80, 29);
INSERT INTO TagProduk (id_produk, id_tag) VALUES (80, 18);
INSERT INTO TagProduk (id_produk, id_tag) VALUES (80, 16);
INSERT INTO TagProduk (id_produk, id_tag) VALUES (81, 32);
INSERT INTO TagProduk (id_produk, id_tag) VALUES (81, 14);
INSERT INTO TagProduk (id_produk, id_tag) VALUES (81, 10);
INSERT INTO TagProduk (id_produk, id_tag) VALUES (81, 28);
INSERT INTO TagProduk (id_produk, id_tag) VALUES (82, 59);
INSERT INTO TagProduk (id_produk, id_tag) VALUES (83, 40);
INSERT INTO TagProduk (id_produk, id_tag) VALUES (83, 37);
INSERT INTO TagProduk (id_produk, id_tag) VALUES (84, 58);
INSERT INTO TagProduk (id_produk, id_tag) VALUES (85, 36);
INSERT INTO TagProduk (id_produk, id_tag) VALUES (85, 15);
INSERT INTO TagProduk (id_produk, id_tag) VALUES (86, 8);
INSERT INTO TagProduk (id_produk, id_tag) VALUES (86, 11);
INSERT INTO TagProduk (id_produk, id_tag) VALUES (86, 32);
INSERT INTO TagProduk (id_produk, id_tag) VALUES (87, 18);
INSERT INTO TagProduk (id_produk, id_tag) VALUES (87, 41);
INSERT INTO TagProduk (id_produk, id_tag) VALUES (88, 16);
INSERT INTO TagProduk (id_produk, id_tag) VALUES (88, 19);

-- BarangKeranjang
INSERT INTO BarangKeranjang (id_keranjang, sku, kuantitas) VALUES (1, 'SKU00193', 1);
INSERT INTO BarangKeranjang (id_keranjang, sku, kuantitas) VALUES (1, 'SKU00057', 3);
INSERT INTO BarangKeranjang (id_keranjang, sku, kuantitas) VALUES (2, 'SKU00095', 2);
INSERT INTO BarangKeranjang (id_keranjang, sku, kuantitas) VALUES (2, 'SKU00016', 1);
INSERT INTO BarangKeranjang (id_keranjang, sku, kuantitas) VALUES (2, 'SKU00193', 1);
INSERT INTO BarangKeranjang (id_keranjang, sku, kuantitas) VALUES (2, 'SKU00143', 3);
INSERT INTO BarangKeranjang (id_keranjang, sku, kuantitas) VALUES (3, 'SKU00195', 1);
INSERT INTO BarangKeranjang (id_keranjang, sku, kuantitas) VALUES (3, 'SKU00077', 1);
INSERT INTO BarangKeranjang (id_keranjang, sku, kuantitas) VALUES (3, 'SKU00056', 2);
INSERT INTO BarangKeranjang (id_keranjang, sku, kuantitas) VALUES (3, 'SKU00008', 1);
INSERT INTO BarangKeranjang (id_keranjang, sku, kuantitas) VALUES (5, 'SKU00116', 3);
INSERT INTO BarangKeranjang (id_keranjang, sku, kuantitas) VALUES (5, 'SKU00141', 2);
INSERT INTO BarangKeranjang (id_keranjang, sku, kuantitas) VALUES (5, 'SKU00172', 3);
INSERT INTO BarangKeranjang (id_keranjang, sku, kuantitas) VALUES (6, 'SKU00088', 1);
INSERT INTO BarangKeranjang (id_keranjang, sku, kuantitas) VALUES (6, 'SKU00161', 3);
INSERT INTO BarangKeranjang (id_keranjang, sku, kuantitas) VALUES (6, 'SKU00043', 2);
INSERT INTO BarangKeranjang (id_keranjang, sku, kuantitas) VALUES (6, 'SKU00114', 3);
INSERT INTO BarangKeranjang (id_keranjang, sku, kuantitas) VALUES (6, 'SKU00155', 2);
INSERT INTO BarangKeranjang (id_keranjang, sku, kuantitas) VALUES (7, 'SKU00075', 3);
INSERT INTO BarangKeranjang (id_keranjang, sku, kuantitas) VALUES (8, 'SKU00194', 1);
INSERT INTO BarangKeranjang (id_keranjang, sku, kuantitas) VALUES (8, 'SKU00068', 1);
INSERT INTO BarangKeranjang (id_keranjang, sku, kuantitas) VALUES (8, 'SKU00173', 3);
INSERT INTO BarangKeranjang (id_keranjang, sku, kuantitas) VALUES (8, 'SKU00091', 3);
INSERT INTO BarangKeranjang (id_keranjang, sku, kuantitas) VALUES (9, 'SKU00078', 3);
INSERT INTO BarangKeranjang (id_keranjang, sku, kuantitas) VALUES (11, 'SKU00030', 2);
INSERT INTO BarangKeranjang (id_keranjang, sku, kuantitas) VALUES (11, 'SKU00032', 1);
INSERT INTO BarangKeranjang (id_keranjang, sku, kuantitas) VALUES (11, 'SKU00149', 2);
INSERT INTO BarangKeranjang (id_keranjang, sku, kuantitas) VALUES (11, 'SKU00083', 2);
INSERT INTO BarangKeranjang (id_keranjang, sku, kuantitas) VALUES (11, 'SKU00061', 1);
INSERT INTO BarangKeranjang (id_keranjang, sku, kuantitas) VALUES (12, 'SKU00079', 3);
INSERT INTO BarangKeranjang (id_keranjang, sku, kuantitas) VALUES (12, 'SKU00192', 1);
INSERT INTO BarangKeranjang (id_keranjang, sku, kuantitas) VALUES (12, 'SKU00082', 3);
INSERT INTO BarangKeranjang (id_keranjang, sku, kuantitas) VALUES (12, 'SKU00067', 1);
INSERT INTO BarangKeranjang (id_keranjang, sku, kuantitas) VALUES (12, 'SKU00023', 3);
INSERT INTO BarangKeranjang (id_keranjang, sku, kuantitas) VALUES (14, 'SKU00071', 3);
INSERT INTO BarangKeranjang (id_keranjang, sku, kuantitas) VALUES (14, 'SKU00166', 1);
INSERT INTO BarangKeranjang (id_keranjang, sku, kuantitas) VALUES (14, 'SKU00090', 2);
INSERT INTO BarangKeranjang (id_keranjang, sku, kuantitas) VALUES (15, 'SKU00053', 1);
INSERT INTO BarangKeranjang (id_keranjang, sku, kuantitas) VALUES (16, 'SKU00097', 3);
INSERT INTO BarangKeranjang (id_keranjang, sku, kuantitas) VALUES (17, 'SKU00125', 3);
INSERT INTO BarangKeranjang (id_keranjang, sku, kuantitas) VALUES (17, 'SKU00176', 3);
INSERT INTO BarangKeranjang (id_keranjang, sku, kuantitas) VALUES (17, 'SKU00003', 1);
INSERT INTO BarangKeranjang (id_keranjang, sku, kuantitas) VALUES (17, 'SKU00180', 1);
INSERT INTO BarangKeranjang (id_keranjang, sku, kuantitas) VALUES (17, 'SKU00107', 2);
INSERT INTO BarangKeranjang (id_keranjang, sku, kuantitas) VALUES (19, 'SKU00019', 1);
INSERT INTO BarangKeranjang (id_keranjang, sku, kuantitas) VALUES (19, 'SKU00115', 3);
INSERT INTO BarangKeranjang (id_keranjang, sku, kuantitas) VALUES (19, 'SKU00143', 1);
INSERT INTO BarangKeranjang (id_keranjang, sku, kuantitas) VALUES (19, 'SKU00199', 1);
INSERT INTO BarangKeranjang (id_keranjang, sku, kuantitas) VALUES (20, 'SKU00109', 3);
INSERT INTO BarangKeranjang (id_keranjang, sku, kuantitas) VALUES (20, 'SKU00020', 1);
INSERT INTO BarangKeranjang (id_keranjang, sku, kuantitas) VALUES (20, 'SKU00112', 3);
INSERT INTO BarangKeranjang (id_keranjang, sku, kuantitas) VALUES (21, 'SKU00024', 2);
INSERT INTO BarangKeranjang (id_keranjang, sku, kuantitas) VALUES (21, 'SKU00093', 1);
INSERT INTO BarangKeranjang (id_keranjang, sku, kuantitas) VALUES (21, 'SKU00190', 2);
INSERT INTO BarangKeranjang (id_keranjang, sku, kuantitas) VALUES (22, 'SKU00168', 2);
INSERT INTO BarangKeranjang (id_keranjang, sku, kuantitas) VALUES (22, 'SKU00152', 1);
INSERT INTO BarangKeranjang (id_keranjang, sku, kuantitas) VALUES (22, 'SKU00127', 3);
INSERT INTO BarangKeranjang (id_keranjang, sku, kuantitas) VALUES (22, 'SKU00111', 3);
INSERT INTO BarangKeranjang (id_keranjang, sku, kuantitas) VALUES (22, 'SKU00177', 2);
INSERT INTO BarangKeranjang (id_keranjang, sku, kuantitas) VALUES (25, 'SKU00203', 3);
INSERT INTO BarangKeranjang (id_keranjang, sku, kuantitas) VALUES (25, 'SKU00081', 3);
INSERT INTO BarangKeranjang (id_keranjang, sku, kuantitas) VALUES (25, 'SKU00164', 3);
INSERT INTO BarangKeranjang (id_keranjang, sku, kuantitas) VALUES (25, 'SKU00039', 1);
INSERT INTO BarangKeranjang (id_keranjang, sku, kuantitas) VALUES (26, 'SKU00201', 3);
INSERT INTO BarangKeranjang (id_keranjang, sku, kuantitas) VALUES (27, 'SKU00124', 1);
INSERT INTO BarangKeranjang (id_keranjang, sku, kuantitas) VALUES (27, 'SKU00162', 1);
INSERT INTO BarangKeranjang (id_keranjang, sku, kuantitas) VALUES (28, 'SKU00124', 3);
INSERT INTO BarangKeranjang (id_keranjang, sku, kuantitas) VALUES (28, 'SKU00111', 1);
INSERT INTO BarangKeranjang (id_keranjang, sku, kuantitas) VALUES (28, 'SKU00037', 3);
INSERT INTO BarangKeranjang (id_keranjang, sku, kuantitas) VALUES (28, 'SKU00085', 3);
INSERT INTO BarangKeranjang (id_keranjang, sku, kuantitas) VALUES (28, 'SKU00136', 3);
INSERT INTO BarangKeranjang (id_keranjang, sku, kuantitas) VALUES (29, 'SKU00091', 3);
INSERT INTO BarangKeranjang (id_keranjang, sku, kuantitas) VALUES (29, 'SKU00078', 1);
INSERT INTO BarangKeranjang (id_keranjang, sku, kuantitas) VALUES (29, 'SKU00017', 3);
INSERT INTO BarangKeranjang (id_keranjang, sku, kuantitas) VALUES (29, 'SKU00142', 2);
INSERT INTO BarangKeranjang (id_keranjang, sku, kuantitas) VALUES (29, 'SKU00033', 2);
INSERT INTO BarangKeranjang (id_keranjang, sku, kuantitas) VALUES (31, 'SKU00092', 3);
INSERT INTO BarangKeranjang (id_keranjang, sku, kuantitas) VALUES (31, 'SKU00088', 1);
INSERT INTO BarangKeranjang (id_keranjang, sku, kuantitas) VALUES (31, 'SKU00170', 1);
INSERT INTO BarangKeranjang (id_keranjang, sku, kuantitas) VALUES (31, 'SKU00164', 3);
INSERT INTO BarangKeranjang (id_keranjang, sku, kuantitas) VALUES (31, 'SKU00147', 2);
INSERT INTO BarangKeranjang (id_keranjang, sku, kuantitas) VALUES (32, 'SKU00030', 3);
INSERT INTO BarangKeranjang (id_keranjang, sku, kuantitas) VALUES (32, 'SKU00133', 2);
INSERT INTO BarangKeranjang (id_keranjang, sku, kuantitas) VALUES (32, 'SKU00122', 1);
INSERT INTO BarangKeranjang (id_keranjang, sku, kuantitas) VALUES (32, 'SKU00005', 1);
INSERT INTO BarangKeranjang (id_keranjang, sku, kuantitas) VALUES (33, 'SKU00038', 3);
INSERT INTO BarangKeranjang (id_keranjang, sku, kuantitas) VALUES (33, 'SKU00117', 1);
INSERT INTO BarangKeranjang (id_keranjang, sku, kuantitas) VALUES (33, 'SKU00182', 2);
INSERT INTO BarangKeranjang (id_keranjang, sku, kuantitas) VALUES (34, 'SKU00203', 1);
INSERT INTO BarangKeranjang (id_keranjang, sku, kuantitas) VALUES (35, 'SKU00037', 3);
INSERT INTO BarangKeranjang (id_keranjang, sku, kuantitas) VALUES (35, 'SKU00139', 3);
INSERT INTO BarangKeranjang (id_keranjang, sku, kuantitas) VALUES (35, 'SKU00161', 3);
INSERT INTO BarangKeranjang (id_keranjang, sku, kuantitas) VALUES (36, 'SKU00157', 2);
INSERT INTO BarangKeranjang (id_keranjang, sku, kuantitas) VALUES (36, 'SKU00040', 3);
INSERT INTO BarangKeranjang (id_keranjang, sku, kuantitas) VALUES (37, 'SKU00190', 2);
INSERT INTO BarangKeranjang (id_keranjang, sku, kuantitas) VALUES (37, 'SKU00044', 2);
INSERT INTO BarangKeranjang (id_keranjang, sku, kuantitas) VALUES (37, 'SKU00180', 1);
INSERT INTO BarangKeranjang (id_keranjang, sku, kuantitas) VALUES (39, 'SKU00152', 2);
INSERT INTO BarangKeranjang (id_keranjang, sku, kuantitas) VALUES (39, 'SKU00049', 2);
INSERT INTO BarangKeranjang (id_keranjang, sku, kuantitas) VALUES (39, 'SKU00052', 3);
INSERT INTO BarangKeranjang (id_keranjang, sku, kuantitas) VALUES (41, 'SKU00126', 3);
INSERT INTO BarangKeranjang (id_keranjang, sku, kuantitas) VALUES (41, 'SKU00156', 2);
INSERT INTO BarangKeranjang (id_keranjang, sku, kuantitas) VALUES (41, 'SKU00152', 1);
INSERT INTO BarangKeranjang (id_keranjang, sku, kuantitas) VALUES (41, 'SKU00101', 2);
INSERT INTO BarangKeranjang (id_keranjang, sku, kuantitas) VALUES (42, 'SKU00065', 2);
INSERT INTO BarangKeranjang (id_keranjang, sku, kuantitas) VALUES (42, 'SKU00023', 2);
INSERT INTO BarangKeranjang (id_keranjang, sku, kuantitas) VALUES (42, 'SKU00200', 3);
INSERT INTO BarangKeranjang (id_keranjang, sku, kuantitas) VALUES (42, 'SKU00001', 1);
INSERT INTO BarangKeranjang (id_keranjang, sku, kuantitas) VALUES (43, 'SKU00012', 3);
INSERT INTO BarangKeranjang (id_keranjang, sku, kuantitas) VALUES (43, 'SKU00161', 1);
INSERT INTO BarangKeranjang (id_keranjang, sku, kuantitas) VALUES (43, 'SKU00139', 1);
INSERT INTO BarangKeranjang (id_keranjang, sku, kuantitas) VALUES (43, 'SKU00158', 3);
INSERT INTO BarangKeranjang (id_keranjang, sku, kuantitas) VALUES (43, 'SKU00072', 1);
INSERT INTO BarangKeranjang (id_keranjang, sku, kuantitas) VALUES (45, 'SKU00018', 2);
INSERT INTO BarangKeranjang (id_keranjang, sku, kuantitas) VALUES (45, 'SKU00165', 3);
INSERT INTO BarangKeranjang (id_keranjang, sku, kuantitas) VALUES (45, 'SKU00090', 3);

-- Pesanan
INSERT INTO Pesanan (id_pesanan, id_pembeli, metode_pembayaran, metode_pengiriman, catatan, status_pesanan, waktu_pemesanan) VALUES (1, 1, 'GoPay', 'Anteraja Regular', 'Veritatis provident nobis quis assumenda recusandae nemo.', 'Dibatalkan', '2025-04-24 20:56:19');
INSERT INTO Pesanan (id_pesanan, id_pembeli, metode_pembayaran, metode_pengiriman, catatan, status_pesanan, waktu_pemesanan) VALUES (2, 1, 'Kartu Kredit Visa', 'Grab SameDay', 'Occaecati impedit hic cupiditate nam deleniti.', 'Dibatalkan', '2025-04-24 14:05:19');
INSERT INTO Pesanan (id_pesanan, id_pembeli, metode_pembayaran, metode_pengiriman, catatan, status_pesanan, waktu_pemesanan) VALUES (3, 1, 'Kartu Kredit Visa', 'Gojek Instant', NULL, 'Dikirim', '2025-05-03 09:27:19');
INSERT INTO Pesanan (id_pesanan, id_pembeli, metode_pembayaran, metode_pengiriman, catatan, status_pesanan, waktu_pemesanan) VALUES (4, 2, 'Kartu Kredit Visa', 'Anteraja Regular', NULL, 'Selesai', '2025-03-12 03:39:19');
INSERT INTO Pesanan (id_pesanan, id_pembeli, metode_pembayaran, metode_pengiriman, catatan, status_pesanan, waktu_pemesanan) VALUES (5, 2, 'Kartu Kredit Visa', 'Gojek Instant', 'Consequatur omnis in numquam sapiente saepe aliquid maiores eveniet nesciunt ut iusto possimus.', 'Menunggu Pembayaran', '2025-03-24 19:00:19');
INSERT INTO Pesanan (id_pesanan, id_pembeli, metode_pembayaran, metode_pengiriman, catatan, status_pesanan, waktu_pemesanan) VALUES (6, 3, 'Kartu Kredit Visa', 'Sicepat BEST', NULL, 'Pending', '2025-03-18 06:44:19');
INSERT INTO Pesanan (id_pesanan, id_pembeli, metode_pembayaran, metode_pengiriman, catatan, status_pesanan, waktu_pemesanan) VALUES (7, 3, 'Alfamart', 'JNE REG', NULL, 'Pending', '2025-04-06 00:48:19');
INSERT INTO Pesanan (id_pesanan, id_pembeli, metode_pembayaran, metode_pengiriman, catatan, status_pesanan, waktu_pemesanan) VALUES (8, 7, 'GoPay', 'Anteraja Regular', NULL, 'Menunggu Pembayaran', '2025-04-16 17:16:19');
INSERT INTO Pesanan (id_pesanan, id_pembeli, metode_pembayaran, metode_pengiriman, catatan, status_pesanan, waktu_pemesanan) VALUES (9, 7, 'Alfamart', 'Gojek Instant', NULL, 'Dibatalkan', '2025-05-02 17:38:19');
INSERT INTO Pesanan (id_pesanan, id_pembeli, metode_pembayaran, metode_pengiriman, catatan, status_pesanan, waktu_pemesanan) VALUES (10, 10, 'Alfamart', 'Sicepat HALU', NULL, 'Menunggu Pembayaran', '2025-03-11 10:53:19');
INSERT INTO Pesanan (id_pesanan, id_pembeli, metode_pembayaran, metode_pengiriman, catatan, status_pesanan, waktu_pemesanan) VALUES (11, 11, 'Transfer Bank Mandiri', 'Grab SameDay', NULL, 'Menunggu Pembayaran', '2025-02-27 20:13:19');
INSERT INTO Pesanan (id_pesanan, id_pembeli, metode_pembayaran, metode_pengiriman, catatan, status_pesanan, waktu_pemesanan) VALUES (12, 11, 'Kartu Kredit Visa', 'Grab SameDay', NULL, 'Selesai', '2025-03-17 01:50:19');
INSERT INTO Pesanan (id_pesanan, id_pembeli, metode_pembayaran, metode_pengiriman, catatan, status_pesanan, waktu_pemesanan) VALUES (13, 12, 'GoPay', 'Grab SameDay', 'Ipsam provident amet vel omnis nostrum numquam maiores earum tempore eum.', 'Menunggu Pembayaran', '2025-04-19 21:52:19');
INSERT INTO Pesanan (id_pesanan, id_pembeli, metode_pembayaran, metode_pengiriman, catatan, status_pesanan, waktu_pemesanan) VALUES (14, 13, 'Transfer Bank BCA', 'Sicepat HALU', NULL, 'Selesai', '2025-02-27 03:39:19');
INSERT INTO Pesanan (id_pesanan, id_pembeli, metode_pembayaran, metode_pengiriman, catatan, status_pesanan, waktu_pemesanan) VALUES (15, 13, 'Dana', 'Sicepat HALU', 'Pariatur quae magnam nulla dignissimos molestias iusto praesentium fuga at ex.', 'Pending', '2025-04-17 12:13:19');
INSERT INTO Pesanan (id_pesanan, id_pembeli, metode_pembayaran, metode_pengiriman, catatan, status_pesanan, waktu_pemesanan) VALUES (16, 13, 'Transfer Bank Mandiri', 'Sicepat BEST', NULL, 'Dikirim', '2025-04-03 03:01:19');
INSERT INTO Pesanan (id_pesanan, id_pembeli, metode_pembayaran, metode_pengiriman, catatan, status_pesanan, waktu_pemesanan) VALUES (17, 14, 'Dana', 'Sicepat HALU', NULL, 'Menunggu Pembayaran', '2025-03-03 17:27:19');
INSERT INTO Pesanan (id_pesanan, id_pembeli, metode_pembayaran, metode_pengiriman, catatan, status_pesanan, waktu_pemesanan) VALUES (18, 14, 'Kartu Kredit Visa', 'JNE YES', NULL, 'Dibatalkan', '2025-04-26 01:04:19');
INSERT INTO Pesanan (id_pesanan, id_pembeli, metode_pembayaran, metode_pengiriman, catatan, status_pesanan, waktu_pemesanan) VALUES (19, 16, 'Kartu Kredit Visa', 'Grab SameDay', NULL, 'Pending', '2025-02-21 17:58:19');
INSERT INTO Pesanan (id_pesanan, id_pembeli, metode_pembayaran, metode_pengiriman, catatan, status_pesanan, waktu_pemesanan) VALUES (20, 16, 'Alfamart', 'JNE YES', NULL, 'Dibatalkan', '2025-04-30 14:28:19');
INSERT INTO Pesanan (id_pesanan, id_pembeli, metode_pembayaran, metode_pengiriman, catatan, status_pesanan, waktu_pemesanan) VALUES (21, 18, 'COD', 'J&T Express', 'Animi nemo tempore accusamus quia vitae voluptas.', 'Diproses', '2025-03-30 19:31:19');
INSERT INTO Pesanan (id_pesanan, id_pembeli, metode_pembayaran, metode_pengiriman, catatan, status_pesanan, waktu_pemesanan) VALUES (22, 19, 'Alfamart', 'Gojek Instant', NULL, 'Pending', '2025-03-09 06:41:19');
INSERT INTO Pesanan (id_pesanan, id_pembeli, metode_pembayaran, metode_pengiriman, catatan, status_pesanan, waktu_pemesanan) VALUES (23, 20, 'Alfamart', 'Grab SameDay', 'Quas modi necessitatibus recusandae eos ipsam velit quibusdam.', 'Diproses', '2025-03-06 11:03:19');
INSERT INTO Pesanan (id_pesanan, id_pembeli, metode_pembayaran, metode_pengiriman, catatan, status_pesanan, waktu_pemesanan) VALUES (24, 22, 'Dana', 'JNE YES', NULL, 'Menunggu Pembayaran', '2025-04-07 14:14:19');
INSERT INTO Pesanan (id_pesanan, id_pembeli, metode_pembayaran, metode_pengiriman, catatan, status_pesanan, waktu_pemesanan) VALUES (25, 22, 'Kartu Kredit Visa', 'JNE YES', 'Non ipsum atque adipisci fuga minima architecto asperiores commodi optio odio eligendi.', 'Diproses', '2025-04-02 04:32:19');
INSERT INTO Pesanan (id_pesanan, id_pembeli, metode_pembayaran, metode_pengiriman, catatan, status_pesanan, waktu_pemesanan) VALUES (26, 22, 'OVO', 'Anteraja Regular', 'Placeat magnam iusto error corrupti nostrum blanditiis dolorem.', 'Selesai', '2025-03-22 12:40:19');
INSERT INTO Pesanan (id_pesanan, id_pembeli, metode_pembayaran, metode_pengiriman, catatan, status_pesanan, waktu_pemesanan) VALUES (27, 23, 'Kartu Kredit Visa', 'Gojek Instant', NULL, 'Selesai', '2025-04-17 14:43:19');
INSERT INTO Pesanan (id_pesanan, id_pembeli, metode_pembayaran, metode_pengiriman, catatan, status_pesanan, waktu_pemesanan) VALUES (28, 23, 'Alfamart', 'JNE YES', NULL, 'Pending', '2025-04-29 03:08:19');
INSERT INTO Pesanan (id_pesanan, id_pembeli, metode_pembayaran, metode_pengiriman, catatan, status_pesanan, waktu_pemesanan) VALUES (29, 24, 'Kartu Kredit Visa', 'JNE REG', 'Labore alias harum dicta eum iure voluptates officiis quae natus laborum illum ipsa.', 'Pending', '2025-03-22 04:35:19');
INSERT INTO Pesanan (id_pesanan, id_pembeli, metode_pembayaran, metode_pengiriman, catatan, status_pesanan, waktu_pemesanan) VALUES (30, 25, 'Kartu Kredit Visa', 'Sicepat HALU', 'Numquam dolores doloremque veritatis voluptate totam.', 'Dikirim', '2025-02-24 00:28:19');
INSERT INTO Pesanan (id_pesanan, id_pembeli, metode_pembayaran, metode_pengiriman, catatan, status_pesanan, waktu_pemesanan) VALUES (31, 25, 'Transfer Bank Mandiri', 'JNE YES', NULL, 'Dikirim', '2025-04-14 23:27:19');
INSERT INTO Pesanan (id_pesanan, id_pembeli, metode_pembayaran, metode_pengiriman, catatan, status_pesanan, waktu_pemesanan) VALUES (32, 25, 'OVO', 'Grab SameDay', 'Dolore quo assumenda explicabo deserunt est maiores esse officia.', 'Selesai', '2025-02-24 20:36:19');
INSERT INTO Pesanan (id_pesanan, id_pembeli, metode_pembayaran, metode_pengiriman, catatan, status_pesanan, waktu_pemesanan) VALUES (33, 26, 'Dana', 'Sicepat BEST', 'Modi reprehenderit accusamus non dignissimos animi.', 'Diproses', '2025-04-13 20:04:19');
INSERT INTO Pesanan (id_pesanan, id_pembeli, metode_pembayaran, metode_pengiriman, catatan, status_pesanan, waktu_pemesanan) VALUES (34, 26, 'Transfer Bank BCA', 'Grab SameDay', 'Cumque excepturi libero debitis laboriosam inventore ratione cum quos officia nisi recusandae.', 'Diproses', '2025-04-06 19:53:19');
INSERT INTO Pesanan (id_pesanan, id_pembeli, metode_pembayaran, metode_pengiriman, catatan, status_pesanan, waktu_pemesanan) VALUES (35, 27, 'Alfamart', 'Anteraja Regular', NULL, 'Menunggu Pembayaran', '2025-04-15 11:08:19');
INSERT INTO Pesanan (id_pesanan, id_pembeli, metode_pembayaran, metode_pengiriman, catatan, status_pesanan, waktu_pemesanan) VALUES (36, 27, 'COD', 'Anteraja Regular', NULL, 'Diproses', '2025-02-20 06:09:19');
INSERT INTO Pesanan (id_pesanan, id_pembeli, metode_pembayaran, metode_pengiriman, catatan, status_pesanan, waktu_pemesanan) VALUES (37, 28, 'Dana', 'Anteraja Regular', 'Commodi doloremque doloribus atque harum magnam sapiente aliquid quia dolorum sapiente.', 'Selesai', '2025-03-01 18:02:19');
INSERT INTO Pesanan (id_pesanan, id_pembeli, metode_pembayaran, metode_pengiriman, catatan, status_pesanan, waktu_pemesanan) VALUES (38, 29, 'OVO', 'Grab SameDay', NULL, 'Selesai', '2025-03-30 04:46:19');
INSERT INTO Pesanan (id_pesanan, id_pembeli, metode_pembayaran, metode_pengiriman, catatan, status_pesanan, waktu_pemesanan) VALUES (39, 30, 'GoPay', 'JNE REG', NULL, 'Dibatalkan', '2025-04-24 06:11:19');
INSERT INTO Pesanan (id_pesanan, id_pembeli, metode_pembayaran, metode_pengiriman, catatan, status_pesanan, waktu_pemesanan) VALUES (40, 33, 'Alfamart', 'Anteraja Regular', 'Soluta doloremque aut error officiis maiores pariatur saepe sed sequi.', 'Dikirim', '2025-05-15 16:57:19');
INSERT INTO Pesanan (id_pesanan, id_pembeli, metode_pembayaran, metode_pengiriman, catatan, status_pesanan, waktu_pemesanan) VALUES (41, 33, 'Transfer Bank Mandiri', 'Gojek Instant', 'Maiores id quod voluptate impedit inventore enim vitae ipsam corrupti veritatis praesentium.', 'Diproses', '2025-05-07 18:44:19');
INSERT INTO Pesanan (id_pesanan, id_pembeli, metode_pembayaran, metode_pengiriman, catatan, status_pesanan, waktu_pemesanan) VALUES (42, 33, 'COD', 'JNE YES', 'Officia dolorem explicabo sed debitis autem.', 'Selesai', '2025-03-01 13:24:19');
INSERT INTO Pesanan (id_pesanan, id_pembeli, metode_pembayaran, metode_pengiriman, catatan, status_pesanan, waktu_pemesanan) VALUES (43, 34, 'Transfer Bank Mandiri', 'J&T Express', NULL, 'Pending', '2025-03-17 02:51:19');
INSERT INTO Pesanan (id_pesanan, id_pembeli, metode_pembayaran, metode_pengiriman, catatan, status_pesanan, waktu_pemesanan) VALUES (44, 35, 'Kartu Kredit Visa', 'JNE YES', NULL, 'Pending', '2025-05-01 15:40:19');
INSERT INTO Pesanan (id_pesanan, id_pembeli, metode_pembayaran, metode_pengiriman, catatan, status_pesanan, waktu_pemesanan) VALUES (45, 36, 'OVO', 'J&T Express', NULL, 'Dikirim', '2025-03-04 05:19:19');
INSERT INTO Pesanan (id_pesanan, id_pembeli, metode_pembayaran, metode_pengiriman, catatan, status_pesanan, waktu_pemesanan) VALUES (46, 38, 'Transfer Bank BCA', 'JNE YES', NULL, 'Menunggu Pembayaran', '2025-04-26 04:28:19');
INSERT INTO Pesanan (id_pesanan, id_pembeli, metode_pembayaran, metode_pengiriman, catatan, status_pesanan, waktu_pemesanan) VALUES (47, 41, 'Alfamart', 'Anteraja Regular', NULL, 'Dibatalkan', '2025-03-19 15:06:19');
INSERT INTO Pesanan (id_pesanan, id_pembeli, metode_pembayaran, metode_pengiriman, catatan, status_pesanan, waktu_pemesanan) VALUES (48, 41, 'Dana', 'J&T Express', 'Repellendus ipsam voluptas dignissimos sit nam voluptatem aut atque nesciunt esse amet.', 'Dikirim', '2025-03-02 06:54:19');
INSERT INTO Pesanan (id_pesanan, id_pembeli, metode_pembayaran, metode_pengiriman, catatan, status_pesanan, waktu_pemesanan) VALUES (49, 41, 'Kartu Kredit Visa', 'Gojek Instant', NULL, 'Dibatalkan', '2025-05-10 00:21:19');
INSERT INTO Pesanan (id_pesanan, id_pembeli, metode_pembayaran, metode_pengiriman, catatan, status_pesanan, waktu_pemesanan) VALUES (50, 42, 'Dana', 'Grab SameDay', NULL, 'Dikirim', '2025-04-07 12:41:19');
INSERT INTO Pesanan (id_pesanan, id_pembeli, metode_pembayaran, metode_pengiriman, catatan, status_pesanan, waktu_pemesanan) VALUES (51, 43, 'Kartu Kredit Visa', 'Sicepat BEST', NULL, 'Dibatalkan', '2025-05-10 02:11:19');
INSERT INTO Pesanan (id_pesanan, id_pembeli, metode_pembayaran, metode_pengiriman, catatan, status_pesanan, waktu_pemesanan) VALUES (52, 43, 'COD', 'J&T Express', NULL, 'Dikirim', '2025-02-20 14:59:19');
INSERT INTO Pesanan (id_pesanan, id_pembeli, metode_pembayaran, metode_pengiriman, catatan, status_pesanan, waktu_pemesanan) VALUES (53, 44, 'Alfamart', 'J&T Express', NULL, 'Menunggu Pembayaran', '2025-03-10 06:52:19');
INSERT INTO Pesanan (id_pesanan, id_pembeli, metode_pembayaran, metode_pengiriman, catatan, status_pesanan, waktu_pemesanan) VALUES (54, 44, 'Transfer Bank Mandiri', 'Gojek Instant', NULL, 'Diproses', '2025-04-17 00:10:19');
INSERT INTO Pesanan (id_pesanan, id_pembeli, metode_pembayaran, metode_pengiriman, catatan, status_pesanan, waktu_pemesanan) VALUES (55, 45, 'Transfer Bank BCA', 'Grab SameDay', NULL, 'Dikirim', '2025-04-04 12:46:19');

-- BarangPesanan
INSERT INTO BarangPesanan (id_pesanan, sku, kuantitas) VALUES (1, 'SKU00080', 2);
INSERT INTO BarangPesanan (id_pesanan, sku, kuantitas) VALUES (1, 'SKU00120', 1);
INSERT INTO BarangPesanan (id_pesanan, sku, kuantitas) VALUES (1, 'SKU00126', 1);
INSERT INTO BarangPesanan (id_pesanan, sku, kuantitas) VALUES (1, 'SKU00009', 2);
INSERT INTO BarangPesanan (id_pesanan, sku, kuantitas) VALUES (2, 'SKU00076', 1);
INSERT INTO BarangPesanan (id_pesanan, sku, kuantitas) VALUES (2, 'SKU00097', 2);
INSERT INTO BarangPesanan (id_pesanan, sku, kuantitas) VALUES (2, 'SKU00122', 1);
INSERT INTO BarangPesanan (id_pesanan, sku, kuantitas) VALUES (2, 'SKU00186', 2);
INSERT INTO BarangPesanan (id_pesanan, sku, kuantitas) VALUES (3, 'SKU00198', 1);
INSERT INTO BarangPesanan (id_pesanan, sku, kuantitas) VALUES (3, 'SKU00162', 1);
INSERT INTO BarangPesanan (id_pesanan, sku, kuantitas) VALUES (4, 'SKU00078', 1);
INSERT INTO BarangPesanan (id_pesanan, sku, kuantitas) VALUES (4, 'SKU00167', 2);
INSERT INTO BarangPesanan (id_pesanan, sku, kuantitas) VALUES (4, 'SKU00106', 1);
INSERT INTO BarangPesanan (id_pesanan, sku, kuantitas) VALUES (4, 'SKU00109', 2);
INSERT INTO BarangPesanan (id_pesanan, sku, kuantitas) VALUES (5, 'SKU00063', 2);
INSERT INTO BarangPesanan (id_pesanan, sku, kuantitas) VALUES (5, 'SKU00041', 2);
INSERT INTO BarangPesanan (id_pesanan, sku, kuantitas) VALUES (5, 'SKU00205', 1);
INSERT INTO BarangPesanan (id_pesanan, sku, kuantitas) VALUES (5, 'SKU00105', 1);
INSERT INTO BarangPesanan (id_pesanan, sku, kuantitas) VALUES (6, 'SKU00101', 1);
INSERT INTO BarangPesanan (id_pesanan, sku, kuantitas) VALUES (6, 'SKU00167', 1);
INSERT INTO BarangPesanan (id_pesanan, sku, kuantitas) VALUES (7, 'SKU00004', 2);
INSERT INTO BarangPesanan (id_pesanan, sku, kuantitas) VALUES (8, 'SKU00110', 2);
INSERT INTO BarangPesanan (id_pesanan, sku, kuantitas) VALUES (8, 'SKU00032', 2);
INSERT INTO BarangPesanan (id_pesanan, sku, kuantitas) VALUES (8, 'SKU00200', 2);
INSERT INTO BarangPesanan (id_pesanan, sku, kuantitas) VALUES (8, 'SKU00179', 1);
INSERT INTO BarangPesanan (id_pesanan, sku, kuantitas) VALUES (9, 'SKU00171', 1);
INSERT INTO BarangPesanan (id_pesanan, sku, kuantitas) VALUES (9, 'SKU00017', 1);
INSERT INTO BarangPesanan (id_pesanan, sku, kuantitas) VALUES (10, 'SKU00115', 2);
INSERT INTO BarangPesanan (id_pesanan, sku, kuantitas) VALUES (10, 'SKU00203', 2);
INSERT INTO BarangPesanan (id_pesanan, sku, kuantitas) VALUES (10, 'SKU00143', 1);
INSERT INTO BarangPesanan (id_pesanan, sku, kuantitas) VALUES (11, 'SKU00168', 2);
INSERT INTO BarangPesanan (id_pesanan, sku, kuantitas) VALUES (11, 'SKU00036', 2);
INSERT INTO BarangPesanan (id_pesanan, sku, kuantitas) VALUES (12, 'SKU00131', 1);
INSERT INTO BarangPesanan (id_pesanan, sku, kuantitas) VALUES (12, 'SKU00013', 2);
INSERT INTO BarangPesanan (id_pesanan, sku, kuantitas) VALUES (12, 'SKU00061', 1);
INSERT INTO BarangPesanan (id_pesanan, sku, kuantitas) VALUES (12, 'SKU00079', 2);
INSERT INTO BarangPesanan (id_pesanan, sku, kuantitas) VALUES (13, 'SKU00060', 2);
INSERT INTO BarangPesanan (id_pesanan, sku, kuantitas) VALUES (13, 'SKU00098', 2);
INSERT INTO BarangPesanan (id_pesanan, sku, kuantitas) VALUES (13, 'SKU00043', 2);
INSERT INTO BarangPesanan (id_pesanan, sku, kuantitas) VALUES (14, 'SKU00038', 1);
INSERT INTO BarangPesanan (id_pesanan, sku, kuantitas) VALUES (14, 'SKU00013', 2);
INSERT INTO BarangPesanan (id_pesanan, sku, kuantitas) VALUES (14, 'SKU00036', 2);
INSERT INTO BarangPesanan (id_pesanan, sku, kuantitas) VALUES (15, 'SKU00051', 1);
INSERT INTO BarangPesanan (id_pesanan, sku, kuantitas) VALUES (15, 'SKU00168', 2);
INSERT INTO BarangPesanan (id_pesanan, sku, kuantitas) VALUES (15, 'SKU00033', 1);
INSERT INTO BarangPesanan (id_pesanan, sku, kuantitas) VALUES (16, 'SKU00117', 1);
INSERT INTO BarangPesanan (id_pesanan, sku, kuantitas) VALUES (17, 'SKU00029', 2);
INSERT INTO BarangPesanan (id_pesanan, sku, kuantitas) VALUES (17, 'SKU00019', 2);
INSERT INTO BarangPesanan (id_pesanan, sku, kuantitas) VALUES (17, 'SKU00046', 2);
INSERT INTO BarangPesanan (id_pesanan, sku, kuantitas) VALUES (18, 'SKU00018', 1);
INSERT INTO BarangPesanan (id_pesanan, sku, kuantitas) VALUES (18, 'SKU00200', 1);
INSERT INTO BarangPesanan (id_pesanan, sku, kuantitas) VALUES (19, 'SKU00025', 2);
INSERT INTO BarangPesanan (id_pesanan, sku, kuantitas) VALUES (19, 'SKU00063', 2);
INSERT INTO BarangPesanan (id_pesanan, sku, kuantitas) VALUES (19, 'SKU00116', 1);
INSERT INTO BarangPesanan (id_pesanan, sku, kuantitas) VALUES (20, 'SKU00013', 2);
INSERT INTO BarangPesanan (id_pesanan, sku, kuantitas) VALUES (20, 'SKU00162', 2);
INSERT INTO BarangPesanan (id_pesanan, sku, kuantitas) VALUES (20, 'SKU00185', 2);
INSERT INTO BarangPesanan (id_pesanan, sku, kuantitas) VALUES (21, 'SKU00178', 1);
INSERT INTO BarangPesanan (id_pesanan, sku, kuantitas) VALUES (22, 'SKU00161', 2);
INSERT INTO BarangPesanan (id_pesanan, sku, kuantitas) VALUES (22, 'SKU00100', 2);
INSERT INTO BarangPesanan (id_pesanan, sku, kuantitas) VALUES (23, 'SKU00075', 2);
INSERT INTO BarangPesanan (id_pesanan, sku, kuantitas) VALUES (23, 'SKU00149', 2);
INSERT INTO BarangPesanan (id_pesanan, sku, kuantitas) VALUES (23, 'SKU00102', 2);
INSERT INTO BarangPesanan (id_pesanan, sku, kuantitas) VALUES (23, 'SKU00194', 1);
INSERT INTO BarangPesanan (id_pesanan, sku, kuantitas) VALUES (24, 'SKU00177', 1);
INSERT INTO BarangPesanan (id_pesanan, sku, kuantitas) VALUES (25, 'SKU00029', 2);
INSERT INTO BarangPesanan (id_pesanan, sku, kuantitas) VALUES (25, 'SKU00008', 2);
INSERT INTO BarangPesanan (id_pesanan, sku, kuantitas) VALUES (26, 'SKU00098', 2);
INSERT INTO BarangPesanan (id_pesanan, sku, kuantitas) VALUES (26, 'SKU00037', 1);
INSERT INTO BarangPesanan (id_pesanan, sku, kuantitas) VALUES (27, 'SKU00202', 1);
INSERT INTO BarangPesanan (id_pesanan, sku, kuantitas) VALUES (27, 'SKU00136', 1);
INSERT INTO BarangPesanan (id_pesanan, sku, kuantitas) VALUES (27, 'SKU00156', 1);
INSERT INTO BarangPesanan (id_pesanan, sku, kuantitas) VALUES (27, 'SKU00175', 1);
INSERT INTO BarangPesanan (id_pesanan, sku, kuantitas) VALUES (28, 'SKU00047', 1);
INSERT INTO BarangPesanan (id_pesanan, sku, kuantitas) VALUES (28, 'SKU00171', 2);
INSERT INTO BarangPesanan (id_pesanan, sku, kuantitas) VALUES (29, 'SKU00113', 1);
INSERT INTO BarangPesanan (id_pesanan, sku, kuantitas) VALUES (30, 'SKU00124', 2);
INSERT INTO BarangPesanan (id_pesanan, sku, kuantitas) VALUES (30, 'SKU00088', 2);
INSERT INTO BarangPesanan (id_pesanan, sku, kuantitas) VALUES (30, 'SKU00010', 1);
INSERT INTO BarangPesanan (id_pesanan, sku, kuantitas) VALUES (31, 'SKU00063', 2);
INSERT INTO BarangPesanan (id_pesanan, sku, kuantitas) VALUES (31, 'SKU00081', 1);
INSERT INTO BarangPesanan (id_pesanan, sku, kuantitas) VALUES (31, 'SKU00203', 1);
INSERT INTO BarangPesanan (id_pesanan, sku, kuantitas) VALUES (31, 'SKU00048', 1);
INSERT INTO BarangPesanan (id_pesanan, sku, kuantitas) VALUES (32, 'SKU00048', 2);
INSERT INTO BarangPesanan (id_pesanan, sku, kuantitas) VALUES (32, 'SKU00098', 1);
INSERT INTO BarangPesanan (id_pesanan, sku, kuantitas) VALUES (32, 'SKU00014', 1);
INSERT INTO BarangPesanan (id_pesanan, sku, kuantitas) VALUES (33, 'SKU00028', 2);
INSERT INTO BarangPesanan (id_pesanan, sku, kuantitas) VALUES (33, 'SKU00098', 2);
INSERT INTO BarangPesanan (id_pesanan, sku, kuantitas) VALUES (33, 'SKU00072', 2);
INSERT INTO BarangPesanan (id_pesanan, sku, kuantitas) VALUES (33, 'SKU00152', 1);
INSERT INTO BarangPesanan (id_pesanan, sku, kuantitas) VALUES (34, 'SKU00205', 1);
INSERT INTO BarangPesanan (id_pesanan, sku, kuantitas) VALUES (34, 'SKU00186', 1);
INSERT INTO BarangPesanan (id_pesanan, sku, kuantitas) VALUES (34, 'SKU00193', 1);
INSERT INTO BarangPesanan (id_pesanan, sku, kuantitas) VALUES (35, 'SKU00081', 1);
INSERT INTO BarangPesanan (id_pesanan, sku, kuantitas) VALUES (35, 'SKU00184', 1);
INSERT INTO BarangPesanan (id_pesanan, sku, kuantitas) VALUES (35, 'SKU00075', 1);
INSERT INTO BarangPesanan (id_pesanan, sku, kuantitas) VALUES (35, 'SKU00097', 1);
INSERT INTO BarangPesanan (id_pesanan, sku, kuantitas) VALUES (36, 'SKU00141', 1);
INSERT INTO BarangPesanan (id_pesanan, sku, kuantitas) VALUES (37, 'SKU00173', 1);
INSERT INTO BarangPesanan (id_pesanan, sku, kuantitas) VALUES (38, 'SKU00074', 1);
INSERT INTO BarangPesanan (id_pesanan, sku, kuantitas) VALUES (38, 'SKU00126', 2);
INSERT INTO BarangPesanan (id_pesanan, sku, kuantitas) VALUES (39, 'SKU00193', 2);
INSERT INTO BarangPesanan (id_pesanan, sku, kuantitas) VALUES (39, 'SKU00204', 2);
INSERT INTO BarangPesanan (id_pesanan, sku, kuantitas) VALUES (39, 'SKU00179', 2);
INSERT INTO BarangPesanan (id_pesanan, sku, kuantitas) VALUES (40, 'SKU00169', 1);
INSERT INTO BarangPesanan (id_pesanan, sku, kuantitas) VALUES (40, 'SKU00028', 1);
INSERT INTO BarangPesanan (id_pesanan, sku, kuantitas) VALUES (40, 'SKU00079', 1);
INSERT INTO BarangPesanan (id_pesanan, sku, kuantitas) VALUES (41, 'SKU00063', 2);
INSERT INTO BarangPesanan (id_pesanan, sku, kuantitas) VALUES (41, 'SKU00169', 2);
INSERT INTO BarangPesanan (id_pesanan, sku, kuantitas) VALUES (42, 'SKU00142', 2);
INSERT INTO BarangPesanan (id_pesanan, sku, kuantitas) VALUES (43, 'SKU00080', 1);
INSERT INTO BarangPesanan (id_pesanan, sku, kuantitas) VALUES (43, 'SKU00101', 1);
INSERT INTO BarangPesanan (id_pesanan, sku, kuantitas) VALUES (44, 'SKU00186', 2);
INSERT INTO BarangPesanan (id_pesanan, sku, kuantitas) VALUES (45, 'SKU00006', 1);
INSERT INTO BarangPesanan (id_pesanan, sku, kuantitas) VALUES (45, 'SKU00178', 1);
INSERT INTO BarangPesanan (id_pesanan, sku, kuantitas) VALUES (45, 'SKU00058', 1);
INSERT INTO BarangPesanan (id_pesanan, sku, kuantitas) VALUES (45, 'SKU00004', 2);
INSERT INTO BarangPesanan (id_pesanan, sku, kuantitas) VALUES (46, 'SKU00133', 2);
INSERT INTO BarangPesanan (id_pesanan, sku, kuantitas) VALUES (46, 'SKU00009', 1);
INSERT INTO BarangPesanan (id_pesanan, sku, kuantitas) VALUES (47, 'SKU00072', 2);
INSERT INTO BarangPesanan (id_pesanan, sku, kuantitas) VALUES (48, 'SKU00179', 2);
INSERT INTO BarangPesanan (id_pesanan, sku, kuantitas) VALUES (49, 'SKU00040', 2);
INSERT INTO BarangPesanan (id_pesanan, sku, kuantitas) VALUES (50, 'SKU00099', 2);
INSERT INTO BarangPesanan (id_pesanan, sku, kuantitas) VALUES (50, 'SKU00020', 1);
INSERT INTO BarangPesanan (id_pesanan, sku, kuantitas) VALUES (50, 'SKU00112', 2);
INSERT INTO BarangPesanan (id_pesanan, sku, kuantitas) VALUES (51, 'SKU00045', 2);
INSERT INTO BarangPesanan (id_pesanan, sku, kuantitas) VALUES (51, 'SKU00121', 1);
INSERT INTO BarangPesanan (id_pesanan, sku, kuantitas) VALUES (51, 'SKU00008', 1);
INSERT INTO BarangPesanan (id_pesanan, sku, kuantitas) VALUES (52, 'SKU00187', 2);
INSERT INTO BarangPesanan (id_pesanan, sku, kuantitas) VALUES (52, 'SKU00126', 2);
INSERT INTO BarangPesanan (id_pesanan, sku, kuantitas) VALUES (52, 'SKU00006', 2);
INSERT INTO BarangPesanan (id_pesanan, sku, kuantitas) VALUES (53, 'SKU00015', 1);
INSERT INTO BarangPesanan (id_pesanan, sku, kuantitas) VALUES (53, 'SKU00145', 1);
INSERT INTO BarangPesanan (id_pesanan, sku, kuantitas) VALUES (54, 'SKU00156', 1);
INSERT INTO BarangPesanan (id_pesanan, sku, kuantitas) VALUES (54, 'SKU00098', 2);
INSERT INTO BarangPesanan (id_pesanan, sku, kuantitas) VALUES (54, 'SKU00124', 2);
INSERT INTO BarangPesanan (id_pesanan, sku, kuantitas) VALUES (55, 'SKU00148', 1);

-- Wishlist
INSERT IGNORE INTO Wishlist (id_pembeli, id_produk) VALUES (1, 29);
INSERT IGNORE INTO Wishlist (id_pembeli, id_produk) VALUES (1, 5);
INSERT IGNORE INTO Wishlist (id_pembeli, id_produk) VALUES (2, 15);
INSERT IGNORE INTO Wishlist (id_pembeli, id_produk) VALUES (2, 57);
INSERT IGNORE INTO Wishlist (id_pembeli, id_produk) VALUES (2, 41);
INSERT IGNORE INTO Wishlist (id_pembeli, id_produk) VALUES (2, 60);
INSERT IGNORE INTO Wishlist (id_pembeli, id_produk) VALUES (2, 37);
INSERT IGNORE INTO Wishlist (id_pembeli, id_produk) VALUES (2, 76);
INSERT IGNORE INTO Wishlist (id_pembeli, id_produk) VALUES (2, 25);
INSERT IGNORE INTO Wishlist (id_pembeli, id_produk) VALUES (2, 70);
INSERT IGNORE INTO Wishlist (id_pembeli, id_produk) VALUES (3, 75);
INSERT IGNORE INTO Wishlist (id_pembeli, id_produk) VALUES (3, 31);
INSERT IGNORE INTO Wishlist (id_pembeli, id_produk) VALUES (3, 25);
INSERT IGNORE INTO Wishlist (id_pembeli, id_produk) VALUES (3, 3);
INSERT IGNORE INTO Wishlist (id_pembeli, id_produk) VALUES (3, 16);
INSERT IGNORE INTO Wishlist (id_pembeli, id_produk) VALUES (3, 46);
INSERT IGNORE INTO Wishlist (id_pembeli, id_produk) VALUES (3, 10);
INSERT IGNORE INTO Wishlist (id_pembeli, id_produk) VALUES (3, 12);
INSERT IGNORE INTO Wishlist (id_pembeli, id_produk) VALUES (3, 21);
INSERT IGNORE INTO Wishlist (id_pembeli, id_produk) VALUES (3, 26);
INSERT IGNORE INTO Wishlist (id_pembeli, id_produk) VALUES (5, 15);
INSERT IGNORE INTO Wishlist (id_pembeli, id_produk) VALUES (5, 4);
INSERT IGNORE INTO Wishlist (id_pembeli, id_produk) VALUES (5, 72);
INSERT IGNORE INTO Wishlist (id_pembeli, id_produk) VALUES (5, 78);
INSERT IGNORE INTO Wishlist (id_pembeli, id_produk) VALUES (6, 54);
INSERT IGNORE INTO Wishlist (id_pembeli, id_produk) VALUES (6, 81);
INSERT IGNORE INTO Wishlist (id_pembeli, id_produk) VALUES (6, 34);
INSERT IGNORE INTO Wishlist (id_pembeli, id_produk) VALUES (6, 80);
INSERT IGNORE INTO Wishlist (id_pembeli, id_produk) VALUES (6, 46);
INSERT IGNORE INTO Wishlist (id_pembeli, id_produk) VALUES (8, 37);
INSERT IGNORE INTO Wishlist (id_pembeli, id_produk) VALUES (8, 50);
INSERT IGNORE INTO Wishlist (id_pembeli, id_produk) VALUES (8, 27);
INSERT IGNORE INTO Wishlist (id_pembeli, id_produk) VALUES (8, 3);
INSERT IGNORE INTO Wishlist (id_pembeli, id_produk) VALUES (10, 60);
INSERT IGNORE INTO Wishlist (id_pembeli, id_produk) VALUES (10, 24);
INSERT IGNORE INTO Wishlist (id_pembeli, id_produk) VALUES (10, 82);
INSERT IGNORE INTO Wishlist (id_pembeli, id_produk) VALUES (11, 20);
INSERT IGNORE INTO Wishlist (id_pembeli, id_produk) VALUES (11, 24);
INSERT IGNORE INTO Wishlist (id_pembeli, id_produk) VALUES (11, 61);
INSERT IGNORE INTO Wishlist (id_pembeli, id_produk) VALUES (12, 21);
INSERT IGNORE INTO Wishlist (id_pembeli, id_produk) VALUES (12, 36);
INSERT IGNORE INTO Wishlist (id_pembeli, id_produk) VALUES (12, 46);
INSERT IGNORE INTO Wishlist (id_pembeli, id_produk) VALUES (12, 75);
INSERT IGNORE INTO Wishlist (id_pembeli, id_produk) VALUES (12, 9);
INSERT IGNORE INTO Wishlist (id_pembeli, id_produk) VALUES (12, 15);
INSERT IGNORE INTO Wishlist (id_pembeli, id_produk) VALUES (12, 3);
INSERT IGNORE INTO Wishlist (id_pembeli, id_produk) VALUES (12, 66);
INSERT IGNORE INTO Wishlist (id_pembeli, id_produk) VALUES (12, 31);
INSERT IGNORE INTO Wishlist (id_pembeli, id_produk) VALUES (13, 8);
INSERT IGNORE INTO Wishlist (id_pembeli, id_produk) VALUES (13, 81);
INSERT IGNORE INTO Wishlist (id_pembeli, id_produk) VALUES (13, 25);
INSERT IGNORE INTO Wishlist (id_pembeli, id_produk) VALUES (13, 40);
INSERT IGNORE INTO Wishlist (id_pembeli, id_produk) VALUES (13, 3);
INSERT IGNORE INTO Wishlist (id_pembeli, id_produk) VALUES (13, 12);
INSERT IGNORE INTO Wishlist (id_pembeli, id_produk) VALUES (13, 72);
INSERT IGNORE INTO Wishlist (id_pembeli, id_produk) VALUES (13, 48);
INSERT IGNORE INTO Wishlist (id_pembeli, id_produk) VALUES (13, 47);
INSERT IGNORE INTO Wishlist (id_pembeli, id_produk) VALUES (14, 83);
INSERT IGNORE INTO Wishlist (id_pembeli, id_produk) VALUES (14, 84);
INSERT IGNORE INTO Wishlist (id_pembeli, id_produk) VALUES (16, 79);
INSERT IGNORE INTO Wishlist (id_pembeli, id_produk) VALUES (17, 68);
INSERT IGNORE INTO Wishlist (id_pembeli, id_produk) VALUES (17, 55);
INSERT IGNORE INTO Wishlist (id_pembeli, id_produk) VALUES (17, 19);
INSERT IGNORE INTO Wishlist (id_pembeli, id_produk) VALUES (17, 3);
INSERT IGNORE INTO Wishlist (id_pembeli, id_produk) VALUES (17, 28);
INSERT IGNORE INTO Wishlist (id_pembeli, id_produk) VALUES (17, 88);
INSERT IGNORE INTO Wishlist (id_pembeli, id_produk) VALUES (17, 53);
INSERT IGNORE INTO Wishlist (id_pembeli, id_produk) VALUES (18, 75);
INSERT IGNORE INTO Wishlist (id_pembeli, id_produk) VALUES (19, 42);
INSERT IGNORE INTO Wishlist (id_pembeli, id_produk) VALUES (19, 85);
INSERT IGNORE INTO Wishlist (id_pembeli, id_produk) VALUES (20, 25);
INSERT IGNORE INTO Wishlist (id_pembeli, id_produk) VALUES (20, 12);
INSERT IGNORE INTO Wishlist (id_pembeli, id_produk) VALUES (21, 23);
INSERT IGNORE INTO Wishlist (id_pembeli, id_produk) VALUES (21, 15);
INSERT IGNORE INTO Wishlist (id_pembeli, id_produk) VALUES (21, 58);
INSERT IGNORE INTO Wishlist (id_pembeli, id_produk) VALUES (21, 71);
INSERT IGNORE INTO Wishlist (id_pembeli, id_produk) VALUES (23, 38);
INSERT IGNORE INTO Wishlist (id_pembeli, id_produk) VALUES (25, 52);
INSERT IGNORE INTO Wishlist (id_pembeli, id_produk) VALUES (25, 54);
INSERT IGNORE INTO Wishlist (id_pembeli, id_produk) VALUES (25, 47);
INSERT IGNORE INTO Wishlist (id_pembeli, id_produk) VALUES (25, 83);
INSERT IGNORE INTO Wishlist (id_pembeli, id_produk) VALUES (25, 19);
INSERT IGNORE INTO Wishlist (id_pembeli, id_produk) VALUES (25, 84);
INSERT IGNORE INTO Wishlist (id_pembeli, id_produk) VALUES (25, 88);
INSERT IGNORE INTO Wishlist (id_pembeli, id_produk) VALUES (25, 77);
INSERT IGNORE INTO Wishlist (id_pembeli, id_produk) VALUES (25, 39);
INSERT IGNORE INTO Wishlist (id_pembeli, id_produk) VALUES (26, 27);
INSERT IGNORE INTO Wishlist (id_pembeli, id_produk) VALUES (26, 51);
INSERT IGNORE INTO Wishlist (id_pembeli, id_produk) VALUES (26, 34);
INSERT IGNORE INTO Wishlist (id_pembeli, id_produk) VALUES (26, 6);
INSERT IGNORE INTO Wishlist (id_pembeli, id_produk) VALUES (26, 74);
INSERT IGNORE INTO Wishlist (id_pembeli, id_produk) VALUES (26, 21);
INSERT IGNORE INTO Wishlist (id_pembeli, id_produk) VALUES (26, 1);
INSERT IGNORE INTO Wishlist (id_pembeli, id_produk) VALUES (26, 83);
INSERT IGNORE INTO Wishlist (id_pembeli, id_produk) VALUES (27, 84);
INSERT IGNORE INTO Wishlist (id_pembeli, id_produk) VALUES (27, 46);
INSERT IGNORE INTO Wishlist (id_pembeli, id_produk) VALUES (27, 78);
INSERT IGNORE INTO Wishlist (id_pembeli, id_produk) VALUES (27, 70);
INSERT IGNORE INTO Wishlist (id_pembeli, id_produk) VALUES (28, 67);
INSERT IGNORE INTO Wishlist (id_pembeli, id_produk) VALUES (28, 2);
INSERT IGNORE INTO Wishlist (id_pembeli, id_produk) VALUES (28, 3);
INSERT IGNORE INTO Wishlist (id_pembeli, id_produk) VALUES (29, 5);
INSERT IGNORE INTO Wishlist (id_pembeli, id_produk) VALUES (29, 41);
INSERT IGNORE INTO Wishlist (id_pembeli, id_produk) VALUES (29, 18);
INSERT IGNORE INTO Wishlist (id_pembeli, id_produk) VALUES (30, 42);
INSERT IGNORE INTO Wishlist (id_pembeli, id_produk) VALUES (30, 1);
INSERT IGNORE INTO Wishlist (id_pembeli, id_produk) VALUES (30, 84);
INSERT IGNORE INTO Wishlist (id_pembeli, id_produk) VALUES (30, 3);
INSERT IGNORE INTO Wishlist (id_pembeli, id_produk) VALUES (30, 64);
INSERT IGNORE INTO Wishlist (id_pembeli, id_produk) VALUES (30, 33);
INSERT IGNORE INTO Wishlist (id_pembeli, id_produk) VALUES (31, 17);
INSERT IGNORE INTO Wishlist (id_pembeli, id_produk) VALUES (31, 28);
INSERT IGNORE INTO Wishlist (id_pembeli, id_produk) VALUES (31, 30);
INSERT IGNORE INTO Wishlist (id_pembeli, id_produk) VALUES (32, 2);
INSERT IGNORE INTO Wishlist (id_pembeli, id_produk) VALUES (32, 29);
INSERT IGNORE INTO Wishlist (id_pembeli, id_produk) VALUES (32, 30);
INSERT IGNORE INTO Wishlist (id_pembeli, id_produk) VALUES (32, 40);
INSERT IGNORE INTO Wishlist (id_pembeli, id_produk) VALUES (32, 69);
INSERT IGNORE INTO Wishlist (id_pembeli, id_produk) VALUES (32, 71);
INSERT IGNORE INTO Wishlist (id_pembeli, id_produk) VALUES (32, 54);
INSERT IGNORE INTO Wishlist (id_pembeli, id_produk) VALUES (32, 27);
INSERT IGNORE INTO Wishlist (id_pembeli, id_produk) VALUES (32, 5);
INSERT IGNORE INTO Wishlist (id_pembeli, id_produk) VALUES (33, 69);
INSERT IGNORE INTO Wishlist (id_pembeli, id_produk) VALUES (33, 13);
INSERT IGNORE INTO Wishlist (id_pembeli, id_produk) VALUES (33, 36);
INSERT IGNORE INTO Wishlist (id_pembeli, id_produk) VALUES (34, 11);
INSERT IGNORE INTO Wishlist (id_pembeli, id_produk) VALUES (35, 88);
INSERT IGNORE INTO Wishlist (id_pembeli, id_produk) VALUES (35, 58);
INSERT IGNORE INTO Wishlist (id_pembeli, id_produk) VALUES (35, 43);
INSERT IGNORE INTO Wishlist (id_pembeli, id_produk) VALUES (35, 5);
INSERT IGNORE INTO Wishlist (id_pembeli, id_produk) VALUES (35, 41);
INSERT IGNORE INTO Wishlist (id_pembeli, id_produk) VALUES (35, 7);
INSERT IGNORE INTO Wishlist (id_pembeli, id_produk) VALUES (35, 59);
INSERT IGNORE INTO Wishlist (id_pembeli, id_produk) VALUES (36, 52);
INSERT IGNORE INTO Wishlist (id_pembeli, id_produk) VALUES (36, 57);
INSERT IGNORE INTO Wishlist (id_pembeli, id_produk) VALUES (36, 63);
INSERT IGNORE INTO Wishlist (id_pembeli, id_produk) VALUES (36, 71);
INSERT IGNORE INTO Wishlist (id_pembeli, id_produk) VALUES (37, 59);
INSERT IGNORE INTO Wishlist (id_pembeli, id_produk) VALUES (37, 53);
INSERT IGNORE INTO Wishlist (id_pembeli, id_produk) VALUES (37, 32);
INSERT IGNORE INTO Wishlist (id_pembeli, id_produk) VALUES (37, 19);
INSERT IGNORE INTO Wishlist (id_pembeli, id_produk) VALUES (37, 67);
INSERT IGNORE INTO Wishlist (id_pembeli, id_produk) VALUES (38, 26);
INSERT IGNORE INTO Wishlist (id_pembeli, id_produk) VALUES (38, 49);
INSERT IGNORE INTO Wishlist (id_pembeli, id_produk) VALUES (38, 74);
INSERT IGNORE INTO Wishlist (id_pembeli, id_produk) VALUES (38, 77);
INSERT IGNORE INTO Wishlist (id_pembeli, id_produk) VALUES (38, 51);
INSERT IGNORE INTO Wishlist (id_pembeli, id_produk) VALUES (38, 34);
INSERT IGNORE INTO Wishlist (id_pembeli, id_produk) VALUES (38, 27);
INSERT IGNORE INTO Wishlist (id_pembeli, id_produk) VALUES (40, 55);
INSERT IGNORE INTO Wishlist (id_pembeli, id_produk) VALUES (40, 2);
INSERT IGNORE INTO Wishlist (id_pembeli, id_produk) VALUES (40, 66);
INSERT IGNORE INTO Wishlist (id_pembeli, id_produk) VALUES (40, 41);
INSERT IGNORE INTO Wishlist (id_pembeli, id_produk) VALUES (40, 10);
INSERT IGNORE INTO Wishlist (id_pembeli, id_produk) VALUES (40, 79);
INSERT IGNORE INTO Wishlist (id_pembeli, id_produk) VALUES (40, 20);
INSERT IGNORE INTO Wishlist (id_pembeli, id_produk) VALUES (41, 88);
INSERT IGNORE INTO Wishlist (id_pembeli, id_produk) VALUES (41, 81);
INSERT IGNORE INTO Wishlist (id_pembeli, id_produk) VALUES (41, 60);
INSERT IGNORE INTO Wishlist (id_pembeli, id_produk) VALUES (41, 36);
INSERT IGNORE INTO Wishlist (id_pembeli, id_produk) VALUES (41, 30);
INSERT IGNORE INTO Wishlist (id_pembeli, id_produk) VALUES (41, 14);
INSERT IGNORE INTO Wishlist (id_pembeli, id_produk) VALUES (41, 58);
INSERT IGNORE INTO Wishlist (id_pembeli, id_produk) VALUES (41, 4);
INSERT IGNORE INTO Wishlist (id_pembeli, id_produk) VALUES (41, 15);
INSERT IGNORE INTO Wishlist (id_pembeli, id_produk) VALUES (41, 87);
INSERT IGNORE INTO Wishlist (id_pembeli, id_produk) VALUES (42, 83);
INSERT IGNORE INTO Wishlist (id_pembeli, id_produk) VALUES (42, 87);
INSERT IGNORE INTO Wishlist (id_pembeli, id_produk) VALUES (42, 68);
INSERT IGNORE INTO Wishlist (id_pembeli, id_produk) VALUES (44, 30);
INSERT IGNORE INTO Wishlist (id_pembeli, id_produk) VALUES (44, 42);
INSERT IGNORE INTO Wishlist (id_pembeli, id_produk) VALUES (44, 23);
INSERT IGNORE INTO Wishlist (id_pembeli, id_produk) VALUES (44, 48);
INSERT IGNORE INTO Wishlist (id_pembeli, id_produk) VALUES (44, 38);
INSERT IGNORE INTO Wishlist (id_pembeli, id_produk) VALUES (45, 11);
INSERT IGNORE INTO Wishlist (id_pembeli, id_produk) VALUES (45, 77);
INSERT IGNORE INTO Wishlist (id_pembeli, id_produk) VALUES (45, 47);

-- Ulasan

-- Teman
INSERT INTO Teman (id_diikuti, id_mengikuti) VALUES (17, 1);
INSERT INTO Teman (id_diikuti, id_mengikuti) VALUES (36, 1);
INSERT INTO Teman (id_diikuti, id_mengikuti) VALUES (61, 1);
INSERT INTO Teman (id_diikuti, id_mengikuti) VALUES (57, 1);
INSERT INTO Teman (id_diikuti, id_mengikuti) VALUES (21, 1);
INSERT INTO Teman (id_diikuti, id_mengikuti) VALUES (13, 1);
INSERT INTO Teman (id_diikuti, id_mengikuti) VALUES (52, 1);
INSERT INTO Teman (id_diikuti, id_mengikuti) VALUES (39, 1);
INSERT INTO Teman (id_diikuti, id_mengikuti) VALUES (10, 1);
INSERT INTO Teman (id_diikuti, id_mengikuti) VALUES (66, 1);
INSERT INTO Teman (id_diikuti, id_mengikuti) VALUES (41, 2);
INSERT INTO Teman (id_diikuti, id_mengikuti) VALUES (17, 2);
INSERT INTO Teman (id_diikuti, id_mengikuti) VALUES (48, 3);
INSERT INTO Teman (id_diikuti, id_mengikuti) VALUES (44, 3);
INSERT INTO Teman (id_diikuti, id_mengikuti) VALUES (32, 3);
INSERT INTO Teman (id_diikuti, id_mengikuti) VALUES (62, 3);
INSERT INTO Teman (id_diikuti, id_mengikuti) VALUES (74, 3);
INSERT INTO Teman (id_diikuti, id_mengikuti) VALUES (43, 4);
INSERT INTO Teman (id_diikuti, id_mengikuti) VALUES (50, 5);
INSERT INTO Teman (id_diikuti, id_mengikuti) VALUES (81, 5);
INSERT INTO Teman (id_diikuti, id_mengikuti) VALUES (2, 5);
INSERT INTO Teman (id_diikuti, id_mengikuti) VALUES (29, 5);
INSERT INTO Teman (id_diikuti, id_mengikuti) VALUES (12, 5);
INSERT INTO Teman (id_diikuti, id_mengikuti) VALUES (65, 5);
INSERT INTO Teman (id_diikuti, id_mengikuti) VALUES (17, 5);
INSERT INTO Teman (id_diikuti, id_mengikuti) VALUES (28, 5);
INSERT INTO Teman (id_diikuti, id_mengikuti) VALUES (32, 5);
INSERT INTO Teman (id_diikuti, id_mengikuti) VALUES (32, 6);
INSERT INTO Teman (id_diikuti, id_mengikuti) VALUES (66, 6);
INSERT INTO Teman (id_diikuti, id_mengikuti) VALUES (24, 7);
INSERT INTO Teman (id_diikuti, id_mengikuti) VALUES (3, 7);
INSERT INTO Teman (id_diikuti, id_mengikuti) VALUES (9, 8);
INSERT INTO Teman (id_diikuti, id_mengikuti) VALUES (29, 8);
INSERT INTO Teman (id_diikuti, id_mengikuti) VALUES (67, 8);
INSERT INTO Teman (id_diikuti, id_mengikuti) VALUES (32, 8);
INSERT INTO Teman (id_diikuti, id_mengikuti) VALUES (70, 8);
INSERT INTO Teman (id_diikuti, id_mengikuti) VALUES (2, 8);
INSERT INTO Teman (id_diikuti, id_mengikuti) VALUES (65, 8);
INSERT INTO Teman (id_diikuti, id_mengikuti) VALUES (14, 8);
INSERT INTO Teman (id_diikuti, id_mengikuti) VALUES (10, 9);
INSERT INTO Teman (id_diikuti, id_mengikuti) VALUES (5, 9);
INSERT INTO Teman (id_diikuti, id_mengikuti) VALUES (30, 9);
INSERT INTO Teman (id_diikuti, id_mengikuti) VALUES (40, 9);
INSERT INTO Teman (id_diikuti, id_mengikuti) VALUES (46, 9);
INSERT INTO Teman (id_diikuti, id_mengikuti) VALUES (80, 9);
INSERT INTO Teman (id_diikuti, id_mengikuti) VALUES (20, 9);
INSERT INTO Teman (id_diikuti, id_mengikuti) VALUES (27, 9);
INSERT INTO Teman (id_diikuti, id_mengikuti) VALUES (17, 9);
INSERT INTO Teman (id_diikuti, id_mengikuti) VALUES (35, 9);
INSERT INTO Teman (id_diikuti, id_mengikuti) VALUES (53, 10);
INSERT INTO Teman (id_diikuti, id_mengikuti) VALUES (76, 10);
INSERT INTO Teman (id_diikuti, id_mengikuti) VALUES (57, 10);
INSERT INTO Teman (id_diikuti, id_mengikuti) VALUES (59, 10);
INSERT INTO Teman (id_diikuti, id_mengikuti) VALUES (37, 10);
INSERT INTO Teman (id_diikuti, id_mengikuti) VALUES (15, 10);
INSERT INTO Teman (id_diikuti, id_mengikuti) VALUES (25, 10);
INSERT INTO Teman (id_diikuti, id_mengikuti) VALUES (51, 10);
INSERT INTO Teman (id_diikuti, id_mengikuti) VALUES (42, 11);
INSERT INTO Teman (id_diikuti, id_mengikuti) VALUES (54, 12);
INSERT INTO Teman (id_diikuti, id_mengikuti) VALUES (23, 12);
INSERT INTO Teman (id_diikuti, id_mengikuti) VALUES (69, 12);
INSERT INTO Teman (id_diikuti, id_mengikuti) VALUES (16, 12);
INSERT INTO Teman (id_diikuti, id_mengikuti) VALUES (82, 12);
INSERT INTO Teman (id_diikuti, id_mengikuti) VALUES (3, 12);
INSERT INTO Teman (id_diikuti, id_mengikuti) VALUES (31, 12);
INSERT INTO Teman (id_diikuti, id_mengikuti) VALUES (30, 12);
INSERT INTO Teman (id_diikuti, id_mengikuti) VALUES (71, 12);
INSERT INTO Teman (id_diikuti, id_mengikuti) VALUES (32, 13);
INSERT INTO Teman (id_diikuti, id_mengikuti) VALUES (70, 13);
INSERT INTO Teman (id_diikuti, id_mengikuti) VALUES (59, 14);
INSERT INTO Teman (id_diikuti, id_mengikuti) VALUES (76, 14);
INSERT INTO Teman (id_diikuti, id_mengikuti) VALUES (29, 14);
INSERT INTO Teman (id_diikuti, id_mengikuti) VALUES (25, 14);
INSERT INTO Teman (id_diikuti, id_mengikuti) VALUES (44, 14);
INSERT INTO Teman (id_diikuti, id_mengikuti) VALUES (39, 15);
INSERT INTO Teman (id_diikuti, id_mengikuti) VALUES (20, 15);
INSERT INTO Teman (id_diikuti, id_mengikuti) VALUES (82, 15);
INSERT INTO Teman (id_diikuti, id_mengikuti) VALUES (22, 15);
INSERT INTO Teman (id_diikuti, id_mengikuti) VALUES (69, 15);
INSERT INTO Teman (id_diikuti, id_mengikuti) VALUES (32, 15);
INSERT INTO Teman (id_diikuti, id_mengikuti) VALUES (7, 15);
INSERT INTO Teman (id_diikuti, id_mengikuti) VALUES (67, 15);
INSERT INTO Teman (id_diikuti, id_mengikuti) VALUES (45, 15);
INSERT INTO Teman (id_diikuti, id_mengikuti) VALUES (33, 15);
INSERT INTO Teman (id_diikuti, id_mengikuti) VALUES (66, 16);
INSERT INTO Teman (id_diikuti, id_mengikuti) VALUES (40, 16);
INSERT INTO Teman (id_diikuti, id_mengikuti) VALUES (15, 16);
INSERT INTO Teman (id_diikuti, id_mengikuti) VALUES (12, 16);
INSERT INTO Teman (id_diikuti, id_mengikuti) VALUES (10, 16);
INSERT INTO Teman (id_diikuti, id_mengikuti) VALUES (85, 16);
INSERT INTO Teman (id_diikuti, id_mengikuti) VALUES (14, 16);
INSERT INTO Teman (id_diikuti, id_mengikuti) VALUES (83, 17);
INSERT INTO Teman (id_diikuti, id_mengikuti) VALUES (36, 17);
INSERT INTO Teman (id_diikuti, id_mengikuti) VALUES (53, 19);
INSERT INTO Teman (id_diikuti, id_mengikuti) VALUES (68, 19);
INSERT INTO Teman (id_diikuti, id_mengikuti) VALUES (28, 19);
INSERT INTO Teman (id_diikuti, id_mengikuti) VALUES (15, 22);
INSERT INTO Teman (id_diikuti, id_mengikuti) VALUES (36, 22);
INSERT INTO Teman (id_diikuti, id_mengikuti) VALUES (54, 22);
INSERT INTO Teman (id_diikuti, id_mengikuti) VALUES (33, 22);
INSERT INTO Teman (id_diikuti, id_mengikuti) VALUES (3, 22);
INSERT INTO Teman (id_diikuti, id_mengikuti) VALUES (1, 22);
INSERT INTO Teman (id_diikuti, id_mengikuti) VALUES (17, 22);
INSERT INTO Teman (id_diikuti, id_mengikuti) VALUES (84, 22);
INSERT INTO Teman (id_diikuti, id_mengikuti) VALUES (18, 22);
INSERT INTO Teman (id_diikuti, id_mengikuti) VALUES (12, 22);
INSERT INTO Teman (id_diikuti, id_mengikuti) VALUES (77, 23);
INSERT INTO Teman (id_diikuti, id_mengikuti) VALUES (31, 23);
INSERT INTO Teman (id_diikuti, id_mengikuti) VALUES (28, 23);
INSERT INTO Teman (id_diikuti, id_mengikuti) VALUES (54, 23);
INSERT INTO Teman (id_diikuti, id_mengikuti) VALUES (51, 23);
INSERT INTO Teman (id_diikuti, id_mengikuti) VALUES (41, 23);
INSERT INTO Teman (id_diikuti, id_mengikuti) VALUES (61, 23);
INSERT INTO Teman (id_diikuti, id_mengikuti) VALUES (29, 23);
INSERT INTO Teman (id_diikuti, id_mengikuti) VALUES (60, 23);
INSERT INTO Teman (id_diikuti, id_mengikuti) VALUES (75, 23);
INSERT INTO Teman (id_diikuti, id_mengikuti) VALUES (49, 24);
INSERT INTO Teman (id_diikuti, id_mengikuti) VALUES (54, 24);
INSERT INTO Teman (id_diikuti, id_mengikuti) VALUES (71, 24);
INSERT INTO Teman (id_diikuti, id_mengikuti) VALUES (33, 24);
INSERT INTO Teman (id_diikuti, id_mengikuti) VALUES (61, 24);
INSERT INTO Teman (id_diikuti, id_mengikuti) VALUES (22, 24);
INSERT INTO Teman (id_diikuti, id_mengikuti) VALUES (25, 24);
INSERT INTO Teman (id_diikuti, id_mengikuti) VALUES (79, 24);
INSERT INTO Teman (id_diikuti, id_mengikuti) VALUES (11, 25);
INSERT INTO Teman (id_diikuti, id_mengikuti) VALUES (60, 25);
INSERT INTO Teman (id_diikuti, id_mengikuti) VALUES (71, 25);
INSERT INTO Teman (id_diikuti, id_mengikuti) VALUES (81, 25);
INSERT INTO Teman (id_diikuti, id_mengikuti) VALUES (18, 25);
INSERT INTO Teman (id_diikuti, id_mengikuti) VALUES (70, 25);
INSERT INTO Teman (id_diikuti, id_mengikuti) VALUES (67, 25);
INSERT INTO Teman (id_diikuti, id_mengikuti) VALUES (44, 25);
INSERT INTO Teman (id_diikuti, id_mengikuti) VALUES (75, 26);
INSERT INTO Teman (id_diikuti, id_mengikuti) VALUES (12, 28);
INSERT INTO Teman (id_diikuti, id_mengikuti) VALUES (15, 28);
INSERT INTO Teman (id_diikuti, id_mengikuti) VALUES (7, 28);
INSERT INTO Teman (id_diikuti, id_mengikuti) VALUES (39, 28);
INSERT INTO Teman (id_diikuti, id_mengikuti) VALUES (3, 28);
INSERT INTO Teman (id_diikuti, id_mengikuti) VALUES (78, 28);
INSERT INTO Teman (id_diikuti, id_mengikuti) VALUES (69, 28);
INSERT INTO Teman (id_diikuti, id_mengikuti) VALUES (74, 28);
INSERT INTO Teman (id_diikuti, id_mengikuti) VALUES (20, 28);
INSERT INTO Teman (id_diikuti, id_mengikuti) VALUES (8, 30);
INSERT INTO Teman (id_diikuti, id_mengikuti) VALUES (66, 30);
INSERT INTO Teman (id_diikuti, id_mengikuti) VALUES (54, 30);
INSERT INTO Teman (id_diikuti, id_mengikuti) VALUES (59, 30);
INSERT INTO Teman (id_diikuti, id_mengikuti) VALUES (26, 30);
INSERT INTO Teman (id_diikuti, id_mengikuti) VALUES (56, 30);
INSERT INTO Teman (id_diikuti, id_mengikuti) VALUES (58, 30);
INSERT INTO Teman (id_diikuti, id_mengikuti) VALUES (43, 30);
INSERT INTO Teman (id_diikuti, id_mengikuti) VALUES (12, 30);
INSERT INTO Teman (id_diikuti, id_mengikuti) VALUES (9, 30);
INSERT INTO Teman (id_diikuti, id_mengikuti) VALUES (7, 31);
INSERT INTO Teman (id_diikuti, id_mengikuti) VALUES (75, 31);
INSERT INTO Teman (id_diikuti, id_mengikuti) VALUES (69, 31);
INSERT INTO Teman (id_diikuti, id_mengikuti) VALUES (72, 31);
INSERT INTO Teman (id_diikuti, id_mengikuti) VALUES (70, 31);
INSERT INTO Teman (id_diikuti, id_mengikuti) VALUES (42, 31);
INSERT INTO Teman (id_diikuti, id_mengikuti) VALUES (46, 32);
INSERT INTO Teman (id_diikuti, id_mengikuti) VALUES (80, 32);
INSERT INTO Teman (id_diikuti, id_mengikuti) VALUES (44, 32);
INSERT INTO Teman (id_diikuti, id_mengikuti) VALUES (21, 32);
INSERT INTO Teman (id_diikuti, id_mengikuti) VALUES (69, 32);
INSERT INTO Teman (id_diikuti, id_mengikuti) VALUES (18, 32);
INSERT INTO Teman (id_diikuti, id_mengikuti) VALUES (54, 32);
INSERT INTO Teman (id_diikuti, id_mengikuti) VALUES (62, 33);
INSERT INTO Teman (id_diikuti, id_mengikuti) VALUES (1, 33);
INSERT INTO Teman (id_diikuti, id_mengikuti) VALUES (44, 34);
INSERT INTO Teman (id_diikuti, id_mengikuti) VALUES (24, 34);
INSERT INTO Teman (id_diikuti, id_mengikuti) VALUES (37, 34);
INSERT INTO Teman (id_diikuti, id_mengikuti) VALUES (64, 34);
INSERT INTO Teman (id_diikuti, id_mengikuti) VALUES (27, 34);
INSERT INTO Teman (id_diikuti, id_mengikuti) VALUES (42, 34);
INSERT INTO Teman (id_diikuti, id_mengikuti) VALUES (46, 34);
INSERT INTO Teman (id_diikuti, id_mengikuti) VALUES (71, 34);
INSERT INTO Teman (id_diikuti, id_mengikuti) VALUES (80, 34);
INSERT INTO Teman (id_diikuti, id_mengikuti) VALUES (48, 34);
INSERT INTO Teman (id_diikuti, id_mengikuti) VALUES (15, 35);
INSERT INTO Teman (id_diikuti, id_mengikuti) VALUES (38, 35);
INSERT INTO Teman (id_diikuti, id_mengikuti) VALUES (20, 35);
INSERT INTO Teman (id_diikuti, id_mengikuti) VALUES (9, 35);
INSERT INTO Teman (id_diikuti, id_mengikuti) VALUES (27, 35);
INSERT INTO Teman (id_diikuti, id_mengikuti) VALUES (57, 35);
INSERT INTO Teman (id_diikuti, id_mengikuti) VALUES (31, 35);
INSERT INTO Teman (id_diikuti, id_mengikuti) VALUES (23, 35);
INSERT INTO Teman (id_diikuti, id_mengikuti) VALUES (26, 35);
INSERT INTO Teman (id_diikuti, id_mengikuti) VALUES (32, 35);
INSERT INTO Teman (id_diikuti, id_mengikuti) VALUES (47, 36);
INSERT INTO Teman (id_diikuti, id_mengikuti) VALUES (1, 36);
INSERT INTO Teman (id_diikuti, id_mengikuti) VALUES (19, 36);
INSERT INTO Teman (id_diikuti, id_mengikuti) VALUES (78, 36);
INSERT INTO Teman (id_diikuti, id_mengikuti) VALUES (17, 36);
INSERT INTO Teman (id_diikuti, id_mengikuti) VALUES (17, 37);
INSERT INTO Teman (id_diikuti, id_mengikuti) VALUES (56, 37);
INSERT INTO Teman (id_diikuti, id_mengikuti) VALUES (48, 37);
INSERT INTO Teman (id_diikuti, id_mengikuti) VALUES (60, 37);
INSERT INTO Teman (id_diikuti, id_mengikuti) VALUES (41, 38);
INSERT INTO Teman (id_diikuti, id_mengikuti) VALUES (17, 38);
INSERT INTO Teman (id_diikuti, id_mengikuti) VALUES (24, 39);
INSERT INTO Teman (id_diikuti, id_mengikuti) VALUES (73, 39);
INSERT INTO Teman (id_diikuti, id_mengikuti) VALUES (39, 40);
INSERT INTO Teman (id_diikuti, id_mengikuti) VALUES (51, 40);
INSERT INTO Teman (id_diikuti, id_mengikuti) VALUES (67, 41);
INSERT INTO Teman (id_diikuti, id_mengikuti) VALUES (81, 41);
INSERT INTO Teman (id_diikuti, id_mengikuti) VALUES (71, 41);
INSERT INTO Teman (id_diikuti, id_mengikuti) VALUES (31, 41);
INSERT INTO Teman (id_diikuti, id_mengikuti) VALUES (68, 41);
INSERT INTO Teman (id_diikuti, id_mengikuti) VALUES (51, 41);
INSERT INTO Teman (id_diikuti, id_mengikuti) VALUES (35, 41);
INSERT INTO Teman (id_diikuti, id_mengikuti) VALUES (41, 42);
INSERT INTO Teman (id_diikuti, id_mengikuti) VALUES (9, 42);
INSERT INTO Teman (id_diikuti, id_mengikuti) VALUES (83, 42);
INSERT INTO Teman (id_diikuti, id_mengikuti) VALUES (58, 42);
INSERT INTO Teman (id_diikuti, id_mengikuti) VALUES (61, 42);
INSERT INTO Teman (id_diikuti, id_mengikuti) VALUES (12, 42);
INSERT INTO Teman (id_diikuti, id_mengikuti) VALUES (70, 42);
INSERT INTO Teman (id_diikuti, id_mengikuti) VALUES (33, 42);
INSERT INTO Teman (id_diikuti, id_mengikuti) VALUES (1, 42);
INSERT INTO Teman (id_diikuti, id_mengikuti) VALUES (31, 43);
INSERT INTO Teman (id_diikuti, id_mengikuti) VALUES (64, 43);
INSERT INTO Teman (id_diikuti, id_mengikuti) VALUES (1, 43);
INSERT INTO Teman (id_diikuti, id_mengikuti) VALUES (52, 43);
INSERT INTO Teman (id_diikuti, id_mengikuti) VALUES (77, 43);
INSERT INTO Teman (id_diikuti, id_mengikuti) VALUES (72, 43);
INSERT INTO Teman (id_diikuti, id_mengikuti) VALUES (78, 43);
INSERT INTO Teman (id_diikuti, id_mengikuti) VALUES (44, 43);
INSERT INTO Teman (id_diikuti, id_mengikuti) VALUES (38, 44);
INSERT INTO Teman (id_diikuti, id_mengikuti) VALUES (14, 44);
INSERT INTO Teman (id_diikuti, id_mengikuti) VALUES (31, 44);
INSERT INTO Teman (id_diikuti, id_mengikuti) VALUES (51, 44);
INSERT INTO Teman (id_diikuti, id_mengikuti) VALUES (40, 44);
INSERT INTO Teman (id_diikuti, id_mengikuti) VALUES (28, 44);
INSERT INTO Teman (id_diikuti, id_mengikuti) VALUES (41, 44);
INSERT INTO Teman (id_diikuti, id_mengikuti) VALUES (68, 44);
INSERT INTO Teman (id_diikuti, id_mengikuti) VALUES (8, 44);
INSERT INTO Teman (id_diikuti, id_mengikuti) VALUES (79, 44);
INSERT INTO Teman (id_diikuti, id_mengikuti) VALUES (79, 45);
INSERT INTO Teman (id_diikuti, id_mengikuti) VALUES (18, 45);
INSERT INTO Teman (id_diikuti, id_mengikuti) VALUES (33, 45);
INSERT INTO Teman (id_diikuti, id_mengikuti) VALUES (74, 45);
INSERT INTO Teman (id_diikuti, id_mengikuti) VALUES (7, 45);
INSERT INTO Teman (id_diikuti, id_mengikuti) VALUES (77, 45);
INSERT INTO Teman (id_diikuti, id_mengikuti) VALUES (68, 45);
INSERT INTO Teman (id_diikuti, id_mengikuti) VALUES (59, 45);
INSERT INTO Teman (id_diikuti, id_mengikuti) VALUES (3, 45);
INSERT INTO Teman (id_diikuti, id_mengikuti) VALUES (62, 45);
INSERT INTO Teman (id_diikuti, id_mengikuti) VALUES (60, 46);
INSERT INTO Teman (id_diikuti, id_mengikuti) VALUES (9, 46);
INSERT INTO Teman (id_diikuti, id_mengikuti) VALUES (85, 46);
INSERT INTO Teman (id_diikuti, id_mengikuti) VALUES (84, 46);
INSERT INTO Teman (id_diikuti, id_mengikuti) VALUES (6, 46);
INSERT INTO Teman (id_diikuti, id_mengikuti) VALUES (64, 47);
INSERT INTO Teman (id_diikuti, id_mengikuti) VALUES (57, 47);
INSERT INTO Teman (id_diikuti, id_mengikuti) VALUES (13, 47);
INSERT INTO Teman (id_diikuti, id_mengikuti) VALUES (6, 47);
INSERT INTO Teman (id_diikuti, id_mengikuti) VALUES (83, 47);
INSERT INTO Teman (id_diikuti, id_mengikuti) VALUES (40, 47);
INSERT INTO Teman (id_diikuti, id_mengikuti) VALUES (61, 47);
INSERT INTO Teman (id_diikuti, id_mengikuti) VALUES (44, 47);
INSERT INTO Teman (id_diikuti, id_mengikuti) VALUES (78, 47);
INSERT INTO Teman (id_diikuti, id_mengikuti) VALUES (74, 48);
INSERT INTO Teman (id_diikuti, id_mengikuti) VALUES (46, 48);
INSERT INTO Teman (id_diikuti, id_mengikuti) VALUES (26, 48);
INSERT INTO Teman (id_diikuti, id_mengikuti) VALUES (6, 49);
INSERT INTO Teman (id_diikuti, id_mengikuti) VALUES (42, 49);
INSERT INTO Teman (id_diikuti, id_mengikuti) VALUES (69, 49);
INSERT INTO Teman (id_diikuti, id_mengikuti) VALUES (23, 49);
INSERT INTO Teman (id_diikuti, id_mengikuti) VALUES (79, 49);
INSERT INTO Teman (id_diikuti, id_mengikuti) VALUES (80, 49);
INSERT INTO Teman (id_diikuti, id_mengikuti) VALUES (1, 49);
INSERT INTO Teman (id_diikuti, id_mengikuti) VALUES (67, 49);
INSERT INTO Teman (id_diikuti, id_mengikuti) VALUES (46, 49);
INSERT INTO Teman (id_diikuti, id_mengikuti) VALUES (25, 49);
INSERT INTO Teman (id_diikuti, id_mengikuti) VALUES (78, 50);
INSERT INTO Teman (id_diikuti, id_mengikuti) VALUES (65, 50);
INSERT INTO Teman (id_diikuti, id_mengikuti) VALUES (32, 50);
INSERT INTO Teman (id_diikuti, id_mengikuti) VALUES (64, 50);
INSERT INTO Teman (id_diikuti, id_mengikuti) VALUES (19, 50);
INSERT INTO Teman (id_diikuti, id_mengikuti) VALUES (74, 51);
INSERT INTO Teman (id_diikuti, id_mengikuti) VALUES (11, 51);
INSERT INTO Teman (id_diikuti, id_mengikuti) VALUES (69, 51);
INSERT INTO Teman (id_diikuti, id_mengikuti) VALUES (3, 51);
INSERT INTO Teman (id_diikuti, id_mengikuti) VALUES (19, 51);
INSERT INTO Teman (id_diikuti, id_mengikuti) VALUES (72, 51);
INSERT INTO Teman (id_diikuti, id_mengikuti) VALUES (38, 51);
INSERT INTO Teman (id_diikuti, id_mengikuti) VALUES (5, 52);
INSERT INTO Teman (id_diikuti, id_mengikuti) VALUES (76, 52);
INSERT INTO Teman (id_diikuti, id_mengikuti) VALUES (83, 52);
INSERT INTO Teman (id_diikuti, id_mengikuti) VALUES (54, 53);
INSERT INTO Teman (id_diikuti, id_mengikuti) VALUES (64, 54);
INSERT INTO Teman (id_diikuti, id_mengikuti) VALUES (19, 54);
INSERT INTO Teman (id_diikuti, id_mengikuti) VALUES (83, 54);
INSERT INTO Teman (id_diikuti, id_mengikuti) VALUES (30, 54);
INSERT INTO Teman (id_diikuti, id_mengikuti) VALUES (9, 54);
INSERT INTO Teman (id_diikuti, id_mengikuti) VALUES (25, 54);
INSERT INTO Teman (id_diikuti, id_mengikuti) VALUES (27, 54);
INSERT INTO Teman (id_diikuti, id_mengikuti) VALUES (56, 54);
INSERT INTO Teman (id_diikuti, id_mengikuti) VALUES (36, 54);
INSERT INTO Teman (id_diikuti, id_mengikuti) VALUES (41, 55);
INSERT INTO Teman (id_diikuti, id_mengikuti) VALUES (40, 55);
INSERT INTO Teman (id_diikuti, id_mengikuti) VALUES (38, 55);
INSERT INTO Teman (id_diikuti, id_mengikuti) VALUES (13, 55);
INSERT INTO Teman (id_diikuti, id_mengikuti) VALUES (62, 55);
INSERT INTO Teman (id_diikuti, id_mengikuti) VALUES (39, 56);
INSERT INTO Teman (id_diikuti, id_mengikuti) VALUES (26, 56);
INSERT INTO Teman (id_diikuti, id_mengikuti) VALUES (43, 56);
INSERT INTO Teman (id_diikuti, id_mengikuti) VALUES (1, 56);
INSERT INTO Teman (id_diikuti, id_mengikuti) VALUES (48, 56);
INSERT INTO Teman (id_diikuti, id_mengikuti) VALUES (41, 56);
INSERT INTO Teman (id_diikuti, id_mengikuti) VALUES (51, 56);
INSERT INTO Teman (id_diikuti, id_mengikuti) VALUES (36, 57);
INSERT INTO Teman (id_diikuti, id_mengikuti) VALUES (1, 57);
INSERT INTO Teman (id_diikuti, id_mengikuti) VALUES (65, 57);
INSERT INTO Teman (id_diikuti, id_mengikuti) VALUES (9, 57);
INSERT INTO Teman (id_diikuti, id_mengikuti) VALUES (72, 57);
INSERT INTO Teman (id_diikuti, id_mengikuti) VALUES (27, 57);
INSERT INTO Teman (id_diikuti, id_mengikuti) VALUES (4, 57);
INSERT INTO Teman (id_diikuti, id_mengikuti) VALUES (80, 58);
INSERT INTO Teman (id_diikuti, id_mengikuti) VALUES (66, 58);
INSERT INTO Teman (id_diikuti, id_mengikuti) VALUES (73, 59);
INSERT INTO Teman (id_diikuti, id_mengikuti) VALUES (65, 59);
INSERT INTO Teman (id_diikuti, id_mengikuti) VALUES (36, 59);
INSERT INTO Teman (id_diikuti, id_mengikuti) VALUES (39, 59);
INSERT INTO Teman (id_diikuti, id_mengikuti) VALUES (26, 59);
INSERT INTO Teman (id_diikuti, id_mengikuti) VALUES (69, 59);
INSERT INTO Teman (id_diikuti, id_mengikuti) VALUES (67, 59);
INSERT INTO Teman (id_diikuti, id_mengikuti) VALUES (34, 59);
INSERT INTO Teman (id_diikuti, id_mengikuti) VALUES (4, 60);
INSERT INTO Teman (id_diikuti, id_mengikuti) VALUES (68, 60);
INSERT INTO Teman (id_diikuti, id_mengikuti) VALUES (57, 60);
INSERT INTO Teman (id_diikuti, id_mengikuti) VALUES (15, 60);
INSERT INTO Teman (id_diikuti, id_mengikuti) VALUES (26, 60);
INSERT INTO Teman (id_diikuti, id_mengikuti) VALUES (67, 60);
INSERT INTO Teman (id_diikuti, id_mengikuti) VALUES (22, 60);
INSERT INTO Teman (id_diikuti, id_mengikuti) VALUES (74, 60);
INSERT INTO Teman (id_diikuti, id_mengikuti) VALUES (10, 60);
INSERT INTO Teman (id_diikuti, id_mengikuti) VALUES (61, 60);
INSERT INTO Teman (id_diikuti, id_mengikuti) VALUES (73, 61);
INSERT INTO Teman (id_diikuti, id_mengikuti) VALUES (21, 61);
INSERT INTO Teman (id_diikuti, id_mengikuti) VALUES (31, 61);
INSERT INTO Teman (id_diikuti, id_mengikuti) VALUES (59, 61);
INSERT INTO Teman (id_diikuti, id_mengikuti) VALUES (8, 61);
INSERT INTO Teman (id_diikuti, id_mengikuti) VALUES (26, 61);
INSERT INTO Teman (id_diikuti, id_mengikuti) VALUES (84, 61);
INSERT INTO Teman (id_diikuti, id_mengikuti) VALUES (20, 61);
INSERT INTO Teman (id_diikuti, id_mengikuti) VALUES (6, 61);
INSERT INTO Teman (id_diikuti, id_mengikuti) VALUES (70, 61);
INSERT INTO Teman (id_diikuti, id_mengikuti) VALUES (19, 62);
INSERT INTO Teman (id_diikuti, id_mengikuti) VALUES (67, 62);
INSERT INTO Teman (id_diikuti, id_mengikuti) VALUES (22, 62);
INSERT INTO Teman (id_diikuti, id_mengikuti) VALUES (5, 62);
INSERT INTO Teman (id_diikuti, id_mengikuti) VALUES (75, 63);
INSERT INTO Teman (id_diikuti, id_mengikuti) VALUES (17, 63);
INSERT INTO Teman (id_diikuti, id_mengikuti) VALUES (62, 63);
INSERT INTO Teman (id_diikuti, id_mengikuti) VALUES (55, 63);
INSERT INTO Teman (id_diikuti, id_mengikuti) VALUES (22, 63);
INSERT INTO Teman (id_diikuti, id_mengikuti) VALUES (66, 63);
INSERT INTO Teman (id_diikuti, id_mengikuti) VALUES (14, 64);
INSERT INTO Teman (id_diikuti, id_mengikuti) VALUES (9, 64);
INSERT INTO Teman (id_diikuti, id_mengikuti) VALUES (2, 64);
INSERT INTO Teman (id_diikuti, id_mengikuti) VALUES (18, 64);
INSERT INTO Teman (id_diikuti, id_mengikuti) VALUES (13, 64);
INSERT INTO Teman (id_diikuti, id_mengikuti) VALUES (4, 64);
INSERT INTO Teman (id_diikuti, id_mengikuti) VALUES (78, 64);
INSERT INTO Teman (id_diikuti, id_mengikuti) VALUES (85, 64);
INSERT INTO Teman (id_diikuti, id_mengikuti) VALUES (69, 65);
INSERT INTO Teman (id_diikuti, id_mengikuti) VALUES (32, 65);
INSERT INTO Teman (id_diikuti, id_mengikuti) VALUES (83, 65);
INSERT INTO Teman (id_diikuti, id_mengikuti) VALUES (26, 65);
INSERT INTO Teman (id_diikuti, id_mengikuti) VALUES (82, 65);
INSERT INTO Teman (id_diikuti, id_mengikuti) VALUES (84, 65);
INSERT INTO Teman (id_diikuti, id_mengikuti) VALUES (14, 65);
INSERT INTO Teman (id_diikuti, id_mengikuti) VALUES (4, 65);
INSERT INTO Teman (id_diikuti, id_mengikuti) VALUES (62, 66);
INSERT INTO Teman (id_diikuti, id_mengikuti) VALUES (31, 66);
INSERT INTO Teman (id_diikuti, id_mengikuti) VALUES (54, 66);
INSERT INTO Teman (id_diikuti, id_mengikuti) VALUES (39, 66);
INSERT INTO Teman (id_diikuti, id_mengikuti) VALUES (74, 66);
INSERT INTO Teman (id_diikuti, id_mengikuti) VALUES (53, 66);
INSERT INTO Teman (id_diikuti, id_mengikuti) VALUES (70, 66);
INSERT INTO Teman (id_diikuti, id_mengikuti) VALUES (11, 66);
INSERT INTO Teman (id_diikuti, id_mengikuti) VALUES (48, 66);
INSERT INTO Teman (id_diikuti, id_mengikuti) VALUES (63, 67);
INSERT INTO Teman (id_diikuti, id_mengikuti) VALUES (78, 67);
INSERT INTO Teman (id_diikuti, id_mengikuti) VALUES (75, 69);
INSERT INTO Teman (id_diikuti, id_mengikuti) VALUES (65, 69);
INSERT INTO Teman (id_diikuti, id_mengikuti) VALUES (12, 69);
INSERT INTO Teman (id_diikuti, id_mengikuti) VALUES (39, 69);
INSERT INTO Teman (id_diikuti, id_mengikuti) VALUES (43, 70);
INSERT INTO Teman (id_diikuti, id_mengikuti) VALUES (76, 70);
INSERT INTO Teman (id_diikuti, id_mengikuti) VALUES (72, 70);
INSERT INTO Teman (id_diikuti, id_mengikuti) VALUES (13, 70);
INSERT INTO Teman (id_diikuti, id_mengikuti) VALUES (3, 70);
INSERT INTO Teman (id_diikuti, id_mengikuti) VALUES (44, 70);
INSERT INTO Teman (id_diikuti, id_mengikuti) VALUES (47, 70);
INSERT INTO Teman (id_diikuti, id_mengikuti) VALUES (47, 71);
INSERT INTO Teman (id_diikuti, id_mengikuti) VALUES (55, 71);
INSERT INTO Teman (id_diikuti, id_mengikuti) VALUES (58, 71);
INSERT INTO Teman (id_diikuti, id_mengikuti) VALUES (80, 71);
INSERT INTO Teman (id_diikuti, id_mengikuti) VALUES (6, 71);
INSERT INTO Teman (id_diikuti, id_mengikuti) VALUES (16, 71);
INSERT INTO Teman (id_diikuti, id_mengikuti) VALUES (57, 71);
INSERT INTO Teman (id_diikuti, id_mengikuti) VALUES (18, 71);
INSERT INTO Teman (id_diikuti, id_mengikuti) VALUES (69, 72);
INSERT INTO Teman (id_diikuti, id_mengikuti) VALUES (40, 72);
INSERT INTO Teman (id_diikuti, id_mengikuti) VALUES (52, 72);
INSERT INTO Teman (id_diikuti, id_mengikuti) VALUES (82, 72);
INSERT INTO Teman (id_diikuti, id_mengikuti) VALUES (13, 73);
INSERT INTO Teman (id_diikuti, id_mengikuti) VALUES (21, 73);
INSERT INTO Teman (id_diikuti, id_mengikuti) VALUES (80, 73);
INSERT INTO Teman (id_diikuti, id_mengikuti) VALUES (30, 73);
INSERT INTO Teman (id_diikuti, id_mengikuti) VALUES (25, 73);
INSERT INTO Teman (id_diikuti, id_mengikuti) VALUES (19, 73);
INSERT INTO Teman (id_diikuti, id_mengikuti) VALUES (78, 73);
INSERT INTO Teman (id_diikuti, id_mengikuti) VALUES (60, 73);
INSERT INTO Teman (id_diikuti, id_mengikuti) VALUES (16, 73);
INSERT INTO Teman (id_diikuti, id_mengikuti) VALUES (53, 73);
INSERT INTO Teman (id_diikuti, id_mengikuti) VALUES (55, 74);
INSERT INTO Teman (id_diikuti, id_mengikuti) VALUES (56, 74);
INSERT INTO Teman (id_diikuti, id_mengikuti) VALUES (48, 74);
INSERT INTO Teman (id_diikuti, id_mengikuti) VALUES (57, 74);
INSERT INTO Teman (id_diikuti, id_mengikuti) VALUES (82, 74);
INSERT INTO Teman (id_diikuti, id_mengikuti) VALUES (3, 74);
INSERT INTO Teman (id_diikuti, id_mengikuti) VALUES (4, 75);
INSERT INTO Teman (id_diikuti, id_mengikuti) VALUES (53, 76);
INSERT INTO Teman (id_diikuti, id_mengikuti) VALUES (75, 76);
INSERT INTO Teman (id_diikuti, id_mengikuti) VALUES (26, 77);
INSERT INTO Teman (id_diikuti, id_mengikuti) VALUES (62, 79);
INSERT INTO Teman (id_diikuti, id_mengikuti) VALUES (4, 80);
INSERT INTO Teman (id_diikuti, id_mengikuti) VALUES (50, 80);
INSERT INTO Teman (id_diikuti, id_mengikuti) VALUES (40, 80);
INSERT INTO Teman (id_diikuti, id_mengikuti) VALUES (5, 80);
INSERT INTO Teman (id_diikuti, id_mengikuti) VALUES (54, 80);
INSERT INTO Teman (id_diikuti, id_mengikuti) VALUES (37, 80);
INSERT INTO Teman (id_diikuti, id_mengikuti) VALUES (33, 81);
INSERT INTO Teman (id_diikuti, id_mengikuti) VALUES (25, 82);
INSERT INTO Teman (id_diikuti, id_mengikuti) VALUES (62, 82);
INSERT INTO Teman (id_diikuti, id_mengikuti) VALUES (5, 82);
INSERT INTO Teman (id_diikuti, id_mengikuti) VALUES (61, 82);
INSERT INTO Teman (id_diikuti, id_mengikuti) VALUES (64, 82);
INSERT INTO Teman (id_diikuti, id_mengikuti) VALUES (34, 82);
INSERT INTO Teman (id_diikuti, id_mengikuti) VALUES (53, 83);
INSERT INTO Teman (id_diikuti, id_mengikuti) VALUES (3, 83);
INSERT INTO Teman (id_diikuti, id_mengikuti) VALUES (35, 83);
INSERT INTO Teman (id_diikuti, id_mengikuti) VALUES (71, 84);
INSERT INTO Teman (id_diikuti, id_mengikuti) VALUES (61, 84);
INSERT INTO Teman (id_diikuti, id_mengikuti) VALUES (53, 84);
INSERT INTO Teman (id_diikuti, id_mengikuti) VALUES (7, 84);
INSERT INTO Teman (id_diikuti, id_mengikuti) VALUES (49, 84);
INSERT INTO Teman (id_diikuti, id_mengikuti) VALUES (37, 84);
INSERT INTO Teman (id_diikuti, id_mengikuti) VALUES (23, 84);
INSERT INTO Teman (id_diikuti, id_mengikuti) VALUES (65, 85);
INSERT INTO Teman (id_diikuti, id_mengikuti) VALUES (78, 85);
INSERT INTO Teman (id_diikuti, id_mengikuti) VALUES (42, 85);
INSERT INTO Teman (id_diikuti, id_mengikuti) VALUES (77, 85);
